	A091170	A091180	A099140	A102970	A132030	A133690	A139220	A139230	A139260	A139280	A139290	A143860	A147970	A148070	A157490	A182480	A185680	A195970	A195980	A200030	A203780	A218420	A227550	A228790	A228800	A232080	A245710	A251350	A256440	A261220	A266410	A273130	A276000	A276970	A276990	A278530	A280930	A283580	A294400	A304660	A304940	A305080	A305540	A305720	A308620	A309230	A329200	A329750	A332620	A352560	A357870	A360750	A371160	A371470	A379800	A379810	A385510	A385560	A390390	A394660	A394670	A396500	A396510	A399580	A402970	A409810	A411060	A414270	A414780	A418670	A419420	A419430	A426020	A426030	A430500	A434060	A437080	A438330	A441800	A446720	A446770	A448290	A448300	A449450	A452360	A453630	A453640	A453650	A453660	A453850	A453870	A455030	A455660	A455890	A456610	A456880	A458730	A458760	A459580	A461490	A463640	A463680	A463690	A464470	A464930	A468370	A468380	A473330	A474220	A476760	A477080	A498400
2021-09-30	5926.861807971678	18849.64194591955	16717.19776597693	6543.365500824025	11693.553744735396	77159.80418726729	3172.9496429225414	3258.34255020448	33690.116462186415	11042.117499847403	15819.243362021607	42195.26271134713	23904.367576146004	106880.77238600989	15831.249404870903	12249.148751754868	32927.06158823171	12094.037416834524	12021.41433192944	20825.735213330892	22082.133064762253	7317.118659586156	6637.573521333089	3156.0112311542453	5638.856863822255	14769.141182933528	21907.98284807422	19355.603857657326	8380.432216321797	11394.065799914546	8227.921687114693	106843.26008667522	13063.101568699261	7541.739425013734	18458.06109992065	13209.830006714277	14620.35530733077	13362.130073857046	47980.43368125496	12327.595678447171	18829.585729109443	12035.927058536288	23466.72337178783	23303.66062381737	11712.293108710248	17136.385826771653	4157.014649331624	9565.418360495636	97086.05646096563	12098.297076237563	50369.11499725325	12332.351278764572	7985.688396508576	11588.748702923762	11141.403711164012	11464.966611731674	12281.603430385156	83761.61087712873	10272.131782945737	10522.27693340658	10911.458340963194	8368.399072208997	10332.55453824086																																																	
2021-10-31	6020.864961371509	19212.781255081387	17163.12108082768	6619.6539256480355	12092.569291263768	79672.30998031146	3010.5424517435654	3371.199063013913	33033.58707824018	10304.209671158716	16095.082876701732	37397.20176500294	22621.31402070859	104499.16125607876	16812.586023920634	12942.773985273529	31955.857481007213	12350.22603235827	12201.44212231697	21245.698596498194	21206.22289291306	7941.573862374827	5947.157309592021	3144.1884441576185	5363.4121357728045	14510.832557917436	22747.997837131727	19771.51293874596	9266.874459240571	12673.954990661465	8045.285102673606	105187.10423499871	13911.520088488296	7651.256808750361	18630.738474028854	12880.726136798705	14820.199391112337	13507.951195028256	46788.394060823295	12441.411404805422	19637.240025777865	11814.568321063132	22508.822057084857	22359.362763601282	11456.621597819336	17252.73897055231	4262.485792200254	9444.569798299759	96730.99340445478	12844.224137006004	50405.550876841015	12663.229601614903	8275.54770795076	10901.639810002833	11440.47535595315	11834.177726724904	11647.26196587508	78458.93044145055	10420.984997064339	11067.508200283455	11940.58054260474	8258.447060379718	11039.527884669664	10170.83464566929	8481.787401574804																																															
2021-11-30	5681.2974342977905	17479.714630551636	16281.012223749418	6246.33141342495	12076.090754167864	84674.9847973132	2786.7956341606264	2909.4330938337	33791.364583870665	9813.059128334444	14428.219087382047	36056.138676453054	21201.84021790362	106875.12076643974	16827.719862123973	13137.820472186562	30557.17554470479	11897.569182688243	11697.394741402179	21601.353531050347	20908.934620433545	7716.517845767465	5353.2400980370785	2663.953418299781	4296.164922335657	14678.320107896938	23545.177211999377	20018.308481100306	9244.647565334906	11109.730759609934	7405.338645287777	106386.703516985	13497.02590740206	7583.70849400921	19219.407882866493	12471.411607438597	14598.153225707862	13559.100018012809	45345.5494101987	12707.661593296863	20533.702204284673	12118.193667785721	23759.435786443246	23129.426706400576	11719.530248790168	17325.964189705603	4195.936476823281	9613.583007233094	96795.800822018	12780.089926534685	50456.91285051128	13073.497001941108	7909.231875788619	11119.044667158081	11806.58783089527	12567.025692982132	11627.044225516787	82496.14577816258	12070.983705278635	11737.483030201958	12566.28640689386	8885.835285770192	10508.260733253452	9942.112985145512	8621.563765258647																																															
2021-12-31	5910.556505989416	18851.871291092546	15589.307464364105	6745.44436701093	12112.036394379318	85454.49110769863	2852.1490573395813	3042.7431977827773	36060.6271119987	9982.140934481413	15692.13832359769	36719.38544896571	22480.15463825231	107321.57688024538	16584.78824728009	13755.492031531447	29648.1984084071	12356.88255323629	11707.97688541287	21902.8868511566	20581.28803084722	7796.4825955671895	5875.964907941841	2750.603932607989	4632.2843375599205	15224.191937284495	23061.89918474608	20584.569812132948	9185.652837192432	11848.03497308034	7645.836992821371	106726.78819720828	14101.662157780149	7808.149981429218	19834.054825164767	13114.356172421361	14498.778141773517	13806.588770413404	47656.42388714538	12569.88399807491	20741.495410371354	12091.486765430847	22879.22513638396	21905.80838475864	11710.047176249087	17833.13079237084	4282.326929315681	9594.604735036613	98624.19813389798	13539.880924484713	50504.3957359583	13485.321215271235	7145.319247539491	9843.550935517469	12180.525270363767	12701.610370642113	11664.080379735047	82434.02158144611	12309.354382987905	11595.40162622524	11383.622902223207	10006.61304922945	10121.50584680098	8912.137945678945	9010.080730811063	9863.342565041581	10106.68376068376																																													
2022-01-31	5920.452810818201	16813.956210967342	16167.831394488778	6159.040028995863	12167.395297085184	74372.02969788657	2563.158579968507	2678.3054015571574	32632.056254984964	8721.589240208563	14326.13268960793	29803.0608142714	21007.82357707466	104282.65871961295	13353.61389616799	12573.025125972777	23251.41637153474	11589.66855991607	11419.540784813771	21034.134414564945	17533.617971694977	9258.488837702365	5317.2401141785695	2427.2533212699245	4170.665004047716	12514.456759635865	23294.03285493773	19205.39231259328	9331.873372700536	13562.125618967984	7064.660171353333	105125.07724646396	14754.06578508583	7567.599998617155	17187.1551838444	11876.413182598279	12692.770287302152	13204.32562788846	43176.85475485219	12105.345306285857	17813.268616195117	11915.950528609052	19147.298896050583	18715.37405186499	11588.329474494149	17042.86087525443	4122.77264149373	9702.987358669981	94670.98046989263	12243.072278862881	50549.39649524282	12423.78373272058	7121.522498435256	8543.250251341758	11224.170830273886	11045.965460405703	9393.732188301448	77528.07319357069	10555.23666511	10542.07156315005	10371.669109938528	9155.702931035088	9515.047791963432	7643.752502572961	8742.874953346949	11389.32269417367	10269.455272410869		9566.457142857143																																											
2022-02-28	6191.957135974162	16206.556072068066	15586.981238675668	6405.8640252686655	12843.10757597083	72275.14022457007	2748.4829107611845	2977.1306469169676	32154.474529480955	9080.536356312714	14035.658558398016	29940.11044334722	21700.571360868747	103846.54041541566	12997.89594121512	12422.90475473452	23412.666097321973	11193.705187486878	11165.922525561466	20261.612354791316	17226.766626808057	9575.110944705344	5798.610432587106	2875.7911653645374	4737.217394504562	12426.730546786344	23327.43673337118	18976.746064728977	9615.468638890734	15210.37854051826	7489.013327255903	104771.1253779497	15425.904850257053	7351.078989410395	16570.86211072992	11975.633779194575	12801.478682595396	13032.444989492904	43610.17479650404	11823.678227788187	17363.28903300711	11811.584842493166	18420.537995524963	17888.386300560196	11496.147954290293	16880.345725482464	4265.209052172247	9671.56172938293	89645.21646873653	12017.022163666836	50606.1054817066	12205.610442290239	6717.570730295175	8458.836945534711	11021.174168284722	10743.910907613603	9838.327208451035	75420.94174985196	10441.755024859105	10286.102813993695	10168.261183430137	8927.46693688557	9859.147461119812	7901.31321240426	8593.791541576207	11525.875241556907	10677.183244534577	10004.364613880743	9383.27174534767	10280.451612903225																																										
2022-03-31	6380.1492318902665	16188.950554159199	14702.741298189754	6497.184974128735	12946.835454038417	79942.19816882144	2979.2199203886557	3049.623121323894	32214.617096650378	9373.580640094926	14051.496311501769	31723.358406119558	23351.61367729729	101789.64008500119	13921.84207577512	13443.211090996148	24297.896162350702	11574.100916245074	10865.413566075575	22125.35575466745	18640.15261495906	10862.662248664354	6183.5373085071715	2749.0593875842883	4972.832839592645	13201.284973492882	23122.28387519681	20390.08335578254	10237.927516207046	17198.26298254897	7268.056852347053	103412.04792553204	16958.749543621467	7738.351891555304	17052.693789416364	12139.975018803492	13623.964533080427	12094.307157728666	44170.82844504109	11196.150054301372	18984.321375507847	11529.00319937937	19737.667876976964	19103.174368565702	11223.750680517174	17964.51429049765	4420.694609741713	9779.065226345887	87889.14487133811	12949.222212802011	50662.18066220545	13295.843194298955	6019.6755860189105	8315.511181753609	12013.310771071514	11881.453162627653	10648.24039808617	71931.01537558639	11245.508405091774	10888.861764956862	10508.317925577729	9183.169761403531	9482.432725976687	9198.929013878447	9161.172873397609	10478.883803308125	10922.467788306829	10304.718458966221	8438.319519649383	11444.961319848318	10453.003921568628	9729.56862745098																																								
2022-04-30	6230.6398554559855	16845.135571933057	14159.659405108117	6224.161205856788	12765.233726423003	73354.08207569036	2889.6532274341203	3147.6806920161825	30823.04039936881	9501.414077558822	14481.417213199764	30473.599011115268	23346.868086630668	99809.64315969471	12085.170152112043	13414.416103463693	21306.104990432817	10669.542844343621	10058.26151152304	21507.23883168972	17892.779082371053	11206.263233500598	6119.610830563215	2933.223042039579	4750.887592712803	12538.091128962027	22462.048909799516	19562.150941888503	10987.926075900801	17110.691773063176	7570.9621739658605	101928.61231615444	16206.20351970174	7863.3883134612515	15268.323215338607	11727.082381236562	12440.972366316095	11306.907046941356	42712.565815843795	10328.805516314533	16779.111908112227	11654.52282095108	20207.743782838763	19600.749624335465	11340.474394202556	17507.947651631493	4662.9333842728665	10145.11261227857	84322.5423403477	12879.820366011721	50743.13717755349	12779.506333276364	5724.737472379487	7276.4301893764405	11549.699469237696	10890.971391893941	10389.317603702735	65790.03639126557	9944.521474603847	9840.948155814058	9317.466403159106	8584.164011559373	8240.578318325388	8602.038643803127	9234.057807527959	11748.177787725355	11161.143928750891	8700.823987826565	7055.585933837661	11368.6044645125	8884.20738214293	8250.442971606633																																								
2022-05-31	6289.001606292655	16895.549151962077	14471.505459146216	6077.05685194073	12407.485618702758	68391.25436882119	2759.155440641988	3018.1879237559756	30082.763386268805	9188.398068625487	14542.334100445372	29937.234398173816	23221.9796294537	99635.41492397459	11740.22992094524	11937.95656224065	19310.936127235884	10793.610399028228	9987.302898531681	20571.703208560386	17225.11061276392	12955.059705382935	6470.043275170722	2565.749052630921	4555.8612455785715	12623.435207887234	20604.779763245064	18942.545706820936	10070.205456698453	19524.407575460325	7121.991071683013	101997.57182055106	17036.346044637452	7535.448406404645	14959.68588272248	11778.956862488929	12145.380319105323	11309.710306600116	42680.867244036584	10072.230893996008	15835.420793586687	11543.974475633058	20768.952755805865	19884.364684939206	11247.330735432814	16862.177352403472	4588.9152998606605	10032.849359566026	83796.46194245451	11883.434534464057	50803.2123490034	12241.713849309126	5859.842537277924	6842.035979952902	11067.613369798408	10154.852841363616	10685.064051779558	66511.74577857798	9976.51758171152	9895.729139303283	10365.100863679125	8352.672385293965	9114.943565644417	8871.699920195886	9217.298544434456	12346.824158753294	10778.888516971554	8735.477890884395	7585.747038643805	9954.027053644402	9142.352801421825	9284.276018353927	10042.654988250373	10068.112643818476	95839.0																																					
2022-06-30	5149.647056581121	15655.963707493927	16192.041796212634	5188.875101143696	12158.458031163806	66075.38133931576	2403.734783320847	3000.806844890522	26337.57791973437	8805.357511900012	13486.649547895528	28192.95338176193	20457.651759128217	96673.95867387287	9987.956510763093	11016.693995434343	21178.502322136046	9879.188827143096	9579.269704153918	19766.754485800942	17835.88136206685	11157.172904071527	5840.476494830394	2149.9341685762906	3795.511771069761	10788.94940799256	20261.2564742849	18173.734397454937	9964.752997594314	18776.202477843835	6613.30754088504	99516.36488110716	14751.739099832577	7118.233844231039	14028.906883893855	10396.294630963195	11138.663421039886	13032.993923864657	37764.330111377	9671.76641676988	14586.982013150018	11788.662752127148	18381.837047531848	17909.410166134534	11499.59108288835	16329.553447892526	4138.091291346836	10443.798283433303	83047.74634786791	10994.157852587256	50876.43143006549	11802.549409593437	6883.30881866697	8306.804427181225	10668.475883115167	9809.980101445046	10285.884572090199	60140.80139135912	8951.531616704542	9211.820811967029	10736.81620035254	7001.078914329896	10404.681216186109	8919.34449834816	8830.72570257048	13211.305944275053	10983.117827309148	9878.907721975222	8619.185545680084	9893.55624296861	9012.505465843966	12134.004139209765	9564.715785637285	9529.872213455408	96543.13660532789	9455.0																																				
2022-07-31	4984.484478305367	16923.256981832365	15000.819514294526	5306.38715213542	11639.791894177451	72068.263525191	2392.0937641786495	2877.8872279199813	27589.51919630905	9119.933955363042	14256.702664685034	30430.068211056416	20210.854784322626	100884.32237050947	10241.025760153061	11748.465281340597	23481.21409821621	10058.961708635725	9466.370093951084	21109.22757232403	18878.263486805612	11348.974031053975	5898.561062086341	2233.705794779858	3733.473402267347	11512.474783873276	19905.327305916057	19261.040322177123	9988.106191040515	17076.23280582546	6771.055791524668	101994.48885982746	14419.682209367322	7383.753706089899	15232.125865891878	10765.553165099445	11942.36469157382	12302.307696816408	39164.79574409967	10023.553136237344	15844.1643381033	12174.54134209764	18562.897564333463	18376.590254025537	11844.98994950823	17416.025556828237	3937.5126324135263	10500.010243796483	87007.61754977528	11713.91373021977	50956.14112731525	12568.262959265427	6282.356224684152	8054.687901403631	11371.85216831011	10699.16455458646	10397.90829033116	67376.48234787054	10019.029019132431	9812.70734110871	10704.040900142765	7260.87630704828	10609.15886291562	9762.335730240105	9067.951693880892	12120.216019776319	10557.548927363314	9995.29939504038	8498.919392197393	10056.62167432606	10032.989852192624	11376.154152872152	10170.914954049962	10369.640987335308	98101.56591708057	9911.421544652354																																				
2022-08-31	4996.457357998962	16788.406737150428	15081.854210810547	5193.24887499503	11486.816408822988	73589.23394638623	2709.9948542341626	3305.3801057069845	27243.018201236533	8903.65434120511	14120.158001351992	29582.760651127865	21530.24068852777	96748.85581238804	10039.765477663459	11505.034560314485	24650.46550422051	9788.669679632594	9478.687780945324	22241.517951304333	19176.98839384639	12839.8329589305	6168.661990537897	2177.4635361923683	4002.533292167998	11468.741730326363	21358.312995035005	19534.266034374312	10815.697435642765	16652.256433065606	6631.810873998593	99640.31647193167	15519.705464525749	7195.5989057430525	15223.855066806285	10724.600252044955	12124.626571026967	12089.3721273679	39087.699817370354	9646.599102867398	15651.077436009487	12196.795937667213	19732.084897493736	19776.26525416142	11864.362072465407	17823.149331575765	4019.8715781003552	10837.691630604326	86523.74459925116	11409.166487434799	51076.14324787643	12952.916133943309	6192.0843418493805	7831.164824649787	11707.005215609592	10929.452123204363	11864.852446295808	59593.151723023024	9873.787707097297	10439.471276928743	11416.651286373353	6984.7133652869	10216.613261260714	10803.338996967252	9403.906132209704	12173.488625339513	10728.918349158508	10239.175982546662	8159.1996605204085	11047.705460935038	11469.935645101035	10634.612418688333	10621.692199925174	10714.42768326783	97555.35217012546	10009.083694796936	91069.73099870299	97639.50393700787																																		
2022-09-30	4484.039209802015	15044.125422865618	14072.808915952883	4481.6995298851725	10951.788968864832	70663.4913599338	2335.235440249304	2700.807622318369	24036.8530054266	8244.832306532231	12988.08032527733	25490.040093193675	19295.719591370285	93400.84497628766	8452.325567021826	9781.960963282167	24508.42001959372	8668.689066571884	8293.095425308018	21151.419645803406	19661.976793278118	11916.827001412352	5288.25782552909	1906.1845287928927	3640.227729352276	9750.15374349759	20219.809680283543	18753.22112776378	11594.085734078822	14342.48986936229	6313.747461138605	97105.91298133513	13675.940510468925	6520.29728851214	14136.303304534022	9499.83286819482	10805.253075243541	11648.12678372586	34525.17046232206	8874.278742407896	14022.341327741085	12438.259651943146	16521.894414029026	17192.739502206092	12090.242863046715	17040.537330769854	3753.986561652735	11584.228737537032	83381.67029356441	9778.998914877404	51184.647828238725	12553.861266056188	5434.015333256094	7132.058535733056	11348.348503117766	10489.92628140652	10117.806979038665	54490.10143008396	9078.68787459155	9658.189473601606	10825.079115535056	6079.894654954305	9627.461072552931	9998.160788859364	9232.261653810627	13491.617902268052	10851.14538566432	9430.90358750914	7708.143693160687	10498.070817666494	10973.617981849333	9526.221289265079	10195.331510250282	10190.584416797336	96109.39935145585	9678.005279620833	86513.71926180027	96671.55935568034	7035.866666666667																																	
2022-10-31	4679.777628019733	14649.145891428801	11996.854573839028	4534.2582277289	10914.143312051714	70790.71370027802	2473.9198803623967	2603.793010344739	26707.31869097329	8384.100574173557	12514.038913880015	26720.335706787286	20555.05057472151	93094.18484276767	8043.381220484862	10094.507110521246	25426.990019645727	9180.820897462972	7988.563776198245	23061.704180564204	20917.088256791674	14647.44961133385	5658.563992038394	1718.60584675699	3304.7778267435633	10132.723503406036	16553.668819064485	19704.12587398744	11442.49947755	15746.217627506006	6069.66329526417	96530.56949026676	15124.892974740049	6912.935167879655	14733.542111021623	9977.922944703805	11657.30457926383	10601.148582700316	36235.903835621764	8317.029236371502	14113.129557306915	12264.552782553963	19623.978259838892	21137.064475516323	11883.540308461881	17659.38356120554	3205.287118886112	11519.049313027836	79685.60325559672	9847.986614225225	51298.57853250089	13086.504159662754	4467.449033766428	7329.4096280260765	11838.204718300825	10509.625730373918	10933.999242414435	52127.72884769712	8947.58170831275	9744.291046503971	10708.894975813131	6640.638974942503	9404.5631665441	9556.841253587321	9904.481838725384	13282.542975650602	10904.415495196125	8778.056628997016	7894.9332774041995	10704.071785108219	10484.132008777584	8618.535816614702	10533.851330435773	10228.91700283893	95888.65751151915	9883.674240122375	85732.82512611248	96282.95891296264	7327.427503755987																																	
2022-11-30	5224.224546856314	14840.643903767083	13504.62068411221	5162.1175268312045	11556.302717481449	67305.26919524996	2736.626505594225	2958.667225549939	27969.059482412027	8748.36874940409	12814.56664563153	26764.969660600593	21338.703034412996	97763.11493782635	8964.38663825541	10586.826212765482	23151.22822689772	10207.537218051171	8882.617763653701	23091.55836026768	20425.957949897827	13996.992248880772	6112.813524857519	2052.8601192488304	3697.65861410566	10479.61913507545	15479.349032799917	19351.858071595638	10706.100762247916	14313.01753073159	6776.716094413589	98551.08155001866	16113.69719073605	7426.186554893295	14908.458810697106	10675.271026592956	11773.087555481095	10763.25756505694	38800.38657806011	8824.810981042203	14358.959575445548	11608.80578054256	20410.289487118305	21957.1358990823	11324.673285851552	17358.187017055407	3411.985491821079	10732.799422275857	81462.03906145174	10313.437360998778	51450.59929408516	12614.411510826149	5225.367903339633	7352.286678411872	11416.716043759518	10006.77170529979	11832.08662033063	57572.621049816335	9603.564260144642	9536.218143770944	9891.938106750244	7032.1180512044375	8684.020899906915	9747.206166944803	9828.314876432858	12981.056407104248	10777.356933215975	8499.95486666122	7367.040207846946	9154.789614217707	9873.853179724694	8178.064756044344	9969.34733482631	9629.021555642368	98441.63104621352	9893.358284157333	88436.40046735409	96808.19147991155	7642.510972124944	8896.803174603174	9896.396092796092	9691.466666666667	9691.666666666666																													
2022-12-31	5191.499165642045	13904.953238317445	14148.104619798985	5096.693409498943	11873.342273379669	60183.92793954334	2426.472842038396	2814.267762025464	25325.300410299053	8831.06198090017	12473.50464943249	26434.140014633973	20672.95180163528	97466.25472265002	8688.940355962104	10162.783450997455	21925.05240975772	10111.357595223053	8904.995145138628	21639.871423987563	19209.143366793607	12778.540845867275	5715.394635588419	2296.120917253551	4097.188773469265	9945.723100003783	15533.498860048787	18008.96809094337	9867.848384905225	14388.444439419523	7153.637259824798	99906.05150369718	15965.208295200915	7321.393836587216	13759.972745637326	10040.341339240564	11103.074672740724	10777.71988213423	36512.213971799174	8686.134514718524	13337.38074920634	11102.316646483316	16985.163403649087	18083.916875427196	10780.702708088535	16104.198392003545	3534.1178102424105	10310.928488158905	77016.87519456819	9983.956814020807	51618.50844411817	11593.286119657283	5748.950941738082	7136.127103465404	10513.101249559422	8949.277158628323	10276.074478190718	58326.07668858578	8556.065110952502	8135.787039860794	8419.703333348325	6418.671530779863	8043.1979513268	9148.871452429852	9217.16995969528	13883.262603786663	10733.200288942782	7582.968400933679	7035.491442699531	7984.60981120568	7862.450531412687	7976.807154686335	9105.363786386173	8618.911225329188	98755.10338384201	9391.107781104223	88333.4384209635	97942.65420493673	7430.319105391965	8358.351242862565	8787.176250040668	9260.894067552508	9016.865428682131																													
2023-01-31	5955.536898135343	15034.474182084312	15254.963374237652	5592.871946996125	12586.594889013551	64298.79124062342	2707.2346310356543	2890.3359186818716	28349.289916325008	8716.707311689359	13272.232701782847	25978.4685803795	20812.181846572686	100991.23888326142	9613.159468593938	11086.649251731349	23538.25140481225	10789.75964675674	9587.863067622322	21523.88228881018	19500.434373992317	12901.83204034886	6013.029641527783	2431.7676078042196	4292.632281483434	10405.91517898855	17000.71680879484	18674.070571868982	10016.14992890204	14355.049751705588	7176.059161793957	103043.21992020751	16779.334138115213	7353.280454057538	15181.2732743957	10922.468748418178	12041.5285139796	11681.350794525035	39705.201298917746	9138.268953451647	14661.644444828748	10976.050196949622	19171.61190430012	20368.804819027784	10646.237245276174	17220.5485164627	3690.50515853673	10035.553624084938	79126.62337195892	10764.443898159803	51776.75575114102	11883.143157278175	6155.609677267973	7932.310939910034	10759.647107220888	9566.095314290198	10663.248161386946	63633.973524166766	9714.596107545005	9281.64207724289	9684.604952529271	7247.45374838975	8846.265281866028	9125.153882857754	8994.305538339577	12606.742423307995	10980.89285678891	8690.212305038835	7536.890130511706	8300.47733365041	8740.341372919589	8919.123775298267	9447.726475108897	9230.502552901482	100630.96919832553	9730.655837161808	90606.35547775117	100251.61223187848	7877.027336424928	8141.55134902119	10366.611494232417	9750.90649117859	9906.16384398027	10046.93638562306																												
2023-02-28	5478.532481705568	15945.253411745245	14625.689972842574	5657.034114715526	11852.20207175721	69693.62640647053	2699.334123835212	2907.087910018843	28808.114779748837	8208.037556369125	13567.246989472105	25191.94567438944	20615.89999883828	98161.66942047013	9592.842056426496	10881.70446553159	23515.07695508137	10508.543958434722	8876.218998778408	23142.631319887438	19683.225251612064	13003.52936919407	5921.240741758005	2345.3186671901776	4122.585517532617	11543.560240664654	16352.245668141182	19657.704970427105	10420.594276571206	13809.563140916587	6993.260930117762	102088.06166574471	15625.25207551397	7460.779316215949	16242.217003129266	10743.37585684657	12050.391092804446	11682.887203551098	39056.07102890138	8668.86424853225	14811.493755001493	11410.64057164211	22235.535850154785	22660.84848671419	11045.761890637632	18359.66873888828	3644.694102769049	10780.654787591575	80226.27189600312	10387.619666522882	51915.95713306022	12606.782558577688	5704.793111428907	7582.144874869289	11431.451598784548	10366.069825263323	11573.220950363313	60279.194464658285	10609.245823474987	9920.80181945999	9407.524387936548	7344.00160260558	8676.578550591737	9347.116410402186	9495.295705132998	12432.336904280113	10991.870246785027	8960.931739055924	7497.823359384662	9159.360980489095	9193.985911694883	8301.96633255365	9930.770423628306	9852.012602331688	99653.46927258416	10022.10171857437	88583.25102553889	100510.63332234595	7894.447209384285	8590.09847026	11086.429367648596	9692.028998285761	10048.632386363835	10053.091549812729																												
2023-03-31	5094.045048125382	16112.526201785424	14869.046481773847	5248.718886621979	12825.075342941778	73356.92410531674	2890.1211238704022	2863.1733918399595	29458.028251675314	8160.003612288846	13739.658679067372	25462.727674232883	20694.83854792118	101323.61775795685	9115.254449806704	10074.082782198064	21263.231675643194	10660.99312223052	9010.805408768414	22523.42379751952	19275.730884367287	12401.152244455665	6010.6074948884825	2245.039423541705	4076.5608798469348	12709.162742748318	16951.187324820916	19588.36831491112	10485.086290501184	13344.894436493669	6797.85377580188	103970.91432596723	15305.609323561686	7289.473035044507	16272.271978191615	10897.704127639736	11228.824502799771	11630.022719356348	39637.17289830948	8978.32830878836	15763.372152446213	11571.709938917296	28059.01996243855	27124.31771250927	11188.119462433311	18434.577456633742	3499.440521167303	10679.892378247925	80694.85546023176	9770.653623490254	52076.16313241891	12593.806659408227	5994.868361185339	7226.95457318899	11417.71443115511	10914.891043679672	13045.719059758412	63794.9306145178	11298.631158410506	9742.135717821555	9140.9271374999	7883.056430101777	8133.828795570982	9200.210125712492	9054.01714379685	11666.980879863955	11809.139910190164	8729.862344725547	8099.788083749619	9014.113952245945	8636.982813354949	7872.756922713836	10348.339088146788	10591.136879208709	102698.41849314433	10093.291193986348	90034.70297390247	101897.87825480301	7707.668813812067	8202.060256743067	12030.60254750952	9787.87697053647	10714.139545591446	10367.411073468102	9162.778864970645	9449.880626223092	9694.348336594912	9799.819960861058	9977.894324853229	8709.688762741867																						
2023-04-30	5135.202070279167	16912.92006542797	14827.487319036944	5330.513387411963	12907.37405784163	76309.05001060877	3101.1615029536474	3174.414600537674	29133.858403232814	8332.848091128933	14186.618394526176	26936.726123550106	22505.264883841082	101482.8561989	8806.405823950243	10361.676624377043	22960.410922271418	11016.625281327364	8850.051275067719	23025.422027992056	20333.612532359013	13201.87953582024	6132.228930099005	2163.303164519714	3773.5909209832	13172.801021731131	17030.95009249432	20650.3148082431	11422.06176575307	13769.469914335667	6717.6265810525665	104092.56663886482	15456.936521157573	7506.747184250865	16556.07793547819	11116.192639068726	11090.732364487174	11746.488315603943	40439.141766713044	9042.041185692127	15903.3295367929	11966.758144102037	29982.391888637507	28288.58764106532	11525.116870040381	19299.40446145769	3481.971494141122	11030.250101940515	85004.05564199015	9983.26699223864	52215.82936874688	13204.368014151249	5643.478904598581	7530.2337159677245	11973.683337892944	11350.333104029698	13745.262919158038	63164.886540346735	10946.88995612255	9557.989380965917	8932.407699515474	7677.740017944746	7924.844829396053	9353.487670145154	9295.620495812553	11571.386811238175	12250.295647754583	8420.711877691598	8387.272907054981	8911.616360773041	8026.45905302316	7762.391636616633	10596.23767408284	10729.637676369552	103105.61576024865	10426.704404154963	90724.62822218225	102202.08546245408	7781.885884922804	8399.993716297395	11804.60248813872	9966.85666835496	10822.096378459497	11926.823197756838	9120.13727445181	10107.710418858956	10334.256009672314	10348.526617900518	10327.557263924848	8762.360794727305	9701.116267708841	9829.952596574014	8053.454011741683			10114.666666666666																
2023-05-31	5237.616177751608	17375.61036960608	13701.603629576988	5584.294864190471	12609.831669210489	82494.56841855051	3072.5074369063404	3292.133498587227	31645.826652391817	8311.468157623378	14327.606290453334	27826.634288526653	22566.064232125173	100024.49516568775	8821.103980451415	10142.168802906632	24158.58179131596	10666.615654588015	8823.116450358653	22574.697800085094	19687.702627766164	12095.32686412767	6082.6562845506	2122.2857430488248	3725.329074469491	13246.131097603818	17188.601122808544	20538.663506808098	11010.770787297979	12925.641674489892	6308.507794977742	103107.66818863548	14331.399213730356	7357.276575801072	17111.712561681685	11579.932161514891	11156.195535404553	10826.007020462337	42123.01970400025	8716.908990899263	17305.088903741394	11680.052971609253	29378.971545593155	28335.73591669811	11255.749473683234	19507.490521816693	3710.4651202883665	10936.65082478533	80354.8498898083	9650.513953463547	52365.91333468377	13344.001800888076	5237.640655020623	6714.332978471485	12113.74039810499	12284.527610142806	13264.484496367379	59191.97849548963	12897.405267610508	10046.392445554142	9134.006307037067	8599.622632732408	7452.87892422183	9054.771287429496	8975.971500988479	10634.539843928156	11925.277438445708	8689.600375854376	7852.132786057384	9710.073088280067	8385.759915789655	7540.002906219136	11616.21926616447	12320.339864385296	102104.91343747688	10354.305015282062	89480.87354910681	101927.07696445986	7803.550701032529	8140.703146928517	14289.314646341789	10132.434792381924	11785.59923753393	11574.985538314055	8890.395851266168	9461.002638540665	9804.505749946604	10032.374413038844	10631.332018430008	8459.646787033838	9874.81484050854	9770.953399612888	7981.160513222517	49419.80294499123	49625.49185931182	10035.73164914439																
2023-06-30	5120.366832073296	17657.44364243048	14178.790561963859	5392.318798205788	12264.104705253443	86150.36169126912	3031.633822683066	3720.295638148069	31940.33532849629	7845.697474226074	14359.337668707987	26399.38096124377	23704.731513054005	99525.829045055	8109.7619071502595	10563.330449661638	23758.909968653577	10906.716316993548	9008.099865492082	24186.573672150516	19541.096529818835	12270.942049182351	6254.325235679762	2169.407990115043	3713.9041992802977	13415.188958707378	17897.30220871025	21260.57115729499	10765.617569337266	12629.94749815067	5969.538898710153	102954.67043622407	14654.084262084587	7445.866010320939	17736.20156608227	11572.046804395752	11759.756851289527	10667.339359763631	42127.68543625817	8744.305621103758	18143.431906742528	11475.177714373098	29779.078869329234	27355.85017716213	11050.640922903764	20396.765089268934	3657.5601341558076	10899.17480118314	81496.76055614943	10122.508424527146	52537.36842151324	13880.993489743138	5609.372588939979	6194.0664292969595	12594.938619966697	12835.831124080472	13949.792586557625	58533.092504014254	13250.31374283088	10811.437115379546	9413.549003604083	9074.622775851552	7345.303609313452	8754.486607442515	9190.203293309927	10154.77690913193	11609.522082937927	9183.278443622768	7367.297951284783	9671.396325146241	8577.92250574108	7338.425164224103	12089.139820680268	12821.230661077436	102355.96297641442	10577.836953785427	89653.0359787338	102170.28115037773	7961.013946795798	8305.39241347463	14523.065922887155	10584.468495099445	12346.396124648683	12596.257847302217	9138.59722299378	9526.61871242649	9992.714717629313	10292.736339270788	11643.16900030709	8502.754372905154	10172.217259795589	9731.244530655575	8048.267624454744	49590.54220094946	49507.815263505014	10003.199398866484	9063.40313111546	7256.915851272016	969385.4381136941	9982.666666666666												
2023-07-31	5271.012459453026	17356.131707403012	14732.223111052781	5337.481492671393	12542.620057155946	87450.57257431111	3417.8145669144737	3916.5525218465987	31659.925861995376	7758.8276771056535	13922.265749615512	26392.677040758594	24000.014213433988	99410.58216134502	8659.960775261836	10982.073197522379	22943.754889445292	11352.795280321272	9433.554551172192	24455.0107200497	19164.924253032936	12795.366905184768	6352.754968798273	2134.0159503974864	3450.9220060845373	15479.853538603285	18631.44075741873	21495.84517839964	10581.634100731644	14537.794787858724	5867.087696809243	103293.17165263674	15507.456132452136	7619.668358738904	17546.538358307633	11795.508743308452	12406.361172083307	10933.967644853286	42936.34239324829	8514.863564637004	18916.283697811083	11058.776707257135	37426.95078901237	33312.66767685422	10684.65649301573	20802.323911554857	3504.161013870303	10607.70426472416	79185.67939079311	10459.585659269535	52687.136905845844	14050.320158001658	6227.982494055075	6354.2109332401415	12744.937418431578	13034.435148158609	15785.037910362524	58833.971564337015	13623.860106617805	11188.669861048276	9421.261108183386	9568.147187053097	6902.327824260526	8658.207717650703	9366.77168712773	9741.103124512152	11520.657408009569	9654.36906732485	6893.2590438356165	9694.774348447954	9003.11491867185	7148.936900341589	12382.443556375418	13128.545378794985	103378.00320766591	10695.906548899151	89740.31500388907	102468.01478351648	8795.35146523187	8472.30505818959	14567.174509556733	11002.512881979224	12879.09124297911	11761.816772583888	9585.644152449237	9534.467695054394	10024.70855413185	10686.56908356492	11465.54851349306	8292.50778472632	10202.849701031333	9489.686124918237	8133.325120099842	49759.847855826476	48172.13964501155	9743.05327329607	9242.089298130097	7310.216835508325	972407.0730964952	10004.8990741044												
2023-08-31	5372.501384022822	16988.32455828946	14211.916503482607	5525.666841383336	12352.001035122885	88951.02678765597	3249.179594710962	3816.361913574343	30175.643852931466	8079.246922451895	13905.136954132497	26947.615060729273	23735.049894813113	98919.04456438593	8728.102954378313	10656.812068002986	22803.093712033005	10867.141108702488	8879.093338621748	24901.78147197025	20001.797622185768	13665.715249864317	6247.597650707952	2622.365018848407	3796.9356727414147	15073.732290948281	19109.20098005313	21781.246767722412	10682.491870077634	14878.370156954476	6393.470009347843	103289.83486561099	14998.748291362794	7409.106411854829	16747.582325110045	11454.81191170424	11879.560018387121	10549.801354638968	41649.23445972023	8188.060007062808	18489.479295082972	11370.02054495256	34187.72809003611	29365.959797064705	10863.245602525829	20708.16794474695	3502.4278953459298	11054.351365972583	79720.32067648873	10093.471319338241	52858.54572394774	14334.038853006401	6010.795997138618	6159.119939615949	13006.508527740816	13260.886608942783	15009.55550766895	57824.12844967164	13663.00693770888	10611.519739310708	8749.194755616452	9126.57660177879	6335.16307743259	7979.057343770914	9581.73929209034	9961.31998326853	11801.014563001969	9186.300795643107	6768.840846123468	9780.961670344914	8268.528161553124	6692.6262113897565	12767.401352988138	13302.215665470452	103517.33210158424	10741.680446602475	89171.04105623126	102827.90705228204	8641.10510071551	8665.543290210975	14566.299714368464	10814.51773917982	12608.0145771721	11269.179910616105	9434.174667273557	9550.567260376858	10402.09953968729	10802.658939258834	11806.408807408456	7966.844779135653	10310.493053162027	9883.623750134975	8145.4412437260435	49942.47779961773	50259.23129347316	10167.182656062429	9459.435135624242	7483.961470894059	975551.942347544	10089.202208971756	9021.622071891325	9837.79807777359	9852.955234755334	48625.25882352941	10231.42857142857							
2023-09-30	5561.338772776382	17098.126660012356	14020.089929421432	5448.540330251391	12131.470918657371	86686.89259534223	2995.643383368673	3520.563366626575	29074.633616721825	7953.108988279195	14023.947702669057	26089.61093066227	23425.873813724316	97748.87168129838	8182.394090848836	9937.87268221296	21404.383169352936	10472.00148418638	8562.753870188404	23779.699700892394	19514.64007339024	14232.785569601536	5923.65645713358	2469.541844110525	3543.1675490106063	13520.863242592413	18368.615330125773	21312.601501935518	10597.640267356624	16685.373989811244	6217.709862651843	102780.23379866575	14968.349328514654	7211.216501438927	15650.702014126444	11269.704551338027	11106.353310699498	10567.413497545918	41001.10816809551	7672.699094886793	17644.86805435046	11362.922584572878	28689.091609436207	24518.51316825828	10782.484798899846	20027.355196319477	3432.5238216932207	11307.923241331799	77809.5497213758	9401.317744200362	53019.69847020287	14020.085043027597	5670.201108543391	6453.437504043464	12712.657057778411	12911.341493390291	13297.72688017942	56087.8347418374	12848.101837171436	10239.06178192089	8163.490499867927	8828.98405757256	6043.09633858314	7412.530429949462	9407.606187323174	10428.790199890105	11845.495550183416	8614.434954263297	6536.695346528713	9972.990077899303	7629.440354400943	6278.853764774725	12241.29903679152	12657.02707903989	103114.43580690784	10556.527968750852	87843.07526787005	102721.35186177645	8771.414615831567	8509.584105574208	13560.828819846562	10373.375678096274	11972.728672055391	10648.81222568495	9108.643455838523	9314.063590178033	10285.640190314369	10797.330365484122	11502.391051118484	7474.28885239559	10604.245505319697	10095.979411361219	8022.287096865165	50115.076510387036	51303.849417173944	10384.877046933472	9301.95963561084	7370.985740588132	978608.2081316803	9999.633413700503	9058.95139049927	9514.795981975558	9728.90617934266	46271.40191090407	9739.174899858212							
2023-10-31	5208.175388982339	15292.937090161628	13571.553631000384	5174.865145760213	12636.138216916883	84707.4787805416	2789.603162085311	2916.896794440015	28060.715728060946	7741.161323755242	12775.902652640729	24882.617713186133	22178.266566989543	95963.40735983216	7617.235104358846	9281.853227372518	19165.292080656374	9994.677923205345	8274.100780017605	22852.223691367533	18231.738139419696	13459.325032778874	5147.092097580828	2349.5692225300677	3197.0445597983344	11921.319143034445	16562.132067900333	20568.698800280574	9641.092004089865	15777.032356975536	5982.780827922559	101887.22569700965	14303.500851343782	6813.845524247172	14509.223624614742	10582.762259873489	10266.235428530332	10215.93838579845	38517.468864647235	7163.045869253339	17101.298394905192	11200.882211537522	23039.769468482227	19870.619858766877	10587.972313851926	18986.177340231316	3249.7486353374898	11389.259055944904	73503.59392080254	8777.757034907807	53175.28045215315	13573.646965189062	5579.380478288857	6851.843323588379	12306.157199205509	12621.759070094096	11835.757628873596	53700.75224272678	12597.985666469263	9239.11629307133	7212.631443959236	8737.15368458568	5757.787391846348	6535.90921503149	8974.620551311851	10763.834769802474	12355.40805911169	7974.034855718525	6486.243310347265	9473.219564418941	6105.635640030583	6049.563977916268	11918.046227071833	12463.238452963025	103232.04219519769	10242.279646926821	86132.76463141493	102611.1669451749	8214.153612927657	8119.229382675372	13532.805135400427	9978.270668746334	11702.381320435852	10103.636453270388	8620.073214804564	9031.38985645979	9839.094626694088	10282.73602357934	10767.11637953005	6978.4547372605375	10300.334824076663	10176.841367682287	7892.615765165514	50282.44567885687	51830.253631304586	10474.17786574754	8874.227641982337	7057.420976611596	981505.8861087954	9919.265120760752	8689.02707090643	9448.088132469144	9586.300624668464	43605.372155002384	9515.402551984494	9143.424657534246	8263.841487279844					
2023-11-30	5634.782191556785	16792.045130953094	13020.694573534402	5717.590798107421	12857.182148727945	90854.7919596383	3106.6540586002257	3321.960500454138	30788.697756699497	8214.677244224864	13688.473749614393	27200.486026195933	23248.33533293404	100891.45953045067	8947.464853581216	10259.149101937586	20619.388375351926	10864.935993594629	8748.11380794067	23763.32577281563	18066.27062695936	12681.283804017314	5804.366921685242	2285.8198248313	3260.679416667118	13302.362406091486	16496.26311090757	21666.813059019754	9951.664922736169	14586.833640821542	6095.893502898414	105563.53678136485	14793.7862392666	7070.373531543141	15791.112204605013	11603.61569708878	11220.464072283608	9670.122215494725	42220.77812849733	7822.801600228755	19124.596642803765	11096.244766445687	26678.91326326596	23025.948178915944	10587.940258973196	19975.007255119643	3424.0656473037325	10921.818282189144	77991.01587238167	9906.326579512843	53345.23815924655	14258.860803758374	5526.332496018524	6824.154575787383	12934.079491652774	13540.598399820106	12947.588458718688	60742.24821752364	14088.727810617844	9707.28718593509	6909.979008825169	10021.124925650045	5357.620203682754	6603.236002185157	9097.529701857698	9627.992251833623	12110.0494135399	7988.058156021799	6262.492643652751	10452.912045292751	6201.786620291624	5374.561842576022	12836.669453155095	13940.883815345394	106362.38657928519	10696.917364425575	89887.43385190121	104355.19617132352	8725.023664034274	8227.146339232775	14968.271008683476	10907.948335473697	13295.456815810518	11280.444233569253	9107.430159109404	9011.62591109034	9836.885272763879	10900.577730592733	11622.959307936759	7622.59813081139	10274.823520024973	9792.629650554984	8240.143552211706	50490.72268496649	49692.14601188985	10068.218090338198	8972.202212864791	7043.92841706776	984482.0189161029	10214.931493583947	8770.865515000121	10338.266807815584	10095.863748860509	45726.36759504608	9839.762634373319	8955.172357811207	8280.473920553677					
2023-12-31	5835.545381130583	17800.782207575096	12517.824725522181	6005.635901624295	13051.293558468149	95914.7025562133	3076.0249856072587	3420.751623078347	32047.816735644832	8792.843007425774	14612.460022876261	30641.98709962087	23881.175978346506	104674.74941341311	9390.057970933634	11426.939949320034	25213.424986626385	11450.304798004137	9154.586515643707	25682.01323189883	20615.02381376386	12850.120375220878	6406.790632947772	2398.4760815044874	3323.1564858997663	14173.289458012401	17009.351265455458	22804.78840220081	10448.530335740896	14034.259217898638	6248.9602563734115	107933.23586757046	15318.74882085083	7286.794249293387	17286.853306030665	12251.320254546541	12783.91199581923	9358.883518452101	44621.45675807596	8507.477346041871	20134.95066375092	11431.599833001645	27071.26398260739	23146.99977864872	10893.905303841131	21733.967475904952	3487.9209824860523	10989.315133701863	84221.14823535131	10998.320591595802	53507.6771092189	14965.460632058723	5219.287642159455	6134.482271489288	13567.956112059577	14285.298012921143	13596.370087792318	67215.44495820659	15368.396705108282	10451.84653146207	7389.095281560914	10482.65690064416	5334.572949638756	7484.405914756779	9765.500130710032	9191.203218445306	12290.284776781871	8333.589065662682	6108.596310601508	11709.39493544015	7364.199454854241	5251.026867984471	13544.423377360254	14834.547408836013	108034.38302686039	11211.046241602638	93000.73764883776	106194.48460616334	9046.067598388032	8828.205751698188	16183.007114927308	11425.242120644256	13758.458161271697	11955.314982307878	9740.693610058133	9266.792464496444	10341.537881632372	11606.734788089238	12444.872114103904	8318.391480633032	11182.525125166932	9816.182393321324	8525.397875105959	50681.165877766965	49945.9741785927	10113.274828373127	9637.13260498469	7452.636678559145	987524.6969662074	10530.630050528514	8907.196647387533	10777.052437337508	10444.679391601083	49840.43400643844	9970.938989186543	9191.448713631358	8576.179156253664	7158.666666666667				
2024-01-31	6082.879071365685	17226.91325802379	11964.516259628468	6041.488802584625	12735.350945304288	102108.33544128003	3020.2423851549593	3286.464179456621	29400.458073333917	8513.306001148942	14140.376319518095	29753.956048723958	22710.388301414485	103895.47549647078	8863.399258865826	10993.838855013835	25835.720798593757	11462.919685436438	8837.143915316228	26355.55736470538	21626.795884614898	13081.29738691339	5883.607813546809	2340.936338776608	3397.560577191469	12893.529298851361	18246.989877546133	23925.590668151	10327.040630467018	14590.743108811192	5872.7255771065375	107580.89553385635	14401.961334883887	7287.7503602014185	17368.524609053922	11642.570892887175	12340.630128839492	9270.343556376341	42390.55884395999	8143.944601411187	20693.53533052222	11697.789824390371	22630.469682041163	19147.92789554591	11133.17147610314	22416.590330354564	3480.4565322210747	11371.023992613586	84789.00089100558	10497.192087488314	53677.55030195168	15868.146172156485	4464.483789750968	5140.178619976585	14391.391423691777	15220.469627213004	12850.624640076181	65001.44152985691	17006.033998107123	10108.378034555084	6337.921665691205	10172.7812999861	5040.941122430074	6762.1104179396425	10194.236118197472	8940.130923081211	12474.740473099893	7515.453605553881	5237.327961825445	12441.475655888304	6235.348398017753	4769.493563420026	14569.788342099995	15881.372380148747	107554.17752537323	11560.167665254174	92665.40520828668	106535.92065775028	8919.197076575183	9222.778511573255	18190.187167646196	11732.538446484117	14193.198134769955	11797.323848322627	9839.53261415806	9694.675906370274	11050.279266247244	12383.190124925324	12206.94032904437	7941.583385560865	11529.831604844361	10185.142024798963	8521.437904691189	50877.138418237184	51777.645699018045	10463.110832756716	10082.300993474151	7765.785212430163	990635.8307718509	10740.850409419549	8922.734887408411	11721.926990521535	11507.146075649116	49232.311824425225	10526.425580963847	9443.972715723208	8864.671626372136	7294.013532996984	7918.274725274725			
2024-02-29	6828.006767042296	19966.952245546832	12941.59154418232	6887.752850511174	12699.89811010541	104747.06660143936	3220.9813637588218	3449.4285477908697	31363.96751681914	8804.033257114414	16365.601546051636	31824.327060615633	23984.91348531399	103384.38001532649	8880.099736021535	10958.288760831556	29188.954240266416	11766.544065322276	9180.4597456816	27778.844872584086	22087.85007056405	13222.486736864828	6419.741408553722	2278.2666567541864	3413.6299544536155	14212.550326403234	19225.38107488609	24691.09608190664	10805.435978013287	14796.110612379282	5825.950763178973	107506.90075091465	14214.44083778636	7245.123288632127	17676.478764580934	12328.048644201073	12590.763840923555	9813.751757323373	44808.10075866479	7981.572912110522	21192.454505034126	11508.072486476563	25482.61387723862	21333.46612535075	10929.800413458779	22809.390725308094	3564.4040879374165	11394.921680496202	82321.59154319933	10428.895693191695	53844.00751791058	16395.755323688834	4963.041785209254	5517.572342259636	14875.77734831128	15621.932770671134	12948.207768677978	64327.424628146226	18784.32012945938	10370.240456348485	6655.243284076053	11019.057609140968	5370.065770990605	6638.115583630405	10227.650633308636	8734.830208074423	12452.491120797105	8135.194619090282	5870.117396026539	12306.535695029557	6082.925270745083	5075.691870677116	15615.421323372539	17758.887238259085	108054.75587497238	11815.208023391086	91613.42467576067	106905.3861006177	10029.049106973795	9257.604625279448	20149.614424108826	12122.383637501614	14549.60970153453	13690.552977225969	9871.38863092921	9969.447539665043	11540.8858228288	12869.91472471261	12960.119697456987	7768.627612272998	11739.354486144266	10218.835165294695	8507.280415416535	51068.934320713844	51918.520449916265	10505.030037137665	10109.46305713843	7715.5810123161555	993644.9854046456	10844.984573078937	8984.813859433913	11841.349090436917	11643.472753803399	48141.3318296658	11362.773367739832	9349.850273080283	8864.531737654926	7215.558912303025	8263.670981138326			
2024-03-31	7217.817789084213	19835.195377304313	13324.301452247186	6719.996639969683	13727.626075647458	108322.69926363621	3187.8715495885504	3839.383927753971	34425.30212113143	8941.69550803495	16204.875705339	35721.84091408449	25175.52750197743	104138.30998075487	8638.994423961387	11159.792361534845	27699.04476542877	12041.645243209901	9396.057157954927	29406.19606861579	21772.35404191024	14683.099100577103	6351.698345891388	2358.682373301179	3410.5106807994407	15636.417124319389	19950.771579152177	25812.026344390946	10690.544906078318	15659.857255087483	5897.459783507122	108247.61081304622	15114.415902558172	7541.476247905053	18291.82934425236	13007.407544182439	12993.627167476501	10012.275274993666	47405.85081873012	8106.937152455246	21627.77948708964	11703.973893234717	26170.637156118275	21982.521447626234	11103.531346130765	23810.31894244263	3726.631413845146	11558.58318035286	84436.44888171344	10656.200629134839	53994.090579993746	17250.953266864133	5106.129586259637	5331.906506130545	15605.408875253055	16156.981032307405	15490.897503097312	65395.52454035247	20527.212796516542	10811.037449112373	6765.350051158222	12899.249030168161	5637.201564851543	6804.057374110778	10807.420167589791	8561.864518957336	13947.104113093492	8184.236121363277	5700.845937840839	12178.476473365492	6185.9314946415625	5414.687438670989	16644.37496988423	19098.775901686895	108885.93827987277	12230.391949852012	92442.7765573737	107611.67195356952	10150.547472046954	9769.166068653703	22156.113269438196	12565.41023958553	14884.15431366892	14846.500134041764	10302.342249287252	10346.13946385149	11800.291671644041	13584.523391642308	13204.8157473752	7868.872122409451	11849.00328479241	10362.516112170377	8594.313241272368	51231.040305074996	52646.96929885907	10648.784532575643	10687.902731383378	8079.60393007375	996441.3642959455	11237.350846275876	9685.36989098917	12197.813312863436	12178.311621163133	49459.387424785455	12119.97773148858	9502.82510457065	9096.118710071314	7416.916206892884	8696.551964446051	9257.654458890313	100044.0	
2024-04-30	7225.227265747923	20232.782297704398	14643.167027617194	6652.594312189407	14443.973329842604	107320.79265198673	3186.317809997344	4146.722518150295	32902.2787200461	8836.005686614755	16368.87151187692	33832.56600563093	26371.853980315926	102393.55068936825	8155.773487565242	10561.720608612233	25530.841426393876	11744.272766897793	9416.89712622507	29452.18014774135	20972.17149417593	15406.317538308667	6410.477139805958	2735.0890024577966	3423.097696547833	14718.784192761002	19070.713192354	25808.34088088338	10055.241597912267	15960.052545002582	6325.803449849979	107458.37277155438	15617.976682861281	7402.631513822674	17596.41726342647	12681.96932430627	12270.677459539016	10482.796843183172	46147.05727140942	7587.454317539765	20868.844594850296	11705.30558870978	23702.203453367783	19987.09452463219	11031.637639775918	23698.7403155894	3668.035320106227	11871.137228767004	82555.85510179943	9975.51952610046	54153.18328957108	17084.81404588378	5535.963114800255	5488.200454190495	15516.825797752797	16015.976588240163	17643.51370472789	62289.09871841647	20215.937055212402	10676.434860724186	6715.316971945787	12496.92254745914	5676.235465145857	6660.076011685072	10696.61967774399	8886.625677044161	14879.191239883476	8051.292097681104	5832.3954900960625	12039.547308195339	5959.949120965717	5600.500447601051	16613.07826441525	18593.921827209426	108904.90211245455	12195.705107398962	90680.30777968242	107575.57137950513	10087.970023893104	9675.803127844843	21567.516400868066	12184.05090017807	14359.21866805759	15816.047871828143	9930.390798731922	10561.350871152623	11426.028841157757	13563.410414945312	13019.77926007068	7378.967815338193	12325.241497995035	10663.690696008736	8508.466361195202	51414.39349510208	54051.34000538316	10961.803447620645	10555.265556765906	8051.349244405713	999450.7388760396	11284.937544036315	10121.472635445543	11899.44084587732	12227.867015987216	47576.94884080287	12342.435298432221	9657.611283695747	9235.898840007167	7192.819408376792	8762.574657226545	8916.41764671022	100358.28934366374	
2024-05-31	7294.982292392031	19562.66738298635	15234.441653410937	6489.667787164986	14487.368608449297	112691.84272269502	3003.3676007440663	4419.065682146566	33475.499624518125	8818.898098951042	16063.003006812583	30696.382571760183	27998.382139066678	103648.0468450076	7909.629709027755	10662.955131264313	26305.551720467975	12168.66161467816	9600.692958733678	29103.67911069884	21831.278783961767	14571.873475377597	6334.088703610554	3331.436003769877	3314.587681863495	13647.164460930055	19563.52617904014	26443.415345517045	9423.984354249571	15216.171383907838	6788.31497555108	108366.90746724393	15605.236439682658	7177.524911529077	17796.91534177519	12601.852814645123	12538.378819158039	10467.292258068888	45864.91610246398	7693.557627157514	21835.06940922222	11767.04273443755	21580.29500408502	18103.860183805966	11093.855489385262	23671.227645626368	3799.3769789078906	11898.436397683363	83329.86642919073	10071.884545821691	54320.6758815606	17590.385912717862	5657.448523486247	5216.469507408576	15972.757502389715	16812.714663483228	20484.380811227515	63875.36068258163	22646.388847291048	11213.649311480389	6672.846198384258	13163.751096651598	5757.348627315011	7451.7334204445	10586.786410922698	8504.465724588086	14831.862005416146	8405.00193242273	5647.430522342196	11965.975086734112	6909.150643300172	5521.432404995392	17926.43249900652	20217.691254541234	109668.7939433118	12464.102139191731	91515.69753485467	108289.05465466631	10992.073498697304	9571.019415667655	23856.217648998645	12511.460406351947	15043.913468569439	15152.93229393756	9804.0755371006	10582.666941023705	11545.604098347512	13545.241244707504	12808.830467013608	7475.389265029731	12362.62517284536	10725.754948321053	8526.731026140558	51580.85089434957	54281.57548841477	10992.142898372123	10453.39411093288	7914.533199643368	1002550.6308553113	11433.656391084236	10802.604474518428	12673.605176392408	12628.905181757942	48256.18385310062	13243.447487292575	9736.748026477131	9262.149674319115	7275.839622325333	9403.963599753053	9017.260362069746	100669.76947621284	
2024-06-30	7311.911931957802	21394.459763846175	15150.17972648936	6670.586661658835	14307.635376679627	120289.87598198457	2968.853909239961	4630.748733645787	36036.28640270162	8868.225831791113	17404.880146032345	32183.952938809532	29908.89817692211	105983.26800736779	7712.129939326685	11047.985515508903	27674.920025924148	12052.16951877902	9825.566117654722	29330.458009107802	23103.59278732068	14685.856384036017	6854.43488900891	3473.541706916816	3249.1343013528476	13908.279589013026	19899.20708756672	27326.198937254612	9353.200870484074	15928.501293509262	6835.949293737365	110010.15089398855	15034.972069237594	7105.372706460784	17606.478418188748	13348.598617272977	12395.952790029181	10117.23947962238	48616.401262123305	8017.439896693472	23186.90078939325	12005.4421864371	21245.34855708123	17960.639569969528	11310.841653548221	23877.63160176782	3824.4304854907587	11994.90555655746	86074.75661252294	10428.371108788579	54469.2993730085	18447.498701831653	5433.506680390403	5030.644623698248	16749.254285349853	17949.759259633378	18767.491537820457	67318.677822801	24434.919213082976	10871.240794466612	6029.983461086651	14088.558564665025	5408.740627953772	6915.007976023522	10797.204557011435	8031.094244891595	14726.325200771342	8645.289438251366	5489.950608120961	12140.247444105313	6369.661400128638	5171.197436203775	18588.431435456274	21077.293494589336	109508.00955542363	12793.9716321986	92701.20601977831	109330.09874926502	11830.377086779592	9740.821552313644	26049.17764133005	13079.827368660748	16004.792634798943	16413.270475258432	9943.241703177522	10894.849969228631	12036.893016060063	13760.952515108576	13560.734222088751	7789.927853373079	13155.937129259439	10806.131452093026	8619.158811056186	51735.62188501529	54687.14035525415	11090.674909864232	10638.492199695798	7969.166691843414	1005287.0444119088	11673.243344605238	10628.941926201773	13625.824710092882	13322.167934236873	50388.4184173276	14329.340369124388	9894.063577171375	9388.625046061848	7622.545245818372	10158.928186347199	9458.014940758443	100939.17309717079	
2024-07-31	8124.31226705455	18836.131290013764	14689.655820629563	7168.3108713134125	14782.896585421011	115891.87887488317	3346.8447807853113	5054.733235567657	33115.88188460903	9624.226669934491	15701.278212652223	36835.886915916555	30162.8247196553	108011.50870695926	7650.701926366084	11965.704439876738	29888.45148681641	12218.538849016371	9762.487176247372	30357.080924565555	24806.05438787851	14873.773693544434	6564.903662971841	3125.069462244714	3045.7269443433643	13680.02669266219	20007.342253352057	27405.15197076785	9769.636392855748	15114.553243935263	6795.545416825926	111688.59283830534	15078.635332223424	7379.820508405293	17732.29064720612	13247.161073517635	13681.241335982417	10062.325188546118	48118.31949965969	8034.452488117206	22306.525700795744	12148.278746538423	19262.605849188396	16411.360014276455	11438.294704776006	24843.14312870879	4019.7934977329355	12031.019978869623	86701.22171470601	11301.146724149121	54631.05211297266	18399.911573469486	5256.248924911819	4949.376215534761	16698.285522729668	17291.231318921957	17305.512820183223	71665.2172062013	22395.04983662596	10651.654417781925	5890.089939592297	12296.273982591458	5589.932094543055	6916.371538997648	11471.36451222951	8352.151264082699	15279.476667800569	8518.757130657366	5558.360929364038	12344.767697602205	6564.435962040591	5075.177052163772	17941.526450685433	20087.496963297544	110640.28107595557	12881.448506471113	93623.7748084314	110432.8880151628	11930.294610783707	10363.406209566778	24000.02906670304	13034.348341682835	15407.607415651397	17955.35789397603	10556.209334640705	11052.944060426948	12367.63205014384	14617.959409469666	13637.09496590307	7799.4975811157055	13574.70054530348	10835.490478292877	8738.37088765607	51933.50115020536	54891.87595905547	11133.274889072765	11317.040716349149	8471.570710917316	1008321.3131233507	11827.809058218401	10970.337770574322	12891.282271364296	13033.664025326721	50525.475070884044	13395.737370173974	9965.766593344637	9534.704978778964	7671.780138199954	9749.079175582909	9474.19888317763	101241.59758379139	
2024-08-31	8049.211074024328	18404.190927568096	14788.796316936408	7322.1107994608265	15403.940768669407	114147.17616075462	3199.286889955893	4860.845915667169	31152.714213314954	9880.011441815695	15617.606547011477	38890.192250674685	29284.020672714578	108142.93570304332	7590.691614962543	12536.168947078915	29121.027001596205	12641.379313725876	9919.053737872684	29970.820072689497	23748.122028376765	14026.673905264708	6560.886630966026	2778.936653170329	3019.451955665085	13122.8795013555	20237.80195586312	27246.14322812651	10345.720420187183	15252.259235169051	6397.7404849745835	111848.09970073358	15049.648699109712	7577.361834440474	17121.468204160046	12689.472013550316	13360.58907663409	9694.622137224764	46194.75490013099	8392.264861799473	22621.359236967895	11984.728471412061	19704.092284968305	16435.189021282204	11300.857741496422	24901.40448958546	3974.39251460719	11690.858850488654	87540.5368038281	11769.99560458504	54796.80820610624	18236.714669185436	5153.861896156752	4830.6201431161	16558.155030386697	17029.075200668012	17272.73443723336	71488.274736508	21720.876473450582	9810.325337722024	5555.020014328928	11105.9434410448	5269.845264402435	6769.641519246836	11268.10641926027	8225.33561332286	15444.442465055785	7988.997776869359	5189.359625511613	12516.696973213051	6175.575044363004	4892.4222541699655	17681.181435836053	19408.673805473787	110533.6943370252	12818.135544513943	95594.78752554646	110597.23198885345	11751.069892546944	10173.969388678652	23467.76313687757	13312.968980955287	15640.315495303828	17992.995277098606	10694.288734059017	11217.228817913085	12450.030322853112	14538.56841419192	13185.30566124676	8181.971644638816	13252.331046438478	10510.86566566967	8904.922249494022	52094.76057171877	53318.47606176184	10814.075316560215	11099.460306187018	8328.5141041616	1011327.1661492886	11809.372580914049	11229.531311673054	12786.902804032456	12993.400843460095	51255.504955995115	13421.48779427403	9816.7574671586	9385.714981892099	7732.860290422505	9608.774809875096	9623.8440781588	101553.82779435997	
2024-09-30	7803.875641674324	18092.68532635089	16907.728129563588	7187.367882197568	16208.181991351199	115837.75172491517	2969.517846248207	4886.166209586776	30791.172491890768	9982.098426862494	15511.01539461726	38809.23675228978	28873.531478960696	108981.55846380502	7650.058695570431	12881.18278949336	28013.05643473435	12768.755670087103	10556.54980870719	30712.047465591706	22850.167870033372	13403.526159949895	6994.323539301418	3078.3293797937513	3094.105928237746	13248.492061155324	20509.32483597548	27567.894405911364	10630.238196260147	14033.50165275282	6612.687628709736	112663.48122825508	15231.87141665916	7821.073106238688	17421.6397341469	12245.222719085745	13385.822416645342	11076.832476128147	44484.76520444832	8411.600560244988	23220.748273312518	11899.420859254727	21877.642807358876	18081.88258815392	11207.28012793633	25121.089494340857	3906.8475890827735	11580.155787883188	87811.40360083315	12105.833332045	54954.85058902056	18416.813746317555	6471.951754996857	5529.345598679135	16722.253079052087	17289.398208905033	18232.967703759907	72880.88484678167	22006.37626219358	10035.740647603368	6156.112545089776	10529.48207833649	5825.549647694643	6892.884405675962	11241.127827096632	8017.161847441152	16036.624334115848	9163.029750815494	5913.7278532395385	12317.021090305227	6222.853628444841	5898.116063775078	17956.87272713255	20146.04019803545	111273.29227712378	12956.897774259738	96492.70037760744	111288.58498471064	11562.240028647966	10156.146827580982	23462.425646832035	13617.30588901131	16060.29171491812	18056.638904553518	10791.64050403112	11151.672940173408	12035.245266076367	14413.764349244744	14051.193104956288	8215.046939741685	13525.525651287257	10404.552813971197	8934.817630471229	52240.963076631815	52806.73504057336	10698.403774548784	11073.802018967843	8287.49545484201	1014302.6429831167	11976.550027361225	11856.570146680115	12893.723804103103	13220.516755679488	50949.54033853514	13768.61110491865	9778.654723195905	9391.160235271385	7740.214744034922	9798.739932154884	9552.172164322197	101846.16439372175	
2024-10-31	8090.889023662226	17114.649016080213	17977.644502380495	7432.090196006662	16877.186866933815	123911.42931723759	2748.244215505453	4992.184852758608	29176.0080949521	9950.786627863337	14836.385083213228	38987.68665527034	29374.307794124106	108320.7819114289	7680.034713801094	12737.151649649419	29312.83615880626	12220.198391681357	10144.766847181138	32474.34806542155	23842.526959579343	14237.457006956254	7140.983078311481	2812.6000626844216	3069.3373375949177	12971.707900516569	20593.21645100101	28840.71771420899	10416.071993101308	14145.372904302265	6267.809633910779	112481.98633812068	14801.681718703667	7699.381103585345	17877.703858985646	12042.935886595458	13474.569399664322	11800.250800926662	43876.50139309426	7932.032600975571	23618.01632571056	12118.741152211056	20050.10109295159	16528.068001635158	11373.792708664063	26202.370518769734	3686.7134293056383	12184.369519382275	88125.81575909004	11949.821492989857	55110.1899212366	19617.637926877735	6910.498170806652	5709.774555535887	17811.66116929348	18494.39484920331	17142.845483749108	71901.52283943638	23466.78539693476	10424.69516157212	6650.466438400788	10144.902996522978	6599.482330846451	6575.755362400441	11862.672922256304	7895.540902292107	18283.32686579164	9808.051465062857	7603.156992652754	12977.49767686948	6163.315980771664	6593.670108905853	19403.0433815696	22377.168078460883	111211.69918374279	13366.614162347578	94250.52001256979	111228.24304350375	11674.172135581997	10715.75369085963	24958.613916803024	13791.583686166658	16351.05573968097	19830.121116293816	10828.868769302848	11422.316588089885	12253.160331006304	15766.282371296262	14806.016873543838	7699.493145033779	13223.482987905169	10986.88663630754	8909.14487821353	52404.77047153766	55671.219918952025	11282.408345607542	11684.778713037509	8723.657700057463	1017210.8058010511	12482.472120809582	12417.948146410128	13892.835626338772	14293.508658901936	50446.20997766527	15061.191910372834	10090.65135159943	9797.989400062786	7694.485450949425	10712.543240299161	9384.463331386723	102137.77570835533	
2024-11-30	8362.4299764104	16998.308512043484	17060.326660463572	7194.463539166544	16075.891431897577	128058.79336854425	2787.244108316524	5396.93579444163	25954.21093273549	9770.055273431124	14817.25374907736	35649.71000322659	29103.82298150434	111215.66498793694	8125.567197816235	13033.267973972153	30085.365826051788	11932.119901274868	9752.662136920379	34695.45000760463	23654.38804890011	15411.286896446709	6661.47387122301	2394.6449673652946	3118.701702755612	11768.644155363036	20243.198420627807	29760.037219866615	9899.827110801692	14303.955979525042	6213.885891823595	114580.09211110417	14552.463614312037	7907.250519934227	18558.889306880883	11573.265575378364	14703.920655998898	11694.30274975338	42072.10176301069	7976.434217468548	24122.241092212833	12250.61879002626	17194.190068769974	14002.276783021927	11483.083368679385	27169.1572629788	3608.4895475928447	12361.357193646201	89658.55743017948	12271.450709257839	55258.25816449639	20488.335918253862	6608.591387986265	5613.594434630659	18611.029533224664	19122.985030839372	15895.917023585072	76875.61914182798	22687.746624367428	10748.431483600216	6833.232855065555	8763.693196250437	6250.698774090924	6109.339660051042	12564.918211780987	7744.319834967089	17036.915094054635	10440.019933248264	7775.142640188691	14352.063410042609	6443.876465948096	6432.405611834578	20919.79543306512	25114.363335212744	113641.51773295364	13762.632077986795	94655.81554533006	112585.95918428566	11700.427105985706	11351.511223198744	23485.835595423658	14254.711288730472	16697.65445807254	18794.922411976393	11348.674870428451	11831.443267019553	12149.501249389807	17378.80734647864	16431.982777603567	7737.8826730218625	13147.845245114797	11133.96825546581	8998.930398533286	52561.750456223715	56469.71772728916	11456.374064640211	12369.957137479169	9212.003376320696	1019963.4611262348	12635.041533218442	12950.62558791549	14126.126046102345	15341.375415567712	51350.88712749957	14840.223837943988	10202.416829896618	10019.342354292583	7784.948506586767	11055.470240851993	9568.897589904467	102419.68392266068	
2024-12-31	7631.401199750878	17018.358335789213	18983.868294073734	7051.947983230151	15867.448303119118	139564.7862384733	2545.0637714806635	5505.026421485705	25824.552549563345	9569.800609641336	14819.137480977774	36337.81466647149	28623.84854776667	109500.32254950044	7702.408540312956	11953.888116138434	29032.90006195624	11620.325353736784	9792.517581617485	33979.83253045083	23339.23808611684	14477.002502715011	6253.492334817764	2635.8793522309943	2863.852343274787	11456.207206386714	21859.839547346517	31028.211838757725	9700.460107638464	14599.561704593638	6192.349476705448	114178.71591672144	13466.772691215148	7462.571864367027	19352.094315423303	11281.903842225624	13484.423037453324	12566.561171820402	41002.69617281128	7521.464792665689	24864.801207772343	12662.51347505454	15022.530116262502	12146.286965634139	11825.896309932106	27629.143300206437	3502.136706819103	13049.927447659677	90845.54847198242	11123.958548021994	55407.08253217522	21503.786648116988	7283.019197074306	5775.856228441653	19535.101057080778	20860.82186029914	15630.367080609343	75209.03588544764	24798.64218210852	11401.335193091854	6782.302201493125	9102.745508855052	6329.285436342978	6162.179289188061	12421.477657240117	7548.986429519496	17974.6234339858	12244.111449260648	8367.023937361373	14652.542242110643	6788.296804310289	6627.591345220196	22579.365231318887	27658.000714648566	112343.83499576352	14169.83983195503	93341.55703717761	112511.1162175743	11322.79825442038	11203.682364951346	25785.465629420847	14212.989918433464	17288.841807035882	18573.632270738995	10639.234203028554	11967.837368434208	12039.453409672975	17344.536833579394	18078.596696837212	7338.89399898784	13563.342100949521	11768.203266113525	8940.39349644699	52720.59687590643	59593.81482383511	12104.71516740233	12197.973486859453	9131.527874949814	1022753.5628523456	12895.705555001769	12523.864245057666	15170.857129217191	16163.905637145439	51202.66272152627	16268.702360366668	10570.78058091815	10463.512626020769	7912.298247288233	12673.338474722139	9556.653261087027	102703.79060238259	7108.77487711883
2025-01-31	8021.935712437438	17682.529042657225	18999.06212565725	7334.262626449521	16831.076337617123	138029.56408609863	2765.555996184431	6288.289924722372	27428.9736463644	9733.234770967902	15348.167927312777	38500.404818781535	30483.624431032364	110929.13203553218	7843.253869661485	12134.82891421553	28934.917441940546	12108.820710469641	9680.433961935354	35031.15165646565	23736.333123161647	15342.36126709939	6851.975107163753	2671.896998898896	3078.8560861676915	12552.005986050439	21698.053855283917	31319.03819737182	9636.120405044967	15683.939512488192	6145.921109578998	115193.20653044096	14184.206050005689	7593.600988662202	20065.48168981291	11821.734740844124	13774.544274990225	11953.755758518873	42942.3843295905	7507.065873965426	24948.498770909147	12504.526487401867	15436.6256047444	12697.9765445212	11681.289558015098	27839.91430718727	3516.6546063869737	12877.25765200595	89468.38043803585	11334.954994043534	55549.23625977528	21506.34789957675	7476.7693558471565	5524.752047943986	19529.691471485356	20636.09711388344	17555.881974666903	76420.65322889666	25160.264685219507	11395.609589901707	6541.655068596655	10443.36632822231	5882.644711629625	5902.533798901708	12473.413396750097	7490.678687997549	18740.787485593544	12004.460453458592	7801.4570351560105	14968.378359002083	6440.652871310442	6287.255030026799	22433.553182087828	27792.134422304975	113699.1450341606	14259.403777465179	93658.07240507903	113547.08242842185	11515.405272667902	11267.353544930897	27086.45018945934	14423.294643363643	17368.36192642901	21999.292631653865	10858.527203499616	11662.22737059543	12471.335077108039	18025.272985598884	17922.400358568942	7324.431487632748	12888.979298942952	11615.170281231942	9050.384980749117	52898.60321654082	58810.70791936807	11921.609438763304	12273.67518224139	9173.511373626232	1025500.5891516223	13036.204832861156	12807.951167542438	14876.378940037266	16348.725707647847	50486.44953026856	15865.185061273041	10486.845572588276	10438.415037203316	7812.412713234891	12302.040078500651	9376.936983693166	102979.22992244951	7376.0465842261765
2025-02-28	8049.432838378632	17245.400167969747	22182.86918932164	7578.837732565524	17324.431449009266	133896.21420914086	2927.785808139797	6562.515047349858	27122.018211339615	9981.101511225483	15106.114142578055	39858.67177143556	32206.851768135482	112276.65716660694	8278.840463880415	12412.037160710253	27538.76914493317	12556.163644619664	9978.094087060892	33980.208455230386	23771.611094792483	15011.521308289783	7808.703630423648	2736.6188267679204	3040.0321577607024	13152.590990072236	21741.635866216522	31167.512869871327	8362.77260982552	14772.360609950554	6335.248166009054	116261.20020599988	14205.971836286593	7647.6651340494045	19581.858811837854	12099.533535704366	12903.01536230495	12215.512599712141	43948.89487970765	7847.218458238482	24053.187867640278	12782.103139425742	15837.036051393132	13089.160133339446	11942.896649636801	26833.47286216193	3736.553128866774	12973.705453164723	92575.61953867	11648.919079737658	55682.93091224314	21051.418987605954	9121.888382691723	6327.007196189927	19127.94617337367	20007.841136071314	17367.840898401235	79607.41320100139	23448.570307984053	11091.422179803458	6610.355594306057	10211.474875799493	6051.706333775245	6003.801537069129	12553.447966016194	7781.714826277435	19894.46255282162	11332.355497799352	8834.884506661449	15182.832895639762	5984.116750386115	7197.459537749319	20997.219218781647	24759.770335325644	114677.44058146003	14252.67212238672	95244.07028300515	114080.99317081683	11376.294510274194	11335.671258309885	25253.85247273463	14052.737722677844	16758.39713417237	29554.822546284326	10872.539486434176	12319.387359835979	12751.857277236059	17936.01400306033	16591.11979618107	7654.503324920166	12282.893421153354	11698.6954757407	9084.553453812581	53060.26243934938	59274.88230486671	12015.166927918854	12355.287111926253	9248.127634536146	1027902.6954255954	13150.77093334659	12869.979857398193	14334.803219202939	16457.81375572749	52998.215263795406	15989.143805680334	10732.839906545232	10545.555241980588	8105.365276730264	11571.923925438003	9849.08078664492	103226.45443366043	7458.617895170769
2025-03-31	7950.63557761463	17858.252140426797	22467.377442235174	7629.1421440484355	18476.488430434656	126182.74065228863	2966.3387191637116	6332.541141047523	26622.620966928684	9753.293603040229	15656.460650552886	35940.486577674645	32132.673301555413	111913.35111013142	7754.874088135208	11916.641464268838	26719.064849633356	12609.226733363766	9997.63982114228	33305.51419277997	23153.811539279075	15825.51440384036	7419.856441215163	2804.1716343105572	2888.06371787277	11676.126453009596	22273.554101596703	30229.59534980094	8474.864899418459	14821.088321076022	6464.5598776322995	116339.7272321703	14516.638342830502	7571.9630085612625	18293.989064081965	12155.258559735808	12155.886209502565	12320.557938110924	44138.09046639908	7747.053482264002	22287.140029132715	13018.04472933115	14409.043496166278	11717.252134475835	12125.584847351693	26036.896367524016	3715.343914559487	13199.95245810075	92368.85578405336	11320.731752318457	55804.85628407565	20258.029185694682	8796.452963722593	6705.453580863186	18407.95087809198	18855.61864170183	15217.757319298647	79329.01342908212	21524.165160723027	10532.084890768223	6380.507176738352	9968.258825755001	6095.292478281339	6065.216240693604	12579.554367492643	8345.90194865687	20779.96098467117	10564.748781543252	8398.976527103907	14890.871778328796	5647.61943637538	7146.343328914201	19756.3778469269	22499.844547052704	114817.44905609186	13996.63926093304	95172.15462882069	114247.2355737621	11065.516752523909	11341.535742446193	23855.87886510131	13315.605573404047	15553.754912755141	31086.30941564803	10718.188003100859	12116.320677173004	12749.991778237607	17660.50250245476	15761.423046226308	7561.171793464016	13269.08817376463	11898.110603042103	9013.374006799177	53177.009902250706	60301.87412918311	12224.191632430007	12379.577822959054	9294.771529319414	1030210.8339192347	13098.264498492177	12907.588638286456	13485.775580218524	16026.471343816524	53020.01107808615	14961.317035812193	10975.78180583945	10604.926394992106	8213.555241933132	10713.460264133382	9842.69813736037	103449.8641981644	7455.121963136573
2025-04-30	8356.19408312692	17250.730991662058	20593.8343618816	8390.548056874786	19652.090736267193	122080.368755994	3146.8906915995403	7427.7749561169485	24845.847944884532	10025.829078982735	15257.018306842005	37118.12522113003	33493.474076670005	114302.65635617997	7913.798168867609	11571.801649484983	25028.922223821843	12847.766827398951	9951.09110799785	32133.35848820548	21859.711728051076	13759.692924145318	8044.733117784605	3128.514070074948	3051.7197475585263	12016.811860829937	20531.73965205052	29208.81071534046	8423.619032112336	13135.144305488662	6953.302469148606	117879.20106118375	14158.572451266848	7276.60950087619	16829.622999188676	12078.830862106934	11635.102274867584	11577.391359939083	43911.13404824506	7713.837094796534	22166.847846064575	12753.687281619246	13406.630656729578	10847.463959754023	11946.976754566394	24404.973881935206	3788.906684957484	12879.395782459367	89595.79809614558	11119.581133301675	55933.917427028726	19347.338349110887	7940.031706202737	6477.799846280475	17574.8816897752	18237.64513650385	16996.788549603778	81907.28403616272	20354.347154895106	9783.222502251838	5765.285187365336	9255.738659920413	5558.363195489044	6062.54473500639	11421.082524193374	8205.60456297444	21467.830125084158	10375.396732032008	7956.756957286961	14626.961074321694	5256.922717718944	6458.4503165109945	19306.709809631786	22365.2278709041	116855.01846848705	13720.972947511496	95242.44900540225	116020.74188142671	11104.982478741826	10295.135003932892	22410.5789870927	13022.291476870912	15469.847645939568	36359.2972963594	9981.684820696832	11977.201732473535	11865.942731140083	16805.116409659982	15100.712856393588	7511.05417374892	13469.965209266704	11618.105700519229	8990.21703204489	53342.17113113639	58861.450982063805	11922.768324420842	11236.390780348258	8434.864444678195	1032735.7653050027	13066.747860256313	12769.99017967907	12853.13851994886	15255.544141881786	51401.00755739476	14242.986828402765	10684.660093017055	10322.427507382963	7825.68513096696	10323.842154612605	9526.857144045385	103707.3614883099	7426.447567253581
2025-05-31	9369.31394232575	16822.315888845427	20616.383765858387	10460.104329200853	19451.563591176484	130038.58505700828	3937.098478108772	8767.397931623374	26375.331933685196	10283.007720621259	16200.043039356817	37412.00124383015	36960.37377066436	112873.02947741767	8073.528649898852	11851.766402819918	23766.881873936127	13493.704257520347	10419.953558141915	34024.32132407854	20847.73515837045	13129.400987039422	8372.136592355953	3597.725092914715	3243.086617888923	12140.861400245401	21343.12089107447	30039.135257359914	8819.016753423752	13337.71858242856	7439.552885632456	117146.6334442159	14476.448620934392	7170.366330355646	18204.15751385307	12845.673215543484	12351.197923855352	11539.52886274597	46681.252500789735	7384.046504663648	24458.19938821382	12134.92207848984	12003.020270596804	9743.787665298385	11371.888307527075	24837.72476572777	3789.4542616018007	12442.389466086926	84467.0293594324	11219.380461847559	56055.98317893491	20009.597546269128	7793.622757018483	6589.012687301342	18176.45332504595	19428.705729761383	20128.229917122935	79123.14708954627	22913.09093923026	10143.183380551342	5590.301558084845	9781.517524220772	5307.392046667472	6199.64165791461	11185.554611363457	7409.91635437882	20538.083425197838	11304.676762383904	7542.6982512606755	14690.261087343359	5545.912792058406	6553.88857545913	20610.501269740696	25103.034494834654	116016.93457225508	13994.74174494352	94461.84311570931	115888.29639385582	12250.473615612944	10084.441711683281	25597.809088857626	13922.779987891154	17059.487956710138	40848.33563670596	10118.909472818032	11716.009834674325	11002.201648602926	17014.534425957507	15904.599309373581	7194.949106319758	13202.769208841723	11219.00835248127	9053.691872057021	53479.146150915396	56943.19296350666	11533.344169174812	11002.513870984612	8163.394645432367	1034938.1979117686	13053.622695441933	12599.754323940619	13894.222955967942	15723.3907214053	47557.77825356971	14842.935380910545	10217.425326652705	10059.546711783423	7430.349599237692	11076.514365848836	8811.630584444321	103919.97866127298	7830.821999449858
2025-06-30	10726.255745532879	18130.42437613657	21089.186989562542	13672.682630737932	19467.486758353407	134489.7266265584	4516.879457661587	10997.555048747887	32274.436854041927	11004.078128829424	17175.254930578307	37900.01420402764	43626.10047411684	112636.37750249763	10204.631430680562	11799.082389385992	24292.40231872916	13704.587409409061	10948.968305499187	34341.38256897225	21046.802623243635	13522.223767091727	9241.792301438509	4087.447911691843	3637.889019177662	12979.448787424852	21545.598461381705	30584.630853910938	8219.81051066733	14533.66855186192	7999.273736100932	116880.64342810334	15025.33658876156	7114.595612270985	18554.77537948134	14832.990418764526	12853.373680492256	11642.369156892515	53895.49148798466	7560.344131558428	25622.556833647515	12127.486476749571	13109.38188175253	10415.62944180997	11345.990012909522	25314.99534363702	3797.615895184062	12283.154110697682	85475.54801183578	11260.826130639003	56166.822235075335	20497.23385924825	7869.326884503855	6912.63963320291	18627.16722765603	20102.999175464116	23800.60435911163	76986.2613680784	25573.714000875356	10415.736339918862	5718.516937831036	11957.092877421426	5340.559090408415	6416.568654330555	11226.081263646338	7079.796418984135	20273.049999396182	11217.614405969167	7598.415126224997	15184.407509348082	5842.355050874314	6702.014282014037	22277.705950739422	29236.583343571652	115517.70273196138	14161.072911723604	95760.08839005111	116006.43508013991	14784.205660769683	10110.20321930258	29736.915473573856	14465.436790046668	17891.460648513712	48855.16014735343	10287.83507902045	11349.33478929488	10949.839001086519	17132.21673685918	15781.477507780666	7361.483211420262	13309.095250643175	11089.249179856019	9133.917029746764	53604.76970891218	56209.644993196416	11385.950676620807	11037.278147723906	8147.264546193401	1037150.4277137716	13111.320498700516	12528.160411366127	14787.558130689536	16379.505615979617	47948.77244144106	15224.027444716226	10169.49363217416	10053.417180150436	7572.043501567076	11545.585452107174	8869.993491421861	104131.12696643574	8891.083388942718
2025-07-31	11243.594671041457	19332.73229580216	22246.624917291043	13078.902052007035	19482.16719966969	143723.47482010443	4358.3119567488975	11479.407981104261	32445.02247386418	11556.769336590543	17842.220179230564	42053.93329799345	44958.22712267643	112846.8312318775	9392.173987583094	11961.650272975254	25926.512279796876	13725.204592894006	11192.66845571617	36677.21040861399	22919.88339624436	14073.869250085803	10179.736744975125	4093.5880953607457	3592.0413640605234	13762.926800185298	24303.445001792723	32299.878976420267	8408.67502973205	15498.04549201352	8248.256030472963	117202.1103580765	15285.339232723307	7192.470799993946	20217.10340377991	15671.660711525728	13215.610510751449	12549.820489569802	56971.55113345283	7511.29406515886	26687.22299689732	12354.606915293512	15521.473571584449	12381.603935435944	11570.320060013535	27370.137121557636	3840.5024830837124	12618.891010422005	88102.74824971533	11588.609448173776	56287.847954252036	21812.596264509422	8330.352794447766	8880.815327005343	19816.24648072329	21480.26613211622	25515.38448460154	77342.45947793261	27755.337783660172	11321.0459988995	6463.403338136308	11975.53000713502	5707.287426895987	6958.994763799745	11702.58313001171	6801.665207719376	20800.42295373082	11595.81047697239	8217.556386639491	14960.495433736742	6677.774505895978	7239.495435597215	24179.358386123888	31521.233892987173	115801.38516601357	14747.823986300577	95956.73601151566	116520.5164417547	14880.471494937618	10542.510424042131	31098.217539658006	15022.444835118866	18654.865842874126	54692.80392469885	10464.925021747957	11716.885667363977	11253.385974388004	17878.978110220043	16701.194045123757	7317.4954547266025	13009.467670690447	11371.700876623294	9180.432825555446	53729.68761918184	57699.905553060176	11691.221348160587	11506.258200082559	8423.464310558384	1039423.020597032	13455.112455287039	13354.328285713245	16009.029308624045	16926.97239857979	48861.762885066564	16432.746928933553	10457.837981402115	10331.255399038455	7748.559988146246	12530.879731605703	9030.633720874011	104360.6948269757	9335.995082984375
2025-08-31	10950.017271608993	19414.161894542976	22464.78845369808	12636.517944242527	19975.06396023483	144713.54219291193	4296.392706214863	11641.27274170683	32441.819206259228	11284.36105324682	17978.79585763948	40575.444888051316	44715.26672194207	113147.94641669391	9326.033398794163	12050.08229317691	26724.685193550376	14041.369319157213	11276.34155051084	36758.4047338585	23838.94265068378	14239.317344540836	9694.816727387184	4032.619126880737	3649.7896881497995	13636.371181418228	27749.915943570137	32882.06793010614	8515.1009823561	14593.685315175526	8283.423977142364	117279.31232081447	15833.065222110017	7272.089728804398	20513.93315515843	15468.648058567725	13935.392604456436	13755.95541460084	56181.64441256631	7508.451091093126	26706.80925771999	12554.245190245547	15134.077874635288	12186.874658206878	11762.917986221371	27335.279494416354	3888.0997929596742	12710.510383502016	89226.05770087075	11533.175470933387	56402.25057873531	22154.759276005043	8686.641958573146	9036.117981734587	20139.09647583626	21620.83895041097	25519.319100746616	76639.93471761653	28002.658715570244	12009.07232575035	7173.780828860606	11762.537549524313	6223.699865615298	7379.952130312695	12069.669710715418	6799.998547234733	21410.371561453776	12081.13827019737	10352.975392872226	14403.507805343088	6993.866611265665	8041.454081054149	24043.541730268847	31655.927716478247	115923.78943670765	14964.165586303698	96708.28640531159	116955.83544685025	14631.11931273603	10875.157880316185	31199.854255883733	15180.88237804874	18679.08404623589	51255.82017212288	10741.089773106596	11652.947957883518	11363.713237176871	18130.581583002197	17422.653278535887	7322.299398894744	12909.603089778586	11448.906878186108	9244.70635264666	53845.806262672064	58080.1298092895	11777.469345303867	11873.891265161705	8666.214079345998	1041529.8672809798	13569.36077224012	13365.609969452176	15991.041730908688	17453.36425397148	49135.74359871186	16475.993838068895	10630.876458013518	10498.07551026859	7865.8324485397225	12903.6077412412	9063.492543824883	104566.6294056843	9205.884423251231
2025-09-30	11418.290513996428	18675.308958807444	24007.36340112411	13733.84516919087	22319.989707008353	152220.13040650898	4136.427440975358	12124.956988399683	38274.12788529854	11394.51385339762	17460.857437561954	42162.260469304296	46883.57165176075	112389.5321223608	9750.691137560225	12181.50444151933	29511.02542631273	14109.899711935359	11928.873240075482	37052.60662279242	24567.186848149933	14773.224251107536	10075.506696657354	3928.605941443235	3675.507104346678	14379.567252724453	27631.748568753228	33976.040742175086	8253.0407631638	14691.374511405305	8297.691355329509	116960.71404011543	16425.9814870513	7108.6820199703525	21116.811145289696	17056.054095899595	14261.307809684899	14420.37755702863	61935.19721666441	7742.608168947957	27784.174542858425	12711.955615340517	14658.966096419781	11730.41852518908	11902.534273604866	27593.162212200044	3989.740196013401	12858.378436210247	92546.39017535633	11521.284137767665	56518.39865618958	22974.210320176906	9816.709412489405	9485.587859181876	20877.04254605686	22750.768648347606	25553.85104878404	75526.68112586372	30745.991623081856	13042.175837057192	8675.05566830178	14361.773002275837	7451.549957203833	7931.050894964249	11971.16086284392	6541.301378011357	26489.077016203773	13569.528401646203	11813.659203285073	15079.00173175521	7780.693836180356	10211.77423154213	25601.199122081216	35124.322680932935	115552.9124340509	15359.334609786412	97476.6935649601	116731.59106536757	15430.516758708789	10782.605861463042	36230.42377563816	15577.828742476077	19459.617701312076	56282.13294525628	10531.657524845547	11464.252986418714	11429.610338142691	18383.61487330951	18030.679851210898	7550.663319897509	12909.701838875553	11600.396923281402	9286.333570171917	53965.18060918004	58773.236780436	11913.124648921334	11772.79763600618	8547.998050263901	1043688.4301669281	14229.4517248537	13834.869223024838	17127.17873264354	18760.776537266793	51134.75192445364	18029.855035541972	10773.436308354487	10675.553130167844	8182.074722488511	13638.94583573526	9472.44650590242	104785.50058046088	9868.564178916078
2025-10-31	11389.478360330635	21414.561452136837	23933.532952741247	15687.20397127216	23235.661254843548	163907.3851094452	4684.686990461125	15661.695876911119	51740.80624056963	11733.529211097159	19173.12368338561	44354.18085960567	53022.60913685475	111805.47365391588	9920.032236828374	12134.31627084519	34294.345535375316	14530.773753737305	12597.499061100922	38369.640398432246	27653.196381328	14552.305577179912	11161.139318491732	3733.2384781110436	3437.495824840944	15689.748991269122	29379.237330431246	35633.50185028359	8582.873554385234	13921.925607202575	8066.84495426695	116373.0533512651	16261.483989644956	6979.7631556778715	23070.981967205604	20659.65788289679	14462.002316695442	14954.611081609943	74973.11904982459	7866.004343445469	29289.60545415704	13004.058639357052	20399.02122103156	16453.464738535025	12169.716280114264	28890.991398476457	4065.855101547989	13125.344819558853	95618.99154430456	11371.98871339469	56644.416173548336	24166.96476062897	9429.577200734759	8959.917303420483	21955.25170533198	24484.144126009553	31605.059638408846	73330.9180857892	35517.70534893655	14482.434944823597	9726.355331633256	18658.847289173136	7832.305257987813	8946.562099650935	12020.2383428988	6198.13774605323	26240.97343092734	14183.340356935125	11871.34301627809	14982.347660071304	8654.668337607713	10928.399607750822	27719.241219326483	37424.56504181931	114773.29489483808	15903.276215876045	98067.52697255541	116614.66455685068	17684.44697386459	10834.328527854392	45280.98616189489	16080.868136706324	20547.259882422262	58762.02500203303	10388.370417242146	11528.640320789285	12415.28918308387	18229.68207403135	18325.477183074385	7704.447130826263	13777.204455191952	11849.292741382305	9285.236646017343	54092.31500694507	60038.828488299485	12174.461872576328	11821.377898397965	8612.298068992806	1046067.1648270804	14505.016465956593	14679.660190083401	18788.9651419782	18892.39423285117	53051.48281002779	19224.80524007811	10982.48248457454	10878.753492558022	8542.280327128305	14858.513820441573	9854.260854517006	105018.07037544472	11642.18443513557
2025-11-30	12040.168072203025	22024.315647660685	24236.791962178184	14560.340558246586	24172.952648793464	163376.16075171003	4490.3238007421405	13509.98026818836	50606.73729496598	12344.337171105586	19335.967887042698	48395.410956555235	50054.674527749194	109456.24213740698	9388.603277237165	12333.81236106517	38500.45946535638	14332.198658727411	12203.342123507558	38553.35836376228	31379.37130279196	15113.80172472532	10185.96432794506	3455.2258188614637	3352.5091576536415	15844.219212292663	29973.106929051715	36237.464905263754	9033.638755677752	13570.371200490577	8254.276083798366	114412.55255322775	16451.959715351095	7128.824343455463	22668.738480550735	20051.543426187403	14342.626960756603	14857.274529086191	72777.21025287537	7846.2173233073645	28314.56280861421	13478.850335177078	18696.18564035532	15146.052039589633	12574.256334034233	30025.694458953283	4121.198353629209	13531.058627457447	97483.16413115649	11460.91995619651	56758.663987556625	24628.640441860924	9062.809907509996	9127.370258252433	22390.11423516436	24406.29866899884	28715.98576551403	68443.72671500978	34547.69115419898	14113.661715922302	9964.164659838993	17848.532971236506	7689.261039071329	9062.28136116228	12624.664590109198	6404.914129388567	27703.115349744254	13127.154224720342	11196.896300642982	13936.912348125134	8579.9397722896	10520.30587520562	27566.839117280215	34960.08323532585	113714.72986154069	16007.037058140008	98250.17495777796	115416.65944735007	17487.426271864868	11374.079383209732	43636.038721071396	15911.083452098977	19899.361473331337	48632.455856347086	10578.434322710435	11944.020116463013	13937.642319001372	18787.287763292385	18388.343416669068	7637.542662093287	14266.378484920937	12211.565367024175	9307.440186726233	54158.95053607464	61953.72076971864	12563.426384412644	12417.73039567747	9096.1582873326	1048128.0584804199	14584.354606644121	14982.277524624053	18023.310261693136	19086.515715021356	54308.09815548211	20194.907759480706	11296.052762491689	11216.820333245747	8789.388765602424	15021.458406938382	10052.47273374639	105229.46061903989	11260.61556356853
2025-12-31	12304.494812568699	24145.302520425626	23428.22768630598	14996.095338030127	25607.214720703436	162746.9838391117	4626.135544931317	13285.27725504888	55455.515231007244	12189.022205036723	21252.17006252665	47691.054713922	51403.236028992906	109233.83795082194	9323.070284654274	12101.055179029638	38666.68739340757	14939.581056689576	12325.580228015006	39090.19696634215	30506.857364831594	14916.910278225767	10270.312574369587	3250.6273652199834	3409.866524939135	15751.09508715592	30461.315996221034	36449.59180424924	8649.812941378954	13423.752951799011	7975.131032121699	114623.34443977001	17219.88451765047	7315.978247558758	23246.53738915371	21676.86128928348	14624.419692815285	15179.182251584305	78670.34890995515	7640.568841084158	28621.32048156872	13149.50057451741	17401.77926358492	14120.86506416895	12275.247984054724	30445.304159495572	4155.590901469399	13373.016324548067	94921.14720400053	11276.970080337504	56898.282520133966	24591.088743515225	8798.55132761474	8405.03055447114	22318.246457154386	24306.408737325033	28818.875306122667	68058.79161726318	35729.66723808821	14447.111875849589	10444.482995588616	19813.550299898612	7740.403856401939	8902.065469399147	12646.046398479742	6337.957930523934	29413.929039533305	12945.009140565026	11369.004202793265	13640.92677350633	8816.633912534606	10742.154534008921	27456.353938502845	34444.71202997362	113820.60662590497	16040.856909769562	97882.83430966137	115645.51145632718	18519.602387154708	11439.912003078167	46168.78507186829	16142.623435060239	20132.906266861664	51979.79942438882	10773.68686792103	11781.938340196666	13509.276875802192	19471.883128303416	18803.259872600276	7452.906979819613	13812.40320414471	12034.352293760952	9329.044701309293	54301.444105601564	60996.608211384184	12360.860959733192	12493.116824021528	9105.624119834083	1050827.1799812596	14725.62391441088	14111.256406916393	18277.58277860177	19312.087993390902	52152.24502568157	19631.759556249504	11048.763926531203	11090.045028124016	8501.757280535108	14764.4292990963	9663.902010666243	105480.75381968528	11988.404456908971
2026-01-31	13190.98040270558	31211.122927333126	24362.32432900795	20678.570866630238	30274.690593345033	163771.25020598594	5970.332627837917	15594.561945570591	73414.20677448045	13431.960820208647	26894.277027688055	53307.85466244446	62510.27021562387	107801.89957563303	10465.419370207923	12159.875176932897	38776.86492285127	15601.243228712585	13669.384572782625	40640.070445631485	30736.96530907505	16826.818660216464	12756.272235065735	3804.013674558337	3441.0394858677505	20694.043214843314	31309.544046552655	36819.66745929327	8045.829732328864	14807.34668433807	8616.680117669597	113563.59893243047	19876.919596140157	7506.151314725041	24438.86380984182	27554.977489405293	15249.732095918509	15544.960988131643	99948.27883260198	7566.520519527836	28887.142546806564	12982.139222383772	21488.77341832126	17622.77841370824	12141.786420463555	30557.14875235756	4273.892365737391	13291.727367885745	94261.7953916298	11434.655903801957	57033.70906747938	24600.95078377187	9048.334202552474	8678.139641299513	22360.775959132414	24462.091633991593	34448.546676099446	64193.82161082822	40364.82755025255	15786.92911487192	11546.254729978082	28576.82855536952	8482.336092187812	9882.684257538542	13265.319993041228	6300.448650340048	35801.210638966106	13194.170534615107	12896.282033445455	12805.553679908167	9540.730000321346	11321.059588029162	28489.028585602733	37786.20879636385	112641.89364939052	16275.119286945777	97636.41765252795	115470.78169608663	23111.830072213357	11982.979378658296	56340.0491217542	16201.759205638617	20300.693886235364	68546.2153433797	11357.241680949624	12320.442502946062	13282.32752670139	18573.148412171904	18676.0793324756	7388.3332414183515	13046.563614560702	12019.573642421863	9362.340934774733	54461.828392240575	60956.7760785142	12340.977840834123	13088.628830488598	9552.953457653102	1053233.1069842242	15187.937500774344	14170.510694149212	18315.114903251066	19312.074806732177	51546.09343540431	19568.833044414307	11019.030734903301	11106.347532770647	8410.20912874092	14486.166613783502	9539.679215384489	105724.85621965113	14812.348990156392
2026-02-28	16080.511932223531	37086.30931185094	23047.56920108283	28780.679081503804	29647.014615559336	158593.84371376195	7873.595507298491	16979.38545655781	92270.03146520062	14594.322196661531	32274.90596219656	55353.39330943803	73453.26790062115	109109.78600997601	10363.191150050126	13224.316206933418	39140.002264899624	16210.352945276098	14296.196284367163	43403.980141223496	31224.45214817283	18260.308775471956	13902.611971071128	3708.3639832586255	3679.6632464560385	21250.191490503043	31725.927502014514	36984.77354177444	8181.730200422152	15351.340121053196	9552.184628907147	114080.24592284342	20843.00584350278	7838.051964960592	25951.988135252454	33559.3177412223	15254.923780304687	15699.839133918671	121477.25149748864	7822.852832950741	27895.299889698385	13206.930443872241	23512.277403056476	19114.575521685896	12369.051565448153	30728.10588950159	4398.725035799909	13329.707006281798	95983.3276504165	11977.688679930907	57151.27997367147	24421.416205984373	8114.09623973238	8508.990426175242	22195.89050122039	23698.384789212294	41380.13678395597	65021.925901959316	40612.37068044701	15759.365363533896	11946.496477163162	34729.87252676815	8943.055895508516	10190.844380830822	14279.069651184029	6511.58188208504	33457.5022980548	13373.144257892873	12721.175394302623	10978.539089612426	9435.906843032839	11487.053764797882	29028.99520132893	37739.94927374875	113404.02200236244	16399.512154535576	98807.25445875284	115884.1896879707	28741.509596481876	12891.186897120504	61479.23561896608	16054.505010675091	19617.087819624987	70206.6204545238	12212.603753980111	13287.722301044487	13520.83063756963	18139.08052176218	17898.86138213602	7630.771998086864	13258.290546902577	12049.620777691975	9362.116282203177	54589.87473929132	61116.91968365538	12381.000144789436	14071.071492224353	10359.77204096571	1055516.880158287	14997.7625117302	15432.257854543259	17426.380677146175	18953.911278341726	53460.434891459925	18840.15097681461	11141.590408559685	11123.722750454199	8715.296617196112	13919.154908497725	9874.834416803096	105949.7156132219	17712.623438636707
2026-03-31	14275.759533172575	29126.243178991943	22991.19362047634	24779.424243773974	25760.58302975398	156893.5060466975	7447.321948335412	14394.110614006737	76006.77162887166	12936.863979016398	25279.846386864643	49694.67233104387	64154.14140380282	106077.15439547825	8742.667345138145	12285.245525987724	39259.14505958665	14478.58509318969	12479.37457141699	41935.09064864165	30902.84829590423	22090.457284597767	13465.877181344971	3496.6197125263134	3145.361354190467	19254.4931961019	29178.42503830314	36371.38147295644	7292.766311993694	24083.4054047299	9174.975044815365	111916.53894674583	20637.063864710733	7511.331063772184	23753.472362512653	28007.381190928336	14116.817002260104	15705.870855254714	101556.15185606551	7537.672048975388	25917.89890542025	13720.506857362005	20420.42736638899	16697.424251830827	12826.869787717613	29297.34437089247	4375.521614420431	14189.850809434418	97776.21798673994	11198.087613434162	57281.93153442381	24178.531190593818	7794.779601142998	8584.715120310986	21960.75425142789	23443.732188408274	41679.840881889715	60062.14178749366	38700.35847157034	14888.890995676691	11958.929236648786	29689.959027706398	9172.628559139202	10260.841726705734	14861.059865507912	6996.370099345151	31087.442053557537	11975.88022143567	11498.84922083635	11288.403052587075	8937.30330653517	12184.488397623903	28419.24564075241	36484.479889845505	112775.455972682	16023.065060859753	96837.1727844498	114464.77706393704	24401.63548303108	13368.22870358796	55256.79314767629	14969.747858288294	18281.94984440223	67549.42601042769	11931.566637803913	13047.842407094146	13186.060109534566	18033.457809486637	17469.392424517337	7380.8471335277545	12107.678698678277	12800.531160173787	9159.791099603788	54726.796204984064	64980.53300710663	13169.415920257637	14584.977208171602	10833.056891809483	1057912.8237766647	14651.48840320707	15974.537996415069	17118.358354750002	18915.09617038311	54462.07675954575	18933.452963901032	11679.833701415257	11540.64756952417	8925.529354236896	13755.684255197004	10116.991376321039	106187.15012298374	14908.343326389046
2026-04-30	15548.324853839764	32385.973222313685	23229.29183297005	27220.23779903036	26094.28433551384	177497.97333848622	10106.627898769842	19842.51756861463	113701.27338332453	13620.22501060104	27873.925831281278	47456.99495069321	89116.40469411407	106560.86544803486	9323.355653921924	13336.657808362372	41292.23243096949	15359.330896993899	14246.787813752788	43540.03435375467	31148.47693868835	20028.83198987419	16047.353031844421	4024.840059666565	3404.4169391063106	20557.220365880297	31614.677362066515	38806.29823455369	6600.419300262049	27102.009307957982	10198.163193696748	112459.03053081964	20450.651716485947	7387.685988266721	26867.5537248784	36208.448387952136	15695.914742187739	16563.088554351532	131155.085329092	7484.107131402981	30073.64142129395	13344.87892043754	26746.09025726971	21525.283281189026	12497.697301356742	29885.110556684584	4547.4268604568515	13862.836322748853	96402.52463751269	12109.386236211685	57428.34699199951	26112.927990086362	7886.583983845616	8567.035819224147	23737.579661072312	26526.899889882134	58287.84579750082	60747.26329306168	50165.71984919511	17781.386007998226	13881.169397575673	40080.05729912735	8963.652808100833	11240.855795822556	14790.535395636527	6027.110218136334	30416.85388861705	13599.492764682822	13590.531048500352	12098.15538845135	11106.071837020709	12701.775264618014	31853.349650918397	46202.398378725025	113402.47496854208	17566.04148437144	97199.87096146889	114950.79746002605	29549.63198057067	13331.099826152014	69339.18150253133	16563.457145153967	21173.247971999608	79380.13287888194	12200.506923095378	12821.020099125482	12739.576153292683	18664.770090689137	18565.718041751963	7336.788331710609	12418.31669060676	12496.866580612936	9337.39595980432	54888.178817462016	63450.35098565412	12853.454091409665	14551.498946422864	10647.151379360412	1060561.161972004	14981.599697229482	15582.214297422885	20330.074796046818	19726.58075358776	52695.381418961704	21111.233452189677	11487.150523861337	11488.780466472523	8710.563584453907	15512.44513814074	9780.432387111516	106453.19483927492	19056.209363065558
2026-05-31	14408.146481799522	39652.9477614335	22957.662514846164	25857.420823050685	25342.099110734314	199946.242065328	9202.576700698466	17797.493890829348	177971.01529034952	12839.737084293407	34367.65094347317	43976.29347608548	102823.28913270833	105220.32696100406	10031.869557783713	13558.776171332582	43132.88237469647	15933.660027812564	15339.482791091208	45050.67073835126	32457.534154803994	19873.88236553951	14704.87656537259	3534.0987008669267	3036.0152222325864	19383.4283341231	31987.387865743112	41494.059182351055	5814.093305279924	24417.493141209823	9428.262077954078	110998.8710557195	20395.582792860856	7098.653845542863	30640.17752667894	47477.74318103175	16594.742721232386	17355.85514483854	172421.81757005816	7428.384281567121	33238.06830841607	13506.919211879427	24561.203102456122	19966.678181775213	12641.67319373055	30976.59700054381	4042.168454844896	14106.167632432262	98794.26711091856	12265.8677115869	57546.664002788515	28080.13806124874	8054.364462219177	8031.797283309247	25520.968035048147	29895.76164970356	51643.12510622329	56335.714512875726	61205.419463042635	20714.332585853608	14284.053444554891	50204.65353033943	9657.446951495393	13249.930114195999	15674.44251455458	5446.067875328896	29812.041442313723	14878.729761096056	16315.28902256412	15230.975010510972	13027.208442962024	12200.127627469119	35374.6194395052	56349.35873946525	113063.3099268912	18377.183815160693	97326.95481441864	114777.57179564462	35326.99317028801	14110.529590987495	90554.52074883081	17516.924638584693	23426.808892242327	69580.16784718659	12688.073045757	13257.649749832532	13527.733034424413	18806.41207035099	19555.63529097764	7297.6209327252645	12364.47721602131	12737.428016153643	9332.441945632781	55013.510449137946	64653.203298000284	13098.978112999312	15396.690210338387	11138.110146146315	1062837.55711808	15184.161592863835	15447.759693963231	24215.306270884692	20174.20739586164	53417.659848714524	22552.305684026534	11692.378769495102	11717.26397239863	8746.3173887771	16239.471051960518	9923.149018983411	106669.94462278305	24481.417877995922
2026-06-30	14384.208238671532	30455.308032487756	21258.8640654862	21401.908818922435	22703.52185826259	202622.9068876467	8151.699467933989	14951.141871687836	191769.69019318355	12052.172747486631	28106.900714707823	39700.12917341875	96517.7182976194	105546.32902637814	8224.504395422726	13994.327257049641	51400.51156896704	15902.338687734617	15417.531983605762	48665.409002623914	36392.025915400576	19293.223545018373	12293.157570303232	3505.53794579444	2773.819339759456	16680.078624929585	32626.088238901073	42156.521544961535	5369.157940909055	19525.657657381602	8764.586730128325	110256.05304902604	18712.920055667302	7485.171303584026	29272.830896462216	49832.63428580436	17052.678410884248	18002.841094424795	181138.82618513945	7621.06681746687	32727.31485751548	13961.145628413778	18895.575068570663	15198.126514758196	13083.884690605733	32010.448370741367	3886.771283230045	14522.598536571328	102902.06984008175	12483.76184314142	57681.17276509476	28360.782990998297	7468.596586401206	8070.703469179765	25779.778188213364	30286.697995549035	39578.90931993728	52838.91319261289	66486.5742547128	19383.96289078359	13101.68732121155	51088.31343634297	9344.466675494648	11614.997028317506	15881.042224618202	5509.020617517412	27426.994708557817	13615.241412510757	19798.756125111115	16868.63596247435	11824.117692569944	11495.505328239264	36670.99628907177	59489.7125884813	113441.88270965096	18272.849984256656	98030.87389371626	114926.01761845197	34246.608419415075	14289.791024460597	99320.93682695425	17211.24028679115	23099.22149887509	58459.903409561084	12517.677090679666	13667.986977887034	14843.47121655132	20198.809793191944	19164.73762256398	7502.882674513308	13030.425924528701	13129.864844049462	9351.766559811567	55136.934365515925	66562.9302683846	13506.449882496887	15592.652572484116	11380.105362944672	1065381.2286217485	15034.744298058315	16339.482507591101	24773.37201752962	19131.59755478258	56243.922510461736	21769.427231457557	11990.632292451271	12069.698406822192	9254.71404567594	15262.57553218415	10488.352346968182	106911.01145026428	25601.504174431742
2026-07-31	15436.228553106364	27138.36667235089	22552.452948776263	18332.285247304157	22851.75722682997	178366.13043878242	6393.120496678225	11769.17613462016	119154.7554930902	12068.88745288199	24901.81119606512	34400.47823909025	72256.29023020703	104472.99842627741	8145.83504784212	14277.957150775732	46306.01921332158	16243.603982290908	14515.943216689106	44487.63537535882	34519.05118871353	19663.201957517515	10585.094221391098	3705.7905424923765	2454.699009375415	11847.097779531152	28497.27779175955	39450.11716020621	5327.615558900342	23183.2648731846	9034.279585978205	109880.39776731802	19754.626340370192	7724.4939318111665	25662.17242427609	36006.435524853296	16664.08199016533	15755.124908170961	131557.47004242567	7285.885011212067	30881.083523586953	12798.61827996865	15723.927968877571	12454.919832498195	12003.899184199498	31141.34456382951	3954.799846833058	13551.352985524783	91540.31865956064	12696.355702820263	57836.117364447775	26499.400245376346	7542.941041611812	8243.7984122523	24037.358586973714	26659.34623591852	30497.298179604844	51110.31248781996	52684.194852489054	15791.500861397479	10832.193365499334	31352.22539146267	7536.210237614316	9454.625341414696	15509.124752531581	5809.149535660891	26017.925204514195	12366.367745457032	14450.84227770713	16298.859982165328	9283.609094170974	9933.255014540035	32139.848722457	44246.3821338922	112789.31994840686	16753.62312241792	96195.64183446739	115305.06060266914	26870.366776134593	13964.634305665737	75505.36999939366	17213.32711320884	21828.770244651198	48327.86242721162	13131.719033402704	13053.310900685066	14291.988773696712	20043.609499647566	17425.35359853211	7162.360737534207	12082.556148153764	12233.000168291293	9317.287679139747	55314.85635088309	62121.37843440301	12586.318914043875	15243.377417958396	11155.670730377522	1068067.4455473968	14593.381451307367	14974.45132100165	21752.96165999699	17950.044907712356	49951.06870053351	21038.287576300438	11071.84295478637	11200.103228973963	8274.76952522136	14557.030513900645	9308.436243856513	107188.32377696311	18460.02212298016
2026-08-31	16204.49165842872	28276.72273003261	21400.56136365218	18434.669959340332	25346.31398845408	178965.05760300678	7920.4996138768165	13337.568535019049	135881.24648547696	13192.104491126493	25576.882092295833	39070.1442007811	81373.29389218352	104837.90486621707	8582.249589762734	13760.809560734891	48366.09095670625	16546.629198650342	15246.68839544603	42100.94968093431	36153.56083779449	20086.50952644535	12519.659562200757	4975.882745543044	2698.3516594877333	14674.159519288805	29046.79238059787	39040.75392257419	5343.026044478949	23638.297498955606	10523.754085807406	110142.6702836969	21327.85556280741	7875.720706457073	25650.146658108162	38973.598219333195	16922.596568185796	15231.41926300517	141388.3063721371	7301.833587536823	32415.39702041962	12224.029177301674	19253.327216079684	15213.979701919396	11497.194951914964	31678.586379379813	4049.521062660071	12984.593788483606	88014.20653182856	12283.770430904106	57975.556598775256	26224.74928798699	6939.965689602892	8617.178791807568	23838.83582340106	26758.059954019773	40019.66419915979	51062.57812815903	52387.8348581265	15805.313855648863	11602.228328889241	35102.43110868968	7136.58975811981	9241.616148591367	15398.756414532425	5532.489179753815	28021.09730045815	11781.71045433783	13923.372059671667	17671.310256824476	8967.793840035529	9465.533622031226	31565.903787468647	44843.95394933904	112824.1500466537	16780.75469839394	96567.83142055686	115717.07018858014	28381.263774267936	13868.397277483278	76139.87812554359	17817.61913616859	22874.04826046967	54189.79132925265	13613.664373129875	12397.762139616872	14251.750084866308	19481.522053346158	17335.72166476593	7161.684548722017	11480.786049419545	11735.526656150978	9381.219687736206	55458.831667763094	59600.01840246051	12066.115766829409	15130.464882256907	10992.197455092173	1070509.5563673454	14726.738131886912	13711.861037684746	22148.39904113928	17850.116920514018	47816.18627650137	21132.346699988913	10606.983251421885	10822.15098104785	7924.588364381338	14727.441125898851	8889.857302128072	107439.54612572076	20110.425985357404
2026-09-30	16289.132495395334	25166.404287073834	20460.64728313576	17372.918305082283	23466.9997084751	182162.01089864504	7696.092167377104	12531.895816391501	141767.80914902352	12155.326621155255	23016.575171358196	34721.42088426991	79202.68367127789	104031.97434225546	7835.623290299978	12942.449639138757	45215.73259934517	16150.984984997938	15231.544033707043	39666.161700200726	34957.25571495136	19683.681699285054	12115.374564799844	4228.054762728449	2633.509076453838	14598.779434356231	27957.59558371771	38183.32924914734	4796.054590250058	26761.71621160269	9513.8821542302	109854.17469279317	20349.05869279438	7476.4367434699125	24916.47549643198	39840.75924739668	15952.53399619729	14354.358512324583	144491.08918028485	6982.202221711719	33302.87342109396	11713.505815533807	18377.99358685228	14400.136794070913	11016.718761630013	29229.7462211479	4039.3041558466557	12836.854590982235	83470.14788075116	11619.753499765808	58127.13463359508	25915.337128400126	6331.1941623360535	8708.33873956565	23554.367865405868	27237.257664737655	39019.46972338123	50761.31305940449	55425.680935702185	14952.09591418634	10246.466810444192	38425.0976728736	6664.499675359495	9015.773274055622	14514.57485271112	5393.967421044521	25671.875749680807	11270.310374937491	12948.340857860621	18696.521445570237	8680.873616021958	7996.833186658499	31792.402339843546	47499.744576410245	112330.2215425015	16699.612646822643	94337.52050574438	115389.22658164043	28571.377176536345	13067.555920979765	80231.23211849034	17797.73213636316	23526.6177788241	49848.77773265012	12977.607964195608	11801.40670562948	14053.901631116947	18075.504266283086	16066.345639917054	6887.5786873670095	10617.137022768067	11623.31185772577	9183.574314326943	55609.110049087205	59090.12782575455	11957.905322185294	14251.700395073778	10389.657550046402	1073196.8814740719	14494.271990526326	12565.588123189009	22861.48308601288	17527.338447682305	45148.29160517338	20481.096632334422	10188.795835479023	10459.869496489508	7535.752018535962	14964.82666916001	8432.946477753927	107714.79088263142	20467.963198114383
2026-10-08	15530.597890481104	25111.293883971055	19773.770227597994	16989.77869703382	23122.249990889846	184457.71909058266	7410.815380230535	11966.777994262235	142159.46278590697	12051.728956911102	22739.736724104943	35223.48190263343	78071.95886472744	104626.93669819548	7661.581977821874	12671.795301223086	43306.74164372953	15835.812030781186	15272.548251053346	39109.56755313127	33608.03924109223	19934.958803102658	12008.917955149995	4187.282961335264	2608.8596586391823	15565.118107323633	27088.674861991178	37912.604039035854	4662.845455945315	26410.366131612584	9510.746317319694	110457.47420914979	20307.783084149825	7449.732398233435	25282.8586092635	39041.273726481144	15845.860437381165	13970.604953510143	141510.6590368839	6805.850069428491	34075.714794409185	11542.765806735431	19988.37479958913	15731.410524814717	10844.116211300938	28954.523319410873	4038.259504870208	12703.964205968194	81334.69212127347	11269.679796867682	58181.47295729985	25918.135535262503	6087.224817573002	8509.791835611426	23555.136495793933	27583.19555202305	41101.38967885566	51900.66603310639	56996.1150292407	14846.784247318323	10333.639587826381	38775.4718022773	6561.234364854984	9104.555414814238	14186.705464147222	5280.280231907642	24924.902367177525	11084.072199216796	12154.479401808145	19469.57879517407	8778.152300500686	7833.026037083078	31754.45007312011	48160.773268012825	112888.44442320317	16690.144145213206	93977.89126580452	115794.03833067627	27906.13678676676	12759.923622530618	81145.50725370282	17996.64787926135	24082.238055588256	47685.899304145314	12812.425248881113	11602.856459550921	13627.153175972406	17700.172008321344	16038.635801247408	6713.986833980219	10271.629281961501	11501.66599555393	9155.736697322718	55660.75343903397	58468.285244554834	11833.215791318291	13922.553137346054	10124.36429843895	1074162.5587960647	14459.977249703948	12821.737128849656	23159.108846437903	17279.291826490073	43672.75911266167	20532.37801976045	10052.77486985872	10319.527171765298	7280.023500579249	15065.150833411251	8127.90457742981	107811.71221508223	20148.842599941076
