	A091170	A091180	A099140	A102970	A132030	A133690	A139220	A139230	A139260	A139280	A139290	A143860	A147970	A148070	A157490	A182480	A185680	A195970	A195980	A200030	A203780	A218420	A227550	A228790	A228800	A232080	A245710	A251350	A256440	A261220	A266410	A273130	A276000	A276970	A276990	A278530	A280930	A283580	A294400	A304660	A304940	A305080	A305540	A305720	A308620	A309230	A329200	A329750	A332620	A352560	A357870	A360750	A371160	A371470	A379800	A379810	A385510	A385560	A390390	A394660	A394670	A396500	A396510	A399580	A402970	A409810	A411060	A414270	A414780	A418670	A419420	A419430	A426020	A426030	A430500	A434060	A437080	A438330	A441800	A446720	A446770	A448290	A448300	A449450	A452360	A453630	A453640	A453650	A453660	A453850	A453870	A455030	A455660	A455890	A456610	A456880	A458730	A458760	A459580	A461490	A463640	A463680	A463690	A464470	A464930	A468370	A468380	A473330	A474220	A476760	A477080	A498400
2021-09-29	5875.703663543381	18947.438634337075	16711.499497889992	6541.779115466228	11745.176417519015	77517.8531073123	3178.8981045704886	3258.706259447345	33810.43383162864	11082.313467324702	15887.59079894142	42680.984182342705	24030.64336170517	106994.8134306082	15771.77819612331	12232.383607276543	33349.2371361133	12173.143127577903	12017.905839830246	20771.516295925423	22328.376806618508	7234.144281524927	6717.1756650692605	3174.0624027847316	5625.684252437833	14807.342023221992	21838.917397420308	19382.240955582576	8315.856204849439	11373.023837112272	8254.915451922847	106921.66705481248	13052.219114512553	7523.498523233912	18691.183925804067	13239.72190353575	14645.739495028967	13363.251127482536	48106.096693131156	12370.222630713111	18946.28131607181	12020.842987864482	23377.06579691486	23092.04969410867	11707.578923777508	17148.797734067663	4151.024749779463	9541.81154233126	97338.97385880839	12112.697285363469	50366.22799513626	12339.716369358415	8024.458152254249	11559.488740433446	11152.820091075984	11520.969695062346	12293.072303840927	84228.85636983525	10417.288435257373	10570.578441217844	10883.938936175286	8417.83977207162	10335.104253868345																																																	
2021-10-29	6020.864961341669	19212.781255186925	17163.121080875328	6619.65392568511	12092.569291283367	79672.30998025433	3010.5424517611923	3371.1990630210557	33033.58707850751	10304.209671318746	16095.082876769064	37397.201765994214	22621.314020769136	104499.16125660996	16812.58602407378	12942.773985275539	31955.85748122769	12350.226032393739	12201.442122369781	21245.69859649348	21206.222893119564	7941.573862214047	5947.157309698992	3144.188444197058	5363.412135776522	14510.832558004131	22747.9978369887	19771.5129387296	9266.874459130393	12673.954990410879	8045.285102763416	105187.10423533001	13911.520088405547	7651.25680875649	18630.738474067562	12880.726136895715	14820.199391116774	13507.95119500281	46788.39406117958	12441.411404822064	19637.240025789237	11814.5683210781	22508.822056832283	22359.362763451572	11456.621597841915	17252.73897056373	4262.485792183738	9444.569798289727	96730.99340436295	12844.224137018187	50405.5508768349	12663.22960158985	8275.547707994836	10901.63981007396	11440.475355930677	11834.17772671699	11647.261965820016	78458.93044266784	10420.98499707073	11067.508200243868	11940.580542507118	8258.447060432072	11039.527884583404	10170.83464566929	8481.787401574804																																															
2021-11-29	5811.594868595582	17851.429261103276	16579.024447498836	6397.662826849903	12097.181508335729	84686.96959462643	2844.5912683212528	3016.8661876674	34299.72916774134	10000.118256668888	14748.438174764098	36363.277352906116	21632.680435807237	106535.24153287947	17036.439724247946	13232.640944373125	31049.35108940958	12034.138365376488	11809.789482804357	21782.707062100693	20972.869240867087	7878.03569153493	5461.480196074157	2763.9068365995618	4413.329844671314	14853.640215793876	23657.354423998753	20199.616962200613	9262.295130669812	11569.46151921987	7575.677290575553	106160.40703397	13560.05181480412	7637.416988018422	19428.81576573299	12667.823214877193	14836.306451415725	13592.200036025617	46046.098820397405	12630.323186593725	20508.404408569346	12110.387335571442	24086.87157288649	23433.853412801152	11693.060497580336	17527.928379411205	4243.872953646561	9625.16601446619	96610.60164403601	12854.17985306937	50456.825701022564	13155.994003882219	8059.463751577238	11211.089334316162	11886.175661790541	12577.051385964263	11792.088451033576	81780.29155632517	12072.967410557269	11891.96606040392	12609.57281378772	9009.670571540384	10523.521466506903	10016.225970567115	8712.12753085467																																															
2021-12-29	5911.113011978833	18963.742582185092	15622.61492872821	6761.888734021861	12149.072788758636	85371.98221539726	2856.298114679162	3035.4863955655546	35887.2542239974	10030.281868962826	15757.27664719538	36796.77089793142	22467.30927650462	107620.15376049078	16620.576494560177	13689.984063062893	29826.396816814206	12333.76510647258	11755.95377082574	21805.7737023132	20610.57606169444	7812.965191134379	5854.929815883683	2759.207865215978	4627.56867511984	15243.38387456899	22944.798369492157	20541.1396242659	9179.305674384865	11746.069946160678	7681.673985642741	106826.57639441658	14060.324315560298	7769.299962858436	19798.109650329534	13148.712344842723	14512.556283547032	13767.177540826806	47797.847774290756	12669.767996149823	20735.990820742703	12091.973530861696	22728.45027276792	21802.61676951728	11718.094352498174	17753.261584741682	4271.653858631362	9591.209470073227	98548.39626779596	13508.761848969425	50501.7914719166	13448.64243054247	7196.638495078982	9852.10187103494	12151.050540727534	12683.220741284224	11630.160759470094	82942.04316289224	12289.70876597581	11602.803252450482	11353.245804446415	9900.226098458903	10061.011693601959	8940.275891357891	8987.161461622127	9856.68492690817	10118.37322911578																																													
2022-01-28	5920.452810818201	16813.956210967342	16167.831394488778	6159.040028995863	12167.395297085184	74372.02969788657	2563.158579968507	2678.3054015571574	32632.056254984964	8721.589240208563	14326.13268960793	29803.0608142714	21007.82357707466	104282.65871961295	13353.61389616799	12573.025125972777	23251.41637153474	11589.66855991607	11419.540784813771	21034.134414564945	17533.617971694977	9258.488837702365	5317.2401141785695	2427.2533212699245	4170.665004047716	12514.456759635865	23294.03285493773	19205.39231259328	9331.873372700536	13562.125618967984	7064.660171353333	105125.07724646396	14754.06578508583	7567.599998617155	17187.1551838444	11876.413182598279	12692.770287302152	13204.32562788846	43176.85475485219	12105.345306285857	17813.268616195117	11915.950528609052	19147.298896050583	18715.37405186499	11588.329474494149	17042.86087525443	4122.77264149373	9702.987358669981	94670.98046989263	12243.072278862881	50549.39649524282	12423.78373272058	7121.522498435256	8543.250251341758	11224.170830273886	11045.965460405703	9393.732188301448	77528.07319357069	10555.23666511	10542.07156315005	10371.669109938528	9155.702931035088	9515.047791963432	7643.752502572961	8742.874953346949	11389.32269417367	10269.455272410869		9566.457142857143																																											
2022-02-28	6191.957135974162	16206.556072068066	15586.981238675668	6405.8640252686655	12843.10757597083	72275.14022457007	2748.4829107611845	2977.1306469169676	32154.474529480955	9080.536356312714	14035.658558398016	29940.11044334722	21700.571360868747	103846.54041541566	12997.89594121512	12422.90475473452	23412.666097321973	11193.705187486878	11165.922525561466	20261.612354791316	17226.766626808057	9575.110944705344	5798.610432587106	2875.7911653645374	4737.217394504562	12426.730546786344	23327.43673337118	18976.746064728977	9615.468638890734	15210.37854051826	7489.013327255903	104771.1253779497	15425.904850257053	7351.078989410395	16570.86211072992	11975.633779194575	12801.478682595396	13032.444989492904	43610.17479650404	11823.678227788187	17363.28903300711	11811.584842493166	18420.537995524963	17888.386300560196	11496.147954290293	16880.345725482464	4265.209052172247	9671.56172938293	89645.21646873653	12017.022163666836	50606.1054817066	12205.610442290239	6717.570730295175	8458.836945534711	11021.174168284722	10743.910907613603	9838.327208451035	75420.94174985196	10441.755024859105	10286.102813993695	10168.261183430137	8927.46693688557	9859.147461119812	7901.31321240426	8593.791541576207	11525.875241556907	10677.183244534577	10004.364613880743	9383.27174534767	10280.451612903225																																										
2022-03-29	6357.596927561066	15930.802216636795	14581.965192759015	6444.7398965149405	12987.341816153672	79083.79267528577	2983.879681554624	3088.492485295576	31742.468386601504	9320.322560379707	13876.985246007076	31607.43362447823	23287.45470918915	101737.56034000475	13827.368303100473	13129.844363984594	24126.584649402805	11393.403664980293	10741.654264302302	22051.423018669804	18423.610459836247	10715.648994657411	6164.149234028688	2706.237550337153	4923.331358370579	13097.139893971533	23167.135500787226	20243.33342313016	10300.710064828185	17678.051930195885	7247.227409388212	103369.19170212818	16894.998174485874	7693.407566221217	16860.775157665463	12069.900075213965	13467.858132321706	11953.228630914668	43873.31378016433	11064.600217205483	18671.285502031387	11534.012797517476	19237.671507907857	18591.69747426281	11226.002722068699	17854.057161990597	4388.77843896685	9834.260905383548	87485.57948535246	12653.888851208045	50655.7226488218	13217.37277719582	5996.702344075642	8330.044727014438	11944.243084286058	11751.812650510612	10497.961592344682	71319.06150234556	11151.033620367098	10703.44705982745	10310.271702310913	9198.679045614123	9467.730903906748	9100.716055513787	9137.691493590435	10670.5352132325	10984.87115322732	10121.87383552431	8378.278078597534	11444.845279386358	10338.222222222223	9555.555555555555																																								
2022-04-29	6230.6398554559855	16845.135571933057	14159.659405108117	6224.161205856788	12765.233726423003	73354.08207569036	2889.6532274341203	3147.6806920161825	30823.04039936881	9501.414077558822	14481.417213199764	30473.599011115268	23346.868086630668	99809.64315969471	12085.170152112043	13414.416103463693	21306.104990432817	10669.542844343621	10058.26151152304	21507.23883168972	17892.779082371053	11206.263233500598	6119.610830563215	2933.223042039579	4750.887592712803	12538.091128962027	22462.048909799516	19562.150941888503	10987.926075900801	17110.691773063176	7570.9621739658605	101928.61231615444	16206.20351970174	7863.3883134612515	15268.323215338607	11727.082381236562	12440.972366316095	11306.907046941356	42712.565815843795	10328.805516314533	16779.111908112227	11654.52282095108	20207.743782838763	19600.749624335465	11340.474394202556	17507.947651631493	4662.9333842728665	10145.11261227857	84322.5423403477	12879.820366011721	50743.13717755349	12779.506333276364	5724.737472379487	7276.4301893764405	11549.699469237696	10890.971391893941	10389.317603702735	65790.03639126557	9944.521474603847	9840.948155814058	9317.466403159106	8584.164011559373	8240.578318325388	8602.038643803127	9234.057807527959	11748.177787725355	11161.143928750891	8700.823987826565	7055.585933837661	11368.6044645125	8884.20738214293	8250.442971606633																																								
2022-05-27	6223.006425170623	16514.196607848306	14114.021836584863	5981.22740776292	12395.942474811032	66446.01747528472	2718.6217625679537	2962.751695023903	29714.053545075225	9090.592274501949	14209.33640178149	29508.937592695256	23070.918517814804	100033.65969589836	11464.919683780961	11664.8262489626	18973.74450894354	10536.441596112909	9669.211594126724	20326.812834241544	16980.442451055686	12710.23882153174	6397.173100682889	2500.9962105236855	4454.444982314287	12449.740831548937	20591.11905298025	18690.18282728375	10056.821826793815	18772.630301841302	7038.964286732052	102076.28728220428	16592.384178549804	7450.7936256185785	14518.743530889922	11565.827449955714	11733.521276421292	11259.841226400466	42043.468976146345	10138.923575984032	15170.683174346748	11753.897902532237	20443.81102322346	19647.45873975682	11448.32294173125	16664.709409613897	4575.661199442643	10166.397438264106	83781.847769818	11610.738137856228	50794.8493960136	12036.855397236506	5600.370149111695	6789.1439198116095	10870.453479193628	9853.411365454467	10397.256207118233	66441.98311431197	9632.070326846075	9601.916557213128	10070.403454716497	8267.689541175863	9078.774262577665	8718.799680783546	9137.194177737823	12897.296635013176	10890.554067886216	8430.911563537575	7494.988154575221	9682.108214577607	8701.411205687296	9137.104073415705	9847.596142107192	9764.413502624831																																						
2022-06-29	5220.294113162243	15686.927414987855	16205.083592425268	5238.750202287391	12192.916062327611	66760.76267863152	2397.469566641694	2961.613689781044	26824.155839468738	8828.715023800027	13537.299095791055	28191.90676352386	20646.303518256434	96601.91734774575	10184.913021526187	11079.387990868687	21157.004644272092	9972.377654286192	9642.539408307835	19888.508971601885	17924.762724133707	11199.345808143054	5859.952989660787	2172.8683371525813	3830.023542139522	10961.898815985121	20150.512948569798	18285.468794909873	9966.50599518863	18827.404955687667	6655.61508177008	99512.72976221432	14811.478199665155	7144.4676884620785	14252.81376778771	10512.589261926389	11287.326842079772	12888.987847729313	38173.66022275399	9613.53283353976	14791.964026300036	11735.325504254295	19114.674095063696	18580.820332269068	11450.182165776701	16489.10689578505	4180.182582693672	10416.596566866607	82784.49269573583	11094.315705174511	50871.862860130976	11896.098819186876	6958.617637333941	8208.60885436245	10740.951766230335	9914.960202890094	10410.769144180396	59973.60278271824	9129.063233409084	9395.641623934058	10893.632400705077	7127.157828659792	10257.362432372218	9057.68899669632	8887.45140514096	13037.611888550107	10986.235654618296	9989.815443950445	8509.371091360166	9974.112485937221	9233.01093168793	12118.00827841953	9667.431571280551	9643.744426917445	96237.27291896145																																					
2022-07-29	4984.484478305367	16923.256981832365	15000.819514294526	5306.38715213542	11639.791894177451	72068.263525191	2392.0937641786495	2877.8872279199813	27589.51919630905	9119.933955363042	14256.702664685034	30430.068211056416	20210.854784322626	100884.32237050947	10241.025760153061	11748.465281340597	23481.21409821621	10058.961708635725	9466.370093951084	21109.22757232403	18878.263486805612	11348.974031053975	5898.561062086341	2233.705794779858	3733.473402267347	11512.474783873276	19905.327305916057	19261.040322177123	9988.106191040515	17076.23280582546	6771.055791524668	101994.48885982746	14419.682209367322	7383.753706089899	15232.125865891878	10765.553165099445	11942.36469157382	12302.307696816408	39164.79574409967	10023.553136237344	15844.1643381033	12174.54134209764	18562.897564333463	18376.590254025537	11844.98994950823	17416.025556828237	3937.5126324135263	10500.010243796483	87007.61754977528	11713.91373021977	50956.14112731525	12568.262959265427	6282.356224684152	8054.687901403631	11371.85216831011	10699.16455458646	10397.90829033116	67376.48234787054	10019.029019132431	9812.70734110871	10704.040900142765	7260.87630704828	10609.15886291562	9762.335730240105	9067.951693880892	12120.216019776319	10557.548927363314	9995.29939504038	8498.919392197393	10056.62167432606	10032.989852192624	11376.154152872152	10170.914954049962	10369.640987335308	98101.56591708057	9911.421544652354																																				
2022-08-29	4985.829431995848	16442.626948601704	15044.416843242183	5179.9954999801175	11554.265635291951	74861.93578554489	2705.9794169366496	3360.520422827938	27015.072804946132	8874.617364820439	13854.632005407966	29368.042604511462	21455.962754111082	97361.42324955213	9969.06191065384	11683.138241257937	25331.862016882034	9876.678718530376	9471.751123781294	22546.071805217336	19413.95357538556	12929.331835722	6186.647962151586	2149.854144769473	3918.1331686719914	11322.966921305451	21266.251980140023	19770.064137497255	10740.78974257106	16619.025732262424	6592.243495994369	100064.26588772665	15703.821858102998	7258.395622972208	15405.420267225138	10688.401008179822	12327.506284107869	12112.488509471605	38845.79926948142	9606.39641146959	15931.30974403795	12215.183750668852	19634.33958997494	19714.061016645675	11883.44828986163	18092.59732630306	4015.486312401421	10846.766522417302	86406.97839700466	11531.6659497392	51066.572991505745	13151.664535773238	6153.337367397522	7811.659298599149	11889.020862438363	11111.808492817454	11864.40978518323	60162.60689209208	10110.150828389185	10478.885107714977	11539.605145493413	6943.853461147601	10477.453045042861	10903.355987869007	9544.62452883882	11973.95450135805	10770.673396634033	10496.703930186648	8211.798642081634	11090.821843740152	11620.742580404141	10993.449674753334	10766.768799700694	10892.710733071315	98001.40868050186	10099.334779187764	91185.93108710248	97809.32258064517																																		
2022-09-29	4545.07841960403	15330.250845731234	14203.617831905767	4528.399059770346	10858.577937729662	71172.9827198676	2362.470880498608	2733.6152446367373	24188.7060108532	8233.664613064462	13208.160650554659	25367.08018638735	19395.43918274057	92984.68995257533	8469.651134043652	9838.921926564331	24606.84003918744	8690.378133143768	8330.190850616036	21212.83929160681	19610.953586556232	11778.654002824705	5347.515651058179	1936.3690575857854	3679.4554587045523	9841.307486995182	20576.619360567085	18871.44225552756	11647.171468157645	14209.979738724582	6377.49492227721	96844.82596267026	13602.881020937852	6551.59457702428	14147.606609068043	9564.665736389641	10830.506150487083	11635.25356745172	34765.34092464412	8818.557484815794	14099.682655482171	12427.519303886294	16902.78882805805	17564.479004412184	12068.48572609343	17019.07466153971	3762.97312330547	11597.457475074063	83718.34058712883	9918.997829754806	51178.29565647745	12622.722532112377	5512.030666512188	7090.117071466111	11416.697006235534	10565.852562813041	10241.613958077329	53713.20286016793	9159.375749183097	9788.378947203211	10956.15823107011	6075.78930990861	9644.92214510586	10187.321577718729	9250.523307621253	13413.235804536105	10802.290771328639	9586.807175018277	7680.287386321374	10454.141635332988	11217.235963698664	9662.442578530157	10259.663020500564	10290.168833594671	95754.7987029117	9712.010559241666	86508.43852360039	96612.11871047496	7097.428571428572																																	
2022-10-28	4643.555256039466	14543.291782857601	12130.709147678055	4521.516455457801	10977.286624103428	69955.42740055603	2480.8397607247935	2594.586020689477	26585.637381946584	8346.201148347116	12468.07782776003	26581.671413574575	20443.10114944302	93149.36968553535	7922.762440969723	10004.014221042493	25008.980039291455	9135.641794925945	7996.12755239649	22633.408361128408	20528.17651358335	14564.8992226677	5629.1279840767875	1723.2116935139802	3330.5556534871266	10070.447006812072	16574.337638128967	19518.251747974882	11437.9989551	15742.435255012013	6051.32659052834	96541.13898053352	15157.785949480098	6856.8703357593095	14647.084222043246	9905.845889407608	11497.60915852766	10754.297165400634	35976.80767124353	8324.058472743005	13953.25911461383	12259.105565107926	19400.956519677788	20889.128951032646	11892.080616923764	17423.76712241108	3193.574237772223	11509.098626055671	79423.20651119345	9687.97322845045	51291.15706500178	12920.008319325509	4474.898067532857	7424.819256052153	11701.40943660165	10385.251460747839	10861.99848482887	52018.457695394245	8828.163416625499	9678.58209300794	10753.789951626264	6646.277949885006	9564.126333088197	9559.68250717464	9761.963677450767	13440.085951301202	10958.830990392249	8823.113257994031	7834.8665548084	10637.143570216438	10402.264017555168	8737.071633229405	10452.702660871546	10101.83400567786	95885.3150230383	9834.34848024475	85739.65025222496	96276.91782592527	7298.855000699758																																	
2022-11-29	5157.449093712629	14736.287807534165	13350.241368224419	5125.235053662409	11555.605434962898	68157.53839049992	2745.25301118845	2956.3344510998777	27679.118964824054	8689.737498808181	12688.133291263062	26775.939321201186	21175.406068825996	97759.22987565272	8874.77327651082	10530.652425530963	23382.456453795443	10214.074436102343	8814.235527307403	23218.116720535363	20582.915899795655	13993.984497761541	6057.627049715038	2032.720238497661	3658.31722821132	10482.238270150901	15218.698065599832	19563.716143191275	10677.20152449583	14196.035061463179	6716.432188827179	98498.16310003733	16066.394381472099	7441.37310978659	15096.91762139421	10560.542053185913	11803.175110962191	10743.51513011388	38390.77315612022	8869.621962084406	14469.919150891094	11673.61156108512	20291.57897423661	21806.271798164595	11396.346571703103	17567.374034110813	3391.970983642158	10790.598844551712	82282.07812290348	10274.874721997554	51445.19858817031	12729.823021652297	5148.735806679265	7336.573356823744	11518.432087519035	10128.543410599581	11828.173240661261	57566.24209963267	9697.128520289283	9618.436287541888	9883.876213500487	7012.236102408874	8734.041799813827	9891.412333889606	9882.629752865714	12882.112814208496	10809.71386643195	8490.909733322444	7412.080415693892	9364.579228435414	10027.70635944939	8136.129512088688	10061.69466965262	9752.043111284735	98452.26209242703	9929.716568314667	88583.80093470818	96780.3829598231	7592.021944249886	8950.63263312164	9970.828529555447	9746.857142857143	9778.142857142857																													
2022-12-29	5191.499165642045	13904.953238317445	14148.104619798985	5096.693409498943	11873.342273379669	60183.92793954334	2426.472842038396	2814.267762025464	25325.300410299053	8831.06198090017	12473.50464943249	26434.140014633973	20672.95180163528	97466.25472265002	8688.940355962104	10162.783450997455	21925.05240975772	10111.357595223053	8904.995145138628	21639.871423987563	19209.143366793607	12778.540845867275	5715.394635588419	2296.120917253551	4097.188773469265	9945.723100003783	15533.498860048787	18008.96809094337	9867.848384905225	14388.444439419523	7153.637259824798	99906.05150369718	15965.208295200915	7321.393836587216	13759.972745637326	10040.341339240564	11103.074672740724	10777.71988213423	36512.213971799174	8686.134514718524	13337.38074920634	11102.316646483316	16985.163403649087	18083.916875427196	10780.702708088535	16104.198392003545	3534.1178102424105	10310.928488158905	77016.87519456819	9983.956814020807	51618.50844411817	11593.286119657283	5748.950941738082	7136.127103465404	10513.101249559422	8949.277158628323	10276.074478190718	58326.07668858578	8556.065110952502	8135.787039860794	8419.703333348325	6418.671530779863	8043.1979513268	9148.871452429852	9217.16995969528	13883.262603786663	10733.200288942782	7582.968400933679	7035.491442699531	7984.60981120568	7862.450531412687	7976.807154686335	9105.363786386173	8618.911225329188	98755.10338384201	9391.107781104223	88333.4384209635	97942.65420493673	7430.319105391965	8358.351242862565	8787.176250040668	9260.894067552508	9016.865428682131																													
2023-01-27	6113.147592541372	15195.896728337244	15626.853496950607	5687.487787984503	12645.379556054204	63949.16496249367	2654.938524142616	2864.343674727486	28619.159665300027	8796.829246757436	13382.930807131383	26145.874321518	20814.727386290746	101141.95553304566	9727.637874375749	10920.597006925396	23583.005619249	10851.03858702696	9733.452270489292	21570.52915524072	19694.737495969264	12997.328161395439	6018.1185661111285	2451.070431216878	4302.529125933736	10406.660715954207	17417.86723517937	18700.282287475933	10055.599715608158	14725.199006822355	7199.236647175827	102944.87968083002	16947.336552460845	7400.12181623015	15080.093097582801	11049.87499367271	12015.114055918399	11819.403178100136	40185.805195670975	9158.07581380659	14573.577779314992	11020.200787798487	18951.447617200483	20076.21927611113	10696.948981104691	17208.1940658508	3752.02063414692	10046.214496339753	79350.49348783567	10706.775592639213	51762.02300456407	11877.5726291127	6356.438709071891	8196.243759640134	10764.588428883551	9522.381257160792	10616.992645547783	63858.894096667056	9755.38443018002	9216.568308971557	9563.419810117086	7301.814993559001	8980.061127464109	9236.615531431016	9045.222153358305	12696.969693231978	11038.571427155643	8627.849220155338	7569.560522046824	8276.909334601636	8579.365491678358	8891.495101193064	9394.905900435588	9162.010211605932	100679.8767933021	9745.623348647237	90696.42191100473	100166.4489275139	7968.109345699712	8192.205396084759	10398.445976929666	9742.625964714363	9843.655375921071	10020.744743186742																												
2023-02-28	5478.532481705568	15945.253411745245	14625.689972842574	5657.034114715526	11852.20207175721	69693.62640647053	2699.334123835212	2907.087910018843	28808.114779748837	8208.037556369125	13567.246989472105	25191.94567438944	20615.89999883828	98161.66942047013	9592.842056426496	10881.70446553159	23515.07695508137	10508.543958434722	8876.218998778408	23142.631319887438	19683.225251612064	13003.52936919407	5921.240741758005	2345.3186671901776	4122.585517532617	11543.560240664654	16352.245668141182	19657.704970427105	10420.594276571206	13809.563140916587	6993.260930117762	102088.06166574471	15625.25207551397	7460.779316215949	16242.217003129266	10743.37585684657	12050.391092804446	11682.887203551098	39056.07102890138	8668.86424853225	14811.493755001493	11410.64057164211	22235.535850154785	22660.84848671419	11045.761890637632	18359.66873888828	3644.694102769049	10780.654787591575	80226.27189600312	10387.619666522882	51915.95713306022	12606.782558577688	5704.793111428907	7582.144874869289	11431.451598784548	10366.069825263323	11573.220950363313	60279.194464658285	10609.245823474987	9920.80181945999	9407.524387936548	7344.00160260558	8676.578550591737	9347.116410402186	9495.295705132998	12432.336904280113	10991.870246785027	8960.931739055924	7497.823359384662	9159.360980489095	9193.985911694883	8301.96633255365	9930.770423628306	9852.012602331688	99653.46927258416	10022.10171857437	88583.25102553889	100510.63332234595	7894.447209384285	8590.09847026	11086.429367648596	9692.028998285761	10048.632386363835	10053.091549812729																												
2023-03-29	5089.180192501528	15817.104807141697	14630.185927095386	5201.875546487918	12757.301371767113	72447.69642126694	2836.484495481609	2810.6935673598387	29165.11300670126	8171.014449155385	13517.634716269484	25385.91069693153	20410.35419168472	101553.47103182737	9109.017799226815	9898.331128792253	21047.92670257278	10525.97248892208	8930.22163507366	22223.695190078088	19099.92353746915	12154.608977822656	5930.42997955393	2223.15769416682	4022.2435193877386	12445.650970993272	16730.749299283663	19429.47325964448	10332.345162004734	13184.577745974675	6732.4151032075215	104171.65730386892	15016.437294246745	7245.892140178028	16034.08791276646	10760.816510558945	11158.298011199086	11530.090877425388	39088.691593237905	8993.313235153435	15557.488609784847	11599.839755669185	27303.07984975419	26505.270850037086	11215.477849733248	18183.309826534976	3481.762084669211	10686.569512991702	80977.42184092703	9590.614493961017	52059.652529675615	12458.226637632903	5911.473444741356	7260.818292755961	11293.857724620437	10771.56417471869	12710.876239033652	64645.7224580712	11062.524633642028	9547.54287128622	8975.708549999606	7650.225720407107	8074.315182283926	8997.84050284997	8970.0685751874	11812.923519455819	11771.559640760657	8605.449378902187	7979.152334998474	8976.455808983785	8439.931253419792	7711.027690855343	10195.35635258715	10369.547516834833	102680.67397257735	10011.164775945395	89963.81189560988	101864.51301921209	7605.675255248269	8114.241026972266	11794.410190038077	9683.507882145881	10574.558182365785	10114.644293872403	9069.385826771653	9416.259842519685	9646.015748031496	9661.1968503937	9806.236220472441	8725.758974358974																						
2023-04-28	5135.202070279167	16912.92006542797	14827.487319036944	5330.513387411963	12907.37405784163	76309.05001060877	3101.1615029536474	3174.414600537674	29133.858403232814	8332.848091128933	14186.618394526176	26936.726123550106	22505.264883841082	101482.8561989	8806.405823950243	10361.676624377043	22960.410922271418	11016.625281327364	8850.051275067719	23025.422027992056	20333.612532359013	13201.87953582024	6132.228930099005	2163.303164519714	3773.5909209832	13172.801021731131	17030.95009249432	20650.3148082431	11422.06176575307	13769.469914335667	6717.6265810525665	104092.56663886482	15456.936521157573	7506.747184250865	16556.07793547819	11116.192639068726	11090.732364487174	11746.488315603943	40439.141766713044	9042.041185692127	15903.3295367929	11966.758144102037	29982.391888637507	28288.58764106532	11525.116870040381	19299.40446145769	3481.971494141122	11030.250101940515	85004.05564199015	9983.26699223864	52215.82936874688	13204.368014151249	5643.478904598581	7530.2337159677245	11973.683337892944	11350.333104029698	13745.262919158038	63164.886540346735	10946.88995612255	9557.989380965917	8932.407699515474	7677.740017944746	7924.844829396053	9353.487670145154	9295.620495812553	11571.386811238175	12250.295647754583	8420.711877691598	8387.272907054981	8911.616360773041	8026.45905302316	7762.391636616633	10596.23767408284	10729.637676369552	103105.61576024865	10426.704404154963	90724.62822218225	102202.08546245408	7781.885884922804	8399.993716297395	11804.60248813872	9966.85666835496	10822.096378459497	11926.823197756838	9120.13727445181	10107.710418858956	10334.256009672314	10348.526617900518	10327.557263924848	8762.360794727305	9701.116267708841	9829.952596574014	8053.454011741683			10114.666666666666																
2023-05-26	5215.4647110064325	17563.44147842432	14031.414518307949	5533.1794567618845	12637.326676841956	80386.273674202	3070.0297476253622	3310.53399434891	30833.306609567273	8352.872630493512	14534.425161813333	27895.537154106612	22632.256928500687	99918.98066275101	8921.415921805663	10081.675211626527	24364.327165263832	10793.462618352056	8849.465801434613	22553.791200340376	19922.810511064654	12271.30745651068	6065.6251382024	2181.142972195299	3765.3162978779637	13079.524390415274	17126.404491234178	20448.65402723239	10971.083149191916	13242.566697959574	6434.0311799109695	103039.67275454193	14486.596854921421	7432.106303204286	16866.850246726743	11484.728646059568	11157.782141618212	10981.028081849348	41807.078816001	8617.635963597051	16896.355614965578	11636.211886437013	28829.886182372622	27731.943666792453	11229.997894732933	19341.962087266773	3672.860481153466	10932.60329914132	79994.39955923325	9625.055813854187	52358.65333873508	13220.0072035523	5343.562620082492	6929.331913885941	11992.96159241996	11971.110440571229	13236.93798546951	59504.91398195854	12145.621070442032	9898.569782216571	9193.025228148268	8393.490530929634	7781.515696887319	9102.08514971798	8939.886003953918	10898.159375712628	11946.109753782835	8629.401503417503	7717.531144229534	9526.292353120272	8233.039663158619	7680.0116248765435	11270.877064657876	11854.359457541184	102258.65374990753	10333.22006112825	89200.49419642724	102039.30785783945	7811.2028041301155	8158.8125877140665	13564.258585367157	10048.739169527697	11495.39695013572	11660.942153256217	8868.583405064675	9512.010554162665	9837.02299978641	10013.49765215537	10347.328073720031	8351.587148135355	9788.259361872933	9758.813598451465	7944.642052617983	49408.21107245315	49520.96105719343	10027.926594716691																
2023-06-29	5116.733664146593	17502.887284860964	14154.581123927717	5376.637596411576	12284.209410506886	85736.72338253824	3051.2676453661315	3691.5912762961375	31899.67065699258	7848.394948452146	14259.675337415973	26418.761922487534	23522.46302610801	99861.65809010998	8151.523814300519	10493.660899323277	23847.81993730716	10922.432633987097	9000.199730984164	23903.147344301033	19512.19305963767	12101.8840983647	6237.650471359524	2162.815980230086	3705.808398560595	13348.377917414758	17945.604417420505	21147.142314589983	10741.235138674532	12564.89499630134	5992.0777974203065	103158.34087244814	14665.168524169172	7397.732020641876	17592.403132164538	11564.093608791505	11662.513702579055	10620.678719527265	42045.370872516345	8803.611242207518	18109.863813485055	11486.355428746196	29673.157738658472	27360.70035432426	11080.281845807527	20261.53017853787	3658.1202683116153	10862.349602366281	81428.52111229885	10039.016849054293	52530.736843026476	13793.986979486275	5612.745177879959	6147.13285859392	12513.877239933394	12775.662248160945	13847.58517311525	58799.18500802851	13193.627485661762	10698.874230759091	9306.098007208164	9057.245551703103	7294.607218626904	8717.973214885033	9128.406586619854	10179.55381826386	11589.044165875854	9115.556887245537	7318.5959025695665	9599.79265029248	8487.845011482159	7276.850328448207	12035.279641360536	12759.46132215487	102516.92595282882	10542.673907570854	89830.0719574676	102273.56230075547	7925.027893591596	8246.78482694926	14516.131845774313	10541.93699019889	12324.792249297368	12526.515694604434	9104.19444598756	9506.237424852981	9953.429435258626	10199.472678541577	11620.338000614183	8556.508745810306	10092.43451959118	9698.48906131115	8034.535248909487	49582.084401898785	49353.63052700778	9971.398797732969	9006.58431372549	7206.635294117647	969181.873121233	9960.57142857143												
2023-07-28	5256.024918906051	17365.263414806024	14474.446222105562	5311.962985342787	12558.240114311891	87023.14514862222	3360.6291338289475	3859.1050436931973	31770.851723990752	7728.655354211306	13907.531499231023	26111.354081517184	23678.028426867975	99677.16432269005	8466.92155052367	11041.146395044756	22887.50977889058	11369.590560642544	9376.109102344384	24375.021440099405	19102.848506065875	12750.733810369538	6290.509937596546	2111.0319007949734	3440.844012169074	15159.707077206573	18496.881514837463	21496.690356799278	10622.268201463288	14455.589575717448	5836.175393618487	103441.34330527348	15537.912264904273	7587.336717477809	17588.076716615265	11771.017486616902	12371.722344166614	10832.935289706573	42817.68478649658	8544.727129274008	18806.567395622165	11091.55341451427	36815.90157802474	32755.335353708437	10713.312986031458	20835.647823109713	3512.3220277406062	10623.40852944832	79491.35878158623	10533.17131853907	52680.27381169169	14039.640316003313	6064.96498811015	6378.421866480283	12735.874836863155	12969.870296317218	15529.075820725047	58952.94312867404	13498.72021323561	11111.339722096553	9371.522216366771	9496.294374106194	6861.655648521051	8736.415435301406	9365.54337425546	9797.206249024304	11556.314816019138	9515.738134649699	6869.518087671233	9681.548696895909	8985.229837343699	7057.873800683178	12327.887112750836	13014.090757589971	103516.00641533182	10681.813097798304	89749.63000777815	102505.02956703297	8765.70293046374	8469.610116379179	14467.349019113466	10978.025763958449	12804.18248595822	11692.633545167777	9569.288304898475	9545.935390108789	10070.4171082637	10732.13816712984	11438.097026986123	8326.01556945264	10216.699402062664	9496.372249836473	8122.650240199684	49752.695711652945	48256.2792900231	9761.106546592138	9238.178596252908	7313.433671022642	972274.1461929894	10007.7981483816												
2023-08-29	5309.005536091289	16829.29823315783	14113.666013930426	5493.667365533345	12244.00414049154	87180.10715062387	3257.718378843848	3758.4476542973725	29897.575411725866	8063.987689807584	13819.54781652999	26789.4602429171	23542.199579252447	98723.17825754371	8637.411817513252	10497.248272011944	22612.37484813203	10770.564434809952	8848.37335448699	24527.12588788101	19828.190488743072	13507.860999457269	6262.390602831811	2585.4600753936293	3803.7426909656583	14975.929163793124	18915.803920212515	21483.98707088964	10654.967480310537	14643.480627817906	6351.880037391374	103182.33946244398	14778.993165451177	7385.425647419318	16400.32930044018	11384.247646816963	11712.24007354848	10545.205418555874	41406.93783888091	8137.240028251233	18120.917180331897	11323.082179810244	34179.912360144415	29517.83918825882	10823.982410103315	20420.671778987802	3443.711581383718	11034.405463890329	79138.28270595492	9974.885277352962	52842.18289579096	14125.155412025602	5986.183988554472	6118.479758463796	12813.034110963266	12988.54643577113	14980.222030675803	57352.51379868657	13430.027750835521	10445.078957242833	8563.77902246581	9009.30640711516	6297.652309730362	7908.229375083654	9485.957168361365	10170.279933074116	11724.058252007873	9028.20318257243	6529.3633844938695	9684.846681379651	8004.1126462125	6630.504845559025	12481.605411952549	12959.862661881809	103269.32840633698	10617.721786409902	88736.16422492504	102735.62820912818	8593.420402862039	8584.173160843904	14347.198857473859	10661.070956719286	12364.058308688396	11127.71964246442	9350.698669094232	9506.26904150743	10315.398158749154	10679.635757035336	11599.635229633821	7910.379116542611	10318.972212648107	9877.495000539899	8087.764974904175	49921.91119847093	50265.92517389264	10163.730624249718	9365.740542496967	7442.845883576237	975252.7693901759	10023.808835887028	9023.488289345063	9627.192110244856	9650.820746250864	48271.50793650794	10038.0							
2023-09-27	5561.338772776382	17098.126660012356	14020.089929421432	5448.540330251391	12131.470918657371	86686.89259534223	2995.643383368673	3520.563366626575	29074.633616721825	7953.108988279195	14023.947702669057	26089.61093066227	23425.873813724316	97748.87168129838	8182.394090848836	9937.87268221296	21404.383169352936	10472.00148418638	8562.753870188404	23779.699700892394	19514.64007339024	14232.785569601536	5923.65645713358	2469.541844110525	3543.1675490106063	13520.863242592413	18368.615330125773	21312.601501935518	10597.640267356624	16685.373989811244	6217.709862651843	102780.23379866575	14968.349328514654	7211.216501438927	15650.702014126444	11269.704551338027	11106.353310699498	10567.413497545918	41001.10816809551	7672.699094886793	17644.86805435046	11362.922584572878	28689.091609436207	24518.51316825828	10782.484798899846	20027.355196319477	3432.5238216932207	11307.923241331799	77809.5497213758	9401.317744200362	53019.69847020287	14020.085043027597	5670.201108543391	6453.437504043464	12712.657057778411	12911.341493390291	13297.72688017942	56087.8347418374	12848.101837171436	10239.06178192089	8163.490499867927	8828.98405757256	6043.09633858314	7412.530429949462	9407.606187323174	10428.790199890105	11845.495550183416	8614.434954263297	6536.695346528713	9972.990077899303	7629.440354400943	6278.853764774725	12241.29903679152	12657.02707903989	103114.43580690784	10556.527968750852	87843.07526787005	102721.35186177645	8771.414615831567	8509.584105574208	13560.828819846562	10373.375678096274	11972.728672055391	10648.81222568495	9108.643455838523	9314.063590178033	10285.640190314369	10797.330365484122	11502.391051118484	7474.28885239559	10604.245505319697	10095.979411361219	8022.287096865165	50115.076510387036	51303.849417173944	10384.877046933472	9301.95963561084	7370.985740588132	978608.2081316803	9999.633413700503	9058.95139049927	9514.795981975558	9728.90617934266	46271.40191090407	9739.174899858212							
2023-10-27	5356.701555929358	15698.748360646514	13663.214524001536	5185.46058304085	12583.552867667531	85289.9151221664	2846.412648341243	3023.5871777600605	28425.862912243778	7736.645295020968	13095.610610562917	24903.470852744525	22315.066267958173	96044.62943932862	7549.940417435386	9392.412909490067	19496.168322625497	10040.711692821382	8268.403120070421	23068.89476547013	18581.952557678782	13817.300131115491	5210.368390323312	2351.2768901202708	3155.1782391933366	12114.276572137776	16900.528271601335	20740.7952011223	9734.368016359462	15968.129427902144	6005.123311690237	101698.90278803863	14405.003405375126	6847.382096988689	14636.894498458969	10681.049039493952	10378.941714121327	10124.753543193798	38854.875458588926	7162.183477013358	17187.193579620776	11213.52884615009	23630.077873928905	20306.479435067507	10597.889255407707	19242.709360925266	3249.994541349958	11398.036223779613	73750.37568321015	8832.028139631228	53164.121808612595	13682.587860756248	5524.52191315543	6585.373294353516	12409.628796822035	12704.036280376384	12089.030515494385	53125.00897090715	12742.942665877054	9412.465172285323	7341.5257758369435	8963.614738342723	5735.149567385395	6686.636860125961	9114.482205247401	10715.339079209898	12306.632236446763	8063.139422874102	6350.973241389058	9675.878257675766	6364.542560122332	5863.2559116650755	11968.184908287329	12565.953811852105	103152.16878079076	10291.118587707282	86091.0585256597	102712.66778069963	8362.614451710631	8245.917530701488	13629.220541601713	10049.082674985337	11762.525281743408	10116.545813081557	8741.292859218262	9066.559425839157	10033.378506776355	10366.944094317363	10777.465518120202	6983.818949042148	10326.33929630665	10195.365470729152	7886.463060662055	50264.78271542748	51933.01452521833	10486.711462990166	9014.91056792935	7162.683906446386	981291.5444351817	9896.060483043013	8696.108283625721	9465.35252987657	9651.202498673854	43726.48862000955	9578.610207938093	9139.669291338583	8268.401574803149					
2023-11-29	5614.564383113569	16775.09026190619	13081.389147068801	5709.181596214841	12809.364297455892	90872.58391927661	3113.3081172004518	3286.9210009082767	30603.395513398995	8218.354488449728	13729.947499228789	27222.97205239187	23297.670665868078	100953.91906090133	8913.92970716243	10205.298203875172	20543.77675070385	10823.871987189257	8755.227615881338	23816.651545631263	18012.541253918716	12712.567608034627	5773.7338433704845	2301.6396496626007	3283.358833334236	13157.724812182973	16464.52622181514	21679.626118039512	9935.329845472337	14363.667281643084	6114.7870057968275	105229.0735627297	14820.572478533197	7076.747063086283	15697.224409210026	11557.231394177561	11196.928144567217	9700.244430989449	42061.55625699466	7780.603200457511	19109.193285607525	11086.489532891374	26330.82652653192	22738.896357831887	10579.880517946393	19919.014510239285	3426.1312946074654	10941.636564378288	77766.03174476334	9845.653159025685	53332.47631849311	14273.721607516749	5582.664992037047	6797.309151574766	12945.15898330555	13543.196799640213	12911.176917437377	60667.496435047266	14040.455621235687	9619.574371870181	6931.958017650339	9918.24985130009	5405.240407365509	6593.472004370315	9080.059403715397	9635.984503667245	12100.0988270798	8010.116312043598	6276.985287305503	10334.824090585502	6151.573240583248	5424.123685152043	12862.33890631019	13918.76763069079	106348.77315857037	10707.83472885115	89643.86770380242	104262.39234264704	8716.04732806855	8211.292678465548	14952.542017366952	10903.896670947393	13065.913631621037	11157.888467138506	9077.86031821881	9028.251822180679	9854.770545527757	10863.155461185466	11596.918615873517	7590.19626162278	10267.647040049946	9802.259301109967	8205.28710442341	50479.445369932975	49767.29202377969	10086.436180676395	8968.40442572958	7028.856834135521	984378.0378322059	10209.862987167893	8793.731030000243	10332.533615631168	10108.727497721016	45571.735190092164	9884.525268746638	8953.344715620711	8263.947841091964					
2023-12-28	5835.545381130583	17800.782207575096	12517.824725522181	6005.635901624295	13051.293558468149	95914.7025562133	3076.0249856072587	3420.751623078347	32047.816735644832	8792.843007425774	14612.460022876261	30641.98709962087	23881.175978346506	104674.74941341311	9390.057970933634	11426.939949320034	25213.424986626385	11450.304798004137	9154.586515643707	25682.01323189883	20615.02381376386	12850.120375220878	6406.790632947772	2398.4760815044874	3323.1564858997663	14173.289458012401	17009.351265455458	22804.78840220081	10448.530335740896	14034.259217898638	6248.9602563734115	107933.23586757046	15318.74882085083	7286.794249293387	17286.853306030665	12251.320254546541	12783.91199581923	9358.883518452101	44621.45675807596	8507.477346041871	20134.95066375092	11431.599833001645	27071.26398260739	23146.99977864872	10893.905303841131	21733.967475904952	3487.9209824860523	10989.315133701863	84221.14823535131	10998.320591595802	53507.6771092189	14965.460632058723	5219.287642159455	6134.482271489288	13567.956112059577	14285.298012921143	13596.370087792318	67215.44495820659	15368.396705108282	10451.84653146207	7389.095281560914	10482.65690064416	5334.572949638756	7484.405914756779	9765.500130710032	9191.203218445306	12290.284776781871	8333.589065662682	6108.596310601508	11709.39493544015	7364.199454854241	5251.026867984471	13544.423377360254	14834.547408836013	108034.38302686039	11211.046241602638	93000.73764883776	106194.48460616334	9046.067598388032	8828.205751698188	16183.007114927308	11425.242120644256	13758.458161271697	11955.314982307878	9740.693610058133	9266.792464496444	10341.537881632372	11606.734788089238	12444.872114103904	8318.391480633032	11182.525125166932	9816.182393321324	8525.397875105959	50681.165877766965	49945.9741785927	10113.274828373127	9637.13260498469	7452.636678559145	987524.6969662074	10530.630050528514	8907.196647387533	10777.052437337508	10444.679391601083	49840.43400643844	9970.938989186543	9191.448713631358	8576.179156253664	7158.666666666667				
2024-01-29	5971.516285462743	16957.653032095153	12277.065038513876	5901.955210338499	12683.403781217154	102277.34176512009	2979.969540619836	3307.856717826484	29461.83229333566	8501.224004595764	13924.505278072378	29464.82419489584	22844.55320565794	103426.90198588316	9091.597035463306	11006.35542005534	25642.883194375027	11393.678741745756	8855.575661264911	26312.229458821515	21521.183538459598	12950.189547653556	5954.431254187234	2409.7453551064314	3401.242308765875	13093.117195405444	18293.95951018454	23826.36267260399	10312.162521868071	14537.972435244768	5931.902308426148	107347.58213542544	14283.845339535543	7268.001440805673	17439.098436215692	11620.283571548705	12209.520515357966	9467.37422550537	42272.235375839955	8030.778405644747	20692.141322088875	11672.159297561486	22804.87872816466	19281.711582183627	11094.68590441256	22307.361321418262	3469.8261288842987	11392.095970454344	84184.00356402229	10499.768349953261	53666.20120780669	15813.584688625939	4663.93515900387	5429.714479906341	14349.565694767105	15238.878508852016	12911.498560304724	64473.766119427644	17155.1359924285	10117.51213822034	6460.686662764818	10327.125199944401	5258.764489720296	6804.44167175857	10173.944472789888	8940.523692324847	12438.961892399575	7592.814422215524	5529.311847301779	12309.902623553215	6220.393592071014	5002.974253680103	14515.15336839998	15867.489520594987	107416.7101014929	11524.670661016695	92331.6208331467	106379.6826310011	8834.788306300734	9203.114046293022	18245.748670584788	11670.15378593647	14186.79253907982	11946.295393290504	9812.130456632243	9633.703625481096	10988.117064988977	12319.760499701297	12145.761316177477	7837.333542243462	11454.326419377447	10190.568099195854	8512.751618764758	50865.55367294872	51797.58279607218	10477.443331026867	10064.203973896603	7770.1408497206485	990409.3230874033	10707.401637678195	8872.939549633644	11720.70796208614	11427.584302596466	48645.24729770089	10591.70232385539	9429.890862892831	8860.686505488546	7232.054117215662	7929.109481915933			
2024-02-29	6828.006767042296	19966.952245546832	12941.59154418232	6887.752850511174	12699.89811010541	104747.06660143936	3220.9813637588218	3449.4285477908697	31363.96751681914	8804.033257114414	16365.601546051636	31824.327060615633	23984.91348531399	103384.38001532649	8880.099736021535	10958.288760831556	29188.954240266416	11766.544065322276	9180.4597456816	27778.844872584086	22087.85007056405	13222.486736864828	6419.741408553722	2278.2666567541864	3413.6299544536155	14212.550326403234	19225.38107488609	24691.09608190664	10805.435978013287	14796.110612379282	5825.950763178973	107506.90075091465	14214.44083778636	7245.123288632127	17676.478764580934	12328.048644201073	12590.763840923555	9813.751757323373	44808.10075866479	7981.572912110522	21192.454505034126	11508.072486476563	25482.61387723862	21333.46612535075	10929.800413458779	22809.390725308094	3564.4040879374165	11394.921680496202	82321.59154319933	10428.895693191695	53844.00751791058	16395.755323688834	4963.041785209254	5517.572342259636	14875.77734831128	15621.932770671134	12948.207768677978	64327.424628146226	18784.32012945938	10370.240456348485	6655.243284076053	11019.057609140968	5370.065770990605	6638.115583630405	10227.650633308636	8734.830208074423	12452.491120797105	8135.194619090282	5870.117396026539	12306.535695029557	6082.925270745083	5075.691870677116	15615.421323372539	17758.887238259085	108054.75587497238	11815.208023391086	91613.42467576067	106905.3861006177	10029.049106973795	9257.604625279448	20149.614424108826	12122.383637501614	14549.60970153453	13690.552977225969	9871.38863092921	9969.447539665043	11540.8858228288	12869.91472471261	12960.119697456987	7768.627612272998	11739.354486144266	10218.835165294695	8507.280415416535	51068.934320713844	51918.520449916265	10505.030037137665	10109.46305713843	7715.5810123161555	993644.9854046456	10844.984573078937	8984.813859433913	11841.349090436917	11643.472753803399	48141.3318296658	11362.773367739832	9349.850273080283	8864.531737654926	7215.558912303025	8263.670981138326			
2024-03-29	7217.817789084213	19835.195377304313	13324.301452247186	6719.996639969683	13727.626075647458	108322.69926363621	3187.8715495885504	3839.383927753971	34425.30212113143	8941.69550803495	16204.875705339	35721.84091408449	25175.52750197743	104138.30998075487	8638.994423961387	11159.792361534845	27699.04476542877	12041.645243209901	9396.057157954927	29406.19606861579	21772.35404191024	14683.099100577103	6351.698345891388	2358.682373301179	3410.5106807994407	15636.417124319389	19950.771579152177	25812.026344390946	10690.544906078318	15659.857255087483	5897.459783507122	108247.61081304622	15114.415902558172	7541.476247905053	18291.82934425236	13007.407544182439	12993.627167476501	10012.275274993666	47405.85081873012	8106.937152455246	21627.77948708964	11703.973893234717	26170.637156118275	21982.521447626234	11103.531346130765	23810.31894244263	3726.631413845146	11558.58318035286	84436.44888171344	10656.200629134839	53994.090579993746	17250.953266864133	5106.129586259637	5331.906506130545	15605.408875253055	16156.981032307405	15490.897503097312	65395.52454035247	20527.212796516542	10811.037449112373	6765.350051158222	12899.249030168161	5637.201564851543	6804.057374110778	10807.420167589791	8561.864518957336	13947.104113093492	8184.236121363277	5700.845937840839	12178.476473365492	6185.9314946415625	5414.687438670989	16644.37496988423	19098.775901686895	108885.93827987277	12230.391949852012	92442.7765573737	107611.67195356952	10150.547472046954	9769.166068653703	22156.113269438196	12565.41023958553	14884.15431366892	14846.500134041764	10302.342249287252	10346.13946385149	11800.291671644041	13584.523391642308	13204.8157473752	7868.872122409451	11849.00328479241	10362.516112170377	8594.313241272368	51231.040305074996	52646.96929885907	10648.784532575643	10687.902731383378	8079.60393007375	996441.3642959455	11237.350846275876	9685.36989098917	12197.813312863436	12178.311621163133	49459.387424785455	12119.97773148858	9502.82510457065	9096.118710071314	7416.916206892884	8696.551964446051	9257.654458890313	100044.0	
2024-04-29	7195.454531495847	20172.5645954088	14580.334055234387	6616.188624378815	14479.946659685207	106694.58530397345	3164.6356199946877	4146.445036300591	32728.5574400922	8735.01137322951	16354.74302375384	33515.132011261856	26291.70796063185	102190.10137873648	8108.546975130485	10545.441217224467	25101.682852787748	11722.545533795588	9342.79425245014	29359.3602954827	20794.342988351862	15332.635076617336	6423.954279611918	2654.178004915593	3393.1953930956656	14661.568385522007	19006.426384708004	25719.681761766762	10022.483195824534	16045.105090005163	6232.606899699958	107358.74554310876	15489.953365722564	7383.263027645347	17447.834526852937	12613.93864861254	12225.354919078032	10417.593686366345	45894.11454281885	7569.90863507953	20791.68918970059	11667.61117741956	23542.406906735567	19811.18904926438	10993.275279551835	23564.4806311788	3668.070640212454	11839.274457534008	82033.71020359886	9946.039052200918	54144.366579142166	17015.628091767565	5495.926229600512	5455.400908380991	15450.651595505595	15912.953176480325	17421.02740945578	62001.19743683294	20017.8741104248	10541.869721448373	6597.633943891574	12533.84509491828	5677.4709302917145	6580.152023370146	10658.239355487984	8923.251354088325	14958.382479766953	7787.584195362207	5785.790980192125	11996.09461639068	5807.898241931433	5536.000895202102	16482.1565288305	18499.84365441885	108702.8042249091	12137.410214797925	90540.61555936484	107520.14275901027	10098.94004778621	9647.606255689687	21403.032801736135	12159.10180035614	14301.437336115183	16159.095743656286	9922.781597463845	10541.701742305244	11422.057682315513	13598.820829890625	12841.55852014136	7353.935630676386	12266.48299599007	10624.381392017473	8512.932722390404	51404.78699020415	53948.680010766315	10943.606895241292	10532.53111353181	8033.698488811426	999282.4777520793	11266.87508807263	10096.945270891087	11859.88169175464	12261.73403197443	47328.89768160574	12239.870596864444	9627.222567391495	9191.797680014333	7165.638816753584	8693.14931445309	8875.835293418078	100341.57868633143	
2024-05-29	7272.929169568122	19962.66953194541	15402.766613643751	6527.671148659943	14555.474433797186	112693.37089078008	3034.470402976265	4477.262728586266	34361.99849807251	8847.592395804164	16273.012027250335	30982.530287040732	28311.52855626671	103967.1873800304	8093.518836111021	10675.820525057254	26272.206881871898	12263.646458712643	9809.771834934716	29214.71644279536	21842.11513584707	14587.493901510385	6497.354814442215	3203.744015079508	3307.3507274539816	13728.657843720219	19586.104716160553	26389.66138206818	9552.937416998284	15349.685535631352	6777.259902204322	108531.62986897572	15801.945758730631	7242.0996461163095	17967.661367100765	12832.41125858049	12622.515276632155	10404.169032275555	46719.664409855926	7759.230508630057	22082.277636888866	11666.170937750201	22049.180016340077	18495.440735223863	11002.421957541046	23768.910582505476	3806.5079156315614	11763.745590733448	83465.46571676293	10129.538183286766	54296.7035262424	17555.543650871452	5671.794093944987	5188.878029634301	15940.030009558861	16813.858653932908	20683.523244910066	64424.44273032653	22677.555389164183	11119.597245921557	6677.384793537033	13398.004386606397	5693.394509260044	7336.933681777999	10576.145643690787	8407.862898352345	14752.44802166458	8248.007729690924	5542.722089368783	12117.900346936447	6836.602573200687	5425.729619981566	17824.729996026093	20144.76501816493	109782.1757732472	12459.40855676692	91656.7901394187	108320.21861866524	11098.293994789216	9559.077662670623	23860.870595994573	12618.841625407793	15204.653874277756	15649.729175750243	9903.3021484024	10604.667764094815	11638.416393390049	13582.964978830012	12727.321868054429	7535.557060118925	12347.500691381447	10595.01979328421	8551.92410456223	51565.40357739828	53649.30195365908	10873.571593488494	10428.576443731525	7884.132798573472	1002214.5234212452	11418.625564336944	10750.417898073712	12713.420705569633	12583.620727031768	48106.7354124025	13166.789949170297	9627.992105908523	9176.598697276459	7263.358489301332	9319.854399012213	9019.041448278987	100634.07790485135	
2024-06-28	7311.911931957802	21394.459763846175	15150.17972648936	6670.586661658835	14307.635376679627	120289.87598198457	2968.853909239961	4630.748733645787	36036.28640270162	8868.225831791113	17404.880146032345	32183.952938809532	29908.89817692211	105983.26800736779	7712.129939326685	11047.985515508903	27674.920025924148	12052.16951877902	9825.566117654722	29330.458009107802	23103.59278732068	14685.856384036017	6854.43488900891	3473.541706916816	3249.1343013528476	13908.279589013026	19899.20708756672	27326.198937254612	9353.200870484074	15928.501293509262	6835.949293737365	110010.15089398855	15034.972069237594	7105.372706460784	17606.478418188748	13348.598617272977	12395.952790029181	10117.23947962238	48616.401262123305	8017.439896693472	23186.90078939325	12005.4421864371	21245.34855708123	17960.639569969528	11310.841653548221	23877.63160176782	3824.4304854907587	11994.90555655746	86074.75661252294	10428.371108788579	54469.2993730085	18447.498701831653	5433.506680390403	5030.644623698248	16749.254285349853	17949.759259633378	18767.491537820457	67318.677822801	24434.919213082976	10871.240794466612	6029.983461086651	14088.558564665025	5408.740627953772	6915.007976023522	10797.204557011435	8031.094244891595	14726.325200771342	8645.289438251366	5489.950608120961	12140.247444105313	6369.661400128638	5171.197436203775	18588.431435456274	21077.293494589336	109508.00955542363	12793.9716321986	92701.20601977831	109330.09874926502	11830.377086779592	9740.821552313644	26049.17764133005	13079.827368660748	16004.792634798943	16413.270475258432	9943.241703177522	10894.849969228631	12036.893016060063	13760.952515108576	13560.734222088751	7789.927853373079	13155.937129259439	10806.131452093026	8619.158811056186	51735.62188501529	54687.14035525415	11090.674909864232	10638.492199695798	7969.166691843414	1005287.0444119088	11673.243344605238	10628.941926201773	13625.824710092882	13322.167934236873	50388.4184173276	14329.340369124388	9894.063577171375	9388.625046061848	7622.545245818372	10158.928186347199	9458.014940758443	100939.17309717079	
2024-07-29	8073.249068218199	18977.525160055047	14732.623282518256	7120.24348525365	14667.586341684044	116605.51549953269	3286.3791231412456	5036.932942270629	33364.52753843613	9539.906679737964	15853.112850608895	36481.54766366622	30010.298878621186	107868.034827837	7739.8077054643345	11835.817759506948	30288.80594726564	12179.155396065482	9761.948704989489	30168.32369826222	24869.217551514048	14785.094774177735	6601.614651887364	3143.2778489788566	3074.9077773734575	13646.10677064876	19885.369013408228	27426.607883071392	9826.545571422992	15388.21297574105	6778.181667303702	111607.37135322136	15088.541328893694	7306.282033621172	17854.16258882447	13193.644294070538	13692.965343929667	10048.300754184474	47953.277998638754	7972.809952468822	22391.102803182977	12145.11498615369	19455.423396753577	16519.440057105814	11431.178819104029	24639.572514835167	3960.1739909317425	12050.079915478495	86390.88685882407	11133.586896596484	54618.20845189065	18438.646293877937	5256.995699647274	4924.504862139045	16726.142090918678	17394.92527568782	17521.05128073289	71287.86882480518	22813.199346503836	10755.617671127698	5933.359758369189	12385.095930365831	5585.72837817222	6970.486155990589	11426.458048918037	8318.605056330798	15212.90667120228	8563.028522629469	5480.4437174561535	12360.070790408823	6629.743848162365	5085.708208655089	18095.105802741735	20353.98785319018	110584.1243038223	12895.794025884454	93375.09923372556	110390.55206065119	11857.178443134826	10314.624838267113	24409.116266812154	13029.393366731343	15470.429662605588	17997.43157590412	10487.837338562824	11069.776241707787	12331.52820057536	14543.837637878663	13539.379863612281	7750.99032446282	13540.802181213918	10853.961913171508	8747.483550624282	51920.00460082144	54975.50383622186	11158.099556291061	11266.162865396594	8452.282843669267	1008108.2524934027	11832.236232873604	10946.35108229729	13053.129085457187	12920.656101306884	50242.90028353616	13553.949480695901	9971.066373378551	9556.819915115855	7638.120552799819	9851.316702331631	9424.795532710523	101221.39033516555	
2024-08-29	8115.422148048656	18426.381855136195	14608.592633872815	7328.221598921653	15394.881537338815	114087.35232150924	3210.573779911786	4836.6918313343385	31144.42842662991	9832.02288363139	15563.213094022954	38376.38450134937	29330.041345429152	108212.87140608663	7600.383229925085	12537.33789415783	29137.05400319241	12647.758627451753	9893.107475745368	29761.640145378995	23766.24405675353	13928.347810529416	6542.773261932051	2775.8733063406585	3004.90391133017	13034.759002711002	20143.60391172624	27225.286456253023	10339.440840374367	15164.5184703381	6396.480969949166	111867.19940146717	15067.297398219425	7520.723668880948	17037.936408320093	12698.944027100633	13338.178153268182	9605.244274449527	46149.50980026198	8419.529723598946	22629.718473935794	11987.456942824123	19593.18456993661	16316.378042564405	11304.715482992844	24801.80897917092	3959.7850292143803	11682.717700977306	87660.0736076562	11784.991209170079	54786.616412212476	18211.429338370872	5060.723792313504	4796.2402862322	16537.310060773394	17022.15040133602	17262.468874466726	71488.54947301598	21725.752946901164	9770.650675444049	5486.040028657855	11119.886882089599	5174.690528804869	6765.283038493671	11236.21283852054	8225.671226645722	15463.884930111568	7926.995553738719	5113.719251023225	12526.393946426102	6169.150088726007	4794.844508339931	17709.362871672107	19489.347610947574	110569.3886740504	12794.271089027887	95702.57505109292	110621.46397770692	11800.13978509389	10151.938777357302	23508.52627375514	13301.937961910575	15643.630990607659	17884.99055419721	10674.577468118034	11214.45763582617	12356.060645706224	14423.136828383836	13167.611322493522	8197.943289277631	13200.662092876955	10508.731331339339	8897.844498988045	52085.52114343753	53271.952123523675	10803.150633120431	11078.920612374035	8311.028208323203	1011141.3322985774	11823.745161828097	11167.06262334611	12831.805608064911	12996.80168692019	51331.00991199023	13330.975588548059	9814.514934317202	9376.429963784198	7740.720580845011	9622.54961975019	9647.6881563176	101537.65558871992	
2024-09-27	7854.751283348648	18286.37065270178	16424.456259127175	7254.735764395137	16207.363982702398	116850.50344983033	3007.035692496414	4926.332419173551	31204.344983781535	10065.196853724989	15653.030789234519	39169.47350457955	29017.062957921393	108890.11692761004	7664.117391140861	13002.365578986719	28271.1128694687	12737.511340174207	10428.099617414382	30919.094931183416	23043.335740066745	13397.05231989979	7031.647078602837	3066.6587595875026	3080.211856475492	13305.984122310649	20601.64967195096	27581.788811822724	10784.476392520295	14002.00330550564	6609.375257419471	112591.96245651017	15071.742833318322	7793.146212477374	17278.279468293793	12350.44543817149	13363.644833290684	10483.664952256295	44889.53040889664	8413.201120489974	23278.496546625036	11971.841718509455	21862.28561471775	18080.76517630784	11270.56025587266	25207.178988681713	3938.695178165547	11656.311575766376	88335.80720166629	12143.66666409	54942.70117804113	18546.62749263511	6105.903509993715	5190.69119735827	16840.506158104174	17438.796417810063	18303.935407519813	72750.76969356336	22306.752524387157	9969.481295206739	5924.225090179552	10641.96415667298	5497.0992953892855	6908.768811351923	11288.255654193263	7994.323694882303	16153.248668231698	8881.059501630989	5369.455706479077	12401.042180610453	6173.707256889682	5541.232127550157	18101.745454265103	20235.0803960709	111229.58455424756	13008.795548519474	96423.40075521488	111276.1699694213	11620.480057295932	10200.293655161962	23679.85129366407	13651.611778022621	16100.583429836237	18177.277809107036	10773.28100806224	11231.345880346817	12156.490532152731	14505.528698489488	14148.386209912576	8211.093879483373	13674.051302574513	10475.105627942396	8935.635260942456	52229.92615326364	53152.47008114671	10771.807549097568	11127.604037935685	8321.990909684022	1014097.2859662335	12009.10005472245	11878.140293360228	12991.447608206206	13244.033511358974	51235.080677070284	13812.222209837299	9837.30944639181	9446.32047054277	7784.429488069843	9901.479864309767	9597.344328644394	101822.32878744349	
2024-10-29	8377.556094648902	17277.596064320856	18228.578009521978	7495.36078402665	16693.74746773526	124299.71726895036	2825.9768620218133	5085.73941103443	29494.032379808395	10003.14651145335	14939.540332852916	39338.74662108136	29678.231176496425	108310.12764571558	7653.1388552043745	12785.606598597678	29316.344635225047	12345.793566725426	10274.06738872455	32797.3922616862	23926.107838317374	14374.828027825013	7163.932313245923	2792.4002507376854	3010.34935037967	12955.831602066273	20589.865804004043	28857.870856835958	10496.287972405229	14121.491617209063	6259.238535643115	112425.94535248271	15005.726874814669	7754.524414341378	17855.81543594259	12176.743546381833	13464.27759865729	11937.00320370665	44291.005572377035	7898.130403902283	23627.06530284223	12161.96460884422	20280.404371806362	16718.272006540636	11420.17083465625	26333.482075078944	3706.8537172225533	12215.478077529098	88058.26303636018	12044.285971959427	55092.7596849464	19723.551707510935	6992.992683226605	5959.09822214355	17903.644677173914	18556.579396813235	17517.38193499643	71709.09135774554	23665.14158773904	10540.78064628848	6697.865753603153	10189.611986091913	6522.9293233858025	6632.021449601767	11953.69168902522	7892.163609168425	18318.30746316656	9863.20586025143	7689.627970611013	13091.990707477915	6212.263923086656	6669.680435623412	19483.17352627841	22461.67231384353	111192.79673497115	13448.456649390313	94263.08005027915	111223.97217401498	11888.68854232799	10799.014763438521	25344.455667212093	13828.33474466663	16359.222958723887	20070.484465175265	10893.475077211395	11555.266352359544	12318.641324025215	15849.129485185047	14872.067494175357	7673.972580135116	13242.931951620678	10994.546545230156	8903.579512854121	52389.081886150656	55823.87967580811	11289.63338243017	11778.114852150036	8796.630800229854	1016919.2232042045	12494.888483238325	12620.792585640513	13884.342505355087	14127.03463560774	50379.83991066108	15163.767641491337	10094.605406397717	9824.957600251142	7689.941803797699	10717.17296119664	9388.853325546892	102106.1028334213	
2024-11-29	8362.4299764104	16998.308512043484	17060.326660463572	7194.463539166544	16075.891431897577	128058.79336854425	2787.244108316524	5396.93579444163	25954.21093273549	9770.055273431124	14817.25374907736	35649.71000322659	29103.82298150434	111215.66498793694	8125.567197816235	13033.267973972153	30085.365826051788	11932.119901274868	9752.662136920379	34695.45000760463	23654.38804890011	15411.286896446709	6661.47387122301	2394.6449673652946	3118.701702755612	11768.644155363036	20243.198420627807	29760.037219866615	9899.827110801692	14303.955979525042	6213.885891823595	114580.09211110417	14552.463614312037	7907.250519934227	18558.889306880883	11573.265575378364	14703.920655998898	11694.30274975338	42072.10176301069	7976.434217468548	24122.241092212833	12250.61879002626	17194.190068769974	14002.276783021927	11483.083368679385	27169.1572629788	3608.4895475928447	12361.357193646201	89658.55743017948	12271.450709257839	55258.25816449639	20488.335918253862	6608.591387986265	5613.594434630659	18611.029533224664	19122.985030839372	15895.917023585072	76875.61914182798	22687.746624367428	10748.431483600216	6833.232855065555	8763.693196250437	6250.698774090924	6109.339660051042	12564.918211780987	7744.319834967089	17036.915094054635	10440.019933248264	7775.142640188691	14352.063410042609	6443.876465948096	6432.405611834578	20919.79543306512	25114.363335212744	113641.51773295364	13762.632077986795	94655.81554533006	112585.95918428566	11700.427105985706	11351.511223198744	23485.835595423658	14254.711288730472	16697.65445807254	18794.922411976393	11348.674870428451	11831.443267019553	12149.501249389807	17378.80734647864	16431.982777603567	7737.8826730218625	13147.845245114797	11133.96825546581	8998.930398533286	52561.750456223715	56469.71772728916	11456.374064640211	12369.957137479169	9212.003376320696	1019963.4611262348	12635.041533218442	12950.62558791549	14126.126046102345	15341.375415567712	51350.88712749957	14840.223837943988	10202.416829896618	10019.342354292583	7784.948506586767	11055.470240851993	9568.897589904467	102419.68392266068	
2024-12-27	7710.802399501756	17092.71667157843	18936.73658814747	7096.895966460303	15898.896606238235	139720.57247694657	2556.127542961327	5519.0528429714095	25879.10509912669	9552.601219282671	14850.274961955545	35761.62933294297	28727.697095533335	109446.6450990009	7733.817080625911	12046.776232276867	29085.80012391248	11659.650707473567	9779.035163234972	33994.66506090166	23350.476172233677	14429.005005430025	6236.984669635527	2624.758704461989	2890.7046865495736	11386.414412773429	21757.679094693034	31007.42367751545	9661.920215276929	14499.123409187278	6232.698953410896	114238.4318334429	13344.545382430295	7469.143728734054	19269.18863084661	11313.807684451247	13540.846074906647	12418.122343640804	41070.39234562256	7547.929585331378	24983.602415544687	12622.02695010908	15057.060232525004	12176.573931268278	11786.792619864213	27634.28660041287	3519.273413638206	13001.854895319355	90698.09694396483	11164.917096043986	55398.16506435044	21505.573296233975	7254.0383941486125	5747.712456883306	19529.202114161555	20891.64372059828	15642.734161218688	75413.07177089527	24815.28436421704	11427.670386183709	6806.60440298625	9088.491017710106	6332.570872685956	6196.358578376122	12388.955314480232	7502.972859038991	17794.2468679716	12265.222898521297	8284.047874722748	14652.084484221286	6822.593608620578	6585.1826904403915	22689.730462637774	27875.001429297132	112554.66999152704	14154.679663910061	93425.11407435521	112496.23243514859	11384.596508840763	11182.364729902692	25734.931258841694	14261.979836866929	17376.683614071764	18388.26454147799	10660.46840605711	11957.674736868414	12041.90681934595	17358.073667158787	18188.193393674424	7363.78799797568	13532.684201899043	11723.40653222705	8937.78699289398	52711.193751812854	59381.62964767023	12059.430334804658	12190.946973718907	9115.055749899628	1022596.1257046912	12889.411110003535	12511.728490115333	15221.714258434384	16190.811274290878	51187.325443052534	16301.404720733333	10538.5611618363	10438.025252041538	7908.596494576466	12686.676949444276	9552.306522174053	102682.58120476517	7121.549802970135
2025-01-24	7931.8714248748765	17589.05808531445	18516.124251314497	7272.525252899042	16677.152675234247	137624.12817219726	2751.111992368862	6313.5798494447445	27959.9472927288	9704.469541935803	15330.335854625557	38241.80963756307	30343.248862064727	110936.26407106438	7662.507739322969	12101.657828431062	28479.83488388109	12002.641420939282	9729.867923870708	34887.3033129313	23318.66624632329	15419.722534198781	6830.950214327506	2686.793997797792	3078.7121723353825	12511.011972100878	21498.107710567834	31005.076394743643	9622.240810089932	15867.879024976384	6110.842219157995	115218.41306088193	14160.412100011377	7516.201977324405	20030.96337962582	11863.46948168825	13782.08854998045	11841.511517037748	43094.768659181005	7469.131747930853	25046.997541818295	12400.052974803733	15525.251209488802	12763.953089042401	11586.579116030196	27552.828614374543	3522.3092127739474	12795.5153040119	88672.76087607171	11297.909988087067	55542.47251955057	21362.695799153506	7228.538711694314	5429.504095887974	19397.38294297071	20580.19422776688	17705.763949333807	76627.30645779331	25874.529370439013	11416.219179803415	6550.31013719331	10751.732656444618	5858.28942325925	5815.067597803415	12409.826793500193	7471.357375995098	18506.57497118709	11989.920906917185	7746.914070312022	14575.756718004166	6479.3057426208825	6269.510060053598	22398.106364175655	27833.268844609946	113772.29006832119	14165.807554930358	93480.14481015806	113509.16485684371	11537.810545335804	11204.707089861793	27855.900378918683	14420.589286727283	17427.723852858024	21843.58526330773	10863.05440699923	11454.45474119086	12211.670154216077	17708.545971197767	17696.800717137885	7296.862975265495	12784.958597885903	11540.340562463884	9035.769961498234	52889.206433081636	58430.415838736146	11853.218877526608	12207.35036448278	9121.022747252464	1025297.1783032444	13001.409665722313	12731.902335084877	15007.757880074532	15983.451415295694	49950.89906053712	15806.370122546085	10397.691145176552	10367.830074406633	7740.8254264697825	12322.080157001303	9286.873967386331	102958.45984489901	7396.093168452645
2025-02-28	8049.432838378632	17245.400167969747	22182.86918932164	7578.837732565524	17324.431449009266	133896.21420914086	2927.785808139797	6562.515047349858	27122.018211339615	9981.101511225483	15106.114142578055	39858.67177143556	32206.851768135482	112276.65716660694	8278.840463880415	12412.037160710253	27538.76914493317	12556.163644619664	9978.094087060892	33980.208455230386	23771.611094792483	15011.521308289783	7808.703630423648	2736.6188267679204	3040.0321577607024	13152.590990072236	21741.635866216522	31167.512869871327	8362.77260982552	14772.360609950554	6335.248166009054	116261.20020599988	14205.971836286593	7647.6651340494045	19581.858811837854	12099.533535704366	12903.01536230495	12215.512599712141	43948.89487970765	7847.218458238482	24053.187867640278	12782.103139425742	15837.036051393132	13089.160133339446	11942.896649636801	26833.47286216193	3736.553128866774	12973.705453164723	92575.61953867	11648.919079737658	55682.93091224314	21051.418987605954	9121.888382691723	6327.007196189927	19127.94617337367	20007.841136071314	17367.840898401235	79607.41320100139	23448.570307984053	11091.422179803458	6610.355594306057	10211.474875799493	6051.706333775245	6003.801537069129	12553.447966016194	7781.714826277435	19894.46255282162	11332.355497799352	8834.884506661449	15182.832895639762	5984.116750386115	7197.459537749319	20997.219218781647	24759.770335325644	114677.44058146003	14252.67212238672	95244.07028300515	114080.99317081683	11376.294510274194	11335.671258309885	25253.85247273463	14052.737722677844	16758.39713417237	29554.822546284326	10872.539486434176	12319.387359835979	12751.857277236059	17936.01400306033	16591.11979618107	7654.503324920166	12282.893421153354	11698.6954757407	9084.553453812581	53060.26243934938	59274.88230486671	12015.166927918854	12355.287111926253	9248.127634536146	1027902.6954255954	13150.77093334659	12869.979857398193	14334.803219202939	16457.81375572749	52998.215263795406	15989.143805680334	10732.839906545232	10545.555241980588	8105.365276730264	11571.923925438003	9849.08078664492	103226.45443366043	7458.617895170769
2025-03-28	8020.27115522926	18261.50428085359	22610.75488447035	7716.284288096871	18295.976860869312	128762.48130457728	2980.6774383274233	6421.082282095045	27350.241933857367	9899.587206080458	15990.92130110577	36555.9731553493	32510.346603110826	111604.70222026284	7913.748176270416	12005.282928537676	27093.129699266712	12753.453466727533	10120.27964228456	33661.02838555995	23367.62307855815	15811.02880768072	7568.712882430325	2846.3432686211145	2919.1274357455404	11921.252906019192	22415.10820319341	30589.19069960188	8494.729798836917	14832.176642152042	6535.119755264599	116136.45446434061	14535.276685661003	7561.926017122524	18672.978128163933	12395.517119471619	12379.77241900513	12363.115876221847	45006.18093279816	7679.106964528004	22795.280058265434	12925.0894586623	15004.086992332555	12221.50426895167	12041.169694703387	26293.79273504803	3731.687829118974	13162.904916201502	91641.71156810672	11386.463504636917	55798.712568151306	20533.058371389365	8936.905927445188	6698.907161726373	18655.901756183957	19236.237283403658	15617.514638597295	79002.02685816422	22155.330321446054	10828.169781536446	6492.014353476704	10297.517651510003	6140.584956562679	6095.432481387209	12612.108734985286	8166.803897313741	20454.921969342333	10818.497563086505	8427.953054207814	15158.743556657591	5767.23887275076	7242.6866578284025	20158.755693853796	23213.689094105408	114590.89811218373	14120.27852186608	94836.30925764138	114051.47114752421	11226.033505047817	11375.071484892385	24549.757730202622	13526.211146808095	15906.509825510282	31270.618831296055	10770.376006201717	12168.641354346008	12723.983556475214	17886.005004909523	15999.846092452615	7496.343586928034	13345.176347529261	11872.221206084205	9025.748013598353	53170.01980450142	60153.74825836621	12193.383264860015	12413.155645918107	9309.543058638828	1030104.6678384694	13115.528996984354	12916.17727657291	13616.551160437048	16321.942687633049	52432.0221561723	15283.634071624385	10896.5636116789	10593.852789984212	8157.110483866266	10958.920528266764	9758.396274720739	103439.7283963288	7589.243926273146
2025-04-29	8240.388166253842	17131.461983324116	20693.6687237632	8140.096113749572	19677.181472534387	122218.737511988	3113.781383199081	7416.549912233897	25002.695889769064	9984.65815796547	15195.036613684011	37206.25044226006	33383.94815334001	114087.31271235996	7887.596337735218	11592.603298969967	25022.844447643685	12750.533654797904	9917.182215995703	32131.716976410957	21863.42345610215	13849.385848290636	8134.466235569211	3127.028140149896	3038.439495117053	12093.623721659877	20557.479304101038	29217.62143068092	8367.238064224672	13415.288610977326	6930.604938297213	117743.4021223675	14159.144902533695	7281.219001752381	16799.24599837735	12052.661724213867	11572.204549735168	11645.782719878167	43822.26809649013	7662.674189593068	22068.69569212915	12789.374563238493	13573.261313459156	10979.927919508045	11979.953509132789	24457.947763870416	3778.8133699149676	12948.791564918736	89625.59619229115	11074.16226660335	55922.83485405745	19371.676698221774	7932.063412405474	6496.59969256095	17593.7633795504	18257.290273007697	16958.577099207556	81742.56807232543	20440.69430979021	9786.445004503676	5756.570374730672	9339.477319840826	5554.726390978088	6066.089470012779	11450.165048386749	8236.20912594888	21520.660250168316	10394.793464064016	7973.513914573921	14556.922148643389	5292.845435437887	6496.900633021988	19303.419619263575	22295.455741808197	116669.03693697408	13735.945895022993	95035.89801080448	115996.48376285342	11055.964957483651	10329.270007865784	22539.1579741854	12968.582953741825	15399.695291879136	36558.5945927188	9961.369641393663	12011.40346494707	11895.885462280168	16807.232819319965	15083.425712787173	7462.108347497841	13499.930418533408	11679.211401038458	8962.434064089779	53328.34226227279	59160.9019641276	11985.536648841682	11268.781560696518	8470.72888935639	1032485.5306100054	13062.495720512628	12790.980359358138	12822.277039897719	15235.088283763573	51311.01511478952	14273.973656805532	10715.32018603411	10354.855014765928	7839.370261933919	10350.68430922521	9525.71428809077	103679.72297661981	7409.895134507162
2025-05-29	9286.627884651502	16880.631777690855	20714.767531716774	10299.208658401705	19470.127182352968	130378.17011401655	3939.196956217543	8693.79586324675	26378.663867370393	10248.015441242518	16219.086078713633	37139.0024876603	36845.747541328725	113113.05895483535	8097.057299797702	11799.532805639838	23678.763747872254	13442.408515040694	10444.907116283828	34038.642648157074	20804.470316740906	13193.801974078842	8419.273184711907	3585.4501858294298	3236.1732357778455	12106.722800490803	21287.241782148943	30012.27051471983	8824.033506847503	13480.437164857121	7439.105771264913	117297.26688843178	14514.897241868786	7161.732660711292	18198.315027706143	12806.346431086968	12431.395847710704	11527.057725491943	46547.50500157947	7328.093009327296	24577.398776427635	12083.844156979681	11901.040541193606	9657.57533059677	11317.776615054148	24829.449531455542	3795.908523203602	12406.778932173853	83701.0587188648	11181.76092369512	56046.966357869824	20033.19509253826	7828.245514036966	6555.025374602685	18200.906650091896	19484.411459522766	19986.45983424587	79484.29417909254	23034.18187846052	10169.366761102685	5626.60311616969	9826.035048441543	5328.7840933349435	6232.28331582922	11189.109222726915	7374.832708757641	20511.16685039568	11317.353524767808	7539.396502521352	14897.522174686716	5583.825584116812	6617.77715091826	20714.002539481393	25298.068989669307	116208.86914451016	14017.483489887038	94185.68623141863	115907.59278771165	12214.947231225886	10082.883423366562	25652.618177715252	13968.559975782306	17142.97591342028	40921.67127341193	10136.818945636065	11757.01966934865	10948.403297205852	16931.068851915014	15927.198618747163	7146.898212639518	13187.538417683445	11205.016704962542	9055.383744114044	53468.29230183079	56818.385927013325	11506.688338349626	11006.027741969225	8164.789290864734	1034825.3958235371	13046.245390883865	12644.508647881239	13899.445911935883	15817.7814428106	47084.55650713942	14927.870761821092	10173.85065330541	10029.093423566846	7365.699198475384	11076.028731697672	8735.261168888643	103904.95732254596	7822.643998899716
2025-06-27	10694.51149106576	18234.848752273138	21164.373979125085	13740.365261475865	19546.973516706814	133921.4532531168	4548.758915323174	10910.110097495772	32251.873708083855	10957.156257658846	17248.509861156614	38045.02840805528	43443.20094823369	112682.75500499526	10284.262861361121	11824.164778771983	24354.80463745832	13594.174818818121	10922.936610998375	34062.7651379445	21108.60524648727	13584.447534183453	9283.584602877016	4010.8958233836856	3630.7780383553236	13028.897574849701	21488.19692276341	30445.261707821875	8217.62102133466	14612.33710372384	7926.547472201864	116948.28685620669	14978.67317752312	7112.191224541971	18429.550758962683	14805.98083752905	12772.747360984511	11635.73831378503	53800.98297596932	7565.688263116855	25442.11366729503	12163.97295349914	12923.76376350506	10351.25888361994	11374.980025819044	25214.99068727404	3795.231790368124	12322.308221395364	85805.09602367156	11268.652261278006	56163.64447015068	20426.4677184965	7885.653769007709	6904.27926640582	18561.334455312062	20018.99835092823	23591.208718223257	77173.5227361568	25405.428001750715	10372.472679837725	5693.033875662071	11914.18575484285	5316.1181808168285	6436.137308661109	11237.162527292676	7129.592837968271	20446.099998792364	11233.228811938334	7570.830252449994	15296.815018696165	5832.7101017486275	6714.0285640280745	22291.411901478845	29348.166687143304	115531.40546392277	14125.145823447208	95776.17678010222	115960.87016027982	14746.411321539366	10133.406438605161	29462.830947147708	14366.873580093337	17754.921297027424	49360.320294706864	10266.670158040897	11397.669578589763	10985.678002173037	17091.43347371836	15640.95501556133	7369.966422840524	13311.19050128635	11116.498359712037	9117.83405949353	53601.539417824366	56381.28998639283	11421.901353241612	11056.556295447812	8170.529092386801	1037059.8554275433	13096.64099740103	12506.320822732254	14768.116261379073	16219.011231959234	48176.54488288213	15125.054889432453	10198.987264348321	10077.834360300873	7600.087003134153	11480.170904214348	8912.986982843722	104127.25393287148	8852.166777885435
2025-07-29	11310.378684165833	19435.929183208646	22526.499669164175	13196.608208028141	19629.66879867876	142735.89928041774	4333.247826995591	11251.631924417043	31818.08989545672	11520.077346362175	17951.88071692225	42465.733191973784	45011.90849070572	112550.32492751002	9378.69595033237	11921.601091901011	25966.049119187508	13885.818371576028	11260.67382286468	37008.84163445595	22918.53358497745	14075.477000343211	10113.946979900504	4047.352381442982	3598.1654562420936	13776.70720074119	24935.7800071709	32262.515905681063	8486.700118928198	14952.181968054081	8187.024121891849	117037.44143230602	15540.356930893226	7252.883199975782	20208.413615119636	15551.642846102914	13366.44204300579	12611.281958279207	56461.204533811324	7430.176260635439	26518.89198758928	12318.427661174048	15575.894286337796	12396.415741743775	11526.280240054137	27396.54848623054	3829.00993233485	12606.564041688018	87436.99299886131	11549.437792695107	56276.39181700813	21760.38505803769	8493.411177791064	8807.26130802137	19773.985922893156	21335.064528464878	25691.53793840616	76845.83791173046	27398.351134640696	11536.183995598001	6667.6133525452315	11767.120028540076	5808.149707583947	7027.979055198981	11799.332520046837	6841.660830877504	20891.691814923288	11760.24190788956	8245.225546557964	15005.98173494697	6775.098023583913	7527.98174238886	24031.433544495558	31417.935571948692	115666.54066405426	14738.29594520231	95676.94404606265	116428.06576701884	14823.885979750472	10638.041696168528	30738.870158632028	14996.77934047546	18545.46337149651	53396.21569879539	10575.700086991825	11666.542669455905	11290.543897552014	17892.912440880173	16732.776180495028	7246.981818906408	13082.87068276179	11355.803506493177	9187.73130222179	53720.75047672735	57653.62221224069	11679.885392642344	11607.032800330233	8507.857242233536	1039204.0823881282	13415.449821148157	13238.31314285298	15856.117234496178	16853.88959431916	48341.05154026625	16724.987715734216	10431.35192560846	10331.021596153822	7699.239952584983	12414.518926422812	8932.534883496042	104337.77930790279	9255.980331937499
2025-08-29	10950.017271608993	19414.161894542976	22464.78845369808	12636.517944242527	19975.06396023483	144713.54219291193	4296.392706214863	11641.27274170683	32441.819206259228	11284.36105324682	17978.79585763948	40575.444888051316	44715.26672194207	113147.94641669391	9326.033398794163	12050.08229317691	26724.685193550376	14041.369319157213	11276.34155051084	36758.4047338585	23838.94265068378	14239.317344540836	9694.816727387184	4032.619126880737	3649.7896881497995	13636.371181418228	27749.915943570137	32882.06793010614	8515.1009823561	14593.685315175526	8283.423977142364	117279.31232081447	15833.065222110017	7272.089728804398	20513.93315515843	15468.648058567725	13935.392604456436	13755.95541460084	56181.64441256631	7508.451091093126	26706.80925771999	12554.245190245547	15134.077874635288	12186.874658206878	11762.917986221371	27335.279494416354	3888.0997929596742	12710.510383502016	89226.05770087075	11533.175470933387	56402.25057873531	22154.759276005043	8686.641958573146	9036.117981734587	20139.09647583626	21620.83895041097	25519.319100746616	76639.93471761653	28002.658715570244	12009.07232575035	7173.780828860606	11762.537549524313	6223.699865615298	7379.952130312695	12069.669710715418	6799.998547234733	21410.371561453776	12081.13827019737	10352.975392872226	14403.507805343088	6993.866611265665	8041.454081054149	24043.541730268847	31655.927716478247	115923.78943670765	14964.165586303698	96708.28640531159	116955.83544685025	14631.11931273603	10875.157880316185	31199.854255883733	15180.88237804874	18679.08404623589	51255.82017212288	10741.089773106596	11652.947957883518	11363.713237176871	18130.581583002197	17422.653278535887	7322.299398894744	12909.603089778586	11448.906878186108	9244.70635264666	53845.806262672064	58080.1298092895	11777.469345303867	11873.891265161705	8666.214079345998	1041529.8672809798	13569.36077224012	13365.609969452176	15991.041730908688	17453.36425397148	49135.74359871186	16475.993838068895	10630.876458013518	10498.07551026859	7865.8324485397225	12903.6077412412	9063.492543824883	104566.6294056843	9205.884423251231
2025-09-29	11422.581027992856	18704.617917614887	23927.726802248217	13774.69033838174	22071.979414016707	151949.26081301793	4172.854881950715	12075.913976799366	38262.25577059708	11432.027706795241	17496.714875123907	42334.52093860859	46805.1433035215	112504.06424472161	9776.382275120448	12145.00888303866	29162.050852625463	14119.799423870716	11952.746480150963	36980.21324558483	24423.373696299863	14816.448502215073	10026.013393314708	3918.2118828864704	3706.0142086933556	14424.134505448905	27592.497137506456	33915.08148435017	8275.081526327602	14877.749022810609	8317.382710659016	117024.42808023086	16411.962974102604	7136.364039940705	21203.62229057939	17067.10819179919	14271.615619369795	14313.755114057261	61955.394433328824	7715.216337895914	27746.349085716847	12700.911230681033	14762.932192839562	11805.837050378159	11891.068547209732	27561.32442440009	3984.4803920268023	12847.756872420494	92295.78035071264	11507.56827553533	56516.79731237916	22941.420640353812	9749.41882497881	9379.175718363753	20856.08509211372	22708.53729669521	25627.702097568083	75882.36225172745	30706.98324616371	13025.351674114383	8559.11133660356	14335.546004551674	7384.099914407666	7883.101789928498	11984.321725687842	6547.602756022714	25578.15403240755	13557.056803292404	11664.318406570146	15046.00346351042	7804.387672360712	9953.548463084258	25529.398244162432	34924.64536186586	115651.8248681018	15345.669219572825	97406.3871299202	116765.18213073513	15418.03351741758	10800.211722926084	36095.847551276325	15568.657484952153	19433.235402624152	55719.26589051255	10547.315049691093	11458.505972837429	11405.22067628538	18358.229746619025	17957.359702421796	7529.3266397950165	12952.403677751106	11587.793846562805	9279.667140343834	53962.36121836007	58750.473560871986	11906.249297842667	11786.59527201236	8557.996100527802	1043607.8603338562	14145.903449707399	13794.738446049676	16976.35746528708	18742.553074533585	50996.503848907276	17967.710071083944	10769.872616708974	10661.106260335688	8155.149444977021	13627.89167147052	9435.893011804841	104776.00116092176	9865.128357832156
2025-10-29	11453.91344132254	20809.245808547344	24309.131810964984	15543.815885088641	23259.64501937419	163765.54043778084	4738.747961844498	15477.783507644475	50763.224962278524	11762.116844388633	18717.494733542444	43946.72343842269	52290.436547419	112426.89461566349	9865.1289473135	12361.26508338076	34092.38214150126	14578.095014949218	12487.996244403688	38483.561593728984	27574.785525312014	14664.22230871965	11224.55727396693	3717.953912444175	3514.9832993637747	15673.995965076489	29631.949321724987	35831.00740113437	8581.494217540941	14022.702428810295	8036.3798170678	116859.21340506042	16362.93595857982	7077.052622711486	23103.927868822408	20298.631531587154	14633.009266781764	15090.444326439774	73692.47619929834	7959.017373781875	29143.421816628157	13120.234557428212	21016.084884126227	16953.858954140094	12275.865120457056	29273.965593905825	4054.420406191956	13182.379278235416	96952.96617721824	11634.954853578762	56632.66469419336	24275.859042515873	9639.308802939033	9024.669213681933	22047.006821327912	24460.576504038214	31545.238553635387	74952.67234315682	35220.8213957462	14433.739779294388	9505.421326533025	18270.389156692538	7789.2210319512515	8846.248398603744	12189.953371595198	6227.550984212921	26203.893723709356	14133.361427740503	12194.372065112355	15478.390640285214	8713.67335043085	10748.598431003289	27612.964877305938	37315.260167277236	115270.17957935232	15986.104863504177	98554.10789022164	116844.65822740273	17477.787895458354	10972.314111417563	44319.944647579585	16074.472546825295	20447.039529689046	58068.100008132096	10474.48166896858	11802.561283157142	12552.156732335483	18491.728296125388	18437.908732297532	7783.788523305052	13940.817820767805	11888.170965529225	9306.94658406937	54081.26002778029	60277.31395319794	12222.847490305312	11978.511593591858	8725.192275971225	1045798.6593083217	14549.065863826369	14836.640760333603	18623.86056791279	19037.576931404685	53850.93124011115	19050.220960312432	11083.929938298163	10957.013970232088	8631.121308513222	14689.055281766292	9998.043418068022	104992.28150177887	11451.737740542281
2025-11-28	12040.168072203025	22024.315647660685	24236.791962178184	14560.340558246586	24172.952648793464	163376.16075171003	4490.3238007421405	13509.98026818836	50606.73729496598	12344.337171105586	19335.967887042698	48395.410956555235	50054.674527749194	109456.24213740698	9388.603277237165	12333.81236106517	38500.45946535638	14332.198658727411	12203.342123507558	38553.35836376228	31379.37130279196	15113.80172472532	10185.96432794506	3455.2258188614637	3352.5091576536415	15844.219212292663	29973.106929051715	36237.464905263754	9033.638755677752	13570.371200490577	8254.276083798366	114412.55255322775	16451.959715351095	7128.824343455463	22668.738480550735	20051.543426187403	14342.626960756603	14857.274529086191	72777.21025287537	7846.2173233073645	28314.56280861421	13478.850335177078	18696.18564035532	15146.052039589633	12574.256334034233	30025.694458953283	4121.198353629209	13531.058627457447	97483.16413115649	11460.91995619651	56758.663987556625	24628.640441860924	9062.809907509996	9127.370258252433	22390.11423516436	24406.29866899884	28715.98576551403	68443.72671500978	34547.69115419898	14113.661715922302	9964.164659838993	17848.532971236506	7689.261039071329	9062.28136116228	12624.664590109198	6404.914129388567	27703.115349744254	13127.154224720342	11196.896300642982	13936.912348125134	8579.9397722896	10520.30587520562	27566.839117280215	34960.08323532585	113714.72986154069	16007.037058140008	98250.17495777796	115416.65944735007	17487.426271864868	11374.079383209732	43636.038721071396	15911.083452098977	19899.361473331337	48632.455856347086	10578.434322710435	11944.020116463013	13937.642319001372	18787.287763292385	18388.343416669068	7637.542662093287	14266.378484920937	12211.565367024175	9307.440186726233	54158.95053607464	61953.72076971864	12563.426384412644	12417.73039567747	9096.1582873326	1048128.0584804199	14584.354606644121	14982.277524624053	18023.310261693136	19086.515715021356	54308.09815548211	20194.907759480706	11296.052762491689	11216.820333245747	8789.388765602424	15021.458406938382	10052.47273374639	105229.46061903989	11260.61556356853
2025-12-29	12352.989625137398	23988.605040851256	23374.455372611963	15065.190676060254	25979.429441406868	163141.9676782234	4627.271089862634	13374.55451009776	54577.03046201448	12215.044410073444	21124.3401250533	47407.10942784401	51271.47205798581	109287.67590164389	9291.140569308545	12070.110358059273	38918.37478681513	14914.162113379152	12286.16045603001	39190.393932684296	30628.714729663185	14873.820556451534	10320.625148739175	3251.254730439967	3399.733049878271	15762.19017431184	30487.631992442064	36521.18360849848	8729.625882757908	13392.505903598023	8027.262064243397	114671.68887954002	17279.76903530094	7305.956495117515	23178.07477830742	21463.722578566958	14683.83938563057	15147.36450316861	77845.69781991029	7636.137682168315	28667.640963137444	13149.001149034819	17743.558527169836	14396.730128337898	12290.49596810945	30503.608318991144	4145.181802938799	13381.032649096134	94884.29440800106	11265.940160675007	56886.56504026793	24615.17748703045	8744.10265522948	8500.061108942278	22349.492914308772	24361.817474650066	29052.750612245334	68166.58323452636	35747.33447617641	14504.223751699177	10513.965991177234	19517.10059979722	7765.807712803878	8937.130938798295	12666.092796959485	6330.915861047868	29822.85807906661	13035.018281130051	11293.00840558653	13776.85354701266	8872.267825069212	10709.309068017841	27572.70787700569	34749.42405994724	113831.21325180994	16059.713819539125	97818.66861932274	115721.02291265436	18400.204774309415	11460.824006156334	45879.57014373657	16162.24687012048	20183.81253372333	51844.598848777634	10765.373735842059	11754.87668039333	13505.553751604384	19499.766256606832	18930.519745200552	7444.813959639227	13886.806408289418	12051.704587521903	9326.089402618585	54287.88821120313	61023.216422768375	12376.721919466385	12504.233648043057	9134.248239668166	1050606.3599625193	14761.24782882176	14105.512813832784	18326.16555720354	19313.175986781804	52129.490051363144	19718.51911249901	11041.527853062404	11101.09005624803	8499.514561070218	14784.858598192603	9674.804021332486	105466.50763937055	11897.808913817942
2026-01-29	13277.96080541116	31472.245854666253	24436.648658015903	19978.141733260476	30869.381186690065	164409.50041197188	6025.665255675835	15721.123891141182	71689.4135489609	13442.921640417295	26968.554055376113	53980.709324888914	61820.54043124774	108068.79915126605	10500.838740415846	12174.750353865795	38958.729845702546	15692.486457425171	13738.76914556525	40575.14089126298	30948.930618150105	16738.63732043293	12867.544470131468	3798.0273491166736	3417.078971735501	20488.086429686628	31039.08809310531	36885.334918586545	7966.659464657728	14649.69336867614	8535.360235339194	113737.19786486095	19788.83919228031	7500.3026294500805	24682.72761968364	27314.954978810587	15369.464191837018	15556.921976263286	98966.55766520396	7588.041039055673	29099.28509361313	12954.278444767546	21797.546836642516	17875.556827416483	12113.572840927109	30833.29750471512	4285.784731474782	13258.45473577149	94260.59078325958	11413.311807603914	57027.41813495876	24644.90156754374	9115.668405104949	8686.279282599025	22400.551918264824	24563.183267983186	34522.09335219889	64612.643221656435	40455.6551005051	15938.858229743839	11642.509459956165	27393.65711073904	8584.672184375626	9968.368515077085	13252.639986082457	6240.897300680094	36162.421277932204	13238.341069230213	12942.56406689091	13146.107359816335	9647.460000642694	11397.119176058324	28458.057171205463	37652.41759272769	112803.78729878104	16316.238573891555	97715.83530505591	115596.56339217325	22629.660144426714	11967.958757316592	55675.09824350841	16280.518411277233	20454.387772470727	68587.4306867594	11378.483361899249	12384.885005892123	13391.655053402781	18518.296824343804	18820.158664951203	7412.666482836704	13009.127229121403	11986.147284843726	9370.681869549466	54453.65678448115	60788.5521570284	12311.955681668243	13067.257660977197	9550.906915306205	1053125.2139684486	15215.875001548686	14154.021388298423	18450.22980650213	19177.14961346435	51555.186870808626	19807.666088828617	10991.061469806602	11080.695065541295	8417.418257481842	14554.333227567004	9537.358430768978	105709.71243930227	14694.697980312783
2026-02-27	16080.511932223531	37086.30931185094	23047.56920108283	28780.679081503804	29647.014615559336	158593.84371376195	7873.595507298491	16979.38545655781	92270.03146520062	14594.322196661531	32274.90596219656	55353.39330943803	73453.26790062115	109109.78600997601	10363.191150050126	13224.316206933418	39140.002264899624	16210.352945276098	14296.196284367163	43403.980141223496	31224.45214817283	18260.308775471956	13902.611971071128	3708.3639832586255	3679.6632464560385	21250.191490503043	31725.927502014514	36984.77354177444	8181.730200422152	15351.340121053196	9552.184628907147	114080.24592284342	20843.00584350278	7838.051964960592	25951.988135252454	33559.3177412223	15254.923780304687	15699.839133918671	121477.25149748864	7822.852832950741	27895.299889698385	13206.930443872241	23512.277403056476	19114.575521685896	12369.051565448153	30728.10588950159	4398.725035799909	13329.707006281798	95983.3276504165	11977.688679930907	57151.27997367147	24421.416205984373	8114.09623973238	8508.990426175242	22195.89050122039	23698.384789212294	41380.13678395597	65021.925901959316	40612.37068044701	15759.365363533896	11946.496477163162	34729.87252676815	8943.055895508516	10190.844380830822	14279.069651184029	6511.58188208504	33457.5022980548	13373.144257892873	12721.175394302623	10978.539089612426	9435.906843032839	11487.053764797882	29028.99520132893	37739.94927374875	113404.02200236244	16399.512154535576	98807.25445875284	115884.1896879707	28741.509596481876	12891.186897120504	61479.23561896608	16054.505010675091	19617.087819624987	70206.6204545238	12212.603753980111	13287.722301044487	13520.83063756963	18139.08052176218	17898.86138213602	7630.771998086864	13258.290546902577	12049.620777691975	9362.116282203177	54589.87473929132	61116.91968365538	12381.000144789436	14071.071492224353	10359.77204096571	1055516.880158287	14997.7625117302	15432.257854543259	17426.380677146175	18953.911278341726	53460.434891459925	18840.15097681461	11141.590408559685	11123.722750454199	8715.296617196112	13919.154908497725	9874.834416803096	105949.7156132219	17712.623438636707
2026-03-27	14695.0381326903	30383.97271596777	22966.774481905366	25931.696975095903	25422.332119015915	159232.02418678993	7639.28779334165	15278.442456026947	81208.08651548665	13127.455916065592	26264.385547458576	51783.68932417547	68056.5656152113	106063.61758191301	8935.66938055258	12393.982103950895	39741.58023834661	14729.340372758761	12902.498285667962	42525.36259456661	31136.39318361692	21481.829138391065	13953.508725379888	3521.4788501052535	3256.4454167618683	20202.972784407597	28773.70015321255	36529.52589182576	7381.065247974778	22433.621618919606	9175.900179261454	111856.15578698335	20528.255458842934	7515.324255088739	24338.889450050614	29519.524763713343	14407.268009040414	15604.483421018856	107024.60742426204	7510.688195901552	26596.595621681	13537.02742944802	20491.70946555596	16719.697007323306	12662.479150870447	29382.377483569886	4399.086457681724	14029.403237737668	96676.87194695979	11236.350453736648	57272.72613769527	24360.12476237527	7907.118404571991	8318.860481243946	22143.017005711557	23795.928753633096	42419.36352755887	60202.56714997464	40010.43388628136	15260.563982706764	11835.716946595148	31959.83611082559	9360.514236556808	10341.366906822932	14706.239462031652	6815.480397380604	30304.768214230153	12433.52088574268	11555.396883345402	11533.6122103483	9266.213226140677	12167.953590495614	28931.982563009646	38597.919559382004	112761.823890728	16098.260243439016	96709.69113779918	114389.10825574816	25610.54193212432	13239.91481435184	57863.172590705144	15246.991433153173	18741.79937760891	71757.70404171076	11935.266551215656	12802.369628376582	13209.24043813827	18079.83123794655	17738.569698069346	7350.388534111019	12250.714794713109	12677.124640695147	9179.16439841515	54717.18481993626	64302.132028426524	13027.66368103055	14438.90883268641	10717.227567237933	1057718.2951066592	14640.953612828278	15649.151985660275	17529.433419000008	18941.384681532436	53681.307038183004	19133.811855604126	11528.334805661027	11471.590278096677	8827.117416947589	14003.737020788018	9986.965505284152	106168.600491935	15662.37330555618
2026-04-29	15552.649707679526	32792.94644462737	23246.583665940103	27887.475598060722	26253.568671027675	177262.9466769724	10298.255797539687	19831.035137229257	112978.54676664907	13742.450021202078	28207.851662562556	48348.98990138642	89052.80938822814	106966.73089606971	9456.711307843849	13361.315616724742	41909.46486193898	15513.661793987796	14313.575627505576	43720.06870750935	31466.953877376698	19662.663979748384	16104.706063688842	4109.68011933313	3443.8338782126207	20849.440731760595	31599.35472413303	38804.596469107375	6710.838600524097	25579.018615915968	10268.326387393496	112703.06106163928	20531.30343297189	7410.371976533444	27080.107449756797	36251.89677590427	15836.829484375477	16488.17710870307	131245.17065818398	7523.214262805962	30102.2828425879	13354.757840875081	26792.180514539417	21600.56656237805	12505.394602713484	29916.221113369167	4600.853720913703	13825.672645497707	96687.04927502536	12163.77247242337	57416.69398399903	26129.855980172724	7874.167967691232	8559.071638448295	23733.159322144627	26489.799779764267	57295.69159500164	61470.526586123364	50146.43969839023	17697.772015996452	13812.338795151347	40045.114598254695	8947.305616201667	11128.711591645111	14742.070791273054	6009.220436272668	30493.707777234104	13578.985529365646	13176.062097000704	12066.310776902701	11039.143674041417	12683.550529236029	31756.699301836794	45904.79675745005	113609.94993708418	17548.082968742878	97460.74192293777	115076.59492005208	29618.26396114134	13287.19965230403	69506.36300506265	16615.91429030793	21191.495943999216	79355.26575776387	12194.013846190757	12806.040198250965	12808.152306585365	18635.540181378274	18613.436083503926	7373.576663421218	12507.633381213522	12464.733161225871	9351.79191960864	54876.35763492403	63285.70197130823	12821.908182819328	14497.99789284573	10609.302758720823	1060376.3239440077	15018.199394458963	15608.42859484577	20399.149592093636	19787.161507175526	52870.76283792341	21127.46690437935	11484.301047722674	11482.560932945045	8730.127168907811	15506.89027628148	9808.864774223031	106431.38967854982	19027.418726131116
2026-05-29	14408.146481799522	39652.9477614335	22957.662514846164	25857.420823050685	25342.099110734314	199946.242065328	9202.576700698466	17797.493890829348	177971.01529034952	12839.737084293407	34367.65094347317	43976.29347608548	102823.28913270833	105220.32696100406	10031.869557783713	13558.776171332582	43132.88237469647	15933.660027812564	15339.482791091208	45050.67073835126	32457.534154803994	19873.88236553951	14704.87656537259	3534.0987008669267	3036.0152222325864	19383.4283341231	31987.387865743112	41494.059182351055	5814.093305279924	24417.493141209823	9428.262077954078	110998.8710557195	20395.582792860856	7098.653845542863	30640.17752667894	47477.74318103175	16594.742721232386	17355.85514483854	172421.81757005816	7428.384281567121	33238.06830841607	13506.919211879427	24561.203102456122	19966.678181775213	12641.67319373055	30976.59700054381	4042.168454844896	14106.167632432262	98794.26711091856	12265.8677115869	57546.664002788515	28080.13806124874	8054.364462219177	8031.797283309247	25520.968035048147	29895.76164970356	51643.12510622329	56335.714512875726	61205.419463042635	20714.332585853608	14284.053444554891	50204.65353033943	9657.446951495393	13249.930114195999	15674.44251455458	5446.067875328896	29812.041442313723	14878.729761096056	16315.28902256412	15230.975010510972	13027.208442962024	12200.127627469119	35374.6194395052	56349.35873946525	113063.3099268912	18377.183815160693	97326.95481441864	114777.57179564462	35326.99317028801	14110.529590987495	90554.52074883081	17516.924638584693	23426.808892242327	69580.16784718659	12688.073045757	13257.649749832532	13527.733034424413	18806.41207035099	19555.63529097764	7297.6209327252645	12364.47721602131	12737.428016153643	9332.441945632781	55013.510449137946	64653.203298000284	13098.978112999312	15396.690210338387	11138.110146146315	1062837.55711808	15184.161592863835	15447.759693963231	24215.306270884692	20174.20739586164	53417.659848714524	22552.305684026534	11692.378769495102	11717.26397239863	8746.3173887771	16239.471051960518	9923.149018983411	106669.94462278305	24481.417877995922
2026-06-29	14240.416477343064	30537.61606497551	21271.7281309724	21188.81763784487	22817.043716525182	200490.8137752934	8143.398935867977	14954.283743375674	190668.38038636712	12085.345494973262	28093.80142941565	39720.258346837494	95255.4365952388	105352.65805275628	8199.00879084545	13937.654514099284	50211.023137934084	15889.677375469233	15355.063967211525	48515.81800524782	35744.05183080116	19326.44709003674	12371.315140606466	3466.0758915888796	2792.638679518912	16510.157249859174	32587.17647780215	41896.04308992308	5468.315881818109	19616.315314763204	8714.17346025665	110217.10609805209	18685.840111334604	7455.342607168051	29105.66179292443	50015.268571608714	17025.356821768495	17824.682188849587	180852.6523702789	7607.13363493374	32479.629715030962	13917.291256827557	19066.150137141325	15341.253029516392	13037.769381211467	31818.896741482735	3896.54256646009	14485.197073142655	102515.1396801635	12456.523686282837	57677.345530189516	28151.565981996595	7372.193172802412	7961.406938359531	25584.556376426728	29976.39599109807	39077.81863987456	52897.82638522578	65806.1485094256	19327.92578156718	13073.3746424231	51126.62687268594	9198.933350989295	11662.994056635012	15867.084449236407	5543.041235034823	27448.989417115634	13545.482825021516	19057.51225022223	16247.271924948702	11925.235385139888	11476.010656478527	36406.99257814354	58649.425176962606	113468.76541930193	18127.699968513312	97956.7477874325	114872.03523690395	34222.21683883016	14259.582048921195	98654.8736539085	17133.480573582303	22916.44299775018	59509.80681912217	12526.354181359335	13623.973955774069	14624.94243310264	20143.619586383888	18933.475245127956	7486.765349026616	13014.851849057402	13098.729688098923	9350.533119623133	55133.86873103185	66400.8605367692	13477.899764993776	15555.305144968233	11362.210725889345	1065286.457243497	14999.488596116631	16277.965015182202	24545.744035059233	18906.19510956516	56007.84502092347	21493.85446291512	11928.264584902543	12021.396813644384	9220.42809135188	15139.151064368298	10444.704693936366	106902.02290052855	25630.008348863485
2026-07-29	15260.91421242546	26618.466689403565	22489.811795105044	18029.140989216634	22792.028907319887	179899.5217551297	6322.481986712902	11611.704538480637	115539.02197236079	12070.549811527966	24722.244784260478	34241.91295636098	72545.16092082814	104296.99370510962	8093.34019136848	14389.82860310293	46674.07685328633	16029.415929163635	14138.772866756422	45740.541501435284	34471.20475485412	19832.80783007006	10540.376885564394	3768.162169969507	2453.796037501659	11988.391118124604	28159.11116703819	39850.46864082484	5365.462235601369	23133.059492738397	9002.118343912822	109661.59106927208	19568.505361480766	7712.975727244667	25978.689697104353	34630.74209941319	16701.32796066133	15975.499632683845	125669.88016970271	7373.540044848268	30764.334094347818	12989.4731198746	15420.711875510282	12194.679329992785	12175.596736797992	31250.378255318043	3954.1993873322326	13730.41194209913	93360.27463824257	12765.422811281054	57819.4694577911	26797.600981505384	7586.764166447245	8380.193649009198	24359.43434789485	26897.384943674086	31049.19271841938	50829.249951279824	53151.77940995622	15956.003445589915	10783.773461997338	30228.901565850676	7639.840950457264	9618.501365658787	15734.499010126328	5841.598142643564	26181.700818056783	12455.47098182813	15043.369110828518	16580.43992866131	9364.436376683896	9993.020058160142	32519.394889828003	44555.528535568796	112672.27979362746	16899.49248967169	96347.56733786955	115155.24241067658	26379.467104538366	14166.537222662948	74656.47999757464	17213.308452835357	21720.08097860479	47621.449708846485	13137.876133610811	13103.243602740265	14422.95509478685	20234.43799859027	17501.41439412844	7227.442950136828	12095.224592615055	12394.000673165174	9302.15071655899	55294.425403532376	62985.513737612026	12745.275656175501	15451.509671833584	11330.682921510088	1067773.7821895871	14653.52580522947	15222.805284006603	21831.84663998796	18265.179630849416	51120.274802134045	21073.15030520175	11209.371819145483	11353.41291589585	8467.078100885436	14636.12205560258	9525.74497542605	107153.2951078524	17904.088491920636
2026-08-28	16102.983316857439	28218.445460065217	21481.122727304362	18494.339918680664	25802.627976908163	179390.11520601355	7990.999227753633	13440.137070038098	135182.49297095393	13239.208982252985	25468.764184591666	39360.2884015622	81321.58778436705	104950.80973243414	8554.499179525466	13889.619121469785	49302.181913412496	16633.258397300688	15233.37679089206	42571.89936186862	36712.12167558897	20008.019052890697	12544.319124401514	4926.765491086087	2686.7033189754666	14698.319038577612	28978.58476119574	39276.50784514839	5341.052088957898	23231.594997911212	10417.50817161481	110170.34056739381	21255.711125614816	7857.441412914146	25770.293316216324	39007.19643866639	17030.193136371592	15272.838526010339	141451.61274427423	7308.667175073645	32395.79404083924	12273.058354603349	18851.654432159365	14922.959403838791	11549.389903829926	31767.17275875962	4035.0421253201425	13024.187576967211	88357.41306365712	12384.540861808211	57971.11319755051	26319.49857597398	6979.931379205783	8749.357583615136	23922.671646802115	26821.119908039545	39799.32839831959	50978.15625631807	52880.669716253	15810.627711297724	11649.456657778483	35199.86221737936	7268.179516239619	9303.232297182734	15469.51282906485	5529.978359507629	28617.1946009163	11893.420908675662	13936.744119343333	17622.62051364895	9115.587680071058	9631.067244062451	31716.80757493729	45237.90789867808	112848.30009330739	16856.50939678788	96630.66284111372	115739.14037716026	28443.527548535872	13928.794554966556	76719.75625108718	17825.238272337177	22863.09652093934	54939.5826585053	13629.328746259753	12465.524279233743	14373.500169732615	19553.044106692316	17351.44332953186	7164.369097444034	11546.57209883909	11767.053312301956	9388.439375472411	55452.66333552618	59795.03680492102	12102.231533658818	15202.929764513814	11048.394910184346	1070398.1127346908	14793.476263773826	13858.722075369493	22201.798082278558	17815.233841028035	48007.372553002744	21204.69339997783	10658.96650284377	10866.301962095698	7957.176728762675	14682.882251797702	8926.714604256142	107429.09225144153	20125.851970714804
2026-09-29	16553.264990790667	25347.808574147664	20546.29456627152	17505.836610164566	23513.999416950202	182514.02179729004	7782.184334754207	12608.791632783003	141905.61829804705	12175.653242310507	23233.15034271639	34752.841768539816	79245.3673425558	103728.94868451092	7876.246580599956	12994.899278277513	45186.46519869033	16156.969969995876	15293.088067414084	39757.32340040146	34964.51142990272	19837.36339857011	12130.74912959969	4276.109525456897	2632.018152907676	14452.558868712462	28155.19116743542	38326.65849829468	4822.109180500115	27298.432423205373	9557.764308460399	109613.34938558633	20448.117385588765	7477.873486939824	24992.950992863956	39981.51849479336	16005.067992394577	14433.717024649168	144982.1783605697	7019.404443423438	33280.74684218792	11762.011631067613	18355.98717370456	14430.273588141827	11058.437523260025	29409.4924422958	4043.608311693311	12868.70918196447	84120.29576150232	11624.506999531615	58124.26926719017	26005.67425680025	6392.388324672107	8581.677479131302	23638.735730811735	27294.515329475315	38688.939446762466	50277.62611880899	55166.36187140438	14994.19182837268	10302.933620888383	38180.1953457472	6668.99935071899	9056.546548111244	14604.149705422238	5397.934842089042	25773.751499361613	11380.620749874983	13201.681715721244	18688.042891140474	8636.747232043916	8043.666373316997	31884.804679687095	47509.48915282049	112080.44308500299	16729.225293645282	94495.04101148876	115273.45316328085	28792.75435307269	13155.11184195953	79802.46423698068	17820.46427272632	23513.2355576482	50132.55546530023	13020.215928391215	11817.813411258963	14037.803262233896	18186.00853256617	16127.691279834107	6930.157374734018	10689.274045536135	11661.623715451538	9207.148628653884	55603.22009817442	59240.2556515091	11980.810644370587	14348.400790147556	10454.315100092803	1073093.7629481438	14503.543981052651	12586.176246378018	22857.966172025757	17579.67689536461	45516.58321034675	20502.193264668844	10227.591670958045	10519.738992979013	7586.504037071923	15039.653338320019	8510.892955507854	107704.58176526285	20520.926396228762
