	A091170	A091180	A099140	A102970	A132030	A133690	A139220	A139230	A139260	A139280	A139290	A143860	A147970	A148070	A157490	A182480	A185680	A195970	A195980	A200030	A203780	A218420	A227550	A228790	A228800	A232080	A245710	A251350	A256440	A261220	A266410	A273130	A276000	A276970	A276990	A278530	A280930	A283580	A294400	A304660	A304940	A305080	A305540	A305720	A308620	A309230	A329200	A329750	A332620	A352560	A357870	A360750	A371160	A371470	A379800	A379810	A385510	A385560	A390390	A394660	A394670	A396500	A396510	A399580	A402970	A409810	A411060	A414270	A414780	A418670	A419420	A419430	A426020	A426030	A430500	A434060	A437080	A438330	A441800	A446720	A446770	A448290	A448300	A449450	A452360	A453630	A453640	A453650	A453660	A453850	A453870	A455030	A455660	A455890	A456610	A456880	A458730	A458760	A459580	A461490	A463640	A463680	A463690	A464470	A464930	A468370	A468380	A473330	A474220	A476760	A477080	A498400
2021-09-30	0.0	0.0	0.0	0.0	0.0	0.0	0.0	0.0	0.0	0.0	0.0	0.0	0.0	0.0	0.0	0.0	0.0	0.0	0.0	0.0	0.0	0.0	0.0	0.0	0.0	0.0	0.0	0.0	0.0	0.0	0.0	0.0	0.0	0.0	0.0	0.0	0.0	0.0	0.0	0.0	0.0	0.0	0.0	0.0	0.0	0.0	0.0	0.0	0.0	0.0	0.0	0.0	0.0	0.0	0.0	0.0	0.0	0.0	0.0	0.0	0.0	0.0	0.0																																																	
2021-10-31	5.999685312493966	23.169868734502234	28.454486866592198	4.867047884272324	25.462092716494226	160.33462251465534	-10.364414851995388	7.201577750121214	-41.90444829798653	-47.09399431468628	17.60018093191611	-306.21531431304174	-81.87862637541257	-151.99718899251894	62.61790335044934	44.26283054639644	-61.98358580347849	16.34721542320913	11.486520968313561	26.799665489187465	-55.90201628180803	39.85417962156716	-44.06162502380903	-0.7557483118849632	-17.577324970015617	-16.486528932463262	53.609287516472975	26.541309411128168	56.570913983411444	81.6828922807239	-11.657685247827612	-105.69655610474292	54.14358054504119	6.988528381547075	11.017905036988669	-21.004573724285002	12.752675965617527	9.306214770053339	-76.08033635094179	7.262492209784978	51.53918269249552	-14.126245499795186	-61.1191732294712	-60.254411676956806	-16.316128705293522	7.424576596886618	6.731061608319578	-7.711485738320334	-22.654839270701633	47.600074494363795	2.3253136442042885	21.1154519975782	18.495573229734145	-43.849450353364226	19.085661189918756	23.56105464932916	-40.47800675540202	-338.4243977355189	9.49869875137083	34.794620855301034	65.67549379378033	-7.0181773128933855	45.11756313590449	0.0	0.0																																															
2021-11-30	-12.238422365703446	-74.17538126520463	-11.56140326680499	-16.173183054325637	38.97681917260488	571.317836483384	-30.57268612415188	-18.147370676004577	-17.51754544320749	-105.37959608434495	-78.7064645128505	-566.9784149376908	-219.30723423964287	-87.32352098455652	99.40614541647577	82.03211168743698	-186.70375505528062	-3.1883759625928363	-14.10939904088038	64.82827906271908	-106.85467205806867	48.29140041794846	-107.17079837407073	-31.83557407002161	-95.74218091034315	-15.229474493732267	135.1522018568247	57.47497060442693	87.51552112524281	28.586886582416188	-59.16669905173272	-89.60779415765079	58.6659774650319	6.675748463249765	54.88853206978878	-59.14236250955116	5.877756389361457	17.894310386058642	-211.6833327072335	28.408682117411225	138.23382851286908	-2.8309245029182053	-16.272969358635017	-45.58105994687648	-8.872039995231898	16.34508910241595	6.334743964064546	-1.3370425928107577	-31.479356564299668	70.73821877818321	6.933379712873139	59.37748199464055	5.699095916657242	-55.06056383557909	53.368624740151276	83.80850256362987	-64.92490458819812	-274.38449901627376	120.23177502812003	97.456148088302	143.178201816605	29.00531625739677	37.024179910461534	-14.596482039125112	8.920200987230055																																															
2021-12-31	-8.383158896015665	-43.617017671229085	-80.21800465241796	3.3650244390367883	47.551456092243896	847.0434155923984	-37.3721616090537	-24.55179822731242	143.64045936951507	-125.2497855184247	-54.14403469153202	-656.3806844957674	-211.68287217644846	-13.17242906120186	101.38065472515228	140.53541075159336	-312.5306101058837	14.016548372288291	-28.73148203624552	104.29978523411776	-153.72799559359683	55.95043386238112	-107.40456978828661	-44.042817732392635	-118.00680105961413	21.26532917643007	147.9049187763098	109.79664238369384	98.22998529624066	40.67428997814882	-70.33334657912664	-52.677733308448914	96.75451791831391	20.42193804439876	118.58356145704794	-38.73215811633772	-5.123779936431966	38.07127152015042	-137.4493915611375	31.299528146709605	198.15425313743552	2.7314423159401056	-43.307776650583946	-111.8418951145123	-4.288921014702063	53.391468814307245	11.237719236705598	1.5378992909018419	81.44723460086809	129.7509146083387	12.467311415770556	106.3449149349627	-51.426508020212815	-140.37470106894318	95.75752645292249	125.52121831231472	-74.24048035807878	-222.4297479875367	198.25095144416414	122.25363755326822	108.2989180288132	121.53894291454634	5.141524437748767	-88.67743496649607	38.81751262999343	0.0	0.0																																													
2022-01-31	-4.862410087064228	-152.0164668302515	-81.98109595610791	-21.97006127062533	53.7107736319857	264.60448760839415	-57.93904513075094	-50.455586080407876	18.125971155243967	-210.95071108234552	-122.82306930047386	-1115.9052058467948	-288.5991009006551	-159.3666152978883	-109.50265361313446	93.76661094926325	-781.9616304772634	-24.958251904108515	-54.726023787943426	67.68388365553693	-368.82246179518506	150.7913523450407	-136.9877931864954	-69.8461001863148	-154.70795011506775	-129.88034800117669	162.19155211698487	48.37750632662978	108.57539055899404	155.16345528946945	-110.4130146564829	-128.42148245406764	156.71288190956656	12.538204314865654	-17.04941583651081	-102.6407137308953	-127.03671926104167	10.138246516245019	-368.6221615269657	1.6722676068016185	37.566883219067876	-5.095249880991794	-295.8701195620808	-350.61990089856124	-8.892033621969865	23.203507160219665	3.483934789316729	10.193082026183431	-104.38953225114513	76.61242807160541	18.104640899371727	62.03773238166256	-85.9924533973504	-268.9260493452989	55.89060617416557	38.895715286809576	-220.66636812314053	-489.38786873774217	124.06798644220665	63.58635496987776	15.456668561199336	118.53573437296231	-54.01310603518561	-211.17133705369667	38.36043782351591	97.38448687338678	10.387697614495119		0.0																																											
2022-02-28	14.97040305223532	-250.19090483317711	-115.5259010781204	-20.877990827987166	97.50041966521155	-252.3477950711474	-55.6552054966735	-44.78037954466698	-92.20568547470967	-229.5870525917885	-177.4259324568327	-1330.6529081905915	-275.643608703538	-269.53737729542536	-258.99177850997	49.135227801503305	-1021.8482201015772	-73.35305953068732	-84.1392005623302	-8.715732402106504	-502.32580560203314	221.86504603992876	-116.72721994297649	-53.399154307326214	-132.56557278801728	-223.08562699228867	163.63854723006511	-7.798517445748118	126.66662271115818	323.2790912284597	-102.09153379805929	-190.89461218848516	228.11885497083247	-6.984572099622165	-140.87979491667642	-130.47984732728298	-189.5936392296125	-19.041991578832004	-464.73020856305203	-35.11697449336387	-94.74192024170755	-16.350105358075787	-484.0920380273799	-533.3824163147283	-17.106398604451538	-7.534177067356946	7.4680050257019115	13.0720205847634	-535.9529902144741	24.12405313214154	24.217187549208866	16.52418079124739	-128.67104887592473	-339.63074094427463	14.507367489453564	-37.334321756154644	-271.5901797346438	-762.5106405576562	62.795247063517536	6.421216251736652	-57.284421364582954	95.27676253949855	-66.37481855100968	-259.72458421588556	26.352644495324068	161.81064649036998	42.350535952275386	0.0	-11.690464114563657	0.0																																										
2022-03-31	38.63672084537615	-298.6004871448014	-186.3307149796014	-13.155395063472362	125.85556959444503	-77.46735878245221	-36.14371738595747	-33.95153996169638	-152.71080610806524	-208.8941537199771	-200.39125328773133	-1272.6324541068298	-145.25304538323678	-454.17421374329643	-279.90828436658217	82.76509587790312	-1056.753823433774	-75.40259890224687	-116.95390889547781	62.214151916731396	-466.76451876095524	335.7728609817883	-72.17636357207465	-47.92341577159681	-95.51943208973222	-219.55181891184975	141.36495300425793	47.06190785811191	170.00120197194627	537.1315323600121	-104.81884207086308	-305.48470925086116	357.38418723046584	5.769577318634838	-180.42029120967487	-129.79875532960932	-165.68428713712996	-96.33162579158704	-461.9588138011759	-96.45866342194697	-70.0073411498625	-40.49972987596193	-490.5800424623519	-539.9377452631095	-38.61557546140073	42.57251755551679	19.416028608005476	21.01594097576496	-889.0242321710357	48.65651890150596	30.211517431420596	56.10215104442274	-192.66272598373126	-373.35738032506947	50.58065524200043	-11.095780024156944	-236.0528687601084	-1111.6885752426845	71.21907834826868	7.981643665917119	-78.80007747605478	91.20783425487421	-94.60902491473337	-192.42216883829903	53.39759607690503	126.30202796287455	75.69742417573603	19.16788071200717	-78.68298562409822	74.31628899022762	0.0	0.0																																								
2022-04-30	41.825797667369216	-269.60040291616684	-254.58108022540358	-24.90339057804802	124.55433341384625	-387.6824393172177	-27.21575258095386	-18.751281544465897	-271.11111403460376	-174.70246308155328	-175.4403440729571	-1237.3465891740443	-53.4291983040078	-669.863024387806	-394.6797132434049	96.54483280621349	-1206.3653884847156	-130.12727364449984	-182.24664717727052	63.2407247196073	-463.9317521047103	409.55103900703443	-43.216525733641305	-29.66141737797875	-80.05666746434258	-246.8224060836215	76.02689528842848	25.502093999772285	234.63796935004297	634.7654561288451	-80.65780795270996	-453.97369513004406	369.4754952539575	21.337215382761265	-309.2692629556095	-147.81932232492653	-216.44021248551866	-189.88435865350647	-525.1466043335334	-185.05838898879026	-192.1598924354323	-45.329206202942586	-435.759513139416	-480.24640105566414	-42.40933117525687	42.30107424405912	41.22150329926334	48.169827828532775	-1287.90708425075	56.14733196982745	37.336529159688695	44.283708477641824	-240.50358666018568	-438.4529358417176	40.29345790581469	-57.787618320957144	-215.85892901067655	-1656.8821493498124	-11.596153536501987	-59.09194024929563	-164.6001254755683	44.626767873570756	-186.30727883884728	-176.49616141465845	71.8230017493895	177.54970355067783	107.56944646656619	-72.22336061721492	-204.58475587767595	111.95821853357687	-100.11693015138444	-94.39434384875639																																								
2022-05-31	45.18348014622152	-231.64611582172802	-262.5128235212512	-40.146683442758565	93.2081269212276	-881.0782902667913	-27.939450395796257	-16.08691822307611	-377.40992259294137	-161.57817571357094	-144.91354815726845	-1169.8127160886322	1.8627592866641294	-776.9411545227797	-466.16269508490143	4.553920500975465	-1353.677884461725	-149.05787406154485	-217.07570966306304	-0.0016168258230493393	-475.6171009318974	543.0520075773154	0.9949588066997705	-39.47918448395339	-77.03216186137814	-243.63852243272675	-89.4432105185264	-29.58941475935994	202.2734400993598	812.6172678866523	-88.70940446361283	-515.8208824191245	407.65192492581014	8.895689403137617	-392.4578458138407	-146.61979708756928	-254.20906422305848	-237.8645799292227	-534.1270252075703	-246.69868517622015	-319.02988737096837	-52.758010526935216	-338.5766818197069	-394.72190553771134	-48.19711515532409	-1.7031287258673729	47.78563231154824	55.306241563298485	-1497.6192477266304	-6.721836952812438	43.379029388489585	-0.599646903680835	-247.7210242029629	-480.20848292972585	0.21682318723036076	-131.37856645952692	-170.45083537689857	-1854.6174717909203	-62.16265797296637	-95.16180941029101	-142.96450172001636	-2.806047242742011	-177.49976779622529	-137.9031866874493	77.99537043159344	237.28422008374912	96.97469370808503	-123.38709692676714	-238.2669628163851	38.982832975327796	-140.91756315010483	-82.4186287424626	0.0	0.0	0.0																																					
2022-06-30	-28.067612387742265	-271.8658900040435	-141.72458532340727	-103.98400813567005	51.399384478020465	-1292.4930541184312	-48.96505839897563	-14.228109970568262	-661.4574305255717	-166.4470591063909	-183.42076757930187	-1160.0268166102323	-137.08836223692418	-986.4345760878075	-595.5162975538093	-113.4886754351173	-1242.2309709481742	-210.49528569424086	-252.00148619576998	-91.87744615029408	-413.1185261226293	479.40895669634824	-10.095287840992	-69.37716295073484	-117.8642950382696	-343.4970272314275	-212.1923444014686	-112.26449516943762	162.18301373756861	827.7862877544749	-120.13769680858786	-681.6905417884119	260.47157623455223	-26.16680762418651	-481.4756354145927	-224.650976983372	-326.6608969902567	-144.4264527868466	-819.1821499961779	-296.83048531940494	-460.92710026289234	-38.63597559955515	-407.31997349526114	-440.7260096879512	-32.77858449653556	-63.5867848170823	20.296891725752957	82.78611302871212	-1588.5641112223266	-103.54479763512477	49.16621855662752	-57.55901132040232	-171.84039334417798	-382.85145390358844	-51.13727785078427	-192.7037644800598	-155.5794231732221	-2272.6166269175856	-157.17795035453383	-156.83284175211924	-97.93418982707513	-119.76210283488736	-79.24624041194306	-100.98038124637026	52.38580127215057	315.6309184183742	97.525043400774	-75.61421124798859	-179.72101044697138	-13.172782355434471	-166.84066520155395	111.67402190565562	-30.500963357643922	-34.34924683798454	44.936353160522415	0.0																																				
2022-07-31	-83.2610301357318	-198.37248362413436	-132.08768915184055	-130.51464297467277	-12.100241336636287	-1097.7654188696893	-59.56249863078234	-19.67444403309633	-721.611590100145	-137.43882472553662	-146.24619249896318	-930.2219038749517	-229.52784279090878	-789.2008486215154	-625.0275685131562	-135.92055169159428	-943.8396338606515	-225.04579735310318	-265.74791608358805	-59.6310577168505	-278.9131733811912	421.42069295316446	-11.358907442018506	-78.25315889741452	-139.21121191105738	-338.6765605528125	-302.0381732602082	-89.18552043407925	127.20217907592263	677.5676162314985	-121.76658870541286	-586.0176858441323	128.84214245000112	-29.939501633746666	-432.19645315167054	-235.93638903529063	-300.77212123719755	-123.52567105135336	-857.3290494301916	-288.4375406005936	-443.85116441478044	-2.648097381608899	-411.635536030185	-409.90225176669503	1.1419802172495395	-29.96104001242231	-11.170709736325911	98.7491588327693	-1296.188783793782	-113.65301911361061	54.79216588351707	-42.07779314789424	-151.12824981619792	-312.09996567852704	-36.39140401365397	-163.9324018006675	-127.64900449374147	-1933.2378838545037	-141.1763828423055	-148.96722978108625	-66.19153965187081	-171.05478649835254	0.8415650299766639	-16.052639948593878	47.88841151287802	276.01690366978033	64.61754739500759	-33.70493705021819	-139.65442577863212	-35.24930133416982	-108.28814050240413	179.25764756408176	-9.263732787191984	-0.4076748441308151	170.09884973571403	29.12775669576222																																				
2022-08-31	-112.74877716548949	-146.48789716689782	-111.12996012298572	-146.69348347430855	-62.50143534817428	-816.2123473822826	-41.901867481105555	5.756887645793867	-738.6445087569693	-122.28247135131761	-121.1081151727625	-769.280556590702	-187.49562471361855	-878.1903827682568	-617.9822558301571	-159.17488852156586	-614.1009121541751	-237.65491285372138	-256.90216260419237	35.44486506639595	-153.62143455170678	451.95891185627966	7.159131554279384	-82.24469334084839	-125.77892416322021	-316.69076747138456	-250.42185481792336	-52.78121620399193	148.29236474032075	511.44845257306065	-123.30828398244569	-638.4805895691318	104.95830527263752	-42.78680133680173	-375.1480887730278	-230.43623641038283	-253.57577928077626	-115.86236825139218	-831.0594336635845	-289.65151652071125	-419.5702549231415	21.95872547462629	-311.34467156555843	-272.0962136583247	24.07222145282433	18.479293507005554	-25.400723205812334	124.39452411546439	-1059.5176786124812	-134.00258982860603	62.468614388692714	-6.226251357416203	-133.1455083512452	-259.1971188463525	-4.404553001930431	-121.8741274722831	-6.23881735391592	-2091.0121333440584	-133.50280895767577	-95.93876259073116	3.2782964688041005	-212.3159614992261	27.242565733190702	107.18486528326287	63.050958857906124	236.9454762246587	50.41231988476764	10.544795444022014	-126.95742134694035	15.606999474435149	26.96705499449122	164.63721202691673	33.39115460114018	42.970315418015815	204.28322101006935	52.02372737310564	0.0	0.0																																		
2022-09-30	-157.78734442219053	-213.24343155061	-153.48826193230775	-193.39075051491943	-126.28988197608234	-776.9167745736744	-51.56389646176255	-16.66853178708198	-908.5705436084443	-144.56604665515863	-168.08862223968708	-865.2996990480738	-289.75725120752816	-1089.65897573858	-675.4475506058243	-275.7902568051535	-364.28394966035785	-302.06968497137905	-310.222063677777	23.008645836288395	-28.24754095838523	381.30562760282317	-36.33367966274653	-96.50118976218118	-131.25744006079282	-391.2621387079538	-277.6576277031476	-77.09401623977476	199.9431919135214	222.55899063064157	-135.84524199122177	-791.0886269908342	-38.24555661411728	-91.63946341924908	-384.2428723814803	-289.7266072501234	-290.7512889173245	-131.20390643340107	-1050.1476208410927	-321.39446650699404	-482.7097458515625	52.08155846907225	-429.5179818057652	-328.03817935606844	52.035934978078316	-2.302473904374242	-50.24681236486674	180.5729038585655	-1037.3929365151575	-243.98429172854543	70.15174042879863	-9.486607929792967	-160.1299751687166	-250.01455618944624	-7.555474232741254	-116.16078982822489	-37.696934739399296	-2376.306391464799	-172.61949424377414	-107.02245834873904	9.515722355474367	-284.7620337109544	6.000668835192641	129.9105900042935	57.20364520580475	280.4424719400995	45.4229213455061	-13.22788601617242	-138.8965943392423	11.14958515341376	79.7698770337767	75.47257799364863	31.18117558487117	34.45705094523343	121.76741627060818	42.33369682652573	-290.75402537498155	-61.77196188529488	0.0																																	
2022-10-31	-164.65934144862916	-264.26554733407045	-301.04914516641344	-207.56406132446233	-163.09571979948322	-694.9196076599972	-44.96042813890358	-35.48490957294453	-788.3155481017498	-137.88634821090864	-215.43141993308484	-775.6685666350231	-253.4688477123102	-1170.2340869771192	-693.5861033319336	-314.2722623145363	-109.13993622675935	-290.73242904427207	-342.77678054835155	135.26280807652142	139.81737563814727	483.2281984615688	-36.513502135617586	-110.8827114286174	-146.28866071275047	-387.46177114488046	-513.5637048894382	-27.483910239534538	208.23670093061008	108.34282240369816	-149.58580811268462	-871.6400451353029	-38.50921269321361	-92.13638318434296	-325.9229708065709	-277.1855933061779	-239.6226872900686	-198.5176200961132	-1008.7978900470157	-356.1505256172838	-486.49655443001734	57.468709931991576	-274.6120047680504	-85.14522163237143	53.96356843256289	24.061139523358513	-98.37841238099308	200.73040715332206	-1183.891607486085	-295.3880449722735	77.62268219985111	22.38976502747873	-226.82528805067852	-210.93673623167285	21.602439341556625	-103.95581782006002	0.3449053631378547	-2546.252392377266	-196.24488690712747	-102.1110836009722	6.109787647632842	-278.7786134769199	-20.629522000000463	111.3706758429044	92.21737626565238	275.3097817215719	41.96718037161236	-68.44045820037363	-124.62898846782849	20.453758031181557	78.37930839558771	-43.10420918381591	49.70843726743985	29.663847669400404	48.344386672914084	46.884835939526226	-506.9233613712992	-121.9100241743098	18.606731483762996																																	
2022-11-30	-124.61997641533702	-264.7216561634002	-277.42276404822076	-163.42157724231805	-137.30465926669726	-819.4244316816612	-20.490945916319276	-22.133457814456705	-580.5894711935168	-98.72995238269095	-210.59730172273635	-648.2723022865766	-162.02125298777912	-844.3460745190191	-599.6694531400462	-289.5755193519376	-67.63814173950004	-199.0073692047983	-283.33751736598833	199.47297356037652	214.07021541898996	471.10102254231856	-4.095864596341812	-91.03380917680886	-119.70558564405889	-336.13227333359794	-701.3192182099618	-17.24378880702723	151.12394499748848	-71.69715236258344	-102.32019390688458	-735.1570510024835	21.555288373935355	-54.391541378734985	-254.61484206523482	-205.65518394627293	-182.26781405272538	-217.26420917342398	-749.5947943301844	-322.19362769998963	-441.8805120044575	16.17595409423727	-103.8269503161439	133.13032695639345	16.873934053289695	19.82271943312179	-110.14983332771247	150.77949549417417	-1076.459789401545	-281.4070105739336	86.82289254775492	10.447241321956454	-204.3447159175721	-165.823430321675	11.273260511460265	-121.43302555298104	85.17932504086377	-2130.9466665391683	-158.24471034764775	-105.97256689149663	-47.89747782808227	-234.1174871543535	-80.95247413231795	107.99694109765193	103.03603948126351	233.44102879638717	28.05005567160734	-116.3932579349538	-140.00873545219832	-74.16900043658762	35.20690811410587	-143.98519752856856	22.520004121413493	-13.344257655056033	161.37133758289863	47.50932652781134	-441.4864226725641	-119.27490785028412	49.3591570490165	0.0	0.0	0.0	0.0																													
2022-12-31	-93.82616181930564	-304.7912553777719	-202.2622226866256	-128.91316181339528	-94.06652972403924	-1297.000756881746	-22.618025309307768	-21.13177201007727	-576.8441557478993	-59.014864350802554	-213.77787964047832	-526.3675736403184	-132.9230582102639	-595.7591398546783	-515.430023006533	-284.3942770875434	-95.082457849815	-132.91218821856393	-224.33669518293345	135.20095753941902	178.83162183554134	350.80361419904693	-7.288310507635373	-56.36995912041155	-67.73582431147116	-313.147167606228	-775.4376938870809	-95.3967061245116	49.16524956127637	-187.11575749555504	-40.12985055578656	-510.59352674510455	43.65511087567768	-33.97431287719341	-262.78018810636536	-185.45523163640837	-173.74930236169985	-213.51441445332074	-675.4099340936555	-287.4699645397458	-449.14128343703305	-42.72180863776544	-200.56948039787903	24.71553257353912	-41.8144707918244	-64.2244221159121	-103.6600753962395	82.41465368374156	-1210.0955003722097	-277.26624148399696	97.44075760711766	-63.39586942326203	-141.63791777168512	-134.16892664084878	-54.05804688632592	-191.71735631750107	38.086227553868355	-1665.1271719150436	-191.96240374352624	-190.98226422399495	-172.49866398502462	-231.153536788802	-153.95915977559883	63.72681596391638	63.74668748304558	247.02645358187704	13.532171959734399	-197.7888533834738	-160.31529405086394	-204.60839109633474	-121.38705876065315	-212.89223837155683	-51.06029135825114	-104.19870853055109	242.0489321697993	12.861182876047195	-381.07486170595666	-38.28141938470239	52.35019582112171	-34.362744361795194	-70.7878190248477	-27.478137379365215	-43.06423854944005																													
2023-01-31	-19.38013243198955	-235.09764720870623	-68.70861291851293	-66.11819353538601	-16.659741034815582	-1250.815666691639	-3.541414494771203	-13.805298225768908	-338.12914757026965	-33.472159279976495	-148.5892014991755	-421.06269359892303	-92.75465176569651	-163.39532593941476	-363.937444903137	-205.04801428057658	17.116795397133046	-36.611210712615275	-126.04132791012341	78.7010074512163	172.64936644898125	253.8407143251825	11.740213799641737	-20.976725484819895	-15.448470275864224	-244.97858813212622	-682.4991772261506	-96.49294635399889	-12.709659710540905	-262.4987714593831	5.6230525492956644	-127.6953353370352	102.13322407298847	-16.68801132616575	-155.7332214209216	-101.24940048303574	-93.24243197061651	-138.62958759883776	-369.7455945951424	-215.72660566381876	-337.8069418724044	-85.20423547855043	-101.34699559438627	110.1605114196243	-84.73505997257078	-42.47237218259212	-83.64242989572026	15.253312448934594	-1066.7450378905555	-208.04273902909256	107.55189169757693	-88.35776310463667	-64.14430883694126	-47.69833122689397	-76.9150727728975	-184.128060197585	34.69498967658359	-897.6166944477391	-127.64272005428955	-159.46442104934596	-159.7441424483431	-161.91342926047884	-138.59202426925327	32.669816217483685	19.74407758252886	155.0530614699893	17.993087939007324	-166.24639964070076	-129.12322785008035	-255.35669198681384	-156.1979254675292	-184.68094769111678	-72.75833137079574	-116.54888026547792	397.377947281885	11.613452580867644	-174.48838342393174	162.62056361597365	79.71428822684747	-67.85663806519878	-10.488230963008537	-11.926375831081822	-10.947471022514799	0.0																												
2023-02-28	-0.6325637756586673	-113.68379130220728	-16.195757482712565	-16.305156646864532	-14.241869164820457	-794.2324909446343	9.411549321005879	-6.6525897594705725	-127.58567336887245	-43.23939787343727	-75.7724672667598	-351.8370138362452	-68.95352391447011	-43.66930588257674	-237.68201518523892	-154.9467242718174	106.49171929748445	12.416800537007134	-96.97693038513262	140.5618200552431	177.68541734932114	174.62976333802362	18.820022841696016	-1.1075142685262733	11.007430097673478	-108.2715697840921	-623.1873461861989	-28.686197718433363	-29.841840159574303	-340.91877273252067	25.56535819867429	73.5001178650989	54.50781307482566	2.593141542304636	-4.727169637431302	-48.83396580843021	-30.946780478910227	-80.33788595760387	-179.37007592079908	-182.85971481966305	-232.15426328777244	-79.18407884074011	171.73058072876688	312.83945696082367	-81.25159001326412	46.00222048445578	-68.90831635842503	17.456641223258316	-819.3305484995185	-175.03818354579641	115.35477531480052	-53.48895093226112	-36.02082906016199	-4.451661461427989	-44.637521262299586	-116.01865104889583	92.15774572753867	-532.032209158061	-21.79621508856667	-88.53424875132606	-159.60794884969286	-101.12284423736804	-130.40247282446762	27.126875453890733	21.243686474426028	71.71983079616052	18.96807976968458	-118.5762004194143	-101.48490598027945	-218.25982186408098	-139.57106242077086	-196.17771705170026	-51.65635137325533	-78.14804617511382	408.3535826179423	28.269624569921262	-160.8762655004873	296.954422635435	93.34260242089533	-56.434596619780926	73.97853264906287	-5.221245843379524	18.971694333004535	0.3928081989986822																												
2023-03-31	-11.872830325143582	-13.407136708830421	38.49562816439675	-7.355465414550167	50.03384696092794	-213.04704989645552	30.505635782606106	-3.8401831367325485	66.74901441963902	-45.13095762344824	-9.643299397088981	-240.57736560408102	-38.9377018614166	256.28936589232217	-162.50344955623723	-163.91028573925792	34.40433260837608	56.892080343967734	-58.60328496496288	130.22449188194696	151.413280864204	65.36735560526859	29.5575092682802	7.109870180867091	27.7755279405352	66.25855778222626	-507.0339538657113	11.620296564800924	-39.658995942952515	-411.1967599425145	27.421732173148428	331.20852163828613	-3.996895508983698	4.315275474122572	100.13746055696595	2.297622673233491	-36.25672472141537	-38.790812682451815	7.6842058843772065	-125.96041841065221	-83.88847979155594	-60.354024253981535	715.1792567482424	716.2358982599479	-65.09217706906654	103.63888555926565	-64.44733856640556	9.000074862926226	-558.0662908628901	-181.39145764390622	122.37940094833542	-29.834447665599157	7.048214505625424	9.125538395465696	-23.142656558915643	-29.310401713425506	220.4393192533438	2.141146925807334	91.4800329747408	-48.60941624391984	-166.35501881915283	-20.344758469818373	-150.6517988548614	14.26404919704234	-8.997214971457197	-39.70599311004639	69.11950834728552	-95.04912500168098	-36.382411607386416	-191.6317951934641	-155.75469497430998	-219.5185164467057	-8.89509305736209	-2.2665195888806267	584.0485420854988	41.153790131237855	-46.825565991239785	453.846458978626	84.40297506285324	-70.71917526293203	183.31414585894458	5.4736108702149835	79.28089541954725	20.676663515919643	0.0	0.0	0.0	0.0	0.0	0.0																						
2023-04-30	-14.12896231072071	108.79932707159207	73.415069659604	6.80713731714485	92.76299733512508	370.870230796399	56.81962815086737	18.778336708522517	178.4211470687071	-27.78822824390454	66.37062382943361	-31.469267524313636	103.98814351147826	461.2799768182758	-112.14095167192954	-139.15698622006653	116.83354279447713	109.01932415273257	-35.12076800488512	146.43259145081242	200.06678028545116	32.390853440815135	44.015731152202335	8.76051160149052	21.13153127115197	210.3975863089929	-393.31947575499476	104.74659382415712	11.393642641825522	-415.00071538828	25.132896628942376	497.67806472432767	-36.18831191220477	19.729939291052403	186.54992576048141	54.033438794763015	-39.96181138496161	0.9777479524022397	196.92880824896974	-72.37700804728536	31.690331495701912	-19.412534530617563	1149.0767359606966	1012.1118312117214	-29.265013918789165	189.1000515299229	-58.3574147971442	23.07431993144843	-55.44604479643931	-158.72515987448037	126.9582599701447	25.411825476871446	16.274254191866703	45.395932747837605	26.877090147157823	57.34106196394208	336.5534632529142	349.4016024027187	136.82420712613634	-30.450000853155075	-172.97714543693428	21.268921098862847	-166.02104037342883	16.612071166956582	-13.946740510359461	-120.06544307623824	123.30450459720939	-92.65413549000567	28.80267022923664	-169.7963851336657	-194.7155049230568	-228.2111469349096	34.39249115945772	54.80412246725004	684.1098305093026	67.63903422820383	75.7072345118151	546.5016387396802	78.25057868935757	-62.81081759680863	227.40998628528996	23.401305988904266	119.71421768569942	131.7763033100094	-2.721286688381224	41.98116055567952	40.837412754795515	35.01717697345739	22.31467189516843	3.361406029840873	0.0	0.0	0.0			0.0																
2023-05-31	-6.694255796067779	216.54527772931306	24.744918872037374	34.4549571197507	95.29524756918407	1131.3921343718434	69.5996905089987	40.23230303786724	413.0170036414197	-11.630566858743578	124.91766595785532	190.80299866541463	198.2972781654314	491.71773067772324	-59.069177943621526	-126.61309687427541	259.6778508524121	117.92918714173607	-13.582631208534053	117.29492443946998	183.94373072643054	-72.8344150779983	49.0225870077162	8.787330467682409	16.368290264578377	302.54396032775867	-281.22766106202107	150.96247771409583	11.852841722001585	-456.94131737411396	-0.6804673571180047	526.4824554178392	-131.60356854744884	19.46899124918687	273.7893328027195	118.96408955983554	-29.385272299673375	-28.630918939888602	433.458282225984	-48.331083952563745	201.17577563602993	-10.221908947444973	1327.6910666407482	1151.4867855504388	-21.61868938472702	245.1783899962691	-35.735972849645435	22.147756253962143	0.5251096532551855	-153.50040475099644	130.1396001164091	67.45169110690662	0.2926233650510994	22.461715899538717	65.54978177318684	171.11304461303405	362.8619188279015	347.17457998903956	283.82563904924956	16.105259506767368	-152.6067917047996	108.0403841401021	-193.9303558656245	-0.5121878301235938	-38.570685443422434	-230.1536577999384	128.00072860574505	-66.52960346422492	38.05875732984089	-94.2257424420236	-183.57448057707222	-233.89584202225842	124.93490584165342	189.64391964224004	640.1119337072936	75.20859553470433	73.5575924605082	555.8274826798859	70.6355724437777	-70.4427373860093	400.776231863784	44.01401125350704	199.8962383640783	171.70164969820644	-18.939640666686465	24.72635360539774	30.392246553393196	34.87370047023462	54.466639466295604	-14.034102350620088	11.085037124538212	-3.7651909171792797	-4.613602184699266	0.0	0.0	-5.0374484116779055																
2023-06-30	-7.578409896113158	297.54401441665186	28.48162411453154	40.57997050537989	69.20789062235016	1798.7187595196217	72.28854095497299	79.55176228305952	569.9067276298879	-25.396165508738136	162.1904643672592	261.3637191592893	325.5256134829483	471.27830115141705	-53.28095337809873	-81.20479509646754	330.3385910716556	136.6748389278515	19.16282560025411	192.6258349927757	159.51034960190003	-135.8367665996941	61.850431529839	13.399802558216948	15.347110243180339	362.6914453072209	-140.2212365919695	218.20482125084936	-8.847510173294495	-484.5645378380955	-35.40701782265768	519.3810209024273	-168.92235938387012	24.544614730272706	360.7439213843137	158.39209381092417	23.99541496420943	-51.48933067115547	579.0743927133158	-21.451488733460337	359.14970947027075	-16.168405850503234	1397.9523218818435	1117.2963101942155	-27.886278738259662	322.8134702522546	-21.815501470265417	15.39872397855072	143.18548999933682	-107.77459644287222	133.34547193386726	124.21495409943806	18.97114212794736	-17.56306627198728	116.70450346190935	271.0943179533368	405.09265736505967	336.7141855190548	384.23538071241626	95.63589551426608	-111.0638904048808	189.80192630190143	-204.53993164982512	-29.0425310317778	-40.076412426436946	-323.4096783389881	101.73155924504442	-12.40416543910959	14.898036911928784	-42.14557907494566	-151.862598765908	-235.53601576593462	205.15244048419817	296.1779377766785	586.5519078648572	89.23959477527208	83.56496772641623	544.2395167180903	71.00836764932217	-60.196968291007494	501.5140030269051	83.40968577422952	274.63334083054724	252.16070278228833	-12.223142143546253	16.650603201729126	34.10091677491792	49.412029604934155	136.16171081793522	-21.42622850411228	36.406090248861	-8.453307728612854	-2.9703316065960097	10.896180437214207	-7.509845430409769	-9.995402962361986	0.0	0.0	0.0	0.0												
2023-07-31	3.4833882107507748	319.63890011839	69.67094891539227	41.55320782164006	66.22980817916802	2218.2226163107716	95.60031256260109	113.0268091357518	631.8784690930331	-32.957016032137744	153.8874811784106	323.19611608269906	412.1527741026319	443.41628878912206	3.197464072123239	-17.54738083097436	324.7838373762779	173.43623889634813	72.5188812615213	243.3124947789197	116.13511828538321	-146.5021065832875	74.0929379858217	15.348269967515904	0.6361339756014672	519.776161148318	13.459467356296955	263.5480332948998	-37.80123627382693	-360.0365569884711	-58.72505127636549	520.329321241906	-133.61889686491594	38.08117223566291	390.1821875127034	194.17168850294706	104.0988228310049	-41.65978923582361	710.0633451354811	-10.546828828079356	496.62912602600613	-44.75306080650175	1855.9659457802109	1416.248358268818	-52.74944666788298	378.2847734400942	-20.441942917713277	-10.89035662976994	112.01428423946709	-47.42499778913469	134.7107530184012	163.48429958781946	74.10674865603164	-22.739444843227375	151.5987381075027	334.06432204973675	527.5523889782011	382.12414779473784	450.62002065344996	166.69850622947862	-75.52265026509832	264.8868505000268	-224.6884808121722	-50.14101236704809	-29.325403429513983	-396.2721997180178	71.67872086037778	55.02114678958884	-26.711771984241352	-3.4626714854818488	-93.70214678162228	-233.24682479501087	262.763094955473	366.3571301508728	577.6721842108582	99.65121450507579	95.06000074319371	522.3901501854496	119.40291186118111	-39.0038184302189	538.2032077614729	130.15374890401273	339.62049746956035	234.80568332818507	21.23410562264619	11.026940891914613	36.43951522753043	80.79568262901525	168.4081122308511	-38.280557805076405	52.215017338758564	-26.33643686225446	3.6608042288099534	27.934356223650973	-97.0457736830518	-29.146632359288688	11.40333373540634	3.4015442931435245	192.83368551218882	1.418820303719258												
2023-08-31	18.307794713175355	298.68365183332446	63.49331889633288	54.660822878585805	47.80227640566682	2468.12816114271	94.99115471094441	121.90767691182427	552.840284837724	-10.165147462773461	143.90278551938889	411.42245968545194	432.0977306373409	387.33788838047235	57.71580103460133	6.770601457754651	314.0542550116918	159.70613922605185	73.29501982308705	286.72181913889176	140.31034733463605	-101.39459008336235	72.16547067881989	48.913801128373564	16.979075493442906	570.5201606134153	150.63582502141662	295.3866728929182	-52.146156236944535	-245.8701497421676	-33.405545349398494	503.2720894098844	-141.2680793354471	31.595244483769747	342.25418561843765	189.34305397642584	121.6311028945272	-53.294591165669715	689.6524237040435	-16.415934372905895	536.3649040980863	-39.48982444636134	1833.98634520643	1273.088355868228	-53.09095692509095	384.203535237336	-17.278989224094033	-0.9188793466277048	154.87490958742274	-25.841068689965027	135.92481968931457	196.65785063616102	95.69517382740105	-28.420636610650718	181.24676108774133	371.5511461334332	526.0656146947202	375.6539366806719	469.83074235318884	167.44187866449772	-88.81600725826411	271.57161527161986	-257.1729923611754	-102.5585443191373	-8.938308955584091	-411.17629266406436	64.22927579349448	67.18768524549455	-55.33099873178111	28.8115086253531	-95.8139414358223	-245.11115444622465	308.434407001217	400.7070354412965	539.6134910214155	102.40761517791483	64.76854232427485	498.0307025602383	131.99837875186603	-10.29110725477915	528.7272948287396	140.08056493541358	343.0209414964579	178.33045367038775	31.453736586382167	7.736401849319204	59.7561721585315	103.18342337182375	200.67503166666307	-67.46043792395417	66.0288458649742	-10.936582782123331	8.407330607317341	48.715703317945824	-14.646242512065214	-12.454696948916638	31.797453889078753	16.435475708253506	503.84814498322083	7.6105278194329005	0.0	0.0	0.0	0.0	0.0							
2023-09-30	40.24605913390428	281.6430684731012	48.76895505235268	57.63074183039464	18.639523536868367	2352.759707480051	73.78605196740925	102.14674602180719	412.7625974949576	1.981362461229537	141.73479987264722	420.458664879588	405.39569639505225	272.3219850582682	68.84157075061103	-19.982457081520693	219.64208809518323	120.46112461877112	56.103717760426434	222.52026220981406	120.74123514757787	-42.81773444915598	47.33082383679391	59.507135604476275	13.61391565454727	477.46867843444727	192.18125001208568	268.2971193299697	-68.31526176062658	-50.038541293646006	-23.661215763977907	442.3678446042545	-144.59163104859078	13.636301732824627	228.5540728950245	168.8128985375348	83.02369246912554	-52.010882012842785	614.6234269057	-44.48671756047531	484.86790759037615	-33.51311764975924	1363.937962530509	799.9411006954315	-54.47496522230958	320.4387099705615	-17.47141336643878	18.937776277455555	85.47694010783471	-50.43434076203471	136.01614601020526	185.6813774445086	87.03143080989105	-2.822730842442752	170.19349240481841	353.4948893260135	386.0150723838144	289.7888460863651	402.89226987993254	136.7528878630833	-126.30722700366971	243.60343440809254	-277.5442929129006	-164.43731902627016	-8.39135403766636	-372.25558271616205	56.13825448599141	37.304052057425224	-81.05650729792865	62.06582022475797	-129.2796096126151	-261.95133970822496	285.38349247206304	357.62820625393886	449.4276515059162	85.25078830236112	-38.691512523584095	442.4722473743957	139.35424279160299	-0.6319563179245051	425.4966709279706	109.9361467840952	283.6169733908948	91.73802510539576	15.392847425469213	-10.057466424000296	63.34660099150777	110.77528180596279	189.6513365653948	-113.33303732818797	89.59459642828615	12.95390453103799	3.0720048796177992	70.00260231778324	104.70474090684812	12.682208789541537	32.76503637297812	16.488256857651663	865.829294032082	5.3557627168827455	2.3822699054639087	-20.613239162041282	-7.9165209152241	-150.21764912481302	-31.414479325288266							
2023-10-31	30.812159806234035	145.0972005523763	12.965770306788102	41.41623192592206	30.514823325709727	2027.3001671191016	43.64632628944031	45.58936003113658	246.38689669055373	1.338135250137384	57.0272398978442	356.15635407561194	290.043533353712	86.50738137258463	50.78832346401714	-73.2824680028533	23.596808268687482	61.76180205174069	30.19097672197222	106.14795773920412	23.72212118334585	-64.32121081924561	-19.552955691265836	57.10743890461518	-7.852393690773567	295.0999461720673	103.14806382414145	187.51480517224894	-140.2540603569709	13.540460518288228	-27.912010334815136	331.69745563058575	-185.18926737097422	-23.333762643020094	76.22255696463759	107.10686698446057	6.793533274214383	-66.13313755766012	390.75501915007885	-84.53591988807261	396.9941914899287	-37.21420987994887	624.9643633782666	155.67918842119025	-63.57504619134457	192.61221590392643	-26.92018598042847	32.91448543370126	-203.69450604989197	-98.18898144949355	134.73345148053113	138.72988736372025	75.60202999224464	47.687525612397735	126.63201084175682	304.5928368613066	181.52276078828157	116.46946540606223	320.5914138962894	47.614992513921976	-200.01529319967784	207.95763638202908	-288.19152415634323	-248.4171377243967	-36.80872473072321	-309.241466632889	77.64405227439107	-21.82798430202797	-91.83971915803755	49.9007617577752	-236.80886444044603	-268.6572120791675	232.76211962941733	296.2689936445177	363.49014598639815	48.07922643603976	-206.90084826162888	369.0312003071351	98.84365804666908	-18.37869176780113	330.32253487837295	58.94348594101595	210.6055761218676	-4.602479396059607	-26.738077655154292	-38.9324990968242	33.17508523181567	75.94275922969481	124.11774066574668	-167.2144897350613	79.69163808127684	32.492631819140286	-8.72565707106814	89.9971897742055	207.64975860648622	33.57185705074656	4.18390292773185	-4.436765956807085	1228.6856232865825	-1.49994157677592	-19.862587535739003	-36.66279543748533	-21.54615574280091	-406.29391828851305	-63.66669596599764	0.0	0.0					
2023-11-30	51.90222107625789	151.34754369824952	-40.731899959807606	66.03368325649132	49.31972653751447	2101.228834731411	42.769500567451495	33.20440288307225	310.48754506960677	36.453902359896915	62.78148235121273	473.394391416457	272.42173874970354	294.30200317252434	136.23613894291157	-36.02612556240331	9.763688698544001	79.80475551075688	48.77295398653155	80.26829376638807	-45.49726443089304	-135.03596811956822	-17.737326584387986	50.14763344233609	-13.371167800456135	255.8504920319579	47.784843883253416	194.43948622348756	-162.19269045951262	-27.125147721436406	-18.437017978616552	486.48340637855506	-172.88135415975756	-28.498109954257842	62.14298764068485	131.57074159747555	25.473794460890304	-101.42290288330469	479.27849795933093	-55.171895788406346	453.8334207944809	-43.039002209907835	347.5156419167188	-64.4322515546537	-64.4781836425039	160.44533623047505	-18.825191803728785	7.376417270266643	-53.81977843790719	-45.916690040859976	133.26712867235005	143.59441642686954	65.27656635370727	83.86348036709978	130.70436119125378	315.345188154304	111.19960275368862	498.8655121582542	343.3428784236271	20.09844539920043	-250.7365709660994	256.694735659566	-298.8588895477459	-281.04035259741875	-46.33088691949828	-327.5931282743603	68.19658629974623	-54.379031222883896	-103.54230758399103	104.20757259368241	-281.201356086228	-296.4915572383445	243.08817111047438	332.6602975756374	476.157832973282	49.270339612602356	-57.64215136195617	405.7221101899786	98.39528615095725	-20.532169381693805	337.8308475347617	81.96686134495408	251.33196405386911	7.90089684636547	-20.658288966945683	-56.37229048309879	11.70476351332995	88.44176907934204	129.11229301757453	-150.1593642215408	66.91543532382823	18.52553523740439	6.518287235794345	110.53915290744499	124.39909065880282	19.021445570505986	-7.8796941252532875	-18.253326264725985	1575.2753510727077	13.12103448087743	-27.501424073072613	12.139245049384774	3.626817837908865	-408.87358782867386	-59.62763519516721	-12.013821976627515	1.0614430351386546					
2023-12-31	76.48742620966814	215.13285119857295	-99.67517099560439	98.54970759795003	69.6510065537002	2347.426212753362	37.994454521159895	29.53382797619696	421.23896991874904	98.73731046982982	125.51918131749272	768.9012464922225	288.4554278665213	664.1834959687023	225.11969384788836	68.27520072490404	311.22417823636965	126.63958082085156	89.84783184618232	176.58311569279726	79.65519726933104	-172.1531150968458	23.58253972399693	51.83798480043271	-8.648444227377013	275.2253900855886	53.26631694711841	258.07488384779424	-139.3837026460443	-90.2439831212767	1.7361345979741145	715.0443934836442	-125.45141953643338	-15.95112693250519	148.96106623415346	184.6484411786193	141.48370952127357	-132.92875580563077	674.7393956521498	17.875768253026422	532.7182020920548	-21.712154597984494	165.8912855930721	-200.64938479225827	-40.52131287636388	238.70452019120944	-7.164957186620626	-7.468342870164008	474.7222776047488	64.08083305655168	130.97900602356037	181.7187389764499	39.82604155756911	66.72118329460613	164.5012848503594	351.0921826381322	98.85336241641392	1172.12284529514	416.4936833214258	50.24008535520257	-233.92914993346676	302.6953091011611	-284.23160067542324	-227.1859655142419	-8.62059612019172	-350.62264737457	66.84844760274166	-47.2832672777098	-110.51374016314162	214.7574177227765	-215.006564633557	-300.24058734316657	278.31590665137514	390.3854869351094	613.2475623151709	78.12828393472205	241.97590562580228	514.6726963512024	110.74211546756948	18.718790211983517	394.4484886889661	123.6709359824062	288.5205191567327	55.919604759350136	24.678825354528506	-48.0565654890084	29.133760212410238	135.38655040485062	175.59108548185412	-85.89820068841698	112.41104219064874	10.270167428223175	33.92327021679503	128.95730346745478	81.17293491719354	11.760114354692357	27.24172974225059	0.09532001796885625	1894.1570727151257	41.685223685432405	-22.044771869164936	70.19620895574975	41.53411078373043	-124.30623040247485	-45.2462698009242	-3.8080814710300177	20.539890445781054	0.0				
2024-01-31	104.77221296511773	210.14767788046953	-161.8080741850049	117.99292883732335	57.16398579031937	2755.693456377942	29.334558894239464	16.57583348259263	305.1620593437352	119.82224116135251	131.30418498610044	882.5994781670852	208.98241549052284	823.5821290414594	249.12880011866127	106.81057940029302	540.3249747519401	152.22498053717197	96.46424592504218	264.57348512129477	221.80737395168154	-181.89539559411787	15.609512373167718	47.88181553479649	3.026744946749261	192.45010443019135	142.71442976046728	352.2354367220704	-128.86775506496645	-93.14407774464405	-6.225561144579274	802.520672084013	-150.21722982456834	-6.674850765629792	203.8865452792282	172.27350622850554	184.0292574589855	-145.89625234504024	629.8659501585191	47.539252716916735	591.2404003907019	11.150359199372105	-254.96929006878372	-539.6217994364072	-6.402739290741323	312.8407537034259	1.5835205976250677	5.236740270542725	850.4631802502963	102.67775079050568	128.47165068196432	250.79067401943064	-22.43612483166254	-2.534265516041046	226.87956574124553	411.98668676311166	34.27237423182527	1435.324810945831	539.2945658582923	45.3907829794785	-272.8034753282511	294.6499219241735	-271.1371532150082	-223.76384250474894	41.469510340065256	-362.72576316946936	70.76445265481823	-89.86432308933462	-159.6834448629537	320.8085046145064	-228.70091220282916	-310.8591862674522	346.9396955879047	467.3409263905651	619.7118688347059	112.10602053711466	399.4944028602314	566.4403949167911	101.62422996019092	68.64348906192424	528.5518087103264	161.21409614763755	319.080972312021	70.40266277234161	58.08305667346086	-12.901786882790887	82.98850643043903	205.63804957987796	177.59788743768308	-63.673022482264685	156.02602030200563	28.047213496087146	48.97964361136867	145.1377298354759	165.80862170102102	28.871585495775577	76.00990044231862	31.544012464830722	2179.0071654003223	70.66498552704321	-16.324643451563396	163.14795901390363	130.88474306511355	24.246104368430963	2.045170287712068	17.686296819322276	50.03355058825359	8.63752081424318	0.0			
2024-02-29	165.42234397146845	373.3267240984377	-124.64875853034357	179.6727409476648	42.53159422444455	3010.994602415261	34.99742935147745	17.408080329813558	346.5577906024109	150.0992912959651	272.92576885013864	1063.170023269055	229.39160040663637	857.9356546240733	265.3253609296205	127.2323811440757	885.1128248424793	181.37501746465853	123.08411698382952	389.9775026024814	331.5117179392963	-179.29715962351042	44.72613508235608	40.15739237924737	14.717888426308946	215.39779125028645	263.2323483712498	437.1154828828685	-88.03113198358926	-80.34333790198718	-10.364721263293404	812.9163934261121	-172.05317867875902	-2.7010315686213175	249.91922074818672	201.72474715253412	222.13117780701128	-105.9025061660659	731.9249129313264	61.18464206976478	628.7766270215933	20.400143205239658	-337.71686266815504	-591.9905260785849	4.062959639154485	361.2976382385157	13.87844745037043	11.696901385015053	915.0926134435558	121.88714884601751	125.44751170954271	311.1310065002387	-24.469467850062074	-13.278445206575839	281.7476708512846	450.4519434495378	-5.9217539347502	1522.7214812490115	694.5244488747792	57.39139457309616	-256.5842411766056	326.2626732948755	-219.32905380043098	-213.43892532261884	71.37022904259851	-363.5981950089998	64.42191776561145	-69.38294144066651	-136.37524701430618	362.4180619449968	-228.91573908139162	-274.2471511924749	433.400823112671	604.2629061830289	605.1427067171744	141.25202854753633	413.04493349245615	580.1509570838077	158.2237735628587	99.5265027611723	699.9395850828951	199.0818374300532	338.15904411344457	193.85062253190995	77.84980229914116	27.490486839237235	142.74104926005316	267.8564188190586	214.4709243222283	-55.80576343558036	187.02724529840884	39.7491206366247	54.74445143094513	158.47004782079415	217.8682805190624	40.64611037208972	103.92565053225513	46.29474982296994	2416.120109139205	91.45482030499753	-7.731903877855284	220.0481063139256	188.39275168089554	48.88937978617636	85.404156150926	24.22048808001457	65.72456621788264	8.57208114459907	22.042382140583506			
2024-03-31	220.12655463618623	449.23154039930296	-64.84986649072641	199.47035780541518	95.07435675965343	3209.964453317016	34.33722522318751	41.28651506653598	553.7550521126446	174.44025313701468	339.37517601474997	1390.3698406126282	305.4572838281532	890.8880205513204	258.7188257654793	150.0686238664415	973.241312412001	208.9975323643922	152.41508504903754	544.3918142787745	364.8143032269886	-84.48918200898129	56.90440769324603	39.51587675740981	24.548042777392084	309.6077103503787	380.1605979491113	533.4152438553275	-67.99233267835086	-16.173317841436926	-4.3187872288226	824.5943129032121	-121.1145004583023	19.380066003103146	307.01265550165283	254.99767979091618	264.6911181485521	-56.578578882004535	930.5604210868374	82.29806852198317	645.7000002349486	38.92782802664192	-341.54340685102716	-558.6818418294363	23.211373790718028	429.10484088143767	32.71569975982817	22.796954399298727	1071.6792968720188	146.52461762749618	120.92711262922967	383.0322205943686	-11.27546650189629	-22.6885486564712	344.04110801125535	480.34098911863987	127.33086016559525	1603.0525553604753	858.1011042522425	90.61249361404454	-219.32283062728266	446.31361333388037	-149.4279421395372	-180.33917116791247	121.75361929883178	-354.4934577546147	148.63779552508714	-46.711485376668975	-119.73598384260026	361.0687638625303	-203.84795221643424	-207.2330238214388	524.4573694004671	735.9057901353929	597.8730493181142	175.73976724170473	454.76961715545633	589.4621234350586	189.61164103954502	147.0529124636604	887.1208008701592	238.10809593220966	346.87384686072437	331.63088785240336	113.32467174726806	75.48974977919747	187.97786494753035	335.71071794156535	238.32545616947795	-39.78798821250916	201.69727521543007	53.958383648970496	60.71624103797996	167.06239800220783	283.7819031463823	54.86455033502958	152.25249925666105	76.13576625107042	2591.7968032207964	124.20738580511198	42.974624022793265	265.99494803584867	247.93048756703155	148.20461071412564	181.75436346654192	36.749358213640534	86.58027004126463	20.89263013851238	62.277836157455454	0.0	0.0	
2024-04-30	243.33060629357914	499.2130986704706	65.89539031239053	197.9289193408136	166.87854280486985	3063.752590591328	31.684022911242586	72.99159606589625	560.1867400643486	177.8568510310539	375.17420366909806	1419.8534161171035	412.0882504710115	759.743724295294	222.1251512473782	121.85200997594035	850.3754993152788	197.20432931476398	169.1313884854759	606.7346288552342	316.72092283587955	16.277894685874458	65.79142339103716	62.146803545566925	33.642841003320996	293.41007526713156	385.38687995525027	558.8383586721401	-95.09619822610176	40.90240487019696	30.576225517837997	736.9465825223036	-52.25457464401774	23.83545606245189	283.6962729433978	255.70393604175004	235.36415429973573	13.494917563959007	931.0788964555051	65.64530743715045	571.1299289942368	49.79376066439819	-496.36244960495515	-640.9096425223639	31.070060065200664	433.5102779319443	40.49907457096711	45.67333438413198	1020.2715403756424	114.9932521267375	116.00521079424061	392.3580311615399	29.096229446899997	-8.894399453438155	354.72239070208445	459.0489001348161	337.12741551003114	1404.6818020790529	885.2863813669553	98.4654969380721	-180.54576605834473	468.82042880294534	-86.06716615542928	-154.06727635976358	137.98590392889884	-307.0407826690273	248.9613342765084	-35.36323447876646	-88.67834075732048	331.3477767437092	-184.7782806750895	-133.9798723548663	544.7628555637148	737.9344515500597	542.3631021037063	182.6574470213019	345.52558579064214	546.8068561559853	191.3724628227768	163.57964309638692	906.7538162833571	222.66158823991992	292.99569116511555	458.5202661215153	105.28762199891614	115.26335976131257	180.87742112437567	355.8232850950852	224.8020287776427	-57.072539542664344	228.29737236296887	78.92222960551695	55.33354819128823	173.2085810278262	397.4125783919487	80.54644722865243	165.11297837744905	88.6629928312508	2727.4428417202394	140.45489476748213	100.4443997534174	260.2714566633691	274.0846094483831	84.53065834495118	246.65583336253638	52.410629606623274	103.52357775261663	13.131508519350364	88.25316334281005	-21.776936161921185	20.05721167541342	
2024-05-31	248.99872149062662	461.05030074703825	187.67122814124696	176.54612800752187	203.66474896844545	3108.576479684625	16.272219982136022	105.54054560992324	572.9459317517953	173.22709874197875	359.0447824803607	1178.377718983057	558.8024067529724	722.2954861723987	183.27786182414206	107.46598356591244	787.5750702544458	206.93599003571472	187.07874618571418	581.5427099404751	325.3013925075697	16.05416014396178	63.3736621574959	112.07253138997082	33.995159487407136	198.36441220347953	407.0616314981214	577.9951037925325	-149.85238952349343	23.815810940313668	83.83485123131845	698.3063373752655	-8.601735526645228	11.450478479078306	267.7311501505317	238.49845223476933	225.20183376364008	61.852662194985555	867.5998305094968	65.96822423665822	551.9165672003442	59.029289986466054	-714.4590526483335	-782.6223252663699	39.928469545199846	402.3226116774183	52.97515380118651	56.42327155854764	1008.2770690855318	99.23645110217853	111.36133056931544	403.94668575078333	64.64165399506817	-8.574663032702347	366.4354216054162	465.59190552735095	627.0565315154936	1338.2998829883645	998.5119870456704	132.6559730837503	-141.9573677125586	496.1710720826454	-27.24565777268822	-73.39073660881581	131.70924211354304	-282.45415644023683	291.0502198815393	-0.5693309791145111	-70.20873079848184	288.8177066980325	-95.04913743113661	-77.25499536830307	604.2293576816489	792.7789606882709	505.8304083054236	190.85790331468309	312.38578103122774	520.4065012899987	235.7264627559498	158.70833887977753	1001.8974390902063	218.6068185795126	279.237856402813	466.69387745183485	85.83541563074283	135.15963549659025	172.44855080848743	344.33479916543934	186.3937089628214	-56.77623934607908	232.453576194886	93.87885126649718	49.63429459961267	176.0263335114842	459.1583193997596	93.84360470332854	156.65672762203212	82.55136022739708	2830.4478663498967	151.63952516863867	174.54883887081903	290.31561788114743	299.7496015803808	85.3234992186031	331.18519381648525	64.26701497579734	109.64534959299402	12.759996516450578	140.44623280876863	-27.79953433075425	51.409471144138365	
2024-06-30	239.43980822998617	528.2559367248166	253.90261197088955	165.38910811646306	201.87023661642002	3405.8239245651803	3.1072696448118364	132.8004109710294	714.5381733553436	167.6416766583883	415.5500883867042	1072.1199586359485	739.7987505322432	812.8603082556622	147.74110902408097	120.36909289511186	801.8692046732957	194.65946141709924	207.05194340458826	538.1938859719362	394.58259050372396	13.032873120489057	91.934796866345	147.24486816892215	31.51968388200021	143.48069608282182	426.9541608578568	606.7108315928849	-182.96044296257276	54.01912869709025	119.14395788569584	737.7044334472729	-18.59684619681383	-1.1053799555815544	231.65180070326588	263.19301151272947	200.89761365973538	72.5733425499593	958.9575327131246	90.66202875189947	591.7574953080042	77.89840836699648	-845.1156832544309	-841.3628010131132	58.73506090881065	364.4718248171248	60.8347099021172	63.29472695377336	1145.0936682653087	110.56700828684097	105.67715186508804	437.8599949009324	73.10702360610333	-11.215320968141327	397.8036498172528	509.89480267906697	659.7180676799405	1473.588524782162	1116.4887938672177	125.12411305612005	-143.5021522504594	540.4567045529914	-1.7144973062022473	-47.45063493751559	131.79094672241115	-278.6655346448895	290.0543506853762	39.858849002370334	-58.68321180058308	255.64723621195668	-60.52388677551471	-50.99249237725326	642.1787592484302	827.2781118986502	422.94382758658503	202.9205227014504	350.3156434580526	525.2964154119977	299.7154682772765	157.84222176649143	1130.9885516001423	236.78382011945985	308.3368714180249	521.7169073843266	76.99489527104129	159.808581176165	186.95775610648866	327.7825254688071	195.42361952557098	-31.427003794669247	270.0362756567989	102.73376400467774	48.6551816171833	175.46318005789442	495.2893720170498	102.8191898336301	153.23952710588782	77.10734460131957	2877.946935237531	164.5178976837921	200.24607262271672	351.90466531116954	341.7285158232436	219.01388255715617	434.6295829254317	77.95975153937725	114.80967090715379	33.838328140373534	213.26405516483152	-1.8761623262998164	85.39531324461196	
2024-07-31	271.05733222465597	376.6101762974363	257.256993635046	181.06709422082724	217.3282605378992	3072.3821669972513	18.358726865866636	168.56207723755892	578.032574961078	206.46619368879357	319.3168502340572	1255.6831036503672	825.3885553733573	957.4702297873652	124.48928150147458	183.4206941770659	915.7802941071116	186.8400691181481	208.39952598868626	535.5546065113874	524.8296753748177	13.105131441265257	86.5216591393989	139.68313384583936	18.525830016683926	85.08945973394654	429.1922760107542	587.2312136056742	-169.25410151860297	14.752924903592032	135.46174689921799	824.5150461783508	-22.471678949941065	9.011577760657794	204.51088357401707	258.1262266874973	259.659114740745	77.8114838274131	933.0093722120396	109.54620045137528	522.7210439413061	95.54037663198969	-1017.3497148803478	-932.8323928955934	76.94344416651796	372.04269058080536	76.1188079920682	63.379052288477226	1230.2071715080735	170.97778689834018	100.23592663089687	425.2543666369902	66.96801446138284	-8.874957089683676	386.1334075673261	459.79103946493365	544.1812624331378	1782.4712401172828	984.3947908438531	99.38937245671318	-137.69526739554055	418.40505696321634	35.427004302669275	-22.73036225388887	165.14820978041269	-236.7775989281579	303.48085112424656	58.1987424154097	-37.5647632218504	231.42971058144326	-15.412290359794497	-28.860335943783753	579.6574430009011	727.3068411890117	396.9044128200403	200.84010107972176	413.2236130105042	552.2853023609955	324.85171971834086	188.06764995748773	1001.2909134643478	228.22850148739587	262.63751989532284	620.011326870949	105.33042449800212	175.9464377769707	204.41147325463953	349.10297109869873	190.1565442787703	-11.094694256095181	302.08162766482246	103.8100873804132	52.28430396621707	175.16161498792417	499.5262656493252	104.81178477254156	184.30143059315827	100.76708837388566	2900.614963639364	171.9819429018474	226.66893844496835	321.589566243532	328.2991531844739	301.1668299520799	414.63670180256406	86.44440358870575	120.09260134140462	48.19503371475696	220.37008800383376	15.620548910819403	121.16292122710198	
2024-08-31	269.5699378684494	230.5848726699278	256.15558018409325	190.38174355464008	251.59769859197706	2523.4406728754384	17.040393748711722	167.96249868721623	334.1476532598431	238.69755588300347	235.04713460621235	1442.64114678369	772.5231834951942	1005.1413939973504	109.96304451201217	252.02011103214147	893.8330605480634	198.16577130782196	211.54456984897212	467.182057707098	509.1031428818878	-50.96966628631935	78.12151975230933	105.56384145839598	10.882369543239975	6.3775411167297875	427.07587081474094	522.0402569886987	-116.34975442216783	-5.298317115230361	115.90349537994751	837.6780250618367	-26.89244408216865	27.88053892032174	136.91874884950488	204.96598942233462	264.32501955464227	59.199887745573506	741.7989134492959	145.29843535167868	464.14540049619063	91.71772195709862	-1049.5874771395092	-937.502746431785	76.7423370665681	348.93954430721647	79.71676160935291	35.0474352390475	1289.2320833104482	232.81691108141536	95.25924463717172	375.80519095139084	56.62252186661556	-5.907418310800949	341.52908977314235	377.3890994819335	431.7811654288307	1891.2265586305723	787.3977290016364	23.689781280864437	-139.726771843812	235.95624460038516	45.82746879339129	-9.469711672548442	161.24212916696843	-201.24810959957813	299.77837728332975	35.867063428060874	-39.36968654518762	211.4858848560931	-3.2413270419251603	-15.946614054056909	480.78869561846113	566.4806891442922	327.8950641474862	179.92334419748602	554.4570584461699	530.5624392095851	305.76352521597573	183.9462315897867	810.7102266459892	223.52947102572057	224.81488434663925	642.8510412992507	124.93545923460869	185.8977918588045	206.48137837462633	332.48924848772447	142.06579662534614	28.850420577504508	280.9905309181562	77.12749317953197	61.5134504402089	172.3035953633585	368.9354383226689	78.99503220332474	177.73693736089695	100.00676403535113	2898.1065705150913	164.22853778301743	246.39890278647732	274.7424572033892	295.9388284996103	383.86626390882094	378.6024442596107	76.93759209797088	106.06854483043426	58.232242650960416	202.61617577409024	35.39996887353312	156.52193202046485	
2024-09-30	235.93263783675354	102.89756572646286	380.63363141576855	176.37163855994316	306.97907104323826	2081.684541560906	0.12018403747460837	158.21032451361197	137.19473892683197	254.75416138737484	160.6950928018597	1482.370967730896	663.7741025825776	1032.394882940484	109.03508622153345	305.5385568783372	764.1128906979786	201.59004678285407	245.86100409142023	432.0822344846938	411.756671840306	-137.48342286578156	96.02876853425664	97.54270614284438	13.4093622188268	-37.387182071953475	423.9882458479642	461.1068761983897	-59.99208244734153	-98.80913449728132	113.72435100476156	843.937219957033	-17.883464584332472	54.128856849703936	105.34130758604763	131.22075724154968	256.31141890606216	138.15584488225147	468.9679576468359	167.81709905093533	432.29880681063355	79.42606805765978	-879.4598274099401	-781.8200080038969	67.63715035413244	317.3280026794173	74.20659029911037	4.954043700671946	1289.5955253005163	283.29048764412096	90.12522918753154	326.9072125045657	134.70527704783865	49.48088379002115	297.25730438478445	311.5461850269926	389.6268621970505	1964.699459431355	619.4970586623231	-11.335371546045167	-86.50256555828412	63.85383254439466	94.70845890587418	13.163748124088215	145.0671123434975	-176.29988551341887	312.11456009119115	97.86412818938282	14.418102460050363	171.06922754606683	15.485855348504629	66.39257227744997	397.4337157668733	465.02943362727274	288.8247676549522	160.78271320730073	667.6332579397429	511.86996866515256	258.647064583364	169.04569723657872	623.7393483662258	222.62550153815255	205.35056343057113	617.394383025824	135.15676549823888	176.35830852803497	166.600808897489	289.31407665642814	153.42225225813058	56.63090379541333	265.0672431531409	48.20126307155843	64.90750939493037	166.63944967309908	227.59470525796178	49.909913972991575	159.77599228022933	90.26415997809252	2871.405669522106	158.8147128404786	283.8130431726284	232.84133424997594	269.79832993665116	395.583326327323	354.04909335358445	63.55487246119728	90.29235237060522	61.474536066327346	190.82644491245742	41.368652026270965	188.1449553014374	
2024-10-31	217.3432420867556	-49.37321761908015	509.4838573785904	172.29106018861813	363.3596767777469	2132.877784694725	-25.150110827114332	148.02209259446767	-100.33347021509519	250.73719394364332	59.83972499838137	1440.9143118405814	582.3409624645278	947.3810975933217	114.55472872904647	314.89292445212527	725.5583087270113	156.28638492977177	230.39323424801498	483.8548056295235	388.0523660457716	-140.22558577021096	110.96592025604787	70.01278308112185	15.803050397986112	-82.54826677407928	407.5131935740574	465.68053561017587	-36.112408079138916	-148.31816940540415	86.56639535958718	779.9993117327083	-39.97121653888888	60.183878500574835	107.70112717527627	63.581496380196484	244.23974281143208	231.76880003859765	228.521804353981	148.63939611671094	404.9907293218437	81.7301714871347	-844.7477228651254	-736.2592319250673	69.87255780843569	336.3024833495358	53.36945473972852	20.94697971135406	1253.0117564087445	291.9600842487403	84.78381774066054	345.3132304757976	207.68248940816636	101.6327098057128	313.88835964663303	319.1105288406975	261.9741242679129	1856.3547868028027	552.2030839592267	-8.56797247103087	-8.04990474468434	-80.64182032257997	178.85683525325305	12.351909183468933	163.10671446451073	-153.36619870274558	438.73305028818845	175.4835761794671	161.78575281677638	174.44232374035403	30.488581227220152	167.98622119199047	401.9634973050088	500.37992773661654	218.77938845871358	160.68391208254832	555.3757513156398	446.91870970588616	215.03736982533349	184.63503998743658	543.2345885608679	215.3401131544863	189.69917444787552	670.711711360439	134.81572356530938	176.15593343199123	142.51482673124588	325.37385588117	194.00623442876463	40.189232650189666	215.90332253327256	63.22308772811405	60.772160569069	160.25710034281212	301.8695693787686	64.8388775990287	175.8779097918163	105.64920004088182	2820.100741052149	176.40701422352765	325.51278299459864	252.6500088763894	302.2935306753931	348.6987505681634	397.50881858957473	70.64202260283423	99.65455810521257	56.760148090488656	229.15171449604475	32.145005328183544	215.2934964648784	
2024-11-30	207.67728455651218	-153.96621680839854	506.33807418812313	143.47295677022942	322.7517169211335	2234.9290938070662	-37.66199626709261	156.82165718776992	-453.1447362681401	224.24198819656874	-10.644382524228092	1123.0505086058465	471.7504283882556	1021.2115404952831	150.08500315681158	323.4472101868401	710.8640849377507	99.0828282309651	185.26324305752803	615.5401336858495	335.5270872685785	-68.3064226740446	83.04490219514192	21.824027033114746	22.682678514381678	-185.14200006352578	354.8909058086429	487.4518129811097	-53.036773506154134	-164.33330752611687	63.546588001963016	819.1159625667713	-68.75163406182305	74.15938762495283	145.32970300916492	-13.893602174775395	302.49138913854495	276.20465926232777	-55.877038426975105	137.43228023322115	387.8615122363565	87.29516237218711	-960.4339004425938	-822.4603338234988	75.28782323800972	377.9153702806384	32.952734634282365	37.675245557819835	1270.0830491577885	303.7897817181311	78.93515673375316	383.08429476953097	225.90671667199996	131.13790377829662	348.59523533344327	334.7763535541858	76.8202913690584	2015.4347812129117	407.3201821439584	13.599449834612386	62.23640702083685	-263.67823559094813	208.64215064552718	-12.667709176779795	206.42405581903972	-134.43686464336292	406.4215705971726	257.59290136208404	262.87375049674904	250.2590775586334	64.00520090110354	221.2594550237959	464.92846978816374	650.7775475260469	291.4887501903563	171.2849046859311	475.3954022004227	445.8567264798535	169.95391188159408	222.95656510651116	342.9702684355443	222.3798032316272	180.38900592201753	589.8359238079611	158.36200218109047	190.25265423724585	108.74428199016165	425.05769767007064	305.9340610820765	32.15164079685451	162.43861694065504	77.08235584092145	59.36407181143403	152.95820046458618	374.86001143848557	80.25691156757156	216.82020029651494	139.06668017402203	2739.712269016325	184.54468249979027	365.13917219699135	260.6500123687829	367.5445833952483	356.6025652198374	383.8224352427976	77.24847875068315	112.21845117370992	55.867912039463405	259.92474611941964	36.28230386186863	237.10442091097713	
2024-12-31	139.65607420725087	-214.13773447284973	600.7676248706981	106.40330887141795	260.5807722153784	2828.024199756168	-59.37969020156643	157.77152055759268	-661.3523578353174	183.2897557795338	-57.03208598575765	902.9784507253257	334.23759032463727	894.1907848168084	146.78289126106324	242.53343577748353	593.8082189482309	35.680019779640304	151.0517704372901	601.5925540048461	258.82056016196054	-87.74035270288323	34.100332230176136	5.231040184008393	12.547457781970309	-261.09557427110525	407.0695031741809	540.0130548347588	-74.30582987229032	-149.39656576871695	46.24927617808805	759.3966241655926	-153.44320991629428	50.55356784694685	209.90909073641637	-82.06133733602582	244.7974307127697	349.2851918714699	-305.88296056993534	99.62654023065511	392.3361398579764	112.28335877182084	-1118.466018970556	-942.1087098688174	97.14353513989614	398.331972668371	11.999570594743545	86.54961414571221	1294.929616092164	222.53174435946715	72.94350290893533	439.37762833460283	270.6499951681081	161.09618592193976	399.9760385840855	424.7253077595017	-72.21384869810436	1905.405900722462	404.90153754212133	67.74007572894095	108.66383438182243	-350.89209749876545	229.59058846490302	-18.3821905052705	208.87405073119317	-121.51842583813243	414.64881197692876	412.4271363715711	355.85297554215765	298.39156516671153	111.29847978745761	263.6972437772788	569.2733888974417	851.5647198955185	211.31768722893776	188.36031555458112	309.0170081776952	392.45620126988933	100.14779577174943	223.00248811046458	318.1057522008173	205.30401219563578	190.7393779131089	479.68752106959414	116.83745965006182	194.73401770843532	70.01838297480788	453.3308442567927	457.33180815361845	1.8171717252413373	140.0538030988913	120.39973538333172	50.13829795068099	145.2379336939548	590.7790548070066	125.26385356065953	215.98943459490658	145.41694508745735	2641.4542752326597	192.80751067409108	339.327376769401	312.01936952337053	434.6876418504654	330.4258636280025	439.4244602773649	99.406761263974	140.09439191177762	59.64478704998385	365.12235807412117	35.94283732026424	254.02635789546935	0.0
2025-01-31	109.88195067345748	-201.71808453042752	628.2497819755406	92.97416111402362	262.3585971831167	2859.099503697349	-56.06690883616969	196.47991228951753	-655.8383718201757	158.21493956496323	-52.11365067448435	847.777053920038	335.6146279640684	846.5534157395159	154.97336301255143	189.66238547415622	478.28979598543424	22.706630501522284	115.43656198577774	608.486859314421	215.84268551775403	-48.36487290553168	38.6968418056839	-3.796874260528625	22.23529357857541	-225.90459707018192	407.77713812958336	545.5146210816165	-88.39661037748479	-65.16469742224163	31.75150967915718	729.485882337035	-153.31823692462433	41.25505900919815	282.4231667962778	-87.59012578750205	213.23783189120294	340.91925234109686	-328.4958405232578	75.02024870206128	367.17578913534817	111.5112880614363	-1127.189366372752	-920.6492931751902	96.83069196998714	387.5806823520061	-0.5050878037600341	97.85086996219377	1156.757027754512	173.3761731897062	66.5843586862427	438.6877011680285	298.37679384534647	163.0207707235263	398.88533072831933	430.304085853722	-50.80302002249414	1811.8099194869906	379.34614648410843	96.89616774406994	125.34824340433431	-308.7568282729485	209.86002269250775	-31.597196959825965	197.57314428279858	-104.02308280875741	435.96102853092134	473.36039207620524	364.19895338830315	326.9488778166118	120.32791318348598	262.3421410393462	577.5717827969142	917.6997087101036	208.3530007615136	187.89804806559732	200.57569047244544	379.04499527276585	54.668212388595975	212.0447684283696	340.02562552795644	189.62403322091347	179.78187134120662	588.6123277353411	95.7078889790414	164.30223377561492	64.64172856163373	479.95984775832653	509.4385259696867	-16.36694535342565	68.45120401995325	129.3941002327765	47.13699341497801	138.5499862242075	634.2690070741596	133.11071557224585	204.33409318470046	141.95272516399012	2528.37747609255	192.6075549929128	318.44457182480255	301.7025683845584	457.8089096750118	247.25955592346406	417.62513663122786	101.05983518373415	145.83944258709488	51.51261348272354	383.67706750008836	22.045627045989164	265.8647882570107	17.056655952150322
2025-02-28	82.22252784846592	-214.2733657693339	813.1115353630067	92.44604295731489	273.5153879441425	2363.9597573026913	-40.829555190565245	223.89200252946978	-637.1416715315593	149.4339296161853	-64.38537073396304	845.5448588877935	414.49381952284693	844.0524009632527	188.3942887949579	162.8508439032599	285.85465919640535	39.34350621077385	106.69431247082073	492.53470839144757	172.67597902596242	-50.42129671994667	99.38511511264795	-5.769402058062141	27.59061708385758	-153.98364142865842	388.36335605700805	491.75850380064185	-174.2041228935553	-69.14433073879147	34.741433080484796	721.5783563915443	-144.08488157276017	36.405784914255044	279.0751466945077	-70.09084882558162	125.09333876978897	336.9782943362969	-266.20226874993284	82.43268052401163	261.44485419267994	122.17615135439283	-1040.1758311655303	-820.0159551356855	108.3423494844763	279.2945312837858	6.049191059931765	101.96103049632899	1207.1983301803202	153.09461700911018	59.636637814706546	372.12212578813387	405.92741746252204	214.12486142732496	338.7613133460243	355.9756527988368	-58.44939204045613	1855.339724112282	207.44990054906157	89.59604621093797	141.9718313373006	-287.4071702432386	204.48132635461332	-25.71597929483039	179.58874396101623	-62.044759746961404	488.093836768129	443.56702565407176	420.27494386181263	334.52471028561354	97.6774750056851	312.818202069937	441.56056331909895	691.8002971170781	229.40012642652255	169.89411844408016	214.69113831646212	358.4974300950421	5.526089626091789	194.577838446057	189.3670844233916	138.1394678594113	111.63233433920936	1091.3550197780055	75.15046510445279	174.65010317338692	70.64284851642162	453.92918164311754	420.427786563318	-3.957534914796895	-26.045363121325636	131.2056399895584	43.248116823689685	131.5006514364161	645.5568810665402	134.60762786644347	186.41656829841145	134.27758409058657	2384.165535579439	185.01978597599737	286.8488365351586	236.80607366352172	446.24963705304094	338.17150174430196	381.1653403652904	110.59896878548301	145.51882453369706	61.294982937773085	323.179627020065	41.929141404094224	271.4898222519575	32.0839319645449
2025-03-31	49.09129662302166	-174.3285843770242	900.0452896927469	87.42311993475835	331.3792929584729	1331.0915836268268	-26.71658998412271	210.09970348537502	-621.9914251978468	120.62884186888559	-36.07236053472218	537.971731695598	422.16392754731123	758.8680702217875	174.21137666902223	104.10145415329504	91.43317307985376	48.415699418912936	97.26200753635005	328.55192404366244	89.58234091516226	-5.163142589518429	105.95122243867496	-3.0225308808069684	22.666167918403573	-195.01275169602604	387.63488049941895	352.37227331522854	-211.65152604775744	-66.76248685362134	44.6263431408878	663.0864724410912	-110.86122872825196	26.235055523657138	176.39251808524136	-53.08784563191351	13.756999146460487	325.24841685813294	-205.50891266466272	81.2373371255402	54.59214558002736	136.51487699380624	-1012.0313029407071	-785.6807069075694	121.37856127018954	128.30848015260267	8.804936617960344	109.39958255259921	1158.9715795621457	110.64439012764198	51.797207555157115	245.30852290043867	431.1907148461734	265.840233716214	223.70608467231568	201.2096876137009	-208.98716991987135	1757.1683163125954	-61.20639757047229	43.34128402377837	138.3095832242741	-280.2723652660085	199.90645773181416	-10.658637097244196	154.50714238601233	10.651718056782329	538.5846358795495	351.3641094210726	408.60013802309084	295.4719063617199	63.796049964890244	331.07277561780734	233.69828142887673	342.41985628463635	210.37369376674587	125.54216693743001	198.58934442424766	310.27324791388855	-54.30351225981849	169.51760544333206	-34.2574043807208	43.203364899336634	-26.99690492618356	1427.6527574603806	45.113440540471004	154.71969736498937	65.2784158060764	383.3362283222709	278.6851160612032	-0.03480974736424969	-28.26276709120566	135.51694080233074	32.185159246276896	121.4284636772486	670.5157266337169	139.10809400005473	161.43030706090804	122.27428596377979	2216.567720124407	162.1153656646551	247.982536639586	120.94147378375351	378.0531271221744	373.7517455144115	263.05491299642995	124.13399800059665	138.03299403780647	69.86221187667763	207.37777639553553	51.30942759045118	270.7869644799522	39.48574115736497
2025-04-30	46.34215352788806	-181.05578374430456	781.2692805771785	125.02783180472005	416.23231796088544	242.74855047335222	-4.9252537486188785	255.29710773432782	-689.9597221161083	112.43886873652087	-44.33693187417023	379.11774135079804	475.4143076706921	800.2605511431507	174.11820348054073	37.78463636290695	-149.79915819178962	63.99727682565606	83.45197324180614	110.56505432757513	-57.544897240316914	-116.39290543790628	142.70240305492666	18.93297574278418	31.647459668044064	-188.2752235141077	252.66837456235908	160.53008999495387	-226.76615773772082	-171.06878437013876	81.15104053740714	667.6784378049529	-106.7668251674606	-0.8153255760196814	5.166057499945737	-45.59990277005434	-91.86563760997103	254.37928523976788	-175.0896391484589	78.79681504585926	-99.89431631907655	120.1655878760505	-992.793983204243	-760.8648880230453	111.35322287525418	-95.12837341294471	15.063432781659568	83.38928750362186	885.0133166144142	64.37958597135614	44.147158943656564	79.33541644133174	368.6845199259843	275.9419428720487	72.52643905205582	37.77604806418299	-189.97182161657793	1753.6287290444443	-328.13112449066193	-37.098573819336536	97.21567061023075	-311.73226793724945	158.57246928653854	5.295252455983814	50.34280233917423	53.80803773120272	571.5596613493612	260.9795577118451	353.73838490947594	230.3570606107071	21.047096738500613	286.78242033405684	41.65581812851997	68.81081689152643	287.84574993993465	65.46169131500346	173.0149381082922	349.0945417405874	-95.21996281169197	73.47226289944501	-294.83494285095003	-45.765650561448865	-130.95006438658174	1877.5166835062828	-26.54500770244266	120.58459780732483	-3.3761885125950357	250.6331533722714	121.47062547378505	1.1208800014181577	-22.577864846898365	110.26470109276016	20.19689071069854	112.80250437442908	543.7419882879399	112.36255247599252	58.44968480414127	50.054762098811295	2051.8810554523225	131.78147868857798	194.8501042960362	-7.261242087324263	255.3993003153555	267.2221390379592	119.11078787720817	105.09843002929898	104.31661436425895	45.402080696732895	92.43068918565746	33.74891060881329	267.7129596910222	40.02321367613051
2025-05-31	101.44755237399545	-204.84063337518	659.0083336675816	270.5775544020228	424.7834204057003	-54.18701970493203	59.454434275782994	350.1132641026311	-593.891945050103	116.36307377373745	10.679785182645332	264.5416616349776	687.7647937891297	673.2797810109482	182.51570196390105	9.98858750477379	-380.0639131997051	108.69528160072105	100.32414023179987	65.3857711764822	-218.95889978130833	-227.99799028225277	177.13715276892634	60.97916170031833	50.57009642005755	-165.34776180843528	203.0023408477482	63.63379849969306	-198.07011063437716	-215.86650768141902	132.1143511210857	565.0512679728945	-77.76431971556462	-24.957081464350495	-18.886146743085078	9.451110303844473	-109.2259771291584	194.5889687116175	26.42517857593299	56.59750864896495	-59.327045814051644	62.547345714237764	-1003.4886931259443	-756.5085776703872	61.842649930842484	-220.28360947729834	18.49531275597901	30.155800669366727	331.57915959035086	37.20834464310951	36.46978945016849	-2.2803487191881686	298.91380583332875	280.4282115762677	-1.9800810744966384	-7.160629734625445	21.059965097831764	1463.3748874646717	-341.28192081702673	-63.90113144668345	62.68793614849153	-285.9975534692897	114.25313398076094	29.88237690674623	-39.1432152184899	34.23868238026489	487.29236994856274	247.26649001813155	275.6747528722067	172.67725295886135	18.30917207123332	254.94862555249267	-18.597159411593566	40.19137268287432	237.5664414306848	33.586864057392404	88.14713130216433	318.0101292101649	-51.33612517973654	-8.86487682467191	-268.60480245361987	-50.04070572603405	-100.61917404467431	2320.67001738625	-64.71473304555343	71.27044235034987	-106.79715658456121	153.33923893975293	55.990421230151014	-16.49558984033291	-42.05783025803521	59.954853848512585	13.739707270442238	103.47932234818131	296.7772915771343	61.56255869913633	-30.121047816786927	-18.682650769299357	1872.3944201480954	99.25444264073201	133.03428117583258	-29.647106207754064	183.51594064514347	-65.34865703535979	50.3783835242466	55.16745444061712	56.94112510789972	0.9433742971698393	56.73269881194108	-25.341802947731765	259.83959408089174	63.77502128149784
2025-06-30	211.63703495853747	-126.78229468601567	568.2043497306613	548.4834561304635	397.90687900668445	-63.20768396642961	133.5883305926748	527.0929029496892	-119.8329668404516	157.01377150828836	104.50568850788432	195.51080777608558	1191.2784923040417	522.0207913912836	321.18716269384754	-13.457908024418543	-476.439348545138	141.28786949679738	139.15296977271498	30.29555810914826	-303.0809280323508	-268.1753521106616	242.51642139347473	114.58369675040406	87.59934058123343	-87.49766170048022	170.08307310851086	13.005064120445695	-206.4405325874049	-157.1301194483163	193.84351990075953	429.0891335442152	-19.750383921005223	-42.7323004450549	-14.732445195926914	169.29418193335044	-83.75808065862736	153.41276185584405	608.1687909241937	55.34587388288543	29.582609938378027	20.954035690970898	-869.9158821601113	-650.1706044564662	25.08600358356776	-273.9337736623254	20.41937641125056	-19.6921053942948	22.89846689957824	19.620140375815197	28.378172628833795	-37.88296049507312	241.74078061273724	294.0762726923208	-34.146491707589576	-8.432604242223533	375.8543856325841	1046.600425571135	-187.40319938999392	-61.11235964698358	53.29232978043365	-119.8254133074343	88.25856353689517	63.61820885782481	-97.03176696025344	6.013389726409173	375.267106735173	216.90431769020063	216.51251877845243	149.78329887244013	41.22676219456457	235.37245202566203	30.146089627929086	255.60834286606905	130.93406154340164	14.128752024710934	103.03080001379385	260.0065576568627	132.1097239443984	-63.18353389979518	-2.6254673337089116	-23.72905272479511	-35.834884134130334	2955.5940708700173	-77.72287678716657	8.133350434349722	-174.56382136156844	77.13555854536867	-7.847043656510323	-14.116099933628476	-52.35631279326117	13.628592865890994	12.125447609196755	93.24759715478149	62.354540241369705	13.654237820346964	-87.80421175660899	-65.29645048398737	1689.3981044672346	71.3514396362275	75.00825086610973	6.103045389367935	158.81934477153072	-251.7965867950959	18.30856251864884	15.122504839675969	19.743357523514476	-19.449639017174746	54.34978811992687	-57.93877469037484	248.6848502159644	142.54383254935
2025-07-31	296.51198151597464	4.554451750907447	544.2738103771835	650.6163240530348	349.24767137865365	414.0628598882631	162.52560441730333	633.5194156696066	200.98502303314433	207.44951325388325	197.82815882318357	392.14948710726776	1507.7995715913362	390.81738087409894	345.65924471088454	-19.181537257762216	-412.00989790911973	152.12010605809974	171.1830698147346	132.13238383023145	-226.82562720051703	-250.73011750393164	327.669109198325	141.50046932645915	105.71540753868626	17.37832658095374	312.0760603915603	68.65121238585152	-186.8413532230595	-50.99993282227048	238.81215769778834	315.8727978269694	35.01519662944527	-46.95892603724235	90.626283917455	312.7498297007583	-41.52101855747961	177.06078117577778	1132.261406299872	52.782138859187796	137.7020556615057	6.506292758084442	-567.6097340388333	-401.4165159454851	14.161927594860856	-178.63310954638428	23.46703298427962	-33.172030147525675	-12.945657016318023	27.189082352047393	21.036498973598214	10.130817007698397	219.50020701178698	417.0323136969597	9.109852895266158	62.611637158058784	676.3717859523974	729.0906676974532	32.9583258676148	0.597833895983598	99.37462749921622	-11.731249219044628	96.19822235936238	121.94737957664222	-104.03695106508803	-22.853567067282256	301.4304482910693	206.8957814628863	207.76164899797223	103.72638055207631	113.32565539742848	248.81662699099047	159.54405915671487	494.11514306562094	44.23584855887748	30.27123698324226	109.12031785692511	212.84675081250225	237.55929956167188	-71.00447041772702	222.41394388098342	21.34440217038059	42.85388707364041	3532.2640845990027	-73.58014521035295	-13.51989397404509	-193.31943223487548	58.11609968914922	-0.7390144134269576	-12.731106590644401	-82.1478373960374	-1.4970619066485824	11.452371836631585	82.72521572199071	-10.14218815766776	-1.0733564852560562	-95.19303931575985	-76.795392894918	1513.7967091915489	65.90464861934265	79.52151059158984	97.34460639997462	157.69748455401077	-302.9971493329015	63.67481105758225	4.7990314926213955	8.951916483398918	-21.423081043368	105.79332410823213	-65.56204124126158	236.6668420528481	212.07197838777603
2025-08-31	308.64438617451776	90.85796633584212	502.3299215039317	645.4029688512147	319.20894883336655	644.0758171508805	167.41500798061276	668.2807256492447	397.3878347175614	208.2456647515021	251.64385530230908	384.6556818940003	1586.569785777719	283.9573687988923	344.1108723541005	-18.184234146645878	-302.57705387507434	167.2599734655763	186.67007348113947	170.26736998043543	-114.41279546009366	-222.15741426559373	329.20083844906634	145.67359021224917	117.3976938447338	75.58001630485333	599.4922695583357	115.52567604209707	-155.57397846319998	-39.86994922124232	256.72885570466315	206.539717919934	103.15589383056073	-42.25367870190903	166.54581960730638	371.22338340419924	31.924833321747485	258.75743310810907	1343.4480980622604	52.35892755329655	185.18561686426074	8.06156330434942	-352.75523443008706	-213.4150232112679	17.944516640129805	-127.94050861924597	27.3063137933349	-38.653973330841495	28.15261198377584	25.611257867791096	14.07912096360883	45.90636391588123	213.13616514483795	485.41109685204475	42.07065946599323	96.19238980915793	816.3920311404281	421.21552407811214	159.92046154601894	82.1360055458023	175.38491765237552	39.551732213852176	134.32422314297878	184.60367292165802	-85.52770944432496	-32.9140432758777	259.98307144776254	216.53451293162766	327.3581534055588	24.0732276985525	179.07034314742032	298.5637830540173	202.3214388770034	596.2598768969879	-35.8163692704984	44.173609106417075	144.54250101785738	169.4442502223178	265.99650090773525	-55.46976885811307	329.1002399463032	50.33007950678336	78.8618628031727	3442.255793665361	-52.41431922172899	-35.542546636411316	-192.26288034696194	44.20335572933004	37.81302786084916	-8.899258936982477	-109.65986272171529	-9.368758015434025	12.511650289092188	71.82216106202588	-48.16323166285861	-8.206938369118063	-76.92178041557338	-67.64189781134684	1338.0078379336974	60.019357161726475	70.8112146210575	139.26284415329587	169.70624460780164	-306.8327805105206	80.67544932869896	6.276087814042967	8.171835016370949	-15.480029351754439	148.94380625969075	-65.13793065799456	222.6901279579415	234.9835356644757
2025-09-30	322.463239278507	91.85575208562568	534.6703127746689	669.9701496209993	419.8804865303557	1121.4560072228305	150.33672146175053	675.3160504477335	877.0168754630708	201.8264678057132	235.53325562897516	444.352259226044	1662.4583056978263	129.69321328047954	356.8718559188917	-10.241686032095856	-43.10377734462776	168.1214596110122	226.85409821297156	179.68174952067147	2.853408519738764	-164.08753529482647	332.7311669440961	132.29366799782696	122.12329552626272	156.80938999177445	734.1368504014378	186.84252471730906	-141.79363439987742	-24.828382850038626	254.83173657271476	79.64221556621942	178.75663174963705	-47.60985087424204	239.18530368036113	486.7807715052282	95.87316926954958	337.39456510418415	1761.9669737501704	68.30499353208927	259.25752430796115	16.87157145722628	-208.77059664008948	-89.56380993088987	27.32460524683748	-88.89116018606637	34.82717523255007	-35.157804541822145	255.46715427427216	21.103546119092698	7.806630837149555	102.4905890203488	265.9517817138768	533.6640981679479	93.24513654061866	167.4505977837066	848.5676038755328	108.3467039206048	380.6112663991489	193.66241922561287	316.24239206160496	231.91789530991161	234.4679471824095	254.57214734981358	-81.51508269170915	-46.987663843925816	525.6024769473074	301.5020620641162	477.3247197253546	6.13738157067246	267.0189709232196	455.1022634936432	296.17667606715986	818.9709353795479	-138.90496227209223	67.25480438575278	197.23925897662866	88.1939950089145	310.9956043220227	-53.11937088653093	669.8153150048424	82.81913579480374	134.31728830343036	3471.36705563302	-52.55849825787749	-64.52298174329553	-181.24105799701977	34.21122998617443	86.72741562292026	10.55271646530258	-127.67155303505706	-7.519178637134132	13.12745452922232	61.29613806733539	-42.50524019194313	-7.035022090125381	-73.2628083223209	-68.90552071859844	1171.567420150226	88.86534439050376	83.3349237368883	221.40488137413604	238.7716082628831	-169.99335400073227	175.22587021005893	13.112678585726428	14.369084977401428	7.846453433626607	207.43579878189462	-35.542136895969314	208.5364448713094	277.53411384975584
2025-10-31	304.15693083796566	261.0884592253067	507.5014770253381	765.018279096402	505.0326581710267	1993.1004715858107	165.23938971937383	857.9040943921832	1994.2324213109898	205.36680556391525	318.22837616114634	580.6366800120995	1982.1762304284666	-35.36477462167386	360.8256200981172	-9.737504816965128	424.35075021730006	182.09093820009218	280.9212678037212	235.4663023511248	267.474896068155	-138.37073349432796	381.55854465085656	102.48169543428622	105.13196527476111	284.04019225468767	883.3574126076292	305.2754944753178	-101.59980527448954	-63.40575481273532	224.39174899927121	-68.9646047647193	206.32626368083032	-56.68203650892645	391.6522331277539	759.6190502094196	142.30656202119312	400.91443696764117	2749.3537292755227	86.45090326755212	372.8387681692766	38.30504138252141	280.35953449801036	318.3346392534495	47.80004626772053	7.382946829856337	42.55296830577908	-18.536895074243773	571.1903633974953	6.1788321426469395	2.9042811719297106	192.7408057678931	255.66108368077118	503.3256344945588	174.65520967869884	296.71767792932474	1193.4977185208636	-260.5811235105125	777.0594436936144	343.68080629632	460.92369880331114	610.451631436013	313.63946872094334	354.51338772589025	-77.1945977953236	-68.12224103536516	628.6187216949616	372.7293952033119	547.8410555107255	-21.46569536693096	369.22713109716256	576.5607968338727	452.2138743397081	1029.1603781326207	-276.79650819591507	104.22018515825721	246.21904444509778	-5.871462947374766	456.13252112214536	-49.827507575511675	1394.3741563171702	122.38275986802637	218.34774592013764	3403.1955162536424	-61.71079769815185	-80.04703535650481	-105.43957216601245	1.1506761251725948	119.38532003973569	33.99180046720244	-83.137737158591	6.559896481434521	10.676541213844501	51.91374477966917	26.864839445062216	7.317946504560041	-69.23552502315147	-64.82735276814861	1031.0921227588897	113.22596333622027	132.28680183950985	357.49348618223485	264.397752686328	42.98181970819212	290.12226685233327	27.163251880721873	26.223536302260072	43.633474686555104	302.9069380872429	9.135463310651065	195.4127177030789	400.4285492504865
2025-11-30	309.34582689569925	390.40141780711184	467.36591565469416	700.9437045581749	576.2224307685492	2281.871633565421	151.63681605370442	775.9744009861317	2516.1777096155597	231.84109280187528	358.91219122881387	874.4758594942482	1852.2580963239507	-311.10413176589645	313.50802433360764	1.8430290923265034	959.8560268053948	163.59713051116296	272.3912440645211	244.52822030677407	650.8281551121454	-84.03306999239703	323.83204692661957	58.42542507435195	84.94565267304279	359.0319557107735	958.2568989525998	379.10391497125374	-39.008351968021145	-106.75458387429575	203.83941954642088	-310.84245422066397	224.52898575990835	-49.73854109079649	434.88737961798483	846.2219662507719	154.57735617036255	410.41019444878737	3063.081590683212	95.68973780325086	346.0817796574963	78.09853398188798	484.55227161215225	497.3103337003222	82.81340649463493	124.05042063705241	48.57962449848287	14.335837872135244	847.3547196593433	0.6963076991483206	-1.6400361419455294	252.2661146014127	207.07296382277264	468.40429778311034	229.2937646428768	339.30303307194754	1143.1063510451586	-816.4725956266798	894.6917306708574	393.72946925734493	547.4516853263226	758.4952800078721	341.3732085991544	409.77126470685096	-37.290637309035674	-57.32342820236681	732.0292970567443	324.1858704378592	516.8914426302782	-114.18108395145396	413.6294125828279	596.5737972713039	493.1206618609922	914.063807042512	-446.4442702417523	119.62127118563467	263.69087920934	-172.01670343560863	498.97198240825287	-14.859731077578772	1635.795751031309	121.08959948523909	204.6276600275296	2465.1597394955243	-54.61509955506949	-63.74113091681767	41.480530195322785	0.7704687242726322	125.06859017028796	44.539926752533034	-25.690704758479683	34.7866258803698	7.894596909185708	39.76077861104409	173.90754274960273	37.308333291177746	-30.073162139650435	-30.691731678371525	891.6212689785552	120.71742834789848	166.60324920176822	364.53233276896344	264.8399008961587	250.28789835476846	396.73756665332326	51.60742883101773	49.549476745322295	78.03745881682485	348.4295123176944	49.18607174841736	181.82549981312195	428.78683557488154
2025-12-31	303.6272075086781	583.4681875436623	349.18784821304826	638.6180469538044	665.3311368031186	2178.7192900163955	141.6061603339723	653.7538436536925	3013.7343313013694	221.8815212990802	482.2085972266883	946.818433040271	1718.5743414745766	-505.32349337191545	265.5528439991982	-7.830659086735693	1249.9383302648926	176.78689324524703	257.40796064446425	245.80826001544028	793.5432283653192	-62.81187111933764	269.22398177765535	12.302567036293794	72.70544230743836	380.7309103245434	973.7199503634265	395.23473774343256	-18.832390082273946	-137.49979042947703	160.32147657153268	-459.225841795002	272.24619750667705	-30.57636420687203	468.94452270104784	952.1600189008309	170.04173716089997	411.3666827081927	3447.369703777278	86.78213461714336	313.7788628754938	75.81726097480635	524.4082546010236	540.2969943008393	80.01583060931998	201.4658362590119	51.77761954514918	19.661383715170246	799.8469942282422	-15.99685479892105	-4.098887128943261	256.9787407630138	143.09773687484085	374.5890623136976	231.42725602590667	323.14540048181607	1035.911480653689	-1171.2241251540272	966.6969490057418	422.4122793173489	607.222962506273	929.6979321812964	347.0273993777222	415.5822775040825	-14.299016319427892	-44.413798986086476	844.4672866082269	258.1573966605647	476.81440654415496	-194.7589409948714	438.403972654791	590.795327856102	461.27265535397555	723.4221655321307	-551.7735053399529	115.96281295663175	224.79824387455142	-283.1797983836932	552.7548762317149	7.918339219539234	1824.6229090990955	119.5916027624794	186.14391492998902	1885.529783435206	-37.251833798376026	-65.04657740811774	100.68976405766506	28.996028842511578	135.7287218245508	38.84045376148384	-23.292418091900345	35.89313637492603	4.994781079790926	31.25880966664272	178.2447105025085	37.69271335632976	-4.12006245542625	-9.710915702082616	798.7892985966828	120.92008247123772	114.66898054103558	354.5748438714372	250.8775226675075	224.82714815459724	393.82076086530924	45.37436889913829	49.06466691580164	75.4673525500458	332.6630436838618	46.67785245531522	170.79213573647894	466.224435860262
2026-01-31	330.3844447249139	1120.611613991464	298.7060183862161	914.0337117462893	965.8195846954077	1935.8774477014667	211.13371735598457	672.9098950910511	4299.69701807631	278.3355742847175	887.5010617581179	1277.7823378576995	2208.384242479482	-714.3043129781445	296.19089155035664	-11.693349086440634	1364.5618073284795	212.20495023324145	316.53616639378697	306.2329398531838	846.5076957975034	71.13432313110445	372.0847487072183	15.647025054737014	64.25060888323651	688.4120729861701	971.8750628314483	383.5353203654158	-40.3063015344739	-60.76563241506312	163.08155829312	-621.2662692673116	455.89920486429975	-4.4979018192816085	533.6126300867913	1333.8970020905176	208.23219147492193	408.78293950258535	4829.702781759515	75.16826787283662	276.36565762108694	57.44884703357752	801.4050048477734	783.4724517173545	64.04818293543366	230.12054666946278	58.27187975238405	12.295119423487108	671.5589415928257	-17.00269260569621	-5.379891704021816	229.5289231721572	105.31063247624184	311.4516737550847	207.31284723119006	286.5893581278451	1249.0778603108251	-1600.7266151989243	1224.5002244217549	499.46101930597695	685.3660636290815	1538.1716339476716	381.8397757450333	461.95453888229395	35.07566651705872	-28.87743346103082	1253.1858444238674	211.56759618631622	518.5144053068748	-297.48376032803435	479.68317611841286	590.5941446523933	457.39533434231043	739.9115654631696	-691.9895140482122	113.07745506064816	159.82099278847318	-379.16401819183284	836.5118474731294	52.300033445206736	2453.899931445143	106.76873853350298	161.0226201220687	2400.239623897798	10.502181392030991	-32.464031573202476	114.44409114995841	-27.439015291762644	114.04471508469851	30.829623625034998	-75.37270441353655	30.227591570158836	2.907852868403779	26.56140093159513	151.04188980524418	31.072920791490674	45.3958123338972	29.890433358943596	719.52449177979	136.75632218798182	70.50356346017406	319.84635590688185	213.65045927695724	153.19325899202454	353.4296396228724	34.020634114265135	42.70021790159103	62.198906828100064	277.19501101136666	34.38974836141976	161.08969500492913	640.0993695114375
2026-02-28	503.17096050039254	1766.7200946760604	149.10394202751922	1539.033387644913	1042.9191398530875	1218.0225745265598	362.07912800450066	719.1432235804405	6059.858125839348	367.6803515033632	1429.5873804034318	1522.6735304430285	3047.8094627974233	-745.1049459615615	294.38245961065206	52.49170704975597	1376.23553103426	255.86116541155513	372.5381747501185	477.3397610375914	854.9376948727963	238.14664950531483	481.91232712889723	8.365692391000039	71.70417798719427	877.6878397325435	929.5041934983919	341.050916562931	-39.450334794047876	25.86914547776096	213.09097397015063	-681.3545598364844	606.1752507343715	33.60345311840068	633.3334495306776	1873.503231389407	218.61564271016186	389.7248098811584	6770.140015984745	83.37978225253971	156.81956691398364	54.85555099125281	1079.002680394496	1009.3080946344403	63.5375969409271	229.95879763973335	66.77572814625064	4.94344620615783	649.7762571175344	16.50740332399147	-6.982736033151468	170.74928118074536	10.117130385421888	241.91857855006515	154.3016341726434	179.83781530771375	1732.104442433083	-1751.416911338974	1302.4452868307399	514.3841318558297	724.5957848159575	2218.7363030290608	414.28640509396524	487.35126565872525	123.49303520291824	3.424479289795272	1266.1339755017857	174.6424753506683	499.4606833911257	-471.31107979161493	475.15026155312796	566.2021516803698	438.76678069631	667.4771877084313	-721.2843781474871	103.55857488479273	171.9821654622083	-422.2049928791812	1313.838278775599	131.07908739831072	2999.526286568952	74.10518949392849	78.35697837979546	2617.1410893622215	92.12335292101841	47.0882718841666	128.43038611255736	-104.26277741771673	31.480940585380267	41.312573811052175	-96.3111688959084	23.406233105410763	-0.7060251278048213	22.37059219443836	117.914161590591	24.162271645172268	131.67421833447224	101.96044113304384	643.4829985496981	119.60923675623553	110.10233022518696	211.57126122489512	140.4497753979647	216.87692715004027	248.37521088774042	29.693976045799616	32.95529549403307	68.09109910407645	180.6914616906215	45.85401402977999	151.13486950450533	893.7880500768601
2026-03-31	457.70298232834875	1560.2954796983104	25.18460833066183	1574.4659106044605	765.6179851873003	459.19216431794484	406.65203927639243	524.9229623522228	5769.937490947033	292.1644798372208	1235.9505284425663	1205.6400818099228	2763.6110846883284	-937.9145465613585	174.76696953282126	27.984009414322003	1304.0625067610576	152.41987054001902	266.84895909052045	437.63499237170936	781.4295837942259	569.5354800534137	488.22273132612304	-12.62193247293635	39.248359394189535	817.9739351095775	672.6867716160828	231.03892499472477	-89.95783786529773	636.6525573181054	205.83375633432337	-843.8922821344554	651.4758457847214	35.1349103802293	511.4854046350465	1742.007114741074	137.56497926540794	350.9526199120014	6297.987898613366	68.83886009427323	-71.19247511141793	80.59030749870851	1013.5156668021834	960.6764294070574	87.31050725807302	109.00186393286776	66.4938487902427	50.4436344051789	698.9638926442312	-14.55026240033564	-7.8525876536066335	90.98198909606936	-76.84760559530537	187.0977175164038	81.12247335562142	66.76195082984941	1931.7738315498132	-2084.8313745680452	1122.7863838991798	434.62083864225553	710.9783025610549	2189.444523442275	427.85381114604536	481.9598311481072	203.91127378432247	61.997609382960945	1025.774615654182	44.72080735126747	375.35705782417494	-543.1469431112425	415.92771438987825	560.5512955060512	337.4967411067064	464.4139746739029	-766.6272461085518	58.182459670210164	31.01663714951269	-545.8099275136246	1248.239931643695	199.47326764400145	2732.2102438384527	-29.279988474080028	-77.80071137706864	2354.507590800964	117.96077606763276	74.76461116468477	104.95118615729598	-168.6403245092347	-62.79218654019269	31.321877880181376	-183.35467952771694	62.1684807421222	-17.983494719604977	19.232401873599088	318.8874615987247	65.13723913970546	206.27076460779494	169.08541418812388	579.1398643461926	72.45322589298553	153.96138205726174	99.45200101131036	68.59878061660834	303.29595372452	160.18920521982545	56.45884297817588	47.02561314466243	79.47532759286986	88.86773584565799	65.56538804457881	142.00175012126851	818.1151921760766
2026-04-30	473.1648522068342	1542.805707548381	-57.40599486930978	1646.0409612145932	548.2959401158132	1136.8521778907434	578.2037766133064	701.666795013477	7640.570890067801	265.995528065328	1200.4668792233958	768.5976842238756	3970.2283785655836	-995.6183603956279	127.66062474901767	76.13433735602888	1302.2906437523206	128.5803922217218	293.4845186895104	463.0463878393193	694.8360859126342	609.283042356215	620.8221679717376	6.151391380438838	34.02026322320111	813.9619091001207	611.4395970954279	278.4783237333604	-157.25862012103966	1177.8730851775044	251.96433268482826	-887.4961563312759	628.3666328544796	26.544527940315163	595.0215231982218	2070.4844758308227	176.54609985754962	355.37734967174356	7484.320946635598	55.423696479339355	36.32904601627547	65.80085416552856	1335.1164209681235	1202.7333807245518	74.63472059403145	47.24289614816189	73.01984848341449	50.80851049262105	586.3787994993763	23.49277482436375	-7.19350188178862	140.98325033318042	-127.68394087038268	137.98474165003455	127.35240440432563	168.5094776683727	2979.728178016323	-2150.299227106998	1642.237995695643	538.8445903639124	785.210051264939	2696.4811144465334	399.9145592660182	514.5302588812078	232.99343784185328	41.03127146584086	745.3654526929822	56.00477198622605	402.55263877069274	-514.1511330862331	494.8087792641325	554.1690286709461	447.0374263393296	889.3575323769101	-737.7759423035941	115.07093029235693	-49.73422773343191	-590.586921402572	1448.4343710432263	224.50526251731912	3258.950411845475	-0.5722857002315322	-1.9371470012029022	2724.2961652208087	142.30900246781607	69.13816262579803	51.85166328605004	-174.42821266179226	-61.94679461368628	22.088928281301435	-213.5971343025601	60.027463568167605	-18.63208954230356	18.435700213672703	311.1091712756215	63.35074831826938	234.23197383410638	187.13876441839614	540.2892637257028	51.960398623064066	138.1963912113995	215.19560312505655	55.46808202619536	222.07474817781565	219.86030109558897	54.53351599908035	45.26088641349497	66.38876220046382	127.13292721841049	52.330850356850675	135.36461925256071	981.7768747452944
2026-05-31	370.9517293985384	1896.870093146359	-142.16179488336775	1490.0268906943638	309.4116007533985	2794.428486007846	591.6273846610036	621.8460536949547	12445.89134230715	178.10241108004232	1512.1008744589071	198.16780369537992	5320.6662440905475	-1079.765683447777	136.33756640013274	114.20406224445935	1329.4886578462879	136.03563827412268	357.93454982518256	520.8653768765207	670.8621505331894	584.4427825008675	573.793592850493	-16.179796923597678	6.01164321097302	685.1722048338809	542.8987302190008	437.61956874724046	-237.1961811682238	1280.4768602618897	214.134057406892	-980.0505403086024	570.540743818647	1.4451779062891994	843.5798206906211	2861.1330398530886	244.9017513487114	381.7220241613478	10375.524205334548	43.15334554293105	285.1737995772446	60.549655557320136	1336.3110237660794	1203.9888065336647	69.80319901812942	57.86414766231451	40.08936191093012	59.1466533769692	617.264432261989	54.628303337326514	-7.387439923115949	271.4725150152126	-148.07113534765597	61.68002458502474	246.13076267999372	417.41863106139044	3013.7095743553255	-2364.748026029581	2541.7402903352395	754.2776647344008	811.8612348444407	3490.008695944569	404.12553951537507	633.6865532797583	288.75316493271555	-4.008156199340306	457.05217477114047	133.09727839784387	562.6379357054848	-274.05141038713555	639.1843766778808	481.37381382630315	687.5117137034786	1711.0007482118372	-723.9116695182202	186.1084624627008	-103.43361571773994	-624.3342815759934	1841.5913658841023	272.6456331435588	4703.557494125431	68.56633926104223	174.68146751011204	2084.4615453129845	178.07529412480596	85.11549379369899	61.64397404971527	-174.0418845060933	-8.176818720511847	14.076738643858732	-229.4256975847578	66.95572623773222	-20.432041972870053	16.805654638666283	346.6039647392672	70.54418072403644	287.03805883166183	216.25795561058771	494.48553696625095	40.99547326057427	102.02825811305001	510.1834437058649	56.48347367396241	198.37198072913407	321.5612003619435	59.99614463963468	51.45173273027217	54.49942073847103	178.92436536178457	49.60720768575348	127.18544419988575	1366.1487395288036
2026-06-30	270.73074497399284	1410.200217577255	-314.58624356586483	998.7782392790032	-51.55519900970785	3711.1578154362505	494.5171240005552	332.84372740599156	15589.401656076863	55.27175415611532	1207.557912231986	-477.18013391884915	5401.180855800856	-1067.2604149419426	18.655266321306712	157.3202661359269	1780.5432924222096	123.7537440857426	377.1392531695675	729.0575596181902	853.413765687646	491.9224647707854	347.09862365134813	-33.571695908002255	-28.043003185423373	385.75119459489315	489.11681982252685	528.1836721916488	-298.53640073456165	959.0010647968186	131.9528979758777	-1050.4215116419973	388.8168308399081	10.422779680618952	852.5973921340969	3324.5969372576455	299.39057699050227	410.25126233885885	12082.85019282189	47.998069280451716	374.3609721080943	80.06075772264387	911.4401607444822	846.6532648035451	89.01519111175844	109.4851149876763	6.390539516496531	82.95719073240923	844.5637466199114	83.59686664950931	-7.055712987263291	337.31825009061777	-196.056879316989	8.832063869359388	306.29850967747643	554.5219874220629	2057.6426387616775	-2597.566650539406	3259.0075757300583	754.3271942872516	704.2753844970839	3823.8158494301833	363.09584057900224	566.8704822982443	314.4285512787768	-20.66769168977919	64.24650153210177	84.82184042828203	844.7606747578857	-9.01518395929304	616.2045492570561	356.71777821062983	853.8921388921813	2287.170753666327	-672.7134732033737	203.44271872640002	-100.31462871806684	-627.4480816841797	1893.2409286169832	293.82353287831097	5842.555533281895	78.90951629500478	240.07176613515435	756.3465217730463	176.72780747227029	111.92418102869556	143.87084562444056	-89.58894294706806	-12.155195488055597	22.81652291881943	-188.93204561874404	88.74497392216665	-21.263312467205054	14.578685504914915	451.6819017972439	93.16330589982505	310.5617588121456	234.4053576559885	462.6547526635313	14.021325111311626	120.22352640994745	688.5595951971573	-28.920016045693046	345.78242272407465	301.61399680337104	75.60295323929677	70.09743349285793	74.02248243515305	127.33071012297978	80.46341730977211	119.73048718180348	1590.8514906064047
2026-07-31	245.06025528239252	794.1647338627581	-341.2367538013127	409.33085762407836	-292.1530680093565	2388.1943650930407	286.9260799753047	-94.29628592927111	11976.287477917478	-31.81685592193594	725.0246749059233	-1247.1147579970389	3523.300221404683	-1081.7003606025892	-61.77864863248343	191.28546237941373	1616.8204166784053	123.24037873107534	303.60053671505455	521.6253948794983	783.2778910156494	421.377922429961	63.79051573746324	-32.27718170717634	-67.67085055469572	-141.70935733148394	142.0386750850821	354.82038894827747	-318.5805887017341	931.9924053305492	85.54616664687978	-1077.3737966415144	311.93897870783167	30.871148160396086	565.8965982808654	2518.4754987358247	287.62547724035903	252.98601953683647	9210.639289810137	29.51975538779496	272.72220401585537	10.70966316038107	398.8748310465605	410.61506254897586	24.944127155189335	62.40616100375382	-11.779369805299254	26.469991756100626	193.9002233498145	109.15985306012095	-5.091650326062677	221.7269123248807	-216.25168733396816	-17.999796036465057	198.1642443320402	356.65882453272843	716.8042745301054	-2710.931576562791	2599.1586443473116	473.2951818236811	447.2090453457996	2527.3610297926934	199.60840472241085	352.1688679368517	282.26544818378113	-3.4828048833212506	-311.3233022991144	-38.76176936821685	623.0612971396338	116.90420234979655	402.7788868680757	150.54621193689354	591.2648428967109	1500.8624132867808	-665.0704023666915	95.44925680596862	-223.56054389725546	-595.0518760451678	1322.0307359342905	264.13122637844117	4637.673188046345	71.32002602828834	171.59990269245645	-872.2050948870146	201.84695669170276	78.44734435220937	147.698259265753	-55.43173810778103	-138.1501126040091	6.715323169138401	-217.81897560839337	36.22409307352211	-24.82900527382907	15.539029322983197	188.51159614769176	39.32838130739697	278.99505832572004	214.4238174739187	449.29299235461804	-40.236304835129204	27.244113636465045	554.5556749024995	-172.8132850569616	9.966993041455908	209.08019435185088	18.90865606193836	17.425316085538384	17.059629604839927	30.668648552712284	19.19645672705454	115.16047024767477	1172.837581227343
2026-08-31	248.7949968250639	411.85560194429627	-430.4090225631194	-9.268569508030396	-294.29085946931446	1311.5765597004356	230.01829289365992	-282.25526107884525	9991.922069510085	-21.250803686348263	402.1960660648451	-1396.9122984906112	2638.480214047395	-1018.0217368361242	-81.63726214356532	166.1947460880881	1529.2520370265584	127.40892850845512	279.2668344506287	177.67603573977794	780.4932415189637	370.74836849587973	-7.831469938384089	49.009984251832634	-72.64542265011036	-295.2813155895367	-72.4414178744828	170.9036148922878	-307.3297660839213	884.4608527387329	141.64350919456535	-1032.5325923193775	338.01625047255584	51.74480056160404	337.24113086013176	2024.8337661047872	275.5920021031692	96.95821820718538	7389.183841659014	19.73271631695519	271.9223898884429	-73.20659996376548	284.949836685573	298.3113227266691	-51.4398129143172	45.53942092185616	-17.53325031466524	-51.632076723073624	-473.3342994821169	91.10196682550199	-3.1853419375165686	99.22997660014062	-260.70111630485115	-14.295923707319673	88.28634803272598	196.19334712409955	390.7162138978856	-2630.0347370646373	1966.7489165742336	259.88417839070576	302.8834288587059	1770.1319253734837	57.37802140535604	179.50393429827295	231.5844580942745	-2.7871559878248036	-437.9311513104526	-160.59154197167527	403.4071934267258	272.7088399842248	222.23030794625026	-26.40270208676202	324.70299037677387	909.307230450454	-639.7438663849841	13.031439616110674	-278.16674497206645	-538.636854282488	954.5111481885124	218.11809126488288	3576.6304183058637	91.15731694811984	170.20855879174042	-1581.0074558593915	233.34794657704754	6.152423744772477	134.47551999076654	-80.4297511563982	-228.4195752746134	-2.4388164940011734	-266.0942832584329	-34.71405637649178	-23.584718129550083	16.244962672607016	-169.561252758122	-34.171522902718266	229.00176468041207	174.992956489687	431.60539303367113	-71.98145372257886	-124.0678566813367	448.51016243379354	-276.4030563051856	-345.7917483598553	128.08701497531865	-51.20493262368524	-45.85048126393701	-44.705881778688365	-33.34269011317201	-48.05680049713463	110.71077025935392	932.2987859134973
2026-09-30	226.57035608433262	-75.99628744845268	-539.585262291652	-373.11147326445507	-425.31391082311757	608.6121263997738	158.21986805913298	-461.31104794843213	8417.89603614116	-87.8279849357125	-11.000506559854784	-1722.5159838822829	1696.112317619254	-981.1178481273744	-137.80026377793223	85.80276597452081	1158.0033480855363	89.41564819487792	238.8120611571876	-237.2839974796243	637.6341236604367	281.6881868543867	-92.26026749788707	47.28313135719884	-75.16108932544181	-391.010701715427	-296.9818436095652	-38.9704195336808	-312.24305869771024	994.8319318959266	99.22241948907276	-977.8386530628571	263.62203501666363	36.54053528504208	110.13148295967721	1614.2935686183991	184.98807567108042	-72.886028335314	5875.59515806337	-5.554650097210526	292.46900763097074	-157.59762082585968	145.1077977918232	166.1109996530996	-129.74599872868262	-142.1752754948202	-21.860320586956476	-112.32912975935028	-1179.8618119631683	30.396566017461595	-0.6332347163624945	-23.61830625893299	-317.7984670692613	-9.625074433598343	-22.610485450169108	91.41431514848136	45.332310077349575	-2441.804488808868	1592.9881365598612	44.11985343976335	100.4336026658973	1359.255214973844	-68.82851837479308	41.010017526280876	122.04281643429317	-3.6410739814118642	-678.618938450933	-269.8944006878072	167.06791585677638	416.29589175726994	73.09060835009097	-239.5794362968245	119.9910164198559	600.1080750207539	-636.9473689525344	-55.97505202313005	-452.3398594983944	-516.1127125473186	647.462022080108	118.82412413900568	2873.8210863253407	87.10386639962667	185.4852429160478	-2323.6967294008537	195.3175096969576	-82.91954340972552	100.89444912289309	-194.86901869898293	-366.3328381985432	-24.20288271817492	-340.09719769840126	-88.8116665390454	-36.03035940886167	17.11965156844701	-439.59266091467316	-89.77377333085798	120.68294677067638	97.0196179949362	426.79894173067805	-111.13398003445445	-296.30364198193865	384.7967419558772	-362.89284787907104	-728.6285771602164	10.717243231152906	-122.95878032828227	-111.35086388861123	-108.60874618485911	-69.18342968276602	-117.87334563888943	107.85046495559277	730.9747682289935
2026-10-01	164.5234199189117	-396.551110580544	-596.2986437848379	-607.0678078219071	-509.4122862979093	82.74490633190726	92.06551542929014	-571.8762009375973	6889.146237988851	-130.838393288597	-294.53355092547326	-1807.1873128444563	911.5385969021336	-906.4528422760251	-164.55550954170644	21.331351290627595	845.4632837788449	49.28943276175721	192.02288068062853	-529.1643063746005	504.76386099932824	191.93491972425886	-150.94095026903597	40.177352288383986	-71.80624735581284	-408.2962719642071	-455.68524994214704	-193.3479115608493	-294.955659448176	975.9952755816958	58.82060659053491	-893.7457143685848	185.98514513579835	24.234427865463644	-46.731723086160855	1235.2289606226486	108.57971435599575	-187.92352134666362	4482.866047493975	-22.560714637080707	286.43023605003236	-205.8322760247144	59.60536745120933	88.3804710859813	-175.20559455380183	-275.1492251640675	-24.501759039378328	-148.5122822767056	-1607.788767532163	-15.05256990162465	-6.752444640925432	-118.86242040938214	-341.5699066491754	-7.304325878393797	-108.35180294844122	12.76208136760033	-199.18547455123553	-2160.249487776494	1273.774928432591	-104.49448686084907	-42.067410077472914	1020.5193279638861	-147.75605469460504	-49.56559871747788	31.29039768691814	0.26903228157766534	-827.262513663427	-332.69328574181054	-14.537653910944982	494.38813391827375	-25.003849206199448	-370.230948058836	-44.284470323129426	350.10166810146075	-621.5155123219022	-105.88492993103	-558.9327145859415	-489.1019285411028	379.32250074359126	36.19222745130219	2244.9486830555725	70.22935072952009	181.69016250849427	-2745.5834012052783	148.9025899210759	-143.14559544090298	64.9158007328275	-275.11554437002223	-443.64215228437547	-38.614449577351564	-373.7141821325009	-121.94094997322327	-44.7800922044639	9.250944258567301	-603.7167007708949	-123.58753769025452	29.897418439358262	32.75134501044079	273.1027389012579	-137.12671743643045	-399.29478804639405	320.79801268221036	-407.5143512791474	-954.9015998532503	-73.66136350462307	-165.29192832459177	-152.8699192646111	-148.3349907153227	-95.20977241655237	-160.45113955445586	89.76758311609319	549.1402428653664
