	A091170	A091180	A099140	A102970	A132030	A133690	A139220	A139230	A139260	A139280	A139290	A143860	A147970	A148070	A157490	A182480	A185680	A195970	A195980	A200030	A203780	A218420	A227550	A228790	A228800	A232080	A245710	A251350	A256440	A261220	A266410	A273130	A276000	A276970	A276990	A278530	A280930	A283580	A294400	A304660	A304940	A305080	A305540	A305720	A308620	A309230	A329200	A329750	A332620	A352560	A357870	A360750	A371160	A371470	A379800	A379810	A385510	A385560	A390390	A394660	A394670	A396500	A396510	A399580	A402970	A409810	A411060	A414270	A414780	A418670	A419420	A419430	A426020	A426030	A430500	A434060	A437080	A438330	A441800	A446720	A446770	A448290	A448300	A449450	A452360	A453630	A453640	A453650	A453660	A453850	A453870	A455030	A455660	A455890	A456610	A456880	A458730	A458760	A459580	A461490	A463640	A463680	A463690	A464470	A464930	A468370	A468380	A473330	A474220	A476760	A477080	A498400
2021-09-06	0.0	0.0	0.0	0.0	0.0	0.0	0.0	0.0	0.0	0.0	0.0	0.0	0.0	0.0	0.0	0.0	0.0	0.0	0.0	0.0	0.0	0.0	0.0	0.0	0.0	0.0	0.0	0.0	0.0	0.0	0.0	0.0	0.0	0.0	0.0	0.0	0.0	0.0	0.0	0.0	0.0	0.0	0.0	0.0	0.0	0.0	0.0	0.0	0.0	0.0	0.0	0.0	0.0	0.0	0.0	0.0	0.0	0.0	0.0	0.0	0.0	0.0	0.0																																																	
2021-10-06	3.1993745710387884	-168.37203893952756	-87.09879459303556	-51.8779839038707	-41.714996565922775	-274.8260015934793	-9.244113132464008	-26.500799270263542	-264.941327882465	-95.72512604107033	-112.36620689749907	-648.3140345202628	-1.8614682220686518	-237.87179237756936	-234.39682620494932	-67.17626667766854	-142.72132468799828	-63.95665721831756	-67.81182627637645	-44.814485130875255	-124.64220377068341	81.73733643211199	-46.87030292019972	-30.80174022473966	9.95001418749598	-94.7278127722584	40.14497555293201	-44.83577322541896	36.42030212492682	118.00316780238063	-57.87517785720229	-123.31458695142646	4.8273231440634845	-24.07376964760988	-92.40518811337824	-85.50723351937086	-37.94795874643751	-10.08989890310113	-308.8626010099979	-26.897102425962657	-109.50092601952929	11.685845952330055	192.43590491858413	123.652209691787	8.45874141366221	-24.077264308220037	2.064230658294946	20.68499353975494	56.85750949884823	-80.96531557058915	2.414246297768841	-20.886781280931245	-62.89312372173117	-25.958368846901067	-19.071447813017585	-40.32500869706382	42.37439374251153	-475.08429469459224	-41.57982952041857	-34.987208268636095	-23.25888046235923	-60.343505275597636	-3.0757042407840345																																																	
2021-11-05	9.115847150786067	-207.05203405796055	-101.85304099417408	-71.80159958115473	-55.47440438603007	135.32777721085586	-20.111267845043585	-25.927115162676273	-364.20074405270134	-179.99879115316617	-146.72662265546387	-1166.1205179770986	-78.97238780635962	-458.86179383157287	-287.0086243034384	-46.36671234338428	-112.74530967058672	-59.43783854079811	-97.94228793115326	9.674888323286723	-171.89200054243702	177.7466390386744	-116.02910098408393	-50.70899348216608	-17.39012973330955	-107.10579422517912	171.6756737386204	18.609912470987183	108.02576076245168	242.6846697752062	-101.80783115214399	-294.6087232421414	44.948104414273985	-20.523196201826067	-5.530369840129424	-142.42329035323928	21.723369364550308	6.613517643583691	-513.4972794024434	-28.715469453622063	-35.5378658937625	10.173038558476037	350.431195249952	241.3135790442866	3.3215464991826593	12.224239235685673	9.163337824960763	31.918822856927363	171.72080998019374	-72.81418632404166	7.220064854496741	32.29845633696277	-78.75835408576131	-94.101233970674	30.360195382125312	20.608484769203642	80.15901687844053	-1065.8907542026427	31.492815021152637	62.62973286165652	96.42941985593461	-79.56965456358739	56.56323660904491	0.0	0.0																																															
2021-12-06	9.850050112821009	-323.64989307830183	-191.48577646577905	-91.20980506377055	-69.91109624660021	343.6562821248226	-37.6397002099593	-54.42945042106885	-355.3404510113396	-280.58452542381383	-242.69463392912076	-1658.591628347349	-157.9953015421779	-486.80512141760846	-323.1609405204981	-35.98144772655178	-469.63828039528016	-110.41262548711711	-152.33311090251482	8.834818676557916	-360.9131844619915	226.32847881437465	-189.49639596421912	-95.73293957476744	-84.18728376179206	-120.92578004306233	255.32859772636584	14.467006309016142	150.66433959390451	203.97453466435582	-173.7787148192274	-336.36744870682014	48.0254197767681	-28.595445092844784	-10.149987690041598	-184.41513515279985	-29.446316017756544	31.197429938876667	-663.4903158010638	10.1078460855897	-2.0307096741671558	18.621051236930725	501.87285732005694	309.04663196135516	4.539834960132794	-19.608930991202214	14.514662285960185	39.21875009323776	242.94604246487143	-74.43554376095926	14.944666891089582	55.06210411919528	-138.3612127627457	-149.5420876442713	51.775434313034566	50.99214920216946	99.14365639242715	-1215.406131334341	138.892717017241	101.3161018274568	161.35515531302553	-23.79783651148682	47.59158467580528	-73.52228715247657	-13.541632432601546																																															
2022-01-06	20.57999025404206	-332.7767805493422	-296.9153846645022	-99.85644215405318	-66.73457489702741	626.9535749055067	-48.05534581949996	-64.97540971583476	-284.99244014340366	-374.35616548642247	-255.8273003141985	-2118.1137280240873	-149.30732386574164	-630.5341709940403	-466.8222611005149	36.82495908082274	-769.4501716096092	-102.5283448883456	-194.6290514195971	86.43474711710223	-519.3456755497537	304.5646051255135	-226.84469259768684	-132.52144389706655	-130.8297602465309	-153.66941901262726	368.7972676922618	95.67581003986925	190.25112320081462	280.9748112439338	-235.33784883913358	-415.9658290987427	121.73203938856204	-8.526254385361426	34.53188464914638	-210.03819438512983	-55.77120095493228	57.578887141587984	-752.326052016906	-17.488679278221753	32.23561200599215	20.098208509027245	545.2670083240228	287.32746091142326	4.123950658064132	29.055187146219396	23.190556501038373	54.612319931608	273.6015981891396	-22.62285679143133	24.72766387693264	123.48716707351014	-226.50847311760663	-289.87023704607236	113.5980254464157	93.71312443909846	77.75837009800489	-1593.3230017905735	251.1072494014188	167.96879299932516	143.11297723973257	62.616842680614354	3.6752266369567224	-179.63623625698892	25.688772983005038	0.0	0.0																																													
2022-02-04	36.366626630297105	-508.4829577999917	-306.7165214656634	-126.04062127231464	-64.52963170570911	290.0199272183236	-78.45557929502866	-103.42669163155279	-410.97899544781103	-502.17425183728847	-366.2396572762518	-2802.0862959294827	-241.3310629567277	-851.4814657310199	-741.5705695753495	26.067913104567197	-1403.0503197904436	-141.25718820610746	-239.6078021098965	79.18226918294386	-790.5372157179991	467.4022223241891	-283.58019286395756	-176.25516625096498	-175.49772194086927	-317.8979421276599	446.91935196893246	90.68355021862953	231.89095836581146	491.53961165502733	-302.47033886216013	-550.3020966521726	243.4234751582917	-8.568790040866588	-91.42287974529245	-295.0457998976635	-190.84022742471097	32.479412011030945	-1060.4671681702675	-52.76352147356192	-80.32476018991656	11.724639496349482	339.28915013734877	48.99803586114285	-4.154938865234726	25.461053184219054	22.592821593049848	67.64262092933313	-17.214248003612738	-46.81318534420279	35.31241158170451	123.776676037789	-275.5244671326036	-463.472010593292	113.33619367626125	43.61798417304453	-65.58422978172166	-2145.135317405482	230.3233573603502	136.03478444212305	72.87520747210874	88.27615062420045	-54.39314958922296	-340.3649113157953	42.533045894311726	66.42992040074205	2.822501446633396		0.0																																											
2022-03-04	50.58468588138294	-700.0727416668342	-405.3171823218254	-128.75783747448895	4.635859293543035	-195.9987335282931	-82.41188060758031	-102.02519962866654	-559.2941511704121	-569.1785942119459	-482.96918265608474	-3294.0639316515735	-246.45348254269993	-1021.9224907255557	-966.1109229405974	-2.262481585254136	-1911.2936893935293	-225.47831334220245	-306.7994883937263	49.995778673513996	-1036.3240171180878	640.8401205660439	-278.7795834251074	-178.33424645732384	-182.98801460681716	-437.52156746048604	474.8273130813068	42.75124077897999	293.469070799214	910.0313701321465	-328.95788289338816	-664.865820563864	422.87121708519226	-23.692281985265254	-256.7546107676426	-359.00472402120613	-282.39389691622273	2.849795939971955	-1290.885429610993	-99.06429316748654	-226.98052090489	11.050175712847704	153.53195102082464	-168.8320220971691	-4.127484007369276	19.459494381142576	32.02465864740225	81.48397942736119	-445.67893848697713	-95.28758987366564	47.882638623741514	97.89393723436297	-376.5642404049895	-614.1327574113348	89.222419504129	-28.385450459574713	-104.63083415872825	-2696.203869414021	183.73681089454294	66.74665742197794	-21.96427156934078	90.60213023629149	-61.73517036890007	-411.69994627449705	40.109081760750996	146.90801987332816	51.65114059500593	0.0	-17.864863653529028	0.0																																										
2022-04-06	79.7258218654888	-827.6330903254493	-492.254646907837	-128.24545425344877	55.40025278724352	-154.0657727355865	-81.0611417628661	-107.09174009186972	-708.9246986150829	-601.5748645911826	-558.7980406563529	-3621.4303232127495	-155.3595431801441	-1424.548169403046	-1064.7272068304192	39.56627668914007	-2161.9304840937803	-263.27870568360413	-367.19627150857195	69.17301891314492	-1103.2641608052763	823.4293859875243	-259.1112366865982	-174.78246646137723	-152.41730758740778	-492.1660657705288	526.1039463245361	74.67330512954504	378.6395481588552	1206.8604112384855	-351.5004476535096	-943.1974893576116	634.6975387005605	-13.43260053080121	-381.3878325458536	-403.3849154233849	-326.9392558298823	-80.87189505860442	-1451.1401082055672	-195.89069272700362	-248.3262796552699	-35.19475190289813	113.23331352579044	-245.42884476701875	-46.30595730414643	56.68933290197674	48.523634259375285	95.19861122939255	-996.3444035716384	-65.54969695781983	61.78215103101684	130.0898350182033	-474.556394162214	-727.8413303076886	118.8563416836896	-22.53872072789818	-107.70282105322804	-3693.342916541922	156.02242229120566	47.45157673670292	-48.30574570713361	83.52563073696365	-117.85233240991329	-377.8040924217112	64.813513866613	147.52077937705508	96.98717614226553	19.470095668035356	-113.07645909215353	36.90663359019527	0.0	0.0																																								
2022-05-06	95.53855035382912	-892.4742291821822	-617.379796441779	-155.1703955402745	65.5863045715505	-705.4778122057905	-81.46511316834358	-105.5428253291966	-907.235840988491	-628.981463965436	-601.6096708827845	-3952.038201639334	-87.79197419507909	-1917.871854810408	-1305.3539735221257	-2.1402697766134224	-2646.2268691566023	-369.86337718496907	-491.64455175363037	60.65904277364098	-1251.040903120902	1019.8136656753322	-239.28255018108666	-178.60253552112772	-169.03779340322762	-592.7000030927775	455.8147644645542	27.96530727078425	510.3755041723307	1480.9196563743517	-370.20733997711613	-1268.5648149338522	718.5215921124254	-11.343693008190712	-603.7168444075651	-463.71205243092845	-455.3408312423435	-223.89234417043372	-1669.4625748203252	-356.3830005601558	-459.87655061161786	-55.52713580309137	71.95432284209164	-300.4720190050357	-65.23427590371102	42.16214385241619	72.67474996218061	138.75719306991414	-1796.051468281701	-108.09053425751699	78.57890661430429	107.04901747886834	-577.746589049555	-903.2298886037715	98.26256235159599	-104.70492454459782	-137.32561308156437	-4784.217786959489	73.71893601360898	-27.870509620555822	-162.68301798433458	38.624206385142315	-249.366023136492	-413.5661493118241	90.04076004431408	261.362489401974	149.64285795623982	-82.73195389989996	-272.3518627514768	11.124790866868352	-108.16944598910231	-123.26963989493197																																								
2022-06-03	105.27996810277182	-908.480096578256	-677.0194337095381	-184.00461610546063	63.01596078829607	-1347.0597570952377	-92.09128623771358	-106.23727798926711	-1109.894239232788	-655.0963560663131	-605.8102436711597	-4152.680427402833	-44.563092080417846	-2231.4138694241556	-1478.7354073275692	-79.60685508816096	-3160.420542257045	-420.7017200298087	-577.8953671833169	0.6455809360595595	-1407.2439789873279	1260.4180233120842	-202.50547621399528	-198.23787969349178	-184.07912387027864	-651.6256320720349	254.4389487415101	-31.124450110422913	529.0505852295355	1817.7743749277088	-400.5679164208268	-1462.1412368231395	829.9990692429019	-22.633483216093737	-774.7634977754424	-502.0341623941513	-552.2143620707593	-320.48114563772106	-1811.810858265475	-476.64196365831594	-646.4180565792449	-79.3580208075764	88.36195230445082	-316.59165971001494	-87.16409229428245	-4.152792009601399	92.06828698488698	157.73818930734524	-2370.2343811608007	-168.76222092321223	95.61320445263846	65.34300599367634	-632.3127145582148	-1050.9469397398043	61.88643685783791	-200.1076778143506	-130.89989456158946	-5408.613261180755	15.468582797169802	-91.0183643422497	-177.32013469108097	-7.283112262901341	-263.27259850635346	-412.5226143625878	112.74893185787005	361.8809460458451	161.99174345625215	-138.66780164374177	-332.62500995665505	-75.27015030056282	-178.16748921547696	-106.38051021785759	0.0	0.0	0.0																																					
2022-07-06	15.310996916208751	-1045.8820929407302	-606.3635578817484	-276.3500825658266	19.602837825528695	-2061.885708816495	-133.52400607477375	-124.78052259694732	-1577.273341525084	-690.682882385483	-714.1510372222092	-4351.879466560902	-280.17141651873317	-2436.8679301923257	-1747.3063139371625	-206.9106014813151	-3251.925533027719	-551.4508076306884	-688.6924927727287	-105.93600435980989	-1394.491420164104	1273.8558036576796	-234.3822620101073	-248.99536317507	-261.56682330798776	-842.3113313091617	43.14659936395765	-144.93348210925615	483.3178914936798	1940.8376268093798	-462.01246388968684	-1643.054528202585	689.461123505449	-61.143135614204766	-995.6459473974028	-648.8101624612391	-706.6163984708983	-269.6342185733065	-2346.617204498245	-573.3183796867652	-898.0582814991176	-52.588000312453005	-196.2578601301102	-576.720917712486	-59.96985836609201	-78.14501174472753	61.32384879154415	207.62358157831477	-2810.801449552615	-271.623133882169	114.73285586950806	-3.482665404550062	-607.3812073927647	-996.2873825191564	0.33389824999539996	-306.57300872586165	-223.27803755321293	-5872.043803577588	-150.4449904462981	-217.57820521198846	-180.0792636105307	-163.35205464506907	-176.0201217652484	-409.02541778358864	98.21170020474528	518.5713109577791	171.67824806499448	-116.66051858310311	-330.99472507678183	-144.30717072835978	-256.34092789102397	96.41039524427106	-42.762383041004796	-49.70094916571361	122.78273401444312	0.0																																				
2022-08-05	-48.78777657230785	-999.1630252966497	-646.6239880361536	-329.85697890548454	-21.95807047416747	-1898.3537448488205	-154.11939284983873	-122.85147938000318	-1770.834856701851	-689.7597958986225	-700.2030627346539	-4274.597633613994	-414.009012520597	-2399.010852117004	-1869.9863008761695	-251.4403599514826	-3125.395937750298	-596.6967045314395	-760.5616885449781	-41.487822488848906	-1302.8750169607374	1298.6963052971514	-226.22144999448847	-275.10139944091	-312.6037361983763	-878.3898725999643	-97.5005371420375	-116.97443591233969	499.5440676419257	1869.8615388580783	-497.2957689533396	-1673.8729692456982	611.1506503905439	-72.66829687232348	-1008.5948555757714	-701.7854215875268	-728.189934932001	-295.4045983882388	-2538.8391640846894	-620.516308815586	-933.0466104282932	-19.978537362247152	-226.82686709128393	-571.6022954854016	-27.139372398905834	-3.0110418067415594	35.558600629634384	245.5166742151141	-2719.129451724264	-301.4614109655595	134.22421256451344	24.791948981986934	-626.2548952446132	-1014.8387445364897	26.07108953678471	-282.6933653014403	-167.91444900506758	-6040.869172025763	-127.09308907211198	-206.19632747923242	-141.37616093645556	-249.712232046566	-127.2802116011735	-292.8807692872633	113.87367241904576	507.9455095953108	171.9545297994573	-48.78354316084551	-306.3749615283341	-151.594225984456	-163.18202580774596	192.51505353844004	-0.5396133663161891	18.566008858395435	281.77810853379196	43.983692719077226																																				
2022-09-06	-118.00967157251307	-948.0732599569928	-661.9437018435801	-387.01722621221234	-90.84320350119197	-1918.9146169509768	-153.55947786547995	-107.72532079670691	-2008.8095709223962	-719.288739335525	-690.4978151398318	-4370.471092161984	-436.4823161724162	-2685.4842695623956	-2021.320301329004	-326.0771655928311	-2937.211892882093	-683.7853922387912	-826.312834695238	39.15329886006293	-1193.2446463423767	1438.8728241878125	-216.41759911588906	-302.0990796615315	-341.943742083713	-960.5712309258579	-97.58871105071375	-108.79939110877604	586.0476994522251	1777.0606121080145	-532.1365256621084	-1875.299118352079	576.706647318073	-106.37088253121692	-1077.2819897424197	-767.7907297122056	-780.778426079878	-314.34898319557396	-2777.696439941159	-709.929202944797	-1051.6502067149995	19.47142183244796	-286.9904888694509	-571.079566092525	9.239070767951489	28.79202049583546	11.761660633253086	317.4892103076945	-2863.7527995808778	-366.47120787439417	157.80036196123547	47.65298688914845	-643.3960168304875	-1033.898097947349	46.646820949225	-286.36267403857346	-98.6663245784639	-6652.995685342699	-180.40399126621742	-205.20912663142371	-99.270500416098	-349.47638656691106	-91.11559523741198	-173.063530271962	140.49668002154613	563.2130698915498	174.05114278339897	-32.769730019648705	-329.4498055178665	-146.2480655852778	-61.596349356490464	183.40937737229797	31.815317913113176	49.50678379571036	375.0765036305529	69.56341723882906	0.0	0.0																																		
2022-10-06	-191.5613683843585	-1071.4295115289315	-706.668944444009	-476.225164335131	-146.551055617545	-2068.2886084230413	-172.87202037794896	-123.17402054964077	-2288.977959697695	-769.7902678598912	-781.5157952388599	-4623.741768929347	-578.4798428809336	-3104.084107094881	-2245.340298538542	-473.50810575824835	-2749.6389146869988	-780.547522600391	-923.1466907653721	56.199616583824536	-1046.2196617479021	1525.7880328060346	-258.5266495603655	-337.63791464610813	-386.5466277210171	-1106.245300845363	-295.29628039829913	-121.5404359166605	668.688404600156	1643.6062488037496	-574.6599299577638	-2176.3927164205816	502.99903988080587	-159.00046971448955	-1139.7663736110826	-872.4778585379463	-853.9762383228754	-339.9986053297289	-3159.944568610772	-815.2579833019008	-1203.871941808753	46.37703146804415	-494.63522435386403	-682.5077914191606	37.66594251057904	32.92391046353441	-27.093830641473687	396.44385649587457	-3126.258829448285	-504.8176593540884	183.0596393153828	47.44525091680771	-690.8157270887023	-1071.096284170335	46.67374256808398	-307.90443596803925	-115.54742953217465	-7431.418673749489	-236.28676353021729	-228.20797232187215	-74.625840022989	-450.16044367158065	-98.29216951743183	-124.6868511648081	157.2044305274485	655.1868145225853	198.83038990091518	-54.25339919134967	-375.42809427825887	-136.4519126584637	5.634340042561234	121.92363470718556	41.321140608835776	47.6057381707833	367.38001949797035	75.01083201590882	-242.03487357360427	-58.3991686602385	0.0																																	
2022-11-04	-231.84911064929383	-1179.130180492455	-868.4505730450328	-534.4887791001865	-226.85936246786878	-2395.9714118572447	-166.536337641925	-137.98637171735936	-2324.1120704789137	-784.6926790872985	-870.6043832316209	-4704.48043523878	-598.8369099389129	-3430.942377280706	-2390.302151493521	-591.2209321130449	-2568.2033388231794	-841.866955425121	-1017.4189729205191	198.11472331708137	-833.3657156413974	1737.106188229618	-246.70128681755614	-371.02100177181865	-436.30529693841345	-1204.2585771865706	-655.0250835225779	-112.74393804257124	695.6977046392367	1590.0493866997022	-604.7667727177277	-2465.60815069369	481.98745217249234	-178.63234596105667	-1180.0655272891981	-908.2673140318966	-873.7336347991532	-422.7004155544819	-3290.966568654905	-939.0031602243362	-1367.8654099151754	53.317467683385985	-394.4120900381422	-435.79043023601844	42.931103417486156	9.008995003929158	-99.57484285149621	459.92544621719753	-3564.112570832687	-622.7073264386345	210.7862995665855	57.31052001125681	-773.7998446669344	-1051.447008103838	56.22672539152518	-357.8845321033659	-73.71819846821927	-8174.64510291956	-320.4876321626998	-260.05485124440565	-61.33360563125825	-515.4937400114331	-109.64692011976513	-111.60638509102864	209.12178407857573	763.6008318014865	194.2013006259349	-112.72009115997935	-367.6871732600266	-193.74214779346585	0.45832951109878195	46.3663395359963	46.45902158112585	11.589637876308188	317.8599331748992	78.26769007053736	-561.3547430439503	-149.35772808949696	23.389640718799455																																	
2022-12-06	-213.942986923641	-1257.2257409523045	-859.5760855240151	-526.1334661958008	-217.40229117005038	-2641.6741559620277	-156.51014192360572	-138.29241504398033	-2290.4984972535603	-764.9688131742896	-916.07025398523	-4702.455085025002	-593.8987446874271	-3249.0887508579763	-2419.564377919578	-618.3337101477737	-2511.885636314535	-780.7412364623597	-1007.1215576012492	294.8780859178187	-699.0984221804574	1764.7828765608829	-229.27901734753868	-363.29114415250933	-430.17815012686515	-1233.6127063309123	-916.5774486252812	-97.92258757716627	669.0675591703257	1391.3237889938155	-571.0416224886903	-2448.0929533084272	559.8514719716877	-148.0470088006232	-1159.0032792205184	-898.6730743207936	-854.418048711972	-475.07934840480993	-3258.7460243194364	-962.7682398813104	-1396.0749243250411	10.440096842832645	-347.02660586516504	-286.3821366817465	4.168788734188638	14.439246617406752	-133.6204463663512	435.8201700909285	-3695.8492259242194	-660.512996910551	242.50701951982774	49.32418036870695	-754.9973516002474	-1060.7906725229932	49.94056640130657	-393.93576530188693	-30.21374192173971	-8090.92395265284	-314.8539252669052	-281.65898195238697	-116.88980403755158	-535.8002732021896	-190.67660018180868	-83.20768905390833	238.39954164619303	757.6908600907664	184.96082416841455	-168.51606839878514	-416.85187667504215	-297.7210363120139	-28.083619677046954	-71.99419005436903	26.06072867154944	-28.052393933034182	514.4966574318096	90.54051708421684	-526.9239404370892	-148.9881153787428	56.6453065072501	0.0	0.0	0.0	0.0																													
2023-01-06	-178.61463995729537	-1333.5086295868168	-790.4872856507864	-512.6031357831334	-178.72829257975172	-3419.235672057621	-159.87107713093974	-149.85701791459314	-2350.890205541942	-752.4265131725679	-952.7583123980603	-4715.767856376446	-669.0801750603096	-3081.4128277502605	-2428.388333933728	-666.7363154801806	-2516.309618660398	-737.085152630907	-989.5440929037923	273.80101394360827	-679.3338967556592	1710.239627527968	-250.7789124720848	-345.189004506266	-406.0618664351741	-1293.0148016678068	-1136.9934455301227	-187.47164118804722	570.0095271538758	1163.5881014742044	-532.2324708075994	-2300.5621030309703	573.7418900098764	-135.48205469728418	-1207.4749898487735	-907.9631524030337	-881.4123635684427	-514.0179808327393	-3291.9760257346643	-986.8526429086269	-1507.1184795013578	-52.75875050417744	-519.6370020282302	-421.8408297964015	-62.648163042182205	-69.60695417919487	-147.57074752830113	387.82496160964183	-4080.008729652909	-707.4045512171451	278.4495153403768	-35.69543476639592	-708.841758315586	-1026.4131383260265	-25.001016137526676	-507.87224404508015	-118.09552511032598	-7961.547905931213	-382.1544819214887	-399.0234922333166	-285.8603784412935	-561.0362832729152	-273.2173950073375	-133.6058403497882	218.48966371310416	838.1360179399653	180.70748028580965	-293.2283992617977	-470.13150996222066	-464.4123708915795	-226.01859231967865	-185.8045915924322	-57.870362461435434	-145.86034143174948	641.152209200809	63.25763295776596	-535.6177459097235	-40.531681485736044	66.89633750951361	-35.77833741703216	-78.41755933121385	-38.638389038875175	-68.28612536899891	0.0																												
2023-02-06	-130.42160070551745	-1286.691362125348	-714.728486590011	-459.48298598100337	-118.33939129992905	-3395.024921385455	-143.3918064926611	-139.19030609647052	-2155.8525686832	-724.6835726730442	-901.9986034352951	-4602.714418180665	-668.9390418615367	-2669.754422254511	-2319.3565057559063	-612.5680691371163	-2378.5178453572335	-641.0540838269862	-930.9671875483564	277.8070899001541	-654.6295811220843	1639.117137033134	-225.68069008698058	-312.2988138173696	-365.2390977834175	-1246.7749103864608	-1271.0628399855705	-178.39956642179823	523.3682112725292	969.8873371072641	-483.73925848189083	-1937.7908864125784	633.287260049372	-115.61008380043404	-1092.4199852493894	-842.7356516198633	-786.7145076437682	-505.96618026521355	-3054.3586645907126	-962.5412391841692	-1419.3487761753931	-110.71448338002301	-407.593221636198	-253.44352529510434	-121.28674930052512	5.153398836355336	-147.19152783014124	329.84825003191327	-4144.3698507386725	-657.8400771998604	314.94101381669316	-54.053660557141484	-663.9282539060632	-975.6057098736601	-40.46828761717552	-503.7764274980418	-97.97726061576577	-7367.9624613814885	-309.2714304576821	-376.22708591714945	-306.72013113934736	-522.4349333188075	-326.22610714732946	-147.58642858580788	196.60778590942755	747.6732509862486	178.6152801652861	-286.23432008026066	-485.78569913057254	-529.8138403409594	-259.8511134587716	-220.78751669264966	-75.23750090409158	-154.95054670526588	923.3780597303557	72.49226184654799	-339.37476030748803	222.61937271080387	107.71390673204951	-68.68758789206368	11.615225048681168	-14.502204936519774	-15.690713683574359	86.85652663652218																												
2023-03-06	-125.92032916336939	-1160.1477122026517	-658.2546612677688	-415.7484656568695	-103.78605337249792	-3202.3002379895916	-126.48119258779434	-129.72641207441302	-1928.634891228954	-728.4658046391487	-825.9583709181061	-4552.6152927639705	-642.2762225978913	-2621.5393107836135	-2234.147540230615	-602.5663042946053	-2298.8628925818375	-584.9783438580871	-911.8894842710815	371.8928680843055	-626.1538450825465	1604.3778016694778	-203.92136062905684	-288.06727616430953	-339.21656049243575	-1111.8491866741751	-1397.7508077696257	-134.86534214222775	481.54480067412624	848.9005119744561	-446.92686490419874	-1764.879692436938	633.7947393749018	-96.62299222211277	-950.1505052306165	-789.8837983119356	-736.0814240676682	-475.64680362948457	-2863.014347493845	-976.4020506306515	-1367.0085656813862	-141.780906318063	5.965089296481892	142.02967729531883	-153.684791425434	82.66227110481486	-152.13783307069116	323.5073219134483	-4211.737993646209	-666.2753117451502	351.0861005031111	-45.47761788033495	-638.7234513903213	-934.2740045144137	-31.248710261977976	-474.52918291444803	22.780633464892162	-7241.68233586663	-219.5684616020244	-327.73961351387334	-348.70239546001903	-489.6206241447553	-359.9965650564518	-150.6902118027756	192.05736635450376	690.229307989026	183.45550013839602	-288.2187969801962	-491.7028934192458	-535.5630444417911	-286.78397833368035	-296.6599918454249	-75.35384824556058	-144.4942493343624	1008.6253332736087	88.17748178103648	-382.0974765890569	404.7994514447928	146.74166543111005	-79.36611707708471	104.78755404053481	-14.596294445545936	7.268482024497644	154.3217639397335																												
2023-04-06	-146.8298843229304	-1054.473556961717	-606.3394560061079	-405.64483146356906	-10.483384590359492	-2568.1544726121647	-93.8048788341207	-119.47720337065994	-1720.236604687234	-718.0523450890305	-756.2861895758979	-4365.806363333228	-573.3183945328674	-2247.9814731699153	-2181.4871306293426	-629.7004074616852	-2358.119446219578	-508.50234392571656	-887.2518224250543	389.68218305398113	-576.3648608711446	1569.5917196294067	-180.25121372493322	-278.0925023315999	-325.01215529198544	-898.0848142381092	-1391.326932925167	-60.43642419336538	488.90364375993886	768.0475641432204	-427.0153362839055	-1424.3747598062182	598.9551721639473	-89.83013650274279	-811.689891336122	-733.1623978067091	-762.1063592962073	-441.70421008023186	-2653.3261749511075	-934.749814946159	-1229.9757586362211	-115.2635054358143	766.482424362086	742.5228348354249	-131.40966315370315	178.75902538517767	-165.6964970493732	327.6540039223728	-3905.0905346877844	-697.9458622998409	388.3382086306665	-6.624356038211772	-602.2727156653546	-922.5518437369528	5.01282327791705	-380.0920777003066	207.6147741105542	-6681.837003077017	-89.7982780499733	-308.2846434197618	-405.86557487169193	-419.7865481817862	-418.15671947128067	-154.5508079676365	177.57061476093259	573.9003502072283	276.1241254122906	-303.4306429716162	-400.6421226699367	-535.1587508954744	-355.09276094002234	-383.69089853721925	-22.38642147736755	-63.767314277980404	1303.518036408248	120.54679553979986	-203.93652347264288	662.2920274099451	160.19472005174612	-95.41916623429825	251.83539429115808	1.1706393642507464	81.10818499923698	270.5306019934196	0.0	0.0	0.0	0.0	0.0	0.0		0.0																				
2023-05-04	-154.13808865292958	-901.6727413065128	-581.012066990419	-388.1537558699356	66.74836699296429	-1929.470679956692	-57.84032301884645	-96.55102424479992	-1566.7403648336585	-700.605414165715	-656.9763425106994	-4124.922605357999	-386.11145455966835	-1907.6324792776722	-2122.5603891491937	-644.4948616629008	-2215.1487672165204	-433.4856491170358	-867.1695309870192	430.0527481159734	-474.87541666250036	1478.6195615326433	-153.40069123825106	-274.78858524344423	-326.3850990669125	-711.798317220675	-1401.3814320157035	39.08111258859208	526.0122832052857	571.1254231920775	-420.581773202005	-1126.4018575889495	523.5826930646617	-66.82189376089718	-685.9577682629897	-664.2151706171499	-787.8529728428111	-415.1879724389055	-2401.0626542658865	-900.3098329445547	-1102.5927754910335	-82.45581205799863	1364.81126801324	1176.9659337842131	-105.21522180548527	291.569499435187	-174.47845513623588	339.47176811502686	-3567.1927824260056	-717.7324073756627	424.19460238974716	42.86715628743514	-603.351206488579	-891.8981426214095	50.53493683479064	-284.0132207705192	364.200504719076	-6211.972932292803	-12.066073183237677	-308.3908238278709	-466.5532033077179	-365.6419373764529	-485.4734119942332	-182.04047061138226	154.6852944943348	472.25953114383265	364.23499542078025	-336.7919039605149	-348.6403948213019	-575.1700797413596	-466.53266809322486	-461.25554136538267	28.496987360796993	5.308095198643059	1545.8388170756662	155.79203749583212	-80.72148992786242	884.1661084739317	175.22176083102477	-115.39007590824804	347.95325395526197	17.059351276046073	143.38048898180023	421.3859292594316	-19.657438120830193	25.27755869944849	18.254312865494285	21.034655623268918	4.506185795726196	-11.676542174753195	0.0	10.358501067414181	0.0			0.0																
2023-06-05	-148.20149167282943	-736.9937346540028	-618.6730717363862	-344.61131717918397	88.6296771275338	-884.5469189086143	-22.53882754844699	-52.931595470543925	-1195.102711582589	-679.723653785928	-568.6413825428444	-3813.2263021043254	-225.56828638341904	-1742.658862123164	-2063.335206780557	-652.9642999359185	-2020.6726138365702	-383.482800184649	-842.3702820328162	427.95633672540134	-451.6220999731777	1346.6045869638	-131.48903257907477	-267.4533414683201	-332.27950249892183	-535.7851114821242	-1368.812152573355	119.50053882694192	515.2254122367867	414.8320064006457	-437.12410599667965	-963.1525386023422	402.4882682767475	-60.47315530084961	-538.9922807704679	-559.2139270611424	-772.0988011497448	-469.69785076333574	-2017.5219374966473	-889.9913950515511	-863.3909257724881	-90.77925700555716	1862.0440763646948	1610.7252142414582	-114.91736889741514	407.4937261510495	-160.7388453408712	334.0270405095489	-3570.0875605768524	-730.7566407148679	459.6490860221311	99.68742841843414	-611.8372863289087	-921.6240463364429	103.3444558990177	-127.06330820593394	493.01403582648345	-6069.326684321786	194.44225793155783	-255.5367656821727	-485.3845135081465	-245.724772496882	-587.644572860172	-200.86241558029724	117.80502175024412	304.81158882875206	383.0483445320915	-331.34195926688335	-349.8254480572905	-529.5698990216406	-497.6588526375981	-532.2986045239995	149.52514990591771	185.54303218819405	1656.9225814219099	180.54951762936798	-73.26599468923814	1031.3304335899447	189.03337344459032	-144.7218618042425	607.9520885578786	53.011436189819506	275.3680150388918	531.8752155074835	-40.94450567435706	-9.298677264341677	-12.301832783266946	23.14394040334264	43.57139375002589	-44.730222961903564	7.624909004536676	8.484303954170173	-0.9299722356408893	0.0	0.0	-9.626988907708437																
2023-07-06	-157.71543620212742	-550.5967493301032	-625.21171344088	-327.6956710798486	82.92772262740073	227.97620205620478	-7.698657391532834	11.711194889873696	-885.4297513778256	-701.9160733078679	-481.1858314745132	-3699.117797045892	-21.65389968994714	-1652.9876429923315	-2047.4776985628068	-612.2128778521619	-1918.5844690776794	-323.7603972763136	-800.3388239732922	543.9975707614649	-456.5776264134656	1249.6422456741548	-95.85674076111991	-258.30029506928076	-333.84762883997473	-361.0952429346762	-1292.7751856435752	232.4201038174724	495.4585798308399	279.79324462800287	-483.1119387722583	-833.2871326795721	336.80188742434984	-49.88741968696195	-375.238471772509	-478.1925110254251	-715.8952896510764	-517.2615425815602	-1719.6290160978388	-875.8008270470873	-602.6380281958664	-114.7876750483938	2343.9652547206497	1876.9988990573256	-141.65005413246217	549.847172083013	-157.268188962375	322.7880654718774	-3474.8827383268363	-693.6171726226221	495.2739712673574	185.05867464719267	-592.0884631742138	-965.9685663070095	181.41081233958903	40.152751679323046	646.0072158846615	-5930.001151338511	392.9569378123542	-143.2606846415183	-455.3613897742671	-114.49890333720577	-660.101227746698	-234.79883480283206	109.14237336906626	134.7013029178397	374.34726258925366	-275.9060943419081	-387.5904941658946	-484.3668589816534	-479.89634739363464	-590.5761375294096	279.3125326834088	369.1089856779672	1754.3437581942417	214.38286828988566	-89.03926901890372	1140.6063319092937	214.70618520593234	-147.16738307162268	833.04791552182	115.05937265596003	420.44691387738203	695.5733770598017	-32.831274602318445	-24.398240424257892	-21.051126490498064	58.116748668284345	160.8200555690164	-72.4283281660446	43.71858023850109	4.886724489906555	2.818985229786449	13.835147994759609	-4.777119197307911	-18.621649299830096	0.0	0.0	0.0	0.0												
2023-08-04	-139.14305202216747	-471.8460026774119	-558.253088523692	-301.27438880933187	82.63827387464698	1243.1366650260752	32.71489738089576	71.50356559080728	-713.0007870033442	-688.4140027103276	-457.88841263896575	-3464.4644402982995	135.45455234745532	-1638.3833587004337	-1953.0772040519023	-565.9207342817972	-1844.4831690879619	-264.5991705677061	-736.3479351920887	679.9345049799631	-455.0035829656081	1226.6387717728885	-64.5118426245408	-242.21453190544253	-349.4745891434568	-98.24977901130114	-1104.6540770723404	352.34013086607956	465.54566159432034	315.8299975938153	-498.51719763699293	-725.6218555052037	319.54316517089137	-30.805422301496037	-265.3735408667453	-397.55585049260117	-617.1229124940164	-503.0688633245172	-1427.3093034944395	-890.5719498089147	-364.5544396467958	-140.41336172657066	3050.9787558273492	2334.519407184376	-169.32629622765307	701.4569637695058	-162.1070641776564	313.3430687879718	-3564.0865416525194	-654.4605983301499	530.2037217088	274.27286178044596	-512.3994388033025	-981.326446206659	261.82064900372643	192.7599098099945	851.1283696428382	-5818.88273387037	571.1953006402673	-27.37643299004594	-446.90825368045444	13.118695955849034	-730.0724038340213	-286.84244735018547	121.24692291573774	-14.712694119929438	367.5575196668542	-191.088015073492	-428.127798414439	-427.8990100138435	-457.73791134151907	-623.6690762421258	405.69162576187955	533.8119828944382	1839.7953792321205	249.20199008456257	-135.12689030253387	1231.2202366619313	281.05601184641273	-128.20656166989102	987.1486299938115	179.01385332434984	548.4600933137172	717.5788728942516	-6.027725400705094	-29.63414124386327	-17.60486452368241	116.28914918310147	243.7210980932905	-127.09341975518146	74.28408462753032	4.771743120471001	6.462255826517321	38.24927905634104	6.423645375834894	-22.540597249637358	21.357272739100154	13.064264970740624	245.36710728821345	4.747695238374945	0.0	0.0	0.0									
2023-09-06	-118.69124724844914	-413.752906297781	-532.6224684579574	-273.54497416581216	74.5065508231819	2171.0515525758237	49.62303633114698	101.09560010908945	-616.5941635414238	-670.5416120991576	-425.5932034132238	-3280.6655160768496	235.90204107483441	-1594.791419041183	-1863.2653988662587	-548.2275278934248	-1769.0248126405168	-241.8097425711112	-714.8626672899918	777.7009371908753	-400.6377576777413	1261.17395465964	-51.16534960061017	-199.19870892120798	-335.06003589626107	54.6420714490323	-913.2929615310604	457.462922023391	448.25083519812506	415.72755876515475	-480.28417299400553	-607.942797762531	285.12561530681523	-32.16927539790231	-210.76904769165776	-340.62113370288716	-574.8380311572655	-525.4499993897334	-1220.3692200293735	-905.8402608802007	-179.2857874963447	-145.28795908732718	3324.8723685277	2389.8379921318665	-183.12438867672608	805.7335789170647	-164.8173074395063	324.4125447536662	-3566.328215435933	-641.5875207550216	564.5479721824158	357.44613166871204	-467.41509952236265	-1000.6284987035806	336.9906544963578	332.05184400676626	909.6332402987155	-5674.007035042567	723.901213829793	18.012918072841785	-476.7789678584377	104.73013896877364	-823.5548030238406	-370.3926946875399	139.2852612130464	-128.68952861019352	374.1300713446599	-169.45851540492913	-476.51947739075786	-346.09393218044534	-483.6503195046498	-699.956613412196	535.3074668946556	675.1104139617728	1918.4915041120548	278.3075594696875	-182.7196757731581	1316.9403344701132	333.6344937291551	-102.89966982318583	1121.4778922964979	220.9381703346371	640.1763320788887	713.122551966766	7.6047969155060855	-49.60682477976479	-0.8218852539066575	162.49046198169526	323.96727420769093	-182.5668863300416	106.94078899989836	22.974546525178084	13.326938467943364	70.96435406301316	116.23753728727752	-5.340659578290797	47.75022466999326	30.005059611282377	681.4896351071075	14.143438525237798	-26.46062139451351	15.93346641242897	4.856899271899238	0.0	0.0							
2023-10-06	-95.62053618165737	-366.495104409958	-564.0708409257932	-266.200264459002	12.572494872727475	2630.3071510691952	41.83865917171852	90.0165845151555	-681.0071577804847	-660.7687539477174	-401.8285805062642	-3176.2191396487906	263.37902759290955	-1748.5565985872672	-1849.5054069308608	-598.7911314913836	-1850.5573642921227	-266.29096785951515	-728.0218566195981	733.1198730496035	-400.08220952128613	1244.1681919290422	-79.22033908433605	-181.85995157718662	-352.4932516204676	46.141160995213795	-882.8220767438179	469.00306246050604	401.53658893991087	487.0753658213598	-480.2645705104733	-638.9111187004455	197.47485879988744	-62.31047473018043	-280.3887063970251	-339.2996900100552	-617.182899967791	-556.8152915537867	-1219.264610009901	-963.3084451575196	-111.36635184053011	-154.44228770704285	3034.26852378112	1993.4081497845	-206.233251574331	790.9866676171296	-173.83928210668546	347.9526363940113	-3809.5227584209497	-700.5961141680127	598.8420366277642	375.84454862151324	-463.69098389485043	-983.5337097349629	353.33381310367076	400.17497275121605	803.1542614137543	-5889.2626130274	774.3979818095959	-1.680595992876988	-568.8080407937741	145.18002905729372	-910.6492154613652	-502.8527832510663	121.50956286940345	-172.39085522411733	352.23089859937863	-201.73716948464062	-526.195892139448	-313.75545787147166	-592.8289349153547	-789.6655990570434	584.7055315811976	728.8158106846677	1882.4043601574376	268.54034708251857	-391.2294926169998	1348.2007610629662	364.7279745610522	-109.75198449903473	1137.5662453830264	203.58943337242454	651.2184550824477	614.1212684436705	-25.48075614147092	-91.81930572931196	2.7398620733074495	172.7950269594112	341.59186851133563	-277.03313460032405	146.48944134174235	56.240811844900236	1.1786838668840574	110.45857015305955	284.5728316548848	26.90533903735377	37.20437885692081	21.90595934261364	1274.75121904572	4.053320952694776	-87.89676694539412	-5.81836086984913	7.494277294539643	-249.98149905441096	-38.19565580700146							
2023-11-06	-81.99717745203907	-414.4250971890724	-585.5106271470904	-235.31644942649746	40.0887008511836	2880.1448284585204	33.24534104160284	62.61003745157859	-627.0463598290298	-636.169005044494	-442.41804402700836	-3040.2908695146907	276.70256983306535	-1734.276074329886	-1794.7709296527537	-625.1155978826009	-1984.7284531770529	-270.0138792894759	-720.5144543967817	658.6901590203161	-467.4784885291847	1191.6313309464986	-114.60816581051404	-160.57163886791204	-368.61766688988337	50.380397839817306	-951.0966947299894	456.9821052356674	303.8766345086842	515.9167992616403	-468.94596397316036	-565.0537600357347	137.96858063876243	-89.46109012920988	-400.8770739889187	-323.56190140417493	-650.0488028468335	-612.2169988049645	-1160.0551566760114	-994.6749222416893	-41.669644679364865	-177.3692290045019	2726.5865993833468	1658.5305128023756	-235.6541904274709	728.1169236864553	-183.99372418398798	342.509435991622	-4060.537125801595	-721.4679546965417	630.8763549226933	372.89589051900293	-448.8032126975595	-924.3858568647711	350.07030530019983	437.9393421515488	696.3749039518771	-5800.798478170931	793.4532175743498	-70.32377749700572	-692.0256322942041	208.7721213781897	-1003.0361835747099	-630.8766539077169	87.26913270753539	-214.60554539617624	365.03441306790774	-265.7347265683911	-576.1915856068981	-297.4612378385955	-750.7070898117436	-875.2975360127775	596.6091781084906	758.4897234257023	1965.111529642556	252.6136994947483	-510.02495413881843	1398.029464500636	372.10578936942966	-130.9308208172406	1151.2429981885834	196.76364533501692	664.9173923024391	568.3717896992257	-52.35462518884742	-134.0399477664232	-26.370690640922476	171.76498998819625	321.0960877270609	-345.7547896690012	140.21137382651614	63.49452742673384	1.7437493918187101	153.34628324650112	328.5112519373506	34.11052383491369	11.298722260931754	-0.2574018945433636	1947.3324239929207	0.9279688077385799	-104.3608280604094	-20.463263332074348	3.1606770453054196	-513.4031276153983	-81.61568563902802	0.0	0.0					
2023-12-06	-55.93243595643162	-392.08637512101996	-671.632855217842	-190.00709095569255	83.05787099744884	3476.856594930461	44.01797699303506	66.4102394266065	-560.308116449869	-592.5621394337068	-423.51471317912547	-2833.859367199304	314.77531677640945	-1359.934650493189	-1666.8180321278833	-570.0059058186853	-1877.0780745871089	-232.16001462537315	-682.8189665685004	715.1759044573482	-475.8584911498692	1089.6598658629719	-114.05329043807524	-152.58656449597675	-378.5076456135571	58.023828755078284	-967.0002669294627	539.7435248795991	262.71141684774193	409.2355435515565	-460.8559416516191	-253.54369430763472	99.46330602907801	-95.76066523305144	-375.3286061166473	-279.7196421809258	-603.4149793533325	-681.3467133260056	-1002.4593974017698	-961.6478822985919	105.23005612365523	-173.82449245092357	2438.793511160984	1327.2708328564113	-233.94250244724753	780.5971375764129	-177.9899974135642	333.90562058222895	-3680.0814679987525	-650.8408539087941	662.1466059164959	428.7538952974355	-457.0232526945056	-883.8673450183032	400.21166753560647	527.1007753239282	623.5355336795274	-5130.379107931316	884.1417523813852	-92.2654605201842	-809.8821191743336	305.42008882718255	-1091.0520356435327	-693.5610867778842	91.52595945429312	-293.0018189636339	393.48940223264435	-320.96363972003564	-617.464699646318	-168.902926437102	-840.003813520585	-977.1852746327813	661.6060633740653	873.0174912155908	2195.9844018989243	278.1531100959073	-320.58829022456484	1571.781819865646	391.4092039114885	-117.06501463565291	1227.0826002028825	237.22458443799587	731.2925213143881	611.42113386448	-40.21935691175349	-146.4747160670977	-24.19913965296655	228.98337420539428	367.0804212260009	-350.2154308271083	184.94582156416982	67.22151651597778	22.68560594202063	201.47013147556572	353.10906457539386	37.09358399737357	22.88691327547167	-0.8891873983657206	2691.4434897400206	27.9877478315193	-102.73463494708813	33.32610293024118	23.55911775931054	-451.83074392232083	-100.6823959440735	8.685250182878008	16.04752125162122					
2024-01-05	-32.701327019473865	-316.1318624335945	-742.4016687010535	-154.9403363276342	118.3997093828566	4135.807885369388	40.87496303558237	66.77006577993598	-403.0860150019471	-484.73969873198985	-369.42653422159856	-2276.4562974442524	348.31057396098186	-893.0596150167112	-1520.6339668765504	-465.32621087916596	-1521.015452136071	-161.61415066854534	-622.9610968889228	822.2965011261549	-290.3307096090721	1019.5057964560892	-69.46412980023433	-138.66023925539503	-373.6290948881974	135.42972769393418	-915.1372384869501	659.2802005295416	247.88658479249352	311.45408276923627	-443.0431304732374	114.09495598671492	110.02706892364404	-84.57079126314056	-288.3351872652602	-195.75174237845204	-505.66000714731126	-745.683472185854	-695.0523917271712	-895.2242068891355	262.14705621765097	-153.1600426261066	2211.459723277949	1055.0446077366541	-215.22263625673622	894.4499884476536	-166.8362034304023	328.4823948564026	-3117.4857033179287	-544.3392708506417	693.047605238673	503.94046348092525	-473.1628438131247	-882.8064230657956	467.76098955926864	625.4646367029491	625.4618837970902	-4214.005354245237	1007.0347741129171	-79.10070876697137	-863.9577657214886	412.58374024998557	-1143.0149526547275	-699.5587430319692	134.71604996150927	-371.13600347538886	420.4739500874766	-354.23690885379983	-663.4000732790664	-46.54468598434687	-861.1679482937006	-1056.8621214347904	751.1717003025442	993.9390794377141	2414.3187211187615	322.05111867139203	-46.09408115915721	1782.482746380978	418.29632376487734	-66.8906250906548	1338.0686353568653	290.9272170294953	803.3459194556563	670.1345495917722	8.387586800521603	-134.57904925785624	29.60318269979507	318.2345052980636	420.3182201949385	-321.00225770170346	259.36154136643927	72.74859125477815	50.92125606339505	253.63239165929554	387.9200660252245	43.91927203226987	73.30096758346735	26.469944207479784	3494.382109994185	64.6030205234456	-78.62503059486517	86.07651934642308	76.72938015278669	-223.07192708124057	-110.5087695315051	27.527661641892337	41.29926604230968	0.0				
2024-02-06	59.777858802897754	-124.26292289780395	-828.1277565882119	-73.55041768174397	131.9018664923151	5254.889739722945	48.67710479845027	64.20060412098383	-373.6385953462632	-425.65867244448054	-204.0944576708007	-1924.9495594575092	321.49169930366406	-512.9651880610036	-1407.2137359206972	-413.08463242660764	-1224.3550514137896	-99.40291065769452	-584.0088632739189	987.3112598493135	-136.58123984797567	949.5888947402618	-66.06154928554588	-129.82139068443257	-356.1837245497727	93.50685880184756	-805.3943628550478	834.1516220880258	236.8047268477858	240.95017611077856	-445.26382874323554	416.7834272773034	40.08561143039333	-79.26759553417469	-194.4727778251381	-131.81622091893587	-440.2967190617528	-802.9607363777268	-461.1975063205464	-847.9308300741686	487.52201339095336	-126.1694547136849	1729.2801774462205	583.382168607568	-191.8399594793118	1015.7151566273933	-156.27829639015272	334.85753402753653	-2582.9357880817843	-495.25930634293036	722.1227120190888	632.3528398105736	-530.6212282122206	-964.4219562878598	584.6578026465249	792.7303166386446	571.0640040638664	-3522.3884092850058	1292.1182702453025	-83.53763270538911	-993.5774966769113	475.9381188229745	-1202.0045482817222	-750.6068559014157	182.81276981262454	-475.14379049452873	441.4081447549579	-423.3898673482727	-757.5926575133908	119.11795256046753	-938.3088446438323	-1157.8560464142802	920.5378029874882	1210.3155014979166	2576.1564797323663	379.98191746045995	191.49623806211457	1971.9879797042668	474.2970338829673	-13.478169378351595	1638.6867271465399	373.1238941370848	927.0534572466768	669.1756226463694	49.64920341262223	-93.95605611582687	107.05054264078171	426.38171290135324	477.3915569807632	-309.3278489441054	340.2024619350814	91.3864275602973	75.06068287507333	305.9936279262838	481.1302378068358	63.37397325488382	127.26594121372727	54.37490531588992	4321.833182045026	110.40408472927265	-84.4289245000582	213.85383816447393	204.09254634845092	-71.17805665076594	-50.56038241699571	50.60449784793673	75.14369503369926	5.582292859222434	0.0			
2024-03-06	170.76047981628471	156.89304497058401	-826.9646403270381	32.471544912593345	174.77797751857725	6325.333036221884	64.71881751847741	65.80539964954005	-245.31543447096556	-370.06323706917465	13.75852162884621	-1451.1465030157087	408.38944956904015	-212.16012794738344	-1340.2876138990396	-344.688435073911	-676.2023196540213	-11.76616585789634	-517.7296411790376	1223.9915882689165	18.928052438612212	914.2959591309027	-34.473979214570136	-126.82348861738683	-344.5507172227972	185.5736208784583	-632.3488650584986	1033.4958872095085	239.12872963281188	262.5462207472174	-452.2889820141381	658.7300977609411	-10.636988741003734	-75.33862804852743	-56.12431253304749	-51.61122240841178	-334.24640049326445	-773.5707784867882	-169.18964822795533	-806.7776845347671	698.2454581439451	-106.54492193660371	1472.6586128116105	315.06467056367546	-174.4728731099858	1160.583803588579	-136.2123334328221	342.1778104680343	-2220.75690294159	-425.17361905501457	749.0499963518814	773.3902471127058	-539.7637386986426	-969.9857545726645	712.5738371651496	952.6237171101184	577.9656027172787	-2986.782491842081	1701.189635806115	-44.0015173649208	-1033.1554951006365	627.0571672255337	-1182.3265920711283	-776.4084009275693	235.9024019765584	-567.9711114501333	489.5753642689251	-424.59247919867266	-753.4402446401355	259.01338368405777	-985.1347203322484	-1180.2523352243024	1127.8686350659464	1542.5012785042145	2740.6595925324073	448.89068288731323	335.66612434206763	2132.5733855338476	580.8222023654298	44.44445680860372	2056.1662179572922	462.77771487197606	1041.2910534947332	830.9212388433934	93.50753927630831	-48.388304289044754	194.61588018259317	552.065684574216	559.8548753666619	-303.1791323562429	419.6646519683127	111.42142416687784	95.47183604447127	357.65358049693896	581.4485223941374	84.83396788695609	184.07832852105275	81.657737523592	5148.320239456138	160.31685996282613	-70.32007171052646	338.7732025673886	309.7382714890209	29.98331744060124	64.43181133388862	72.68351684661502	108.74790850417776	9.86287370091486	19.733789826973407			
2024-04-05	249.21239075707308	264.59399106646015	-764.1892588478095	87.34658940540612	288.31707453558556	7208.012746030916	68.03377068277268	102.75036600643853	81.50581631454406	-319.25308081243384	101.71634513847312	-1001.8554983968243	571.6696144987654	26.902829951621243	-1291.5529841086027	-303.1762821801203	-448.1762944649345	69.77145477616796	-446.95785900201736	1494.1588631074083	99.07350175129613	1023.4751386319895	-21.27955240803567	-101.1852954524129	-328.34410215464504	276.69364631698227	-474.3809199760435	1245.1440385606147	222.30440404056753	398.4018912512238	-434.7581745554453	877.4353565221099	50.23382006331667	-51.60841215835171	58.569064121205884	60.47711327957768	-241.5346525256973	-718.4297350425077	237.56266339436843	-779.3245774764036	853.8243235515765	-83.34007961365205	1213.8319581549295	47.45428362242092	-156.1049850052459	1315.6541860274156	-110.63754048031296	358.83599901600246	-1866.1307109312766	-383.861157218209	774.9776492035016	916.5349522273245	-525.4145030554137	-984.957439800798	842.4353077939795	1084.8948252785958	786.5571564029087	-2498.963816518808	2046.4291165179184	10.649491064830727	-1039.2940215554063	891.247411986802	-1149.2925735612253	-781.2051120923607	304.88211612823034	-632.699467835213	645.1243132302716	-426.11939630034976	-772.3070428503243	346.9257255810462	-1012.0528124199463	-1149.618546393509	1335.8539847757947	1818.1188914466184	2880.5602850747673	521.078254497248	440.46454984677257	2287.2637122238957	639.971959308019	116.66767189627535	2439.0644194601573	545.7637008292095	1119.6790188033538	1043.1651468086457	144.67976567312326	8.436455288059733	255.9895529348887	688.1962711922588	620.0729320404771	-309.1127361874678	483.6217910678952	139.93628710066514	111.35566057313827	409.2269787288096	723.8303193563188	115.39769719833566	257.18164016038645	125.85543781627439	5981.363415162428	223.90120963260233	-8.744031965341492	435.3151462504593	440.5081841896081	74.49256871758553	200.0187764738348	96.73050308014354	145.9470818941627	15.31210083661972	65.49480571858658	0.0	0.0	
2024-05-03	322.4333344621318	432.33562736528984	-587.5592236205066	127.47419340327997	387.7351624963885	7720.222663186432	71.87654590084003	150.08750553461186	238.7829028817505	-262.9970650556643	221.8655486300977	-584.9707419769584	751.2355210391106	118.42180629020731	-1245.8185698043435	-297.0223701617306	-300.5934228983642	115.09119732812906	-381.2383393295004	1675.9283206638356	165.08410068731973	1072.1539416616924	4.320346473491554	-56.73901270955366	-309.5408754238879	336.9208023736046	-385.5033536162191	1392.895900618034	167.99580642956607	425.52886999883776	-381.2033979521884	996.597834222106	87.72815056538457	-40.922523559282126	117.33429913887085	124.28142248203403	-202.10747945898765	-642.248914746182	467.49582999276754	-774.5047399683226	917.7117759893044	-65.12610832688915	921.7527809434287	-190.9715515273856	-144.6378547505683	1397.5541619848445	-94.60281689771864	384.04036703078236	-1666.5578659521852	-381.36412654526066	798.2045657473354	1007.5025969859871	-455.53109499349375	-959.4104987525488	925.5819203585816	1161.0104325709872	1051.2829662485565	-2263.1387508889384	2243.3490279686557	44.337712178841684	-1030.5240961422533	1014.0816501412701	-1107.5126668055464	-788.8028136379426	348.16876292242887	-655.2593021638022	780.4977784487219	-410.3614519703915	-759.9391314581271	414.7807266138698	-1029.4550497005393	-1106.61023374846	1466.0228593722732	1960.8781987681705	2969.2787839384255	567.4898982876057	436.25852074271825	2381.3144862638583	677.9647839552854	165.45489425059532	2635.678773963762	581.8241386540885	1136.0803579389667	1255.235122844886	162.1600486344596	74.2317462560095	297.6968135347688	782.2939668393337	659.7357949996767	-333.6324043030754	552.4299497570282	176.37496354596624	119.95215500431914	457.23515763941396	897.9911592091812	153.76022551507776	303.8105665067578	154.58225291954477	6785.95642949827	266.6272698560224	82.97355165656882	485.17881633657817	523.2816591163773	23.698414060134382	324.5010610366917	119.85815613219711	184.90341341384192	8.734033134564925	105.8786085078018	-17.43345004654475	22.70404930402583	
2024-06-05	379.5013496877127	538.938098103863	-416.0125763965516	145.81855635357624	468.35200112861094	8565.99826868657	61.34184200906748	205.63319102911373	405.72126424911767	-210.11246068711807	314.59055918958984	-399.43066236125014	1006.086067588858	326.54100970871514	-1217.7059550421545	-264.4206209171607	-112.24953569244099	184.7264414750407	-318.69427454530523	1794.398415816595	287.2232847023952	1065.6593247448327	26.70257237241185	14.90938273521715	-301.14935444570847	321.0529133992568	-245.74354323565058	1569.8595644540583	82.50408701573178	361.3238435152434	-312.6468297949714	1175.1971412451385	113.89344698893728	-47.85635246932634	177.53482701787289	176.0243253933204	-150.4166356941405	-584.7498656252901	653.591109062123	-740.7262620570182	1049.1990497350162	-34.43420807979237	572.6839019798608	-481.94553867607465	-119.15197733331661	1479.1165303350426	-69.83064470900536	405.9936619779746	-1311.7863257167628	-349.64589529479235	820.9799684397221	1129.3722388492752	-400.8476487667067	-954.1874478127329	1037.0658561076561	1287.991673253704	1411.5214356182405	-1887.534706980412	2600.7375781570045	112.95206694451008	-1024.9697691795454	1142.0482025571673	-1051.2103962510855	-725.0638443522539	387.12479571654876	-701.402227904422	881.6384911582682	-367.80776941103977	-756.3303834347316	437.9576041744767	-972.3038008360691	-1063.1907545556996	1657.6790273841198	2192.8718264570107	3082.8669208790525	628.7125882721539	540.4012410493597	2496.087695810129	780.5363928452189	209.17601285560522	2989.789541365628	641.9497197601013	1200.5040425376192	1346.2642705502149	177.80952558191893	145.7549833690482	351.86525190211796	868.2559665186673	680.8221082413693	-330.6688470220024	597.2035151686432	210.54574307684015	132.398084952134	503.75804149801115	1059.0279127546746	187.88281923587965	344.298409726498	174.9468302119467	7583.475771622616	317.39334405134286	206.35317701866188	584.6754721900506	635.5984055341505	129.24917022307636	502.7564545613004	151.7641705811584	220.40087636063254	19.45710455592507	191.09337013615914	-5.142786862312278	65.2438359502703	
2024-07-05	468.4342092471861	680.6773958634221	-276.6386739295631	203.56777760654313	531.0773955570112	9904.289195730991	52.18315149541286	266.4560713746937	788.6020797351011	-171.62486723814982	431.159719505933	-57.19102029839269	1339.9845845372838	639.3054326436832	-1202.2983265661278	-217.68113974174594	59.14737634586709	235.93867524159214	-237.96146853044593	1876.0058413843035	418.7750664983396	1062.5572171126241	74.40234985947518	64.7163462586609	-304.5825415854697	337.3635627029307	-110.7915871029436	1770.2823982371847	23.862324437190182	453.6683196722024	-270.0627933846981	1417.3238556703145	118.4173949952492	-70.39983854506227	219.86985772543994	287.8262910283247	-119.79225847951966	-567.283912314253	1057.8884226050286	-705.2638840274103	1274.3703441497455	0.4229763728326361	269.7514807554944	-715.8537020116455	-89.01318407666804	1520.8720604399423	-50.793316562683685	428.04265466361903	-954.3609029207728	-309.57338536638235	841.8641200994534	1286.1393278139403	-374.2277432949886	-967.7330045947665	1178.980785303902	1488.5519653469237	1578.222904537006	-1327.2855428531184	3043.501023556142	153.29630454495964	-1052.0927240924539	1309.6862909045885	-1035.3884052501207	-727.0110325618325	419.28458598627003	-776.3441602087823	966.6471366346541	-288.744406800055	-774.7654199188319	515.0085005348501	-941.3903817060536	-1061.4908852240005	1881.0297221226465	2463.8357800908398	3086.3241845102602	700.6566967726212	632.7214177315473	2644.852088847896	928.320921559869	244.88756404760716	3457.853847732351	727.4702993910396	1332.6454058137879	1476.8994049486064	186.09461153249504	201.2629027482526	399.58470087148635	948.3183315898532	763.7531866410263	-324.3309464964159	712.990333717542	243.78079749319295	143.12385066159914	548.3202264389911	1217.8070557045066	222.97618789145417	378.3778670854481	185.7274601013305	8362.949053287972	376.11987563322873	270.1500225773889	760.1914464775236	758.9123384374416	231.02070553141675	720.9838449273448	182.23186240023279	256.0660383552531	37.15490978271373	330.887175068272	10.438353676241604	121.27495924712275	
2024-08-06	507.8007991866407	535.5888624291874	-257.27152777695665	219.50273609653414	602.722871213633	9842.066602286824	47.76537000980761	318.9346207474541	533.9207653060585	-125.11301043761705	345.71056552682603	241.0326518664915	1438.2828357545404	1077.7691799578606	-1215.0895493256685	-124.05342656248831	260.93134040397126	228.17237678484526	-214.89886245154776	1914.7095722264785	553.0513235290273	1007.0142574555412	63.834060092587606	77.70515580079291	-327.8418483039177	210.97902247350248	-72.61709414952566	1804.2264625567223	-16.981681491652125	397.751189215056	-240.15507249071106	1741.8785749838135	67.22559269485646	-62.05119052537884	148.50694898006623	251.94806730768323	-66.53951940649495	-557.1428657470788	919.643523898274	-623.8194639737048	1252.0380973495303	55.366736236908764	-243.70305346413443	-1119.199883515841	-37.67771351145893	1558.9040557698027	-26.125010429585473	438.7571702503192	-435.560230996678	-213.86101836111447	861.3232069152655	1321.442179789714	-382.1899875936879	-957.2059440968478	1212.2021800413586	1482.008483638041	1516.0971343781475	-503.9562712795596	2957.150884790288	70.19848305750384	-1110.8762563968548	1161.6420454840081	-996.634247807795	-718.2180536819496	464.1841953573403	-758.1236402515187	1071.785921755576	-310.4332271265448	-768.3844327654724	488.80576393705815	-938.0814472444081	-1059.9055869569875	1882.9581151348393	2429.482808600653	3191.050493007322	716.5560920965218	878.777937857245	2824.8688761724625	950.1261846032539	293.71339974583316	3380.339002406101	739.4839428420655	1295.365598690234	1614.6051143171808	216.72046633483114	255.76798708147362	451.74875888228416	992.4802905188244	743.1148178642288	-274.78591707825944	782.9908885102905	265.41330487483356	151.34101664786976	591.1155336084703	1323.6982842112993	244.52935637710289	425.07332259612303	212.73562610679437	9111.047316394397	415.5444329205184	356.5860606156202	739.9935105706882	799.18141905431	564.7989951227355	735.9260516104605	216.62103251126427	284.5328252289255	73.44704639238535	338.63952278985016	70.14923745343367	186.89847315383668	
2024-09-06	565.9909623177791	393.07172613279545	-228.15870614079904	277.82654112528326	690.8710007544178	9771.170267538459	43.83608588945572	340.9184372958439	324.60498783988805	-39.65339220086571	288.5269736468599	665.2082084316353	1529.878882965244	1379.294841765688	-1209.6304361336997	14.946216997215743	429.38532410434345	284.10604439449526	-161.15561007631004	1956.2601808826184	650.6496910087008	906.8860231760063	75.88164831375616	84.46526979930923	-329.16398119779706	84.90297745509815	15.40336655361898	1839.6778762701506	8.040303624306034	301.7901294467101	-222.34577909835662	1956.5451227968733	35.63387695964957	-33.143174334663854	89.08835452175481	219.67122212475806	-4.611800241838864	-576.1233940687962	799.4385528819112	-547.9688706103625	1280.8956446330012	74.52725368339452	-550.5973958666218	-1366.7952966524608	-18.812827329322317	1637.9347849600563	-2.848688328249409	418.13731166484285	-40.53421274673019	-85.00073520828118	879.9822440358548	1352.8753582972495	-379.8190152040188	-960.4063724120733	1240.137609726391	1470.9555479912487	1459.5006810050982	66.14803086129541	2873.1253520279042	-10.008227489193814	-1154.750134573127	977.9689268765524	-977.7908326261077	-703.5557245002101	500.34013842305467	-759.5116986595895	1130.6789422954716	-322.04475021819417	-789.3502668276633	504.99320200149305	-930.405811927666	-1046.4176553263078	1883.0513148085465	2372.5101490559664	3206.357896217116	732.6912575119422	1163.9656570972293	2925.255742193185	1001.4025042204194	334.2120138950686	3268.244069083288	780.7996250017659	1293.605424124029	1757.3776048359614	267.2072598162631	325.55929578015457	509.4664693158611	1068.9270453314675	746.1004747821335	-222.69615588050328	829.0087025425346	257.2500155041798	174.71641406821618	630.9005359576622	1282.7742908443906	237.79492262826534	462.3091872381556	238.02125073389288	9841.56919817056	445.5978109226271	448.2076845964184	729.3030249922795	824.8871460831633	762.3429954633903	771.1551514782659	223.3667131263628	297.9726457008237	100.10249338486301	352.3129613472447	105.86978335583262	261.0759688238322	
2024-10-04	594.9974461176107	309.9175404826419	131.30371808749987	316.3392717357092	820.3584007190075	9986.20569434129	29.922201041511016	381.4955002375027	180.0450127744407	38.958965520954735	269.3257097497317	1119.914217743244	1622.6184832933977	1649.5486683655909	-1161.4799131188092	137.4501309820862	530.8409527024342	331.131805665651	-46.984830920162494	2082.3036035391597	690.5122853342837	854.2661084551146	122.47901053763417	101.36742466377291	-325.15140166665196	62.84856313749151	129.36265535019265	1899.0181548538567	26.855251483419124	264.17747356185464	-199.90637945189974	2162.5345145833417	69.65317886811681	9.358171216106712	111.13778918347816	186.3388252812838	65.8545429083315	-382.26119677355746	676.1784379317614	-491.282586208652	1370.8202643061159	82.22231603481305	-636.7872410946984	-1426.1796832692853	-10.119293479892804	1707.1241978360667	4.2331435933419925	395.7073363467189	290.9637142396241	28.238703475952207	896.4339624826389	1405.2811803629738	-199.11473715895954	-841.0904628152393	1287.6453123652936	1502.747121116372	1528.7192818373805	636.5459496599215	2896.1840244020314	-33.80142585862268	-1085.6580281830757	854.1062223548579	-849.0245635862811	-669.5582375105523	537.1946981444307	-781.5044479392218	1219.883993751817	-205.37781189449925	-630.0487654015587	525.0220066746788	-899.1479196339023	-896.2711601873643	1919.3273119156875	2410.320105852108	3238.6479038889083	763.1010047414584	1399.1618072995334	3021.0022011380643	1021.7878230876431	374.3162173521414	3273.0210743338575	839.7687345705799	1333.5717239640126	1937.277963632925	319.5641545571325	365.1170110922794	525.2358990081902	1113.6396592187775	804.2639022305611	-186.4085566154372	875.6575741723755	245.82753003805738	197.49500403777165	665.5681984601324	1225.1625626127498	226.98719199694824	499.2018863619942	259.85452740702385	10520.702663119067	480.88288753264897	574.2536731587552	761.3590963346196	879.7099178789758	838.859572799789	865.8299599459988	229.49033305586272	311.0611245746495	118.9578022267915	399.90682267014563	117.10771091025708	338.280196373511	
2024-11-06	640.74949614659	202.4368204768325	388.5914182659981	361.3883500791644	946.4200943516626	10684.117115492772	7.123897098623274	419.5813131526784	-40.45888030579954	109.60070376067051	219.31549813318816	1481.1906851803287	1750.8506327066752	1780.098716057546	-1103.3603593816888	225.22865429360536	748.8694492506802	327.7069185480941	3.531257151738828	2280.5044687008085	820.534112648329	828.9479479436013	171.72420763549871	102.31291566153322	-317.9386842283093	26.893253188560266	211.51353493731585	2032.6784088412896	33.59285339062262	224.79984037289614	-184.28012908449546	2276.8273982781247	46.40400052189034	32.908292381921456	183.69062960922383	152.15239888487667	155.37396093556526	-220.27042579916997	553.2419013042891	-482.62528795993967	1462.965648949099	98.11862339688378	-854.1465892775668	-1591.4048875449698	3.705849902216869	1834.3738095084846	-5.6012251195652425	420.4344975600143	488.746983290519	107.93455849782367	911.5062273315125	1524.1989766434126	-78.24908210209014	-768.0465218698719	1395.3423849269348	1606.7039520243889	1500.1657028395748	978.4589551086974	3000.9394073494914	-18.235590669535668	-999.3104788338742	725.8306869208809	-728.0471596392272	-653.4637277764568	613.739592603326	-801.7855721934066	1392.523038913674	-82.56000250775833	-447.6077747512727	605.5905438849732	-858.6134762533975	-751.1643765744911	2028.0468469146035	2579.782272366605	3204.4209469825582	810.8369501358793	1375.5544040379464	3053.5972092248267	1051.1893399904056	449.3751411334051	3366.8250258243206	893.6471118379723	1378.110188636816	2167.1489791208824	366.0333176727254	422.1205641247834	549.151036575382	1240.0486446523719	923.0190724111962	-198.79457242748322	883.6069333499836	276.5787787343652	207.20700503221997	698.5708798934793	1381.3295542366832	259.2530423997159	574.5863117997378	311.5252275970215	11167.249818328186	536.5683306594692	676.8471215674854	850.1258454832714	1005.6983664136042	810.9278222797948	1008.373579882078	248.25056368639525	346.5502898031773	124.20630665283261	500.0633916688821	108.73194143304136	418.5109613998211	
2024-12-06	666.1537303669129	70.1845096118559	550.1011328664626	378.32621588512666	986.1575967942535	11852.23923870358	-21.67629650549725	453.28079642011744	-472.2104890689516	134.14841591557342	157.57789969369333	1469.3924242417925	1773.4806042933524	2122.3920401900104	-1004.8628401105452	291.98513117062066	929.8761175516738	325.3966225271597	20.77317048052646	2580.0319037059853	883.8764443414693	873.6072509059268	151.27898433534483	73.04624215294325	-313.9293518021623	-115.97593039739877	299.38421179061334	2261.9754395498276	13.818471182483336	165.04488427916476	-178.3101927216003	2549.2674636013835	11.36182846346128	64.76107706778839	308.8232933953768	76.93613883462785	289.7006083382239	-99.90149495710284	282.37280280556297	-453.38502853312275	1617.288086461118	139.8084509065302	-1271.641945390591	-1932.639398779589	40.180641178296355	2012.8724196769763	-25.31772552615257	458.5905437963029	1002.2825138569897	174.35643500748847	925.7131118212128	1706.6862291419438	8.055966714500755	-702.0531187201004	1561.177696066683	1782.0614551796189	1343.9429129914843	1784.7976088353898	3090.6523746795137	41.56735250732163	-914.3871726590969	503.08120347580007	-650.5375668405222	-672.1743533994604	707.4016678943299	-837.4225625197378	1482.0358564521903	107.88142190568033	-280.9623228969813	792.8709430489507	-794.6120096550885	-646.0797463191975	2294.003555812691	3036.2512623467337	3371.8557974315772	893.3921936317547	1441.8825381321803	3176.9979281623673	1044.979887764668	540.1300039157632	3391.4662461894804	976.7783546528663	1464.6439838984825	2159.3260546185174	417.0755733748392	497.3893067371064	558.8831354318809	1443.2929144359296	1172.6595308491778	-190.21178531499663	910.2381025838404	320.44971573305884	224.65154296722721	730.5570257584404	1599.0791201422326	305.5260748581495	666.9298915594518	375.33026640340813	11779.620435829042	605.2554636149871	793.6689106254325	986.1105337402296	1199.3182901085074	995.0662584436941	1158.1046658591258	284.956506790415	399.57596612377165	149.10443740682695	646.4430603247201	140.90882231416072	500.08121062870487	0.0
2025-01-06	639.450247343807	11.934112748345797	741.2464895189241	366.2436534282442	999.7055934966538	12988.828795869791	-48.6028305502432	516.7551792347294	-703.3468169785301	144.64066932989772	135.70463183997344	1581.1787878451069	1770.8518851410154	2246.1862511144427	-948.2493707287413	286.56088486223416	987.3448766161164	282.6127647738758	11.864454381809992	2721.893191773004	891.2966842185851	862.0250202396237	143.3074919981891	63.82221993895382	-313.6205112439011	-199.51321010719403	434.8123858224026	2436.9159397062867	-14.226307555936728	191.89235442475183	-180.593892767738	2698.521019785985	-95.01315977924969	54.066287326148085	440.23566185142045	26.613033422025183	310.3300973965306	-10.74156288663653	95.37594885637372	-472.2764579047671	1701.9561384311346	185.82654060152709	-1664.6607233187206	-2245.4415235654196	81.05965591725908	2113.9368557545968	-35.7275306258216	524.9106550845154	1255.9045159962407	156.80601007188488	937.330572664694	1855.9845449837267	93.38741766315161	-661.5563238189279	1695.9457235235914	1953.2675296982306	1248.034988565003	2204.6010937056562	3215.636850058705	118.3756447901651	-858.192195890595	405.47385297144865	-609.8600714363156	-680.6434255450858	760.7811761521134	-850.8600538073151	1618.1324026314924	333.809096141842	-166.36315616730099	917.0738443637583	-710.3164305652408	-572.3701819220523	2516.578094358012	3405.576837213135	3363.487222367723	951.9089586757509	1324.7794548026723	3241.4467129784025	1011.9147916381662	594.5669931081175	3484.6065429776245	1005.1895247165776	1510.1876916910078	2279.5744089788677	409.0796252938053	542.8419845784665	544.6215769830178	1583.467914498875	1401.7402757368563	-223.80410652651608	918.9512846146754	388.99372718483573	229.29386461710237	759.4787335256988	1940.3541572234317	376.707073165795	719.8047763924933	420.26768581704437	12336.056702402188	663.128320621392	863.3300041203311	1108.1129890041157	1360.0082391029591	990.5590595835165	1300.5196014241774	325.5958960596399	462.42960360164943	164.425041765704	834.4228604382188	138.3493721024497	580.2789666726894	3.5422966254382118
2025-02-06	644.8312287594999	-33.38190987009148	953.1120359918405	379.398816863074	1094.814400474108	13721.202153001548	-51.92729136780417	617.2262602892697	-878.1718396268298	178.70738080302908	126.81743953867044	1808.6991352518016	1937.5215932027459	2424.674898233221	-835.2658495215519	291.37051711048844	1023.5072257409192	287.0801025630353	8.819847980246777	2854.1777587062643	956.1895015788614	871.1636525579397	149.45376808070705	55.355259900953115	-300.84934842957364	-212.19530078106982	535.1960158693764	2577.2209231648303	-71.11037761504667	215.52529759601566	-173.8723918227879	2851.403497254272	-127.94026222760294	56.799814040162346	584.052532310674	6.491427229815599	340.66417418170204	59.23865377137554	19.187479740961862	-470.18257967249974	1766.953883046288	216.2055796157165	-2013.0532635910204	-2498.3428445017416	108.38190683267203	2174.969109273632	-45.01490724290261	560.5056488398477	1464.0624323464872	163.64995714858378	947.5972508222258	1960.9630470703487	220.267413455741	-619.2175398375766	1790.8439600816328	2063.7451473964466	1232.9044743256654	2577.9075652612228	3211.3010919128283	160.04778554551194	-813.0049421592039	348.2811606432824	-581.2208100686421	-695.1565722742798	795.8247422781915	-857.7856512095295	1900.4485469893843	510.58485041966924	-59.77216042345481	1078.5660573694113	-675.0218331815477	-508.4613855369262	2668.9060871829934	3685.875151962915	3427.047832887896	998.5727528384796	1285.3819087740267	3312.8701216984336	990.2762011406066	629.7732167028898	3502.3011685428937	1034.303099018638	1542.937566114957	2621.7803889531933	406.9582539891453	564.2524847980749	576.6773734779308	1740.3813109848707	1568.9955632859437	-237.6874278944988	869.9615021071168	430.0406354505267	238.7020112666578	786.9666858481141	2143.7127200265822	419.54328306285424	752.852208268363	449.32685087973186	12849.932222430944	725.5568431549436	919.243452496723	1161.688164030773	1513.427906554345	1012.6993764716754	1368.9872494886713	358.4632641041244	505.6381905419421	174.63343041037933	930.4773876898089	138.6246057521039	658.1704262207058	15.363752823996037
2025-03-06	626.5365632661587	-62.03263299643004	1345.7965390653735	397.2251620050065	1181.272493914581	13666.649808786562	-39.03267662191047	731.1320652644899	-1036.9740732770442	221.03063029588884	126.54139391249373	2039.8535277389528	2152.0806296082483	2576.0238936340174	-761.9694703713039	320.7468597385123	894.0562388184917	336.82962961321755	35.255100740860144	2860.674223282658	947.6626429862772	818.4169620704615	249.6757541756242	58.143753050698706	-289.5578054978714	-203.6532373694663	626.4177978763546	2628.839056947145	-170.60093126243737	158.8716684498213	-152.9460130010757	2994.9338579593605	-173.05180434980684	63.89681355357243	628.6902591805047	10.607308046653998	268.9271818911875	139.74243293790641	31.373036938945006	-448.4142145529586	1708.6208315495132	251.13749712419485	-2230.8843295424267	-2636.0832728940622	141.25932256375745	2139.8616969107534	-30.741199410620993	584.639178419402	1708.7630872915324	197.09591486084537	954.5425278258481	1966.5915186313214	433.85627999656026	-518.351457623944	1795.971426591157	2055.3003847308537	1206.2211135724356	2970.8461762859224	3048.0795677562564	167.0871257521303	-768.8600340258809	281.1833143700369	-535.2933911534092	-700.4745717892856	822.9188338801941	-825.726769422623	2063.9475109368195	560.812575415308	101.18769266213894	1167.1995256131777	-688.4645177547673	-391.6068937203072	2617.5517364001425	3605.4769949342663	3466.727362195088	1015.1372776281823	1323.2637221320183	3360.0069842606317	945.7451594522881	660.4900238886621	3368.077559367095	1008.9757113846736	1488.977371814326	3579.6632657159516	409.4461613158037	618.0554348894802	608.9282242687477	1810.882678721684	1564.775308248889	-230.82605219864126	764.8564508332693	460.0324400208956	244.84216982960425	811.8739025263203	2290.6652929579213	450.78488511219985	780.8734568598466	474.7300269644911	13290.06168708182	757.7803649022735	955.3716275714105	1132.8350831143998	1596.173704501858	1108.8468305562128	1407.991761404437	388.6438426702098	536.7686055796621	195.70986737915155	935.0906328325018	155.83353413512486	731.0341237259709	30.39944101205765
2025-04-04	606.2037087441277	-87.1609169562762	1576.921668838153	408.5568171449413	1322.5331218410738	12580.332294584994	-31.368168953376426	771.5707046896632	-1232.5145148960291	227.3359852969843	127.00814182302202	1900.74040561336	2262.980514458184	2726.1220204724377	-721.9695553329602	281.1236383246578	563.8281052590901	334.85918929289073	40.62964344311513	2710.8138275830424	795.1412602998316	822.2462153336201	290.0899400019589	65.40413786646195	-284.12218019210377	-290.44644758262075	578.8403420542782	2508.055231818791	-265.5544614287901	133.44690417077254	-129.84658441759984	3120.5775494048285	-175.9670499146414	62.948650897684274	497.1050422950175	1.9506786934252887	131.68035992852674	185.39557205968595	0.3041261666076025	-414.8934559882491	1476.7918145307958	295.66582935973565	-2496.044032904403	-2828.6314322891285	180.58378764902773	1930.70907137846	-27.787067356588523	601.8631431951817	1937.3092610735039	177.2086456269535	958.9279163414612	1846.3829665603444	527.9472957396738	-401.6567367718353	1687.5598026983007	1892.844907166089	1010.5247417859409	3326.949625357258	2684.3283014862827	90.51345334000325	-760.5724760430085	199.67946792317161	-504.9522132756847	-688.5286416981107	811.8073014502388	-733.9755554987805	2197.172547489801	521.3907526162839	165.63162991856734	1148.3655260175055	-718.740030003516	-317.3721208772058	2406.783903224936	3274.249446846188	3514.605438900937	974.8373103487938	1403.560640635842	3415.1766293426626	861.6379128108638	654.9829014548413	3055.208618052402	904.9772591886776	1315.1297028906447	4271.297313044393	382.37445382997794	644.961545890068	585.1333701718504	1791.8824672724604	1454.8911192918404	-212.4486404422396	731.3648907945535	482.1004624909783	236.47861526848283	832.3542095565717	2401.3433215713812	474.8306176824499	774.3295988360715	476.0679379926496	13672.710209588171	759.2130191089818	982.5749388288477	1001.0604632104441	1556.5437225194983	1259.1372251841021	1298.1109215867964	424.4985783462871	545.7122453442153	221.34412350941602	837.909298376977	184.76390494969382	797.7237309852935	32.82826520026356
2025-05-02	628.3860593834906	-108.46459725146269	1651.7207986233152	495.21964318216305	1494.3243063051832	11748.439761418747	-9.37147605161681	883.74875429641	-1410.7774176008134	257.6720878170727	135.69695454502653	1843.3261075446935	2451.984090160626	2938.493306348406	-681.18892978656	235.89135937369065	341.3167049650001	385.5537219280377	61.61863630441985	2565.4327873260227	657.4983791573941	685.882570083897	361.0808409110532	93.35110622508	-265.3095003077833	-320.6386192619211	538.6792985546308	2384.6621700382893	-330.75916249557486	-14.731107448778857	-67.49691495791376	3269.8168575249583	-197.6548764470881	36.78357515216885	353.3112711092872	13.645276422907045	35.318632014201285	182.4782889192429	42.29928682807076	-405.39799113799927	1348.2632614129907	295.80022170638586	-2698.9628056024158	-2967.956685574776	187.88804357186746	1716.2568132503438	-15.189841364534459	588.8909548570446	1747.0667723831575	157.2293626578321	960.9659951383146	1725.5754227621292	563.8536813428682	-324.79753659282323	1577.786993122414	1767.9383924341819	1002.6646653678526	3710.6080384586094	2391.769639683087	24.02243552230175	-764.0397882558727	113.49317917455119	-504.84906322061033	-669.8263818384494	724.6734968107976	-693.9915910470881	2325.6601112792996	500.9382728457731	197.6072558599617	1152.1614446373042	-741.2057613823863	-285.3528769429713	2253.434149283741	3053.340297910887	3633.007211120741	937.9481716459468	1376.1807987589127	3518.2476263970166	814.6074453118144	578.795756812844	2781.07336013679	829.1568532971742	1212.8873045437995	5133.501143342943	314.46431454338926	635.0109687139375	510.89503474937555	1736.7497388916	1345.2259432754836	-217.7099208163072	738.0856031929034	475.8514328079418	227.02844994468614	850.2090417561776	2368.7126053469983	468.65447856914034	689.2593150264256	417.52137340563786	13995.003678996349	760.9206686862926	974.8083953501755	899.4445648841538	1507.0974923184676	1127.478809340253	1201.8832467969642	420.9015160658182	529.8055953898001	199.20855115026916	769.7824622902699	157.8410406490184	858.9261399936368	46.095832428230096
2025-06-05	732.5313124394852	-147.16910427277253	1695.7793160324	767.1643467247932	1635.513710190613	11559.881868111668	86.83921182068343	1092.3356830705243	-1327.815588637557	300.3876426836614	220.3010286827248	1795.0312780817912	2941.3009507916104	2896.427906277022	-623.4436202284251	212.32873022289277	75.45708537678729	462.0865165282921	107.38091674079806	2556.220788976774	463.6189575926728	526.911543851973	460.4808090324723	163.60852137571237	-227.49197419322172	-312.3341858873373	550.2863180230997	2327.4794997140743	-370.5123361593178	-81.42636102121105	30.45706593347859	3246.7412008329848	-172.31720389751172	10.180210517846717	342.87906925553034	115.24116660758409	10.47108552089776	168.76947399378696	410.1282871469448	-415.58805313930407	1409.2317026118399	248.37247908686368	-2903.7536019461986	-3103.7297810712607	147.6745185488162	1558.9021240615148	-5.198693673723483	537.124306892536	1271.8701283164846	144.0526546324836	962.5833878347621	1655.536899368486	563.7570348421086	-242.52312988847098	1514.0065725382246	1739.9238426395932	1298.0965324306217	3560.6655021514016	2348.179176902926	-8.90802841374898	-777.8810671029714	119.09793123528652	-523.3560434356605	-627.6325171621756	628.6558202808137	-714.9593974656418	2358.609142145422	533.8104363546681	189.32296693642365	1156.3685403840082	-727.5732153981135	-248.93689639414333	2214.928161187687	3094.8660910459694	3564.0527124314103	914.7392514530002	1320.5397307194798	3536.534477459354	894.173241918008	496.6433583285998	2801.0156297218746	828.6152870523711	1242.8577662012758	6240.576816671055	267.2391011619693	595.6199646354144	386.18673034473613	1688.720512382506	1291.567226511088	-240.07444782476523	695.8406823894456	433.5199813331528	227.35601074169062	867.5163305885435	2163.792560447524	427.7353671155288	595.0896919945517	344.82589841551635	14289.232077265275	750.5820087132834	947.6609440118536	893.9066468423807	1477.968279395438	738.8353292534885	1156.2003826407145	378.17487546654047	494.481883905064	154.83252596630336	759.2682182529152	83.13891866507765	917.0866026586737	104.84599970601539
2025-07-04	909.0317913488389	-32.06775374994686	1728.92877208539	1130.4819123627203	1719.9621731129264	11776.540061174514	181.33430212019084	1330.6544615754437	-880.645024403595	399.3294851932187	383.5673015143475	1848.8220680789964	3676.5304394033883	2861.3263701336255	-430.2862431958147	195.0258066735896	-71.3323910598665	529.1577003291495	184.88365330537817	2593.4760942744215	357.5962076659198	448.5748194889675	569.668776130854	230.82889488334786	-166.31949499314487	-256.3610337543014	595.7340652322018	2338.331289615984	-428.75724686076137	-45.58543327498592	143.16165402425395	3216.3683761913853	-95.8609428610871	-8.326587064148953	402.99925110396725	323.23840909416685	52.62279942296482	186.32087856494218	1160.744920452671	-405.6869858284699	1536.5819052311308	215.05767829735305	-2878.7546197261945	-3071.190144155662	119.2028831947191	1526.5304920049457	3.609278664263911	490.1480423472549	1062.6309506273246	141.186725249725	961.3560295022544	1652.8839828756572	554.6396173812518	-135.08116602578866	1511.5138775522773	1772.4874663969385	1699.7094390718012	3428.4378186404065	2521.0918186182207	20.906505187875155	-750.9586403982221	248.93487223948978	-511.63564212659367	-553.3281234385231	578.681366562123	-749.5395190677591	2351.945587815946	568.2108915160043	180.04678821779908	1183.7745988012866	-667.635410343717	-197.62975332883707	2299.227652921403	3394.4901049129003	3486.5377859036234	917.5444407103842	1352.9393066279881	3537.6661587814306	1082.089490780496	456.29599828987375	3094.550763296691	869.2631291020352	1318.9419376469014	7290.792937548395	259.267272526311	555.339467426782	294.28781823401187	1673.7570920381222	1260.620850555406	-241.6005828337702	682.7160627517551	395.4100888834764	231.94458175612453	880.3511584202788	1974.7014515491683	390.3742901177211	547.8345156649993	302.14148952913456	14526.0395901507	747.3901907966138	917.6294559549096	965.4953714405638	1510.8047769214518	499.4537894932437	1156.6325336992195	345.64809354731733	472.52566846374793	134.42615987215686	789.3265780176789	36.969808534564436	968.3624650491693	218.69053228476787
2025-08-06	1054.5876251218215	62.865811116691475	1835.5880361872587	1368.9008208761097	1771.703396427707	12253.992061705241	251.1656966993546	1617.2229483964547	-523.5545397977767	491.4460047457451	501.28780011201343	2062.565764350671	4334.568784832456	2855.4198633143824	-335.93404054245366	171.81593941868414	-94.29060765237591	562.0430986625361	253.51312112565392	2734.8585823061294	383.29278969506777	400.8425719603565	726.1414787625363	294.8047708277554	-116.15218341611126	-158.88839132144676	911.8257337999858	2390.949811778235	-457.619237023413	4.225838829221175	251.4546287365538	3191.0053187732847	-41.348349746001986	-29.93636315610547	533.1705532305386	526.2340246490567	80.20298340681256	254.52427621449533	1894.5581650590393	-392.2797099378886	1651.5467026244878	211.34517071087794	-2720.1302634680433	-2920.275283493962	120.14894110718888	1553.4733049046154	13.11585076430356	473.0788818206929	1066.0057447847648	141.2650538093476	959.0664208102608	1692.4033453889788	588.041888239205	77.863768989866	1547.6779574996362	1843.4996140944386	2204.867777503834	3311.926372635149	2727.602362256701	77.47320781725102	-681.2576343984119	338.36630888962463	-481.39225888627243	-476.3551420729127	538.3649221953165	-777.5540631817894	2359.096992027389	604.8273437312728	225.49154863156673	1119.368534804782	-589.2082819174448	-129.11671807229868	2457.8760614029125	3753.6518765802284	3440.686470578381	937.7433400364498	1394.3239490379347	3548.145332887623	1232.6324414467508	423.6844017214553	3336.8933196942307	907.2228673531081	1389.2897680944516	8730.264840971271	235.0353221982823	520.7702920266111	217.17629430208217	1641.2182414413219	1249.2697598155664	-239.05076337609353	626.7581342153208	384.17698258760174	235.63113829347458	890.0862848106481	1920.2437456417974	380.01369279671417	508.855750816967	268.0042279501231	14724.67120048881	757.480860978254	966.3427515122567	1072.8600219822256	1550.0936218830411	405.12970027473784	1178.5942730259212	339.51531636547406	469.4819504091538	131.0485203739645	874.3365712152918	17.854383695566867	1015.0730236051022	328.2470274260513
2025-09-05	1130.7100702084826	206.56168642703415	1932.5853062014758	1523.1065791891524	1874.390109224394	12728.49056706918	295.049296175423	1845.0889505738141	-197.95581073223366	542.445587197366	638.3602273931847	2235.0860903417342	4813.065881045222	2790.6489363350993	-251.48548886861136	173.37101570372397	28.863184149278823	608.1539313227313	321.02360609792595	2795.52592078632	505.7929115616098	388.9954013923034	810.9191928406553	319.3807234503779	-78.70029450621405	-69.76522004583967	1362.1659862741399	2475.46958550363	-468.95980194963704	10.029874479065256	323.7464306100801	3110.471395949935	62.30533947825097	-37.25207073430829	639.2259276636833	685.1258166293264	165.15423354075574	394.9708214560833	2472.730555326758	-383.11126321327356	1757.512016951012	214.7731113677928	-2639.7115785253154	-2824.6512913148654	128.6281100371598	1576.545270496299	26.951112581673442	459.8105132886085	1095.8755067944876	144.72963255983814	955.8946323855125	1751.956286167384	632.0576325595712	299.00216917534726	1601.6870407777424	1914.090384780593	2539.070920876755	3071.767286166636	2873.585910137823	174.70521117556018	-540.7756982985384	398.1247780821486	-383.7192280829122	-376.8691514141992	536.337026553445	-799.462392991787	2434.8995793130853	682.0632201870994	404.48933413414215	1050.7632942987366	-479.94454589341603	42.29448385495016	2559.3878987962817	4014.8937772679346	3322.079730179059	965.9450547558572	1447.1613947675069	3528.9456000972423	1334.8024868881657	425.98267306049274	3511.439249922274	954.736842193468	1454.1236074566295	9622.841834873809	242.22736531625378	491.82527818646304	185.3599107375867	1661.4813904793755	1307.1240420008507	-240.13146613214303	579.0711581340292	374.93554333576685	239.91714714943373	897.2684550795238	1878.198331847445	372.5889899004087	507.8404222425943	260.90269213793545	14892.03581834375	772.3825838699795	960.0589039210718	1148.178965103254	1630.4221116312328	303.53866683832166	1247.1481582265387	341.07258258439106	471.73741723683816	132.30764706831724	968.9993748841189	-3.3826886724946235	1057.8392523550428	410.8594363413531
2025-10-02	1229.3620662293215	249.73979189302554	2122.239186372375	1721.1311381705	2069.8221820621256	13603.812689956845	320.0110230703135	2039.0141786828808	635.3213320813484	581.0538745979338	692.2630971374838	2393.6474985874884	5353.984203310054	2666.542230002553	-149.4392569462234	188.4856766714638	338.75789482930486	665.1652221647491	432.49184759882155	2877.241894052215	674.8583531136137	402.74316084955717	905.8021040664607	340.97421043471286	-46.530623903529886	55.57474851913321	1690.1626928722726	2616.3924065544925	-492.5751699391767	1.4309064871813462	385.19936023995615	3004.729617146164	182.63363440351895	-54.648767811175276	797.100032406488	956.2890677635351	258.3555526050495	575.4671848949347	3460.3646059192542	-354.9908775151207	1916.6588889495652	224.70955296636566	-2531.023746023937	-2714.0986065145735	141.9281689912459	1629.289929708586	43.30399464065931	455.55882972288055	1349.5980517082498	151.52358143007223	952.8615155495718	1848.2477147831305	775.1940380625247	482.53368813421184	1688.4629329270574	2044.9187234028032	2795.0136099718584	2799.952847647044	3271.4876110273	360.9114722957929	-314.666106636093	704.7708480984238	-224.45406369183365	-232.09950130727793	528.2712021525967	-830.5619804804855	2802.549015733224	871.7692485908156	696.4592618575143	1038.9853697296585	-311.91526054131737	330.437432272176	2751.6054871967754	4491.241411440751	3175.634285024382	1013.4970881156933	1530.3579940456693	3464.8546386266826	1487.0117189712237	422.2050998723389	4146.8750555308	1017.6401180591802	1558.2530569252958	10532.069809090011	237.01027562573654	445.4844990497004	183.97979153895903	1659.2787142730704	1394.2105627208111	-220.97095652569078	534.4523749821255	374.15732959490924	244.53951404239342	902.441408891631	1870.641029166778	372.04251585260863	500.63558334830486	246.287352865902	15032.003422145266	824.4457316135977	1005.1739527377176	1310.1492873591797	1742.1967220952502	359.78310831962153	1415.8763389608612	348.2417282755141	480.6536837563708	154.4011625031353	1088.6136557557766	10.166187164950315	1097.08301084525	538.954237163035
2025-11-06	1318.645981253303	443.693751053037	2237.2655372582376	1974.1180895453708	2250.3884514326273	14951.482473803699	360.1716810483563	2366.8137509935905	2282.5982399711393	644.1255061717256	818.5613910808534	2782.6148504177327	6116.142084326457	2431.8922040093166	-51.29626760727842	186.35494004122666	854.702169930184	708.8390118467687	534.6743538630635	2987.8944564727826	1017.8550731837568	405.855343783056	1033.7808479456335	329.30608458156485	-48.414954745702744	281.6076041514443	2024.6438008209298	2817.0243131229836	-454.3912159201991	-41.586733373073	410.17057787504746	2776.4951084404165	241.81375730766376	-79.54174570932264	1042.6015113245157	1407.2057641014999	329.92190564973134	741.1710529853099	5093.436495690781	-323.501361858579	2093.7866439027603	263.2447282918165	-2013.5877819674079	-2245.447562747475	181.20186446524895	1749.5897047127983	58.124911003262696	480.31027154991534	1751.0725862367108	135.1709686028953	947.9815569122584	1990.8107293132161	817.4519570793964	567.0487115754186	1817.3594037854236	2245.2997487862194	3403.6028751769663	2205.0705307969038	3845.6345064676498	594.7971025320385	-66.67028245956044	1239.3938042300597	-50.2840609472014	-18.587594770891883	516.9317564013782	-862.4494654604187	3077.225834375109	1028.2250253138136	891.909771635259	1001.2766106055096	-99.35535384176364	580.2767222391767	3014.9813935802595	4904.471792661308	2925.310480095548	1074.1080907674605	1581.240330434739	3334.0044749742956	1757.5791173765174	415.5553302634271	5233.370370841541	1075.262079406013	1674.796410945908	11028.39609629759	206.37866533758825	401.7307879318705	241.1985429851702	1644.9818159897732	1480.4941155954857	-198.51607559252534	564.2585574828499	400.13908383232774	240.4478387680938	905.147487696915	2006.0219979349276	400.3401947927905	490.50297605722153	236.19951114971263	15146.613406862598	873.5809152161291	1076.1818256297393	1523.7295703816853	1806.2023777529303	559.3156451300238	1599.1602941387482	375.2362819549471	505.33332836790396	201.75039216016376	1260.736877842126	49.52048078525149	1132.5582833102817	751.3484730216824
2025-12-05	1432.2234104247564	849.6709089312499	2306.406405190399	2122.0094864361054	2467.135521640248	16081.9304150541	406.953946894826	2506.3091707415697	3565.9190830534935	728.430180141535	1096.1095840305388	3251.8327433929953	6502.900269980273	2074.4507709941972	-0.15993258798516763	190.88352980895434	1624.3992192700716	753.1531311416802	594.7118689865874	3111.1090425434413	1518.6539590788416	477.63018902707336	1076.9318626310505	297.325518504264	-39.97251412786636	470.03491457399286	2399.1955322091417	3030.1363661370924	-402.58977030782444	-91.8511181031372	434.94384124116186	2460.8246520060056	347.79351952550496	-82.24300257845698	1283.6333585753164	1753.3442046695309	405.80432445638144	865.9400710281716	6347.971750216362	-301.4399521439136	2203.504361706975	313.8161975959101	-1655.1472789989712	-1912.0018803282546	230.7892707318315	1943.1095110135284	80.80206054007022	515.5787281910325	2191.219993822495	128.15258487453684	943.3385735290431	2134.054912031301	820.1611977321236	628.8101938973996	1946.9591227094897	2413.1967348265425	3737.442674630831	1462.5384366901562	4331.223120768253	785.9949023976496	162.72624182928757	1609.0860301931898	55.53027297380049	129.86543142061146	561.2033797890763	-877.3207666000726	3360.742911913345	1094.4753182470395	995.5865809996885	925.2528917961681	68.96458481260743	758.5342469662701	3212.045526842183	5081.530700560837	2647.6390678079915	1132.3129124604966	1630.868997304642	3122.8348913208174	1953.2733734322665	458.86362534336513	5997.9185569518195	1119.0285889048882	1745.7899243556276	10696.721594068647	211.68144115412906	410.8723928646141	372.48962114612914	1673.0159580737054	1551.6336198614645	-184.1710644547029	610.6962763873744	436.59858092260583	241.08058514231016	902.4227360660734	2193.0426083009734	438.87492624216793	534.4876594325633	270.260515036116	15239.189774078433	915.9505969688962	1128.088592707194	1666.3346046557053	1894.7839507956796	758.9115881808539	1795.9589597135964	408.61023908656716	543.9272546764896	248.67314482247275	1402.713560128952	87.53452913016736	1165.489897781168	911.8174525820141
2026-01-06	1495.2066274084136	1177.4207448588058	2322.666282671158	2291.9678394100283	2705.5969039060656	16479.69897620166	440.35066598830235	2597.765698963036	5192.482726047405	796.0732636573266	1320.210190989863	3688.1654969723895	6953.496098654272	1763.5370211209956	52.76592208256989	182.2982317393289	2161.328266381548	821.2346985307449	682.6462012458633	3208.368161669263	1814.5549666908082	541.8920726471642	1116.3290900136926	267.3413032378571	-37.89588008012697	614.0520419306722	2710.889140262636	3150.9235702313854	-382.7502603128305	-156.44867023273218	430.84509223779787	2216.4394609166484	491.5467719262124	-69.87561244388598	1462.2536128523134	2211.7643851598677	463.14974670194897	1001.467826997603	8000.817819182877	-291.84821919232036	2240.9580203317164	327.09938060380955	-1498.7938817922732	-1747.2969590275443	246.23093253323896	2068.686336071358	100.36089950354335	524.2750002720477	2301.77028929269	109.71113032955873	939.4442946312047	2201.0126921310803	819.7487828208759	640.4143956855278	2007.022082417614	2471.9518729092924	3940.6748688698463	862.513593837386	4731.411388639986	944.1465488862377	387.21216951964925	2235.96702084533	149.6399761777875	240.57904517805036	586.8200857457541	-873.7841479487497	3661.6944799552293	1112.5763191843507	1113.4074690279904	779.8281372745423	203.33287878360352	916.2823396737103	3306.7683447817835	5118.637171056918	2401.671945048758	1165.5630294806215	1624.744850284027	2950.768973972459	2218.783878528453	486.5447484091055	6870.19538265872	1146.2110241148475	1768.5941612077622	10914.441749686368	225.59970779311698	390.25264464190514	461.60143039359355	1717.4487626234677	1579.9169197424126	-183.5641928855939	620.797893576535	446.1479561595097	240.70046891307356	902.4604141509626	2242.1903874571	449.0075949496186	562.056696692809	294.3360988726381	15339.082425508881	943.123270797274	1117.5719578514454	1738.1100726125678	1946.6928639290054	761.0996499759858	1916.3027242479475	411.4571759256796	557.3298487591073	261.99757420941114	1468.1493431179188	89.20288688980872	1197.2754240364593	1114.2760040060075
2026-02-06	1674.5479640729409	1905.6638236068684	2293.184909629377	2866.012971989472	3054.3190413823904	16473.178916099452	570.4511267542603	2730.0513222529353	7321.4868529371015	921.2429728090847	1893.7763543238761	4059.496057021839	7911.722676511614	1347.5727761101443	100.85543005611362	193.7406754917738	2601.3183684348187	914.7319816207146	795.6555666858931	3490.5733820984824	2104.4439299245896	744.3225713902848	1286.0287064397926	263.7908524565337	-13.447063566462475	975.5444404016307	2894.2464927059955	3252.00668862744	-396.5444283731267	-90.01238572335569	486.6591239918116	1861.6061507555132	743.4642681009591	-24.96003332505188	1635.6978591381776	2874.499664034347	537.2820509463872	1097.1009169339923	10400.854629675028	-281.7945612172498	2188.7288239882473	345.5679635483466	-1074.4863772979843	-1359.6760342947546	267.15430415423	2161.062609993569	119.04202423806828	539.1352684548765	2491.376573767935	109.77433293200374	937.0936614065431	2241.5137180353886	767.32628580864	641.542282165532	2043.2903643385944	2469.9351494911243	4527.277628728556	-41.71664237577352	5130.948117652315	1125.8703038687345	614.0912687815908	3150.59331224778	292.6164407351753	411.4965585257223	720.7411865843169	-846.8247561164908	4127.192231984936	1091.6036331639352	1244.2457066381303	549.8900908930664	334.3079340066788	1034.0251670422176	3413.4809168100037	5210.910807222459	2066.744985543235	1193.6812923139441	1616.9993389744632	2735.189033004499	2707.274608857466	610.5626822979793	7925.952550091086	1144.65919468038	1725.8291290309753	11772.11316346479	323.17964205994394	488.2755411079379	530.9548045874253	1691.8020820316706	1586.918414472064	-181.0873022590422	604.9576801889198	464.402956941467	238.55996470980608	904.959175661912	2336.4879032604076	467.9023122328508	695.5286334517787	396.0842214241511	15448.262234962196	974.1695780119571	1109.899769864085	1717.903161538281	1978.0577133163897	819.775697155048	1947.971940250638	424.42208212862715	575.1006193301146	279.8295123585458	1467.2430359661175	100.30523478858959	1228.980634427775	1421.0937031307349
2026-03-06	1828.0154534047833	2603.8422426826837	2152.118228971278	3608.010973287819	3398.5857306943944	16395.42934452204	737.2939281560716	2852.006518726759	9649.63446438824	974.1700988830817	2448.8701792075663	4343.871371116969	8952.960997286937	1091.468801484385	92.97483329302668	263.86851569767714	2974.3874617310867	954.4003712285994	863.0703394087486	3793.455634796075	2332.3791458318665	1023.0691409007832	1524.0090837477983	234.8758599516159	-23.035485427752974	1309.2998652258466	2978.8000768623824	3299.088527589345	-443.98364964987195	235.4123141228538	520.1223012966921	1610.6921803901641	1025.930891904829	15.168764194253527	1825.228057699831	3570.539275938201	584.4789355476405	1168.5904431006966	12906.88639750614	-257.8950706443429	2126.2148091395575	369.07927384106733	-713.6510697212361	-1036.883913241616	293.79308506814596	2219.7909719221934	133.78135243656288	552.6427712769619	2705.659976492054	154.90728067558484	933.9307575247003	2253.3993980246087	657.0973233319992	595.6647485843605	2054.143983950591	2457.9412140592685	5185.2638380635035	-645.1124314645422	5471.838737572805	1222.713972858428	791.0963490329086	4243.443835958829	440.67232599676026	523.4237917952787	844.3666990627444	-817.4664726323363	4522.278222277615	1061.4161689054017	1317.4706857748824	337.4508054754715	427.4154316572349	1145.2846935580037	3498.4948063554293	5284.120807931507	1851.47358313507	1206.963953294764	1628.2367090337939	2568.091905003559	3251.7707424349737	725.1884692036292	8910.429487969119	1126.3111308357875	1675.7111693989173	13181.72451248236	412.25153224163296	560.6614277189838	584.2971143163049	1591.8967132611942	1539.2711221518002	-163.41157991787713	533.5869562344724	480.7137769161509	229.91367314624404	906.595225985031	2419.581338048338	485.90183544256433	818.3234851886009	496.1480778692003	15535.958375490969	995.986373608368	1208.9914468216066	1699.6469007208416	1995.6168500955118	974.3646985502055	1904.1961053084742	440.3207066278719	585.3293092213607	310.8396292645921	1441.0526333797952	131.30606284828718	1257.4265416951384	1742.5948515581003
2026-04-06	1912.1812113942397	2860.7534408097927	2025.4495185355954	4080.912570147837	3395.3670451185026	15940.766408683732	933.5164807050414	2857.2278064217153	11131.087742388045	979.3851341934442	2632.7027059008797	4174.355599548595	9615.66818490698	815.8446603066113	31.51833727702433	273.99902368108997	3403.2655264041678	929.3985533257619	853.0698925240958	3859.8217041426105	2520.0212001045256	1362.6974598260058	1712.1801137839502	218.61039313554647	-48.180648908118656	1415.7402365949474	2911.8453931702534	3262.2408509048328	-524.2736441149864	1122.6630475919446	572.7341753180444	1338.0480271702108	1267.7484118921784	31.87882882089889	1844.7615043418846	3998.7382708293444	565.0224986860339	1190.48307397186	14462.952682950694	-251.86266660397177	1955.398099616952	396.0502195924655	-409.36025405649343	-752.3102544942285	321.65041925625155	2114.497675583494	153.52589334091	591.6042922071119	2893.895315328904	141.82289218673213	931.0835171649014	2206.704000953392	548.8867589675092	616.5544565204791	2011.6715652051753	2389.6086238843272	6103.542710958776	-1254.229994068155	5689.050401852888	1292.878710570627	980.003098326586	4824.829932976907	501.0909337013254	642.9580919013415	939.1053942490234	-762.0661215529144	4590.100669609543	974.9277660264306	1283.73255391147	156.8928431491604	497.0595739318878	1241.0774047404957	3529.7206715080283	5368.808686966928	1726.5611314349808	1193.5824534161675	1530.98510504562	2362.442190153597	3559.2980189749615	811.7715480741626	9457.458449905942	1046.177834262331	1551.8051151736981	13990.10736904286	456.63813827493505	579.3058245644206	586.5210410801683	1483.2488414338222	1426.1232288397987	-160.94761567139903	401.16211963389105	515.4309095506724	216.09044254193213	908.7729909419504	2600.8169293034007	522.852659225955	910.803186868885	580.0012593503634	15616.912097643828	979.6357855874667	1285.9735995974115	1652.4977600032562	1939.7119178304092	1077.809541452254	1880.1238530209303	464.59211595345005	604.0129015762886	335.96165468318304	1396.2609100520622	155.05614303113725	1283.8928628456342	1939.5882880676727
2026-05-06	2033.897887734267	3309.922821763281	1924.290004435883	4875.526419214852	3340.1494192856953	17040.062148847326	1243.158839422843	3251.718895584727	15980.600174904124	1025.3884313002945	2957.65536589807	3964.050125178306	12199.049635784555	505.7015562582965	37.95626311734486	337.4977945892715	3711.7392552987294	955.4518246342868	997.0156382019159	3941.7703197975497	2595.6183060234725	1530.0208830345691	2030.5440709359827	243.6491423486059	-43.04008240543317	1654.0082441394097	2988.442481858052	3361.1777328773132	-632.1142704557324	1826.3458259710314	679.1658410788714	1060.850552283504	1411.6758324081602	19.376620881609597	2113.1182030568343	5086.205484912793	678.5377787705729	1281.4015556739887	18390.48473229821	-248.46042839419442	2137.351032230592	378.58533254387476	367.1548434755168	-111.88009010355017	310.13980445766356	2031.698598809293	159.58350124203253	583.2371025481207	2822.031149814982	191.44697175023975	928.4701940627638	2285.924844681791	476.24152064504324	587.521553758017	2082.3457426174173	2553.4002794564512	8026.855298541581	-1905.9367314368283	6734.973244270921	1573.3642685254017	1278.4558142278656	6232.721185807302	573.1649310294242	817.8480283987337	1011.234632437192	-786.298358344502	4486.203159536704	1012.7080711815433	1472.031171361481	64.06911484374723	721.4481007196664	1383.6899634661586	3804.6259362261044	6240.601082496032	1569.6291031852306	1289.364317387157	1443.5973923406855	2168.0833070024237	4326.177280346154	877.7311180140077	11055.415752590525	1093.544709958409	1674.5399818508013	14908.883838307505	519.5770868549043	585.7271986832275	544.4068632371618	1404.8184407214576	1404.3523626665756	-161.6487083529728	303.47138051100046	509.8386712893516	210.28527760737416	911.5198620613155	2576.965202850617	517.9460115990205	982.0381946331654	629.8625982813464	15695.279811023502	969.0727893677995	1294.1808822275834	1862.8001580493128	1910.4083364421458	995.7365478219945	2005.222789452102	461.41081621063677	597.0172215476268	329.08908799555593	1447.8881207787144	144.32918941113167	1308.9712617764308	2463.088876694852
2026-06-05	2092.5545168192857	4170.071638006782	1849.2874123419424	5006.623355578657	3177.4307250236525	19674.371095270442	1380.3301420568523	3240.6873151463733	23781.04356897006	989.5816444127977	3714.8698056922112	3358.9770282431346	14631.76936105988	105.01738021042547	151.59839047428795	377.1051292408065	4032.6195560501255	994.7222835545763	1153.710360984629	4160.58718971708	2735.545163868781	1699.6614188202984	2008.2220615330098	217.58604198691864	-69.64143800935608	1644.8398000417528	3057.593099215028	3673.6369851227864	-795.0942903402811	2256.7345114176896	687.0343909377152	681.7504178926174	1489.4957617083528	-7.975291810692397	2602.970208560895	6653.956407375568	798.0874866765789	1409.7586863531833	24071.15270405129	-244.748520148647	2465.217932317486	405.44650322532107	581.175516056177	85.40771450509055	338.25039902202116	2112.776890393383	119.65562357998442	623.3567992179214	3150.113129489997	213.62260945610433	926.9764289104714	2512.773928223567	441.6094502766837	496.92257950306794	2288.0926151294516	2947.083008294954	8339.833471602808	-2811.409519199049	8473.932884737686	2002.4325059405528	1488.4653052845097	7874.995266631609	646.4488400024165	1109.683434530567	1140.8468221893636	-832.9303367759476	4344.700929894407	1123.2068727828773	1724.9500704022012	357.9311285356889	1054.690734280348	1410.2682833847848	4290.2351399733125	7569.985252249622	1390.9891983728012	1408.5554473256307	1374.4971462772373	1953.8536555141618	5147.364322909409	994.3826429785804	13785.444915042463	1178.0828298388442	1900.2112301876296	14047.227448777448	586.0613657166668	605.315419356355	583.4758757084383	1384.2199977855707	1425.156316565848	-160.07929907583912	233.84112271314189	546.9019554972092	202.39764290308267	914.4812628400541	2770.6042720415135	556.4123104995251	1106.7773387920734	712.4524869227371	15786.708138909424	971.3305380544825	1267.030906663089	2376.426144465804	1891.8283633370265	1109.8204947248669	2208.479106097355	493.76938739431534	628.278953149671	349.2309630613763	1546.1278325754702	170.9524232296335	1333.8059166875464	3219.946631996072
2026-07-06	2134.332901450707	4159.596619172833	1625.063737807519	4844.086370024546	2856.1419101690044	21254.434170268534	1404.8080694038254	3070.4478567001315	29379.86177458889	915.636685549196	3835.3204576018434	2627.3835886425295	15812.869355490278	-165.32867198216263	50.458226449018184	461.521969446545	5006.932107538465	1034.165089035272	1265.4384048826578	4517.86805134522	3224.7490551309784	1683.7678254581406	1899.2848846859433	218.326275352194	-102.56351730670394	1384.764178052832	3126.1294896119944	3893.7995365802926	-917.0394903247225	2088.901144909032	676.9853362047706	358.30463401574525	1404.646296524963	15.450721660623458	2859.112129006742	7667.868052620906	921.7098718171383	1504.548292060139	27770.551127106242	-234.62540537387667	2632.671514242127	427.50115323509635	344.41592584579485	-97.55154477673932	362.68781220903475	2233.948293589674	99.16777770616909	654.5982336041507	3391.2505843865947	261.8316540757878	925.5104722196338	2657.8587740587645	353.6540345072053	492.93946721574684	2418.3281913355277	3182.212088074546	7813.2659105755265	-3646.7493507325926	9695.977586945184	2154.4613899833785	1548.054644610973	8629.142121320114	672.6014443458971	1173.9572808207195	1233.9935868209905	-851.9564206013429	4033.9046374292157	1099.9646743190897	2142.383017365295	698.4225414048542	1160.1039892059307	1367.4082429871505	4569.388273754885	8365.690593870757	1229.4366962443892	1462.0882243618016	1320.6539899701456	1797.5145142280526	5572.653656525443	1078.7732307333408	15898.350094959365	1219.87400941755	2016.1733966647953	13247.031922618698	631.4445232743092	662.6312004298015	717.5851826756461	1477.5860781743468	1436.228655985542	-153.3346757264253	222.4215354043772	576.8294762493169	197.24843481054995	916.1193027729751	2924.0205089004958	588.2980898506976	1196.6707559495844	780.8318346665765	15873.530454420485	950.2666590536573	1299.5940064265105	2664.9113488626754	1818.5851346215131	1220.3098482218702	2302.8566940205965	512.9124734088691	653.7707498397158	370.76596574065843	1547.2335085133527	197.990700811235	1357.2387468354282	3704.3775356958286
2026-08-06	2169.9846385393066	3904.4672344541214	1482.5409887977257	4363.238484674659	2595.170885010284	20932.271065305278	1344.8142931733546	2743.162721260289	29265.385773795904	873.5514727422269	3650.705046738927	1955.0805419764074	15342.095913690915	-349.41963555826806	2.2586555914349447	524.1591360927323	5182.442397016421	1080.7101756920365	1298.0364906670547	4473.518794634809	3270.0001038628216	1676.4078617699543	1712.0798304629116	238.80548081733195	-146.1547660694282	1017.4776560055034	2854.309891658202	3858.4029435066986	-996.8029410453428	2101.760211171535	690.1934020206045	100.28268004085112	1387.5581138659836	35.2204237044034	2811.6981041641666	7527.973842935211	1010.8103638118027	1412.3259133570846	27273.631578906643	-241.12244234364425	2702.3492753188584	352.6203876509626	40.43961976117862	-336.7729174757478	298.3774496488677	2221.867555819088	84.085074743723	591.9616860470705	2772.9713342245086	303.765984299569	926.3287715643819	2633.9797931573557	280.2359357094365	460.93320625420984	2396.687839167891	3134.522723424223	7074.667014790946	-4369.234414841369	9840.679065023221	2032.2022418364177	1443.7333776988253	8054.079906150648	580.4350957726301	1067.8577883831986	1257.351223146523	-853.1647447119612	3624.604863612345	970.3080014069474	2103.8521886257895	896.0310610853667	1067.4325906318936	1209.6694050091683	4493.2879901461565	8123.405346790409	1114.2930503683892	1407.205784986536	1177.4185482379107	1715.5878854867187	5352.35530678917	1100.7327590858622	15984.525400227401	1272.0548649523225	2060.7399564929146	11734.947252808888	706.3174965934559	631.3680433311547	729.3996396849998	1490.7099450703972	1329.0835183058189	-164.13967078545375	143.18408594516222	521.4953939679926	190.49526100466755	921.2363889406552	2653.733948761321	532.5863171081819	1218.0974658472987	795.4706742218405	15972.414769428317	899.2452392723026	1185.5225586564356	2723.3680944125517	1646.9207597849745	863.5066819865897	2303.4846584259685	449.7780501024663	599.031774139341	311.42881178921743	1504.9875628349146	133.8310436922893	1381.8053276760184	3612.286780096423
2026-09-04	2223.2759478826756	3530.4962184013566	1262.310275957694	3858.8917634101163	2468.3731894950506	19772.126291548222	1312.685711461174	2422.193700091342	29544.23952286548	847.4168300187011	3361.6040948703994	1359.6980788193323	14872.092142348665	-564.480177356847	-55.565963097566055	527.2291531889114	5396.479250490185	1100.5388145993602	1343.8125068803474	4008.467311047498	3425.9350892522707	1736.934690215232	1568.1076940333714	300.0176487232643	-166.95699458160743	748.8947610127361	2574.812801990225	3644.434822324016	-1066.780202681316	2410.461805110568	743.9769486473106	-122.32256542809773	1510.9873687166437	56.62621636210133	2547.604957898755	7466.210257978037	1043.5149061332304	1255.9029997507932	27047.67092792793	-247.14960869334027	2731.2012292057043	234.56989472814712	-3.513496961644705	-379.46645323311714	193.32946700174944	2121.77994917244	76.71806196323769	486.2003586476185	1855.0115753783466	302.07966705879517	927.8280191245576	2485.5160378982473	154.84098477428142	439.2464856695424	2262.509739341611	2962.215267111231	6607.208399788953	-4969.934529086255	9543.600176764623	1830.2124926403503	1336.6230622409803	7704.473584808598	438.2183662003954	907.2586212570095	1242.748802934093	-844.5466130151235	3302.6239345918693	788.2176386835126	1957.5645546103206	1010.3651256108751	910.963098708462	988.0016827844647	4256.749148011644	7654.3026013282215	966.4348676178488	1300.2677117381427	1020.6590357203531	1633.9535331491788	5199.405455911969	1089.4279854712786	15692.411430337263	1299.6838588338978	2075.0407560782187	10181.83913990188	791.0865906701329	550.2425427404942	738.220036874116	1416.0627102701255	1134.0924846327762	-173.34550636526	13.451514384336406	428.0831921176159	183.89562332491732	926.2341380713915	2192.8475673105568	438.6185442299775	1204.8548972461704	785.7319846180235	16068.18961696222	832.9859879733067	997.5452898040076	2664.4197983030463	1444.996941845413	366.4584150785886	2201.588946301261	354.30559115500364	509.00396260648813	227.5064482129419	1413.3333840830255	44.722089189430335	1405.6784830343822	3571.3853608626305
2026-10-06	2186.019137653413	3060.3619903075887	986.8112616264807	3377.8978210669593	2212.5557834414867	19256.8588254246	1271.5157554635698	2130.98468242542	30558.19030228049	765.1504945358756	2945.106349271846	766.4416715831758	14443.32212197726	-705.621634915733	-139.05602450246624	460.57671756040327	5278.141993016674	1066.9385775366009	1379.9502671569244	3503.1094101311683	3398.3105711932403	1723.558289468252	1476.7818776478762	307.2396499884708	-189.76003873841046	666.8579339313401	2220.0371524469556	3395.7563619051507	-1153.1035093796927	2700.860885538572	726.3532603777876	-258.46135122280975	1490.8080348104668	51.89218639419141	2359.389495024796	7506.004513211428	999.8475685441299	1054.657580497642	27191.173529776657	-280.6770255411784	2846.354632596456	106.61563307972756	17.993915616458253	-364.26158776147713	78.16753367949605	1870.3885645159862	70.93986231458166	392.4839354828091	768.9607952293882	235.12235391250033	930.4383557977053	2337.961256837214	11.21923025891465	441.7024360950554	2128.6587662030797	2886.3509803663037	6454.266886850488	-5278.631706628592	9696.168060796139	1616.7438472066951	1174.1071228139936	7773.199239243222	299.0032456587496	771.5672330929938	1142.2617017628745	-848.7340700584919	2857.6044007715973	609.094768921439	1763.7224871612925	1264.6341835941348	785.9138273758035	723.4891527896434	4061.451137704935	7523.620183090839	858.7048764219508	1212.9266363860897	715.4741773127316	1559.981764432101	5050.3870163052125	999.8595404625557	15890.89729430843	1311.170231685961	2152.0382906414925	8820.753668759571	786.1966183912537	429.482875766078	699.3299290105933	1220.4341089239097	895.9394721762328	-206.73480925262447	-160.1714464235265	348.08456413030217	158.814833556753	931.7067141736334	1789.6895046827267	356.38237419371217	1105.4539339541861	717.2366521371987	16175.414506194065	762.0669628363339	761.8184280421265	2698.827296467509	1250.3571761907915	-248.3988852797629	2086.3455128787245	247.72486796132034	407.4437489281936	127.63729337214681	1349.4306452757191	-65.22887506022562	1430.8243980218685	3578.9884776326617
