	A091170	A091180	A099140	A102970	A132030	A133690	A139220	A139230	A139260	A139280	A139290	A143860	A147970	A148070	A157490	A182480	A185680	A195970	A195980	A200030	A203780	A218420	A227550	A228790	A228800	A232080	A245710	A251350	A256440	A261220	A266410	A273130	A276000	A276970	A276990	A278530	A280930	A283580	A294400	A304660	A304940	A305080	A305540	A305720	A308620	A309230	A329200	A329750	A332620	A352560	A357870	A360750	A371160	A371470	A379800	A379810	A385510	A385560	A390390	A394660	A394670	A396500	A396510	A399580	A402970	A409810	A411060	A414270	A414780	A418670	A419420	A419430	A426020	A426030	A430500	A434060	A437080	A438330	A441800	A446720	A446770	A448290	A448300	A449450	A452360	A453630	A453640	A453650	A453660	A453850	A453870	A455030	A455660	A455890	A456610	A456880	A458730	A458760	A459580	A461490	A463640	A463680	A463690	A464470	A464930	A468370	A468380	A473330	A474220	A476760	A477080	A498400
2021-09-01	0.0	0.0	0.0	0.0	0.0	0.0	0.0	0.0	0.0	0.0	0.0	0.0	0.0	0.0	0.0	0.0	0.0	0.0	0.0	0.0	0.0	0.0	0.0	0.0	0.0	0.0	0.0	0.0	0.0	0.0	0.0	0.0	0.0	0.0	0.0	0.0	0.0	0.0	0.0	0.0	0.0	0.0	0.0	0.0	0.0	0.0	0.0	0.0	0.0	0.0	0.0	0.0	0.0	0.0	0.0	0.0	0.0	0.0	0.0	0.0	0.0	0.0	0.0																																																	
2021-10-01	3.9200644293210645	-107.19079561578401	-48.780650417643486	-32.11978432104952	-31.69863235120429	-164.6839640453574	-2.0756987367127295	-14.028628033717904	-144.7954503790301	-58.324381244849064	-74.94446915821754	-318.9133028540411	34.631368580600245	-165.38658162817592	-153.56490172600897	-40.55003055089037	-39.339835360605505	-26.801157926919405	-32.11775873443112	-41.2977825271344	-36.81681404087285	47.13167526163015	-31.79437378838629	-23.579648830426958	12.503233502148214	-38.22134820577776	29.291011285223068	-21.391053674867727	15.202279893490777	58.840309634705775	-47.162635417636196	-88.66406870211941	-4.655196809834161	-16.345335426256497	-7.240385173395043	-45.47455162626284	-28.45090176146623	12.703732008024236	-166.06808641738024	-18.10472811935033	-69.28559338834312	8.868153931060807	207.36074064754357	145.71256931965473	5.8804651593032755	-17.50524175578903	2.58501344811084	13.669936581004004	35.482193349220324	-42.555286807703666	2.3010754046670625	-15.911092550581088	-36.92717911548971	22.806679207630804	-14.569265999784694	-24.059763495337393	69.0359547183587	-359.9341899668099	-18.885448310157518	-16.934378351627675	-11.2488556678436	-34.831068464167764	6.176010796363698																																																	
2021-11-01	11.938565539716802	-131.33664302445192	-49.85583617680182	-43.05164878633528	-31.07096670585277	7.171885466084355	-12.433973921966098	-12.582105422610912	-245.19986084584264	-133.4256052286044	-92.80889227115549	-763.7206023767031	-22.64872979037289	-396.56244876653653	-167.34948375211795	-14.844950141098524	-103.36705171137233	-20.590145153613992	-41.55753328586812	-18.178833192936725	-101.0185750897642	114.28395341700947	-89.21295837069425	-34.28798549900981	1.9329493103297137	-62.01231358999503	110.53678302106331	15.124847110735136	77.74362320486864	174.1864104482019	-78.69590894852968	-243.9594802273018	43.206442936607054	-10.969991725128784	24.28034634402371	-86.61868157648715	-14.323384311087137	37.707016442335444	-314.10956771366415	-17.332255476821445	-32.67310217531281	-0.42880197884020177	253.88274575102375	156.88873752156272	-6.954531909368525	-4.311042946577072	10.364990236021693	14.63505699804402	69.6613975880202	-13.903678793095459	5.418307013702579	11.67756169133936	-41.561376743164146	-15.235478468065267	10.027964027565904	1.3025356962243686	75.01696217847551	-887.5497560905549	-5.34805143443431	22.524412164498937	54.68869475213724	-52.13980476004828	59.19901787823619	0.0	0.0																																															
2021-12-01	-7.51967539622821	-234.06888360346386	-100.82308259246707	-70.65146313252274	-28.952880401228377	369.8758507475937	-31.57127318005025	-40.36770244230331	-235.26877410516397	-208.74504748621314	-193.33185870713612	-1082.691959327317	-138.55009080626456	-353.7203860274539	-168.8422103906461	10.404911427848276	-248.75481816449388	-46.35470980683621	-70.94352252253313	-5.4506966006696445	-162.04708218903596	133.42046784472524	-154.99540019103264	-71.59303768272123	-67.75863623467076	-67.46228033136663	188.7611127615905	39.77990131526278	104.16104465361504	121.81427217360684	-138.68687459056656	-233.98148964492975	42.62919612754899	-14.671032754921615	68.2098847220845	-126.68869009891961	-24.59658520372951	51.92995573562413	-458.8310144567822	0.45466526372224436	43.63993629331107	7.551859154495352	354.12114342455783	208.68429122399468	-2.924616877884487	-7.5007226890441965	10.15179005940631	20.822365796574683	35.78157827717019	0.5682456173475376	10.145294774889946	43.27704461644694	-62.157218971182004	-19.93765637712105	38.33499772865483	54.70265583791625	75.58285537566715	-840.1791296530556	103.18757190111018	80.55555403967429	124.82300506209954	-19.20141374902706	49.70074867937656	-29.386556223880326	2.7963098504551454																																															
2021-12-30	-1.796563351350063	-205.14761680286293	-166.8633433919906	-51.22203842268145	-21.655191633753173	636.1141321521075	-38.21629275779074	-46.19529757415012	-78.56005682833555	-227.94526885579296	-168.5735497888606	-1175.3393237298972	-119.58049062026879	-298.57903567981623	-177.65219224052353	72.53979304642894	-366.81684766206126	-28.742420366859434	-86.4762878686115	41.7114989427825	-211.4257577741738	146.88895205169197	-155.35008626282058	-83.64369649748829	-86.88516022117015	-30.93241077175462	205.43642303613996	94.99431609716355	115.75578756032547	142.94211566978277	-150.56716462373137	-207.3778497711915	85.86972692763501	0.6131026159398054	129.90417669689663	-107.32554531130758	-32.643069772995446	76.11152596683803	-389.09676660715627	-0.5586273611039729	98.6113925526991	13.99725157175	351.5994596414893	159.42483562419307	1.760030318444525	33.312576981762426	15.167904775380919	25.048550700644505	149.7040499827517	61.833219287416696	15.72253893895438	92.25591245664702	-118.28463123664666	-100.43307636208549	82.3724075564289	94.77936741143901	76.74344946948096	-843.1528761732727	179.62558680972194	105.37179061263873	91.59035535361105	70.41530125695338	17.9612533362722	-107.20249906898505	34.154125288817156	0.0	0.0																																													
2022-01-28	2.5013988444489854	-304.77641394891174	-161.753877559017	-73.33275717101517	-12.15465427651737	60.45032581063657	-58.62846775093723	-70.42591040126571	-193.41904553727528	-307.0434496643974	-230.1867062199007	-1605.5652960332009	-194.82181354886882	-439.53463882370204	-378.54613555725143	32.157010426753004	-828.086110556945	-64.87928216806735	-109.55929997928104	13.696426321877288	-424.6218758010132	239.92561755810067	-182.1020591231171	-106.96184784466755	-123.45853716908849	-178.89092255436248	218.71594447416513	36.313100819281075	125.57341364436601	256.94608895290884	-186.2637421514794	-280.28550156031383	149.7247551807745	-5.096277200873956	-7.646158916813185	-167.73111542567685	-151.0024968634081	48.43641826426128	-607.8402115721756	-30.72922443670806	-59.067363977432024	6.032677292334132	90.764931024058	-84.94210059008492	-3.1586243007288055	6.704975591543852	7.247175383987223	33.132019040616655	-39.68680412987378	14.218676014352164	21.189337328371238	50.07461042113873	-148.19202821308446	-228.34623730671876	44.359032976395405	8.981961030096045	-72.1159568983405	-1107.2235383948043	105.58613346202222	47.744792843757196	0.7866716466299408	68.67243715212989	-41.879960594735344	-230.99037406725608	34.88151482675952	97.38448687338678	10.387697614495119		0.0																																											
2022-02-28	22.370309943534163	-387.7684258703287	-185.93686396290326	-66.97912675138288	37.845758158278386	-439.423720276057	-56.19629999321967	-62.432556724408926	-283.7042397800497	-315.48560892750675	-273.54341043234814	-1771.0365677738328	-186.55413124988635	-528.9044931786083	-504.9356993391265	-4.556274106824276	-1059.884879258452	-108.97049634028963	-133.69290975155482	-53.859724248516905	-553.4390538429423	304.3143631771922	-157.20546968397093	-86.6159635575872	-103.1531222908767	-266.9887327100306	215.98994787954035	-17.33807085508471	142.24324831937398	418.39950254486587	-170.42152690280142	-331.4750665394831	224.05223620843643	-22.11960209500877	-133.26255675056836	-189.25066149502388	-209.7624592927679	17.064933906931465	-681.014492338441	-65.85298526075997	-183.47479935720602	-6.018080213714265	-126.72594765070653	-287.76526757581235	-11.946469199768877	-20.719365285295694	10.888923551805746	34.2116584854112	-477.6173405023414	-30.84250540839427	26.99922876098733	6.674495849888842	-184.0202779982984	-301.15896116999	4.886970435194797	-64.85075941029245	-133.77583711063653	-1339.9641233787215	45.57249822624438	-7.7582083403690305	-69.743626428981	49.33961214712136	-55.43998582793152	-279.19460817857606	23.83100725381594	161.81064649036998	42.350535952275386	0.0	-11.690464114563657	0.0																																										
2022-04-01	45.83995954518679	-413.66039843826894	-248.53482691238054	-51.139760302276414	76.19568813775076	-264.8716371804601	-37.22412808738472	-50.386473872545906	-328.96220205174984	-281.77927148258857	-279.3592454318259	-1667.1358642885425	-62.23168129833945	-698.4073751433082	-496.4251936419895	33.4405640447454	-1093.560466903717	-108.27478509692483	-161.3567256868496	15.8019190411685	-512.152639040903	408.87476133654445	-107.1191370285236	-71.73129958799936	-65.15220403339308	-258.4374269856599	196.29672082803938	33.29098338297203	181.40403182926138	594.3048110371892	-159.21121366182308	-438.75780159946373	358.8743136847776	-6.195635332233731	-177.228692259518	-181.9574791892697	-187.67145953591256	-57.642222236770564	-655.6832782515364	-123.72006680623099	-153.7391149840089	-31.198425119703103	-169.3607317178368	-319.5194512524392	-33.87735923217677	25.38522784061423	23.07468032118512	39.726639364436465	-825.0932531435606	1.2731058959575114	32.739486044949274	44.06280101668631	-243.77567817765964	-345.7921603846559	39.468952104628414	-38.754913913160564	-113.07590889637285	-1671.2430661863727	47.966393463926806	-7.163802822880463	-84.69858252151474	45.240944130047794	-86.41360428271389	-205.69871782641036	50.14118698445151	130.00716016500925	77.53320984799672	17.453787434053083	-82.7775116072115	76.04060016461008	0.0	0.0																																								
2022-04-29	48.17934921507644	-366.06077646425524	-304.820878519761	-56.81848174835861	82.50011840456631	-539.0898448395177	-27.881541563722706	-31.837605415063322	-415.37908528543255	-235.1368102070092	-241.58513771523576	-1560.9273722565645	17.657715667505954	-872.9071601491466	-576.374003817691	57.6823922328779	-1233.2725863221483	-156.63480684004927	-218.84984991703203	29.20087443934444	-501.9817575292351	471.49185364230027	-72.10867081080895	-50.5508330066005	-55.0919931333942	-278.6695014880927	120.2349664351907	16.542453845389062	244.7972721765316	691.333195222159	-127.07480782712634	-564.5113002929819	371.0987366088481	11.696835412983049	-306.33662839627823	-190.8592449065731	-232.3902249993283	-158.39643552908495	-684.7894040541801	-208.7151413809919	-261.1443898276959	-37.49185306434549	-164.96058468253847	-294.31008014147204	-38.576666081404966	30.784363203049278	44.10099418938414	63.95433345980102	-1238.3714426465735	17.701092599966408	39.404691757564294	35.913742955231825	-281.61450447605813	-412.5999653905475	32.382028675601006	-80.18973067714973	-111.50020069085119	-2121.9258431043095	-29.15526334702136	-70.8393071522555	-170.2008841950916	7.308281421476508	-179.17577159236671	-189.78763191323128	69.82767442443804	179.6693347363998	108.61966231554037	-73.20395870899229	-206.92715136886972	112.94466207721155	-97.87881546734862	-96.80598106501274																																								
2022-05-31	50.55861472374894	-308.91916029078106	-301.33079330830714	-65.77216873747362	59.134327736921435	-998.6582995292042	-28.290028410936387	-26.058317622574222	-490.6232826180493	-209.52254085428217	-197.81455332295297	-1424.0936719785627	60.36695272133312	-939.0837178105501	-612.3032513680416	-24.704691163692566	-1372.1836038223953	-169.5379774090964	-245.99366733291765	-23.59349252910019	-506.19518375102393	593.373009924296	-21.855965983936954	-56.87108354084452	-57.234444210136616	-268.60265888387744	-55.1979354435278	-34.81386551919781	210.83657883520266	864.3415551587832	-126.51155951996043	-603.8926645152932	409.3885049266869	1.513753428609892	-389.9638996988706	-180.62524261531684	-265.0931812787926	-213.12854787627617	-660.1379065992953	-266.36238540979423	-373.59190615323035	-46.4378280267957	-119.55590463912708	-244.26163099835026	-45.23939140811619	-8.762069340143128	49.96270498571879	68.06395071398067	-1460.842258492135	-36.536001275672774	44.99969688832283	-6.008129825189968	-279.4015561387869	-457.37418346518103	-5.063816280128108	-148.8243553423366	-85.48808992067967	-2226.2094531176235	-74.90009066961022	-103.89023123515253	-147.8663987413861	-31.930789899588323	-171.60073808123116	-150.28121530604346	76.9452957326724	238.28569956537535	97.47089777939198	-123.85040812696622	-239.37369357128532	39.448906023971446	-137.3990683277379	-86.20991482773445	0.0	0.0	0.0																																					
2022-07-01	-26.222076629671328	-331.56045966758074	-179.54500613345743	-125.45936474887083	20.143990583633382	-1423.5400145271965	-48.55945495592455	-21.237818456620232	-777.8465093031059	-203.83773232850308	-226.7273006382328	-1363.9782755378183	-96.93897051365798	-1065.7862555817408	-718.9485433539817	-137.29928163472576	-1260.3254152812906	-234.14575003076337	-278.8525919742039	-110.60650179696374	-443.03224890000695	506.60100536898267	-28.84996167827586	-84.54992956484008	-105.81207155147928	-374.29481533501513	-203.01515072922035	-124.4315743681072	160.54515984163345	845.9432817228887	-148.50173581092383	-726.7880292887653	247.34228294630623	-33.10019814194139	-491.1275563220537	-256.8130600368836	-341.422747284063	-124.23540672916101	-938.0268112006888	-308.17086789781104	-511.6016206678912	-28.90838030383027	-290.0493782124124	-371.8947699800634	-26.38056914169823	-80.64890159759013	19.040616689711705	93.00481286225573	-1557.6937822552743	-130.89175439786993	50.831737855701384	-66.32184155536535	-198.67799271412952	-362.65732459168214	-59.07145354588594	-211.98288923439566	-100.04370505188531	-2470.365477452751	-175.42162779205182	-172.42143114193283	-112.18005591863655	-150.82066324990143	-71.81602831557501	-114.4145501596281	49.33236703836616	324.91585041413254	93.87128115773476	-83.21744279529852	-186.65290673451625	-22.94211852746136	-166.88149567649884	101.0404363681834	-36.93747845499456	-41.93947131302557	59.73769577868516	0.0																																				
2022-08-01	-81.2320558944753	-239.38922625857845	-160.97917177157916	-145.2535486939515	-30.826420757765913	-1136.5019413690172	-57.578536310950184	-20.48845122353245	-799.2869223985831	-162.80546768370039	-174.6216797568295	-1070.279713247559	-191.83132457457958	-853.3740622210314	-708.2949312567612	-142.3479433847626	-963.2951181178992	-231.6159115081777	-283.69313683285554	-49.31289150376736	-309.6678510811271	455.64895008003396	-20.91838714343342	-88.44701488482931	-128.7536032902532	-355.7345751029277	-288.0623163531644	-86.88566397500395	128.51781709222882	700.6330877050675	-143.65201701423894	-619.7080787128953	135.1783831910442	-34.00180424426443	-427.6257775374181	-255.88311282296593	-303.9771248706994	-109.15422149474706	-933.5657643868703	-297.12880985364814	-468.8733132152154	5.9949235301260515	-298.5708568953314	-334.2857202093645	7.656880610725835	-27.903794837376893	-7.85897187774696	106.48019637456241	-1227.957804031486	-124.99683606927601	56.03029207125448	-38.785827378029154	-172.83218097115366	-303.44056867318113	-34.01690458059123	-169.12821603063193	-65.03022679020538	-2133.7665483725705	-147.00906787814637	-148.9756530011539	-66.8807259218118	-192.82346496959585	7.902581254864941	-5.004405502836391	49.05670792527167	274.05065338314904	64.95474116572987	-26.83369784804006	-143.00406613361838	-43.69753513429094	-88.60104515113687	178.26435019885588	-5.763731980659941	2.919686601043505	180.78195892781486	34.719624295619724																																				
2022-09-01	-116.26869313095852	-172.11397437057371	-130.74364930495017	-159.14917194656886	-79.64915209295364	-893.2477923221654	-43.60855358965844	0.16169469885439014	-799.967225277147	-141.63045886364728	-139.08614495666325	-865.1038405525774	-175.8481292406375	-942.4255244510477	-674.2251435935566	-169.77205934595418	-618.890500787149	-246.60091300104716	-272.1391010201336	25.88686654659066	-180.66473424313722	462.25482888187366	-1.9252672123402874	-89.73243118197772	-120.50263190462547	-333.079428601518	-243.74488075200708	-59.126187676176166	156.1419039712569	504.9630746656926	-139.67939159767008	-670.6909616323776	93.93266454534228	-49.88645655175866	-384.7297590548451	-248.20918990308644	-265.04374599156654	-106.9676042569011	-901.568907898933	-300.5262057548696	-450.994443701775	27.55646918105743	-256.0686571954059	-238.81272000259986	27.675481183564738	13.868486602208714	-23.91898574671604	132.7354119738835	-1055.5433637740944	-150.05506947257052	63.63178196904897	-10.640612343831009	-145.3076757706442	-250.83980100252847	-8.737311372832288	-132.9685939941243	22.911130760241093	-2244.5899754639813	-148.1849868876097	-104.25654058723686	-5.76836522634099	-228.37751929276408	25.37632784538195	105.97655723131555	58.82146099398031	248.1557210410964	48.88175275475834	9.293091567650947	-131.49210206211535	4.057865980541699	31.5424293976762	150.04468770224844	28.877701110360796	37.219741671840254	196.20230126077635	53.19915842436603	0.0	0.0																																		
2022-09-30	-159.41506266574683	-224.19573853191844	-160.6045466548751	-199.19888941228157	-134.7636163645145	-813.1464178265585	-52.50731006172957	-19.242881328292682	-934.3699492000842	-153.01631999587153	-175.42147614461533	-904.3334414473566	-282.7768724132371	-1125.183394328637	-702.0172101704395	-279.1386709419063	-362.20042213747365	-305.42253740380477	-317.0101334252456	20.893217850562344	-41.52918486590363	386.52614690397695	-40.27335128870254	-100.24046877364395	-128.5052433745003	-398.0999661430666	-274.44465616255644	-78.42153534939987	204.98765757713738	223.5501385315638	-143.93442692468926	-808.6081708004422	-43.06382130950942	-94.76027727863902	-389.4010339517546	-297.5368399849749	-294.68847113532684	-127.00296458672696	-1081.6875902255665	-328.1000340413722	-497.97283979851215	54.47894308181104	-399.39605981334404	-309.1902893986296	53.294616481524514	-2.2531035248276368	-49.527538099848385	184.91662383630944	-1041.927434206778	-250.72269796886158	70.66904462023854	-10.6185288627494	-164.19926250871742	-244.05947798965053	-8.855470322697212	-121.45230321680691	-22.57874261483704	-2458.9217204601837	-179.22299050591317	-110.59179589402149	5.008540950346898	-291.5444039016677	4.38934048283943	127.00457789708759	55.36451807996474	285.9756480566465	44.52572313747538	-13.680535084566998	-140.40092366006894	5.397258459204934	83.14676462358804	65.786804296413	28.78111301206489	31.427461862457346	115.65864477215314	44.43186169764522	-270.11743720247176	-56.05377308926545	0.0																																	
2022-11-01	-163.7267900688409	-259.23451689199146	-292.93948747400736	-206.2232114430372	-166.12554827613764	-684.7771169495409	-42.192625938620694	-31.135898680280278	-767.5603312443322	-136.9455166525222	-210.75645509449873	-767.8679703949856	-242.12923850358675	-1161.460118226757	-690.1943551603838	-305.07245316808303	-99.92701194869869	-287.05321263331825	-337.79380833383095	150.84289343503943	149.44500424429714	488.8325036241258	-28.692834317922802	-110.2827690974384	-144.69376289462514	-383.70246868934305	-501.057343792139	-19.842828317638322	207.87893605061083	116.06050201044854	-149.01459255170613	-866.5321246310311	-37.99710129104608	-88.15223883126491	-322.8098356568539	-270.2574829968805	-230.7573502766303	-193.00308281200546	-983.7355047765095	-360.4488677907067	-484.24123826526875	54.32654746730994	-245.06971268850506	-52.780002756629074	52.143712630629786	33.886514260277124	-96.47477885335769	200.34371235846834	-1189.468190354235	-289.4468536607873	78.03938525547653	27.41586833464096	-217.12187130797724	-203.4688892121743	25.799280546181492	-102.5630672306213	14.288056697268047	-2545.776742181318	-196.48167869422116	-96.90559581362663	11.523543594197463	-277.3969033092044	-23.521272046500314	111.17746741670749	95.4425216124217	271.7376656494714	39.46395870557686	-65.19862853903973	-122.82221916056756	19.728810470325847	84.48108362641157	-44.91594096834291	52.16835269092006	30.668802899905593	61.51844729211024	51.96234937631961	-472.30561794925245	-106.56940664590569	20.37998503086128																																	
2022-12-01	-117.9943213409982	-244.3533202150403	-251.97826344062855	-153.80190794951704	-127.90864755702538	-754.6904231254607	-18.038037975205015	-17.72497477550283	-537.8717920501463	-89.61875714225164	-192.37599155007752	-589.7555364037107	-155.10596401468058	-827.2975651325823	-572.073547409705	-273.76212741230734	-40.912200219248916	-185.9171652341829	-264.21992994554796	213.54146660517284	231.59654923592643	460.149037758079	5.541865941058973	-87.18642966807437	-117.55983713027956	-319.23264242747916	-680.3995382653212	-5.588730474402993	148.64364324642236	-53.96366047357742	-96.35041735650645	-716.7257360554277	35.089985284090176	-48.08453138405659	-254.54540848279612	-190.5404474980959	-161.99094079030795	-212.0477755780115	-694.1590858386489	-322.61722189250577	-414.2246740433907	8.473098190048828	-99.0760150336128	146.32386144643027	7.896885908627685	39.37008244788444	-108.05904914751513	142.42986670667324	-1114.5423004991944	-263.34816051391965	87.50287602997804	17.885455044718093	-183.36455340790872	-161.6477788480205	18.470537938439307	-112.15271471999563	84.78149956084306	-2084.792064422857	-146.96061634553635	-94.39607220738088	-32.50299830716848	-224.00547775434387	-80.93638051590511	110.44213661332853	105.56979411893687	213.64486497041412	26.343649652236223	-103.56237583062345	-136.0468508581909	-75.03475575130275	43.82822742721632	-135.86520044464083	26.653678969858433	-5.212327957928567	183.07799565213512	53.368648404639956	-393.0127237270209	-99.97527276144409	54.952166805308515	0.0	0.0	0.0	0.0																													
2022-12-29	-89.79147632851769	-278.85609441161864	-177.84591763382582	-118.19792901514086	-82.0240252690387	-1233.8677380313638	-21.13124074361582	-16.622256599005155	-526.5674206380372	-44.23545118268021	-193.05836352312747	-441.59739490073116	-135.48657479440084	-563.8111105212352	-474.173655544173	-268.873097273948	-72.58138997299511	-120.82647413538655	-207.27782949001426	149.3727178347762	196.2076225500947	337.71064252508177	2.3819848242253556	-50.96443609935716	-69.05864974913356	-296.8383554788418	-768.5549196125111	-85.54017170628079	46.629745564734094	-177.50001672136023	-29.833599701616436	-488.00845397040734	54.20173373489945	-28.01720576522945	-262.0494570742637	-169.51218646893744	-157.5573602768294	-214.69624556005243	-616.2193304151128	-285.1329503044035	-422.3167933453526	-48.97599854014809	-227.23409477964378	12.695625560738335	-48.37321265327003	-49.58331217852483	-103.05291779509	75.15564706641817	-1242.6946287862638	-259.92817065463396	97.37208482245529	-56.951993118907225	-122.74333207329255	-134.02285681281558	-47.95271941670816	-182.68838028428706	24.660345740919567	-1584.3885294879483	-181.15334244358303	-181.75755773972793	-161.7166747538732	-218.6402057448782	-154.83333681854606	63.94752473153076	66.13294122283219	233.910559316084	12.823920839974676	-190.23940967737627	-156.57177569490312	-203.05322847545136	-116.69861565574003	-207.88751894132113	-48.21361719812122	-98.78110016627353	252.9154086570652	17.114685031417103	-335.9028808102478	-22.73526463905945	55.44880347958827	-33.92224741197133	-78.21084413214848	-36.09256129873538	-55.06470419291581																													
2023-02-01	-18.782508300092474	-198.61904007975136	-41.598065137736626	-51.39266492657083	-1.4027640619551534	-1165.5026596200678	-1.4627131146866645	-7.780387404657091	-273.09099374179914	-15.181344966542724	-122.38482974761757	-297.31201861650607	-109.18169357166511	-104.51751152580073	-311.0641686103031	-184.96104182185758	45.40788692610795	-23.267638601056774	-109.74570260118321	99.83955724449473	187.88096816954328	238.08938587344574	23.20954561954187	-14.994453277340767	-19.52035807494792	-221.3295768123544	-684.9781347606308	-84.44161182120976	-14.131562530155179	-258.6590823206775	14.608210561299472	-96.83568913389149	110.22239190735309	-9.79866193522362	-153.00401922751382	-83.832777733027	-72.05597272083423	-144.736679176581	-304.68921522823894	-209.82063762871826	-306.5304353902925	-90.12936044276083	-134.80961037937374	103.29360347566404	-89.23685763924843	-20.74175721681342	-84.64383697045102	9.059765591370478	-1097.5023385839163	-184.91984793412882	107.37281801480026	-79.27999088192391	-43.48629973684865	-51.43737244829936	-67.82985660900928	-171.67995215345536	15.031791965486939	-774.0970801952681	-115.70642602501982	-146.24152059660884	-147.23716511404132	-145.3947144871167	-142.25080264104997	37.00816211047018	25.178021668138342	142.62079478141243	18.73341205600525	-154.88848378169155	-128.26121704549053	-249.72248944900173	-143.85346194909107	-177.00670720410565	-68.49663631168457	-111.15768914784677	412.2385214864174	16.252895490125923	-132.54102868038694	181.2977850374341	80.96656851447088	-64.1503955926228	-22.879324950505975	-22.498432298056724	-26.59559636339749	0.0																												
2023-02-28	-0.9174421497889114	-75.31616525976119	9.418872059413957	-1.865620392631854	2.441914194711728	-718.3236074895058	10.48521693562293	-0.9778640336898405	-61.34230223586701	-20.927491083648306	-48.606343554616274	-218.97076319622192	-88.64447403473446	20.06820534151211	-175.57490494896774	-136.491041430653	128.82052554527854	24.750746869026898	-81.46806188997994	159.0826533554744	194.0316147807007	156.82614977779053	30.14141110967671	6.373130089255142	4.895015301052354	-88.0078718394775	-633.5339221458455	-19.28653969074037	-32.143468238341484	-344.2810727722176	39.522034291472664	106.62227418269049	60.85908918264465	8.874247084063654	-2.7010793827066664	-30.775070351208	-15.305778237293566	-89.7695850316037	-111.71593388576366	-175.7418670167392	-202.5036965560971	-83.54852210671508	109.91048062035588	279.28430368536505	-84.64354234649161	60.57596488756454	-70.39285253748201	11.412929701284668	-846.4946321544121	-154.44204995676148	114.62632535546817	-46.417476083369245	-17.222577698583677	-10.604514981750981	-37.75018967991962	-105.0084844325549	62.796317250530954	-390.1146820501326	-10.967557029418003	-78.89140641590984	-151.43965628936365	-84.15161299865457	-133.77760963719	28.812143453300195	25.12976955199275	64.61260510866373	19.82320824763363	-113.04920347922905	-99.8623002631474	-212.87274062541024	-133.71058514477772	-191.9941557838436	-49.10991447198391	-75.03407228019177	413.28652129463035	31.172117044469317	-125.13616324380689	310.0190096907816	93.4418868910877	-53.89893286227673	59.88977771115397	-19.392879051015537	-1.2969600728077353	-4.491291574874777																												
2023-03-31	-12.845180899533972	26.807522825350816	63.16820837909188	7.027028421376031	67.88133251905151	-143.4524260449416	30.892436845500015	1.6499233762101255	134.06090180519868	-19.78379147721421	18.561162591280663	-100.33670802898632	-61.3247890392247	324.68570970424116	-93.09541351370717	-146.44822452274144	52.497119401044074	68.61456464533364	-43.47083351536389	146.95175787473184	168.60549374235416	45.66194654388323	40.95943676735715	15.780639627965968	20.135497417122338	84.17459488221675	-522.9093501714904	19.051628115927187	-42.70297826209503	-420.67574157550894	45.11138081226386	366.6762509006055	1.0058272358818385	10.179928530662636	101.5137364007519	20.962317934440534	-24.552034381102544	-50.550729244285776	77.66505771275024	-117.8562219842164	-55.11334367940685	-64.34135136946236	631.8270097763234	662.820477133147	-67.70683816813673	113.14032181684153	-66.23946181390986	2.967281400115894	-582.6960179995858	-162.42949847786298	121.2795014572244	-24.210829147784438	24.71848221715379	1.037333052685426	-17.82251585580174	-19.25718987981901	183.83024664983196	159.3841308713063	101.41008656525264	-41.471554899050545	-161.158705435932	-3.054959677486238	-153.877985324448	14.44777100277986	-6.254068546290171	-43.045725265604574	70.01472297611056	-93.54614254061116	-34.341091178952695	-186.6333288080867	-154.4272292284353	-217.6989925046297	-7.571818339960863	-0.7659309207925133	582.3253147716717	42.7434246392109	-17.36604323136953	462.5085244212582	83.74744738870919	-69.06536179886841	168.977157248651	-10.135236984285573	57.28791236158336	12.99846905659273	0.0	0.0	0.0	0.0	0.0	0.0																						
2023-04-28	-15.628289255703407	150.64622255716677	97.48590483154328	21.24629976441969	111.50759526198982	436.25964564388687	56.75410878946023	24.18476247715769	246.5064383410329	-0.2405884718688185	95.54271183069216	114.34825073906995	79.45314796013861	533.8091426093279	-37.18442074578343	-122.27658096620621	131.95312212709769	120.38524368464016	-20.12229809801886	161.93874781847043	217.85313364565968	11.022580724679301	55.61119716560208	18.346052090562694	12.38286118435434	226.69857705603465	-412.93176594307715	110.72415487650586	7.73926086296035	-429.57387777313113	45.54321459116056	535.339632165186	-32.23082160814829	25.30681537050785	187.3407205853207	73.20677570806788	-31.00518134987817	-12.337015906730414	268.7850086908725	-63.49799867700449	60.04074873564332	-23.148481951388476	1049.7890593932127	944.2786388461126	-31.345609799867248	195.07998605974421	-60.326889932039705	16.97855148411975	-78.28180770177096	-140.7954733642025	125.62041087553263	30.000689347601224	33.29405672757264	35.79215433653155	31.09537562374161	66.76604397335376	294.6960997157194	518.8825129382058	146.01114687386874	-25.028236370513923	-169.75223403007874	38.73722407557807	-169.18315343618832	16.094299333146324	-12.039069553812595	-120.80380859009847	124.18883169287659	-93.83511492348413	31.021819182921718	-165.26623970334683	-196.463615162374	-227.92972332663965	34.862144088094254	55.18855911742391	678.1337857356966	68.24682279800149	99.1023119695896	551.7307026580714	77.13087526311614	-61.815426370951286	213.7789266568182	7.82148704429321	97.95270689996349	122.7779600832715	-2.721286688381224	41.98116055567952	40.837412754795515	35.01717697345739	22.31467189516843	3.361406029840873	0.0	0.0	0.0			0.0																
2023-06-01	-9.948753645877588	251.10588421938746	44.74711934884135	47.25369391963977	116.18520001963175	1198.4506683005916	69.81088766339899	45.223212916839174	487.7227583680458	18.007509352037914	147.34601490063483	361.3260600755757	174.10280848897776	573.2363126169639	18.81944639994026	-109.20796582069681	270.54876383602596	126.04010920392699	-2.6494874282627734	121.76626411978907	203.6996000935569	-102.92938211156843	59.74000171739988	18.42986868782714	6.426328266609346	325.10336043496477	-305.3701786760844	151.73395592350636	-0.6097968114913783	-489.56833319864813	20.461965561328327	567.2331281662837	-136.06246255383087	23.14112328127797	269.7015208829505	137.55970721837093	-23.97378416471372	-45.99932264874917	501.9217072950787	-37.0170858927446	232.14675991818876	-14.493633171348847	1229.833882227318	1089.6160513831264	-24.066833016798313	249.27470100839906	-37.483138198318215	15.620037458207776	-14.891462241495447	-133.06990776925727	129.24012389050245	70.44691313665471	16.7765802272296	10.675103833305684	68.02513194521327	180.78053668553343	317.23685064510283	532.4085784203871	289.5640310036601	18.998385499550068	-154.07650104186058	127.98734358835469	-203.6151936341122	-5.3967101606570225	-40.041489211288706	-230.577461861973	129.31055377467885	-70.26002330666239	40.89240281789097	-91.22306594937794	-188.93915298574393	-237.42673670837746	124.5958772221318	189.23874123363694	635.2663730525389	73.3273763700147	100.19487847496094	563.3426801009135	68.66881221503311	-72.89153027085275	382.88103711267195	29.625710196056552	180.982481508126	163.70543543839784	-21.090163556089973	23.322280808658103	31.17382946107944	29.341525467286118	55.126130616107545	-12.140210654833645	12.782113439192472	-4.465698255253665	-4.395362150570145	0.0	0.0	-5.539426974835806																
2023-06-30	-10.53879566775015	336.73746588042025	49.72364202443532	54.196370157646754	89.85532346300567	1861.9259741708306	72.10207904658077	84.70390670211816	641.9249372270328	4.903583773755827	188.44379992100562	425.13795836249574	299.31606920815915	553.036790138889	27.681244215334118	-64.3609607124746	340.73607958758475	145.96819566991803	31.867019793215718	200.88195548867776	178.73966001129816	-163.8609175240988	73.25142805884272	23.767508672019744	5.094642352181495	381.33117668597686	-164.78457430998492	219.96431513164885	-18.124732909541876	-514.5458685461831	-12.535581670888803	561.1446910323975	-170.75228851904512	28.789985983743122	358.0763925651247	177.6271846892829	28.86667134901745	-68.03472296756632	650.3111689606458	-10.522601500167752	388.83174262934335	-20.024089763351355	1286.9656014119275	1041.8732831331458	-29.790418124598432	325.1523757490421	-23.706022289504205	8.925020522627278	126.09753238028543	-89.09163219391064	132.1330955310799	127.06614109585331	35.34158766950418	-29.746031031161806	119.08260787311784	280.2088359395884	357.2155754826168	525.7001600805515	390.63902855211234	98.38626355779871	-111.79292151740862	208.61960954290197	-211.4370715525148	-31.941735036110373	-40.78881808734093	-322.12534124903505	102.77555037873469	-16.759988125359882	17.377141091232033	-39.214166652285996	-157.74172042365967	-238.35299364574303	204.5367798276222	295.3156347738284	578.8820247406727	87.58891051078845	101.23382093764877	547.6016929278687	69.18731735707516	-61.733777476882736	487.62820653529855	70.4928844731055	257.3950792679108	243.97042078914066	-13.45341278796736	15.847361556186396	34.548044546608345	46.2471841901415	136.53899236460768	-20.342771374444187	37.37695328015106	-8.854053806916927	-2.8454808976125783	10.187892936269055	-4.207515892916126	-10.282574744361046	0.0	0.0	0.0	0.0												
2023-08-01	7.3377930527476	371.25009428243663	96.04222505059295	61.864609804603845	86.42945864621606	2317.216753690137	95.72131132417188	120.28694944707158	712.9095501223444	5.579175912785445	189.63181581156516	510.4144438237545	390.20887976983863	526.4939465181847	105.32177278801782	-1.1645085206678232	347.05199090815904	185.256876809522	91.17913139010398	261.4027726195418	142.07589731347048	-163.04234059543887	88.9001788608175	27.522571938042233	-8.799443499223969	543.3412523299266	5.518598173614919	270.9354782184966	-42.82044109601975	-378.2476596671022	-31.619383673235234	570.6917435855926	-127.30223169185956	42.21325608259113	394.6253870250499	221.0994999813073	115.32240691929258	-54.77692815399496	807.115276747285	0.7207892136739247	529.8031309690676	-45.689180854948916	1738.6007903532818	1329.3446483506082	-51.9161110231921	386.5047675635366	-21.341086733890847	-15.21796346545591	107.83320026651563	-29.724161534086534	133.689420884367	171.11132862535928	94.05521148055027	-34.19975015339298	158.20765086867243	348.4865317701573	482.7319537104039	583.4982511958915	465.92112093505295	177.88452753976586	-71.0012439845774	288.53809902861735	-232.1295426384503	-49.81877328692747	-27.067434586416766	-396.18875560532763	74.23890875418209	58.21377473872644	-22.54571778476401	5.6089865779792945	-91.24661267421232	-234.1055456926053	267.08108670060335	373.5081701136403	574.3443021640442	100.97353968794735	112.26193450810558	524.2160693860367	121.06170312315399	-37.67675227013875	534.4989876126373	120.27380321077052	327.3367375081733	228.7380684044661	21.047090252152376	9.483785190779095	36.59625537603358	81.22864218696847	177.5033400384088	-37.33812712477385	54.88023420154815	-24.920323656686755	4.921954874288699	27.368176655905554	-78.74417421110091	-26.82703459141834	14.048917386049288	4.9581580896141535	199.27693713400512	3.0813000151887535	0.0	0.0	0.0									
2023-09-01	20.621255688263005	349.08015927264023	88.53611664887319	72.2635073435406	68.11254721756522	2569.113392748728	91.99855176068667	126.07471715569815	635.7188757614545	22.915875313007064	179.26379386839585	568.3799514783041	403.6952301622781	486.80264657340285	153.8180736284337	22.082806504271502	326.68003901845645	171.7843762759203	90.0331439483191	295.9674217374617	157.08308592290393	-121.21723718222938	84.30796638514585	60.120916688772866	6.7453407650954205	582.3523357849452	141.66285105361976	301.9823814640085	-56.570205790506634	-252.68067220498926	-6.978876725071075	563.8858383510542	-134.75933748264657	36.59159757953232	348.5518262109215	217.1092514520459	132.00564554531138	-65.83570703550066	791.0357505004649	-4.824770174673063	572.4530981493975	-41.65517766242915	1675.4508477994245	1149.9151539047712	-53.36207770537692	391.9634650611381	-18.028541207538808	-7.027249903178813	145.17307028812684	-8.130509945404015	134.9792161885133	202.35511551870064	114.51121149443554	-40.692654088631	186.46921884471894	386.0912028113922	460.7523867990522	602.8088673475522	484.70256551316754	176.3315573371748	-85.77809690543336	298.5316586570805	-262.81347054015487	-104.2056720464746	-7.755608737688078	-412.59012801432664	64.87963035644111	66.9318987822964	-52.103805127609064	45.646400898002156	-97.47919378939213	-247.31309161793115	314.60419783831264	407.7213829063547	546.292889197487	102.97038245711556	79.3695366048268	501.79576840768686	134.91150880871857	-9.590742227011177	525.2116418000943	133.0451500017113	336.1803616111231	173.36145846979966	32.36834436167733	4.6989390746031425	53.51673938761587	101.11027325186585	208.07013153541897	-66.19685825324363	66.00986268167931	-11.581725219832453	9.573315544613568	48.251078315844524	-5.121907002156135	-12.587135485547652	32.754603969014426	17.008124073831567	516.6938732828199	9.735773362392791	-17.27473774317332	6.1200532563176235	5.263528778580076	0.0	0.0							
2023-09-27	40.19616162353208	329.9676058231489	72.58395403621432	73.68392364090488	38.47706288071698	2431.6177444860023	71.75378007440209	106.72398225890245	486.4054392197006	33.12749176839304	175.60052807380805	569.527812191237	376.3442264392924	363.65056325633986	158.13364980903998	-4.584549262297514	230.27705745083085	132.1465939506699	72.22301048226893	233.94622455453668	137.20432891807968	-64.87557475555423	59.51122778365391	70.67297990159747	3.356368958076871	488.41136471979473	176.512719540719	273.2834897080007	-72.28012595367278	-65.6007766610038	1.817472561894931	495.13385870708294	-139.96455052058593	18.730145830127675	231.6607740712409	192.66675843260305	90.40993670762339	-65.04305142241003	702.4936631914404	-33.70162136474369	516.6257180173986	-36.17557892954497	1217.776862531339	688.8311151405712	-55.17401037821571	324.44096224226905	-18.742496267025984	12.619372218680724	70.75702061602624	-33.84494860229029	134.78354894060817	189.76170159974504	104.44698878483814	-15.297014456108627	173.92244901207312	364.8713687470398	327.48557638745626	500.1510947300203	413.8756790154149	142.6027526145351	-124.1122462526622	265.27901917469126	-281.2726370975728	-164.27907299696471	-7.520633154096998	-371.39265589340977	56.54332634817092	35.000846658314686	-78.8589189988291	72.11584065213992	-132.98615807765356	-263.4597795811245	288.24669439948326	360.59765189390293	448.820560921949	84.90542072803976	-33.48552126376313	442.22902069230656	140.39064868181106	-0.2648530133658369	422.3953398721155	103.88096226462778	276.79772692136487	86.75013487560705	16.131976976760747	-11.57320435135978	59.69362278117441	110.09259243116188	193.30073551835295	-112.84462076025014	89.26990423481435	12.570997440804545	3.6463521246757207	69.10274578820206	112.21723034909084	12.52218114429157	33.161857065394926	16.72716146129367	872.8109385054148	6.476844514023629	-21.117539007536834	-16.29533706518443	1.0268233504687667	-151.29639758380364	-32.11465026545775							
2023-11-01	29.294102216105927	187.45213766192035	35.45161299212225	60.279846459111184	47.000232927584605	2124.1870438422147	42.44063633442598	48.87143103159744	319.81928609441775	33.890036139888934	86.24369115994773	499.71559358837794	273.9663358197299	179.03898070737887	134.25907795859075	-53.14627951192085	44.34792652950182	76.79474493390529	46.30637179220548	130.70411025406815	41.04985360190295	-87.31307329306219	-8.915222608123713	70.03561462983672	-17.431696697492953	298.9189280530825	77.83367356972644	197.1230623141903	-144.4529867386206	-24.039958798489693	2.783582647243975	386.9397055290209	-182.29140331124336	-17.93622187025281	78.82212948866965	130.20199048067792	14.36848809036178	-77.29391270530186	476.23889025416133	-75.44206934563101	429.6790447351689	-39.27339914491397	457.49421342975006	25.838198537200924	-63.04837061727437	203.251654890905	-28.34303089055419	28.461384802367604	-216.244888495145	-77.95948867364586	133.77572609156647	147.15460253058353	90.3284696926371	35.62462458944867	134.4967852795008	318.4307068476052	129.0594217526375	336.1218233424015	331.85573323894505	52.06312151872534	-201.3440822883424	226.53793232700372	-291.2405114684467	-246.76613334708162	-34.01369474577322	-309.60612760841525	76.10143948466941	-25.29434999801032	-90.5227895020364	61.63710254580292	-244.23825207570576	-271.3297236919616	236.54520677070911	300.1780344924064	361.2425374841357	49.23924537249778	-213.99987260675994	367.7377488264701	100.97875616799473	-16.318237460700942	333.0878029768053	56.40252517838243	207.23963612758132	0.206522979361921	-25.443660188117676	-36.37716697116985	33.48900317973428	81.94450092220397	127.82455331555121	-168.34987153000986	79.71274856528788	33.44956661111132	-7.590342618920348	89.11877478246547	219.02723604189464	34.70269101065493	6.043050686429648	-2.300507916684019	1238.142761725434	0.2854127921354488	-44.823372888028096	-29.16443778963259	-7.584380200884829	-408.28885143864665	-64.39735951874056	0.0	0.0					
2023-12-01	48.77794189230711	186.77722077927967	-22.31939802883926	80.61811585557496	67.8412663190507	2188.0458108121375	41.03915611868176	38.74047247412252	367.6630694970311	64.1137603314744	88.3355730961257	607.3040771587575	254.40560490732716	381.62990427013574	215.35436351650378	-13.585513453690737	49.275362561619204	91.17530175207719	65.20424527861655	113.57937805604024	-14.075052548107578	-156.21444747323267	-4.955366879419671	60.591963102237344	-23.875005818117643	264.8066909254134	24.621403217664806	208.5325561510699	-165.33062153250626	-69.63667603236934	6.8498684999848365	529.4183042168879	-174.1108537178156	-22.62189989443152	66.97002517940405	148.59275754010264	31.500382158985076	-111.54566123224686	542.9286794480497	-46.55574587040496	478.7793054430529	-42.53921883935175	193.6433131466947	-182.35735134673223	-61.244088617309075	177.94112294671118	-19.79206642044568	5.864554865841853	-34.66295240585487	-22.963286876718485	132.61542493817876	154.72952669070526	78.25461967302431	72.55567361725741	141.09210520794082	327.8274519270116	62.39691368667536	704.9818380567312	351.53368796682514	21.297542689450637	-251.90338918264183	275.1135028979939	-301.23359305644385	-273.0824581193135	-39.65625486170984	-324.14746259339495	70.31064826276821	-59.533794927249346	-100.35318362576015	117.67225155928026	-284.02215136084146	-299.6841741828807	244.1427376553903	332.6166720282141	470.27401619982743	52.68542364329545	-64.38933279213029	406.73078790329873	98.87763343888412	-14.921532304829881	338.05799420835444	80.31645257126226	237.8353169354296	27.810052200260827	-17.721580881262103	-51.840399497997936	18.917371667394235	99.77094722782232	133.11961339619285	-151.62973102428776	73.92174890888322	21.71419039888042	7.440005888239352	110.00658235052785	151.02141859565583	21.405945173424527	-2.055015083954544	-13.694208580346327	1592.6268703463224	15.447900931398138	-52.13781818434683	20.52130704543756	17.718269450986593	-401.02448635000314	-62.134231570007046	-9.389951327061862	1.6774694626321434					
2023-12-28	72.85902543716347	253.12146031102395	-80.66747230328144	111.88771730027173	87.8601501834612	2409.958152196509	37.05245102179518	34.98311189770522	475.40318124320277	125.06447013214472	152.53617666064315	898.4687019003495	265.4989597725953	743.9776091322826	300.26973705810224	87.15693531382692	336.1402658661498	137.27392340074323	105.18196434678339	201.15424716660527	103.83366545480499	-195.00447189958118	35.944126797395455	62.063930045172526	-18.66962903927049	284.7611320712876	29.612987881063532	266.50129839145006	-142.57242045009752	-127.3669358834104	24.976495278390132	754.2748285138165	-125.93153928823045	-10.54928825052275	150.1989659610046	200.66578323260092	145.66469366647345	-144.12095216552405	734.8527170486102	26.542761100401776	556.1984531270034	-22.93610169012325	32.84027843348167	-299.50730883915503	-39.419280421152564	247.28183497737894	-8.548879923697996	-11.151148082191185	475.84629287286407	82.89088753868418	129.94254691244487	188.2166019864099	53.34384364481946	55.108602881540605	170.56544725258254	360.1382721712587	53.60411729377881	1359.019816620288	422.2186498019191	51.07547365261907	-233.92751929366773	317.5916969405302	-285.75922653620637	-220.73257941748136	-4.8311619415461	-346.7297557313881	68.1078498605188	-52.2467983675964	-108.75459251357188	220.5573905558305	-219.05103364506158	-301.77420602259485	277.4088752635981	388.36524399508016	604.841919600234	79.11843574043155	231.8352312718942	511.9278799271756	109.97147509271826	21.667074528735498	394.39658592488513	122.32856525502754	279.86832509130977	65.79093502435302	26.4253130589346	-45.08524567954434	33.74950015426454	142.25362288219208	176.35056753677185	-87.04262934066477	116.0881204840341	12.086211171933243	34.176429895709646	128.15926024059843	96.63953397079473	12.982709708931953	30.216724643718702	2.4330382536611754	1901.9292309165535	42.61133293113231	-45.87812645460531	74.74840930910443	53.87830294681774	-120.71706943734182	-47.29728896177212	-3.0280751130756105	18.875022333750675	0.0				
2024-02-01	112.9588769695122	276.61861805561944	-145.64632077499584	144.27078126682298	76.70556041420295	2752.269881443779	33.063138386352534	22.01328466035143	365.2208063054587	146.57939022646997	180.79578438683188	996.1361077729553	174.19574155674562	903.9145180106723	319.4439187341118	119.7510620835858	540.6541712041915	162.66789872523597	108.93643847276769	274.5037876438073	232.16770551765023	-209.34505615118974	30.18182857116716	55.2528237936323	-5.863269265292104	199.5643423734058	115.48779001900641	350.74813202371354	-128.79617354457952	-133.84706015548443	14.429840248326457	840.9451385299628	-155.09011726249707	-0.613051756108689	197.92694503219695	193.3130624977312	179.72123990261366	-161.6137992132908	707.8079840329169	60.020202508745115	604.5383199564216	10.364828935755014	-355.46276594362985	-611.5523736205394	-5.797410864704602	302.91351322426203	0.5200664407484794	0.29461130061736185	859.1290643066941	114.50623296181152	127.8592879141953	248.24208069183737	-10.220449437551792	-19.647074973570852	224.7181153534391	411.50401478000185	-9.335552314854908	1614.6459103717916	537.7615125340184	41.15746075733435	-276.6765957224919	301.2312175188828	-275.5015656293151	-219.2225640090728	39.17723074093169	-354.88195605639146	72.53836302970188	-101.38693737058662	-161.7302395328494	313.43259927261545	-236.21537852545725	-313.72901018314826	338.8346409290448	459.32197872299287	614.3387370781838	108.8811400860859	396.42286079815955	564.9293052293399	112.0050095806979	66.28757593973852	522.967979853725	156.75469500852194	308.354096289793	72.82830819179463	55.5195729546304	-8.058592407062442	86.6746832717281	210.42908429662947	174.04639890043723	-60.58755745008628	158.70150553106703	28.093516072536875	48.51836039030172	145.14711710899456	171.61435655915307	29.348492120016488	73.2664672960384	30.624644426887443	2186.807662793254	69.24269223606706	-38.93424947391195	155.80326819342162	133.0293634448419	45.43352296043878	-4.877672255283613	18.602998964039028	46.783934990597885	9.434809813598985	0.0			
2024-02-29	168.3766815159894	428.56932047280554	-107.28181377434157	199.25058489932547	60.7707655316936	3017.390809703248	37.359557892305475	22.643257239735576	400.76475158383994	175.00873232264826	313.20729266195434	1177.2856914017784	196.73036544457483	930.8574161444099	332.93367576324636	139.64709521616334	884.6448573003211	191.11944649550114	135.61190174013825	398.94144691526014	341.7240747690598	-205.4532829171767	57.75112382648163	48.31895213356523	6.022091048078551	223.9061667711244	238.34279848078063	435.48334553969653	-89.42944406786035	-114.60359376385958	9.226052720480311	848.4067401096002	-174.47499708358873	2.561378293969753	244.36985057537223	219.61062873943308	220.21567233439396	-120.03931978127878	798.5291126553329	71.88434250210526	645.0267861689276	18.182733545011274	-433.057299534237	-658.4635384684107	3.2538490932365107	352.7766991192236	12.463764259237024	5.762738930126204	907.2842590719033	133.283607726951	124.44032978563416	308.94034979568914	-11.512013508566383	-27.960157880686097	279.8420933364605	451.44753501626326	-46.353289437972194	1686.7840752159755	694.2201469178503	55.26776231427324	-257.7773113201541	333.5466457460127	-221.98347379209565	-209.24522083666307	69.43667129848887	-357.48218331386005	65.28730902312958	-77.5119423056858	-137.93994811498533	354.97663092179147	-235.47093646771134	-275.1808353706899	427.13185618133025	597.6534401889594	597.5964762042727	138.03453804088417	404.37255053853954	575.5303452032299	163.0673505247713	97.37213235182507	697.0141839639614	196.84177915828792	333.10046096492124	192.20091114223783	76.17902404901838	30.228237857221004	144.68631743974765	269.9433816033329	210.51199032461204	-54.21222911154348	187.57919490681917	39.47394132223871	54.11695715376936	158.07511355751797	218.73921728606018	40.55564511873558	101.45761388715782	45.07443094959906	2416.7943631268517	90.01493826451673	-27.288165390096978	214.7654891090276	192.23557750150738	59.453490713912714	81.09862044431304	23.823924431008194	61.906601507272605	9.028194053632031	26.0402403115957			
2024-04-01	213.1524985632762	483.93993047486924	-41.66570016465698	209.80635185222525	123.56544583560611	3243.9159858416947	35.08968189573898	46.55456804748891	607.255532980952	199.11383779237167	364.8186697395267	1487.8135425016858	291.10099146015114	964.5691320442461	327.5140572414998	166.70309374503546	983.4274853049626	219.06220502446274	163.56643902373355	562.5300127623241	381.99067759099455	-103.25465072585939	67.9827795281811	53.4811005294701	20.189069441329536	317.2480650017354	357.9997874465031	535.5511375182002	-76.1569365488088	-38.466219450603774	19.377483276049702	861.4574662680186	-115.84577175768754	25.982414175281008	306.1431096945754	272.06967261070156	270.6466475405132	-62.44226187894208	991.5558587636609	91.73901018656852	666.200285967634	37.51244695183897	-442.54997409970656	-634.6432375693804	22.444518486777042	432.85500485561033	31.504875539170143	16.563078313887786	1064.3220363473015	161.89741338831215	120.13118314558585	382.64172052938875	6.07383725277316	-34.05326295440386	344.89675920653605	485.34390863786996	104.18901363320992	1762.6888577025502	866.155923960343	95.26600231466557	-214.54395711435518	472.08719447162525	-147.0682302424102	-173.8817628645396	123.3186460948233	-350.4607022176443	161.7294228840575	-49.697787281201386	-118.60491200524598	354.49392259479157	-207.89260606207927	-202.17868607705145	522.5045656519933	732.8604877569167	593.0913008052748	175.06956187169618	446.4239246571687	587.3011052773961	186.78631659332592	148.06845697586925	892.8023693630175	239.02508131206196	347.2854292863037	335.3888678015604	114.779366167039	80.63148134240558	190.93318166511597	339.1218892775727	236.41198730055748	-38.71352521787384	206.2705705975228	54.17021622437241	59.741790547189154	167.24310890987297	284.25750080286247	55.56430189512521	152.78027739210359	77.68602118852182	2595.8724221926136	125.54877686131435	26.382821153179805	262.660913833996	251.91386510849242	152.3141935134041	184.17319309028727	37.94025300602533	82.74856553185052	22.068072232376696	68.76853740238133	0.0	0.0	
2024-04-30	236.7091975953825	532.6236054839594	86.98286074323505	206.76124258359877	189.45444587480193	3094.8848151854218	32.02518408612559	77.94014248012505	608.3543409719808	200.56121075740305	398.85468374167533	1521.85257239882	392.73770107135806	826.0343899572069	286.6064963420399	136.0908886169775	856.0525778791996	206.3785061169233	180.6118402356799	620.1736052280007	330.706015065088	-3.8666915549779333	76.1982618536999	73.98010820118003	27.863718638312605	302.3292125437877	365.0082735549911	559.5274104980524	-101.51532821841562	19.094964669915328	51.1678166544026	770.4898242329202	-48.39763404160914	29.107039552972445	281.44066809380973	270.39508810038234	240.0492145626377	5.847837901059506	984.5221506429417	74.00398193846127	591.8153643717509	47.09394077728308	-588.8268364562123	-707.1989433637385	29.313582134814908	433.88428649247817	39.04276654440821	39.066455322191246	1001.4041592605827	128.259394724355	114.90348087835287	391.7672065374845	44.82264974432485	-19.41259090496942	354.87501408500066	463.67804254197006	310.09637707544925	1551.0752073017165	890.8570076775736	102.0558499561187	-176.20192657234224	487.22685399385784	-84.663470691572	-148.81696701627038	138.47559950360852	-303.8187204108109	256.12917561521976	-37.52748893584874	-88.27642079890074	324.9473685960872	-188.72154307447738	-129.99680148164748	542.7392086334883	734.8871186459282	535.7083545811947	181.1055317359844	332.9770032101907	541.644262352354	187.70746116904706	163.53268929253	911.2312516873608	224.43778350432694	296.05034032652816	457.6704550462305	106.1441501017795	117.72089706531153	182.05872621530315	356.6579564497605	222.08105434661184	-56.91186027811392	229.67348385367268	78.7307580009711	54.44979454834231	172.95570368624556	394.4207202190569	80.53312002131003	164.75271941302097	88.92753865575611	2725.208111898709	140.71704617084146	87.30554005800646	257.8787791781976	278.38438954245805	83.42926134737763	248.3773493087831	52.123682905791924	99.78751045470705	13.730719069437217	95.73642221627455	-23.60682123757142	19.200819799653253	
2024-05-31	242.82647924347538	493.1759028991351	206.986991624432	184.34839502953406	221.8542518510611	3137.912525797452	16.339910030744434	110.19720913989451	616.9339267369785	194.27716082773384	381.2545303338143	1282.071915459132	536.4166967008648	782.8553208452328	243.93784538002842	119.92134212886396	790.3419509334459	215.39134155324393	198.6356927285242	591.6561216249665	336.9698473909035	-4.724724125701641	73.19537080178523	122.25565424401762	27.343182507771132	208.05224682437714	388.37471888773416	577.7755005783515	-154.99697417694776	2.5055010367140085	102.00912640846087	729.3040624206873	-5.8109434353470135	15.738249335633121	264.6146286083485	251.43657155169808	229.01720389870172	53.14530005393476	915.3915384890142	73.49066810372915	572.4869234930886	55.53466974380504	-799.9439724547369	-841.5149446113526	37.56370810789653	400.5918409663143	51.40257764559729	49.7006359073805	982.3302952216504	110.96472870849544	110.09209647190744	403.3190014651059	79.04088121067701	-18.37630016326318	366.194127646806	469.98272241469454	597.7128827598874	1474.0219766246005	1002.3475368326729	135.51651825637913	-137.97826626719552	509.33670364019645	-26.60658960019191	-68.98458841226648	131.4894953373427	-279.9076868121382	294.0683277819795	-2.0807179363392834	-70.31107128009285	282.7863179828853	-98.76780950520481	-74.08398337199083	602.2533330088922	789.8698320676813	498.3084521523938	188.76928166077573	297.16754735059453	513.4023772130192	231.67614201195772	157.96411938338898	1005.6119462163551	221.11188603560004	284.22569707276693	463.03586390630335	86.26724541851118	135.76734518643616	172.42546481760883	343.45542637611493	183.26934566286616	-57.214584329888964	231.6969310831456	93.4331466573422	48.847544220992575	175.52704044594384	453.93055197422325	93.36796658736316	155.7368363572352	81.97093526079156	2824.2128762135953	151.19168479751565	164.68714101405163	288.6098648942292	303.8653152667234	80.91540909430807	332.4092062975078	63.05782417215039	106.200824118024	12.9597231423365	148.11836136991144	-30.676259643413648	50.06315479929792	
2024-07-01	234.40873724859097	552.6386504580373	265.82225662274766	172.63521013873037	218.108025415545	3423.7935880024097	4.825520746358748	137.13139306277242	760.5398015381177	191.12733772550814	432.8969044605303	1201.3026194230454	707.1399799585755	860.8104316122573	204.59535842118885	135.1277415337389	802.5577594442822	201.33596206544289	218.03191968191607	544.0648514634856	402.7078382372788	-7.062465933319345	102.30484306177588	153.2858774227448	25.575144887426518	161.52342617442991	405.5418215668608	601.4625389607363	-182.7837301249634	36.15538988354808	132.4192277974555	764.211103968575	-15.105427594885015	1.6482280502288873	230.5612773335706	277.750515631588	207.9300461860022	63.42244447451503	1009.1324555957755	92.5054211357201	610.9020090071836	71.62205897998477	-905.8608369694175	-878.2853456314906	54.033105173229586	360.4423755939474	58.680348255427745	56.035707937102586	1076.4814740472734	123.86822168003573	104.7440308559186	435.4346452047098	83.60890968620589	-22.33218768318966	395.9074625111796	512.4831008228391	619.6816652220566	1596.810052302526	1120.1646730962034	126.65821122197917	-142.57730949643474	549.1115763299563	-0.5882944143529585	-51.572509329705326	132.07951842046486	-276.39619517224554	291.1603032909702	36.237751341821365	-61.832862380097595	260.68706854796017	-69.7725595566659	-52.622087557012605	635.7817952653963	817.5651615294148	408.2274293739415	199.9389690212874	319.07021258523866	517.0638421058206	292.96548525703065	157.85422619467892	1137.273867628307	239.13184488481926	313.74960998955225	521.3756984777151	78.71976141601544	156.79663894103032	185.5476408705337	326.5250459300079	189.63320134795674	-37.56115977795665	269.269740590582	101.62686868750757	47.48239538048196	175.27572291273935	486.39290676971166	101.72311251750858	153.54510202116813	77.40248241820959	2877.3273965636245	163.2390717906356	188.9047506022322	351.33801161033	343.6821295298392	177.91398938874744	432.0795134975902	74.725912090759	110.66719936185345	29.189478095750893	219.41559489747317	-11.661648763099915	84.64162458015048	
2024-08-01	268.62212837675537	404.00052813963293	268.0194452068033	190.74264972042093	238.19536924740027	3131.2290357517377	19.328701918787743	176.5025672535353	623.8700550477804	225.1085182260946	340.7543410182707	1375.7423535484336	806.3567119184892	1021.8220685076159	179.29457508231394	196.83561465292001	901.023725580251	198.99454550282542	222.12018049220615	541.7261553125927	515.8274388880967	-6.493721690681241	98.76710232161744	146.38235241947262	12.16699031161761	106.33484359587308	407.2981474830357	585.7276591286914	-171.2706093430953	9.62118082702932	149.4126706478981	861.7185595378671	-15.324464401125852	13.116799533788601	205.09928328096862	273.2686260910942	266.94594639275317	68.90789953582066	987.3164166282565	117.18172387508685	556.4740220392916	88.57535672509674	-1068.0443549687436	-961.9611323634505	71.61471553313858	365.3755493104177	75.04297488015432	52.805300851896845	1180.0756319573802	182.92163040433843	99.47789336930339	425.93334969751413	76.47409410099124	-17.7984288439867	386.7403052710438	468.6924594377863	519.6903145559902	1916.707152289087	1009.5686027916463	98.45395537588828	-136.21902479305243	426.34553583601325	34.08100860472655	-25.105099621985687	162.31097745795523	-240.26868762933498	306.35018092732093	56.752697310330404	-37.32192186347061	236.54499917575106	-19.386765807763368	-31.561211208168288	579.6975089843249	725.9659187670181	396.63808961005	199.55589126023324	405.0016220435021	548.5346318709048	320.34528061690753	184.80082650593562	1039.0927496813374	237.12017166094995	279.55600838671944	627.0097019737495	107.41556195521807	166.41602776148648	198.13453855285127	343.8265310411633	186.3498836994039	-11.531988392728465	296.80426661501406	99.71086716871886	52.13510041206125	175.32458318931253	472.50395427013416	99.61932507205131	181.36437447520336	97.85662901974706	2904.573029591066	171.93846777431685	221.70873681403583	326.1001440687098	335.0222253331649	284.66555158273525	417.5011590912178	81.96013170745769	114.53587067127563	45.78822935027271	232.92263815796184	10.692210694792474	121.06865372635535	
2024-08-30	266.4502548372882	257.98586705037997	268.53099110340463	198.43429265524566	267.0853568413429	2568.975137502004	17.35385184990693	174.04073874083332	374.00384838801097	255.9067598749059	255.00079681976564	1550.142241685293	751.8080148383547	1061.774247765838	161.5142985661787	263.0394239403639	885.0373775896687	207.9035086886658	223.86074558555885	472.44188647577175	506.9517287669647	-70.43576588655787	88.39683487974496	112.13405981587816	4.090730751483363	22.33112919951438	409.48322244280274	520.9436337596514	-118.79771674553638	-16.446191607889943	129.1432281790846	869.4688150663148	-22.731891919063685	31.181596857223767	135.46821632894915	217.29054863144853	269.26237098777995	50.19934739021937	787.1211148507643	152.24000837960534	491.30979532211427	86.10166083300209	-1107.2570796651673	-972.3384818710631	72.59784174499829	343.58518509854275	78.54121697199768	26.543904598919084	1249.3164976853027	243.04407839061895	94.27451447929059	376.28483290208237	66.69449508097091	-14.103349370355204	341.8258550207788	384.2789580482779	405.51357573582527	2012.8315835592884	802.0483707144149	23.882212092132676	-137.50734019012611	241.87940875975892	44.43917709050061	-9.176170348295386	159.05958190205706	-202.9942362808879	299.5202314466462	35.25334097619782	-39.47800473059192	212.2352512809452	-6.151816591028819	-16.707718414823603	480.54339913232207	565.3794846845537	325.54979745832134	178.17015687192577	543.0030508248916	524.840100374352	301.90349389578444	181.30465491143798	833.3453139746089	230.5761008376893	238.27295596459658	644.0714845078196	125.88478996520979	179.53282273873336	202.1170353771319	328.02577041646066	138.8645656732608	28.383120659872787	276.2707527953637	74.51174033404138	61.29019629249572	172.1325790117071	350.2824668336134	75.59968991293107	175.3339797783824	97.53735463649954	2895.4547649318847	163.63151243482457	244.43787235780422	277.16458477671927	300.3795062801902	373.0166879443031	380.5483228455848	73.56580108204227	102.33422138647413	56.911863062433376	211.8509587117797	31.591339692740604	155.78703958526154	
2024-09-30	232.4666995046673	129.89516819525306	393.89524829888035	183.28550703638197	318.626368643408	2117.7452436197364	0.0009274717112646158	162.91806341927452	172.50020029239693	270.74993391691953	179.36388032621875	1579.5027737731216	642.3865857834014	1083.074197491554	157.59684015773905	314.8253976412342	759.7738812002171	209.5384111312194	257.0125829877512	436.7567098737402	414.40902683698124	-156.4895788455226	104.8145640675238	103.92681133328881	6.475481020776954	-25.299952978647923	409.7016728245158	460.3755037940068	-62.71663292040094	-113.96735241601351	126.29870369697437	871.67430975804	-15.8321685616595	56.846534429913376	102.59000056841046	141.51717079574013	259.63696572164855	129.30451070149934	507.7160076390659	174.1855468856337	454.5334789908195	74.86958820255764	-941.1195355469072	-820.1830559174394	64.40978400232818	313.1486180106767	73.0050524836673	-1.9591045871127335	1257.7421658185212	292.2759485844284	89.02543381446503	327.29881331510296	145.01697866313174	41.89189070030352	297.4016674553461	317.0007777972869	362.6045665510446	2076.1429184248973	626.7900714475045	-10.329668154620983	-83.81761984683953	68.46244169501517	93.27681133945316	15.306077454776869	143.41083102774627	-176.85836845102972	309.8332855232454	97.84482468499311	14.076294973903941	168.95589689413202	13.39439944953665	66.95974403979073	397.02791243233173	464.1502718233237	285.3139382748236	158.7805420019157	654.2114901168641	505.0372866794719	255.38707218640457	166.91585051438386	635.7476166230681	228.3823592010848	216.27797732994418	614.9550586733671	135.32771874057482	172.314148664363	163.66099858108907	285.56581084764696	150.76469967376192	56.16847604471502	260.91393727240006	46.659797373520604	64.64868861875766	166.2817395622747	215.08217538731617	47.82604952190718	157.82542222179433	88.18830940591621	2864.600377999117	157.8876223864665	284.3228996800764	233.7883402100981	272.3794019879897	388.9126516733063	355.33908100637905	61.07414597150034	87.97025381859254	60.916056869238616	197.37548696863746	38.514433147631486	187.0556838938232	
2024-11-01	212.62391465687614	-23.4187000245758	522.313105711748	176.24106884969137	367.19468109799004	2078.2874064073912	-26.8868152674939	147.67034293984187	-86.01031032785875	260.42623554383215	76.14832041529911	1485.6977677166055	555.0857951816715	1001.6175348173213	157.33828532326356	315.78016865857927	713.5699236117421	158.91934860800808	238.02093611657958	473.6708030030204	383.0698437147696	-158.1472815944386	117.28185975170777	74.23650629216618	7.677093898652743	-82.18398119996087	396.0164114637428	447.0279650005109	-43.43339531608066	-152.59495438840105	98.70782947590055	810.395910784084	-37.448654147684465	61.89442661252796	97.87766895519289	66.74985435935409	238.33783863784433	222.58713469852432	239.28118013495794	156.3756508348887	408.38595135991636	76.64291657833016	-909.9351948173608	-778.6830346521352	66.18017064791087	320.5119094349327	51.37174463771833	14.829240580930673	1231.4832473223346	294.4358948574338	84.15194543804307	334.2146473787418	214.4037307772694	91.69594219108558	303.72301078198666	311.1287388339035	230.7317691016417	1975.337001604958	532.2580364891774	-14.735210620310127	-6.459063277127598	-83.99336589920313	175.4248739645351	15.958754234074377	162.71246205652727	-148.059186001964	418.2142481608096	166.97425546927997	155.8038998614577	165.1229906845191	26.27021728663169	165.16221583090646	383.6782706883125	480.51952282889806	219.18951471383025	154.3886060566931	540.7043329229896	442.2300034163113	209.00031723607708	183.28265828921695	526.5927771982779	212.91588255187366	188.3823833367669	656.6249580037033	135.2427426226132	173.46155060358967	136.85530908040005	316.94470891398055	185.7679958226695	41.81267483991752	209.0636277556083	61.84398984498108	59.57436951462296	160.30157404171587	292.61943322363015	63.30216541158424	174.73111904402583	104.60224991677273	2819.9193089844557	171.11422858537276	327.23565184222616	235.61123202222961	302.4938243724944	354.9969395181146	388.82405011306525	68.43692548664939	96.79183927875897	57.85472427323688	225.606297439684	31.67872151732025	215.07855881500467	
2024-11-29	203.50280881535303	-128.78061127897178	519.4746766008132	147.8068434568473	326.908441731964	2211.6792561874536	-38.97404167017145	157.4809017657671	-434.06298826162737	235.25674102472033	5.166233578429029	1179.1624532584437	447.5669182456818	1068.2410554490002	191.5489270405933	326.4991665632728	705.9458067677089	102.45285532673046	193.1461930020914	611.3490845056976	337.32042675130674	-85.56869001421046	89.07087037147411	26.62091332248849	15.298060035620722	-182.96100243216	345.24354765855975	476.88411287031795	-58.5289064055777	-175.73507861059727	75.00077274730592	844.7468509377259	-68.02020957604763	75.81914432988617	137.8268283866292	-9.327928791987972	299.3957062614338	267.72270023557667	-38.722233456316644	143.9642012887182	394.9932253052509	83.44738734828422	-1025.0094196602236	-864.625737937479	72.64492813319661	368.43959552138745	31.36337974067805	32.68010018326527	1251.8802334845057	308.01021746185165	78.10456183742201	376.9277682309855	233.9890789890311	122.87632961742088	342.84505494408495	331.4089322273644	47.89236109986541	2120.6357618188126	393.61694435010486	11.131977915268074	64.51944350014628	-264.4413795771791	206.0196329665739	-8.38453174116421	206.0076026306756	-130.82825118091785	392.5408523073156	253.17248263938652	259.159078845374	242.2911970863256	61.44306452065257	220.8009323359097	454.249915904752	639.3050883677047	289.91163282979005	166.8003782417743	460.439470291461	439.9686800258396	165.83045887562287	221.79281919891605	330.7185749748596	222.47720924401096	182.19272481386497	578.7633072128488	158.13906065123888	188.893188311289	105.46371466924779	419.4418464542375	300.714261854225	32.93556032948567	157.50652412084787	76.49398506226538	58.57298499434984	152.78085759300586	369.2937154673534	79.55497866103292	215.81416110542693	138.03328414427068	2734.5539330481843	180.9879108193765	368.81125949973534	250.19907660637568	366.9173240049645	360.8508985794298	378.89462510070393	75.7950424594344	110.87999587028406	56.81849607720385	258.0399267972166	35.817029458673915	236.4321272091023	
2024-12-30	135.98932826745283	-189.90608791590387	613.8427949094514	111.01669086194568	265.0197448187314	2826.9892110430337	-60.354358000401675	159.13379974998452	-639.1573731961112	195.06133708261123	-41.78700415744569	965.9353521863268	312.7098646722425	935.744820412745	186.69585914989443	247.09875724329865	593.8870159283056	39.53942403622381	158.98203657707123	601.6614072306716	265.16511796799045	-104.20458505147292	39.86447398366843	10.339766192629845	5.838763719649705	-257.6368291378421	398.8555675735115	535.1877444783406	-78.46283918609689	-165.4200966163241	57.06424963198532	781.5113431498676	-153.90404126153504	52.174307417912225	204.20093645462623	-76.51619315558005	243.75546970492744	341.4850196271589	-284.3376055991023	105.23987734275238	401.98516277439535	109.36459916519988	-1181.4780017357098	-983.3979662974937	95.27639464178176	393.44950405419763	10.73527572080183	82.40806647512125	1279.4952814553135	227.9590913638387	72.01313643791593	436.74190337469304	279.5175748273015	154.09773579339878	397.38811965744753	424.62676383865437	-98.99409458322134	1999.8192662829942	395.89506165079	67.85472952339978	111.36213968699201	-349.73364116312825	227.54033137376746	-13.73074749489092	208.47264575460247	-119.18015270614728	405.6635491556044	410.8713642296025	353.7578703049933	291.64571760026115	109.9285423909115	264.8241521172172	563.9947707519627	846.0385507443007	208.60287691731355	185.2280268888088	294.22244823733604	385.9902582971067	97.46302999060936	222.00993163797705	309.3524124593464	207.20506664673894	194.72216139299235	471.17316073145525	116.20125725774943	194.3040843142938	68.42491625926505	449.7849395067851	454.3106624325717	2.028550040750588	136.5817746920535	120.35317442984262	49.647862006097284	144.94565155765963	587.7926830888118	125.1388825006996	215.12536437027143	144.44335638006464	2633.325043314253	190.53316611002242	344.5035053650868	306.26676692352794	433.3734030574868	333.2256197549964	437.1597110355085	98.53166377844298	139.87056329422933	60.463633877583675	364.2524985147709	35.56415833518222	253.11577792675115	0.0
2025-01-31	106.68140847572488	-178.56160148094907	641.0057908651013	97.77644690434744	267.0301636444052	2873.3973769494187	-56.774369768515754	198.3122438277303	-631.7752128525525	170.32028064026156	-37.481545644828	914.2664057522866	316.3918713114849	883.9095304747243	193.1807199018806	195.2430819081346	481.80419741685216	26.865716649290675	123.26326157240922	611.5059040751821	225.0910552901421	-63.94850338594824	44.21738554090864	1.4319080752070974	16.141381348872926	-221.5807817920562	400.67946229539524	544.6734512289067	-91.5884716952539	-83.96221310773956	41.96624017920129	749.0015397014263	-154.5324060702893	42.842512681750016	278.09905978588915	-81.39139169639141	213.67265603589198	333.77167304504894	-304.0958210954612	79.92946401637187	378.4240091361803	109.28490267873762	-1187.9797245560317	-960.6270313099471	95.53132200123221	385.9828608503235	-1.5106890682567666	94.35901090429786	1143.6319738514394	179.5977645112494	65.62359190644645	438.50340381339856	307.6072522253585	156.97690333158312	398.51450284121506	432.4599561211521	-75.59163881362406	1897.6623299382954	373.84234204372024	98.75681121324851	128.26032650534762	-306.1980835529529	208.2080385710393	-26.800485352568444	197.21026049563977	-102.62558703484706	430.54282684325153	473.755303355823	363.2373769198423	321.2952595762375	119.7999559726735	264.4798797815657	576.0389178764326	916.2903279588718	205.09880674319584	185.76684463998015	186.24723529387938	372.4356961013359	53.05516872923465	211.20575455725236	334.04826014149876	192.77983191240514	185.23033192625735	582.2557845149183	94.829898377304	164.49999811724723	64.21691567890014	477.91754436306564	507.993836605403	-16.531237678009518	66.09010662908008	129.70503613161065	46.866093335578796	138.21644492419955	633.0422091424828	133.3711509267231	203.60728211837863	141.06701821312942	2518.7089425829236	191.26929484320402	324.7550715187132	299.2308089400648	455.934808353058	249.057160045447	417.20337433892394	100.62611866840552	146.41556779986865	52.2124438206244	383.36627104924025	21.803510743386575	264.86779747450396	17.056655952150322
2025-02-28	79.44501717587457	-192.26443134299168	825.3745011303776	97.35960351765294	278.365585739823	2388.4406347255554	-41.32618589432406	226.01954046626906	-612.1434967590429	161.56277243730955	-50.397194828536385	913.1537266625917	397.27912978416225	878.1462635596688	224.80142857617489	169.0688375754005	291.6378554017256	43.65818771116636	114.31046561902807	497.521508357579	183.62229684867611	-65.0832183724699	104.6736734152287	-0.558980513608148	22.054825078860063	-149.1086174342595	382.1408093588677	493.59249985183897	-176.7060495024101	-89.36942152680723	44.38852951619498	739.1615444910867	-145.73502465111642	37.96167168957609	275.81498650126895	-63.491171082405586	126.56492873993042	330.4470906371415	-240.11550697645714	86.79791689199794	273.60734646243327	120.4625970618483	-1098.3099955854373	-858.3869277178474	107.45358771236936	279.992569895051	5.249417046903254	98.96495468558123	1196.003597498298	159.79598513768326	58.6927347079245	373.5909053145865	415.2159801136007	208.8059234571606	339.8997836041028	359.62699758168696	-81.3921035305184	1934.2799111683184	204.5292632562241	92.58283703749038	144.95355774832205	-283.8541226895984	203.101450213244	-20.932317172188277	179.27790151209035	-61.33534571661096	485.2354423190102	445.236607822534	420.0850273581202	329.83759227570647	97.72905295141345	315.54876093519215	442.5437772069545	693.148412015039	226.0172496963105	168.49628355181028	201.02801197670692	352.03971507775987	4.702256479432322	193.87516980824643	185.58102246333146	142.13299980379975	118.01008321622498	1086.8066776894657	74.15283808589163	175.25302535068	71.00144254290319	452.9613390138627	420.09022472821243	-4.354035484648307	-27.567214966667848	131.73909967852967	43.13502029760872	131.1749553141958	645.4860334970567	135.11260917558673	185.81852557145294	133.49476720611096	2373.957725364882	184.35450841859347	293.98815669823205	236.56034851941786	443.92896797079675	339.2952019059079	381.97690741801057	110.49864133023618	146.65442471961205	61.8884138732615	323.11354784298555	41.8482992877998	270.5084153886155	32.0839319645449
2025-04-01	49.64115329172057	-163.94480812111857	906.8100278186738	92.1543692135125	344.34741225710195	1314.8169581005805	-26.707457372726147	214.38552270335936	-606.7882988238648	131.1125806630805	-32.77971216565513	627.4551540687003	417.69224456370057	796.2075582709276	211.48666159841264	113.8745166746221	63.551839769236494	47.377847634190914	104.19091783700281	333.16433936503927	88.3440466747063	-13.80349130299237	113.60437739563605	4.3638188495698245	17.889578837694273	-188.58283820920877	382.501767736978	350.09017436092563	-211.58809644915263	-72.48789234458769	54.38623319274234	681.139459656948	-112.99745216088232	28.972277412751943	152.7602132250101	-48.20441839999131	9.10699721684091	318.254577154255	-185.73387451908775	88.30289497307729	57.14012268491615	137.9851916644571	-1085.1139703802673	-837.7085527329314	122.391090928535	125.04376146047798	7.647372067118837	107.80626360083221	1174.989453005693	120.3407274679482	51.097098392753765	245.50970786256835	438.48888165052153	271.59184515098286	223.62836551584132	199.13732365841292	-232.41374862663292	1823.647001717477	-74.666758064835	36.91397539728146	137.22346922910367	-278.6644829123302	196.78462991135177	-6.195827003028626	157.97043993672685	14.34707992503138	546.9413973217759	348.74853706362836	407.671354844342	278.9368776758745	59.61753257410055	331.97991562424795	229.67551521216046	332.3205672761519	210.1191111163971	122.77162333905676	194.48267485659608	306.89539475742686	-54.8902790224945	171.94920125890008	-47.4252741021628	44.95675557587356	-26.75044230260505	1464.389501975812	46.1812687612902	160.37368163925328	66.80741445743456	385.3054254874912	273.4099764650414	2.59296996239857	-31.42452719791322	137.00154526935285	30.958689370603366	121.5243114665875	675.2504014811002	140.25978874255662	164.09086030700746	123.90488272425512	2211.7373127465526	162.64986431318243	262.3176982405864	112.86620773334357	369.7546058933749	399.83912396063056	261.00346185092144	126.80988427104484	139.73922648419648	72.8006395744491	202.92860544256223	55.65058507662759	270.52899966453185	38.365040339331756
2025-04-30	45.969597975785746	-167.3941179822425	789.4596363891017	129.8473242847719	425.85237707506985	250.20685504520225	-4.932411277269972	258.8000600930094	-670.719843787733	123.18453017374395	-37.418641498184485	457.17352260047164	467.7821406786079	833.0132054949222	208.3711069824369	46.32828578813567	-161.89928398767609	65.2371123282403	90.22173449470895	116.56788812798459	-53.001983736993	-126.28915104888074	149.02785050660884	25.155772249215516	27.220721408249517	-182.23831677214415	247.91933914725246	161.749047780841	-227.25328880129607	-182.98350229928408	90.11760464440906	683.7946781284554	-108.83890580929467	1.3678567561609967	-8.778083723326858	-39.835343457439606	-93.14273090998014	248.36447003139585	-152.116696091236	84.18778193677821	-93.0142101782285	120.71057159088417	-1055.1685735740712	-804.3782224149154	111.88202147421393	-95.02961205723409	14.259237721571516	81.65209630831635	891.4362349024051	72.96282721740843	43.429817234881284	81.16492944194351	376.46255046083	277.6242097215236	73.9884634345135	39.073455115157	-210.8758345538979	1818.19966857365	-334.93758163753637	-38.86645331838652	97.75753243691634	-308.56408222707796	156.39247258365447	9.647639755806836	52.276150782154104	55.664824440554185	577.1209190894658	260.95561264184846	353.65220662185516	219.99231787154395	19.084447642077407	288.6790850334452	41.41835117253504	65.3944704575797	286.6272585366996	63.88270319084563	166.00591722715058	345.00490022282474	-95.25567190787251	74.7188272043395	-301.9157836513068	-42.541152330899536	-127.61721809424284	1898.4730181164305	-26.352827390842833	124.3079329995245	-1.8397576410645797	252.17701583424173	119.12660502282915	2.342531637959553	-24.303564625495937	111.45169073097748	19.57039813840794	112.79169791475965	547.1302681544109	113.36765161702812	59.87259101815573	50.807280069944795	2045.3889324031516	132.3308985006288	206.7254335429568	-10.483227913161159	249.25029683456364	282.1760865375652	119.07901322988005	106.87449252022537	106.17906662521852	47.21384103414121	89.77392546277349	36.43389148592948	267.2997527792834	39.382083407580325
2025-05-30	100.48534943402512	-189.2053401680745	667.9765435442287	275.41136046514777	432.0158804978571	-30.95787219367412	59.44483290287258	353.0159393959798	-572.2404626037392	127.08245730572307	19.960046819397093	333.19798194052737	678.174278668761	702.5302802125002	214.10435469842946	17.55130204944055	-381.26077531784154	111.47322546687735	106.8553426723953	72.18674927086886	-210.70035527405435	-238.53411908033172	182.4650078247322	66.28405434937396	46.48162217942843	-159.67751322783772	198.58310305865723	67.1153824161729	-198.95244214295704	-231.62396703619547	140.39302236927122	579.710413906444	-79.70166756838032	-23.177854191808017	-25.964108912845518	15.742681536046831	-108.17795460329378	189.38028399492148	51.217921844562795	60.77263091595887	-49.639944145164236	62.44524676933682	-1057.3636636431002	-793.4098952729782	62.02567295335345	-217.92288984288143	17.952022003273335	28.339441130679575	331.4206856201549	44.895140455463675	35.770185971686715	0.5727950165714901	306.8438710280968	279.27667043125473	0.4648621019141501	-3.6302179322269694	2.2843335453299005	1525.8407068657089	-343.40894360556604	-62.51469202125378	64.3045286292786	-281.78570228400207	112.72884521401602	34.05374997427475	-38.27287609609937	34.806316920187214	490.82473402371966	248.94311485558148	276.1347454404715	166.78079580304222	17.87627290465059	257.4247799346825	-16.354198782201365	41.273878318052994	235.8575360401901	32.84477889176321	79.3649353447197	313.6154433312636	-50.98835621027945	-8.437070808620092	-271.3064088585288	-45.86691093546847	-95.25300213631704	2330.6383061574247	-65.0961782788986	73.58784991698417	-105.31576569469496	154.5547486118005	55.66788410027448	-16.23254060516723	-42.75920021192451	60.90052681621768	13.532593366717123	103.41900290109061	299.1144783698019	62.43365200758495	-29.551773529030356	-18.522213948117837	1865.168852936642	99.79956829522189	143.1179252734231	-29.59184775524534	178.88087201287135	-58.20448274453247	51.67313837870552	56.31050634576013	58.88141892585577	1.9466907913839577	55.233014515637024	-23.78847514710617	259.3719926196559	63.47210122006133
2025-07-01	214.84975211664437	-102.54919638637759	576.4561419840704	554.8471302067098	408.2332090685643	-2.4998992721011746	133.68468682022413	523.9328401135023	-92.57478053537807	172.44656044877598	119.38282947623406	259.40603061175466	1212.417522506078	556.020532900764	346.5864023064106	-4.550938968681578	-463.73498737264873	147.30018982457506	147.340910695589	52.100060182165635	-294.42752377237264	-281.85045361567154	246.87701158616028	120.6461036804125	83.10309221237685	-84.06820068149509	163.98686031793284	27.143753125218154	-206.44319536235935	-178.4896642411956	206.00798411976052	447.4005878678963	-17.310176191512042	-40.69048372148072	-10.986952481407343	178.46567277200376	-81.91178044806423	151.12520167267306	641.4080973159428	61.348175352178146	44.47566922178703	22.440050911514476	-899.9072746828706	-671.2454853975287	26.942276425208163	-269.0085067064099	20.461758133856808	-20.87362016135046	55.29384426547222	26.326033892633134	27.979833982834975	-30.272767080663243	250.02765257036714	294.761343661421	-27.301011657427352	0.4499263909960973	364.93468219166607	1128.6226971996002	-182.84161392098804	-56.941173580534866	55.27319149471043	-118.85386669464822	90.32088154531561	67.57806774599135	-96.78489385209059	4.592212431221128	384.27200155311743	214.21784931081936	217.38568380010634	150.46879261722165	41.80303264624342	236.9539901235347	38.10590903092316	261.095460565326	132.86775923731147	15.743668076699578	107.65229787399994	258.4775947883968	133.53810737723768	-62.32027830844106	2.068728384973383	-16.61307408002608	-26.612418415507136	2942.0122962997884	-78.73962306025533	11.34598200671553	-172.46998633262695	80.1651024693922	-7.60452262728495	-11.657033371360313	-51.51692583060287	14.275053062798861	13.482004940415095	93.43893176374627	66.3757133302845	14.693009067354467	-87.3346677518391	-66.13287399509016	1687.103780170568	72.66670405592254	85.12498437053819	9.85342711345038	163.51120391323389	-229.55694968515104	20.741118479611032	17.250503924065185	23.158358556435417	-17.19780149508216	54.20313853685616	-53.3032884915735	248.83219715992925	144.60871254334174
2025-08-01	279.4707997626099	-1.7866183538388043	550.1494424764605	628.1411180226276	351.169767870394	445.415378721309	156.9012161058242	631.1758303771425	188.0433202230638	207.70508354110353	190.55984271481043	381.57761022863633	1451.30777260666	409.7437659679722	358.8446423640396	-19.32164054897754	-404.91861679883135	149.9289770035221	173.82243412917109	147.9885240022768	-223.70520676445915	-259.00466389096334	319.2791788784136	141.25386733507105	100.81372806818291	0.9403650825027512	302.2135986595515	74.35774801043044	-186.36183287473432	-69.96960756519744	242.89274214642228	323.740246446298	31.75963232695449	-48.220777845520274	89.78743407116724	302.1508053564516	-46.416432166532786	170.2540597060368	1091.091196812427	56.00836688234841	138.28552583562987	10.65117090937244	-626.6102658902419	-443.1636460890136	18.279781848514958	-184.7290455790585	21.802229517257878	-31.054826307567737	24.315655710118904	23.16644646389264	21.12766512743042	14.356449227276698	226.77643854058442	410.3367512687844	13.000926885931676	66.84520667101287	627.2381484633806	781.3246561460951	22.709684950639712	-1.435131866352208	96.29318655093505	-22.623040424638305	99.49745702736197	121.1521644218634	-108.01222473148778	-20.75758636299281	309.3152749710889	200.44197358225995	206.9394586763445	91.05003439909979	108.3063127541626	247.01256143933927	169.95537031458662	504.2127985762504	36.34924403074956	29.335363477338205	99.00853688606617	207.64340934799338	216.95852552789063	-73.76599825232506	209.24433188972216	21.262986842009695	42.111963726652675	3510.142862296192	-81.68894507653897	-14.38072518326885	-200.1779018487062	54.64236548629788	-6.019417429333771	-12.96913606003909	-80.01416580730279	2.9697952498206632	12.241493246442303	83.33861291134315	12.82741803209501	4.002238556418433	-98.89998789707374	-79.59196589702822	1516.5666245289249	66.8215963907686	92.92792776234478	99.71523013007823	161.91548633890557	-281.0000491869969	49.23447674469344	8.236186445538749	15.224895948690062	-18.02739319832716	108.72048638148169	-61.55443950752794	237.38721292297726	202.5605368545929
2025-09-01	291.6291554886344	101.52233061805325	525.5859480563697	628.2012772942484	339.70884784083955	643.1967778129347	161.93148862081378	667.8047479665681	368.1454348347852	210.21357015689483	255.39458422545408	395.0648411592963	1536.9146597610475	296.69310012644974	356.0740612713154	-12.569107861758027	-289.7286082670103	168.62107083231462	190.69851366268227	172.89094715344163	-108.73810532363507	-228.04178645756247	324.42815754077174	143.54325122339043	111.53110114888682	62.17271754921262	600.0383605595927	118.24168854702839	-161.76609458101882	-56.66830648250773	260.277901156219	211.620295530945	104.19194528220032	-43.41381349782887	167.03968760414813	359.52053913968655	29.53402721394758	262.01639032349544	1298.8215270615003	53.0548478061001	181.77261556848066	10.584751623275565	-419.1500067212355	-261.61235573978047	20.567614194940575	-127.83714863113528	26.62023760916648	-37.29452280193425	24.24707669717145	27.12271020192287	14.005978903453183	47.53026752814367	226.32650829512272	494.9609526777806	43.36894693014847	95.79549047924252	759.1086856033332	462.7318036377055	137.35263523012554	81.52680368903083	177.9450643319227	20.54003029176215	134.7407379329644	184.22545291377799	-87.44077332767574	-29.988887754110465	284.1127368864045	212.35117928671139	340.033956521681	17.409432378769907	175.70321895980442	309.7204763322196	205.5017249252178	598.6418792634918	-50.12419024661358	43.05661946508235	128.41919825993727	163.30125175414287	249.63833315477677	-56.334019834207425	296.08154248581104	50.01474508660158	75.53071382071039	3455.632122448149	-57.8725589841456	-35.79763416713047	-193.25079076637724	47.07648319456371	31.895660469152745	-11.306563919586893	-110.56777906403022	-6.32823570228669	12.901083239219332	72.42395984614905	-30.898303358833118	-4.422359966600538	-78.72997493539754	-69.01793556205911	1342.677943814051	63.00073484055383	79.41820081056369	137.9202490146713	170.51594752563005	-307.7476930451543	73.02078367566537	8.350927105590301	13.21993618146837	-14.671710152490931	147.162482172649	-64.25824382901146	223.40332171200316	225.15376999280988
2025-10-01	312.10066761422104	103.83223313679406	554.5484150651982	655.6781223043431	439.14249519846567	1131.8369942632635	148.2916925904823	684.8697520912201	882.1068702254574	206.2803163181087	238.77082831623977	473.6478870995493	1639.81366487152	141.99055350143772	368.9294632516024	-2.1287983686311804	-10.943269099041629	174.23507789420574	234.02171550120948	190.14732592411383	23.050419920286913	-178.46576236901865	332.06387871256925	132.37081732526443	116.34622772098322	152.84677526945762	740.5583068744133	189.97665301663346	-149.09352197375	-52.177781886720425	261.22742655514315	85.68277779309074	177.6982580884447	-48.51402456619581	243.0207097827947	489.0956349230836	93.9941721114113	344.383110706552	1769.8562508922566	67.80869374653707	259.9085252870202	17.27304388332294	-260.24944496166927	-127.77421471735579	27.989142728612833	-85.7689367010214	34.8376564716855	-33.910961834817044	236.96435567027993	24.470060690334464	8.707909476020745	104.58390330382508	281.37349197584024	542.6288961458473	94.82798476648918	168.5063902810391	817.1950087157868	150.31245999277598	377.24283634476797	195.8956909646416	319.46336348738726	232.35556211599157	236.7672323608125	259.805513451559	-82.42572871846278	-45.54162849962279	554.2960525549024	303.67692566061976	490.9932946360976	-0.8099522381123734	265.08578166416964	474.7728425875189	299.3049785701278	826.2949701488087	-149.91392627380583	67.01278732288074	184.05458091375795	81.82174628250596	306.29888834139274	-53.21549346398456	670.3960495225201	84.557124596049	134.39722584021115	3501.492680940306	-55.078834056263815	-65.68182661606363	-173.16689954749643	33.135880207653145	83.74291566722422	7.87610544795217	-126.61362057811561	-5.337612651443806	13.677842410022066	62.467143805202	-32.22139061030725	-4.452456578934232	-73.967682630284	-69.97347176194796	1191.7205887869695	92.37723776138114	92.48398873574195	220.82382697079038	236.3287359946803	-183.34187736336787	175.13884006933813	13.509087157174008	17.99432123698432	6.92675111754798	206.44662266569776	-35.62461673858743	210.69838002406902	275.636815349411
2025-10-31	299.18796108057313	275.4678076125489	521.522825170865	761.3253164841599	515.9518426808172	2016.9999119877284	164.74174280232359	864.6220866146095	2010.5607413203409	212.00219788218953	325.994561084289	618.1233331425294	1968.0155197719205	-19.96552356081338	377.9297313262646	-3.0434207792019663	449.1666333888875	187.97173461407965	287.08351100801434	242.83368930938013	284.5236610248969	-150.44745339820838	383.5316598711835	104.04276878118583	101.11013578411143	285.80551461020065	885.9994319445952	308.8615041968551	-106.35032669885743	-85.87994725773828	230.3852042538288	-60.76089958559987	205.11907730735226	-56.59799941166988	396.0653771888577	765.3354157616893	144.04640514814042	403.55052396416534	2770.7140777210193	86.67829214383039	379.47300747665804	37.42403527778856	241.28417314187027	290.69052481199196	47.43809038901372	12.164384790299664	42.67584827554239	-18.96571661860912	551.2982621462088	10.916612193117288	3.192497358548053	195.14611224453574	266.6346812496306	505.157041672713	176.67984575779997	299.983263855587	1175.1798358101987	-216.6965855191752	779.7802918402617	347.96896388748524	464.26873685652106	615.4871503209472	314.3035926689615	359.0912354420988	-77.79675083119946	-68.32797195819217	642.5326991449083	376.7190255905249	555.4855678314167	-23.0874887592056	369.58991567558735	588.6106550577654	455.44129288433896	1036.0883707309385	-282.5176659713643	104.43283961366501	234.47395230160578	-10.681827039602922	456.03962660255934	-50.15683021133793	1399.9523416472466	125.82963590185375	222.36223414597134	3418.0182685305062	-62.84964667579976	-81.00959268826637	-99.95857546731634	0.6573252653215604	119.78752736408205	31.87492872336466	-82.06499663718478	7.508765008458624	11.090164615229128	52.5353890101419	30.072073559258115	8.453391653619462	-69.72040607835379	-65.47552045750155	1039.4757706463133	115.1716369485066	139.47332339623745	359.26951619483407	261.15180859779025	29.802592832833454	292.7415606797531	27.01449942683263	28.464847464977993	42.48870836661547	302.01115036823967	8.522496862812552	196.48458896123213	400.4781526744843
2025-12-01	315.39611195132284	403.34902753221655	482.83040867084037	701.0757882296477	593.5222463671844	2323.697885932932	150.24856962304142	766.3122959282205	2544.3784485268125	238.71515701558667	365.9488858668565	946.6731341945915	1822.8702757755054	-311.9533967638781	330.34474315860973	8.89254947474717	977.0144253918679	169.0835726371173	275.5565341378904	256.09503439584205	657.0161737285518	-87.9974497737727	321.5938988731069	58.707308704668776	82.74628627620714	385.46852272668696	962.5923867909305	389.0500162599028	-44.35864757853858	-117.33790528261659	208.4876702714948	-309.17946878419116	238.5404999625113	-48.72220957987028	447.50118831746533	850.964283511129	160.00070889607235	416.9759386965678	3082.97919118921	94.01163191772184	357.5715496538369	75.80259345941138	460.6855269540247	482.61052953645503	81.97474903248184	138.73531182396687	48.89127610769081	14.0387815689906	828.5810649464793	5.615203234569151	-1.5583243650269196	255.98448021843183	216.97441580522946	466.8038101737382	231.98550311963118	345.5104230546433	1122.7661065179068	-788.5967225709765	907.7648414166315	402.3702610689455	555.5728888169288	773.8101624829244	341.7974065106957	416.99021797646344	-35.25239733163335	-58.60268818021916	750.0260327412639	329.4096877647263	524.828706985353	-110.42529374885794	418.0591567503628	609.7028511807957	497.96402823723156	923.5918318674685	-461.965780148646	120.4357054399054	251.9864889609646	-182.99636936689512	499.5539161583256	-12.35733258002631	1642.29038585518	125.39238975252272	210.775525261771	2411.06948421746	-53.28285698967164	-60.83529393518154	40.177906118958276	1.5664704194903152	132.24937652858353	41.843983069335565	-24.395917565708032	35.991463154226835	8.668382384491537	40.36769679864119	175.735885874039	37.983619450259084	-27.440915631167172	-29.439726265530282	898.0291597689156	122.41924457410425	176.49760085795674	369.87328678700146	260.6751892368386	229.82311622943826	395.3659661011711	51.95622675976523	52.08223358189389	76.01382956605312	345.51413196887097	47.80252028291207	182.6651336146275	428.83832625567425
2025-12-30	309.02784122373305	597.9431557336836	359.12338432260367	644.7873077739773	673.6123129003904	2220.682398193241	141.6988096657543	648.6920292139689	3043.8012296056845	229.87582435472802	492.3240391314182	1008.0826921568068	1702.380977092529	-497.3045164011942	285.3788851492105	-2.2321125126765082	1263.463842354667	181.92621694799482	260.8393399851534	253.03370375531586	800.9527072598248	-67.95893548219442	270.57375002009735	14.121457258995349	71.1639257709506	400.508060656575	974.4081837409676	402.47323129412325	-21.885555791040588	-148.32490262748897	165.02556004202648	-453.3578602768375	279.7713332122655	-29.23572572283635	478.0433338097462	959.387206067483	176.27952800719095	413.00127694589673	3476.0810974054502	86.51833817838309	327.00273236884163	73.30575571706706	504.3966842865166	528.605074791195	78.7054240093604	212.71662213528816	52.0726936250863	18.13757672168174	781.2693383792262	-10.392267201028744	-4.362567504333697	260.1761075300842	149.72493788315148	369.33972881058855	234.00005699306485	329.4132196406117	1026.3312346007715	-1136.5224473914486	979.310921499412	430.2584859037411	613.1413334620418	943.5077876257762	346.32755244538	420.9260635402144	-13.109582759095474	-46.35044833930226	849.5951625800126	263.7380190836426	479.90151667396333	-189.52661014061732	442.61432858486467	597.3069187705405	465.1943373329418	730.957452857062	-558.8979378998047	116.802017403955	214.8461770774718	-290.042129449987	556.1982126118673	9.089368418650565	1833.8191463608146	124.54923664527075	193.89543171320065	1849.6035950467249	-35.93366211393274	-63.581716558254925	100.07687442510729	29.68680420217038	142.27450840179654	36.96495051126007	-22.146669506285093	36.073307329491854	5.490375392154277	31.480338662945655	175.551010348006	37.49134254596174	-2.6126557131723303	-8.914103023395796	797.5825877964198	121.5153302962758	121.88301179974712	359.78273672882005	246.6417244744639	208.79349836589427	395.7627545743171	45.19149904581167	50.41755383760898	73.76218961883967	330.56597753754113	45.40420939287863	170.95577465968336	467.58667271239074
2026-01-30	335.145088966156	1135.6970823667657	304.72813038351	923.9667453554578	968.0109213756864	1976.4831683629782	212.19096555826263	671.0743269337408	4330.050515525719	286.8619696715052	899.3568766368937	1330.0792600007253	2201.335666229884	-700.3533219780375	317.5397483912999	-7.172812209003439	1375.2073966518328	216.96308836901983	320.0763597833876	310.40906948231077	854.4501005329394	65.31282004428522	375.7857425274674	18.44251726368833	63.16412539431974	703.1215755041177	970.0943957035365	388.7155748432997	-41.77361888530538	-71.43434169054024	167.7398946590173	-612.6229139692018	458.91022146822337	-2.9732117544921195	540.0342790297811	1342.5497209136001	214.78130482991656	407.102831483875	4863.338912364604	75.89402489273812	290.3130714973381	54.88905103344456	784.1603967925048	773.8203598175614	62.48012151753363	238.70801381793194	58.543170005358164	10.003425346006622	653.8703871382322	-11.080495755515756	-5.855134613797873	232.2678631083911	109.61574862921577	303.98102169571473	209.71748560603965	292.68007450083223	1246.6871253110394	-1561.9715316911977	1236.329440006757	506.4800022241525	689.6222677986965	1550.5234976852425	380.4073726509856	465.89237930926254	35.67498086068281	-31.16902841649687	1249.7424015729316	217.14211477645108	518.3094672094685	-291.48771491665366	483.57598565528747	592.5277635527796	460.5404727884861	745.819062765634	-693.2876574123397	113.89446588462533	151.34294778223693	-383.053729014498	841.6862948506225	52.56246082388839	2464.5511429311046	112.015445578558	169.58150211717248	2377.7138924463106	11.764128973939677	-31.99497514621845	114.29969201042411	-26.83935447429144	119.91109664076907	29.5746155231746	-74.3601883977118	29.732491927063847	3.2031888910560724	26.537489572029926	145.49051797290554	30.309099632703806	46.119341937089985	30.36819231784841	713.503957932382	136.61114589272802	75.85962556126424	324.72645923769664	209.45699463762685	140.7584509772554	357.4404893178398	33.5172362137032	43.25998743013008	60.77164785293962	275.6320027057027	33.28131436996069	160.83010779232677	642.2568172933
2026-02-27	507.32036997326827	1781.7750079670373	152.41663711717274	1551.0853256517967	1041.1705972146347	1256.3129527505844	363.7243946385082	719.5077358054264	6089.423978910251	376.3228738435764	1442.226446150824	1567.5860522417865	3046.9041014378017	-727.4050748283403	316.2064673172133	56.21420874196559	1384.5998475288097	260.2259029726579	376.0748320995664	479.4267442152027	862.9354262028987	232.01788992713625	487.057722299945	11.7289692538248	70.92422862819903	888.5595128669477	926.1266776404595	344.67603311243283	-39.85740975715623	15.622536476203187	217.63167579734568	-670.9970799554967	606.1380970832506	35.211162036149204	637.7287803484455	1882.8230591552208	225.12948866087737	385.9207492178276	6805.92847212284	84.77533573213208	170.7874104356863	52.36067412021259	1063.7372195623154	1001.0041388793611	61.863151497549325	236.48610315183623	67.01934626662438	2.216949007662606	633.4049349252491	22.48635476559707	-7.573486033117433	173.0868021093454	12.808876254438587	233.25482673023788	156.51059133068952	185.5979505089772	1734.293869061814	-1710.6469249467664	1313.2998311201954	520.5828007117626	727.6061337955437	2229.7079338278836	412.40848990069105	490.24198635748974	123.69393952126336	0.9913344731919551	1257.270000199701	179.97104033931146	497.1133294238548	-465.0518067888555	478.6717748727094	565.0716897512003	441.2598863801636	672.05750405861	-718.670017500504	104.32325736862435	164.7457606791529	-423.9865326334939	1319.932850941159	130.7449277051548	3010.7505614475167	79.3845998678139	87.16229789547151	2604.378943018535	93.30272670430656	46.89168152985559	128.59157611296314	-103.74197651718237	36.66232963969742	40.523072063076	-95.41730198921596	22.491384566849376	-0.552275839811017	22.201878585648274	110.71077052651253	23.064164240429136	131.8670226323751	102.22011208281629	634.6701859589921	118.99227362457304	114.20104725865053	216.00758358790245	136.3770723851644	207.35898151882452	253.55714434518427	29.020338348867824	33.00465731347185	66.90500520865135	179.45991106256406	44.939316309376046	150.63326457209382	896.370977755733
2026-04-01	474.1806056249543	1611.1898165912721	27.245197483354787	1632.7961491125516	793.2183207855246	559.5830183163889	430.5577195833356	548.4865052053315	5922.8190163219115	311.33042342745387	1281.2549833359021	1253.0709351721976	2902.1280245411144	-862.2992938075272	205.82236027250167	35.32143987428748	1380.3693746027557	169.5219950908463	281.65137817130756	449.50460211322434	823.0541831927471	530.79808230519	513.9121886400035	-5.207162843813023	41.04920856021657	837.4583628505447	688.503218968076	248.86538281613684	-92.0106499499131	618.4313065006951	218.75994663311593	-796.9105263974834	662.0073581096395	41.05142496463443	507.0682726484363	1801.0047266571173	152.5302747272521	346.53325421924455	6515.361543930287	72.97340038700384	-36.23184628398076	75.50516673338251	1018.1600946410952	971.1864608414367	83.02151532291882	120.11949993345343	67.52123855007999	43.37672434599631	681.2357495050555	-3.783492952740744	-8.23378222915619	100.92979608670612	-74.34610098052656	193.13340959606916	89.54524119224993	82.31888044435664	1982.9357238929624	-1968.6372227599177	1167.3427647839908	455.70311310944453	720.7544674531588	2257.845564607525	421.3463655805134	489.250921523646	201.36355596751991	52.98460411740507	1037.6230166737196	61.43201493533161	374.29494092273774	-531.4907448747198	429.3206455811922	550.7843010778372	356.5396491033216	503.0309707715478	-723.8730914133903	65.12898126730329	42.91441906542377	-520.9164786796869	1289.4445421875703	196.24202599120918	2803.936848710013	-13.54053188171656	-54.19858697724521	2530.8049743852334	121.80068882245928	71.46933954119686	109.12661681718413	-162.96931534029068	-50.27859810595692	32.57418121597573	-179.97127088619231	56.725396239845224	-15.878655177557079	19.411257012478927	283.1130590672001	59.10019349044393	204.36463782857413	167.44432006518946	574.3984243715386	77.73371961389023	156.96334637514133	110.48922850806184	74.17280280928935	287.9331864764391	175.68787322933895	52.31068423630052	45.75857114171845	77.90618258745741	99.29143413497377	63.09952511377966	141.79556018726112	846.060690193548
2026-04-30	483.5993816358073	1577.418333161899	-56.759517949480596	1685.1109967574462	561.0471109326095	1206.2695874789933	592.8462878010234	716.8046784946864	7738.135325826948	280.2250472341992	1231.5003778569148	807.2619097526308	4053.1191368442524	-942.8889979244977	153.90585392792318	81.23817013955698	1347.3232601331656	139.68779473482675	303.2965854228577	469.2693494336172	721.487857939419	584.6120151735773	638.3805077335628	12.017135436030287	34.92471754842572	826.360270489108	618.133419064276	288.8611216090967	-157.91849779060328	1164.002856978049	261.03183517605294	-855.4136757159649	632.3472837381728	30.58487295370325	592.5911082136668	2108.0556494029242	187.371105983348	350.04600298985747	7623.000479652153	58.82534548039649	61.35544583032197	62.065456081510376	1332.8681124976638	1206.0921716601329	71.53068744141535	54.49464037417374	73.67020783968985	45.483640886956096	571.5506422990602	31.91484725020345	-7.686425192005572	147.2207914641749	-126.27737640577584	137.56511973386722	132.8183593247063	179.22307944012027	3012.4571792938514	-2066.6591040946987	1670.8241408143003	552.4836797543394	791.0120622655439	2738.578750491276	395.1957742682672	519.0402450672802	231.35552280371007	34.93852464730446	745.4856473690893	67.19605388553305	399.68033877582	-505.140706264424	503.4151304131627	546.1168593875957	458.31035140774384	912.0716936415511	-709.6528138964072	119.262741561251	-44.69130944462563	-575.5057445573484	1474.7234570456321	222.15045852435605	3304.331429343256	10.375111827662295	14.8823362007372	2827.60327028995	144.86458709720625	66.73980598448907	54.4916121416361	-171.0493049287029	-53.48206325588558	22.869049394275407	-211.41737326742646	56.31627085776472	-17.46924910138449	18.40946957570918	287.02611397282726	59.296699678925904	232.86688585378306	186.15921968196199	532.858329678269	54.4598199724594	140.7977854793919	222.66955242871882	57.19340846257819	212.1229538008397	231.2687598250543	51.84924860894614	44.2638277002892	65.25147614089332	132.74397086512795	50.816507782286834	134.95563140761305	998.927742860961
2026-06-01	373.63322263462123	1971.337489475799	-137.43349748176615	1515.2179090129193	318.0868667827099	2934.5001895168916	593.8177672405722	634.4600429652046	13002.836585267396	195.1435076430605	1578.6975840896598	205.85704373966792	5487.587005730653	-1058.0850435103741	207.09331112935476	110.64152328690392	1384.6402314615552	144.62184473873572	375.817304873147	519.3674794571161	701.2931241376689	559.5156570622825	577.2566680375726	-11.658949636576097	3.203092738673952	674.0343664873178	533.0504032539366	453.60549157013793	-240.2734437005804	1270.6403322510473	219.24535441884473	-971.6516441167973	565.9460681135697	3.810959352873338	847.9347823594526	2997.2773979074595	254.04763585752107	371.3090258788409	10875.493455514872	46.35520808260503	317.8499953033165	57.62207002428573	1321.0554098925168	1195.3262670690947	67.70432337470476	75.02783132547006	35.03651378872391	55.59499098140225	609.9766234095337	57.20183777536994	-7.503494772588965	281.90082109997866	-144.3840854479497	54.440780460880774	255.67923743150118	438.8324618784518	2980.3321359521733	-2330.58475591366	2584.373335399443	765.2429287899372	815.1941729690377	3586.718666151267	397.63421839381704	643.8843682093133	284.80168169101285	-10.696706443239464	449.99276567050856	143.12879638186575	523.7567758302575	-219.1424635748839	644.1468738712543	470.29711969744403	719.744877193908	1778.7486985065207	-707.94961346232	190.43133244177693	-101.69492009578198	-623.9799741301113	1906.7425615992638	268.5856109907411	4792.243056819563	80.65108183141342	197.58716712959426	2085.5987888979344	176.30880690393917	76.93523295325713	63.339662615930706	-171.24903618289363	-0.8105616722573359	14.95488980331612	-228.31808726876358	64.92624718974474	-20.07070847832489	17.02669161771246	330.8504793022198	68.46050424397572	283.035819456206	213.8386767364325	495.1428146737344	41.4563174215499	101.99066474631127	539.9084197175746	53.683874118242784	194.76228261220274	336.92534321283324	58.47514998618345	51.2951013226741	55.40641617394169	186.89821244894733	49.477211384101224	126.84428715963895	1431.5847240495048
2026-07-01	276.19046207129213	1450.8919123519245	-305.92376140458623	1035.095168093158	-63.919516110216136	3949.540995725285	498.0117307570132	363.4198936594262	15875.20687032084	69.210383709952	1254.6465208245504	-454.94600249380073	5542.752428933431	-1074.444543924284	67.22745180925592	150.3358623770967	1833.61733170987	134.34151256490088	387.2484753945007	752.0022773812143	887.2411462717723	475.5271956386514	366.53577996164336	-22.145535513980747	-29.485138766135876	387.39300006426606	492.9065688174019	548.0026083384428	-301.5302146526034	947.20484325638	142.4303553893834	-1057.9699369418831	378.7705588991855	11.805736037374981	882.0956813986804	3361.585699722922	306.61025948927227	405.73507467901754	12206.954164672788	47.211704318844056	411.7934936224797	78.76837219553056	878.683915077278	818.7878480416999	88.06278046182001	124.84610359761746	3.4417698302492283	83.33862831213014	811.1444019077262	76.95779858482251	-7.237097266038518	356.75754087765836	-191.1606680766289	6.657826963360151	324.0789753051765	590.1790975394297	2159.404053389063	-2597.9167019630668	3361.6925486056098	778.4771824793318	714.0674023789679	3802.6320464198034	361.97480212959795	591.1846695190305	311.7248349781014	-27.9358929303512	49.32894840807785	102.4383034980716	829.2847990500754	57.5712048935257	639.9352369952137	350.9899347166247	891.1582211083346	2388.0553190438004	-693.5750536959863	215.3530492621553	-115.53443500745902	-637.775941596542	1917.265996089477	290.1849681089277	5936.1833887381235	91.15352599596417	267.1664631762894	827.4630463044359	172.58650908976313	103.32922758445898	145.1659460308806	-88.64927895595656	3.2629356140557775	20.197727953710142	-186.44618692123407	90.22838281538657	-21.091859003509	14.841179160289812	456.2200491816893	94.58705477999138	307.30207013342226	232.4729297284464	464.45227986081954	13.767163671090884	114.04993298187992	725.6861451462537	-30.559411337789243	327.216498436715	325.42123966194754	75.70528614671662	71.7597192812218	73.02249093832586	139.80084133648097	77.60735550460404	119.90728762331787	1606.57505014043
2026-07-31	247.4965269225836	814.5442617063363	-337.09326050871846	429.226569093099	-305.22537241970576	2520.011944280679	287.5334956275899	-77.96986000963807	12104.639949857054	-22.941779074692136	749.5125185485986	-1225.887398563802	3585.123167793812	-1083.186759718321	-31.240214129994584	187.96346390790296	1638.2434623929012	128.6761539876593	308.5337365113371	533.2791489612059	799.952468797952	414.2273442976161	75.41228102982132	-24.89444889211717	-68.72757771769487	-140.56314865306263	140.63832207650466	363.7145395973512	-319.4672052338883	923.6659975652708	92.02342736293588	-1080.5456694307984	303.34267472770625	31.71137689656676	582.9710844577107	2530.459163354545	292.2300306935325	248.4032129176626	9248.119831473345	29.72108374234557	294.46507386884923	9.745179553198682	374.074055021875	390.4154957064178	24.246534544238443	70.12689988448642	-13.214839050475234	26.156700122186976	172.0904082635143	106.77962370014555	-5.43039611389645	231.89082743213567	-213.73769731678908	-23.568313852465508	207.689464507529	376.3186830458326	775.1249636863158	-2703.7785534397617	2654.471522242008	486.1148108504351	451.9214259297303	2506.462799093706	198.84953338685574	365.2222284058108	281.0245628172104	-7.381553695071034	-327.4748901700432	-29.20191638028882	614.1409486538464	153.21291714090762	415.7536406104873	146.24185142446368	609.2679756028033	1551.592837227805	-677.9875807511073	101.56656865368677	-235.4916949921169	-602.4304527218346	1330.9632747172982	262.0754072669731	4684.008625524364	78.3054214022693	187.17009428459164	-845.4675349038516	199.5979572168543	73.77879221923308	148.19245206946243	-55.442399311426925	-129.6054774225147	5.145341480055265	-216.50548039554593	37.08481498456075	-24.994053778576273	15.563098037863824	191.610373284253	40.215107060085586	277.2761156320089	213.5935199704877	446.08578640378073	-41.444196612063706	24.795483507952667	574.1611012072244	-175.84929999562837	0.016609805906341535	222.95497876825652	19.17443647450432	18.29785152796751	16.344814616100393	35.77487630556743	17.810276493494086	115.05930999911448	1176.6347099047935
2026-09-01	258.10376683020763	417.2627729030369	-434.9116645894685	-1.649963166280486	-322.3780617103057	1362.9721092046275	222.00033312747155	-285.035111913091	10042.1060176366	-20.66570295759027	413.0447125671717	-1403.514745282513	2633.8613810927436	-1033.580545613232	-64.1163294734529	156.42767826513432	1503.8022388078161	127.64776916187134	281.0965938531135	154.7277894523977	761.7553986123221	381.60439412757796	-10.346263677075285	47.7107088249943	-71.9446124751006	-308.9663679036348	-75.49296670720878	165.2721246461515	-309.3265614275515	901.3849151839979	138.8168869180147	-1045.0955482503318	346.12306211390387	50.912230269789404	340.08218724358994	2023.3160716646953	271.0452185855876	91.8313610699663	7378.141262626876	18.15217509334707	283.23716711958286	-76.9167577517926	268.73728445517395	285.92187468036093	-54.88083507616494	43.07675558288747	-18.389726200149298	-53.65902295905221	-518.2338113003725	86.67088143419079	-3.147117281404576	99.60106580462207	-262.6553303507286	-28.30264017763261	88.89936383249824	203.592750923347	382.3287192156258	-2646.0432395197795	1976.423970619824	264.6241748018874	299.5626746761152	1752.2844554928079	51.71728796104128	176.84434594419804	229.73587927176834	-4.088491976078785	-472.8600757815984	-158.34302642306295	390.40913108133645	303.0889947656358	222.46739783089208	-37.74502043015832	325.0775436460085	923.0949665318458	-664.6210347473348	14.142114014705385	-301.40893116089273	-549.596142761352	959.6040922686716	215.41680292186186	3583.9228631902115	93.42202030139924	178.49470878325997	-1643.481373768731	231.7636697142907	-0.16083931954472064	129.73972397328282	-85.89100296355173	-227.7680622122707	-5.4133410638467865	-265.6175048830494	-34.81631324948091	-23.58535442548549	16.481359254709332	-170.22047948163254	-34.338464422258596	226.2119238074755	173.41508844522207	431.81614566234566	-75.88269892905294	-131.904390143638	458.4778696780031	-289.2094138822108	-369.12885628109143	126.52839085449318	-53.442621407010506	-46.43318512855399	-48.92180638901522	-32.832323080768674	-51.96505525618973	110.94660247189859	930.9538414090312
2026-10-01	211.87280922739205	-70.2088096207176	-545.5886158217795	-365.08783356136973	-446.19874544246295	723.0187028047185	149.13687419237363	-465.8249721138736	8485.060009039717	-85.67036239474078	-10.285803133790068	-1666.3852766306386	1670.5145437846659	-983.31628862101	-127.79116325192481	76.0016165833282	1148.1030575155619	85.25244780135552	239.3735209746069	-263.9998591127487	636.4752037656363	285.2180323149569	-91.57929369834528	45.34133710086115	-75.0254069305195	-367.2511156287437	-312.58355866691454	-40.56575844587678	-315.86805579152133	983.0812193113097	94.58836195398271	-977.3909136552345	260.29628409211	35.331126496569546	120.00481886437183	1617.6122878766464	179.41485163144318	-79.02402081791206	5883.817468276098	-9.39240427755135	314.3388233294386	-160.73638662217547	139.65769757450198	165.16004007516972	-132.7864782353589	-150.69306014392828	-21.962448687991937	-113.34859481607657	-1231.5834698605536	26.51623779206696	-0.09511622579248069	-24.582321336085442	-320.86271158798235	-18.770224948477164	-22.77302007642811	108.15162686796293	62.07058282977141	-2431.110668834858	1655.889782445077	46.534032653011536	96.20844058319472	1390.7372761303868	-71.77330584114202	41.3363981052529	115.35534869146545	-6.599349082199069	-705.3921771316091	-271.14090418627904	151.97570624877108	441.7671333502816	75.80086141622087	-246.7788670497364	119.02464343793281	628.4023091799554	-656.2817379470534	-55.3881630459739	-477.55638822464493	-518.1026041974906	641.7316216874005	111.67139246045417	2942.23834766871	88.17910451507487	201.20205616106205	-2359.1959925491683	187.97243550191126	-89.03197489089871	94.00879589548936	-204.5528050093244	-366.2995509688767	-29.152498752739348	-343.41289319327717	-88.77137310782558	-37.384346663447985	17.952610991530264	-436.81172675639164	-89.36955908079676	112.1599388318848	92.13332987554827	437.92771920404266	-113.74838072397779	-299.3637589683508	401.5690003149107	-367.1099220605863	-757.9000064224208	15.93403220579603	-124.28385914941362	-113.2996942121672	-113.96120217535821	-66.95283370695665	-123.76833175950667	109.24686711322124	732.2638275901859
