	A091170	A091180	A099140	A102970	A132030	A133690	A139220	A139230	A139260	A139280	A139290	A143860	A147970	A148070	A157490	A182480	A185680	A195970	A195980	A200030	A203780	A218420	A227550	A228790	A228800	A232080	A245710	A251350	A256440	A261220	A266410	A273130	A276000	A276970	A276990	A278530	A280930	A283580	A294400	A304660	A304940	A305080	A305540	A305720	A308620	A309230	A329200	A329750	A332620	A352560	A357870	A360750	A371160	A371470	A379800	A379810	A385510	A385560	A390390	A394660	A394670	A396500	A396510	A399580	A402970	A409810	A411060	A414270	A414780	A418670	A419420	A419430	A426020	A426030	A430500	A434060	A437080	A438330	A441800	A446720	A446770	A448290	A448300	A449450	A452360	A453630	A453640	A453650	A453660	A453850	A453870	A455030	A455660	A455890	A456610	A456880	A458730	A458760	A459580	A461490	A463640	A463680	A463690	A464470	A464930	A468370	A468380	A473330	A474220	A476760	A477080	A498400
2021-09-29	0.0	0.0	0.0	0.0	0.0	0.0	0.0	0.0	0.0	0.0	0.0	0.0	0.0	0.0	0.0	0.0	0.0	0.0	0.0	0.0	0.0	0.0	0.0	0.0	0.0	0.0	0.0	0.0	0.0	0.0	0.0	0.0	0.0	0.0	0.0	0.0	0.0	0.0	0.0	0.0	0.0	0.0	0.0	0.0	0.0	0.0	0.0	0.0	0.0	0.0	0.0	0.0	0.0	0.0	0.0	0.0	0.0	0.0	0.0	0.0	0.0	0.0	0.0																																																	
2021-10-29	3.382336182335712	11.99772079772083	16.337321937322848	8.679202279202581	24.186894586896234	204.98233618233354	-11.614814814814599	8.360113960113813	-29.930484330479523	-54.500284900284896	8.870655270657153	-353.868945868942	-107.5327635327645	-194.64387464388273	73.58176638176664	53.22393162393273	-37.333333333331396	21.698005698007183	13.082621082621335	32.227920227919824	-48.11851851851971	40.5242165242169	-48.18233618233644	-3.1908831908829596	-19.911111111110948	-14.231339031338575	63.94529914529703	33.88717948718113	60.69059829059843	88.70655270655261	-15.8905982905977	-118.7646723646787	49.71396011396136	9.062108262108813	12.763532763530383	-21.37891737891623	19.40056980056979	10.402279202280624	-79.77207977208309	13.082621082621335	61.77549857549893	-13.656980056979227	-69.88034188034071	-61.77549857549893	-17.294586894585517	11.678632478631334	7.211396011395846	-7.275213675212581	5.296866096870508	57.116809116808874	2.5527065527043304	26.73960113960202	13.912250712250534	-39.31168091168074	23.612535612536885	29.86666666666715	-42.18347578347603	-392.4148148148088	14.29515669515531	41.67293447293487	81.30370370370365	0.8934472934473888	53.16011396011309	0.0	0.0																																															
2021-11-29	-8.212042434720498	-75.39731528153061	-17.010443746395758	-3.394917898393615	37.38555109130742	616.7032852006005	-30.703859871266904	-15.958088651878207	26.464839733449043	-97.4850632705915	-79.86658809587388	-567.7973912549392	-234.97372910934325	-121.69028498145285	123.27070851697471	90.75602698030038	-161.11832858499199	3.5423348836475625	-9.108289705441276	74.59648541813891	-79.09230347156641	57.32553469533508	-107.71912565644757	-30.926294429428015	-96.39587211142745	2.3246356766589455	145.07184065064124	75.16280809409218	92.53866705627385	42.45092815805197	-54.08214283974928	-103.10639946104726	47.90473843556596	12.012738857639924	63.78039139292494	-47.96833791933517	20.28841713947215	18.331560295778036	-175.50493908329517	36.20225160509988	145.2345302392007	3.35520912979584	-14.896788175419207	-37.2550430597132	-7.085906120891159	33.29307521854178	9.103271564353927	1.0072281880833909	-29.580596261394675	83.79331985941651	7.203941526443232	70.2441934724577	5.150940008603647	-33.5936909603019	62.58403746722993	90.66788224121585	-62.80581748524797	-372.8686461960431	119.73124633728526	104.37813459306432	165.7874179592682	45.75784677072399	46.430059496269386	-25.90997150997282	13.912250712250534																																															
2021-12-29	-2.5294155115066097	-31.18101232047193	-89.66850012257322	19.516571055323844	47.961483667796884	923.7788402981059	-35.79327283719095	-20.0717563546989	197.19415813414636	-115.71565528982639	-43.64280340474186	-642.7679123835146	-219.87484197863586	-4.855076157839022	135.69778616117813	153.4203179064546	-311.49257468147914	23.764503506200736	-17.762384599728918	120.29178309801685	-137.1469064578933	66.22359839412852	-103.48704760161866	-41.56975002168491	-113.87256096225808	41.64391346011357	158.86586786251792	129.9024167394603	106.34288427090576	58.79776444446016	-61.368325687776725	-49.346072833288446	91.19826859140349	24.09719600390867	130.52943571632295	-22.713572383544985	7.3102642894442535	32.48584536566108	-83.73205177345196	46.130369517525594	215.11448347727	8.122124200578197	-38.17227415389311	-93.0977284184615	-1.472815416476048	71.41332437125652	13.093188062376981	3.415828187098261	102.8167491418086	146.53493574197933	12.910248796175233	118.62519095862534	-53.4949751011894	-119.66091033217921	106.44394305176404	136.06603253761415	-73.15709012925461	-267.46817054094043	203.6129092040572	130.9198596490842	133.92603832520473	132.89318144071987	11.598728397857979	-109.20889538234333	44.39880325646693	0.0	0.0																																													
2022-01-28	1.62843766778133	-133.0813491763879	-96.54314030193996	-8.301144106924703	46.46571934831982	352.46807075570973	-55.18069470123759	-46.42375291554509	69.9995562186357	-201.70597262353078	-106.20242960508307	-1097.3064812177702	-302.7746786485518	-144.61909116887404	-82.83247706528599	97.56758267302743	-823.4894845897669	-17.822942769648776	-46.4747565585067	83.71601024780105	-355.9828705473752	167.51078108242461	-132.27927080536546	-66.88521238004373	-148.7098053785799	-110.37602005382043	186.0420718847803	70.25725295176403	121.20943981774353	178.8047756153568	-100.26265668622807	-127.18933974505782	156.77398060989137	18.818149084274005	-12.361192642460075	-85.5750344579716	-125.43988354792265	2.3092852880388364	-309.82346995779403	16.21314714672112	54.77540543328111	0.22303003437451602	-323.7468540612046	-362.28829810501963	-5.093720244454137	45.0934999254181	4.69358887350711	13.495949232625973	-91.56740644419725	86.71088054179944	18.949295816084323	76.63495946250403	-92.66719263619913	-260.3235157052218	68.62883838948395	51.37628211413562	-230.28949017650467	-544.0683976425863	122.47039311159446	65.84144754597658	35.29311424352841	137.69347633669184	-50.15073190315121	-236.24315316972877	44.07132387365732	99.23646723646671	7.977207977208309		0.0																																											
2022-02-28	17.627722549926695	-240.76467601021028	-132.37937747606392	-7.725520326841019	90.6639042336493	-144.83371792572092	-52.265805566787265	-37.30001332172891	-37.9257620481383	-216.70926133086584	-166.4016322451796	-1292.0012199771659	-279.90170192386176	-250.44486143485295	-227.90003991148754	62.60798278731514	-1037.5646033544951	-72.38203551830739	-77.85189633750636	11.34076701475135	-485.45054804713993	243.15669138143048	-110.78131153986374	-50.77767989864358	-127.23294461782318	-198.4129304701044	180.31799980097452	13.934639808102105	140.47258299754344	352.93732994451665	-94.09581041223709	-187.86885450789356	237.30715053195797	-0.04577233805208181	-130.75510155441006	-113.70276190137494	-184.9788754598429	-19.614809419933046	-401.26590335056443	-18.958971202449796	-72.78238534686297	-10.797879298511498	-487.6218069337528	-528.3700285648046	-12.067272913160075	16.866535246480915	8.869215618712133	16.08280430553193	-502.4541484395493	42.98638737309098	25.15621988221524	32.996984136911905	-135.04648702817246	-325.8959050350382	28.927672760751392	-21.69337650385114	-262.4862214935636	-798.6613760539506	65.10031750511831	9.39534156723299	-29.96524706540204	111.82884542798868	-52.98759325689721	-270.7900850183122	35.770287617910256	160.4748792623426	40.6205793784131	0.0	-2.2336182336177446	0.0																																										
2022-03-29	39.72337767354519	-301.8447915636582	-198.6106604418227	-4.5546728828794905	120.0076478078111	4.435991043819058	-35.02303294501775	-28.095860177608586	-131.92228011985554	-203.23342120890948	-199.31399779801484	-1248.840611768979	-160.78861825723578	-449.55962342175326	-256.3210008432805	83.21322628668906	-1086.420839157579	-81.31141114169326	-114.50148065054238	76.96765591176634	-469.0048672729158	334.26844205579187	-70.44317352227935	-46.57754795568164	-93.05717999195579	-201.45703582223564	154.43611513359497	60.128691939900875	187.83723437775495	559.0392023113022	-98.85071434671967	-321.93063813680965	352.76620276682905	9.238626414690401	-187.40447974406533	-119.2836687940549	-169.0501897217763	-110.09435264218962	-425.8982793323537	-94.78562790105926	-58.96247682022906	-38.68082937643132	-512.4833281081584	-555.6502077618991	-36.8311826688353	56.468379885528336	18.64547712428648	26.37284202583707	-881.4898637642536	53.28367543324053	30.38365839690774	68.71524105119815	-193.81820507284527	-357.3261398998799	62.109771795098794	0.25649939948124256	-236.10672502124783	-1192.006962398407	74.69282322078439	1.5025103010701883	-67.30585949757966	108.75214174250326	-88.82912671345669	-215.8387054122925	59.265092743828575	133.0559157012797	76.3905076343051	1.5954415954416619	-80.60316393535845	67.13618233618327	0.0	0.0																																								
2022-04-29	40.1405789416396	-270.4107862022453	-235.35979508631343	-15.931263184244042	125.91233699887474	-321.0668981480665	-25.514488877876232	-16.196518283182243	-230.78657654048862	-166.85376450243456	-173.95131240040163	-1198.1350074603497	-70.76905686307225	-675.5809918454277	-371.7167341312283	101.70154238805998	-1242.3874861809873	-131.1869764860361	-167.27067824450788	80.29072768108837	-480.81006345638195	418.3676967658388	-39.778619194858464	-26.27840891255562	-76.6245192828934	-224.83050219644372	93.75867211119095	37.065743638148746	251.43593826848763	674.5021691364312	-74.43016028118082	-465.890478236544	376.811678322165	24.936719185474495	-317.7858553656549	-133.14259237328702	-215.3977392623593	-189.7285955674094	-469.5729146533309	-184.56373602787784	-177.48223350141396	-47.05625244287782	-442.3180868162185	-480.59985493271245	-44.24112568232543	54.75651912483647	41.71558493720906	49.69839317848921	-1286.585194699972	59.57382625605703	37.908593730108954	53.73658335781735	-222.32747020445072	-416.2679097626486	48.98212663061055	-48.491588575965444	-210.99938593186857	-1722.3736581064918	-1.0311624392607825	-60.29759582599081	-147.19571207438608	62.43598969099696	-176.0144788185857	-200.99218592139675	73.24242953771068	181.39034692037552	109.5181664372487	-86.13457358300832	-196.33858391324156	92.8437191256578	-96.10940170940012	-66.68945868945738																																								
2022-05-27	42.87502005388901	-252.7960129445874	-268.07888829431636	-35.60176240834264	94.8951797084672	-911.1004566159186	-29.654024302903295	-16.596461719706674	-368.6661975234856	-159.12670900166353	-161.6889151859716	-1165.0276252919302	-12.732172346694938	-745.3430880287158	-461.7865273580693	-3.017179338878748	-1399.2789029317398	-160.41724768532396	-220.8693491817251	7.1915291632503795	-500.5028074180565	538.6582063014513	2.004472693517556	-40.79949741708542	-75.57346599068813	-238.72283820545226	-71.4041407806771	-30.387616177959103	213.06805141879352	806.2936842690923	-89.12069825717094	-510.69817868714574	385.9862907368341	8.866773214488106	-424.59969092826043	-146.692813397779	-268.94887472415803	-242.19526296093005	-525.0140041993557	-241.90238870127789	-336.27542903155245	-42.91370192271059	-367.0180826402957	-409.21596809305777	-38.37013269788166	1.0135410842373744	48.32866635670996	62.37227509855899	-1455.8893381412345	-17.459578557475567	43.83997810876693	-1.5449323948629399	-249.65105985041646	-470.2905765093462	-1.5295092860740596	-137.92854824292726	-181.33435497566916	-1865.7226841065367	-68.94968324619919	-104.07103653994601	-143.74055888123377	3.6206631821431756	-175.53777406016994	-163.35663918042076	76.71714532394053	266.2811343778386	102.62741289041165	-154.21917722899315	-247.1654276689813	1.1700716629869987	-150.1343813767744	-66.23146240696049	0.0	0.0																																						
2022-06-29	-29.95185212957284	-291.925701454487	-141.18799990206475	-97.64901766478013	52.930994852398584	-1300.482303971548	-50.04053071657563	-14.37192266107796	-623.7636345167818	-161.55135925379216	-196.13859881740007	-1159.4529001107276	-137.4265751532214	-964.3993809838398	-580.6881717794859	-113.02909223100627	-1278.8974540114261	-207.35653455376615	-248.12606317000922	-79.67868768443587	-424.7508555859306	492.8569896864291	-7.725638282751561	-65.88874100442867	-114.42336494775057	-336.21276414758137	-202.8696952721111	-108.65704043736923	166.62399566313263	840.9748911447778	-115.22672851741135	-672.1096086133839	259.90736528265177	-23.484582830273975	-483.59041213168973	-219.3125703777892	-327.6791808708298	-152.05677506276155	-794.3254432567899	-295.773140178371	-468.4627596209284	-32.703737667436926	-392.2510066018367	-416.9680164701375	-25.09721448611598	-59.743641624448586	22.280524306818094	87.47446334747443	-1539.302971728891	-104.66905154360495	49.31896743028958	-54.16950494891326	-168.8033574616034	-383.9472825298833	-49.4640519183928	-194.51413718529474	-143.9555829223529	-2274.1415461138313	-155.57229864821426	-155.58420793979138	-92.0480299110403	-108.45538384921757	-92.04422781550758	-114.37813732170406	55.25543629988809	334.2470870082973	101.09460013559158	-98.3455968692489	-191.92266163522783	-44.273380584552505	-161.46095654207457	126.73080205832369	-16.911680911682197	-18.8262108262119	0.0																																					
2022-07-29	-82.37163882920845	-202.12734084505757	-148.09667274753372	-121.51706385074633	-3.0051269238277314	-1025.778714634274	-59.13355985080925	-17.41475634209681	-696.6887517778122	-134.48860384664903	-148.102449765686	-930.5533805148079	-220.7892541400181	-756.9558676558986	-603.1461309246312	-117.90670194746879	-963.5526724680071	-215.8753523087928	-258.7923073101857	-33.87502730255774	-277.24563353900976	433.89416919912105	-4.7984560329021235	-76.03394198039942	-135.14173302752062	-329.29438506587144	-301.39320188048	-71.42005768482814	133.63781532075086	680.5473175761224	-118.52157918486785	-567.8240655684319	135.41746548369542	-25.809322347237206	-413.3236212015944	-228.6036787124449	-290.0397906439323	-131.54497831303746	-827.570460830598	-286.5362603092884	-427.47314611483307	2.482667241854614	-388.8068866433372	-379.98187010182505	7.365104370958008	-16.08543388253853	-7.416642725962959	98.94009193225185	-1264.2488976151585	-93.76326941233211	55.07204367480969	-30.89847852104701	-159.94104193983844	-320.6816165374386	-27.106493842650266	-153.3900745444739	-95.58758550743454	-1895.4753472201933	-131.4068423938225	-140.2894905384613	-58.50616030886438	-163.93540507572186	-4.718603911797771	0.6680232309186067	51.4549171297964	273.0465585562832	69.26570489878804	-45.339814001994185	-145.59959535083163	-59.53386652681633	-77.79942134062031	198.2886468438501	14.512064025453583	31.604834376342186	126.10370370370802	0.0																																				
2022-08-29	-116.76755033574355	-177.37746216236815	-110.66091982019014	-145.77311090165182	-59.6540617490939	-773.0122392561516	-42.731479055051594	9.114768786234876	-760.170326303446	-128.28264209014645	-146.20903573519223	-817.7013073146545	-196.0257680641081	-854.0201565183606	-618.315901711398	-146.02755930214414	-605.4374312816867	-232.24046711940042	-252.80557109534647	53.19520191499345	-153.70673665327843	466.10584361125575	8.982809183257814	-84.21222493345223	-131.03996392183893	-334.0855090092542	-264.5446355048823	-44.55975554160047	141.0162163372437	507.75364087882963	-127.1785323422352	-622.0526555317547	117.8240495253749	-43.275719126007075	-364.0186461882432	-235.48412596930575	-246.15082704231622	-118.75413065220812	-856.0052863291357	-290.54453908745444	-413.96074819454225	27.66964468607309	-314.9268026834603	-266.6326375600345	30.544430041422437	24.523609254770292	-24.61701291729446	128.5374505295195	-1030.4925447302	-126.50734383335869	62.16524779744866	1.5872592246697081	-135.92630158274346	-263.68096797568876	1.7586661768360443	-116.4558903784538	11.850863461683218	-2090.277992724448	-123.1358110874528	-94.64336479381114	13.088385836341274	-216.7171174939714	39.47095300698642	120.45920127614772	65.44307997365658	239.41020856161322	52.505473372531185	10.851296495164789	-126.683362935981	-8.800413375863677	51.36254568434357	205.1847606006719	56.36312271950155	73.01531327434122	151.59436952622374	-1.148717948718695	0.0	0.0																																		
2022-09-29	-158.53795940788797	-216.50040918313698	-150.07905705805945	-193.4298144648896	-128.64133053619753	-691.9456454351937	-53.55073421028925	-16.601621012308904	-929.5226226692487	-148.456333284606	-171.4713860757551	-884.4479671860076	-298.2841373031581	-1103.8300791175984	-677.6395814933569	-264.0016037156215	-300.12979514199196	-295.1493849670955	-305.04178591005746	42.105877755654674	-4.34545187249239	389.65885532768107	-35.31245914683751	-98.83332227019505	-137.20774011418354	-400.53323004025776	-270.5989804011782	-61.630654221879205	198.44941036564222	225.34360535027395	-136.53814015433358	-800.0922457289	-31.86427794589906	-90.27819089499755	-372.0458538671352	-293.5630548004774	-278.3887298971034	-133.09193567512347	-1069.4365583382319	-326.8711852206243	-470.65931025161404	56.6291288452818	-430.49953930024526	-325.2459144500242	57.02291913803095	8.068146710766491	-51.151070496167996	184.3751488536662	-1042.6775637188043	-232.08581026889175	70.2230700941401	2.659404685560048	-161.75656611890133	-249.81698891225597	2.6168363112051054	-104.17640006088706	-30.460114377966647	-2421.051449328631	-159.44156558089253	-96.67035638914899	23.383155576206583	-292.4988722475283	12.416637144019234	145.41100271545588	59.44883080259902	273.72684983095604	44.034386853982255	-6.428320619543484	-139.36888390399417	-5.624192722828269	118.55421291262884	115.20162328079431	58.201814029999944	72.03693277249513	51.58653939256817	-16.35630360143201	-300.96410256411184	-68.98689458689186	0.0																																	
2022-10-28	-163.89749546003245	-250.86597472878418	-305.7140001806082	-205.3979631437341	-160.73673226202737	-777.0102275473798	-44.749416792862434	-35.19675273338653	-818.3001567945103	-142.031627512132	-206.04047090778647	-793.979881645254	-251.96765430702305	-1144.2897817253001	-700.3780550239173	-310.637122353473	-91.42395324478048	-288.9380551560639	-338.96423846033383	126.33067644364866	129.25786726283377	476.0551482609119	-35.55745532760105	-112.92713845479969	-147.89986585506216	-397.84530066748175	-500.44466817326713	-38.00142504482517	204.3399381951914	115.07166334470253	-152.42862183587562	-865.6327413255481	-27.641277454274245	-92.30535914428125	-322.5224714830937	-284.93019791089455	-240.5070379483684	-193.81952539736204	-1040.8978405487087	-355.91616064460317	-502.41721762198836	61.86380863324202	-268.23490424090323	-76.96993506837725	57.31164589579249	6.340133578591079	-98.74798764601226	200.34379011703334	-1158.0077548208706	-299.3305268826684	77.66486279527024	11.549084896049493	-233.82620090051444	-206.03081871852874	12.226511932049817	-116.3078332431918	1.1355066023918425	-2539.3283409214455	-201.44564982023948	-104.8302621848643	9.979688572911513	-292.9245755153447	-15.718550256901253	122.17105258223256	82.52638925781912	293.6481930913601	43.65518746977477	-73.24090771489011	-126.90875544549704	6.391531476133354	97.92868355230823	-19.880963636838942	58.91938227577286	40.16517217677493	2.3604919728396396	-21.417012547559686	-490.1150763386697	-123.89677616251632	16.14586894586828																																	
2022-11-29	-124.91251434942231	-253.0730128945188	-275.6812599442701	-163.07775176339777	-135.94280199057596	-855.2476364754866	-19.989178409794704	-22.87397960290633	-618.5939460586405	-103.63239738489699	-205.87046186656357	-652.3225792326243	-168.4984125414917	-839.8647585452331	-607.6697031063595	-294.7920742920189	-53.55413146626461	-195.2916357139194	-280.04232572323224	186.45948136923784	218.81885076311346	452.13516187538926	-6.5670846512686865	-89.95636836581181	-118.98487448585831	-339.63525896163844	-702.7387292876033	-19.944698854124997	143.13518332853857	-68.77484567715919	-104.47883141163175	-738.6574189046967	25.411643164858674	-54.46668420998173	-242.93664592193886	-215.7796987132573	-185.51282931793298	-205.77819592485412	-789.302132386506	-319.6701730134853	-447.32035775365307	14.607131963424688	-100.67015406176142	131.22209647050738	19.277553270059073	9.9624401198365	-111.00543881277865	150.5902359823628	-1023.743234084819	-292.7114481460539	86.70612163041025	2.829215992926464	-206.1862038111842	-156.80293578384772	5.091834179833512	-126.8202878865307	80.52253473112961	-2109.994401230637	-163.37566247622277	-109.21134931303894	-53.27156202437946	-245.17334451705352	-78.94983295687297	108.01968619381793	95.04995765833627	240.61102685765695	29.441994604794644	-125.50223859090082	-138.29961412502797	-73.12525649110691	45.07233807772952	-128.2411988203212	31.001663240116187	1.3582680954940685	105.3460202682422	-20.952469271190324	-426.5453711610413	-125.72403066009795	44.84698143683825	0.0	0.0	0.0	0.0																													
2022-12-29	-96.71499724208718	-304.5030028091227	-202.39942305106013	-135.03671552541925	-93.26568378750281	-1371.5381948794957	-23.68430877624212	-23.6113226393078	-619.9717673775906	-66.24184121317626	-213.8435614998382	-546.3593183846365	-143.40019182776996	-613.0935500272012	-519.2114831381243	-295.14642950990907	-101.6497964161349	-131.71684330972136	-223.13286019570796	111.12202924795233	170.0906860675899	321.32297654361787	-14.874686750328124	-56.17673244991326	-68.08493205507921	-323.5052510077718	-785.1918799385795	-109.41115972844788	38.67429498530373	-195.13021253673833	-43.42429231332318	-515.5178230752133	42.79641385273328	-35.556136828489514	-264.593818579085	-198.62311438312338	-182.4329497626311	-204.64448948001007	-727.7388499857998	-291.5358040771845	-460.6516378934625	-50.023508454416934	-213.64736956264824	9.069456833044342	-46.4426219843683	-84.48918514604567	-104.11011513967162	79.13899016599294	-1229.3939155991784	-289.700309332949	97.92902858410105	-77.74227282464528	-143.25819524546182	-120.61885311800211	-65.90994653186046	-202.80550414149496	22.27358060143581	-1665.4073734684152	-203.54582182396993	-202.0684444484292	-182.23697823440423	-243.58153926295458	-154.0470002658117	55.38814264429203	53.37081541289311	258.31039324079404	11.703133897254872	-210.41745366279739	-151.85738357197272	-209.50684096198125	-128.63836824832208	-199.8397853771756	-50.038786571182186	-98.73174466443243	172.31142355074002	-53.568923521658206	-390.6027227037896	-38.695505486856575	43.75372220398864	-38.60968660968793	-80.28262108262133	-33.312820512818874	-52.904843304841776																													
2023-01-27	-9.655669301992475	-213.57611286069607	-34.297258510790016	-63.69238648310227	-15.11148604867406	-1282.9156936087638	-5.655345920836311	-15.657980167826196	-321.64006654807736	-29.888609915535653	-133.09672958307647	-410.663082291981	-87.91083646752372	-175.9187934247184	-350.3341494654903	-218.80913641394625	20.892353425917463	-30.353334819873282	-116.99081992076503	64.65846585977147	189.18506575516108	247.3814523534288	9.877556214535161	-18.732861300318064	-16.001518859443934	-246.61967431025732	-670.9729742423581	-100.44739082052959	-14.439608900154099	-243.92120846769262	5.639308388221366	-133.1794071742272	119.71534437930836	-15.635040227549823	-161.94128347631727	-93.56750991344347	-97.72308679005482	-115.63620090720968	-343.000943607075	-220.79459712956157	-339.68882668542165	-91.60072845662832	-98.85231665539027	106.93198911884451	-89.20591078877641	-49.94127692063959	-82.0796786423508	12.139879850804391	-1094.9997447566902	-215.82361920892254	107.21893803142257	-94.60620371821543	-45.35783988944513	-19.118896086632276	-81.2365190633973	-187.746945958149	25.498261214334832	-878.3052346986151	-126.81246174929464	-166.5543044144103	-167.09972548132302	-162.023630444717	-127.18595998294077	29.070191435939932	16.285414543164734	157.68987506456324	18.18474499751548	-171.68218612170557	-117.34270716179606	-252.58594282249948	-170.99172897986074	-168.8832479488285	-68.94540579802587	-107.38028243515036	331.1148893344579	-41.52561013359989	-182.72963274207814	160.497985694292	79.97542369159598	-66.76018538810692	-5.7867530296024015	-13.377818686534884	-18.331887565846262	0.0																												
2023-02-28	6.753605317732962	-96.6699645501493	2.8773563474860566	-13.792665213543557	-14.956691591010843	-798.4876320532726	6.359063854810984	-11.317926316306256	-115.33314169965547	-44.14164653881198	-60.27718935461928	-345.8540989755138	-66.30588523040694	-97.4223841389421	-230.30146139124963	-164.97838535441468	108.62205259671782	13.188839340871482	-95.05463275320301	141.32726234321035	187.26256545819547	174.4261513380693	15.548951881785996	0.5803853800500463	12.559472628374692	-100.72433621155642	-621.8007838995015	-30.92386374496894	-30.7022760354065	-334.47558646075026	21.691831748149866	56.6372340512396	60.01670957061856	2.953522706733537	-0.744924760812296	-44.9688418643093	-33.52230261366674	-63.12715871863378	-165.654374685103	-188.45651886467851	-232.52790883450905	-82.64446150087517	196.75627451290438	328.0683722244912	-83.22639542897973	42.767796200126455	-67.86796427411798	17.467098698518384	-842.5149341113201	-182.59721659062922	115.52318099539804	-56.33610602290785	-25.909803544183546	12.232879371824538	-46.38319430300909	-115.92157733998255	90.95789029196675	-548.9794798146759	-18.766479404083412	-90.54371137704271	-162.69483312251117	-102.7269861102103	-125.9889900790472	24.387523601214525	19.91558674188269	71.10608347332015	19.044402700266573	-120.32776473161698	-90.55127232327561	-214.56740820789128	-144.8040320149967	-185.2895777956337	-46.48313372289726	-67.01525377123819	338.971056167694	-14.024825514083183	-172.02914682061015	287.14769879983226	91.81089074095578	-55.13746864312776	83.71644562196028	-7.605725304842171	11.098159096510617	-6.637037037036498																												
2023-03-29	-7.252918546124988	-7.870654751301345	46.52725403052614	-9.019252916050505	43.93214393045787	-273.9201487437422	25.957080272901493	-9.444328721784913	64.54292383339771	-45.48701863645397	-3.126201719171945	-251.43998068640713	-48.86006590687123	231.38390425445186	-158.2658739526221	-179.52011964880705	27.691172694877423	50.72411712431483	-61.09813168622213	120.75774403059984	154.0997527865826	57.652632989588255	24.11670296995524	7.835041090466802	29.12700942332117	62.11645133504976	-522.916927040777	4.315483814028248	-46.748797925180384	-409.9592038538714	22.480660206720017	331.34525301343024	-12.119027405977022	3.1331119007860053	88.50335456507798	-1.6544086617054745	-39.901786021086764	-31.764267110755384	-9.791417184501825	-131.99577317866863	-98.0067491031341	-63.93011081872406	717.960236964166	702.3263594140161	-68.26233605251949	87.01018867871699	-65.7842272316847	8.521377119116323	-573.9793195113939	-196.46925068505624	121.55373951017356	-38.61077933393152	13.41337180881851	16.006139394457023	-30.87521773613845	-38.501197966951906	205.44334607894064	57.95762902680417	75.26851720861558	-60.320412590528235	-175.15151751481824	-30.518532240908712	-155.3952353818251	-0.6871288162037672	-12.945698503249503	-32.616349863800565	65.43145934505571	-102.60196241563807	-31.890989988839692	-191.61442084631562	-175.10573022202374	-221.80337963422133	-14.09654031663103	-8.997004904421797	533.6165788876149	3.758150257379768	-74.8022748944332	442.7213319714066	78.34210456320781	-73.05902710625637	172.7016406267798	-2.25289629861809	61.774270195547004	1.6275867890685916	0.0	0.0	0.0	0.0	0.0	0.0																						
2023-04-28	-12.003468884218904	106.85710163138413	84.56627507782343	4.764976025898022	86.66938043568024	378.2899761953829	53.17852773095272	14.163915284982906	183.8784110352467	-28.995266354764112	67.12518824795927	-38.82340683601615	97.02300685308978	443.59825696077496	-106.45536984602563	-145.1238561401421	107.1980359726872	104.74729915869386	-35.92639431272278	142.4715410644177	198.1507498827957	23.108467398752964	37.82479083933197	8.47361785121575	20.39453391912889	212.54138482642247	-404.52470206546445	103.19250694060698	9.763674473127821	-428.66665812704105	22.544383679246607	499.1757772484732	-43.951544139397356	19.32698840668497	177.2344017286796	52.03554103595491	-40.763192348520306	9.91708911350554	188.59450385751734	-77.11421344545636	33.241673516920855	-23.66140556132548	1152.046423300263	990.7089757962334	-32.91573861343642	188.85047883871374	-59.51891865498138	22.09456517333217	-73.17559945002813	-163.8923823547354	126.84237253461822	24.236179808030293	23.215901742334154	46.229808842123816	25.818447727552837	58.30256700146322	316.68206344059445	387.920632354766	125.93691663444244	-35.54513973787806	-177.97920668893664	16.838575110591876	-172.8587919199091	1.8931666277523789	-17.149195800614848	-125.29580693539094	117.03264920212195	-94.5239361366564	33.59467709242949	-170.57443583927818	-213.93743158183818	-228.93355520686657	37.778128891427336	60.511187749894845	644.3797295674257	41.37664961581498	53.35186853461346	539.5488981874078	73.53604280727248	-65.06017716020494	225.41603875731846	21.196434419063664	112.75885512846168	98.69504321363458	0.6381766381760826	43.65128205128131	41.29002849002863	42.94928774928849	40.46039886039944	3.765242165242671	0.0	0.0	0.0			0.0																
2023-05-26	-9.527446353377343	225.13295445195604	43.19229365448018	25.697176102968513	90.42470115851334	1032.3111634669083	65.82486799065191	36.85107492919154	387.0583343447656	-12.332815114232176	136.83801065662124	183.72665416566724	191.2226859143227	454.7703061157388	-59.966994835532205	-137.68609020120618	250.30495277309637	116.89445425987299	-10.47849416084216	105.62356681031605	190.19598972101215	-75.56224098514849	40.6120395132607	10.783801234170824	16.509805470011486	289.56990869883964	-296.0371955865676	136.85470782725676	3.024119269360199	-461.52252729617544	1.9963375911801222	511.8414265328106	-137.71571900186495	20.414637819058463	252.92775696949832	113.12460788930309	-34.19885113207545	-14.468815090189878	415.5669645828675	-59.10886521637701	184.00927995602547	-19.356395590915838	1282.3390662957327	1089.2540169656934	-29.39331903250627	228.48733813800732	-39.2106494097533	19.855610227716795	-35.59599553693624	-162.82304091316013	130.14237777117802	58.66315646451491	7.311647446626466	28.992483157586662	56.85807716442591	157.38927641992063	341.5389560051601	363.9395930044093	250.7588788413095	2.0198920488199974	-159.5396827742922	102.95996203681597	-181.8465421842921	-11.198627500852126	-44.612587526981514	-224.09778983580713	122.34330143516758	-69.85424963762472	36.73325764473651	-100.77643571388296	-205.75074958930895	-233.02458589857605	112.4637959908045	176.19723777803594	611.8822887800013	53.49581416298456	34.315362381638295	552.6619314485696	67.3516393842756	-69.35717008383645	379.37188113586245	37.03324531845423	180.5991118465165	147.89362766919368	-15.653145672519457	23.18512089999247	28.598967865520386	42.05645863264217	53.842872054611504	-19.863075137376434	5.169230769231217	-4.594871794871869	-8.168660968660697	0.0	0.0	-5.743589743590564																
2023-06-29	-11.883591418886056	295.7147877878424	35.35411530727333	30.29787597327629	64.62144884899998	1758.7454417257954	69.03338449306212	74.4716728720903	561.5682254244141	-29.33865185030868	163.19051624559893	253.3179252172613	312.17393518302697	474.4338403685963	-58.10734035343103	-87.23286980772781	343.1970563074883	136.67195368420374	16.704155973313846	177.03175833822291	164.24277998214052	-143.6684154300783	54.18458838602274	12.400591573398941	13.02158844882723	345.57224772116376	-144.397490908113	209.12394815732836	-13.466597051567078	-497.6002918002438	-37.35427922447201	526.6370086456129	-176.1064790373208	21.184012530523226	352.9191402302034	153.6930686396281	19.447654364072264	-45.065891956937094	560.8194591581357	-23.863567831031673	352.53668428044716	-18.628992543926913	1342.654970205471	1063.4614555200621	-29.21510741128168	311.22373341743787	-24.541275570533912	14.095973865731992	130.82379792545407	-114.2422275779033	133.5770493555778	118.39388513679657	22.89028896474963	-22.898535185112678	111.0324542671961	266.3299485294714	382.98787294764134	385.2349355925435	370.5906775272342	86.98131832832726	-121.67243411401046	190.37690456807593	-200.65443712438287	-35.82663756107286	-44.20635046871374	-325.19527406130817	96.4872615898093	-12.370527763840641	10.118289693764723	-43.41404449930917	-164.79936677477178	-241.16602540153087	199.19001073880895	291.3862721694235	588.818229635534	76.63593900224481	80.80613974793118	552.7111282218923	65.96232583228414	-60.109248550113904	494.22810166223303	77.36983320693801	263.9707297601324	229.7135207022473	-8.28921704787988	13.90355166864034	32.068581702551334	58.371370764810415	151.34598498962498	-19.172109204815758	30.015901818978598	-8.75512893564126	-5.6942083262302905	11.040455840458161	3.1908831908833237	-9.986646212288761	0.0	0.0	0.0	0.0												
2023-07-28	-0.26998414495488987	318.81866713443674	71.26583971247203	33.54182021999395	60.87231795344958	2164.092235494275	91.8470729674316	106.7383109439483	640.4164536357575	-36.74974510327604	152.37975056345624	318.02809223312806	388.65938191883436	447.72122253882594	-11.050108339808276	-21.071253344147863	320.1488998173663	175.83814883143714	68.71905940904435	222.16308474150924	110.57243613571535	-160.00169583311936	64.49241781085178	14.107934946471687	-0.5948381547625559	494.3749813212445	4.779624113774162	253.59061155563973	-41.23666661417235	-375.3615488210406	-62.41039685858948	525.7307015973472	-140.4259387029034	32.38665180348309	389.6609206424629	190.40982718088196	97.45034879729951	-35.79350745034259	694.4602898572527	-15.981899514767065	486.5644360344364	-48.79376768833757	1773.2557196794153	1335.3165903446948	-56.602801086457475	369.8512091975972	-22.862330356691473	-12.107677828540204	104.00501150978289	-50.357623264575295	134.76091467185938	156.76012642388085	75.71245710377764	-25.580148454143	145.59888260755037	326.81905216723055	494.9062912948	410.96099548659186	445.6429502517625	161.2599283406333	-89.60951589252926	271.4196276317514	-226.08866543216084	-54.187271011031385	-31.357923521209017	-396.80176216863435	67.22919629326344	51.52710784834596	-30.327333220676223	-0.5193761426512538	-107.06117988481083	-243.8497857913763	256.2347614490491	355.27180031972193	586.8500909070342	91.70291345978072	85.2089603019869	528.5679655920089	117.9169247598137	-38.8903674060289	534.3531149336357	123.87924688997593	328.6839006925655	205.40301783410092	26.233943179949	10.55551022904871	40.945183065438954	93.48175752631441	180.41663831489612	-38.58579789919328	41.76583609648497	-26.31718647971406	0.2711572292478239	28.333115477961254	-82.0309705278289	-28.679335511554847	11.550997150997864	4.531054131053679	200.13219373216853	1.2763532763536205												
2023-08-29	12.535278764738877	300.27093340032104	63.24819148149521	49.09058421740957	40.49923510686318	2343.218797406299	95.74078510997371	119.9936442838803	548.3498488185411	-12.402982292938418	143.7031575549704	415.70312410728866	418.97748881785935	398.3196637741446	43.89787602297906	-0.6870431621431408	309.7876657037998	158.33250508768396	70.55460744763116	252.41960430425115	125.05396372577394	-119.68947650596647	70.40738035758807	46.70194556006865	16.27651875133654	554.3783317982708	127.03237349424262	272.8081979717308	-56.147189452918894	-276.2318428373932	-38.05867773518105	510.9602232470161	-156.80834739931026	26.557041274344535	322.99902549130576	185.65852103581597	111.35831875630379	-48.90601059852236	675.9839536916907	-20.841643086267823	514.4437953479783	-46.08507367405838	1794.0633285780323	1244.5805725380205	-58.09443596025375	365.86390203885674	-21.192778377128718	-5.945090319582732	122.84370112734587	-30.0204736679936	135.12207562192248	180.96245270935526	97.94624346832654	-34.616534033370726	166.6888148929796	353.0876435187697	510.875041204367	397.931014095343	454.3653885323033	159.23211685526974	-106.05720387930063	271.35850428703543	-260.0816760980084	-107.54731093806939	-14.823009227223395	-404.74152680898584	57.96007528492504	63.58349799302698	-65.38230873842463	29.783424904633648	-117.78235709249674	-253.584399672132	288.2933773714343	374.8653554464846	548.3048472537241	94.32918209177525	41.81084192403523	501.5115857290908	129.4127276344093	-14.63816433842841	516.4033466317252	129.48138155740338	325.23032575157544	164.13497576436717	34.30131323673764	4.313268414792809	59.35298569373633	113.36646877790139	206.20531316158977	-67.58052222784445	56.785019520783536	-12.752749666896811	3.7716258869109915	47.999089661440344	-5.947682466685535	-13.902025583496805	27.66792087726615	15.547110169560618	501.8009814856388	5.197412358665897	0.0	0.0	0.0	0.0	0.0							
2023-09-27	34.57734845311495	288.45170871529695	45.65009935965571	51.13077448327738	11.320442593791853	2272.5865137754945	75.4834097182916	99.81541611410906	400.78832201641467	2.393553406435558	141.21404253371333	437.1596009474174	412.0709520642045	283.09122735866913	55.43675583796653	-29.07989627006924	236.37782617134553	115.43550318096038	50.57341486729831	192.37665620796975	122.30389142235117	-46.032480294969446	45.08247986065808	57.65600016562291	11.896189589224889	471.47960648815217	163.36137094164405	250.4478724661043	-71.53300673313663	-62.77447091315287	-25.34656146939608	450.03159941690615	-158.01971845710807	7.552855942514711	212.7911788485183	165.2716678401796	76.0690445939997	-48.638116076176516	602.1155967633467	-49.02052631338779	469.3921529961423	-36.52968078802135	1334.9672292340058	778.4001806308436	-58.26910625641409	303.8817888502922	-19.313061284357047	17.960907693083755	54.22409409946749	-57.2486437618021	136.23611981258415	173.546106441625	88.25950945034651	-7.197327550943555	158.8287900899452	341.49434057215876	379.88922676188275	315.5217670731927	396.28056540866925	132.73283331394768	-139.29819711893572	245.69393836758024	-277.60002973150665	-171.88856693789586	-12.126718293355282	-370.16116594060844	52.000787637642816	37.58353947700175	-81.7339799148927	68.40642798252816	-141.3535757679515	-267.92643051259336	272.0401332134893	342.2245864596663	462.65198400484314	83.12541662086042	-51.06627890525482	449.35583358590634	137.1797895214109	-4.27313842695294	418.03848178656926	100.62236019474653	265.6635810845469	88.75572392005387	17.755137717279908	-14.466060145260673	66.04192314104851	119.08872853595054	197.0996542960488	-113.47855280752512	82.82828790710383	13.002129655589266	-0.7190827817222423	70.82026613383236	119.71952820762513	12.81436966593016	31.188315011779544	15.655950539677287	887.2313196800686	4.496049390578875	-6.126495726495341	-11.933903133902641	1.21253561253543	-139.18632478631918	-21.825641025642106							
2023-10-27	32.520448142293304	171.87517450899816	24.397269800674394	36.69480993028765	26.69144296259826	1990.517816436331	48.50896800724479	48.5353176688334	247.34650632217517	-1.0641019597337618	74.44593503255345	374.13343117186287	300.14333813399105	116.49132987479402	37.121881254714026	-67.85583060187565	61.3467490158223	61.48111562377119	26.784564951989296	103.33372530547831	50.353267098073104	-47.76754058426354	-18.636886973455034	53.383645293559255	-12.430264444950751	301.9646309995239	84.08020293302684	184.75971524695223	-140.61979077626216	11.226178618652966	-31.259910499317016	342.23764622322005	-189.12073828207662	-25.303100703390385	71.00920715441777	107.05883291634404	12.322430551987622	-64.00991180691835	390.7294071348856	-85.12107008696853	388.4721805317572	-37.650987995105254	638.3479920870175	167.33670258257416	-66.66610867356107	197.64015465041416	-28.20513912199499	31.5276214357458	-184.50378577163156	-93.01234971643669	134.58135204875475	134.8816573946024	76.74119085747793	30.929214305638766	122.98178769386885	298.78794519297367	193.61971843587065	181.42156362013702	327.5009809865453	57.90328395552578	-196.00202318571178	217.7220091882441	-290.45273585002496	-240.36907527979184	-31.236716583916916	-310.8563665973186	74.4751569762089	-10.034835848829402	-96.48740354531878	66.09340840433964	-228.09122133419328	-280.92201468428095	219.73907813891236	286.96518264436315	387.6675389484044	55.673905989626945	-202.5177259251795	385.0927289381923	104.17368677134982	-13.994941405442077	328.03874938644765	56.74411882723851	200.8848703128951	-9.679062099782698	-16.646121868817513	-37.15036474649902	50.01501919987038	91.11212820580778	131.88092130799157	-163.28604427129153	74.72409168661899	32.828820570294596	-10.491998590118685	90.1769942972893	227.548592659491	33.77796036373494	11.433032752362763	1.2926687722226191	1243.5842727418644	-2.522192813940148	-19.076354250372678	-24.057913815633512	-12.197500994310248	-366.9328034675075	-44.77774563518207	0.0	0.0					
2023-11-29	49.981659533413705	166.1980704881925	-49.39717795809571	60.34064549035358	53.86636034809392	2091.2275771087266	44.98457747231523	34.073208102893666	308.80779218761995	32.01998086750359	73.01913261520184	482.05367884213	284.3738907193524	348.1869412648448	125.7980899185145	-31.563149586297186	25.662743493845255	80.18470811060044	44.87207564290429	76.48944605824681	-39.233005575784716	-126.23226836151571	-16.629292938206248	47.902442354074054	-16.811979180179605	259.68705951351853	32.02773272694685	192.51409746842887	-161.62942390436115	-41.186481879787436	-22.556133644637214	495.97089007170837	-167.4609813930066	-29.961329731771414	52.95849871433393	129.73418350835436	29.843238106545073	-105.39960749432282	475.39734619425553	-53.26269209051361	455.6294648313579	-43.08603075056368	378.9185704761662	-33.63384189595058	-66.35050520809514	157.41914530258305	-19.641993430230116	4.262733556144212	-32.09441210214936	-40.39701242333092	132.502778060511	141.40278648178207	61.24907027870307	64.1889243693671	128.3087577862899	313.95359250226664	122.6130321157666	601.258386029871	344.60486118809433	22.942345996729358	-247.78297518921988	259.28194887607356	-305.3632925823406	-275.7165320591272	-44.62583250285684	-334.8197916134499	70.66546937880673	-46.09265768030991	-107.3312335068972	112.56830862437596	-271.43219527789313	-308.9829133071479	237.19537277716245	330.4314233356656	515.5293382230943	61.725713693300136	-39.13393350361139	421.5417308186047	100.77521114673215	-20.321374662743864	335.70367001926525	83.8634157646693	237.11980010799448	7.636367817217916	-13.299855588195507	-55.07336801611183	20.348793069777727	96.87948948281067	137.22869442528923	-144.02058620841618	63.14894311174831	17.001734792696404	4.976480698346937	110.54544889490326	133.01843822537842	18.051039840776802	-4.798312297065642	-16.668950946122134	1588.5959537704946	14.379337000912155	-26.1356182875933	29.10042441167758	17.26749597747007	-367.527009802127	-37.00871368385176	-11.806267806267716	-1.4039886039885459					
2023-12-28	78.77481667155338	238.88385791582328	-95.40877791864955	97.79913100533176	80.25538079768836	2365.203489075924	41.690022785279794	33.66808373064305	445.19998531647934	105.85625541506693	142.76875463324848	817.1694716345428	314.8855126872757	722.0730459588174	222.09867921765226	78.28554443614195	348.1223598128679	128.90671011719658	93.26184125160182	182.7176640915244	95.42212113712162	-168.93571420588773	29.251506496933814	51.73344911649946	-9.637238701046954	287.29662919078095	45.19935591735134	258.98490922291217	-137.31468669061672	-107.13072661748294	2.6264554818429815	741.5107292204976	-114.37900189583246	-13.378588521512171	153.80991036601523	193.32801562682073	152.00614053790218	-131.1392972097094	709.7909272925963	22.833232310342623	544.1588257266806	-22.63431626768221	211.66728538727943	-155.9821343024853	-43.08092284070054	238.56870211773617	-6.413603036231365	-12.266794228753497	500.57119755902977	74.96586024939904	130.98661481175986	181.83535769185573	41.89660589801241	54.47304241287952	164.16795207113472	354.053822737407	121.74154079252003	1285.754300885911	425.5992454709806	58.976342196230036	-223.70173861456522	307.19198173034033	-281.9869041781758	-218.19037694629412	-6.719636397102477	-361.4106425711357	71.79901069985704	-31.619254963071967	-107.50867581820603	220.68921894316063	-205.1016950513756	-302.5106561293104	280.7088321369396	396.68831309838004	658.8221721861441	95.53021712625615	275.9011353948085	532.3473378754486	117.09522483884757	18.552319744701194	404.7561296594515	128.85328999790144	288.5985543371984	68.62454560139267	32.70602401318423	-47.18517969731897	36.48350324958612	142.41906874980708	187.36179336105056	-76.84635054875719	115.7847747685667	7.953526844631034	34.99682812881531	129.9092422155952	79.61509842399909	8.828455606083976	29.20214204081404	1.1078755303438488	1926.745607616138	45.41835463931682	-22.244655145384534	87.77649197539145	60.15168795276815	-76.6293217759569	-18.2205739649011	-5.4139560555521165	17.193387716008584	0.0				
2024-01-29	103.15376902241454	222.37793749061643	-136.94867708941104	113.58498846276387	63.29551347859746	2800.459269172489	33.63943298300148	20.51155355804076	328.68227319213736	125.62703059643127	141.1485912579908	904.6042210143773	240.55984978284602	817.2421870166856	255.78432251478125	116.36466140999607	553.8065971486947	152.4333841731756	102.05478327543074	273.83242360236784	223.909486700914	-183.72926261398152	23.322896453930255	49.9143386444475	2.576005234793058	209.69969650480886	144.3435808051654	351.8653039791153	-130.9913396198226	-96.48770596534621	-1.1599642364537885	798.118116353189	-143.29678378740132	-5.572502909402942	219.52671380545513	181.15340618500022	185.07690210238968	-135.97664207502692	662.9166070078202	44.11955162329127	603.8904360522104	7.980596217951046	-195.91197733079412	-486.35980065899514	-11.970372435879028	310.8382525191088	1.8486401602485216	2.630845984813618	824.5042366856292	110.41821508206988	128.00845291520386	251.26362596921206	-11.056734769102889	-3.364310912208566	227.69536796804437	418.8073890100683	51.1936537627829	1437.5734979759354	555.0800537729906	54.71369711652318	-264.05825666921805	301.11489864931775	-268.25327387449136	-217.41788091107503	43.11382565225429	-374.66711613697953	73.25509901005876	-76.71777761708188	-144.4613968695652	319.28575916708985	-223.58679462736302	-306.9095862193184	347.46149810870145	473.809776575048	642.5913074277191	130.1255069511612	408.97926597089423	566.5881360966064	105.46795425140368	68.55168438961354	549.9900377911306	164.71447673024056	325.7261788063314	85.475180431343	64.03509998689924	-15.00107221002854	84.60835735609247	211.5792304791615	189.6944171542325	-63.27267837743429	156.82313784610182	25.946564843194487	50.59506483568593	145.41763191294723	163.99075746252615	27.75854022852112	77.96848182529749	32.947603018967904	2195.2080930937937	71.84539140286132	-16.62135017476068	180.52218807829604	155.07414892540555	22.920795757657316	30.84528198544328	14.742458632963942	47.823680984200095	4.467236467236217	0.0			
2024-02-29	167.4147134197858	394.11028161870877	-114.67527922265731	181.00701133145682	48.81960581414347	3045.5671780990715	37.822722327795134	19.916737448834454	357.6072987567655	148.98899167985473	293.0313889840725	1068.3833797498596	242.1012570940766	842.6100803679425	257.06503300529903	136.1718284347458	922.1853683278205	180.60447515478057	124.90261091598495	399.8516321479217	328.58544893553085	-184.62149439306745	49.95371097627354	40.13202124984599	14.876104634645003	233.18821477127898	272.70217541049647	437.4397635606191	-91.49666020103763	-82.8516455111108	-8.862577264281015	804.4633671329951	-168.22488730771377	-0.9198024953803667	263.4246444214689	207.8677794939449	226.6489898059648	-101.81368971471045	752.4446112340078	59.83015288496995	639.0862084740803	17.943100424079148	-289.3532544720631	-544.0059153559841	-0.20410938509178322	361.8131255973193	15.04861392539641	9.380781648363609	887.8961452512949	130.4330433455101	125.57374319540338	312.5088809067531	-19.600405712353506	-18.251877773422166	283.4004135167413	456.1182840509068	4.628442353870412	1507.8530656261828	702.9417805035835	66.3912247728465	-244.82759375779324	330.8399833859821	-218.16950955540312	-206.45189376301823	72.44065449751562	-374.82610869790517	67.33102844133663	-54.635207800286935	-123.8296795675642	369.70404762941536	-223.74607280349596	-271.2435397175718	433.74238972795706	609.0330163133665	624.6777108940523	160.23452688401483	421.5697969849015	577.7054040043654	164.8890166380483	98.94312252530842	713.2376858894013	203.89438520771864	347.66013438517246	211.55689424948446	82.27078600052373	26.099603644984168	141.1339170535639	273.8229186515763	230.2436211671125	-54.314565729428494	184.63754799387783	38.76252294776954	56.98661217940411	159.5987359319521	215.4378552831137	39.34693470660483	104.98444941820658	46.904792486134724	2442.7160109128554	93.19445214919679	-5.765727623135909	235.10372383894028	207.7863152495487	53.61813748618516	108.05247581565234	21.950242692251432	63.859630627550345	6.129404793792637	19.209116809116676			
2024-03-29	215.78080055956397	444.501471457552	-61.671297165352144	196.7554887888349	107.7048723388489	3262.1082182959926	35.96676013569172	41.66775701027669	569.3012587435613	174.63303145607938	337.21499255900983	1377.5469454189883	317.5569451666903	873.3719002223098	247.46511011438088	164.1738150469447	1006.4071017894778	207.18166320035593	152.52466282537137	558.4188294247606	366.7263262793111	-77.7347976290456	58.531828770366964	39.373018670344166	24.31832793597215	314.12419714492023	390.068181573634	542.0528909324792	-70.59745558734608	-12.982403972795566	-4.428279712543883	817.0251612014497	-114.04020947105639	22.89352871864024	321.0587184562139	258.9973593917457	275.00183575742875	-57.40082847125734	950.7339841942824	85.12594743210957	657.1972073399725	38.20191694011265	-320.4208594484526	-535.4479428512503	22.75281129955937	436.6597446122431	34.31862278082278	22.391120609544657	1073.0094875571021	158.06019320452424	121.40655240203432	394.05845854989036	-8.62324699983202	-31.11583849641022	352.0153888502913	488.93230511170873	142.34495679288477	1578.1060094188406	866.2450823283104	101.14470260932049	-214.22599725670102	466.97436548454715	-155.34379700964337	-168.2689396739056	129.77823696314314	-365.5941264122183	169.57648243770973	-35.958822527114194	-114.10845633098643	367.6132901277424	-192.43638150768618	-211.07881963654404	528.3470628995478	739.0752211608797	615.8184363460114	197.64960674700149	472.08342340659794	586.852590084058	189.6632827086661	152.55934473010717	900.5670317624017	246.78396023727362	360.9367678955705	348.2120790868545	122.55462288973123	76.57382058903092	196.4491570870341	344.7561612974371	255.8473761702033	-35.448762811537364	201.391089681079	54.01899038522143	64.29022385143634	168.39461444687666	283.19931107500645	54.25192223905256	160.29966702425259	79.63892074274588	2618.2788478728	129.36592599171848	52.10294049820134	285.2781413307402	265.13894386647326	180.46551831752356	197.26434197190449	33.82445934619872	86.92889999909093	21.631452288458938	59.235301012166886	0.0	0.0	
2024-04-29	245.28583573213442	493.2964988638182	69.02952902243146	197.4767401301545	177.45796085697074	3130.2721848894944	33.276441698884696	75.61516085093183	565.7911039215912	176.5440243815052	371.05394367503226	1407.682369665764	440.46879150378635	731.73129507719	214.3282275345323	130.05695466066982	848.0608754933866	197.83684487406305	167.30359181096986	618.6731663809383	309.27491906430936	7.359411662411048	74.16562716092034	59.15303743514011	34.035410745080526	299.55795920570404	391.0753315659871	570.8950298641494	-102.94005113759107	42.550916532389124	27.6210374298538	725.3444549384838	-54.2673664095646	24.23067377507376	293.2473156109512	257.70347288474443	243.2671403425722	12.043668014897321	941.7025294385336	67.68441760656799	586.5285756437038	47.87459371464416	-468.94091885390594	-616.4700534104143	28.494162439516145	434.8855047112447	41.818217558462834	42.676632197805986	992.9667681374185	121.19481610928307	116.03139930807004	401.2832270755267	31.13653678835783	-14.716030277776099	361.84534052415495	468.7405252972477	368.6851745237269	1357.5846050006785	905.842884726464	106.31735219893991	-180.48503661910672	482.2756800521072	-86.83286925980099	-149.68091001917674	141.57374447020044	-319.4942771939727	268.4610186700859	-31.73781910750813	-81.16185542170604	340.1789120957263	-183.38474129680276	-134.0835001433793	553.5290246889115	753.7286384810418	549.7281268676234	204.3022251562898	357.4436695570818	540.0430573657243	195.01113193771238	166.07319237892375	929.8503945042544	232.00724265350607	310.72607853997397	499.1725019867682	110.7043483702642	116.31810702409186	181.67086416219973	363.0886215798704	233.33550218427024	-54.80483996220704	226.14813820555685	76.51926938984172	57.34094526245185	173.92750302696749	390.87583387047204	79.58425211785482	169.20518453149032	89.63375394853601	2738.171892618059	143.472109297676	105.52603648137841	279.1853285830525	292.9437154542462	101.35348142996943	267.68680100814834	49.90229428195605	101.83096898250193	12.654384629994723	86.33580087481747	-26.101424501424482	19.464387464383616	
2024-05-29	247.58929612252007	473.080638980812	187.2391497504783	176.4212331742749	215.946940090571	3165.443014941754	17.492454692400408	109.57532874309153	620.9973271841188	169.8417187413773	359.094309616027	1179.0701334715393	599.2712412949561	713.8954437745864	180.77004844721114	106.36048837045132	775.3846512393162	213.75138204490293	195.21282789053583	583.7011568879864	308.3847179876913	13.0520020813384	76.32152053468049	104.61086224131837	31.914449222075802	199.6227296479354	411.38065767604667	576.937656439479	-155.8744992149917	40.14191094694678	81.17092449983272	696.3067667905792	5.615419473176729	11.099588168464535	285.1029413875159	247.60184314231563	232.13314459372936	51.77291117807886	905.076301595687	67.61201955514355	578.730488787952	49.65773296565973	-687.7117422087899	-759.2825782061572	31.247874004660247	401.80228660200646	54.15160659516687	46.51411888286475	968.0034761912589	101.97790384517782	109.98025188746328	406.2589348365426	59.2760592247335	-20.686462742456456	368.33440163292005	474.3472074081176	654.3325335033919	1331.3776437475276	1031.1578274501067	134.10876860190382	-145.81469004534654	518.538135392015	-35.063786040700734	-73.68079601457862	129.81838922913414	-298.88078432529403	297.2212067836831	-1.8178419426581627	-73.7460376588615	302.6278756860344	-94.6562168281614	-85.36942055873033	612.2609357068654	807.7423434208804	517.8801293784927	211.34461143261944	318.8337529597612	515.5434472130983	244.83014630490538	156.10887548940173	1031.2795963375438	230.91856334462926	304.9076535456056	523.9441573391364	90.54175778969406	132.94862118564214	171.88518276915914	343.6639300491539	186.5470233607582	-54.858404074531734	227.30496821375533	84.65606690038776	53.11519405923096	175.7714886499017	417.7984138005704	85.69217471669845	153.274919441873	78.01076138416559	2817.9215646436405	152.5096448021722	173.03280293272832	310.8348772000488	312.4200217542934	66.82123598239144	347.3662621712439	55.02241418567462	102.55968488936345	8.94241441746642	136.58339933273686	-37.140643988278754	48.787603996719696	
2024-06-28	241.34802272327005	531.8024204283536	238.41027035790518	170.94463652057476	212.03632156757232	3449.2668714213833	5.3296195714895305	136.471908997419	740.7329259703313	165.2993087262172	411.73038233903407	1059.1653723262525	780.5789637092132	818.0211570141498	143.57246544195482	121.91249299241412	794.1851656021366	199.24890958551322	210.8729681139675	536.1329303874954	379.49547781096857	9.492337750041088	103.31084764576659	141.01399947734635	29.942560005569362	142.54200688237017	423.33634338534	601.5836244035966	-181.443460431931	66.22549919078347	116.1677367047995	744.1201100779765	-9.890250983530422	-2.268188153935135	243.1138960227815	269.59732166471167	209.84277543356217	59.3808092295817	986.623895610016	91.03948332368441	614.1506933054983	69.51883744811673	-823.3726382855497	-823.8190762589991	51.18635110125567	363.50685817400745	62.36299874709222	54.668453064173036	1093.068662407591	113.48768994412961	105.16738982061452	437.4837778143999	61.2912353431372	-27.299196696552713	397.8426588384659	516.8935502221409	676.3154869067341	1475.3994103244645	1126.7401481325305	123.45197880042409	-152.82644523501858	547.7527026502942	-14.099562933174639	-47.0071746136889	127.42615085549158	-293.04558786182145	290.3736427239262	38.56111219562479	-66.66248915221286	274.69271371025286	-57.68143976708063	-63.760515640133576	649.0011456393304	836.4432769382117	442.88970364984107	223.07729210814693	358.6589351046118	524.9200223410589	308.8232984185122	153.10199487321444	1146.13775432272	247.3850557425443	332.267094809157	573.0677139883296	78.27275332595661	154.27488959877968	182.89985159951277	321.6771581230922	200.53466227911315	-30.113605875283923	269.63337166838613	95.04070527586103	51.27131662171098	175.69950510772185	457.7298779695934	95.18953003011883	147.5994257790015	71.2662098016823	2877.9889767964523	164.88791852477294	199.10212425002533	366.070465429346	355.51181974487145	194.37414849561424	445.93958479522047	70.6219487770696	107.98129596021727	30.01981103822114	212.4974911236102	-12.548754480962291	83.9181285847649	
2024-07-29	280.3270330238714	385.4175305874172	249.2510580251609	187.0639770055952	217.83970537254703	3140.977603563867	19.54680121808253	172.08967476684396	589.8153659439138	206.70823185860837	325.21080676593715	1255.242832884608	859.7927679288523	971.8665686869373	124.98943711760035	180.18067060936696	949.8506511870578	188.64303042223233	208.10904553696525	538.10083289452	530.709306109968	8.59480421203557	98.71300417352116	139.96454357902155	19.35621101985646	83.52693422411	422.46816989255814	590.1076048904274	-163.02600921571042	31.430033928640853	136.22394490908914	837.8142662178639	-15.078667472965549	5.343265373754939	219.5302058341343	259.52718524727175	274.10473226116994	62.40356227795087	941.7112786905163	108.61530230701635	541.4277974935856	91.53405292339447	-989.1490825115183	-911.06083725025	73.07591468634163	375.77309392381176	74.1190651746747	58.084131797582586	1195.7162156878517	165.41144591116318	99.22873153725584	429.686072685877	57.9187521487014	-26.694245937143364	389.73894191763065	469.92866171632613	565.380753817378	1794.9767327115078	1015.6954498174291	102.94994109104921	-143.83018030012386	418.1391058697395	22.355454250197454	-14.187163659811404	166.60303492123325	-249.52422716411536	298.2383031267955	58.210588522666114	-50.43394502608817	252.60184001038493	-7.216107651223183	-42.89729124723908	594.6513412752806	747.7161149819765	423.7436592824429	224.94764118740045	417.42659936837043	556.0114002083542	334.88419317196804	188.34320823871735	1033.0143454789263	237.62603894040035	284.7373713480547	677.7989363690456	107.85594380573883	177.2024192223696	201.42644994949302	347.1968169376697	184.7996391384645	-9.688960649312008	306.72643847718746	100.07438946317053	55.367389383638596	174.7319422970736	479.7679851285775	101.62925638461192	183.85897273338838	101.14713912316265	2890.612147533291	173.8043456281925	226.1606331994297	340.0152773593379	331.1384030149198	283.26569873630854	425.0888296906403	83.38713076386563	117.60089636328229	45.80552890304858	224.2195921777302	5.8653350701364815	119.37934154024589	
2024-08-29	274.5760917518727	235.33372412294068	231.8264765005784	191.13334348488803	252.03290822550872	2490.987062462933	16.833983165470507	165.28471171390592	312.5198454415758	234.70975476689443	233.9526241272846	1413.6361602071242	773.3688792288339	1009.8341593499661	105.80794213020909	248.73853214158763	902.092114587218	200.7080466361892	205.14647658643548	447.5765938323418	513.9270466000586	-64.63518645345084	84.09707633722525	104.45516706562074	10.773630419602455	-5.961361188732525	421.1964375162893	517.4037660898716	-109.71924050579179	-13.924688420778864	113.83643155487277	845.9755304534733	-22.109460970424237	21.098038587517244	137.7000594447551	197.70557724897316	268.0071675100725	41.95773012232587	711.4874843434634	145.92431455563337	461.7666594379775	89.7327362372438	-1020.2879619313843	-919.0919451771447	74.13359885762009	343.5642553322525	77.2284691129051	32.11684758891187	1268.0379364927915	229.1008631444542	94.5841278395061	370.82161067077914	41.83297448199693	-20.196090221186978	337.6223558515135	373.2285599021641	438.9696773018013	1887.0179245006323	777.8174805897625	21.72346748777987	-151.7475982802074	214.53628631859488	31.26664812049762	-5.751006748573673	161.2439356306138	-205.1544833426923	296.36333101645505	25.541535067060295	-51.226366767812806	221.41847065459228	-4.2757530645963016	-34.34636090416234	484.38276819910925	563.4454370252438	349.78239038059655	198.3277182233769	565.5939210799909	531.3818838583397	309.38575904441313	183.5054124402757	798.632573512532	225.56688838894968	231.74195208974925	663.6959502598347	124.9880443359512	185.10501718170906	196.74676318470745	323.7184574821681	130.48085264025895	30.464186121505435	281.03298778699934	74.77790492679486	63.93049175682687	171.83443693033	354.388844133621	77.18444501547279	176.62748291754474	99.9206011741532	2885.138198124396	165.20079554806466	239.46078376659702	283.19152077865715	294.61345610520334	373.826431930345	369.3317661242056	75.64762150798346	104.57342066543436	57.66169987859071	198.60237615143922	28.809830586581246	155.46950506331547	
2024-09-27	245.57035589306895	112.08841738059903	356.61491462456587	181.95946979533005	309.31152113967414	2096.2009549595114	-0.40690117827962524	152.35548430165989	156.56754544119678	253.00693615202027	166.18360076734194	1448.816224102901	679.6424606324404	1028.6348223268765	105.1399243171611	306.56612297139355	762.0594996429965	203.23754788532221	241.37790161096112	427.5689176717392	410.9570737560764	-161.0275719640581	102.57766374601783	97.79087846924972	15.806233931912061	-40.794258543063165	427.0747329786067	455.03185714069355	-54.83019060853226	-124.11522250021392	116.55901038755866	844.948806355052	-21.89885495972493	49.18775218000515	107.57730417175236	134.63618969962278	252.2352287136651	111.73739193446863	479.58411391220625	167.46716509867883	432.4449467927948	79.84971289160632	-847.3794054304176	-757.4074131719742	67.27053733409622	324.2707297626812	74.00493414682884	6.12407250875998	1286.3994488744163	275.946062460275	89.82124896967764	327.24536032945934	117.50784395370454	29.906327310849747	298.36393527534347	314.28501677068607	398.4035936986918	1965.3556376570918	638.5975770274836	-9.881888042404995	-100.90128882962836	61.98142642886387	72.1532824050837	20.157878449990676	145.05092163926508	-180.61845864498014	314.2908935759449	85.34940697711664	-14.346568673254069	181.90088527406857	11.36267280871732	45.889570235070664	405.51734729779673	464.74584341230775	309.8294178830447	182.74621280476788	666.3526125414116	511.2192645623236	267.83778140372146	169.0813747520091	637.3906267837506	228.20234021524323	213.6276413137689	632.5382983854302	131.92054123616583	176.37235365291806	162.51301972669523	283.16848272347306	149.87218879388047	56.366281867780685	275.2771418053353	49.43183598106637	66.78544893743589	166.27499192502546	233.25263910769468	52.03717972605202	159.02485161117886	90.00970145253572	2859.2883047798923	161.13442411367635	276.20728692196997	244.96240474530657	270.28632007499345	392.31491900876546	354.02107490852666	64.22394359031432	91.2613013040741	62.21763375585466	190.67696957321778	36.030858098475974	187.15492360630236	
2024-10-29	238.30477515104712	-50.99018608816982	508.17447847363485	178.97396893455897	354.76054578869207	2172.574046902115	-20.552106864430755	149.06464788057224	-84.69137337945352	250.92226904283476	56.130868548494675	1449.1664187427077	602.6997900601625	936.5569549688054	108.85123575386274	317.3067049004111	727.4247629879328	167.60480938073988	230.80282558925322	504.80263736744564	395.1249496523445	-145.90225067968322	114.62613837589615	69.3189247707256	15.543383350181387	-79.5925453816456	407.4988566506046	461.8036581808469	-31.887558102748628	-187.19772403133294	88.53537161992304	774.7710145781393	-36.894084204961615	59.811613782389	114.38851727279058	73.4649681842235	243.73409675747212	221.39247534780338	259.9253246384501	146.0273439685127	403.63673028872836	85.2760695863081	-806.4924387091957	-702.2927634269251	73.64593691971409	349.72066046521695	53.53827250585562	25.242863843829355	1254.8560688342627	291.1524114649181	83.68902375845619	352.73638430793176	204.9802020208778	101.77264243576155	320.80938990763525	325.9886989679626	298.69218674538774	1833.6612604107472	571.5883361726428	6.7375143427046	-13.169597692670436	-87.35299070776205	157.25803690158568	23.06719223202606	169.1725785481127	-156.62484504338806	441.57246685169866	181.66605157013095	149.92689703948372	187.76471111104217	34.75249044486554	155.5774882290176	416.42572510080345	513.3952936836581	233.48526694844804	187.43865208544128	554.8419573704521	441.48152884256115	229.284997468372	190.50110908055314	563.005947492733	220.3721462789374	196.6513506840531	686.6730786689714	134.98692082996394	182.09389410879828	140.2804101471308	328.1678794253995	200.44850684818482	37.5797086322188	220.68243225812694	66.36928165003667	61.67644169172058	159.27864399686075	324.0450664874145	67.53532775595502	181.94135821601964	110.38881085838972	2797.1258750474863	178.83925779941683	333.45377891440137	259.20926230634313	292.8734536755153	345.45088687668414	400.4969984381688	72.38630388694764	103.59622567272197	57.73295380984983	230.13356864729104	27.830647565649553	213.03470244646482	
2024-11-29	215.59382971165792	-174.4661879247904	501.35686882388995	145.47335714223163	321.063758732564	2251.50810679017	-36.69229040018695	153.88134903754235	-493.32048859740894	223.72994777645846	-25.70747726285913	1115.5509496996551	477.2887715442621	1042.4543312623493	148.81577601081062	328.00793061977737	718.4848199729756	107.6879278424309	182.04800286713873	630.1279939181213	344.3661527470215	-72.8273243132328	76.05678492813502	19.323160490328576	22.98025311983281	-195.56126860883546	355.5374511067822	486.7656932152097	-55.497763824171074	-192.4504723771907	62.61041884646889	840.7043899458317	-71.97323444970982	75.00466119009431	147.5605164348301	-19.53424470210041	304.8381245033723	274.2276876419894	-78.02523296130573	138.96211846659082	383.9092287433202	91.52293280529342	-972.1464292194458	-826.4967730602102	79.90349417513458	387.42673112947114	32.021662396825114	41.13591318376473	1298.1680648763727	305.1061512977218	78.80758353234592	387.0854607129111	225.2331069283629	131.0141688375545	352.5164076986225	337.7307027057591	79.72768862827388	2083.6523180486724	412.0971726922362	25.57418090446393	57.438037980577064	-284.651701082101	197.2284681341697	-3.5775989403867925	210.97757177627977	-136.10562761097196	411.4598618819298	264.5786246203639	265.3731080207498	251.26786544818628	67.4389791663765	212.84579775106954	470.02008861119475	652.5943836547335	329.8291072032721	195.29455583736922	488.2585564163686	456.1502418434725	171.89940966296967	227.08638712644483	340.24882426231034	225.48251013076015	185.4887554937029	567.7153138089109	157.4340504847246	193.73501694915853	109.12103458866522	427.3186679178698	309.5186510007045	32.972343387039075	163.4263173702958	79.92447315833678	60.382227625994176	153.23611727567504	390.41379703596976	82.65397933085899	221.29944183614134	142.37052808842859	2731.4868926134586	187.60285154319462	371.45325970558173	260.7199506417305	363.3079869842147	373.7833882358317	384.13503208825205	80.29804291457256	114.53089372137208	58.151398384754145	260.12786847813027	36.4325651978139	236.9433803543276	
2024-12-27	143.05788740302285	-237.65927311410763	600.6172658771579	103.52462046763208	262.9176591400118	2880.0336759677793	-59.411852618379456	156.53943448697464	-696.2356753154256	176.80221579355225	-76.57842548336686	861.591428976851	325.07061677724914	896.1559195631353	140.52877831595765	251.15825245351493	603.8655655515269	41.44457567908512	144.944194565831	618.6843224130271	268.6141960824725	-88.66807791155827	22.60682891175739	1.9371546325954512	13.741099730072847	-277.11182227256376	413.0815825248953	547.0039034049114	-78.01280833092194	-176.69707642611544	44.00353363618865	776.553204496131	-166.77724984497482	50.80416180553728	213.68681683815316	-89.27233277000136	250.14770929865756	343.32067286341356	-337.250658326054	102.35057243098322	394.4108324296633	116.19130829171019	-1137.336773069179	-954.5695971309083	100.63801108445068	406.1510858576885	13.837529875019541	88.98849506691579	1336.7094271835176	226.2906382764898	73.1909442465801	447.3418879993985	271.40418952538835	158.31977233351085	407.53773216026207	434.3929152981825	-87.23941758453043	1933.5659920956382	413.61722485930386	82.34345176651917	108.69404080827155	-368.7279809166796	223.6593272093487	-7.4553726007028445	212.7561834016867	-125.54947643464106	415.7580398976984	427.5694028465729	356.8965132772413	305.32366918098865	118.82713473396029	256.4265648308908	583.3750347316877	864.9717698410441	247.23610448150293	211.74298924733205	330.0652513601069	396.83204374993556	98.81683734610795	227.09041557709736	310.51447693320415	211.24616745953563	201.61736755055722	441.31792128726966	116.40081144255271	200.3764915010952	69.66692161494609	459.98021638561977	473.8450235532234	4.169603223586876	141.65641981894237	122.69490393265883	51.58135332182414	145.58912976640522	600.9889977196317	127.18631867629779	221.680655516898	148.16140116410008	2639.122343707266	195.87412279878998	342.9858016973401	317.392092380176	436.1738198180768	354.9492019382072	441.77368221031634	103.02644544185225	144.43057887124002	63.08399365970013	369.58398242526175	38.24772174652725	253.675087940558	0.0
2025-01-24	103.01287306396728	-228.07081457584098	603.3120685035906	86.06833275126246	257.947358257367	2866.91262015979	-55.12598430445374	201.8931445075832	-660.0292317033819	154.278581070516	-70.16243450834577	832.8555283924238	326.59829556877185	842.4725867277891	134.78741989613877	193.53566437687533	475.1849245759033	21.456204945237914	116.43861387041696	616.113670638686	202.63673941431114	-45.930612887981056	33.354198144599565	-5.526060236356102	24.943776675118556	-235.69081767648763	403.903038294894	533.6249407853784	-92.48448379831177	-79.27744993097767	26.518980975363064	734.696423231183	-164.8817058384265	35.867666879483714	283.75121664942833	-92.07011842559945	217.07384116856164	331.2157736906109	-347.38469495839036	72.51846078768051	378.7587181023687	105.47359130875944	-1142.8001254357134	-931.7584996506844	91.41385450048074	375.9710915784649	0.5783634036155618	92.83258366461018	1113.901307924006	172.9723825232965	67.56020129795343	435.6103535236673	287.64059354775	156.64594004178457	396.777646113987	433.03902220422356	-37.739821497245885	1821.0617493729105	430.47518216221124	105.99005482455689	120.95453106987668	-303.26431587251886	205.1193568162089	-32.070299576997286	195.12301339394446	-109.06075596154744	421.3060166297346	484.38844117840904	363.80520307278886	308.8937097884814	123.00435849500559	257.2885663738896	583.0060410738911	927.0822154166744	230.34970264762978	203.00370459070405	202.97771755588303	377.5846968505534	51.6018697820424	209.64708970607796	385.76620113571425	196.18895964902867	194.68160706751883	579.7636615286497	95.34765740293398	151.96147902052542	50.535828328031016	462.2469230574916	504.7152393370559	-18.003928237847077	63.36631939896881	125.031775701654	48.24716207201698	139.23915619726142	606.7016586282778	128.81799480413264	201.9568257708737	138.17145686232442	2531.5138779951412	192.23541788133127	312.8804122079621	314.5144867305323	437.2094974255547	214.76891416432215	414.70511157973397	97.62220468442553	142.5838397829728	48.10743282644742	387.16300071147134	15.26890537144186	267.0058355247826	19.783475783476025
2025-02-28	68.66820664142153	-250.7046676198379	785.7702192866232	81.10856867760157	261.5370897559585	2279.4646123116527	-45.946567479036936	216.6058705557508	-694.5744020642277	140.92393042502562	-89.21766194733664	819.8747633592361	372.4846508749929	856.7308852452438	166.50090962308377	165.47714156754648	262.9432317836728	27.69323869012584	95.44460544564883	506.79223082133376	162.3751397557428	-43.279805326809196	79.04110185729508	-6.3660328850522205	27.318870704290475	-176.77423192163502	392.28681355381775	489.1607785690944	-188.24787549277454	-76.31516944117146	29.356404796186837	734.0088059472696	-157.5578700274665	34.33122424404534	272.8304197082888	-90.20693005979987	112.88926208996423	332.616922834327	-340.4689322997707	83.4338467281782	237.41536151336504	128.73845773372497	-1081.570874069493	-853.6535407821762	114.6776900219862	270.68106379450865	6.1607881101004125	107.03431949896856	1259.2198621783837	152.84180368978605	60.78545465526031	365.80822179393886	387.9496710878443	206.54705330232116	333.91685680451724	344.19036319619	-82.07135419853057	1897.233537924478	197.51368809697942	82.69740871731776	133.38206004883398	-308.20729501864867	203.88838211181792	-24.987228927905562	181.43787745496093	-55.965136931893426	471.6968085538101	437.58479052160965	415.532692138696	319.6874780239599	93.32611387588645	306.0485163511023	426.57413544806013	664.5544133989283	259.665814280886	184.66300084393094	230.2426000576569	361.13755134198846	-12.461112161029746	196.19128968547068	169.46832719213035	130.79873510163407	100.71254387353338	1032.428993388834	70.34555353131748	170.21096767749282	65.45216462776716	451.37411367152663	411.26141338013826	-2.271983813456245	-30.180190818406004	136.2073744157135	43.42642284870226	132.37747680344012	666.3145103115012	139.55729730100296	188.20178079071297	134.5174042603319	2392.07727259449	181.77782144850062	278.91203101199653	227.22318287345024	430.2079721392354	370.6825290654624	366.7348573159811	117.46741903684054	149.83937874316092	65.42565384295577	315.48462474572045	47.22547661393164	273.3875756320606	25.995788995219336
2025-03-28	37.94486169606614	-194.32735803703326	886.898713216709	80.41891288146007	323.697551717494	1389.6118814029014	-30.630294081188353	205.48778369888248	-643.584713216374	119.8466670291001	-51.623538208682305	540.2714230758838	393.7163400128384	743.0331196507232	166.679748790526	110.26417279025961	85.43504657633605	42.31965412579416	93.18814679353339	338.32807686871	86.62066791490372	-1.9771905194666033	92.67907587132439	-0.18816618474434677	23.272240892459024	-203.13405054689872	392.7697893026389	368.03584156830357	-213.30224400314205	-66.48699136342745	46.0557690837432	653.4655225353845	-113.3522338915188	26.39027183377123	190.040491833871	-61.701869435241946	15.159179982032242	325.5059806593032	-236.29937774104593	77.00695144288807	61.173749011114296	135.92441829354772	-1016.8732144544883	-789.3080089938146	121.21321083577611	133.87361233290517	9.397642486238354	111.16808666413948	1143.0256839114888	111.78079217796804	52.55300476986258	253.81857225939848	425.49163013874534	267.372012417165	232.31917381968537	209.99074844483948	-227.4396135334996	1746.6445832869986	-60.60962579921534	46.26912712585852	136.66251306359095	-290.3307444484252	201.7466332775017	-6.966207393391869	157.63998850868268	6.570169852296544	518.078686871055	359.9632702413604	408.60241450077166	298.99767007768844	65.78808511504349	331.4794827467349	236.54236407348117	348.8347411699715	217.08621040785056	145.9115459530958	185.98971523532305	297.7279036746331	-64.10539155680692	172.5380234988279	-45.73269596322007	47.58422981770377	-17.583772507738786	1351.4844245515778	43.571920615180375	161.3807722456478	61.019247905981956	396.5795574737083	287.68807769085106	-3.7424482080866994	-24.740405351376126	138.36964837775758	31.318275959457594	121.87071945513458	678.2308203741609	141.40323454831156	164.4400806866024	123.67906908973725	2219.168818162234	160.54313494109226	243.28447720562144	110.09873895663975	386.0932760578178	355.16623528019625	263.3722793864242	126.11193323213519	139.10382867428228	69.31782419613111	213.23607123735246	49.86468028865448	272.2225472965956	40.101096622708454
2025-04-29	34.05355202882993	-196.8133670639043	779.1189229116479	112.69956579585448	416.65815658609904	335.0633147969111	-7.733413131546318	255.96002086508872	-701.7120428252539	114.54424553564175	-52.04302070120235	407.17838982307353	455.49485903902746	772.4238961832289	167.31711342006452	42.01453499393716	-143.19799834829348	55.27849749495164	80.24573165067031	121.70916753566917	-52.087211711003306	-104.85403088557655	141.39896864244383	24.742983827366572	33.739175043028695	-184.92543914504992	259.96365258011576	182.99323993779808	-228.10354335027966	-164.71907372497733	85.07739543546637	650.6857076380452	-104.56741213246693	-1.9928197320078311	19.84342286002584	-50.71794762269646	-92.8372967118051	259.91348994117556	-193.8387863836494	75.50697194797272	-94.52914448851766	125.3259899665693	-983.9416190862653	-753.1573072206784	116.07051687082105	-80.46909551631711	14.929933594039781	89.88661481964914	904.3778052978688	63.263948155744856	44.29303340491572	91.76938077776526	366.6372033826109	277.3199607921248	84.1158652487718	51.43349850584764	-187.91485918419835	1724.9802941683715	-318.7285057537647	-30.794410097925436	96.775880442887	-319.1811665201835	160.33206553533796	13.790812330504991	56.46934601311773	49.71181716437093	563.1219597636957	279.356946655708	358.8502750454509	242.70417999512756	30.227596952287172	287.2309911485645	51.46609195049405	79.60385164645186	281.9822143169895	87.06759043985437	167.66603980681452	348.69319822725356	-104.60193985705166	79.96893714838654	-294.36280129453326	-43.569484151892084	-123.1247511732879	1813.0709507955962	-28.382222502179786	123.93017931696966	0.2624411688721011	260.4475992515411	133.70023138449596	-2.316272821399423	-14.73114603176191	117.66977702627844	18.77966068129402	112.47937694915106	571.2893414967266	118.74880658795121	63.865272577068254	54.315206701977445	2041.6038786018762	131.38629432364428	197.40023232797387	-13.64530620300809	268.3932187573996	268.77241131377696	120.21728665321189	110.46669630963675	108.53070445136683	47.90400782626216	101.80616578650256	36.36521172191155	267.3634147620651	41.9854362553821
2025-05-29	94.14003443407228	-188.5174297499913	671.4622963432062	287.2472963457369	418.31229360485963	99.40523001517067	64.80853272529363	355.14454892738036	-583.5032800165159	117.23155161367706	26.598350149764826	279.42848091986525	694.6362895698467	661.5182335784061	185.37696922265593	13.811947121459184	-379.7571478669744	94.14750789937659	97.79628922958261	82.54431636219215	-217.11946443728118	-213.0148115671119	184.21475008779964	65.23423293153395	51.14571359053144	-157.18418812073173	203.65682426196406	84.9150344882396	-198.35982287240867	-192.09648862844244	134.3828902000016	558.611770521888	-73.21440220696863	-25.74180153600541	-4.1707962877331966	12.960617090430674	-99.6064281075322	200.97236776372222	40.77515039778467	50.198204757987185	-36.25176808341848	62.624384243999714	-988.975044213192	-744.3020745934064	61.684979327902056	-202.631391127469	18.76894258704689	33.29208658757034	302.35615074685336	35.44743353294143	36.41167833881309	14.928139125989446	307.112710563965	285.3048305872919	14.408313249278308	16.119629930936753	24.374394931086954	1461.7287261283586	-316.5062299734727	-51.104533151097485	63.22923214145953	-285.2878315603168	117.16747566867627	40.12093116801918	-33.33047436203401	25.035285421918843	474.13165150975556	266.58371158704443	284.1122368611127	200.31617938134434	27.81009977588849	256.4950542337312	5.567142815690659	72.21027688394315	243.63309420535916	56.80689581596107	61.001193046949766	316.6960178797035	-47.043448608499716	-3.0701902188803842	-250.80861574145365	-40.94582486360855	-80.71294321250389	2319.2625826645567	-65.21229220902194	80.62391492712254	-102.05772885126794	153.90607267190876	72.63097154872298	-22.756558565672577	-39.17174770099996	65.20543229095517	13.605671462991836	103.06583634021752	310.9996522811887	65.06236177150248	-25.610388837421283	-15.161399518269832	1864.9457340750487	99.1311714489135	141.17147999792292	-28.700193520845914	207.64298200154326	-95.91437050997376	61.013139447537014	55.78713960483708	59.09334834313506	-0.610737501229039	69.55622586363074	-28.425452972673632	259.51514941565983	69.83879823248692
2025-06-27	202.38552240097158	-122.98902265773845	576.8666615520876	551.498961370301	391.8191118686482	17.018058559104247	135.16043769790906	522.1205101567693	-137.10505361744617	156.61888160225803	109.95854673232964	214.69436374314228	1173.5222476721588	523.3346022979599	312.8623097429859	-16.178022396596788	-477.51073881373463	127.53996260579106	137.4644727570855	21.49482303374907	-303.47899083982077	-251.64253428739266	244.27814785699417	111.54769123909365	86.23178514993913	-83.40165775569383	170.08893620195363	24.083763832097702	-202.17476973639648	-144.15353753217832	188.8385947508361	432.94969704785217	-13.812738333452458	-43.368051562186196	-4.853319620425225	165.0117383669006	-81.14748791992304	156.61768385636324	595.9481169119589	53.617612666503874	39.576483158300334	24.399448068067272	-887.3318580900541	-659.1063799511976	27.96588144360176	-262.5760740761666	21.238792079211066	-16.571292798550758	33.45439026112308	12.218777571404644	28.459620071252402	-29.784084583732238	249.90772192098643	292.20296888315517	-26.15462692143319	3.5157994697908634	353.229370290961	1059.8208746362902	-177.3695115399446	-54.89174734890386	52.501590943374936	-122.89244688835845	88.75014963569572	74.79039722334323	-94.3719986093131	1.5269034336756704	370.4482620547267	233.08181563442554	221.1707582001898	171.85551196106326	48.52676751465788	237.16967921684642	44.12602276131611	289.0152286215598	140.1762534387858	32.19767885612589	99.95564695102053	260.39469743544623	127.52093215757031	-60.07693276554426	-6.685216875033348	-21.899648635949006	-26.740433981390424	2979.858166513475	-81.2664665691787	13.844398148030564	-167.97106870279185	76.44242128397423	-7.190258009936542	-16.084351273662833	-44.01213554879166	18.152470612188267	11.820099901714713	92.93968289790166	77.48809493276917	17.246962501680287	-86.66025892995492	-63.7374500948697	1682.953253877171	69.90900363724109	79.6808479509092	7.418665049247238	165.70713410754206	-249.63557525864144	17.187145555488996	17.99055663102581	22.752977018224612	-17.427034015757982	59.557415086187916	-55.66048961986855	248.97510841178007	143.1098582631816
2025-07-29	289.7528218409566	7.4847174227286075	568.0661394160261	652.968392146664	348.56242337562	420.50071741525426	165.3630196044746	624.3217169759445	145.8243370751428	205.92981068841277	203.65363564094957	436.14493729258174	1514.0739511833244	376.6574041374083	337.8450477691101	-32.78812326786482	-423.97687235224134	147.80052161350136	172.64835871643493	152.8199551888465	-234.03054496400955	-239.94166191662305	331.54919962620477	139.74684823296667	102.60255220167193	19.07091312913269	356.1704636636847	76.2050687416504	-176.77653135002276	-74.79846948493221	233.15410076449132	307.59882697994	52.87543107840446	-44.646670725542094	101.03228856919526	305.07486084495633	-36.17159833283213	188.46769640550403	1102.68531551677	46.98114401097541	129.29616304583328	9.782165930432257	-578.5419900956331	-409.68679366844435	16.498280484690042	-163.95403961387183	23.3745921283421	-28.86773212468927	-21.95162784544152	11.88174882671737	20.496152891286442	14.10459236516499	235.0677946231384	430.8350984907082	13.788120665721863	63.745320079693556	688.2807662518476	708.3599331393689	24.291871776109474	13.6487822917492	107.8285619618872	-26.288829121794436	104.2401646930523	135.09891141177707	-96.76769153702503	-21.934966726181642	304.266120155507	231.08095682867474	222.59973451349055	120.8051156904537	124.60271782018458	270.14109842926524	161.8984018194251	502.4083642200271	46.070313878104116	44.383836640075515	94.72411702792715	209.02305709644997	229.60239082116811	-62.73350360393886	201.54617220019873	18.808133868011055	40.325102192185796	3541.052109791345	-71.78472367077893	-14.975141239086156	-185.84826910894117	57.72210263303077	3.90654517001758	-18.322550435133593	-74.88693967705035	3.4646279956498347	11.842079113519333	82.04770225808682	11.88369197190491	3.658445843884067	-88.46021475560303	-70.16503476751808	1497.961187311772	62.97803468225845	73.07246494541027	90.29450984616324	152.57305101003976	-322.8718638132989	81.55899297446194	8.096306712005344	13.386386613812647	-20.537859812531508	104.60926128376104	-66.99156263051177	235.77571134836649	209.9843888939187
2025-08-29	301.48547158552867	98.73700071113979	512.9066471371821	650.6432252745747	326.39377375174035	643.7932941398103	167.48335365549752	665.2944179566555	358.8024339961371	204.99095874245995	260.0323820062686	406.6810534534595	1601.8149808608641	280.8182396213733	335.111173354717	-28.962248478338154	-317.98317972321695	160.34583345099145	180.12840520678594	177.63733580712596	-121.46891694263218	-211.75945564858046	327.1583060043859	144.903816462495	114.12810230981037	73.80290532327592	640.0013784147527	119.89096213873836	-158.11961947689457	-49.732942028185995	254.34717866007514	202.41673667559917	116.11080435463387	-40.61553855269294	170.29073981683644	363.5351882292108	32.977253585170615	274.7251700156155	1316.7331077204376	50.87525445505764	180.6051171832596	11.34384717460378	-382.61431574035214	-237.3165372767162	20.753570001114383	-124.09555037094037	27.305579436521658	-35.861392298414046	34.07624395926075	14.204702753106233	14.172631332595529	46.865528046671216	223.73018619284363	498.66488856834684	43.35273222608066	96.05950678743966	820.1402597441902	414.07082519219693	148.70602809421234	87.52275601570682	183.6060616736794	28.8599048191453	140.52108183321195	195.24456177994773	-84.0124505803908	-31.962423818897037	268.51307505713885	230.27832938723418	346.5641157913316	41.40412925390319	185.2198718431157	323.0170980923824	202.99169058871666	599.2232663797445	-31.283798611040766	55.982102888685404	144.56371079424594	166.403979035852	258.74418106706844	-53.378377912048336	317.0660608457829	48.5799724278678	77.91086622899593	3460.6415768020443	-54.54438958580323	-42.261191555126516	-191.08282056710595	44.44283635590182	36.93685486805521	-10.925560180212472	-110.39868293351674	-6.576460217930958	12.522129804783475	71.69786491888624	-37.53954852126071	-5.6422755874916675	-76.3123970834987	-66.07905224739909	1332.624893037022	57.219747064876174	60.71032428885428	133.27914614667316	166.06460022996134	-308.2844293960423	94.54917629524425	9.426246038552733	11.112297510425492	-13.572124240597503	148.44430735438425	-64.0338692777891	222.97856500797116	233.3828074371567
2025-09-29	322.7751239923248	91.72959138607939	537.1159181312989	678.8395883385763	420.7349722341032	1066.8903263743305	150.871222300017	665.8215220232012	842.1260478393666	205.1322500493501	236.44135572699236	470.73172800291195	1675.3091866804134	125.24560911442859	360.9714858737354	-19.162902611801513	-68.74941770312921	161.9268581602206	218.26206918212856	171.96339161023252	-12.652755445519347	-150.6292481651925	328.2985742395824	135.33687359017466	120.79518993524616	158.7541616411175	754.3347868111307	179.0836255046006	-142.135879443647	-14.380002267996481	259.42069939844606	74.72338887906926	187.32328685706028	-45.88336679914231	232.67579328086947	482.78436719440515	93.60226229702155	346.6040789048608	1748.5600017161933	67.75049186831069	251.260713728381	16.556702012407754	-223.42926348238325	-102.90813861664219	27.06280744195422	-89.49888366371988	34.965246422681446	-36.27504143348847	245.7043492229618	15.360391930745436	8.2189181166259	96.0355898882824	267.513198836692	530.4436394868285	88.440247021804	158.86941400992896	834.0494813529585	98.17677794878273	363.72937176765026	190.98094163993045	316.8226652842909	222.14339924439912	241.15417195733636	258.901592043684	-80.61755440604054	-44.777214175623385	510.2798215996604	305.0487976197587	480.1820389040827	13.586974756162817	272.05108081286255	460.8038545272322	278.73139038545014	788.1339401367063	-130.96228527561925	74.38968560721105	198.7923293974368	82.75194244060003	308.84685069396255	-51.605184908875344	648.559314464937	80.54732815254533	131.1836484386015	3452.407840869104	-53.38695172432551	-70.63316815408075	-183.91804219096673	32.296948291463195	78.70808835993762	9.805838903937513	-131.1320546399552	-7.994462505714523	12.465556817749047	61.173526842476235	-47.66001121731506	-7.606922817668078	-73.30748470482513	-67.97521802974455	1166.4759429336518	83.44711924458602	81.81903390414004	200.71504599688046	234.98105806527406	-175.533354511384	172.01507239169723	13.934845631723988	13.505170480312586	7.926749980864798	203.62232686799086	-35.28149177215054	208.36255769815682	278.12486755761705
2025-10-29	305.6368301945922	228.6584221849738	531.9336922571943	762.51644096067	496.49070220794874	2008.2964257256026	175.6944865276425	862.5594886152189	1969.949828035611	209.87902840905758	290.54939445383036	574.2869183682506	1956.3941560749454	-12.671815136015539	372.58141145913993	-7.8125994943059425	412.1137277329866	180.75353668883736	269.21945616090676	222.38841721561357	259.61839806719024	-130.74044282364332	386.02355989250805	102.4391666368619	106.8805900665212	288.46362782121673	922.7495230081493	315.00300535705674	-102.24014487430657	-58.00073596369139	223.28398675877747	-55.57821464374092	219.8725093088687	-51.3020114532026	381.72132215585793	749.2504548806585	145.74856025249485	419.4632173517199	2714.3325924166948	94.5947981457204	372.2046002515094	45.06213890141851	333.10724629077913	360.5076767801379	54.11429083295772	20.089861338836045	42.56622241018626	-16.952412489546134	660.9493511953431	11.92362743562498	2.4712761943351325	197.68556667413327	270.8897118924949	502.48132902780384	178.72740923041079	298.4675283239894	1226.7386771011252	-195.20324535803184	770.7988926409967	341.5847433589145	452.87220114298657	588.626655178854	326.5191876102998	361.1013372548193	-70.57550124646514	-67.18060682345617	606.1480557984014	377.13398207649334	575.758548305387	13.466142450705092	371.16193929430716	579.0819132064078	440.1212749043202	1007.3699876889832	-248.55447090242887	117.24581064161714	283.68289961969003	-1.9367179672512975	453.95358545512863	-45.24215656338856	1369.1939269901295	123.19951740544548	219.72360411431964	3332.6426799243964	-61.100238832765854	-71.04261734077681	-101.6741895265709	10.128809482132738	117.97290039229574	40.65765829623382	-74.52741659107596	7.508235251447786	11.538930520976635	51.207362090692754	31.88492676453552	8.867664628942578	-64.79169929070667	-60.98592227853584	1013.9736470903808	111.9477216575126	133.1435029945269	341.00418056757826	268.2457558571814	100.60064860279556	276.25040513931685	34.079910038679486	29.962711988919807	50.280808866820735	301.09915189986737	21.868640608002323	194.17417168480972	397.0830169849912
2025-11-28	312.605336900353	385.8822831913453	479.3089498340016	695.9620698271133	581.2130958138227	2312.005332475859	157.14021051957766	770.1816819292249	2496.428078829065	237.07926319917624	344.5485068935086	910.9308507338064	1828.0936246853616	-307.44404441565666	316.6848615877524	1.8904531885576716	967.0192990759849	163.04183950801564	262.515953041162	235.90188199930935	658.2126692446893	-80.96693701266713	322.14649212085624	61.13176844939915	85.9761124679263	386.43913699198765	976.0282516601828	389.5724098063256	-41.939996066319054	-99.8812590369433	205.2054991333376	-309.4051862100023	234.59631605784082	-46.39482972229728	435.0445997527379	836.404131003668	156.07432516812332	422.36529534664845	3031.0065265138355	102.77125278807011	346.831371683287	84.08101824452086	512.3861010111837	520.6482059585423	86.94541918685223	136.30240243214757	48.613856643268555	15.744594616239851	910.7221302579235	5.187027489663592	-1.5751826082375828	259.12207696861947	215.72642574854956	465.6024600108674	236.17256778890442	343.28623019960423	1156.9911838670223	-790.690846182848	902.3203812801512	394.9385672845392	542.7110129955977	748.7878435881997	349.93403795910774	416.63111353928383	-32.86489777460815	-56.294898599106546	732.436327975699	325.2817391533463	536.380283837328	-99.25229303776405	415.19403294691773	596.244600613474	488.9954037075199	907.9500323063767	-424.952565302563	132.77068200180292	286.64952837303645	-170.9633741383409	495.8459827278871	-12.109675856071476	1631.1757387953076	123.38134620259291	208.375993108619	2394.3494600476515	-55.57806958656346	-59.741171970195865	48.43703865353342	5.217922931010662	123.79194723148157	49.27555422510153	-20.93913541016377	36.04141102272439	8.876711777770254	39.50789156449946	176.47047257790155	38.56847739798269	-27.912566367725958	-29.89238939518077	886.876272224361	121.80827104930665	170.67361895347335	354.9411448190533	265.2584472285589	289.6112842933544	388.61777668063723	55.29759309496012	52.071074423932146	83.39669480574813	349.3477271081342	59.62973801411643	182.15046843649293	425.9951358837874
2025-12-29	309.86555676241824	572.7428444158719	338.8810577239726	646.3403526729057	691.444331243189	2119.395063948592	143.60196772598874	661.4566848623672	3017.1822306302793	227.05560250209453	464.42458156230714	977.6389717145648	1731.3413688095006	-490.56240717721494	269.82456250801835	-10.947928964857908	1246.0315819504428	172.76324517746218	251.90799371997707	221.52385778474718	787.1613027047906	-76.47099488840655	276.8824417278221	14.983967527967138	72.12031976183432	405.2198563610851	966.1643225674188	388.2810462829075	-18.56691167061763	-141.7579274984716	163.37911770770268	-449.93312798643	278.0033520043838	-30.125523989621016	448.1967113417305	954.3456091512385	168.00872027364238	407.68263325379985	3454.673879239652	91.24516860602364	311.6565390928747	72.95216295911135	555.3648875855147	564.7213070181656	78.27533043184269	193.59381093829415	51.281710986959894	14.677905394862364	793.9345506905547	-13.934073830002404	-4.339660572077037	247.508182479369	139.54566809607354	370.14480563541855	223.66225690371925	312.54833995235185	1050.17727853124	-1141.2933829673148	950.0150357668635	414.14579198338834	603.7020692076865	930.986493544192	349.3425725139009	415.4997902843399	-18.898174977852136	-42.536423766690405	862.8008254659253	252.09736476264663	478.22311791024504	-190.7024996169614	431.9791920926667	574.5748925543163	448.736921256042	700.9068476004722	-534.1176481383854	121.11392946751869	240.90512375054232	-272.1116767340782	554.8521944067713	2.332575834928946	1829.2070603251132	120.90354529291426	187.5731985647567	1903.8082137112124	-40.582809344462476	-69.76325040201192	99.40874086218065	20.175929459664076	126.12104432102433	41.4790544547526	-26.75846555789417	31.277896195982976	5.245983397063213	30.819066833349893	146.81608477846612	32.79470279968939	-11.884457777332841	-13.842944615719375	793.4261147223442	120.0845116368373	112.19618301006994	338.3041189613782	238.14384033346073	220.90845685760428	377.66946354078345	41.232463217167606	44.7900632847747	74.58993770915797	325.1248865707794	48.5974004431028	171.37960271901784	467.5211983360564
2026-01-29	343.68274643506516	1156.812651925103	302.9160585983841	938.9076702450682	1099.6588572830242	1901.3827849617264	219.10574601617702	690.4587325657385	4278.110388255032	286.05283601481665	906.3851925594557	1399.1179784273086	2243.8876571675046	-695.216728814712	308.96524641182646	-17.688678893731378	1326.9949339601442	214.41114135004432	325.6267571686435	262.3458591533813	834.2739697955003	60.404968460205396	390.211600443464	21.794126040889637	65.15900285726173	742.9162598388747	921.1014764757906	367.7252021264717	-70.38461187391079	-56.98848468857807	165.1583359630443	-613.0996817718633	465.3910668125961	-7.32740778942253	529.8667353408471	1344.8788729403068	204.19353929829458	403.83578898600933	4861.416256765353	77.3388145456226	288.51116178310554	49.95409852444607	858.1581568516649	829.2002306098611	57.9728815765132	219.44451820671293	58.40294007600835	3.639340291384144	622.9933099405744	-21.34011753961306	-5.507631676911615	217.08346195079366	104.66589527109556	303.3964738158874	196.36065438649825	280.4072823021247	1292.5218443435688	-1582.3972431931193	1229.1504390150967	499.2168873433882	681.6056515434697	1526.6295799282111	381.2491681270902	476.1182522629942	25.765063750524178	-31.11161886056766	1400.4582635676984	212.45557064008585	507.25727687702124	-288.22719006854845	483.30122909178925	575.9363403688785	445.53311704978205	738.733630613604	-679.462804515972	115.85727905937301	168.8397664310828	-368.5076833305934	840.7172183903012	42.26926092942716	2440.771573236704	110.4865710641543	171.71790397063774	2468.6525700542243	6.3960220603686935	-37.519113429441404	110.10436891969061	-49.16068391522958	103.3255227016623	31.749521346462586	-86.48660495102547	22.862399672064896	2.8458433218757477	25.99793781871108	104.57879804134018	23.521191647423734	33.08315228026447	21.514947995349473	717.8378655576726	144.80377680254958	66.55226973456729	316.3896006723637	190.91409975169154	123.00461338636569	343.7065143926211	26.819736683196936	34.62038082941922	57.731302870675194	272.21682920320814	30.870935795118605	161.5680090921751	647.1537310845418
2026-02-27	490.13740297723916	1865.8422873628974	144.97630048023348	1537.6038278750016	1121.5869148594516	1156.5359686651518	370.53171952311396	737.7888292310927	6151.7528332594975	360.82615317628677	1503.9281813225375	1611.158485865928	3096.136845525306	-715.9852899152743	306.0798775390505	49.602650468575604	1349.9466437635942	254.89088284465765	378.98925952379466	450.2191542992159	836.2521501295907	228.26886049535267	495.91990503712805	11.612856799076212	70.71263098144256	923.1924458581175	900.8264179828939	329.399163188034	-59.2399737254641	26.265224559385302	207.966521868374	-670.4193703348233	617.2673928562701	32.36049442502662	632.4009157512814	1901.5559478093164	210.45795308282283	386.59747242434696	6877.683741710107	86.42490062720731	152.2077963673969	54.11265828904317	1134.2997552124652	1049.8259022883935	63.220482668782125	228.77510325119283	67.04322750317414	1.599024280804258	645.0558262323718	13.431206193801245	-6.558428187289792	159.1845715062973	5.875785596578908	231.60399125199393	143.7963077204413	169.74534945607684	1798.3698465267244	-1714.7514234599205	1266.2184717691835	507.0155322217795	721.7144911755476	2298.2061123542735	414.39078578889223	488.08679529342623	113.11439325199115	5.444996589804873	1357.6005548393077	177.24344094582602	495.0893194055044	-469.3055853507949	457.8367893492728	555.8876872721448	422.58729779424675	638.5558358097987	-707.4908527973303	106.45492783075133	182.5234722688847	-411.0404483662337	1317.794916137399	121.20345295921788	2971.348900415629	70.94556532189085	76.37660677337749	2703.1287622283653	84.09068919256185	42.52243254430539	123.58968539701766	-111.808106821602	19.729320352030072	43.45462202098858	-108.26303774927067	21.417613241947834	-1.216361340379052	22.518129263461788	98.55024427069839	21.740197902592	120.24113206977404	94.57785867055986	650.7936999437661	124.80163999307092	111.41200653148803	204.6114559476914	126.28882223498067	220.71673430643887	224.83967103073792	28.32742927891053	29.348470918086036	68.23164448665142	173.80731055231195	48.28966272534835	152.82285072287254	909.8599443963557
2026-03-27	481.863190882769	1692.1606493600575	26.25837578267374	1659.1941520292062	778.6723261303396	472.77962084943465	417.17199405437736	575.5276607386345	6069.955734015659	303.60131775773425	1341.944644644608	1412.2960247408146	3001.378465386674	-938.1846285818951	193.98224449072165	30.105418188203117	1346.2976981232623	166.85286371554048	296.59267671790167	446.56606960705267	799.9540132992743	539.6143297646718	522.5331764815389	-5.201087763055398	47.60110538498449	901.9869121613486	628.0206279048252	226.37408417516235	-97.14933821396295	545.1247975867358	209.1893204370797	-859.1654745252181	666.9988646501204	34.595425490900524	540.4894117125284	1835.154776244564	146.10663829490773	342.0343215098146	6638.925742084621	67.76743379378877	-50.775175021965424	67.61210038281155	1056.3108327379741	986.1806665549284	76.08597191557567	109.76286853303122	68.88230969878327	38.806222217827155	613.282535083833	-15.857630996387542	-7.784837777099938	86.7377452939154	-73.2426338140175	173.28725034740074	78.3998904553423	68.56999991978273	1959.808893963993	-2099.8667215425157	1148.010584042354	449.81974234947097	707.5833945199163	2347.1780437624607	437.6474645819942	474.52350699450426	191.74925207724982	56.78224052500968	1023.7490258661792	65.20121041921402	375.8767845708164	-534.243035109598	412.6152310216352	558.8987574422979	342.1967204909224	517.5786667496313	-779.839492099266	61.774471587418475	16.459585312876698	-552.8970071946319	1324.0917667520994	189.34248723985763	2832.392088558623	-20.804240647069946	-63.32292971071752	2663.263469892707	114.42304701829659	56.39602292918158	106.81953144944316	-172.65900274789374	-60.241135825828906	29.39984201799743	-187.12473480802078	54.618428522248564	-18.357587524845428	19.05286337223015	270.3849567296611	56.28892483074691	194.1557546149461	159.59485518836567	578.0534547530697	72.42767859885771	140.63941926471512	106.2299804034551	46.32980090867454	252.06371492370045	150.05380047231938	46.81771082433147	41.07665879968647	73.22082718142588	93.2501218512823	59.71866270831654	142.94170486090752	866.5357515642331
2026-04-29	489.0283059956205	1650.3101608239535	-51.88460171734232	1712.2445882896209	535.9893852202936	1101.2272507229536	595.4453955905775	736.454825684787	7862.432145610136	275.5891955867314	1280.5055688274638	912.6773795156528	4173.38016032789	-976.0983704684693	142.99205455884464	79.50271917853416	1348.9449298152686	146.0869526313886	313.0332000283138	465.3123021179904	714.2175081808386	578.7247531455325	643.4466814627076	15.245220893284625	41.44923040996925	874.486831321467	578.3500204090205	267.20078114554735	-156.8952519986688	1057.449253946543	259.1111612733888	-886.4573073233491	631.3499201827549	26.305989819761713	614.27799190774	2142.692190207923	181.25309728341176	348.97336706818453	7741.7073435816055	57.11424559683513	41.63214845870061	59.62013135858831	1384.0918046326494	1235.8873629400157	69.58491305502508	39.08167220862242	69.77891294538767	43.371812316267665	558.7551837990823	28.337193653606505	-7.124754691129283	135.83361291953543	-126.46320455718296	129.90800630153154	122.31606188974206	162.9211995563619	3026.8083527057843	-2129.8453559713034	1630.5864973444059	535.7401094418876	783.6664274356581	2799.728783726624	402.0758601483945	497.81076800226833	224.24204721928356	39.2582513714259	719.5534184274325	60.69970322660913	379.07736139824783	-519.2111073219413	475.39657411760015	560.8916407794901	431.5371473912287	882.994815754726	-730.1694518219515	117.480105698422	-46.765733446268996	-589.0862051860145	1500.0030850766607	217.4833251519276	3322.6904934520917	4.126590912383563	1.5995200501226918	2922.9075337134764	139.3840035077643	61.19000900928296	56.2776160032829	-178.3844866432437	-67.74973029393459	22.71575811012417	-208.24399062342076	55.019935062709976	-18.505366709519308	17.9685604091693	279.87166889200216	57.74309572674787	224.819971882976	179.54834818848678	539.7851190803103	51.16464979192028	136.83718178792788	223.71774242441984	45.27664429338233	206.85808505119599	215.28454243429496	50.68945738353847	42.202457878961695	64.81846404715884	131.91562478441028	52.23538788145308	136.05070849064873	1016.1951689748248
2026-05-29	370.68228499091674	2019.8415917838233	-137.65086454262246	1492.1625486683884	300.3022765745309	2840.6870085206247	602.695153355688	630.4760352489934	13170.103601918581	183.19003240700795	1609.453546940082	229.8350324857147	5560.423682056524	-1058.6237281991926	179.87497954639394	111.42846690957981	1377.2140817526583	148.77712978579757	375.4886269189369	524.7726920784662	696.0870904249316	550.4097586113379	576.9826523734016	-14.175001925952529	8.18384618119255	684.2221113103983	518.5739978980978	440.11414155508646	-230.0291994868727	1170.097200143851	215.92513458396013	-968.3267034387229	561.1231098025225	1.839118656741693	847.9209489187747	2960.3539535932005	246.51298335908768	376.24866929923087	10749.349813752451	45.84358892799827	294.46187763906346	59.81974546542358	1378.2059202157818	1229.8963726078514	69.95368601491504	57.70331668543099	34.07703756271839	57.13438807808893	642.0329774904812	53.66749145561525	-6.896060027831254	273.0325055870703	-147.41837424007792	60.53588759561228	247.54636184261471	424.5403245065345	2970.574346387688	-2321.6885227017992	2572.835830087257	761.4782192413813	816.7074306024072	3551.073316397318	400.1413911096239	635.2051134274841	282.07810424536797	-5.281226329749188	443.14658358041424	139.97377182672142	522.7472603422693	-280.3955770420181	630.8535421165072	479.81505554323417	695.6232362628139	1765.67728094233	-707.3873992147792	190.5429253528771	-91.1886491990399	-623.4521279884257	1888.3497657115813	267.4037035802662	4847.905435782315	72.09249849128719	181.41252332163458	2090.882884010425	173.4557944810175	80.77067800069108	69.54185902355687	-184.0790670064098	-10.083488583708231	16.546681832858667	-222.79650406549007	66.11531171383103	-19.94977902718486	16.797044256327354	337.07629300830195	69.51705708388465	279.8626314979872	211.4746226027296	501.1160123962709	42.10308303459692	94.98927017421579	516.9367957537017	53.044134409457456	211.55081077373666	327.35055923512755	61.5450518072397	51.461014206459595	53.037777915864524	186.7566673349654	54.48659592737182	128.21323535285705	1418.3904976044003
2026-06-29	269.64843211336984	1479.8230816782411	-307.5610101141592	995.7461352469631	-60.36635892033155	3577.088244930892	501.3159843538418	342.62578820861745	15675.988369222634	76.81378533743509	1258.5181809778373	-397.60213858322413	5416.422366599352	-1073.346208211733	47.087076838403505	157.6621398576595	1827.9074467753253	128.0365902707341	375.5443615911073	732.11691483086	888.4924824528512	479.10637704360374	362.3770122238077	-27.008229939526075	-23.438905691353696	385.9952048078553	474.51828396995097	521.4826837647279	-287.41294589643553	902.7291001705203	144.10478290238302	-1054.9311584672762	371.4323231326174	13.183311101302586	822.6425262470352	3342.95616502309	294.7556662116799	394.1356865487928	12077.565759154368	48.71214065730908	351.2041217336864	80.64220741526651	982.6192584443795	900.0102997863147	90.72307045407246	109.55636875353821	3.0121638283423664	82.82972150789954	851.5489310361554	90.35731239358145	-6.614933987807149	326.55669705708215	-198.5356577269141	16.02298783243282	296.3174984492125	534.8954021926147	2049.1861632204946	-2603.9765100031623	3184.367487304282	736.4503449948775	701.1143399015543	3774.044733230914	352.42814971839806	559.0750671868138	315.6841660629468	-16.54337101013948	55.32350504251235	74.23360907269011	803.811822866933	-30.302259717132358	590.5166253113524	347.5950914971627	835.8699035088616	2214.5383511896125	-672.0031732059849	197.97893759319186	-97.54985204409695	-632.7120245129609	1892.3851100844686	292.8404380987307	5803.826244062933	73.51330642926041	223.58402372561227	826.3039045982332	175.51020083017124	116.64128827028685	159.7247895191133	-98.3513046078449	-27.970888176523886	22.60089711333859	-184.226832969898	90.26483151193673	-21.19226051690461	14.636728559495396	451.05503254262294	94.6417288877791	308.8180611250258	234.19915560330298	465.76100579945523	12.350268450552335	127.70079402326542	664.3077125301861	-45.613488992306884	352.2812898552363	292.39624927820023	74.66465634873776	69.23489915737025	72.4385827906591	124.8208956377614	83.40154963489896	120.22024662702984	1598.8980599186152
2026-07-29	211.33361380912766	716.4207968894707	-336.1698984707982	308.78357613526987	-319.506048337018	2180.376296010305	252.10194365233724	-154.10131506547032	11127.480709191263	-30.30515842147622	680.1299959057769	-1296.3439695668258	3250.536783706999	-1084.153577976965	-66.81180690851134	195.08360270208107	1618.9376864559026	109.35997949520208	259.0491182139907	581.1865392462505	792.3133301878038	415.41339995402427	28.32888699076875	-25.519871523904897	-68.91354110413191	-191.38014076113518	96.2901438233257	353.92636179303554	-312.43533752550445	901.1668680086734	89.17177921609414	-1087.6536934433914	279.33438498833084	35.69090583590996	535.6099879797098	2277.115792257784	280.31101400291914	246.6088794036043	8274.092070790262	35.930762994161626	223.19346751607782	19.303357284342553	352.33894468391793	369.59139890900894	33.0007152789708	71.16317699552337	-15.164606463656895	34.05824232985276	284.1693360856939	116.01954511143069	-5.662428657370583	216.23323968336535	-211.94661213833035	-8.697185056732849	198.07935058714793	326.4569181998372	553.8614408307985	-2730.959028219755	2431.8491015061663	441.2425166743549	427.8988011838983	2242.8395251628463	195.71391460718274	341.4264073580622	301.37257028461295	7.400955601491546	-336.1801654353667	-46.574641403552505	611.6575494343163	96.07492632253025	368.6228176574	144.1478565881007	568.2364928125926	1335.4467682734285	-659.3568078001363	89.9223475360468	-214.21799832594775	-601.9722700494913	1195.2311313742357	279.3600503214943	4281.274364712408	63.23247495923988	134.70836328266273	-1123.6162213624211	208.29841386083444	88.90863592342987	168.8381060312729	-51.87195923739114	-147.8614109135599	10.739573544396137	-213.77402763925335	43.96919023552175	-26.598160097870903	14.489246270903209	225.70685628919728	46.8295031246779	294.88624017829807	228.69042979276298	436.01917679798134	-41.6034092340376	37.36224131324434	511.14740115759173	-158.8583884970301	74.23410481134749	191.98544478302847	23.570442591866822	22.971590076168127	26.66389577203671	23.66934715483012	33.00045678296054	113.55113643645723	1060.6484536177395
2026-08-28	232.33877662134773	316.9416886599597	-429.66307158009454	-76.77917621036295	-300.9473239043209	1186.9415495129288	210.8542420393262	-306.3368189638318	9359.358867859126	-16.439944287943263	337.6694985956574	-1454.804035067441	2447.811675066836	-1017.355526886161	-92.86803231380844	171.22384611258866	1567.916660795885	124.61563646146647	251.15517971642998	216.43211250841887	799.9269015497466	360.4779984874649	-24.26489158603772	58.31543594241259	-73.94245074589188	-338.3390935196976	-99.08776300257205	172.53421393801818	-301.1105544317684	871.8243010773062	150.24631514068437	-1036.71628537152	304.60841615885965	52.31945793811049	321.7028208881866	1856.6896693560957	272.9612879364407	93.4517724894788	6744.011324821429	22.862913172227366	241.49393476542946	-68.02494156791136	224.94946619369486	246.51954214778777	-45.76007850621136	46.78745117768949	-19.744889530964684	-46.145003659351005	-415.1412320582731	92.44454100157469	-3.3688769202847197	94.97668338745052	-259.56921541734494	-2.4651960043341887	87.19127639199723	177.85068207475388	285.8553711771492	-2647.3328605206407	1894.2921104492152	234.30602775974148	293.55479610658585	1572.161515755619	58.85937230497768	177.29996754522335	239.60442360882564	4.595787370131347	-438.4334614336208	-163.23146104504235	400.25019532081797	289.31322618858724	207.9273912569272	-26.279118357434527	307.85165309994363	807.8006099016311	-640.6578412828233	14.492341164317622	-271.7199316899928	-543.5291265510505	875.5136119941508	224.70924713055388	3377.283009035473	84.94087610836937	148.5232158744716	-1694.3842930378705	233.45897908260304	8.585773088889255	141.0817057770646	-85.59880797979008	-250.97134203987116	-0.9683649876234597	-262.5366720643412	-30.68790685028722	-24.186409820450876	15.578076309699213	-143.909355620287	-29.301344043544816	235.94371093256404	181.89592413218043	423.3797221073255	-71.10739884266354	-114.8574432092596	431.8821371226918	-282.0953332466727	-310.91508931125077	112.17162504134103	-46.89517528633718	-41.40030895384223	-38.60505076802826	-40.07940326113885	-39.46716171009868	110.03622566504032	854.571772951404
2026-09-29	231.67678794803805	-159.36943927458924	-544.8614805956879	-422.798522650975	-458.3403704789548	479.3718475427668	136.34975670983772	-489.56276562697667	8035.438835359055	-87.93499581905587	-66.60516150860303	-1802.3082691164218	1525.4375550147215	-999.1443906963054	-154.50513005966764	85.30873957692938	1152.3177866132883	85.06987549567214	215.44531927609023	-233.72104782410224	642.5443702439879	285.64828256294913	-115.25441459745116	54.262158750664526	-78.39658669070252	-435.8327402273551	-317.44779225992716	-51.49124885988249	-309.0310964843633	1055.640623437621	104.98948411732113	-995.7443696348753	234.22747394703674	35.298977834726855	96.14354917116634	1512.0744407447364	173.77609087445103	-80.30743299996902	5488.280219858068	-7.301420321352566	262.2403364236934	-156.06098419952872	67.93033126676727	108.32419888009053	-128.04978917391566	-149.19247435254556	-22.537992229339793	-107.91614984606315	-1182.8956368491854	24.738574899483183	-0.6664250150026874	-34.331560867860844	-320.44153800748256	-12.891955711525554	-30.478553498885503	72.21643663323812	-54.65004039496762	-2494.315650929196	1538.9434435807016	14.195411332653066	88.93393421278597	1231.8274660802235	-73.8237497735837	32.58371269540544	122.38445118519462	3.9873416461854276	-708.8141369161131	-280.37151306862313	174.820098784636	415.70938857122496	52.37754265853232	-248.7022846828529	98.46249812983115	512.5317798087108	-660.1240099973506	-57.62664909601449	-473.1284794096832	-524.4300997233522	607.2536781400804	119.48384562050535	2741.778632690206	77.50467296742318	165.0130001108878	-2424.7219034711397	190.59503119524743	-82.95866880435642	101.56039017087528	-207.83935940476113	-393.4267718536039	-26.067911869778015	-342.2056895697356	-84.54864885406687	-38.13347466668594	16.711042468890128	-420.2346902098284	-86.57705743967858	121.66622938937758	99.71176205518827	421.2849527074086	-114.84873687127424	-299.2170731704091	365.08948152892754	-378.9647962410222	-728.3188838726301	-7.6018139910040645	-121.74491110615162	-109.12242621582584	-106.83953701682759	-75.03711064293861	-115.30360564875826	107.47450363970097	681.3720072295068
