	A091170	A091180	A099140	A102970	A132030	A133690	A139220	A139230	A139260	A139280	A139290	A143860	A147970	A148070	A157490	A182480	A185680	A195970	A195980	A200030	A203780	A218420	A227550	A228790	A228800	A232080	A245710	A251350	A256440	A261220	A266410	A273130	A276000	A276970	A276990	A278530	A280930	A283580	A294400	A304660	A304940	A305080	A305540	A305720	A308620	A309230	A329200	A329750	A332620	A352560	A357870	A360750	A371160	A371470	A379800	A379810	A385510	A385560	A390390	A394660	A394670	A396500	A396510	A399580	A402970	A409810	A411060	A414270	A414780	A418670	A419420	A419430	A426020	A426030	A430500	A434060	A437080	A438330	A441800	A446720	A446770	A448290	A448300	A449450	A452360	A453630	A453640	A453650	A453660	A453850	A453870	A455030	A455660	A455890	A456610	A456880	A458730	A458760	A459580	A461490	A463640	A463680	A463690	A464470	A464930	A468370	A468380	A473330	A474220	A476760	A477080	A498400
2021-09-30	0.0	0.0	0.0	0.0	0.0	0.0	0.0	0.0	0.0	0.0	0.0	0.0	0.0	0.0	0.0	0.0	0.0	0.0	0.0	0.0	0.0	0.0	0.0	0.0	0.0	0.0	0.0	0.0	0.0	0.0	0.0	0.0	0.0	0.0	0.0	0.0	0.0	0.0	0.0	0.0	0.0	0.0	0.0	0.0	0.0	0.0	0.0	0.0	0.0	0.0	0.0	0.0	0.0	0.0	0.0	0.0	0.0	0.0	0.0	0.0	0.0	0.0	0.0																																																	
2021-10-31	-0.829629629629926	15.38005698005436	18.89002849002718	1.9783475783471658	28.27122507122549	191.4529914529994	-11.295726495726194	7.08376068376092	-46.65071225071442	-54.500284900284896	10.912820512820327	-325.98062678063286	-89.53618233618617	-189.72991452991263	53.86210826210881	46.45925925925985	-8.296296296297806	22.974358974359347	6.062678062678605	21.0598290598311	-39.24786324786546	34.78062678062706	-43.65128205128276	-2.552706552706513	-21.761823361823918	-20.93219373219472	54.7555555555562	27.3777777777781	51.50085470085469	79.77207977208018	-16.14586894586828	-114.99943019943312	49.394871794873325	5.488319088319258	24.888888888887596	-25.84615384615463	17.166951566952047	9.764102564104542	-93.81196581196855	11.487179487179674	61.45641025641235	-15.890598290598428	-73.32649572649389	-79.07008547008736	-18.570940170940595	6.126495726496796	6.445584045583383	-9.700284900284895	4.658689458703156	51.81994301994273	2.233618233614834	21.953276353277033	16.401139601139583	-50.41595441595418	19.911111111112405	28.27122507122549	-42.18347578347603	-350.55042735042514	21.37891737891623	43.268376068376526	67.58290598290623	-4.339601139600563	50.03304843304795	0.0	0.0																																															
2021-11-30	-27.724756779571617	-96.11761982451483	-36.41846803191525	-27.586176086233753	42.53009115185763	611.1970389850903	-34.414193391287625	-25.04837850342112	-45.00359834741452	-118.99161597714411	-98.60941778069943	-566.9040166881797	-243.1215538834926	-79.95033287066732	77.27268187758193	76.16472723435726	-160.46124300939437	-3.066520563955419	-24.61143659548281	46.509440670126935	-85.6962135047611	29.789030933190077	-108.76460807947966	-38.09169081419808	-106.45291775229182	-26.525311969871108	124.24306426084135	48.081646090535216	79.36801032459043	-3.1845196061703653	-70.88458827444599	-75.48913271808065	51.23216597267892	1.225226418617967	64.33529597973742	-72.54104755643232	-5.176285257423879	16.115760099352627	-258.52262887476246	38.48041493169876	152.96537657973647	-4.304365061973222	-49.86199527601071	-89.26858450824453	-8.773346969586855	3.5048442788620013	2.7301232944536604	-4.7197071452342785	12.110156248738058	69.33972808662278	6.702309234498534	55.06158943515183	-2.6149605928524404	-66.55818702770222	49.48988920544507	89.43607405784044	-75.69698557641618	-205.83967467796055	136.16434931534516	95.52675189324712	139.7499929383685	25.788627040365245	39.02517414631293	-32.16410256410454	4.148148148148903																																															
2021-12-31	-20.153101335456796	-56.62911453095369	-96.38583746612083	-4.1517695432552415	50.35275727028248	896.1917538437293	-39.40186753007417	-28.00737782667305	146.92276836710005	-133.12453216582682	-64.94765669692458	-629.1678461976445	-215.98884436775512	-18.589824928299976	83.12909503070048	140.16151579337253	-285.01051757937495	20.230072624704043	-37.718604073009274	96.88290343408485	-128.73060514757492	39.31061218168647	-101.9182554453956	-46.917827306087595	-124.43449976474005	16.26769581508328	144.6658011181337	108.84569509807474	90.14210649333603	27.775233241139382	-77.34788588772402	-45.43996936125867	94.71544584449177	18.703872031601204	140.36680813377012	-46.40831701540819	-10.959364988689078	39.614708195634535	-164.2481611447618	33.16559466820908	213.81173621675907	0.9957135651491118	-57.91498215639277	-142.67273521325797	-4.918146062889775	52.008099192777415	9.49087486214988	-1.5729672272286255	125.81010138340619	131.61201863075536	12.322368460446597	106.638466186648	-56.8669711654353	-148.99078309641942	96.10070521433283	133.21863011222234	-77.4048011056262	-185.14871261631973	217.20519371778573	123.27636540967667	106.41065658793819	129.48931148859566	10.029612535381162	-113.36111622470838	38.55768703176233	0.0	0.0																																													
2022-01-31	-11.304248764307545	-143.27714810971696	-96.87868773547487	-26.76667074698154	51.38287850528148	324.2721970652369	-56.73350433362369	-51.646313731480575	29.58318709366894	-210.4397943402544	-115.40138967463017	-1063.3413850304466	-283.1571973754468	-150.23204548708887	-128.8360775134997	84.45010038185177	-781.0607524409911	-18.267628696145373	-63.611882249727856	61.41838675703012	-342.4467968318579	148.2802087475263	-127.05967767857297	-68.93609575635901	-155.92006630138977	-129.55313621454184	170.46015961182002	53.63055520258082	104.0466011384396	155.25270076263496	-108.68697905040443	-122.98625369010921	158.29631017888073	12.985401534291187	4.641767136117458	-101.93267551443138	-136.54184437940918	5.91346116912564	-364.36264755408905	7.165554921394211	53.28944663076071	-5.518658035426237	-336.2908757845387	-403.95514462359097	-8.169291266327537	30.466376983539057	2.2754901945370767	8.686918090036162	-81.3892749513641	74.01437026925637	18.34138502253429	66.14001160520658	-91.81234274035933	-285.6704662488752	59.975705731675134	48.31663237577189	-231.98498021135353	-467.1088863558547	135.97388726707288	63.47400830249576	8.128021480472569	131.96109660913447	-53.56821849922743	-238.26219397903	41.286098555598116	95.4074074074073	8.934472934472433		0.0																																											
2022-02-28	8.436933948294154	-240.74538971006254	-128.64286104923724	-21.795589573297846	96.86878205400897	-171.76256675910957	-52.42919488530994	-40.49468717562936	-69.63880674840628	-219.4392828889917	-167.4230397320957	-1247.2262339161975	-251.52842873617453	-250.73522836948626	-267.00273386564004	50.37550858784556	-987.5897290141594	-70.84559493104197	-92.18783429986615	-8.897819605418697	-469.4702838000938	229.9304281794806	-103.5705032153518	-50.622694732995654	-131.89681835943404	-212.5167002694949	164.8231005443442	1.1186420057931201	123.73345385311254	335.55099354143965	-97.24853980121785	-183.7899678088405	237.48100251859995	-5.7898610095759295	-110.24228911145936	-124.4466786060928	-190.87622356724566	-18.4267338649679	-436.13517738983023	-25.02844493632694	-74.3158180492188	-15.318783727779085	-494.83511796288855	-562.5300225989383	-14.728241710428884	6.15912662606009	7.350113259005439	11.679454585443048	-501.01107515722015	32.45888337327315	24.57221811222918	24.083969165556624	-131.56938015387095	-347.19264688115334	21.86905387795013	-24.705759610059957	-262.4502211607254	-729.9348594411977	77.72492765734756	10.49829115809439	-55.27150154082142	105.01576612968161	-57.34908260327501	-271.33792847054747	35.08835717335463	154.45529175899603	42.12547625425097	0.0	-2.2336182336177446	0.0																																										
2022-03-31	35.73801786331569	-279.79549400993153	-191.89739331444332	-10.274979336670604	127.599803716928	-8.376521017393998	-33.202229489790085	-31.386566139841413	-116.9814132201416	-197.98574518912457	-184.26122815054146	-1201.8279660071248	-115.60045735513188	-449.9425849369443	-281.7564494023245	87.11907428099798	-1026.3783016681825	-67.74705753751849	-118.18441446108626	61.55396469301259	-435.3188322361746	348.36534462127264	-58.76455705510372	-44.05943940434305	-93.63246250337812	-206.00236719266877	136.15057578727078	55.925344657816595	164.4291211611521	524.7001472166713	-98.62380801565898	-299.35269685560843	364.19235873326704	6.666792313714813	-150.26857581128212	-120.33933357983318	-165.4891338076617	-92.95373113823007	-420.47536210570445	-86.48249855777453	-50.62440180647363	-39.584688794692106	-473.8077206272636	-539.0278102935938	-36.83149378247329	51.13139168927579	20.54709685357159	18.357395707651705	-861.455334815289	60.69008985222382	30.489360411991957	62.01623064827447	-192.69901441056646	-380.1187796627818	56.19916450106683	-0.3079524922923724	-219.88353332150754	-1069.3492372665648	83.53556126616607	15.481022316663243	-72.99964825504594	96.41578048190854	-92.8701749400288	-204.49332286167152	59.98068449868066	118.66232033349857	75.6014420887868	11.74245014245098	-70.711426043619	62.41367521367647	0.0	0.0																																								
2022-04-30	37.54693057094337	-251.1465996760976	-227.67636336023776	-20.565374373653654	132.9496155324127	-335.77743801158414	-23.614666006806075	-17.71107014268754	-225.9976541330971	-160.7347451611471	-160.32222793649615	-1150.653003117603	-30.609151798419134	-672.6802799144299	-393.55939427006956	100.83989860377065	-1187.954050275545	-121.6570234025605	-171.88371136846717	66.75048387049515	-455.0638056463706	426.37501492044146	-29.615955596731283	-23.342760712044225	-76.69720760642997	-228.34593857700565	78.72492152361207	33.321539851765365	233.27064497957576	653.7213375067622	-71.80423765585431	-451.94205528193663	382.52144489423756	21.821125511007338	-288.03444132468724	-133.31064124780636	-211.70320637314313	-181.0973573513198	-464.110829970213	-179.7692337818984	-173.24795061906485	-48.134101149741255	-418.81022996228916	-476.4562492601357	-44.77970689438577	51.0902624563022	42.94652244528524	44.05650202838463	-1280.4807979888205	62.05709767416869	37.80855718346313	48.270601154127604	-218.90849716768628	-433.0532702961077	44.53113944851151	-49.697693768203365	-200.53592210933937	-1637.3081880292743	7.2384068426923704	-49.698093945049195	-156.86027244590588	52.703210715910785	-180.2264979669438	-193.6962137280887	74.83828745158611	169.89690602197382	109.88154703506078	-80.32967524614156	-190.67972075466224	90.14206832736818	-99.93846153846098	-82.643874643874																																								
2022-05-31	44.257270048076606	-198.35309758325275	-228.14052477981681	-33.856981923497926	99.21605869756493	-826.5069389909476	-24.41054370912019	-12.762177503746926	-339.4238740231514	-147.0136280169342	-117.45798077783968	-1087.7487639288609	27.32397945015805	-799.698763036351	-456.8142159237153	11.176853445331403	-1319.2671826297392	-135.7624357811264	-199.21555429284598	3.1801236560391715	-464.2066563757618	560.4586678497571	14.168379944918911	-32.31257643389537	-72.24814397735145	-225.09332909844375	-94.85126376630757	-22.397532373738514	200.35828810865843	852.6310778935076	-78.46037162129733	-520.6221847174697	430.1309534110759	9.550937172806208	-362.71594176824266	-128.56110281504948	-241.6886584577435	-228.13368373124655	-471.68584490028684	-247.1838853520002	-296.5803901824461	-61.46344266472489	-314.1998763679944	-384.3157281224669	-55.59008679261625	3.958927590169978	48.78193262539942	48.704176969488486	-1496.40145094188	2.530309693821934	43.622146882096075	3.2553622208323816	-221.99600097787814	-472.239047207162	4.670171093277844	-121.76530185926418	-149.32894954836001	-1845.24752284257	-42.51070328216912	-82.57109116997717	-133.06226798089978	4.5979919730238805	-170.76519481085586	-153.76109622310963	80.28708730982736	224.1042229457413	95.07404923473425	-129.26794242813236	-222.15555597551122	20.31525303664239	-132.4776156037685	-67.70054139170941	0.0	0.0	0.0																																					
2022-06-30	-32.82202629566329	-248.95362470254327	-119.26135033697153	-102.24549998153002	54.90866566821552	-1306.164246544463	-46.359083736436105	-9.492779512557192	-667.9167999809194	-157.16781539542478	-166.94695708152767	-1100.0616136406907	-128.93498943324573	-986.8975147961696	-601.4310683515282	-114.48731062395665	-1206.6562381830286	-206.1950524234671	-243.8080290419975	-98.89041586669583	-406.901470728239	482.0658821193945	-2.0185237715532764	-65.66340098960333	-116.98377076002322	-342.5991628144378	-212.1910787013182	-114.79070681414662	159.18224743227898	848.1261086957326	-114.95187250780253	-681.2560392032569	267.9785622095433	-28.221427866603	-473.20692176466787	-219.87411846420054	-326.1328576907306	-130.07946505228176	-803.3120604109806	-293.6468699675286	-460.9515042901581	-40.76530206340722	-440.4460491571456	-479.8343573651656	-34.124380176396954	-70.99176858602215	18.09973458908504	80.39061127238867	-1568.4397123747292	-105.45051368658493	49.364222837187995	-61.94232107148571	-159.0605924256373	-370.44611599334894	-53.59063158026814	-194.03597111548265	-151.33475658494535	-2240.133304129618	-154.66561986110634	-160.03706215568678	-104.25040358279034	-123.13835253517429	-67.66969809910944	-124.7474472178651	50.141516033979215	320.2183856302229	96.96491643693022	-93.29986409575216	-163.84557666449155	-38.63060684112279	-175.77531618936533	119.77951219778416	-39.18404558404436	-45.6296296296292	64.45584045583382	0.0																																				
2022-07-31	-83.57312664746746	-176.1321399355458	-134.7161754375595	-124.38551427759087	-0.4657212744788808	-1038.874236690814	-56.633108971754154	-13.999026882999836	-727.1358571560338	-129.8952098819321	-130.30930783553663	-886.9281779750722	-209.48783014010502	-763.9426598782604	-618.337242235077	-122.4250806562436	-914.6362324573263	-216.19196749849215	-259.0563187279934	-46.88924367407186	-266.50091823288415	425.7128629036006	-0.18553799909938107	-75.12828836819351	-136.26500820131662	-333.50747753378187	-307.43172857694714	-75.66831291302509	128.34319511287543	685.0717219415133	-116.3401699991978	-573.9729471282302	135.59484112282303	-29.64533198079053	-406.8616793459516	-228.90138800310388	-289.0586660992309	-122.57628380549403	-832.2222990385035	-285.5822103012722	-426.75885400111986	-1.3269548519115801	-421.24592389990084	-422.66809435636105	2.7586185639889464	-22.207915655950146	-9.780757325910628	95.59039081575445	-1286.0780253326257	-97.31019811219039	54.96704352326179	-36.1649232514078	-153.406444054835	-313.37488635807813	-29.969645865128058	-154.73417417548427	-101.94009882586977	-1877.867556086882	-130.65043518351237	-142.83708075253531	-70.76072948888668	-173.44902253451323	7.687625396765156	-6.047120873197457	49.504217262828675	265.7993026322505	68.15856543652114	-44.84340039835081	-131.90638926509308	-56.94592968733603	-90.59661304486956	179.3866936459882	-8.376513826998124	-0.0023636171795082817	200.69382553714092	35.35498575498641																																				
2022-08-31	-111.46131570007836	-122.09517651550277	-111.1548699893001	-141.3017237243547	-57.320100707688994	-837.5313122000796	-40.542627637992695	7.202623733917697	-724.626166553568	-116.03572498754528	-103.02444399959694	-733.4765938502774	-171.00844653939782	-877.4066702979276	-608.9331805830606	-158.17880020061313	-611.7770974951845	-233.879050219703	-251.96975286100223	25.990750182291762	-153.33110284523934	437.8073476663069	14.377924068938569	-79.22917934385927	-120.97601079764036	-307.70760663453564	-256.76870422568794	-56.12282032903745	148.76710987358854	497.27451888047676	-117.85233769923764	-639.016642213028	94.42391781489516	-45.669300183768726	-362.73664828249173	-223.0110307210041	-251.25989391233787	-118.27203629937986	-798.4908250042688	-288.1039957279643	-420.2417293953619	20.223761104397596	-310.8654567492173	-274.6432799758961	23.050592220733655	15.214524858135075	-24.210534130402838	121.13999285670445	-1053.1938424409968	-130.18778304497937	62.61629812778543	-11.687965136632187	-131.52662165182664	-257.51102157602975	-8.399534722510168	-124.61933780867241	7.6915749769087824	-2067.062945555717	-134.88578262410334	-94.95818330284823	-10.34251775014782	-211.06304313794007	13.189897724166357	106.05212486357522	58.156784231312855	240.21029836623444	50.50355916968718	-12.95069576479554	-126.74022225684541	-5.18126156186371	29.75131509449062	141.91036123479796	25.775717764159435	33.1672876873574	204.76069332974032	51.049803816527415	0.0	0.0																																		
2022-09-30	-159.9348260719182	-216.4673261497187	-161.12363691571153	-192.66369755959374	-116.4583026074989	-831.2899362583869	-52.90411014820097	-18.38585360676923	-909.607509748181	-139.7633411708507	-171.43996400865012	-837.1473322662137	-284.570443432579	-1054.6612426728784	-670.1480259740811	-280.7356462774076	-361.9167601777435	-300.49174923696734	-309.49614650400105	12.350961357523175	-22.35166319705479	375.9806543022395	-36.5001103196567	-96.48414739624701	-131.0678825611907	-392.255173635996	-307.35005695353937	-87.26922830644759	195.50851477142305	219.71728543117365	-136.00594611170425	-772.4246560209781	-43.476289350732486	-95.93782008034273	-377.1020951423916	-289.57678696822893	-289.5291609337711	-133.73401656540176	-1047.0861021855412	-317.8512337814825	-490.9540559564191	51.850855811074986	-452.3124340817751	-351.85795465199703	53.01482141177379	-3.76945986100581	-50.202608243107264	178.36462702765283	-1055.9004424677642	-253.12474211561204	70.36633945263213	-18.06434717105701	-163.50354895767595	-245.58877093198316	-15.20025783402685	-124.14880014557174	-40.607328224128196	-2303.668604910231	-178.6347427341924	-114.57456686796098	-8.622718546815449	-283.7681996937489	-6.520094866002097	113.8923804146392	53.09207998359955	289.6449031054384	49.26378113465054	-41.711245269959974	-139.9322597534382	-3.452852326670829	65.12552975530566	50.96868175326881	21.055050004932635	19.125740559148262	141.77033968202676	39.25156949076592	-285.6478632478626	-53.22393162392545	0.0																																	
2022-10-31	-162.50095820595322	-259.8707676863555	-313.2242890314397	-206.00537763086896	-160.96269079109703	-682.2638026218413	-46.65606980760256	-36.43556024864998	-781.5628834635311	-132.64640871137271	-215.25972021863402	-754.0398698453796	-242.40567853395555	-1145.7776683365078	-681.991042229758	-313.2989121613208	-74.58528975583522	-286.5072075813671	-342.8537895258105	155.7674094428314	170.02828066294705	480.1658340053144	-35.85385211410343	-111.15911039677707	-148.13538529423192	-384.98894282098877	-534.7598598855201	-22.06153039804599	204.73139878102484	104.48504509213649	-148.0760382992571	-859.3902280631637	-46.98874040628607	-91.48984524879754	-316.7493062325003	-272.96269601297047	-227.3699116699936	-211.65150241468325	-992.9465169324158	-355.67815676574514	-484.248175119214	57.895569030086136	-271.98836712979914	-80.95881512491269	54.22845955808686	37.40982418170694	-97.72769989865535	200.8544523616581	-1179.280120692782	-293.1298563706665	77.93199116645418	27.3063992114609	-228.71952650385072	-213.7293507878377	25.127537503486565	-102.17821851580877	-0.6450954119467269	-2490.4331826658818	-192.37431859094275	-102.19881570989087	-8.345645520957873	-278.7299387827267	-40.665467348800945	99.11054922118012	99.05221113932868	272.76577944425253	41.35377831879319	-91.25000789024608	-124.50015392617269	12.269239518413094	74.33791268152743	-66.28018974654151	47.88189902542549	26.21866699079006	56.95952312403654	47.95594123564574	-499.66863515717677	-111.87967370394384	23.86780626780601																																	
2022-11-30	-117.79176039654803	-256.1436231264346	-273.3585118351857	-159.88621484320265	-136.15913050524256	-874.0685040962476	-22.455733339492724	-23.01235348840285	-558.8705578382237	-92.29139570737459	-203.2869997156963	-642.7191345714964	-144.88028553592676	-824.1363827654623	-586.6212187627461	-287.1624889727914	-56.90504879539867	-196.81416692966394	-279.0798405251626	203.08384484408174	222.5800118022828	464.5489399221535	-1.5251543033583062	-89.94533345731827	-118.56496339697321	-335.8887290234086	-697.9568730256213	-27.78337414866346	150.04898142249584	-68.80935003202057	-97.22497921509677	-723.6794015398284	16.53563599104416	-55.19634910817673	-262.7414745921292	-196.48468121788073	-175.9057070625422	-225.3581856621359	-717.4056251822665	-326.21440389941404	-450.7935308623262	12.548649469208456	-91.80202780065997	148.99121331813149	12.664765113578376	13.28623768845759	-108.61866053723676	148.11648768950087	-1127.2069984269665	-279.9851021162719	87.0414625415614	5.540112542466261	-199.9139697047815	-165.83418295138335	6.350320289929371	-129.48999145729664	80.92927676061635	-2096.2101458101824	-162.2780762529003	-110.90250936561318	-55.81051376662208	-233.14400894587357	-97.6751599136972	90.09919714677463	103.77631838217735	240.11270422672487	26.073438116545844	-130.71325383475144	-146.02485463118984	-95.23514073732512	22.976560116013857	-154.79167907150403	14.981494912985106	-25.030003719357442	161.3249161555418	45.651903129946035	-442.26468568264363	-107.49447249934822	59.02864814408939	0.0	0.0	0.0	0.0																													
2022-12-31	-91.47527838149841	-312.72569685756196	-201.81361510134593	-132.15821500269158	-93.60203614980423	-1383.6006198555742	-25.171113271067185	-22.996942093197163	-589.7507350342541	-59.748124592016666	-216.75280793252932	-551.5260522711437	-129.75724245489573	-597.3856786094184	-507.4231418421464	-291.7031273214521	-104.6922234365552	-133.8021258087437	-224.46038310357835	124.04389198962667	168.08210573093186	330.5253662555742	-12.145434279317897	-56.0149025068128	-67.87118074052984	-323.06673942665634	-777.0011673782224	-111.6778405222304	43.5413532185828	-192.3544850491014	-37.90675837594887	-508.61965194635127	35.17233434031391	-35.691538328538996	-278.7605418742754	-188.4737447204916	-176.45496861896095	-221.00770055436078	-690.5135667047962	-296.2184938891792	-466.84031873451954	-48.110563001156095	-207.35211895140333	23.388313178566705	-47.56210028333352	-80.65554400874328	-102.30279089686626	80.45707446594676	-1287.730923861909	-283.8024684445246	97.97427546123208	-74.34491967256085	-140.5458873028207	-125.9114916092966	-63.75533629895129	-205.04560881583933	21.772477394431007	-1681.4909851567581	-202.66180085264511	-201.9897012785342	-181.5740290008918	-237.20075357671064	-164.2729776835435	49.361448851979304	59.83412964551988	261.27859504402977	11.382343738290444	-212.03830035726645	-161.93822502402782	-224.15363823774882	-138.4416419340272	-217.74570735571587	-61.70527230346188	-119.93038903677373	221.30450561150099	7.172430869013795	-394.78946047400564	-24.333443948749363	57.553266159478866	-34.71680911680742	-76.45356125356193	-28.973219373219763	-44.03418803418754																													
2023-01-31	-24.378854831206297	-247.20388828069395	-81.02874375084502	-71.28868944547793	-20.42839311035296	-1319.321224836636	-2.756458235611831	-13.592359747297166	-365.552720698264	-38.13813240642878	-156.7032406531041	-449.98771506107005	-90.38968421849972	-179.23848535047728	-365.86008014113804	-209.2695300311065	5.1508194715661375	-40.09549708882321	-132.30080561779903	71.77514882940503	155.02629538828523	232.26288647534307	7.20908456496818	-21.253258237372336	-15.885458737264003	-251.04099068808262	-698.1491253113413	-108.5802172187498	-17.851286693611655	-282.90830583281763	6.911307845984936	-128.7936362432979	85.49922560220023	-19.35438016171713	-164.25014616913563	-110.72884657429825	-95.25976341902333	-149.35084999755196	-408.00084253676596	-224.028496635122	-354.9531519530401	-88.40193068585572	-96.93870962704841	119.50717493031766	-88.52421811898631	-55.74760982683811	-85.55520361346365	15.679281933087623	-1115.0090530776797	-215.01580347074787	108.04096861371181	-96.50905015434499	-70.17433018210772	-51.8206896010181	-84.4823840909581	-195.2410721154115	23.538211896902794	-928.4302077865232	-138.5634820136295	-169.14861263408318	-164.91017795020974	-169.38337763439262	-148.00973937355113	22.03190067415676	16.337763853437934	168.01057492284554	14.716446918005886	-175.66871619847984	-133.94718155952432	-270.6461600379828	-166.8879313211847	-183.98408858785237	-78.84047014172154	-128.5164319397445	374.0682978107771	6.7319581259014285	-186.39238886639265	176.01272946209832	81.43496442043104	-65.61804920414549	-15.402493161581514	-11.59721495767153	-8.981381644630163	0.0																												
2023-02-28	-0.9162887501664159	-122.44385765091874	-25.000636566111552	-16.989627309978914	-18.45478313914952	-818.0206090691408	8.13906063654531	-9.358583151294937	-149.00484639127217	-49.95388014915886	-78.63819427465262	-381.8726232996528	-70.93283250630861	-94.30180481247362	-240.23256151561554	-160.72490916679118	96.98080031630707	6.444988329119326	-105.38074142866117	147.99071019287493	162.5968865678882	167.09915305913637	13.113362172978668	-0.763251340587118	12.650684173211914	-104.96969771315287	-631.6821666105384	-32.23778584136399	-31.81713735247979	-353.4547018916709	23.10881714328127	55.8677491582564	38.74984410361549	1.3964424468146746	-3.8682670076916565	-57.235946963414335	-32.40872140582428	-85.76580847624098	-212.72255426257834	-190.5689095193136	-245.15513424110316	-77.36506884692814	198.48528186441922	338.8835717815359	-79.45224248983018	41.389468492724625	-69.58919342879818	22.629479454390776	-843.4404586802116	-184.37607612173923	115.83356980699318	-55.52211048712305	-41.74560140541121	-5.1351008654157795	-46.687900481373504	-120.58005884695706	89.0613178145897	-605.6555228940224	-25.74296580851825	-90.9193058082331	-158.19922186899709	-108.25097744460282	-135.46445962720514	26.314438512478432	20.610469193261395	80.5951550974521	18.929247552744158	-120.70724208435331	-105.06299395224119	-224.89681863822497	-137.2409362194107	-193.06174093964898	-52.4665361294431	-81.68494872834273	372.8674637673401	27.843904259976796	-168.17476454856262	297.9314159639008	96.6704701870409	-50.81301452380552	81.82635498069925	-2.4947475100733563	24.81259922063269	-7.275213675212581																												
2023-03-31	-9.668044116778248	-7.850267550564922	44.73970771430936	-5.609690514144631	50.57535711133433	-192.55602258423278	31.83800186858207	-3.5886011074947106	66.03103983447909	-49.5037872128122	-4.362552158762014	-260.7619007361677	-31.82018375942266	224.78158149003775	-163.94401659409505	-162.91366696429048	26.34317448942602	59.89700523199235	-60.85303482698578	143.7327333739247	143.97383657352214	64.13216486371675	26.585211092367558	7.922294736219101	29.87830008281844	74.15881377867242	-503.4190957939104	18.629281626015867	-36.82253502634387	-411.74340311159176	28.63440693002201	312.10211929755155	-4.8986578024120035	4.741207753984568	107.62413750253825	1.9950715277049085	-36.16009562339514	-37.20626582963331	6.833459488881999	-131.0121472061552	-86.21458722377065	-58.04380731444127	755.1347389052577	752.728986189437	-63.24597055106325	108.8592473661637	-64.42788465261424	13.622328240538423	-572.2634043826247	-182.72494250427928	122.80465832555782	-25.85969095866573	7.819553684532252	8.982813590892192	-19.845357811051414	-26.584782763961698	227.47601207475765	-74.16707768473043	97.40114098067875	-42.1887904383419	-157.46250825981224	-15.146298186700221	-150.10440057497073	24.85455092776874	-6.967282744945322	-39.91559331545227	72.56841431393008	-89.11815982167388	-34.19968083327967	-191.69408841467128	-145.23949488781398	-207.6526737766354	-2.892881746236739	4.632302041620122	560.4722810116252	44.12735244734807	-41.13475527221135	456.03102530221014	91.42782201914787	-61.435848155747905	202.51001714367553	13.139720689724435	92.23791643164394	20.91833929919434	0.0	0.0	0.0	0.0	0.0	0.0																						
2023-04-30	-11.071605706879211	103.12492152334983	86.51446242242002	8.918079161011178	90.25456230524411	430.3284214066007	56.37575221460466	18.166191220623105	180.94691889130195	-31.703818865815947	63.52662069511132	-55.901859079015594	102.63964093531968	444.8533315960776	-108.29344383257626	-137.3199154414267	103.53399398409829	109.63706262343146	-35.56449074055172	158.17328130322403	189.8000287226439	29.833469544304535	38.289867702674854	8.799483935539712	20.922535043722746	218.4351782939873	-384.6299866892721	115.85008833299379	17.103283829480517	-422.2982020822194	26.605578853679503	484.2454995118012	-38.3054364273147	21.368396838491577	185.89362470149058	53.416800435327104	-39.06639351238482	6.622392701680155	194.6624139365813	-76.42876428154455	37.50949840281396	-16.988381205779888	1173.962955547768	1022.9933323591963	-26.617058837703752	204.10983191677434	-58.121447909551534	27.984456223289726	-59.48289110369433	-158.0700810392359	127.33915270212572	33.882229432800614	20.472342085904415	47.17410634260614	34.18962501447801	65.53611316371473	328.68996061212954	286.41359983222355	139.03475617669156	-23.914755327043395	-163.97912475788473	25.249812225586766	-165.2300683569431	23.19763968992376	-13.096875535879008	-126.5791680639768	123.25825101232795	-84.48027639971866	28.769849937670415	-168.93531666446773	-191.65473946513544	-217.44111773475822	45.48332974907809	68.78808730469598	662.5754937579068	71.93790354958833	78.62404695116243	547.2621029936762	84.52058297684756	-55.071565580708224	246.73975248910017	33.6780469352677	137.1757060820757	109.12907921590511	-5.807407407408755	44.4809116809105	35.99316239316249	33.12136752136721	23.99544159544312	1.7868945868947776	0.0	0.0	0.0			0.0																
2023-05-31	-2.920507899100471	208.14087514998437	21.454183619207924	37.847210112802486	96.55169702092633	1204.756546721497	68.92017719577956	38.5473001605252	423.16760909648974	-14.930584912408563	115.73201772359494	167.67313107208702	193.9798252351768	512.6499739230464	-61.80324046976352	-125.27179652593748	243.57130834159807	112.07353654302892	-15.282993297853977	122.58941537974681	166.3561106525142	-80.62974528803306	45.505692735232685	6.503401392800924	14.994987212519845	312.065088152464	-273.6194735812451	156.92810221557693	16.265997108445333	-479.9142393503712	-3.661214910289061	534.8422917515031	-139.97173585652263	17.320652117837312	275.1889943143941	118.50537560899852	-31.94805952600143	-29.621141748495347	428.89667966686557	-47.114141185618905	210.12773707721453	-4.756638654603918	1363.9048974373045	1180.765673834364	-16.18899492504221	252.72987124719825	-34.44752719221941	26.246842620262385	19.963108911582367	-155.60317757891494	130.1375880190658	73.91341783313436	-2.590851996312381	16.6579465395713	71.27857208542974	181.37035094389728	358.1573203159073	329.8856612851032	299.7703814153017	24.654618534464532	-147.52321584349528	111.67391857120037	-201.25249842282085	4.922448826253287	-39.00009504994088	-238.56966214017086	131.8279959447038	-57.02705559543756	39.71007198298196	-85.37336545844948	-177.71986041900107	-230.8688556633474	140.18334070123487	208.6435325956946	631.7285284440636	77.20799362091546	98.71924019981617	557.8130140919048	74.95256541496792	-65.13543110076951	432.5789384550137	52.56281514547934	218.51049870184883	153.75862326214838	-24.063041046746655	22.3195642892507	21.99494874230004	31.2648734994026	56.102235533803174	-10.911656885902048	8.679202279204038	-4.275783475782373	-3.190883190882596	0.0	0.0	-5.743589743590564																
2023-06-30	-3.6241642959100204	301.1447545736261	30.25669231055838	43.82285303968297	68.03753788590829	1862.9223562190848	70.38857613229153	80.20458975561205	577.526372423011	-28.10881706555824	161.2969714441357	238.032652120718	330.601593186943	471.2189754826459	-58.067619492181166	-77.19606258038209	316.50516184147045	131.3838614222803	19.338950241909288	211.9950097214413	150.44170527678676	-130.42961921922802	59.31776083932432	12.024200372624023	14.688176350148638	370.2458172803954	-137.0698977426764	229.6756535380988	-4.338497444300174	-493.35194598672933	-39.24685332979112	512.5960521820625	-174.49517853007535	26.65221379043078	366.72512784393757	157.84543823237493	28.88879330611792	-48.79944687857187	578.1284971036869	-24.53691100800347	364.29707515118616	-12.816830960017825	1423.995454442595	1135.1127598821206	-25.819938693881383	335.11312263141576	-21.280716574903778	21.022708981132894	167.889536831653	-105.48914945376652	133.25529891046858	133.59342207710955	17.439171318394756	-17.006556793095115	125.18692841626603	280.11880226151766	406.1540964920681	315.15917574693594	395.79572289279804	108.56409026254366	-99.64512619009741	192.61488079634657	-203.92755809128903	-20.01398410252017	-36.41094580044245	-329.7067130009044	105.9089491618762	0.5841612367337916	15.52460723951856	-28.705265333758916	-140.96218561490048	-228.75493892266348	217.91870494804485	311.5578673075238	573.121911180908	92.78680882327154	92.21067013686832	539.3917775377595	76.74727775764367	-51.443482120751696	522.8642069393596	92.97774644697708	289.3061804101958	243.750977563197	-14.902878900395532	15.722365457731296	28.59237167974497	50.26882976710103	132.77213693241828	-22.745295140817586	36.363486660013436	-7.615320005519024	-1.4425337456671694	10.976638176635607	-0.31908831908367574	-9.348469574111222	0.0	0.0	0.0	0.0												
2023-07-31	8.163919148103247	319.9205898100507	89.48325152907319	45.145568679479254	63.7802045361403	2273.2821877692677	97.92633366947723	116.94023246689962	627.5847190644834	-33.13991536734659	152.65471646564015	319.23535119916323	431.40235429699726	434.6656813786767	12.427290786985168	-20.30654330126265	321.77534462182484	168.57404426224082	77.04460665925058	257.4661947032341	114.65768305621827	-140.89446074597458	75.0648067609392	15.618252553121152	0.5923538408569016	541.6916693983592	25.489186709810838	270.5195090475868	-37.51903822282662	-358.25071217325166	-59.55492079383657	507.87057320610256	-138.3067808211162	41.77757859894082	386.3846890157667	194.57921520355933	109.35517610776901	-33.31829097640508	713.4432009704815	-14.330102336056484	503.73447130841714	-44.248147667891345	1906.396645957894	1462.029553094511	-52.82044478075116	382.07518976566075	-20.89341867582891	-7.922588521721991	114.7308828025898	-52.59489161829731	134.5743502772317	169.28981569387756	84.0663572008466	-22.69728083733719	156.72322417147387	341.9853744685495	541.9036010587954	367.96761800156673	462.8758641168904	179.34545936566283	-64.3492615682909	270.4148250269552	-219.68528262641485	-46.24110563856294	-27.184162538312506	-402.8823831959984	72.25385999765285	74.3316897709962	-28.48723422201499	8.83925624985477	-84.80438659755299	-222.55192842030021	273.3654995615933	382.0861211647647	563.4017349429691	102.6306949146425	103.55612065654122	517.6086174709111	125.21714693704604	-32.20537327041475	557.6081587524594	138.62179155752963	354.2947684197552	232.90503600916855	19.099592056436453	9.04346648195154	27.648978577404918	75.5571484410305	162.34158176685972	-41.022762205029636	47.68605149785307	-27.214930448981875	4.972526745549607	27.97751836429583	-100.95063514094218	-30.866954118547028	8.041025641025044	0.0	188.32592592593284	0.0												
2023-08-31	25.10285984081395	299.839497521158	77.32273332631189	56.334670570346134	48.830598943524706	2533.0273133388996	94.76273247882354	126.25407937677129	556.4589260359658	-11.027271252195419	143.13527574539165	399.12289706551474	446.36699747816175	399.54242436994764	64.69084911339314	8.155941371842971	321.5970966410723	158.47764633778706	76.77589575368643	304.33848276592425	146.33857296256707	-93.60723451868262	70.41497983209277	50.200027075455296	16.2438438351993	582.45481508703	169.4141212812965	308.3287331397445	-51.35767868445697	-237.46484939528688	-33.34909085567779	504.4101075782063	-137.49221846553553	34.885017238064904	344.40410888995774	190.29604712654992	129.50027973238196	-49.115531680291724	694.4265370386115	-16.84646725084167	546.9209760467759	-37.4615516207283	1857.1552173921566	1292.4712549639803	-51.39199942073611	390.8035739310244	-15.852856800728915	1.874779202918603	180.3130165202233	-28.24401809794972	135.98560927706467	204.8635887035535	100.91058712576375	-27.288578697713433	188.6278967133739	381.37118703878787	530.4892494461778	396.1277260183879	478.7157792852382	177.08854887766677	-76.93389269217522	278.4994564579529	-251.8250468000515	-95.47329718265559	-5.34810861867399	-419.52175144070236	68.21564043091382	83.06488411042426	-55.49507342629943	42.300934867155604	-84.58685158512424	-238.49277325394291	321.84249719549325	418.1746982245272	542.6409515265887	107.30046002473145	85.94967186590185	499.2963977985014	137.19161780769866	-3.1509160803641123	545.0664555569055	149.8625807555791	357.88624404228904	180.3998813715769	31.045033950747168	6.982467609395265	53.87441659035993	101.49962365916895	196.6538998363878	-67.00996925300271	58.64490598336458	-12.392921190168043	10.518815999403119	49.011831692352885	-20.71938965789042	-14.232616321526258	28.78700270289992	12.380626780626335	500.9818972249143	7.594301994302077	0.0	0.0	0.0	0.0	0.0							
2023-09-30	43.686899673396056	284.36323840756256	57.510757333208176	55.953566660606896	13.875604092571223	2357.9138421083344	73.45469013660323	102.60731909873837	400.79705529662135	2.905237526801102	138.98241230568692	413.80200171177376	415.1744071069867	286.53780596638876	70.73133170731353	-28.08408701603571	238.14633389703886	115.08194310441144	55.00622403051693	218.75014915120516	133.68864074719102	-29.299336693322857	41.95977627795912	60.02976240215622	12.030451378930024	480.4720885614962	193.47106990702673	271.6069839509352	-68.37656074962445	-31.24841574385107	-22.49155313886513	443.9127400074598	-145.81508616782696	13.197502481135288	217.0220709342948	166.47682646923738	84.38455273185002	-47.00988235294301	605.8527918275611	-47.26972647003572	480.9582939470313	-29.837814034711926	1350.9557879542444	789.4673032328453	-52.2689685244614	315.9540225381519	-16.228665234277486	24.396975875002397	95.2148414932717	-60.00996910074275	136.4325663573985	186.52788926906726	91.18241644960978	4.913811487607518	170.60634304709595	354.01864342379196	383.14778760751904	303.3941539764137	402.0608887704254	138.53145264560237	-121.82110141497083	247.82817450031655	-266.7659990712302	-162.5803161900326	-7.756685355942409	-372.7315806371401	57.90802496425772	47.14652230741001	-80.13077360866237	75.18209756696075	-123.46216911982691	-256.4038243849618	289.41349457371507	364.16384943835254	454.4401455301245	85.45492410368902	-29.167372161211915	446.9246755919619	141.56075766356196	2.9711062245167597	429.1671172401226	111.29528765562938	282.1051929644411	92.76523403270534	11.174012734600694	-12.130740870351012	59.318929397199085	105.26481453765899	178.2128342573991	-115.20449884041061	82.96280569727509	13.17195331391897	2.314688024507599	70.7855024571576	106.49229714117223	12.712078149888402	27.561280996926943	10.401224665383488	868.2901608098373	4.025458234917896	-5.871225071224035	-30.82393162392982	-15.890598290598428	-161.52250712250242	-36.12079772079742							
2023-10-31	30.19181118151573	130.26115557752922	13.771747261846258	38.76791626219844	27.213731136628695	1994.646711336205	41.85128361672855	40.544835038647776	214.90385601307185	1.847683270161383	44.09072766702087	338.54437075893475	285.7322804270623	101.65442752578224	51.72564163387915	-81.72716122005818	31.98623702038617	57.93287296803936	29.391383078315357	94.96947493865468	22.327104467389915	-60.37399755473939	-28.674273239677404	58.09670695115841	-7.248388595977758	277.63469710746074	90.72579169883647	183.86067771398132	-142.62793419421956	16.111442253946052	-26.941165678959067	335.6578309662484	-188.38878514668693	-24.18687118630561	58.56849770532642	99.69225148500982	3.1538371190445105	-62.85095734145773	363.6679833600965	-86.14288026518716	387.618191935876	-35.03981827720685	570.6325541841857	114.73473348784512	-62.020125023328774	182.1589517856994	-26.70733309955881	35.85346419657992	-200.12388446390605	-107.34173184530164	134.66437675497167	136.3428183829089	77.86485624367094	58.2231997967267	123.95385418772139	299.6302978914892	165.6929366464002	148.182441733441	307.54828892273775	39.16918417666611	-206.34131740309363	196.78022047122985	-281.53354695612006	-249.82986693312375	-38.74673099425891	-306.6145018212056	78.22168188117229	-20.024721865996298	-91.97766442616592	51.94225578363478	-245.01997093497096	-264.7728783225459	232.8415939357917	295.18489481744416	374.9736351071256	47.49379756958345	-198.8543405307882	370.27320805952377	93.96062799597263	-18.371708422531214	327.73881711298793	58.65740725469021	206.74673821530246	-14.037000401528019	-32.08998370693403	-40.71089660040488	24.769602533074774	70.1864329987265	113.73815311309252	-168.1473703514531	71.4960055563533	31.272722691037433	-9.679717973196993	90.4434885839258	203.9723834123344	32.55228950897691	-3.6441258211075347	-12.24115846952505	1224.1135244640209	-2.5970769980479385	-22.950831892599524	-48.71295005722146	-29.70379526140197	-421.8943573509948	-70.69702616050316	0.0	0.0					
2023-11-30	53.57976527631109	141.47413879305822	-44.23440557223347	64.7030675926053	49.70198437550937	2057.7596168546497	41.0303316096406	31.84888831936115	302.0295157103769	35.799151759576944	50.744894172078375	452.2776887551722	258.2817529455524	306.4599476980907	138.004755541147	-38.42737441331826	17.7911067640714	79.9047597361548	48.27187755821831	65.52291438432894	-44.98817058791121	-136.38338762753983	-22.67681330504746	49.07897025698	-14.584975259447674	248.90235967278926	42.91339834024416	189.75893256533755	-162.12495004547424	-10.536554975502668	-19.758149310900706	511.6396881304138	-175.23005048314582	-29.31736162834008	51.86692786416853	129.2287717332594	23.770485047209604	-102.24110014714972	469.11517538468115	-53.09237728731307	444.50125500434154	-40.90824550998289	329.58853552793926	-73.0354558199192	-62.768671400640784	155.54361858683137	-19.2317437562362	7.719245983722885	-33.430101986512454	-48.42762781838428	133.46334076242306	139.4804521412848	62.116200670899616	92.60628691641784	126.74078689296618	308.8327355434398	100.51292699988488	525.8213240992154	333.4764217041876	18.623418557805493	-256.3014666398433	254.65474599211018	-296.94639773664994	-277.1059172620752	-47.073269321154214	-324.64369903386034	68.94084105338419	-53.95056276647756	-108.69890571987588	115.30594191454702	-283.2611545494037	-298.0278346029613	239.00477059996683	330.1081668789552	487.57706744727284	47.58127432692601	-36.33635068074943	412.40414640873814	95.26600997603822	-19.775089944739975	333.82652288434906	81.44881992314345	262.12950674003343	9.730342238115213	-22.83638763592051	-58.828046097850596	4.623828958581413	85.44795784749797	120.40634429412768	-148.15567915911896	60.18293290854922	16.36102636267025	7.680234090974096	110.98491529196932	114.89018019558148	16.51190826029547	-15.045646424169899	-24.15602892029962	1566.6117636293666	11.74711194476455	-30.21738616128091	-1.2224550968985994	-7.599743939253035	-414.48073166276276	-68.18902250317134	-12.061538461537566	2.4888888888890506					
2023-12-31	81.95309601356699	223.0375958770362	-89.40657171455541	100.52313955487844	74.46340660517279	2304.0500802902084	38.329098247726144	31.458253634137364	438.68284841278626	107.38206942996078	129.77129621157417	787.6870567988799	283.8016417801606	701.258539567023	231.00044316758272	70.5358176488478	337.13230177208675	128.43620204462914	95.85594809107738	169.03049453513597	90.41327534504916	-174.35847838143195	22.792784143386825	52.12742531627043	-8.402596386360472	272.7986974669518	53.51083969970773	255.20553044834708	-136.97694104705886	-83.42664837871729	3.6380219804329386	748.8725727670974	-119.38869837257687	-12.747255993378232	142.74728419994375	191.76753118718278	145.2511137990125	-127.35381677630767	699.7005999867242	22.15057337461542	527.5371583948919	-20.500625450368915	160.25781157223992	-196.38079172566472	-39.695672429786214	233.9061472049916	-6.72204860955037	-9.183237811032086	503.6030831678395	67.46429181504209	131.16402039331342	177.85477592510466	43.16652322148627	77.37535667368786	160.46333370911043	344.6448064127853	100.45931884940632	1231.379062074997	409.03504564765103	51.0656129946601	-229.13021244476704	303.3484465403838	-271.903445282108	-217.24996146289834	-9.763230641826766	-348.0994732788485	69.51990134968139	-39.09980924295303	-113.56637818277352	221.4532165434419	-215.06614811739348	-294.36138077563044	276.6651288577639	390.23888945527256	635.6945242856275	78.10470017920363	268.9754536297417	526.4752463283392	113.09042536371157	18.305054400372427	394.9912836220004	123.90839050107877	296.14681251263835	63.013934387426445	24.198044033848653	-48.62645098331506	26.2688385587998	131.90494988088287	167.40391472988978	-80.92671953336225	113.11212304957351	7.60358626263741	34.980902589217045	129.47393956189526	67.65725534831999	8.1416213553715	20.10177731330827	-5.310183616259574	1898.0593349910362	41.964088786628395	-24.118840518096075	54.06361195289352	30.83353779678226	-121.37144052055646	-48.02935214482729	-4.921814595659089	20.824412788858172	0.0				
2024-01-31	113.88298258832937	227.95463291545877	-167.48651510309458	121.92490582843851	60.12544502760986	2683.3025897380885	30.163983168429766	18.09778909932548	307.27099724245414	123.4410198044277	142.82615689232728	882.2185017457195	193.62946315483248	860.7396808696024	242.0113023363433	104.69729395070448	544.2467381720874	155.0399369991613	98.72934932300586	255.2906304828805	224.82657709559334	-177.8099956232536	12.518209035328809	43.442457789861066	2.821203352501527	174.77246254589463	144.3303951480559	351.41068571471226	-125.1851609540746	-87.47726064491394	-9.923373355652643	827.1329300773682	-143.7279561816423	-4.283591959412057	189.5069208063414	175.23040866488316	186.8098944628606	-150.52638868114627	640.8497820656041	53.792805345981606	577.439541904408	13.821611975595289	-268.0643542477155	-540.0197841485303	-3.512834902022689	309.60808937132595	1.601613844624012	4.707822166450228	899.1615546913031	101.09506238500478	128.31698981234263	248.08693568395216	-28.71444757940486	-6.7488356448402556	224.07810153953574	401.17329140948414	31.041685810089177	1486.9641009219604	519.0403970514171	42.53334117574413	-274.62146010790275	284.77826007642454	-268.8473613666604	-215.38177851086266	41.58143143973322	-356.66003704629327	73.53744488463497	-88.75254074551799	-173.98871178914135	327.2874343152149	-229.32234792366626	-314.61875436168725	343.8431431143273	460.8512151834127	640.6324043842355	112.26970439347684	423.3611087068576	577.3701271878458	105.35970048428845	69.13920726782216	516.5011368614005	160.6796759765969	316.5480565140365	75.12700132041158	57.8028228653684	-12.356150383552169	83.8257827770932	209.09091674986934	173.52679857943428	-57.11904887095221	157.83650127181883	27.076888040278348	49.13239898790614	145.09314692412656	162.8271830771175	26.69703455755106	70.47533705163532	27.500453879683473	2176.2458530824647	70.62223284465026	-14.247634438473	147.59045204087158	120.30212288573449	44.00717425491092	-3.9048606430484227	18.101796006901132	50.5725478923798	11.168091168090905	0.0			
2024-02-29	174.4437124257841	397.8430386209458	-129.67885400085584	185.79459325409695	43.78478743698196	2939.5475831662084	35.079360833009616	17.816503337310934	344.0307153363229	146.71618012808307	295.784694322473	1044.9120650124187	200.6447764810574	874.0849706928211	250.66754295449687	126.57641564748008	909.8335679793165	181.78715830517638	123.61927104401661	383.072542127214	327.64085396290335	-179.77734737674837	41.140840913971346	35.991953133536526	14.823173212712277	206.0296998617651	273.9599818305551	435.33202109181116	-87.18936657089733	-74.13414378188372	-14.772507395909315	817.9526807483544	-168.28177089579924	0.13300171308195274	235.40461669858922	203.40953882836575	224.93808806364734	-108.31996265623161	734.3813056516166	64.62190505388992	614.7039485936252	21.97698148811108	-349.42622911510125	-588.56826701546	5.621599605605809	357.7808827434782	14.32822822875616	11.378420231034113	934.4361455350372	123.16476451520208	125.30253907248061	308.0660544923594	-29.10625347011154	-15.777966565929773	278.715417557513	440.005332961598	-13.572626363899133	1530.7749807835653	672.7874842323806	54.2352133803509	-250.1987883514339	320.9289103081469	-213.89801572343947	-203.51752481774338	70.09079500573222	-357.8137953777931	66.24932903369688	-63.83819080505066	-145.81818939486698	373.2160906538823	-229.0847967830664	-274.06362468128145	426.81242330512623	596.0777999652737	617.0333334855177	139.969453333052	420.54808067364	583.7899935094817	164.1014163986909	98.40533191971146	685.1988480531952	197.90977023826002	332.68675087297845	198.60275321004696	76.94864496410665	28.616220290345886	141.28277604421828	270.1266840178395	213.23853271198885	-52.008385254205166	184.50316900278574	39.485782267913564	54.31605688281094	158.72139231286178	215.27813402547486	39.078307568835655	98.68164935794178	42.58384974938642	2418.9284955761964	90.89647134885969	-3.581689863969835	203.81473899252623	176.10376516470737	53.48458945216203	79.93100948105814	24.497313191164693	66.39860533368645	9.962828223796823	24.25071225071224			
2024-03-31	220.14892408330365	446.89235603833083	-66.04055156844197	199.1204195123071	101.61235533593583	3168.1224926343684	33.815826719691216	39.874652861241174	561.7264501052109	172.3854438556238	340.5624455437682	1354.0346163539084	281.1519719809491	895.5706917560259	246.4205786072048	156.48871402557734	992.301486181864	207.38220980677863	152.74498914991943	543.6668339575606	364.4993449275313	-73.7260736100202	51.32306378342699	36.898934387720345	24.097230374058483	293.30063223639013	392.16009412869835	539.028688196961	-67.30094534883665	-4.789846368498559	-8.257141272802414	819.8471350729626	-113.82472211041906	23.79823582868611	295.36935459969914	255.7606119115123	271.168166602956	-58.37155009054163	936.3106356566199	86.57965987111584	635.2681184098411	40.88690562974375	-369.97253848273135	-571.8880923306277	26.60327189370335	431.0516338393818	33.326686309012246	24.252028661971906	1099.270123451442	152.56879887458604	120.7792320004205	389.0430717658252	-12.491476707241304	-24.837661904006154	346.88168415237055	474.5350058848311	126.22927808736983	1582.525874460402	841.1032479930252	89.4972253738672	-215.78681704318296	461.7583895442559	-148.0889320948811	-164.9329084040004	126.9864531613556	-349.9391281095507	167.61607587089225	-42.933514849751475	-130.2085067168258	368.0641667519851	-197.23607155485695	-210.29542596313513	519.7816858645198	727.0437169176766	603.968926456705	175.8218885871908	460.96357391391246	589.5122509038938	188.30127552875473	151.19570965834393	877.1522053565427	239.66173453510083	342.5711366899159	334.15415938209475	118.27220916027755	78.8742628151775	197.3852846782687	340.77326787507184	239.59032475922913	-35.664020932017905	200.5220716923456	54.448289200381524	60.94998081303075	167.21759079796882	283.9174186024071	54.50975462154723	155.19697619140862	76.36469655477302	2593.043172115971	126.53531843598849	54.06503659256685	257.0505918669857	237.40751385889004	167.37614704713178	175.14573567081615	35.71489328492023	89.17402053318494	23.442661207910362	67.16109122490889	0.0	0.0	
2024-04-30	244.83844048911288	496.8310730320903	69.05937128885967	199.14214036995094	166.73477358844838	3066.079468200761	32.56151133905684	71.56045506146344	574.0037831324171	181.4794367603239	373.3785627341407	1407.8138478626015	396.4795666358882	775.720518379992	218.04798060950543	126.33184319715764	879.5631039943702	196.74497620169794	174.03528275499082	609.870399873603	323.3040791734061	25.714758663915063	60.71981276728204	65.44021563542135	35.268548988914574	283.56696988578426	397.4442676628843	566.2584930653061	-92.00662181809093	40.82840126075109	33.64886021296019	736.1578262527438	-38.92482417992122	27.409401571340126	281.8386582583318	258.9890616558134	240.1733069886131	15.64205759718493	944.2541230164987	68.53461613425691	566.8959710425647	53.07247048276132	-506.19561556233293	-637.5096272724272	35.279094962676254	441.9033751688687	40.37862768107277	48.45209368133868	1064.980180751209	119.65050793228534	115.84640091538131	399.04324028450037	30.086062086159075	-8.30463829049745	359.49411734052353	460.271815318466	348.41246229129706	1401.9137080122268	885.2800265569149	104.35243381348282	-171.32044378919227	474.11799200368625	-85.7968673732039	-135.94467608356808	142.75309575323107	-305.70744928376826	253.85128079608717	-15.648290468340065	-94.5943684646353	339.8997539995735	-171.36389728870085	-132.60763558498945	548.6322485415974	736.4758596024476	558.7804054664848	185.8499610768243	353.06071600153257	547.6516783815937	188.13211209195447	166.86197389545356	908.5020829045493	224.0132597352133	291.01313650222585	437.62572151157644	108.39159077211247	118.35338914199372	187.02573916449936	355.0171847589831	234.7725085664515	-53.57832023258257	230.07694653019325	81.33480193383139	54.54069774268821	173.2660558256319	403.4494001229036	81.44972549091452	167.49105972369637	89.3511840079873	2726.884637556261	142.07852691083986	109.10384344218923	255.45044570051226	263.4968705994728	104.68196603843464	249.63818489195552	53.62500458019987	108.0156803215902	16.010636779989593	98.36846972349812	-21.953276353277033	20.421652421646286	
2024-05-31	252.46125943157443	444.2767149708396	188.93328393496574	175.50056617289042	201.87550170724694	3091.044941250426	16.11590910692035	103.11695943903902	550.4738388451646	174.12478977932722	349.9220904849312	1157.7386084275167	536.9572365590666	722.8548749150327	176.88443678724934	112.59492599623718	808.879849052596	209.32833061343212	183.79633699048748	586.5241035847991	335.50460586490556	21.290689943016446	55.59154669031575	118.33601041904228	37.19892862390594	190.49665503315816	418.3298920938587	586.2383124745941	-149.22087876484147	14.207989545560906	86.20999065677529	689.6039280576604	-1.2533919207983217	13.85968978416075	262.51450993043414	233.85975681560097	227.39349118484165	64.31999263339003	849.4214028328932	66.41146820922745	537.7994389298652	65.00609398769784	-727.4324470177723	-786.1355273797886	45.4707435340797	406.44008262596844	52.37218643434744	62.16263613133913	1020.0614296903809	105.02698787494757	111.35343219039339	407.8589517689153	64.87417661531111	-5.487756427721365	369.437868437479	463.62627514086125	630.5938829237132	1311.8048454635923	995.3723222430053	141.39364064569222	-135.8944024006687	489.8699478257183	-28.14092987800541	-53.618074060451136	137.39639895958408	-277.6431618776718	296.46612100361835	17.049444333303654	-73.30115449380082	289.4617168720397	-80.70596262459128	-74.53539811080509	603.3270558733702	787.792439746017	513.3147887222322	193.86733182611005	314.2932619615204	516.799341215499	230.40688584276927	162.9081418037477	997.0610631323748	215.45488387335956	269.6731755545185	439.96582207479787	87.3012001251754	139.3559906845053	173.6717296438963	343.9679718634044	195.90431060241963	-55.78327546958289	234.5800909360845	98.9754502808817	47.37925715148006	175.72817908176785	481.3877786448462	98.05072198784748	161.38036402227343	85.93085843036533	2829.78280636984	152.43911899775102	186.17758067839847	281.4593096306147	294.32808520245476	103.72728606940308	336.47116816814236	68.66990451604289	115.69117123590526	15.544230897372948	149.22607430531468	-29.98124755480967	51.8879424679908	
2024-06-30	243.94475553066616	515.0611099131419	245.00506305885165	169.71164040959655	201.56306279422404	3386.8846843548363	4.248150881779324	132.6393362693758	702.4418173346307	166.65995732190487	407.9667343049219	1037.7739385401044	737.5154239841809	821.5238198268784	145.34907978977253	124.80180689716872	804.0700870046778	196.14511231300963	205.4392341637847	535.016504970587	392.2127706254073	14.171726902024261	90.64101151102119	148.73733667146251	32.76838317697991	135.79110633101288	428.4387638014341	605.672216989004	-177.3951604244605	54.07744714133008	118.7575472489653	733.1819356228993	-14.351230566900824	-0.5138570785333414	223.06213734114903	261.6210086563391	204.61180488581795	69.97747757811965	952.94372330326	88.58676423250563	586.1415734716804	77.98641081383198	-853.5328747874285	-844.0803316254515	58.84637695446946	362.91885579464315	60.907558844771856	63.84326674303287	1113.6319038045713	115.03338455107428	105.52245092407668	436.55763533234494	66.96236525624954	-13.828115608518488	396.6396668991134	507.5507064865683	659.8630493347389	1449.3361141184391	1101.9165201184558	123.96147576320787	-144.95154235126677	533.5665925206483	-5.577597784045793	-35.035841505670874	130.3824697927812	-277.1432461841122	289.3665276085644	47.55764755840721	-66.97477116503649	265.2102699072435	-51.5234522914501	-53.96835291555931	640.6859307961108	823.5424022670729	430.2792416395987	202.9531701818779	344.9995270003943	523.4081302865825	299.6066876151949	155.5548875032255	1122.539896644712	235.35728286941935	303.7066772102012	522.9784239126653	76.42867936676626	158.3997087128384	185.03793183258227	321.710903094036	202.3152220525775	-32.327679450969356	272.77126205181145	102.9059605800174	46.523208145932244	175.15759350338124	494.8880687126567	102.61048408287331	151.85508449826102	75.78429478180333	2877.574770598777	163.7662016973544	206.92934029455026	344.84894756991446	341.67112861703515	204.07994089041327	438.6751305477304	78.3572301455954	115.5742429989071	32.834470494783105	223.3061545411495	-8.689370318918371	85.63722449897323	
2024-07-31	274.342487646312	364.0040345019223	255.99366793426128	184.53789862677635	221.85461726799207	3018.1528616228698	21.197754229789446	170.14111121057766	575.9556042366453	205.21388311674554	308.45881602090344	1227.1558671586308	825.3073175705922	961.0294650255007	122.70196326629139	189.29583175340377	885.5549460072589	188.43485449749244	209.12265769319623	540.4098752992056	514.1131858904296	20.701694881007597	82.07588327069539	138.02653372375187	18.573461125096117	77.50435467775523	433.54125417109174	582.0319822056149	-167.10699913808003	10.559187560279952	135.89066701365448	817.6825596541664	-20.324164322993454	11.899036603851414	193.93245594350185	261.1310315199112	261.8047113931701	79.86807156795032	940.5769932567503	109.31124205183221	515.5221642233178	93.5725554815932	-1035.5094194184394	-941.3137690534685	75.23308704231664	374.0668880676119	77.98487457469827	60.74959871918213	1204.1090083796255	179.3213689049271	99.87525693831014	419.6339598403632	65.58737367324068	-7.2501497983546415	381.4658117852978	451.80774077580236	536.1887997054885	1762.4946894120917	963.0996696311067	93.63085183797074	-140.62431559427057	418.4534366903199	34.34449094645538	-15.501032565812807	164.3285383431852	-234.92152316454735	303.1500222585612	60.11629521590925	-37.78892452451214	239.91468688555148	-17.102004012753014	-29.78421726625902	570.3950701826625	711.5758715996553	400.8409766041568	198.94248691808616	412.83406354650623	547.6178297537849	326.80804056155205	186.56226876733857	985.8840443127483	226.65478300769155	255.5458198929864	609.9127797889229	107.83890166800785	171.9845134881508	204.17985513325038	348.63911367124274	192.14719083263935	-10.728492398015106	301.37391840398413	101.63169444465154	50.45154342537107	174.8057451222889	489.1385147573005	102.97919324845668	184.37702045765252	100.2630785967782	2895.101216403664	169.62660819115325	230.76995767256648	310.8366532752677	330.0516462106166	287.98433603160674	412.6914074302406	85.14883234755561	118.10164488120157	47.3818440540672	223.1185032781594	10.227428886624406	121.08668222125618	
2024-08-31	266.2853470058251	218.0065701510698	266.9216357762812	190.66588620465797	252.4699046447854	2484.7748815261475	17.620259689212887	170.0215814124743	331.63081475225886	238.91585299813937	229.20222246830178	1450.7335208227328	765.417725856266	1000.1600293677582	110.0433318644566	253.96833224328788	858.8034838379252	197.2122666731081	213.51560452531368	480.71677056553494	494.7715411024805	-43.098673158020574	76.55784101207556	103.83649750889043	11.532285351742189	5.492839769319886	434.8245914909506	517.394152233426	-114.36265300907763	-3.5146536522752285	115.35102883153058	828.174118422256	-27.53458985010616	32.31848426594652	131.83363561457747	204.39273637527185	263.7401169562294	64.97177838756556	741.7586823684753	142.14979568202432	457.7444637070107	89.46764322310673	-1053.0482710373508	-933.3362464706565	74.48001061047766	354.2259166330789	81.21893395476705	33.37210765499822	1256.8886564603856	234.66916317862126	95.04983322464068	371.9398269950748	60.94323763701368	-3.009514338781173	338.3813654978817	371.41690333863767	424.59632678436833	1871.2278912687184	773.2820204926056	19.641874093215065	-138.34427072953144	233.06895095221034	50.939184903853516	-3.5692801892695343	161.10289465935375	-199.81702200625637	295.4239529499953	39.31404720975763	-36.115632043473056	216.9136823412759	-6.561771395297342	-11.233702193146314	472.0304031908113	551.1571898369009	325.59870400676573	179.33239575177902	540.4138907145648	523.0339325063051	301.96605997971574	182.50969047004475	796.6747149486237	221.7885350614531	217.60651284552864	646.5795103560388	127.09979138077563	183.21345235371416	212.43147464986396	338.4572703757657	141.05040358523615	26.978807987414598	282.5963432473668	75.23232952223469	60.50387283249094	172.04122322984358	363.998406089358	78.44989885927487	178.20403381969106	100.45170958242204	2894.9473726663837	160.90068553590152	251.26090377342348	266.0526547097729	296.5210569058774	362.20427114722446	383.49246086563085	75.91837272483286	104.8454772925725	56.46765727966996	204.15380657606568	28.555144858070477	156.74383021197326	
2024-09-30	229.66510409704915	79.91184802590976	417.66740400502863	170.67504979096486	304.8616137515414	1986.134737065635	-2.4410862578986467	156.34277822550416	107.5048419906708	247.41816695595753	145.6580248823792	1456.7175672673202	646.2680416652811	1032.2904564000635	110.12074285312065	297.2337557092218	711.6451654264913	201.37433184211235	255.03348703054678	423.7437661080571	384.3632747178434	-135.73171417003846	92.7840854221856	96.37180644950836	14.359360254242972	-43.34269312669085	421.55155630131003	454.7322476406273	-68.39963218203835	-96.98580984402508	112.66450110862971	838.8526335038189	-8.914669759113707	57.44183292844311	107.54661249557111	122.24657934959251	253.88733515840602	178.06009829653033	435.1269874040148	164.58136200466288	423.5305524772757	72.64912340679183	-879.4513792110229	-777.2313911697984	61.322146610339445	312.4502224790035	72.42222912764035	-1.4213176525350946	1228.7164615821766	279.44551425341604	90.13762144719215	314.3976017424636	159.71757947329138	72.43045799226059	286.3103626893801	297.1329778854174	378.1081710031599	1953.4196247967952	591.7226147287529	-12.528169603292099	-72.12136952640117	52.904199678795294	118.29706812956488	16.76429194936327	140.25187444140136	-173.74915336417155	299.15576524266635	116.15485641027709	49.58655504980925	169.70554048296503	13.935844958575558	90.90729993879131	382.03966254325815	450.3581797310999	287.7099846542542	156.18011091682445	656.7417634791086	505.10566285461664	250.73429654465326	163.36243577612828	599.923354078132	217.86383570658268	195.92686135004783	615.2222836048336	136.93579968817838	169.3681070678437	162.4607528236927	285.82405456845424	143.30237484621512	54.683793728009476	255.33039024559503	41.95558772746347	63.96564027018627	166.5600234221285	201.34677958052157	44.84658257728577	155.80009776767247	88.04870011150115	2871.1867173263327	153.90822161466008	283.4493717767034	222.8316433529693	268.5269419032827	356.3319229902586	354.46649860224545	58.870967681733646	85.47093881560576	56.86658628138626	185.75514228837318	32.66043233589338	189.02834364958375	
2024-10-31	200.98046770457222	-71.18909433192141	524.2173318533366	164.26469791297905	362.9938244025335	2012.639876674597	-30.81971333037965	141.73740982631006	-143.57482392123484	241.2860039520245	45.09449375897668	1402.4563883652168	554.8645666222153	944.18765713406	114.41584150399376	306.77773261786234	675.3953614115499	148.9977707830893	230.5899166023489	461.4366600263445	359.37883947403304	-146.82103645869495	106.83526687399478	68.68782423496452	17.57478126010119	-84.82106362235609	405.8459873520067	455.4181972639585	-42.59755563962584	-142.24600128825233	85.6970184291556	774.6159451798653	-41.75001678460001	59.623401358335485	106.71098345512004	50.21997335515073	239.1364909604671	252.3305883328319	181.93967164371804	147.03018440251037	390.1085078221613	74.67945773057232	-851.6754507701116	-738.4009832382508	63.0201051608811	322.98755851339274	51.59462247696341	15.336911017830687	1209.618881420554	284.5536067101543	84.84017099599805	329.0533210301455	220.06583349927047	107.9029495667155	299.73456138197594	300.60357802336307	242.6007710634151	1852.8404562478445	519.5538884996449	-18.941755093780742	-2.567915309225441	-91.18006827291049	196.6323842133172	13.11624353742559	155.77770446547242	-148.57219245396118	422.46804475440365	181.5548616536728	182.07440404661543	167.61447887741576	24.252035686047407	181.805529631308	381.8097814217017	476.7008875930828	217.95792103460872	152.46992108223185	537.6768834276384	440.65783110145367	201.0305239422421	177.18609484428964	507.585210943691	207.21852122255063	175.55572358639597	658.6397706294333	133.6549843437644	166.24788244946586	136.83127767538446	317.37229168021975	179.82400052532648	38.74083646440687	205.46724663727468	59.304785154695935	59.3317021057654	160.24103705135144	280.56403791242826	60.82200970586584	170.24625708331695	102.34544993896014	2820.9495609370424	171.12001889097172	317.82823154594064	239.91165330726244	304.20887963287225	321.1338863652865	388.67632281473925	67.35874066189515	94.86356034288153	53.52093382466363	222.81647355689466	25.009024930359764	216.4375370762216	
2024-11-30	195.41847054013851	-179.15430972775073	510.25963171991157	137.54621302667545	324.3570396239834	2162.569962224141	-42.750988091701885	149.9044189313737	-513.4416316597938	216.69064455072572	-26.952684089731292	1078.80743454811	452.0231949980548	1044.2057456035677	157.6913640788182	321.044930028447	682.5374470603514	97.15805512774665	183.49156018338743	601.0663034219865	321.22703496495365	-77.48551977749969	74.70034062484072	17.563930223339128	23.569155460326556	-198.58195663627004	354.18015701142343	481.65278476953563	-60.17122811854479	-161.93070393459152	60.23675505484917	835.9932669978054	-74.64288052498223	73.4681286732144	139.20103385872557	-30.94790101967729	301.06066845041346	288.3573061203568	-116.78935836845824	138.18873288840086	378.2758918331783	83.78000912864995	-994.2651880485471	-844.074669724368	71.88223020626981	368.5989390253326	30.263180678736347	34.26477769044624	1259.5472716506117	300.0666886753181	78.81123462823155	372.95644746069866	231.79585430831582	133.96044977059364	339.74038806657313	323.35182410176185	51.1475643634476	2082.222501030406	387.33903961941724	6.994471901268696	63.19919257672859	-281.5338492852816	219.47470743512417	-10.953814632848434	201.4226502081483	-131.31659344630748	400.47201204213934	257.95891004131573	278.26085610324174	240.6907722748491	58.8612942888974	227.29241520211463	452.2345187708547	637.5743972162545	310.97718475117244	166.7276869632252	468.56256368009576	453.89606822877613	157.36744359029603	217.18381894073508	312.6415452076808	217.0802256590688	170.52093162611686	564.6710566652048	157.63041347645208	185.20612043469828	107.89807486245684	421.38757792587853	294.7874121277258	32.563720464494565	154.24377856070112	74.34696710630644	58.72951285323859	153.2991545999697	361.4664981854421	78.17840003499893	214.1745094012739	137.691232498234	2737.6855492715076	183.25644402615734	360.0516855702216	255.18204269926753	370.8561075138849	349.65290188232984	379.7507373432803	76.0005795957679	108.30421639026349	54.2634162320075	257.72685709943414	33.75393035097835	238.2226575936487	
2024-12-31	127.86954061662539	-233.84846146914708	602.2829453218104	99.18611529038924	256.5392070212972	2781.867337127067	-63.114873238959284	152.74871164971051	-697.2482360768345	178.57419936573353	-69.24707578424767	908.9305158344176	314.592437146109	907.1517482539393	151.35911046170327	234.30174605455818	563.6988244254945	30.537229252370196	150.02671827152966	590.4054807315897	245.96808041779605	-93.30191340327019	30.830310889282742	2.6982923663495484	10.834805709293732	-265.65250479904375	412.0005080001148	536.105781665927	-74.70892404072526	-143.443467471596	40.8114423619659	761.5943634486912	-150.34973480677343	48.22789151277799	207.15111766170116	-94.69364386849915	236.90920882001717	360.4728918653824	-349.32218181793144	97.30247072164025	379.41414116407987	112.85370469572375	-1137.9141365574474	-953.9786844291764	97.49748272705828	390.779439857557	8.835568658524494	87.87992582051612	1295.81467409897	215.62422543465016	72.77932543942802	433.18848240162106	272.4088370146309	162.27343582890285	395.194814855985	416.8802209487526	-88.48756978797473	1922.5021506793646	396.035686478378	59.68094559885026	105.13248185290558	-361.16499845517615	232.51322170292246	-18.52128028116988	206.8704459116816	-117.07851399861443	421.3378616745804	408.0788782961083	365.09931177934317	294.4703753142311	103.68529801670297	266.3026958343439	556.4780973773161	833.3796569608576	206.3615647463007	186.46130815945446	293.9336476342037	395.3970823816867	88.08629776457826	219.43051491095514	305.9749029503937	198.06792616499297	178.0371923823925	481.7870243934749	114.36573308817003	193.29331938151955	70.06012101150156	449.79420172195137	442.2626077755283	-0.49176295411010074	137.43126605889654	121.76579542193042	49.830689505500686	145.4069991448613	598.478832986862	127.54023652378453	214.8869241418439	145.9642851883072	2639.121256165563	192.37036987713776	335.36248384979035	309.5452032517412	435.2781785695179	323.8553341065609	435.79905515481244	100.89678949761014	139.41272471696044	58.68201619152836	363.9211692955995	34.30760904149061	255.11683684721163	0.0
2025-01-31	109.91456930024083	-206.18738481968404	655.8104403916233	92.13690666840256	266.70310157804533	2868.1465869297826	-57.111769496202776	192.219979979394	-704.709869437261	156.2293905325886	-57.97101898381237	864.3494336290255	332.68130044698864	848.2613214810415	171.0374420752405	186.2843435156903	480.609249581345	25.019392449062764	110.88411256515461	610.1604193346093	231.75646857991592	-59.33983721164918	39.0788610153034	-6.792458149627393	20.700242059613288	-226.4572525137135	422.21933485162236	561.6665571883905	-86.0284558982802	-75.50775172908052	30.050704454189344	724.3626814203576	-151.06682274235015	43.35445169129588	278.6146057716765	-97.37515446878993	204.729884014885	348.3703746458753	-364.00535529385786	74.94785215518368	354.18975593587857	118.71387534823678	-1139.7452916443904	-927.7723156297161	103.0750412650103	400.17721049964894	-3.0614389246261453	104.25740800867771	1205.8992011732373	169.78866247317737	66.25770014833006	444.6271829933926	311.272092273629	167.29932557906022	405.02352859197777	430.72886420699024	-68.97497606220168	1795.9029564437756	333.5542199790352	88.64741474384553	120.1167152820309	-334.29949762839044	209.28405161239516	-25.00661274720153	199.5128034206689	-100.74405892080517	453.6128628547674	468.5419572410656	367.1125075193224	352.0015656044749	111.22706248663224	260.94920322786174	574.8643561898948	908.8551859984645	196.9942744781256	192.7875803323608	197.58625281761954	379.9347763616893	46.06535034556066	212.58629975425436	287.73797995377026	184.7966269701442	167.7315233546783	606.102611912728	93.37727332114542	177.875482132966	82.07152620807142	497.8577401102368	514.2655493032432	-16.94276354321957	74.27862661588426	135.21352152313057	47.827063585247004	138.59698044257084	665.6825135703732	139.52004501972283	208.15175416000602	146.07495563087934	2528.970137052056	194.58930320935826	319.4242993964242	296.4681681875086	481.87482754007135	274.64677674494817	420.40557932076524	107.8338937560371	150.09901301079117	55.3390720179173	382.6777379702571	26.620536575987316	266.8402085628694	16.592592592592702
2025-02-28	78.36048319852682	-229.23019323148714	813.521883214554	86.93952573432443	264.615149507925	2305.572153006109	-46.06259776902052	212.25502982829903	-699.5192076927424	141.26669271798957	-76.3097882832393	828.7879992797689	383.2332307807235	855.5343144298186	192.5785015958835	162.71755250846775	266.1953194420978	32.2496191189083	93.8497935258757	505.1969769655193	180.7838991323374	-54.85402020045683	85.79080475504475	-8.572271369204955	24.319150546126252	-171.20715903595104	402.63606144065216	505.105565709071	-181.9078218153386	-75.37529959563793	31.023765596735927	724.2568157417682	-149.96568710990823	37.36330003486196	266.8505414078627	-88.54278753831653	105.99724106377244	334.69522883641133	-334.99537301372834	83.71667601598097	228.1431407374489	135.73936303354347	-1070.7348397804885	-843.6573854697622	120.45493659402989	284.52067518720287	3.8987816028300557	113.30201810028797	1305.107069440096	151.25185019528368	59.30090164564922	373.64563459913643	397.60132585457916	211.26573664072896	340.7823733041316	346.72410599273826	-90.52948094246835	1868.2329848696668	153.41472119700256	72.56345093832482	132.14768502547895	-320.2728076786434	201.5246790419377	-21.290792199910015	183.61320644617717	-52.451643978808534	491.58946810476664	422.8150935462945	408.3180394599325	347.9497759555893	85.94534332987018	305.0137014728349	429.50244120829257	666.6293627892701	232.4993353877885	173.2191224272657	220.57292561593715	360.5677072979215	-10.914067723861763	196.98272297691642	123.29908327201838	125.2375063207055	85.40367352624912	1061.7744030050053	70.96503685250138	187.43963877810182	84.94387702820904	474.3687597288729	418.82643251194804	-2.4295509010933074	-22.691227250510906	141.16138590166992	43.24893196730639	131.48524335106015	700.5471694771581	145.6306493254409	193.18107729899054	140.15650813870025	2382.3383990221137	184.3324582794471	281.9560492826006	226.7079418838333	457.4068865909453	400.46984993938645	375.2073196971546	122.36953626257935	153.84742289366693	68.68700877276899	315.2908119761945	53.10320898165544	272.18534704563774	24.80852590482216
2025-03-31	44.2893074812572	-206.31597282311083	884.9921877217357	78.50990058355052	334.3816702029684	1145.7347602276914	-30.155077679990715	198.598863133461	-693.3085684179044	105.80246985978789	-63.190952329768606	483.9787658449036	380.85619428955897	778.2674265152496	167.38731565529304	98.28748357955783	47.43068244840049	33.61585176617143	81.52366452153589	312.6925828703711	76.61092365739205	-8.645789618154254	89.76603677513867	-7.639798020281631	18.417035196097913	-220.71937590128294	384.52105390963624	334.62163705099783	-215.51669457787904	-72.90340265756498	37.50654882922913	672.5766539743854	-116.80836675092542	25.85890036350331	140.707322647846	-77.54127036488713	-14.263171558754777	313.60665912391374	-296.58736540371956	85.17734498830049	5.359923298585045	150.00960651195402	-1060.8629945071411	-825.8629832507127	133.32531645497852	113.19153702461904	6.4778143848338345	118.29450767507035	1255.9617315266144	103.92928582663012	51.34360817028232	229.04895573720933	412.33163143626086	261.66439880121663	209.47694500604985	173.5380370730752	-249.9555961326446	1771.295121770188	-124.11546733306204	13.157546745784515	123.27151516166668	-317.99999591089215	191.09211036457998	-9.093731770507702	153.71256113210472	26.542001875927326	558.7464488085416	320.5153946276143	393.0126817847707	287.48755189691906	47.984595568970576	316.1014483173353	204.67630699014944	288.7196483052012	223.4113041894111	119.41660101889795	218.24131281680707	320.1842622663753	-73.10861683725295	167.3234769055083	-108.67428001486314	22.0805996168026	-64.23805173846176	1404.8187989621365	39.100897954187246	159.27532380875795	75.17064859043194	379.6978651079414	262.5000387199914	4.0603780913954495	-30.422872798391154	142.79603263841068	31.327345143395746	121.19427469880873	712.2923586228364	147.72938878633238	163.43747758607662	125.0892523322745	2211.4605558610456	160.62999728804903	243.0998690188253	112.56230172774826	364.9608112311678	443.03662198169127	240.40914465363494	135.71294789577428	143.44659650711282	77.34503715427317	188.1731679239865	62.862178060277856	270.7176361353461	27.60598333286695
2025-04-30	53.147244219232334	-188.5129277333003	759.8832962671652	136.02786362261799	413.30367434925074	144.40953061423897	-3.9903999496148144	250.94476691456202	-726.0473133346694	106.20367211585875	-54.128414564454204	338.13360957155055	461.28337379420805	817.1723990180094	172.62038603182918	33.09662302288962	-182.80355777393902	60.5145344217234	76.75703309482958	100.5440788188771	-69.85206696344403	-125.67511979190442	129.59359450203482	16.212496906607896	29.852925687221443	-207.0752052578918	246.1459830995119	146.5370269067239	-223.03119381196797	-194.01122744176132	78.22423351256714	676.4113312776608	-111.29858873201738	-2.9797464007948875	-17.330325172279856	-55.36933110099923	-105.68685255224906	235.6126509405975	-213.74024632683648	83.06305025536074	-117.56668226180955	124.64015229597555	-1022.6590837276572	-785.1251131149402	115.01287966184734	-109.19762881448673	14.457138452603207	83.4569005888327	927.261406355892	62.0595029273676	43.952783126291024	68.85458748378142	353.54208776526053	269.46029269659346	63.53874822485773	23.20981682370666	-206.07216508856118	1756.6127699186527	-358.0015074350508	-55.192757120252395	87.37179430003971	-334.61400163555254	149.54781072384242	6.7794592787807915	46.755993282891154	59.31215518244471	576.8578369078582	240.48543472643007	337.3438275863193	231.06925749924892	8.871436951763371	271.71403559290013	29.686445113841273	50.53901344333008	303.70108058910864	60.68114269423347	191.75210968664237	352.25467839110024	-101.06630621422516	68.37996901499525	-333.9374818904553	-54.033259589445834	-146.03548757217732	1859.5364175559835	-28.69600190470254	120.89374211919846	-0.3254760079104244	246.35963440790556	113.51496878743978	5.554907087145153	-25.015468755410552	109.91779559377449	21.419248849776068	112.87529311229787	546.359405162751	113.04348271169425	57.52775030972157	49.52635058806618	2054.255763243171	131.2910284644147	189.41271778254077	-3.3820880295929783	248.08923606310327	305.28759870595354	105.93911124173474	108.88205774975665	104.8035648471448	48.03564788882511	81.09788325476757	39.65855595529928	268.2687426192782	35.540698031957916
2025-05-31	113.15190719310317	-207.66607710944118	634.7068089555187	287.77863746210676	418.6011729214649	-104.36660356705761	60.87267359505367	354.5537335492321	-595.4585191204255	115.48364493015282	7.242289683409609	256.86150447570685	691.9830339745113	658.1680264454035	181.3216945451561	10.976019952596118	-399.4445211985351	109.52658349728722	95.94877733437633	58.644557733462534	-227.39027881249103	-238.72263684685663	169.47075256431575	60.290742041396015	50.0206069460578	-171.5751580438809	199.84376298746213	54.97030074582699	-193.56833145854574	-239.32402607471943	130.55642968935982	554.3291352708125	-83.58596273412985	-27.3161694125641	-33.55320778783414	10.420342186609943	-122.50191197677157	177.32292528218156	26.164450324857057	61.07969731080914	-69.85067385814773	66.60047683490455	-1002.1707577915113	-755.0502451966227	65.60049662759482	-229.0257899081364	17.9671713786609	31.353268387185494	387.21344489306625	37.27566967559642	36.31082420541907	-8.44462111225198	284.0691455123357	276.14273445477147	-7.484284009583234	-14.85345155502705	28.377370720186036	1424.832633259955	-350.49376691595717	-74.83299868240876	53.766877452357335	-295.5724829775627	103.86959670380907	29.46991087976312	-42.689768024815294	37.006556621169466	487.9357031167583	234.92244205672478	260.8227301401721	161.23701933045731	8.973818450245517	238.93580252797886	-25.763689646696548	28.711911309627794	230.06386246276406	29.427568692738873	109.46384609214897	313.78592088327696	-49.51805920510128	-13.309638676740065	-278.1561583799903	-56.11523256620774	-110.68065877849358	2315.138582200844	-66.7025531949306	68.46346365170166	-102.84623901624991	154.37274786727244	51.285467404170504	-12.190823912756287	-41.52969704689542	59.6247177891496	14.328649676916001	103.54607272570411	301.65860966925334	62.92499506380051	-30.903433611423566	-19.007222935882282	1870.6339754487271	99.65796414360216	126.00448333990164	-20.1733224317137	173.03405871959467	-24.661775055998305	40.57702223080878	58.5395902278392	58.286754755596974	5.354271050283472	52.70358432790624	-18.459454350318495	259.93547438335906	63.684430653388205
2025-06-30	222.6154660285797	-129.29390446934704	544.725224295757	554.05471394398	386.02930927612806	-21.21517322737418	133.36956020823135	537.7884148701352	-97.273167611095	160.33909098399448	101.93032110008863	182.40418225518397	1211.3729664458415	499.5052211594061	316.7291311434203	-13.838329762899377	-496.06192268730246	148.5201073381338	139.7814205217867	44.787235492274704	-315.5106369553632	-278.9865319376363	239.13023473881003	119.3206588047442	87.891684638448	-90.66100227364944	169.25240610403534	15.299830986944016	-201.12724247516155	-175.4968803516157	197.84883947058327	411.8125716573627	-20.627801103187934	-45.51432363657684	-16.121982279847657	176.33832095278515	-85.6494632298799	137.48110494390238	630.1189734375365	55.735766388412	43.54989596018959	18.862798448178864	-843.2000308768083	-633.5542885642894	23.322926349702726	-272.9807890643158	20.556969563639946	-22.658344747766364	13.094348816963475	18.288733627645342	27.87203887960959	-34.884581105201505	228.95489024807364	289.69916314714317	-31.321711057109496	-2.2838529509870114	402.14305949978484	994.4091226705709	-164.09347846347828	-62.42349508632216	49.40462114912964	-114.65771814504552	80.41338353038645	62.96240545285616	-100.86620949886753	1.3680587929918602	360.0461729819899	210.31316420868131	204.89831786326687	137.53599465794946	37.267527444794496	222.90398077777348	32.41476076878098	254.86779023121971	120.40081791995544	14.353875767513273	105.84093768600746	255.316531473115	138.87358583062792	-68.64028757588312	28.51617413060285	-18.833628735810635	-28.004137975558024	2931.0353606234703	-76.93657094839972	3.055501599404238	-175.98113712325608	78.73445457200341	0.3739703866306172	-13.787788785920725	-50.97632863006447	10.681007193005996	13.427376633987251	92.81562231321209	49.33913184524113	11.361129155375238	-89.37810451494727	-66.7992701360543	1683.7939391535238	72.804446839339	71.60157545473999	20.556786610876088	163.33898262266098	-256.7002633755054	23.07689500971287	13.324537827072675	18.01110890032203	-20.125918748632756	59.29421160079062	-58.42198445946375	247.7583922376433	147.22756987925652
2025-07-31	299.6526295197759	-11.796495388880743	516.4631825468723	649.5730781834095	333.1020016301934	544.554633223268	163.4698670870011	654.162436255913	249.57329692170413	210.41673827009356	183.71467144039252	374.1672122159182	1527.7873626590363	375.93226272068387	346.63932569143674	-19.416695328448697	-416.486180724716	149.81456429527873	171.2341548700637	133.6889693381945	-233.14623465734917	-260.6736699704703	331.2372173260839	146.76698799770418	107.55081372152443	20.426407678960885	295.4857470897525	76.06147857055475	-184.3853112830119	-44.93251018033544	244.62953295956797	303.99143208867736	25.813237753237104	-53.25527948469919	91.72538802487895	324.12030467401894	-47.71984550477639	156.60693070448264	1170.3757854886644	52.67791113762712	166.03876523665645	4.228602682288141	-548.3215351166514	-385.9729833681363	12.569309799535688	-171.4929043402451	24.04662670790054	-34.71387653754965	-23.33339035367385	24.821017013370863	20.58902053329757	20.0732868831401	205.05502108685818	413.27918017873264	17.856529039640463	82.08340150563663	693.3861002236642	697.1876720013151	79.78906075991608	-2.6733992830728113	89.01423703632906	7.92031922306569	83.54663987782112	121.6840100810989	-112.2324234682884	-31.50856987767702	285.0919796577268	200.0400044284516	194.59772686510098	96.19775353937234	111.08281416492662	231.10256593588417	182.55752298614834	528.2917415967504	34.283635353317095	32.83416200465206	104.63047060740655	207.72647118389068	246.0436993237073	-80.14197036626581	281.72080898457716	29.147326348388674	59.896108097008664	3603.0104467943447	-77.66684921038734	-14.861942755379232	-193.91558704461988	61.60968705153846	5.938921600637059	-12.74218120159955	-83.39768853270834	-3.604924898637421	11.699588694387586	82.19604706893017	-18.24901556916916	-2.3745230434389555	-100.85485720732186	-81.38348578117427	1509.4450904546102	69.4613611720232	83.28671340253868	120.62141452002845	172.98447771755423	-309.2582297772998	67.51970915221409	2.3172593880310615	7.202469109426488	-22.083608900778728	119.68763332621882	-65.18493113613016	235.79843982852174	218.6592949607294
2025-08-31	309.33306113748154	97.35173103093376	479.8374669020768	649.6364764459456	314.231626118878	788.9268174492208	167.91812529964912	684.7257535726565	450.7121012841976	207.82179914712697	256.47049294817043	368.0177178428189	1615.671637056732	270.46518157964874	342.8485165605632	-16.813602786714398	-307.8748636858755	162.170376312644	182.99658272115295	173.542980280773	-119.12354380538113	-221.64722159724158	332.274945888699	148.17680632731964	117.39114702068451	78.50460524083499	605.0032802674957	123.7889447209891	-160.14468493126105	-27.975687087142664	260.8021182694714	196.07259768304857	100.50688995566061	-47.27765569211145	169.97099175198514	381.5307680132097	32.52899753505196	250.45321630321047	1379.6624482415732	51.09315803914717	217.22506948153114	5.3569496415545075	-350.3074209744259	-209.94706547931855	15.536151701744757	-125.12965865263027	28.24546327729372	-40.31034627006909	3.6332739863275947	22.953805947530185	13.727099214435611	57.51844477288523	203.48358075290116	487.4845356066283	51.97916210143035	118.00809210004309	837.2429204297205	395.52969066864307	211.69560340007138	85.60110461767574	174.90129896324504	61.32498854239998	125.00808444717507	188.07678131591774	-91.81181599374622	-42.67081667343405	252.02057172306922	216.00200166056385	324.7982565911426	32.733808191779644	182.63166092108543	301.39503570986807	231.44523036940564	642.0933050399594	-45.849447823877654	47.75311154479118	136.9211582576204	161.7014488974669	273.4716419133272	-62.81255035447168	390.87747969907605	59.618565880474534	98.07993862857052	3506.627919750499	-54.67520927433077	-40.649801857217085	-197.12062115678032	49.05125469685936	45.83114452781615	-10.066030864980291	-113.33235059276046	-11.684428610235841	12.389459871212438	71.37714385840229	-57.98099826847806	-9.862760327700528	-80.76637302859058	-70.88513932199999	1332.6065665846327	62.236334329405395	66.92437036540537	164.79746084940712	182.4290069158153	-319.50682869330274	97.31318868630547	3.494568947131654	6.54271345251459	-16.866830938368935	163.2036354309936	-66.33507291563214	221.83049002480914	240.60446081361303
2025-09-30	323.573984484977	101.31981803110779	526.0984604801947	668.5415606796951	431.2779306022326	1253.1193249425887	149.2905055695643	688.6551662265124	928.5403389265626	199.82720313113714	241.69423510194025	426.52344047470706	1688.2788893519387	105.31580742785809	356.2806455077602	-6.308872743371069	-26.512326777487147	163.8493076208307	225.09891550666094	186.55184243616714	6.738761876319586	-165.1158725501001	342.10996776274453	134.13216741402124	120.2938446424007	160.12277646284406	738.1453064582381	193.68411329807986	-143.59693277271685	-27.52964847378917	255.70974328388866	64.3935228523369	178.55326644193244	-53.26492828776881	235.38444576668132	496.1625657572408	97.56082535915081	335.6093792134296	1795.923363419402	66.9909331574404	287.61430147386636	13.74088707310122	-200.88982455123733	-81.13796936937524	24.359067812386087	-85.53222658823711	36.05046654192989	-36.49537163594499	231.96653527585977	19.8242155640512	7.13845145378923	113.16359729886972	263.6442828107927	539.7178348488519	101.94432130079963	187.40519058531368	862.6788621683795	57.5652887035867	428.88318274788253	200.14181372065383	324.396324280793	254.0155641949508	231.4943277663545	260.79310878342403	-86.21624842537028	-55.81401501659616	575.9779678748291	305.47178291636874	482.5917156821234	16.919705059167427	269.3975421469754	473.243508740499	324.56541050579426	871.2688036561108	-155.1961203047822	70.65324275411854	186.86474750603907	76.64567906564298	318.67414559713484	-59.001559606083276	730.2001423349716	90.59207583546754	151.50633938319197	3553.998843574369	-53.76130154292832	-66.92676294022726	-183.96685013329102	36.71056561295609	98.0234186214193	9.213911676776547	-130.94639388429675	-8.786654103056094	13.317735059611863	60.58249691971105	-50.97962051879449	-8.233889191750961	-75.52194269265544	-70.64519115469795	1164.1418747608259	95.5729153724676	83.27394128526839	251.91776595744523	247.44295195442055	-184.7382181224653	193.4243201057925	9.75037197787185	13.412473017258321	7.03452746690553	218.63220259668776	-35.931232517207064	207.4687694449483	282.73846526868033
2025-10-31	305.11067992184917	302.55485851405206	490.3075879011001	769.4936082046761	514.9059879398596	2085.6606458860697	164.06067117046706	864.4834838614292	2062.211321519955	206.40843129669958	349.8190322369261	604.7967519735193	2012.5204965865787	-72.74185340174336	370.6953120280097	-8.490979407293764	444.8029382038569	174.32913483162133	284.07195208109704	239.0634474098233	280.44453715488123	-142.00049494502537	389.02975360209393	103.23720094696978	102.14832414163484	294.2905819685433	869.1820874517839	298.5122623350171	-99.60881997600575	-64.83448159055479	225.1029541675376	-94.56724068183394	201.68084920155303	-62.29578905158384	386.1113241482842	781.5138462305276	137.23431232936997	387.37070482339095	2826.21959484645	80.41590029564213	397.6667551032499	31.307083038845803	276.0496926333917	317.1956914577204	41.056933823795816	-1.2574326031101464	43.390809520670196	-21.729062173607247	486.7754264598707	1.4080201683902374	2.3265573696143065	195.99506645064957	246.35996772365013	508.9257228808641	177.11187754848606	310.98661662441555	1200.8362919966298	-353.2165485148407	817.6675429204479	347.78708876670356	469.50937358885847	638.7738901322426	307.53303087378106	363.8905401220487	-85.92522280535547	-76.08349050762376	670.8206587146778	379.78797751625495	531.4580278798472	-23.057335335869766	366.09088016792924	586.3390302204358	468.82542073555487	1060.2882382283378	-302.86887249202664	103.32082398842294	211.77125559044953	-20.803979194462954	468.47761240476075	-57.15574099454341	1459.369018977528	127.38927026111469	233.22993274089845	3452.420864599605	-63.355963458385304	-85.66231360038353	-109.13763402969363	-2.6272637950949047	125.86485134292388	28.870812090387233	-89.45561768652726	4.178104678999887	9.849185265197093	51.12429410049663	11.291551090155053	4.786377200320317	-74.00449756880948	-68.32645813715692	1025.1640202019116	116.8847166758145	129.4821156597917	385.38333916961983	264.9465281457344	-5.286319155325771	307.56251460386557	20.051649340272263	22.313457067358343	38.88914821063901	314.24416838197226	2.7825520459647812	194.4165960797884	411.76502823740066
2025-11-30	313.5189027652366	439.35560023492343	457.19846868539344	701.929471578796	589.1975910968004	2412.5331638009575	152.347911383405	769.5965059529321	2568.3908190771426	235.28612663222498	388.1115803770208	933.5680783371918	1864.204542898964	-351.17948183000135	318.07400177468895	4.483151736602252	988.39614321321	159.703278196341	274.7030895071838	254.0056481970828	670.8210287196521	-82.32453691041343	328.5310215213318	60.22942980872227	83.33485757521296	394.0219186865822	951.8861721956814	383.70510638340966	-37.05436780346247	-101.04220720306039	205.25032871967093	-335.0227041396197	227.19638973325021	-53.154527102290935	443.6834724420846	859.7386639196061	158.68496568714443	401.52186188310077	3111.345863996271	91.0848279147562	372.3585540582412	73.9941713274469	491.66241693259144	507.3934785679753	76.91036307309932	128.30331397266673	49.57331711102775	12.450856456362203	781.2365530792688	-0.6746183142617781	-2.082022144550365	264.337916149786	201.55610748413483	469.3069551170355	240.8211854019662	359.23432337412487	1154.8568603926064	-890.2379205255866	952.6340270814221	407.45544579456646	556.0374589988445	785.8442751957248	337.71988951265877	419.87155460288756	-38.681530295893026	-65.44115924961966	761.700394548694	333.6522136347953	507.9588731737004	-112.27945489385843	419.32441867661436	604.6092577956432	518.572946907555	960.8184355459398	-462.4306953264213	123.69751876002874	231.57732319249067	-185.51329146848457	507.27323308149676	-16.36683503190426	1699.4882219336441	129.49652391725613	222.38339592397256	2462.0062460401005	-52.59694666244033	-66.77628512648221	43.687737197954334	0.2985734658898309	136.12292410713144	39.75434245991033	-26.611011005122464	33.8039531907981	7.868500062765264	39.11779841199166	164.83945161809402	36.059364256130436	-28.849030048618943	-30.97487854970393	886.8977482810787	124.80877877671105	167.94748849302403	390.3061367819937	266.72160242582186	210.0716697306607	418.72111105874933	45.3216433124299	47.15871608783419	74.60838825411031	360.5823227460478	45.115789710691146	181.1499700088906	435.60202451606085
2025-12-31	303.8547883063545	626.514849489958	348.92534593283744	632.9843549627822	646.4010361605274	2240.8586232344423	143.12914836449954	643.0972151361825	3111.4964074654354	222.99243815553757	510.887983420385	1002.2633830555933	1733.3785792701456	-537.8227994980562	271.7371872964537	-3.7277262839355387	1245.3235787622173	176.3312753884021	263.46245139799277	244.67602581040728	793.5621166240187	-56.91880766158437	272.36926354497234	12.704115700200816	72.87623934018086	404.1398728865393	966.9673017487887	390.8789204800105	-20.047390739319667	-129.96668618317545	157.22848404767825	-478.78880945570336	270.9242027785836	-31.960298205139708	478.40572066216293	975.6644805000246	171.05680597064122	405.69513899847834	3535.022584016325	82.34775888223919	329.1211223226726	71.75464579683421	520.8463705894919	540.3734699990628	73.83100748961192	200.09411519736022	53.25286008943182	17.284116479272882	743.7604085406247	-16.149157755335523	-4.087431612608157	262.99964035899234	143.5626353041564	366.19552492493375	236.6623369604274	332.9208805324988	1032.8547123729131	-1225.4636061343372	1007.908707103436	429.6229934493527	608.0195649321362	968.7604793544656	342.3676601354501	419.4549633320396	-15.451376254404067	-50.191615692358596	827.0034991682742	261.3493426838595	474.53155501798904	-199.0993147711257	440.04025765196656	595.8896726852071	471.91546073825066	737.7986540171069	-563.1005336763837	117.27910179203855	202.0119081490966	-299.21081429535207	566.2837137134634	6.269526245706686	1886.3130883571266	123.81415462268774	194.86746002519908	1891.5744288367823	-33.928183528052784	-64.07639479026022	101.35703180720799	24.837893355973165	135.0226320030988	34.841286383660616	-25.85759876170289	33.82433436747965	5.055564199110506	31.223555859369185	168.7637835738551	35.569753285703825	-2.358566662721387	-10.18416197133547	802.1036398507222	120.45092523596554	115.81474967380336	368.4601736608936	251.17271924390252	190.34104166751854	403.04037237654757	40.82950751367247	46.317538511833675	72.16151866378902	338.4517408959887	42.08508286699051	170.26512840647547	476.4624195897261
2026-01-31	325.69045068194214	1130.9422742197285	296.6368511113176	953.6118510645333	913.6345125672542	1936.0312957218757	209.6591067411798	657.7284096160238	4474.749574288289	278.9053179944051	901.4212294152658	1266.7805422605306	2259.7044466392945	-754.0090127446347	298.7958050321276	-9.780882593850663	1343.6008919226551	206.48869615131707	317.7268479393142	309.09034397359574	828.0608269898503	82.37472584672378	370.2633894401157	15.54473616027309	66.4409949426362	717.2081791959954	984.2133407972005	374.1140225961144	-33.200342419442904	-44.34273775215976	165.82370753927069	-644.8387148385677	461.64167061236043	-4.7602369564618385	523.018020278251	1364.1049784098295	203.5032155352376	402.6624958919881	4947.330157243995	69.3758311595036	273.4182805989417	55.349731414079315	793.9049926650114	779.1339581032321	60.76527775663945	211.41764003478738	58.55930308634289	12.365170886349574	622.0527912894765	-15.684572862884949	-5.429402648629889	230.15702540716893	101.77689860271516	303.1636051640974	207.7678718717416	286.5321605790896	1247.2786559264919	-1659.6033244822554	1248.3127945651631	496.216297988228	679.5486740392403	1639.0653264219059	371.9122613248896	458.5068280251422	36.2811931822032	-29.54848695863734	1209.839256803497	213.74769622313897	512.7715914239478	-318.4010492828186	475.4914312694791	586.5831070535255	467.60972004426776	761.2687007238901	-709.3867764731922	111.17450535984653	134.80509119196586	-399.18185065545913	875.7045914267746	52.95863823781639	2534.842279424316	104.33060932289573	157.0083088971187	2400.353159188533	12.664743422878246	-34.821995213706884	106.91539336146747	-28.401782828762407	105.04651938082884	25.438424565604123	-71.53278903288788	30.845748892108702	2.3036494837841417	26.568546663365737	154.25961461587417	31.390061043068215	49.59560446529861	31.387774785200918	720.6394592013039	133.93980196245366	72.16236991724827	320.0582852438811	221.68962134264257	122.07729392980161	344.45775210941997	32.120628532822934	42.20629707646714	58.52020196833027	275.5180802602126	30.595199806128647	160.7365875613857	653.6126908168787
2026-02-28	481.40309982484405	1852.3679330521707	146.52903141416573	1548.255128900712	1013.3882263515334	1220.824437330446	368.20285482585257	718.0909717856875	6269.562881642848	357.537069018432	1502.6654632719597	1536.7685499664917	3103.5951097424977	-751.0225863711125	303.0683255504169	57.07850114898412	1358.7949851367243	251.05177414109812	376.2945528806383	483.291474648428	830.9967225670662	246.31331958254373	489.17982822331305	6.692485964211528	71.96699825223689	912.7005712166733	948.9339732867411	338.3504531090157	-34.497481389847394	36.2574145806215	207.4814493149438	-686.4078418276285	620.4822418900865	34.6170612720592	632.8398087204525	1913.282344548114	218.60657305831063	386.7602464824673	6928.442471874778	80.11761823256	151.5724402023925	56.32711074084273	1117.542031868099	1039.0887741859729	63.68471865612912	230.48051594277013	67.47324468855223	6.349733061850259	633.3721083050946	18.139005333397705	-6.910996920468847	172.447242020477	6.248534669657374	231.17085558658528	155.60391446898984	180.07211798775006	1788.991820733606	-1748.2719138428058	1293.3823640547826	513.2807611384817	722.9312479652519	2364.1070395655133	409.8789487072539	479.1908879868938	123.56939553831444	3.3521744237651774	1236.3135737478633	184.59374641696593	499.90332031013156	-474.3755463732351	460.88527976362235	564.8914662289822	444.9749817927459	667.915096125409	-725.0075853374392	103.54633481922087	157.944863801888	-429.1966489180372	1338.6672911766364	130.85390004743374	3030.167312321817	70.59855697155945	72.62008193767088	2651.9937393872824	92.2214150718284	46.444850735597015	122.09822374938403	-96.07407345337788	28.436910299108604	38.60908028202712	-95.31351440663116	25.881854898734446	-1.3559092093005631	22.53185276746501	128.29447362401856	26.321412699417806	134.77593647918627	104.15582146495194	645.5496758975496	118.35441511473948	114.12581034694131	211.82803373165143	147.8817657948107	213.9352122741965	234.14846535381366	30.72475060713208	33.73969312169777	67.60881604920073	177.1088856034496	46.62759287261467	151.23403545736414	912.8134395669198
2026-03-31	429.82088248546506	1563.0160563678835	32.500155263051965	1538.8945080652907	760.0373056866692	438.4416525891029	402.96103734681947	499.24600395652305	5677.807003118031	280.24773111561683	1236.4321787697302	1109.680752796281	2642.408253679301	-941.9169333872178	173.76246878721835	28.858920076483486	1285.1545607113349	145.0634063633155	257.17578042816217	427.6155818714906	771.5775266623241	585.3413505538256	471.61051914093605	-14.783422720491785	36.03494582415517	794.6604230274238	705.8779782566617	233.7722442013278	-85.01472253031926	687.9080402005845	203.57926634524227	-840.216941874552	664.7246093291969	35.6409583585383	494.57924612969873	1704.5754417339267	132.204920649744	351.703238683436	6171.565676938535	67.32457418978606	-90.24705887474352	88.76049903595191	1034.0858990519048	978.2011757958198	93.87502010167742	120.00127192500463	66.09332467233936	58.34106440707984	735.542002012909	-13.118574636231898	-8.067596832595655	94.76345625494741	-80.57400283127379	189.35573378140464	83.32156782276616	63.40328938201901	1931.8813758163342	-2072.855694221797	1078.6069764967751	421.2940680597576	711.2459526649088	2188.5278335731155	418.6102194390262	475.08162471621654	213.67150331467747	65.49671977692219	1030.1163942741032	39.19834630680725	370.9354078227973	-538.779036579768	399.11170215165805	553.793832457883	328.0613823894719	388.2428902749434	-769.2157890263561	60.6017396809782	27.582989681576464	-549.7014700050613	1216.5432483045688	207.65342687846703	2654.7144841010795	-36.763354734910536	-91.81187542746875	2214.283394512451	120.66698684375746	87.40591992122324	106.56521506398963	-155.94336057519718	-61.77184961513217	30.17787425536659	-179.78655192897872	69.14206999823341	-18.53586980491275	19.042962437068127	352.7615524837238	72.59360668380447	217.31073156045818	177.42782104221823	578.6433105088527	73.60592171312567	172.2557820837294	88.90300820201628	81.60528474042303	331.0348191391312	151.86910873084253	63.463244719850934	51.37284416408693	83.99562733481565	83.42796612783582	71.62466582883147	141.5821307988922	798.5747596171941
2026-04-30	459.2289371317124	1512.6345610859248	-50.77801212140844	1578.5169701619702	537.1895403405297	1140.984184429517	564.799721827107	688.1779421249344	7614.940132196915	252.55180081569029	1175.0322066688184	653.2311145803073	3896.431817365439	-1023.6026781637152	119.00069973765557	75.0723330105319	1247.0676014716428	115.54460318142105	285.38185060288356	444.8667512090992	665.8162539977056	642.9485477401679	610.8478264157566	-1.2115291531333696	30.164288113245377	779.3184273796996	628.9891338580069	278.18890872956126	-159.07297068619397	1304.693726161322	245.78350306096337	-899.3210079566966	630.7520363328723	25.70103571758815	571.3449334748816	2042.2788166657583	167.33296705267628	359.4110158042413	7389.867447188999	50.827454664257516	24.900597376866926	68.48887088996963	1358.0024906811104	1219.423092179758	76.82027242316113	52.48257117994672	69.47883574589179	57.03944951032372	577.4690673060477	20.84259050709639	-7.026948098040748	141.5403268134578	-127.97638162180442	138.22150019304104	128.451449924313	169.09471972692154	3045.2214521140468	-2184.0568988449395	1620.8272897917332	538.9149690774	790.0765589075743	2684.6729378755326	396.11831290542557	518.0635695175406	242.89111310448345	43.327297788900864	736.9625360963801	56.94481975250005	425.59809408570436	-504.16922489593696	492.3025425539233	549.2940418411413	448.4452521307112	867.4233396951095	-751.0092442318746	117.61180479152358	-72.05116417828935	-601.2910635632211	1421.9621239891326	232.7438490642495	3196.532969287665	-8.043497777400034	-10.405152374916042	2642.263192412245	145.8157663563593	78.80437002718736	48.29223655418224	-167.54196296163627	-62.71609249529888	18.152885630436913	-213.98886449616532	65.72764802252766	-19.890042502381874	18.58962195436027	338.71776203956097	69.32022248445469	245.629837354212	196.09903027303818	544.1988095533452	49.77083030399342	146.5853002078054	204.94165155943028	57.60773648423219	219.85212074164292	215.88898146416386	57.91684698356835	47.69202895252374	66.76446014612986	123.3436480348505	53.22283194938829	135.52986083868632	969.9590357627158
2026-05-31	359.845448990611	1951.8234241311206	-131.4245652088921	1423.5058464078065	318.0720924308994	2907.7022140322715	590.0687164474282	609.2786247476706	13036.780896580662	172.89607948870514	1556.8603327149476	112.74866559919656	5418.9086953511	-1081.2776185552325	171.31618222006267	111.41929015268971	1319.7638567894537	133.96316326760734	364.5513629607592	516.4388286618641	668.7333218648882	588.2853326783451	567.8139396267404	-23.816949326126462	2.8503127646368256	642.9406241455085	549.7194819629522	451.001739644129	-231.83518294683086	1304.9583342655474	207.6658810096627	-971.1370994105621	566.9253517076891	2.140296575172009	831.1653512815374	2909.106681489449	248.33084625069012	382.93560423757503	10567.65251604548	41.37303721659748	296.7494981281734	62.357138026420444	1391.6385469811546	1244.6509103160956	71.71549720063314	72.29970392993755	34.41682080063643	62.7972932496217	635.2444075095418	50.39396765557768	-7.2003497223706745	280.5913219063282	-145.40548465355664	64.14734667753089	255.17204237885926	434.7794802000585	3003.9674546275155	-2335.1398289654417	2585.4246361100395	773.4997280643124	823.0238430347742	3484.8366746434613	399.64309421088865	649.6049078683878	295.1725369465429	-6.693455505989618	458.19611850761294	146.21015705883337	551.3162214384909	-255.95986546049676	649.9390196105652	475.79962560569356	714.0588193273643	1778.86796352682	-717.813948333383	190.3636095398624	-107.79070886531463	-628.266322566772	1847.0042619833034	277.69563344540256	4781.239780533344	69.76575671936894	182.1712291096153	1949.3745930902005	181.09592919326934	91.22917006051216	65.85856190183006	-176.42205111427984	1.4158489279157038	13.39885230629315	-223.33626785261487	70.61243712770323	-20.462157794648192	16.829417465414053	363.0871917882305	74.57318270350459	294.33803984385713	223.21980260846556	497.4808896383729	42.09442110577572	97.7369517551092	512.5818413445556	60.087777727554794	209.91094028201292	337.12581606335107	63.632682962329056	53.32774023914055	52.44294151530346	183.10129244517475	52.943664662474774	126.95581740901594	1394.3040310856354
2026-06-30	278.45011016400554	1431.565406870442	-306.2158722157196	975.3745263937117	-50.36167113791453	3913.4995484549363	496.117379890072	328.240983495461	15983.55267231809	52.90359002175455	1230.56041262697	-519.0173738079843	5540.106449788849	-1053.640257058616	41.27650092350008	159.39775807047863	1849.7902688576137	125.635705925813	387.7197276335628	736.7873234857866	892.5295185376094	490.62406689400586	343.53193224277675	-35.63039152827392	-30.096804988788392	372.88510413402355	490.048144484108	550.29490994458	-299.44235033879204	957.292821045093	131.51413534637197	-1040.475469552454	387.52307208930597	13.136895702378952	858.0353780137066	3339.7934343993584	306.9992028295426	420.9687327797251	12205.975927960455	46.94499386692854	399.80881032565594	81.85992122100015	944.5169621247338	870.919713647776	91.435649062582	130.0821026718595	2.862361109552623	85.93661488216185	865.7609405749254	83.04786938376589	-7.151928581134712	355.0602544075391	-186.96467158719474	15.488760579032032	323.2526341000498	584.4816465174908	2082.466173259252	-2577.111482254127	3333.658496342845	772.1781890609952	712.5666258292911	3804.399890175402	371.15391789015666	573.5172491506991	319.18354159556975	-25.584739463216692	57.469536013987636	100.10996649410549	883.7976836041857	46.05466828864968	620.0950911698617	353.21358521677416	886.9886165761786	2388.023250951731	-668.3081596798522	214.87227646858014	-100.34206492740122	-625.7996686764945	1896.9203001468031	298.4748547029434	5929.2532430088195	85.52647722901861	257.9709224244373	621.2455469426586	179.23783730594357	118.52632715183222	160.32955851079282	-90.83318087850557	10.052634070261774	22.801985071869126	-181.07016333897002	91.76918169885278	-21.10564266879885	14.304011116793276	465.58779299450543	96.21213368567066	317.6932506395143	240.4958622087196	462.89252198464965	16.453568827113372	119.72589504952384	705.9111913831744	-14.724013767491897	359.1951812313946	330.7480443976233	80.23858700072196	73.38418243668355	73.76154901645486	136.8737803302031	84.08378055705566	119.1949009932896	1604.226140597209
2026-07-31	262.3775832902975	849.9842600508064	-336.91462399621787	449.2206237299288	-281.3997619387669	2593.443824382608	306.0274046707639	-65.1896248229682	12870.191626649219	-32.53092239852458	765.7285838495718	-1232.0901963194437	3748.3710674116955	-1056.1365389537254	-42.217388624505006	189.5796742916711	1673.0483512617757	141.8569460660476	341.7806103040798	505.23544696528324	817.8913411465473	413.09071244289635	83.62991591061291	-34.87372887763462	-67.01254644137593	-118.25982957005522	150.15328354540225	368.9637053259794	-316.51494328234367	898.0335314570877	83.52556238191073	-1053.7531414753005	318.4237912994263	30.764171407404664	579.179128875023	2702.709487531223	302.26701211628585	251.99130369378076	9975.26373859698	26.755475600161986	319.92268698315	4.859155654985045	453.47726483877966	453.6356252152241	20.812452335002774	67.04255468795373	-13.103567740089488	20.601327758491266	154.3474151467094	105.66212814964751	-5.036180937649078	233.40858767308964	-212.1339943657497	-17.915261965359832	206.17286925061853	386.76308379870807	795.4356844396807	-2677.909208165842	2732.4883771905543	495.2645936718113	458.63752601049623	2694.539750294678	203.2693200088142	361.8045755213525	274.54086663979206	-13.3861354698181	-317.45602878731825	-27.68897221431928	638.7954893827236	148.23794048052866	420.9456442133667	145.1712911561176	621.2348566991745	1658.31093182714	-646.9845692524407	108.57881344578868	-218.76515859354708	-582.5225471508675	1396.0883801761825	257.27834535622264	4931.926001685433	83.45615524200775	204.8339704621444	-833.8929587206967	202.48396929768046	73.6720021934625	148.2880129347884	-62.88703948085731	-121.35814014826474	5.880665725747434	-210.939296605839	32.07900534990705	-23.56273629564359	15.546923454186867	160.0723726169672	34.55134553070371	274.0058726835233	210.83598736980184	449.81131514180925	-38.92388929437743	18.82659592715254	587.7010151025615	-179.91041217968132	-15.695487985811042	230.24360374286425	16.143851350259467	14.404769699810117	12.04641330336267	40.49570628670335	16.051238739452856	115.26969080071649	1259.2109777270548
2026-08-31	270.64480301910066	437.7171223208343	-430.89214819337985	16.231641656170268	-314.01258581871025	1384.6547595538832	238.5309710886877	-268.14723559624326	10474.753285338182	-21.297700583136248	424.6326606868547	-1390.5113954453464	2759.154044244029	-1008.9307146612101	-71.00433896092399	157.13409087994597	1497.1969751949214	134.95783598010917	303.9332571629607	138.95503618447492	761.5080557698648	369.48408632585506	7.565196442211118	51.020823966575335	-70.18537488523074	-279.70674723014235	-69.65961826718376	159.65746001942898	-303.8070403756458	878.9261316194927	147.73091331028002	-1019.2226501937238	345.6075517510367	53.14869963955889	339.61584551829037	2123.6842958801235	280.6491755203165	91.79925630027674	7798.5830620886445	16.94361623329982	301.1361952677594	-82.01583773279594	349.544017363918	348.34436452870034	-59.06635644892282	40.6818253919987	-16.45373382579156	-59.47676764295204	-534.489705531706	83.16028003370684	-3.319547201274645	97.4239635766221	-260.0081808231198	-24.968942041681544	85.2812836954663	206.8133264902417	447.08493011423707	-2600.785368418755	2011.0318307617108	273.43004693030116	305.4194553681375	1845.7868941255883	52.39745261657731	180.4661647233362	222.2138128031521	-9.113372091704946	-485.43908900832866	-159.40834665382044	408.2622398250626	294.97494457179846	226.82063952227008	-41.083352277734775	329.801606020741	973.308540011787	-628.6092694752163	14.523721019951154	-281.3574409279579	-532.1570441966933	991.2641121537517	209.56996239912132	3697.821340428287	98.14395191910626	190.4337443652921	-1581.4429123108239	233.8497971563893	-1.3308813787377858	126.06690823501685	-92.55827618725834	-219.40429414358118	-3.692310945688149	-263.48936668842396	-40.57552017818722	-23.208813437650463	16.17935996579888	-206.20116431778888	-40.74769101327615	221.36143925995714	169.67972315915313	431.5552380205718	-76.12462076216752	-140.06565904873537	464.5353135833466	-281.5020968062372	-382.33070288011936	135.79391991849457	-58.06744463256797	-51.61450260109075	-50.83311597285012	-26.579130226612506	-53.62183560871563	110.50078683034212	977.2576675368109
2026-09-30	226.87473376536082	-86.1721702920454	-543.3067942363623	-362.50578917360826	-436.8110371896887	598.1011933542177	158.65188440470592	-455.660409655447	8558.241604456129	-85.62787360845539	-22.382470188477782	-1704.8222916507557	1737.7669612956925	-956.2746887561036	-137.8596369215392	77.52395345918865	1133.7040802558586	94.79519400539448	248.83642485804467	-263.5301666414939	621.102896460071	270.09015218883064	-79.81079370684279	45.89845205602467	-72.30416000943794	-370.2706101540258	-314.84483889540843	-59.765594420233356	-309.74036451774396	946.84394829701	100.50350090158975	-954.5331475573112	260.5337675856081	37.58964176568632	108.38510976661746	1646.7674866718235	187.3572841059762	-82.7777533743199	6009.922302464081	-10.138703881873965	308.8188814706441	-167.7860378791729	188.1639194562594	197.31266455196283	-138.5098703200642	-158.59676125414876	-20.490299196097197	-120.53036005752597	-1271.0846500566763	26.28681444570026	-0.9782282300067209	-33.61784771964494	-320.60652236272654	-9.974650009704021	-32.49469048646506	89.40135283862082	91.35391232499023	-2390.9222292747327	1626.4954011101845	49.26046407764761	96.62105240196274	1394.3446517877492	-70.7680754436742	37.79040819824809	110.95594240401192	-7.777967926829888	-718.0187572437617	-274.8295236398328	149.45084162363196	429.04494064862627	81.24213304509203	-251.6877528087316	112.74169594444993	626.0314507190033	-613.2078786534153	-58.98596896956656	-466.36464508382255	-504.94127259499146	648.4108944746022	107.91960246825681	2943.062081761913	89.4756673589145	196.4856460607093	-2317.820344727106	194.03534587096283	-88.42369410253366	96.109369896094	-211.7788741658594	-365.5650090564636	-28.187988449197803	-340.6208992114323	-95.88432813805457	-37.268342155649265	16.997309293779267	-476.6524551885427	-96.30403302837283	110.28343381564741	90.41384590339987	425.9834804643597	-114.80605587830041	-308.151020204044	392.8009656384761	-372.0472694458665	-781.2640588929631	12.766702046032606	-131.2146422431175	-119.55264353922394	-116.26340522748478	-72.47632413973702	-127.24942596893816	107.43483035989789	744.7668712014124
2026-10-01	149.45812864579966	-408.5810451098441	-598.2430695770652	-589.8753720481632	-512.0194535551168	152.76105838474905	90.1536239459142	-565.8272965137667	6910.23444476795	-123.87191951811587	-311.91395807952586	-1728.2515782664045	912.681575229004	-889.6152633378248	-167.63975335882418	11.724088072012307	843.932472640965	50.67010029734297	197.37442776249736	-550.2219289678133	506.4121540985543	177.97703999475402	-136.64807358818894	38.775537226562165	-69.01918871023952	-363.27075909532414	-482.9093364716823	-204.01058997687596	-295.0699977621416	917.1275332019432	57.15464591012392	-875.3470005687618	176.61175207780457	24.441484199907777	-35.22996238638734	1249.3540946644152	109.76451780473462	-196.7230038498535	4525.06724611461	-29.372236850049433	310.6064184162906	-214.16177926171588	92.93925052501143	116.33861843301463	-182.56781885702404	-291.1184396773656	-22.848069126067358	-153.74007484934833	-1698.0103824646617	-19.661048659662214	-6.6621711812616695	-126.21668915246028	-343.7912440045358	-6.175119771327161	-114.94727954177552	22.88160607424834	-152.60300393882517	-2118.2821616677593	1351.8413067170914	-99.32050336539442	-46.62487004735726	1060.2112316164676	-146.97561253611934	-47.73211318852623	19.267303964048324	-5.145036950573058	-853.4513396155007	-334.42957038304985	-38.234128224582946	515.8987952909479	-12.422184201867253	-377.2336786655244	-47.53803202039535	387.5539051224632	-613.1201039524083	-107.9721387112927	-578.8534974681288	-478.15216218115256	370.0847467818867	24.001424892162163	2329.1948722807974	71.84321764150218	198.63704805885322	-2696.347191130615	142.3943880762654	-149.60920683758582	57.86783101274625	-292.9646498588327	-442.7667332007468	-44.79797742345511	-374.73307224469517	-126.73716061649361	-46.52117384966468	9.553619603323227	-626.4697863719698	-127.73880035442556	17.163897626492826	25.417046125876027	280.6472894579492	-139.04353530154515	-407.07168591220943	339.2562730099344	-410.1881639394828	-1009.5883153283901	-65.91171253117182	-171.80063816782763	-159.77923801609722	-156.17642709974135	-94.74283201481262	-170.93469815038173	90.03586586882716	554.4064743066915
