	A091170	A091180	A099140	A102970	A132030	A133690	A139220	A139230	A139260	A139280	A139290	A143860	A147970	A148070	A157490	A182480	A185680	A195970	A195980	A200030	A203780	A218420	A227550	A228790	A228800	A232080	A245710	A251350	A256440	A261220	A266410	A273130	A276000	A276970	A276990	A278530	A280930	A283580	A294400	A304660	A304940	A305080	A305540	A305720	A308620	A309230	A329200	A329750	A332620	A352560	A357870	A360750	A371160	A371470	A379800	A379810	A385510	A385560	A390390	A394660	A394670	A396500	A396510	A399580	A402970	A409810	A411060	A414270	A414780	A418670	A419420	A419430	A426020	A426030	A430500	A434060	A437080	A438330	A441800	A446720	A446770	A448290	A448300	A449450	A452360	A453630	A453640	A453650	A453660	A453850	A453870	A455030	A455660	A455890	A456610	A456880	A458730	A458760	A459580	A461490	A463640	A463680	A463690	A464470	A464930	A468370	A468380	A473330	A474220	A476760	A477080	A498400
2021-09-02	0.0	0.0	0.0	0.0	0.0	0.0	0.0	0.0	0.0	0.0	0.0	0.0	0.0	0.0	0.0	0.0	0.0	0.0	0.0	0.0	0.0	0.0	0.0	0.0	0.0	0.0	0.0	0.0	0.0	0.0	0.0	0.0	0.0	0.0	0.0	0.0	0.0	0.0	0.0	0.0	0.0	0.0	0.0	0.0	0.0	0.0	0.0	0.0	0.0	0.0	0.0	0.0	0.0	0.0	0.0	0.0	0.0	0.0	0.0	0.0	0.0	0.0	0.0																																																	
2021-10-01	6.54131054131085	-138.08547008546884	-71.6353276353293	-47.62393162393164	-33.74358974358802	-284.2279202279169	-1.116809116809236	-18.666666666666515	-146.62108262108814	-74.02849002848961	-99.23646723647107	-445.68660968660697	41.24216524216172	-215.46438746439526	-196.95726495726194	-73.7094017094023	-132.82051282050816	-41.401709401707194	-48.58119658119722	-64.61538461538294	-71.63532763532567	64.61538461538476	-37.73219373219308	-32.54700854700832	12.763532763533476	-58.792022792024	36.615384615386574	-54.24501424501432	25.367521367521476	82.56410256410345	-64.05698005697923	-115.90883190883324	-5.185185185184309	-28.87749287749284	-49.05982905982455	-56.638176638176446	-52.88888888888869	4.227920227920549	-208.6039886039871	-25.925925925927004	-104.10256410256261	8.695156695155674	297.390313390315	222.16524216523976	6.700854700853597	-40.92307692307804	5.10541310541339	16.911680911682197	46.42735042734421	-77.13960113960093	3.589743589742284	-31.829059829060498	-59.27065527065497	38.051282051281305	-28.319088319087314	-41.56125356125267	84.2393162393164	-447.36182336183265	-30.951566951567656	-33.58404558404436	-10.370370370370438	-45.78917378917322	-3.9886039886059734																																																	
2021-11-02	21.004829506254282	-161.2568729149898	-95.11445523981456	-68.27944578371898	-39.534224559865834	-36.130388552031945	-9.557422423519256	-13.614434947768586	-212.12055096955737	-170.3524809051869	-126.63556302303004	-1026.316442236668	-6.448356750352104	-524.2930171021289	-233.59378576472227	-57.30839847079187	-181.92125063919957	-32.364282757444016	-72.52850220371693	-18.77712031557894	-143.53610766146085	179.1190006574634	-101.88440028895911	-49.379599191564466	0.6806762932128549	-76.10438226962287	166.67455621301997	-9.174925528204767	106.45754498745919	260.38425012784137	-104.49983360524675	-333.1147961461247	55.745911153320776	-23.970941794303144	7.591983831302059	-98.77192555255351	-5.814498258941967	20.096200517851685	-359.29253820992017	-32.7804157433784	-54.29001387975586	-3.657015770975704	439.728703500783	297.17031517600844	-7.8292546326738375	-23.37935568705143	15.03010527512015	21.35346304007362	120.5635668541654	-59.95678606504771	8.355613996638567	6.775854092093141	-80.22321247392392	-14.575790780920215	6.6938093034968915	-5.285184373504308	123.19331823605171	-1132.350581569961	0.5131776527778129	38.446506116024466	99.20692202173632	-59.60360711357862	47.25666187774368	0.0	0.0																																															
2021-12-02	4.336591322021377	-272.98082814706504	-172.97286626623463	-105.3824332788945	-53.19316380840064	199.02443414049048	-29.70254769318126	-43.962521949227266	-197.9207549352359	-282.88720331963486	-228.98373706636812	-1587.9914797931342	-119.60248814904116	-544.5742167658755	-281.41335294134115	-63.509226150275936	-545.3828400909988	-74.2937714805139	-123.56951370621755	-60.02888338193952	-317.332603606028	220.12190210743847	-184.56907037999736	-98.77972463454671	-76.75951810710376	-104.99464246125171	291.32291508623166	-1.7590449036033533	154.4972211000877	199.6976506392857	-184.13454981992618	-356.8617505070142	61.845819553534966	-38.60004346081587	32.34662944308366	-143.42062426834673	-62.75832898181761	46.49902751973423	-522.717555272	-5.469484224362532	-7.145821951580729	-2.603509688648046	592.6635823223623	365.15240582346814	-12.423166450878853	-73.26527944016925	18.885290248250385	26.026044900892884	100.45304050076811	-73.49211002583797	15.982941363901773	24.101346718727655	-132.73905401524462	-35.0605254411239	22.16324408696346	28.30188048155469	138.5881252906347	-1189.1326504615572	123.99680174276	88.93828871731967	181.53435142271155	-9.439945392088703	31.42595380291459	-81.60683760683605	-14.358974358974592																																															
2021-12-30	9.575588854922898	-299.24910272322813	-281.3009903893144	-102.6980795126774	-52.91805166627455	667.6155409891653	-45.94499572276618	-61.01629356633293	-24.916119809364318	-362.0880575951178	-250.40200747563358	-1972.9392558867403	-122.33461402381363	-594.5429718669184	-337.6091579607273	23.53581456979009	-786.4381270963568	-62.50298604724412	-166.53817498360513	18.420919154465082	-421.4029909858873	274.0686550712944	-220.84259742705035	-132.3692277635555	-115.41768160470747	-75.93721506197289	366.9952997864784	83.60392760745162	195.16081667436993	274.3198573005102	-239.08329272521587	-395.0126492170384	133.24778972973218	-16.835379029042087	117.18463806265208	-153.23461187452813	-73.63160571362278	99.04256403095314	-561.8372403745161	-18.71055515135413	82.5215172736498	5.431043620168566	726.47109613047	397.6608539851695	-9.578816263423505	-11.400800563664234	29.109320751435007	37.28774242830514	254.98236554583127	7.042802654748812	25.36636945661303	105.84523585106217	-223.1062910745095	-129.12622324679614	95.29555630663708	99.12591271293604	172.9220838058718	-1468.2395973087114	249.32446390166115	140.08782450218132	178.23493740441336	103.91836445115405	9.171969370465376	-204.36311393576398	29.27839871429751	0.0	0.0																																													
2022-01-28	17.240608701441488	-459.7698408928918	-323.24124729042524	-146.41035984384416	-53.29603444191707	152.51608862286957	-78.72816730465956	-102.8787494650187	-176.34649263315077	-515.1817404879312	-358.4601736655077	-2791.5514536137925	-244.01551476303212	-841.5835296028526	-641.2769920020037	-18.380872211579117	-1508.786991535355	-117.48737938531121	-223.03455433217277	2.6944576755304297	-740.7242005742555	444.8352717230764	-290.939034886399	-181.10893274766704	-178.53256546630837	-267.13225382251767	448.7443727022146	40.562337094947	240.27148766078062	466.8663741171331	-319.05642984217957	-544.526741947484	239.84195109592838	-19.135594884159218	-37.05549350962974	-252.51070345345033	-234.47384126459474	81.3254765222955	-922.3231789548445	-54.797313796130766	-81.26072711995948	-0.6208709512156929	477.05565998433667	123.60153725732744	-14.739751971103033	-24.146285198155965	23.146845268159268	55.89690439504193	33.716368181747384	-41.38189883658197	36.41758668643888	85.16201239803559	-296.38995212009286	-318.1392204079748	76.60097976869838	22.49943183765754	0.33561730007750157	-2053.0870388862822	194.94215403867383	90.89628901166361	84.75266217749049	122.30543496137216	-64.20846822613203	-398.564035687079	42.23328190601387	119.25925925925912	11.168091168090541		0.0																																											
2022-03-02	26.080830989152673	-657.4340107877251	-397.08912665977914	-152.74436454952865	22.399802807272863	-306.39677107863827	-86.7636645006769	-100.28234027492908	-327.91904692377284	-597.4268568228945	-477.48625630810784	-3358.264127575283	-263.25820890614705	-1014.9334420215746	-876.9110273106762	-47.26282484984404	-1980.9544837136527	-205.89409918709862	-281.1096714362393	-34.78575525155975	-972.970456513016	625.8081449206475	-299.94406098832224	-181.25418385775174	-182.63075008190663	-394.101218619835	477.44527743445724	0.5546825669734972	304.2268966938864	888.4128887271127	-347.44499675897805	-662.5616950331896	412.6796336353036	-36.594332720686	-172.2344513681419	-321.43059624658235	-321.6012469952493	67.63459056511783	-1172.3070547205643	-95.20947724948928	-219.74242028167282	0.9466702928712039	308.27655006945497	-70.03013866627953	-12.313251434714402	-25.002191561950895	31.054913248291086	68.2442887918296	-357.0842436354869	-87.70459204105464	48.25067612079147	60.48812493600053	-379.14621131968033	-452.70907037291	53.26362231283383	-45.21076750152133	-30.623416199334315	-2574.0576892517856	154.5008325900253	37.8385755759391	5.7593962626360735	115.77330576041822	-78.45002510977793	-457.94579448725744	43.52575982651979	206.94945657908647	65.65969432066231	0.0	-13.162393162392618	0.0																																										
2022-04-01	64.13991305514628	-778.3226451977753	-519.504540676684	-149.34514470868908	82.24811059159765	-239.02198285526538	-79.46653364854592	-105.72068247329253	-466.5480390668672	-634.1553456115635	-549.2646828080615	-3695.5545230998105	-152.80438569740727	-1389.906354121471	-995.6908438367209	-3.939422217716128	-2291.2172826144415	-231.33077026613864	-349.3325162165056	23.596251774244593	-1064.707888299643	823.0853744068299	-279.3304026808455	-178.90354944134833	-156.15917677410653	-456.69968142548714	515.1517380943733	48.736096454547805	381.8987767432536	1145.1412077095501	-372.26857486462904	-895.2265534902835	632.2569674352653	-21.696257433397477	-273.78794312204263	-362.5908473381078	-351.9762657643332	-11.27005900891163	-1322.8949111783804	-187.60978220868128	-236.70964517724497	-36.28612981837614	237.7028707906211	-171.63865810880816	-46.48834928871656	13.700470877378393	49.580551543285765	83.203130825872	-931.3002871545759	-54.23428509822406	62.07716298678861	102.92894672573493	-501.0077111333776	-585.0505873497332	93.00485368145564	-34.88444769601665	-42.88336077922395	-3394.110960173435	160.06389034290623	33.809443105488754	-23.967628556838463	110.13390760285802	-134.3435522965683	-450.0318357752931	79.78025666080248	216.2571672247741	121.16554072999133	10.689458689457751	-108.5213918718182	32.22792022792237	0.0	0.0																																								
2022-05-02	74.40113218884471	-816.9411177959882	-619.9439158674031	-169.789116118759	99.64210545861715	-789.3805164938822	-76.59309456327492	-100.16131317032068	-648.4192091041405	-645.7328756242077	-565.5780974982445	-3974.0976589312777	-74.81572779087583	-1887.142608853639	-1229.8494938917502	-11.193856939353282	-2789.78537539866	-314.43550378657164	-458.63152547492973	9.63803788534642	-1209.5653304310508	995.7887835551846	-257.28459742363975	-169.91768430665797	-161.5599762990596	-553.4283952313326	479.55250655334385	23.06927147809256	522.1613747677638	1398.644691724743	-370.40364517686794	-1211.0611115009233	728.5610669374	-17.19552884724999	-487.0416709278361	-415.8350230099513	-474.03103812456175	-144.0384305098305	-1516.3424350564019	-343.62016606891666	-447.1345690107846	-57.94389480789141	200.76106656030606	-211.4785105710871	-65.63421399724939	5.895428960870049	81.87749833801627	124.84663235310472	-1715.1869276649231	-63.769123988047795	78.98307534063497	83.55433192594501	-587.5828723989989	-750.1950740141983	76.17527878585861	-116.85802109403085	-69.54988874604169	-4565.741175736868	69.34476020236616	-45.59582527569364	-149.33247559708798	65.21262519903757	-275.76049180420705	-494.5433286844345	105.75993074280814	334.7602776483218	176.03575611359884	-104.5446059691094	-272.77677385929564	24.084804506459477	-126.9173789173783	-116.866096866097																																								
2022-06-02	81.99153313759598	-821.0559767513296	-679.6050341408445	-200.6236906865479	89.47908599022776	-1447.0644899544131	-86.55158992879433	-100.48760430707671	-873.18529150822	-680.2311355985094	-568.4039568994067	-4203.1203703783685	-25.305346493270918	-2267.334630551428	-1412.214823776554	-85.75281454816286	-3302.1702301395853	-375.9627394075778	-546.2175694754042	-42.889201348236384	-1366.3104451444815	1254.1656564371697	-219.68991128282414	-191.4937992660125	-177.75080240779334	-617.0029898629055	291.1194618240079	-37.268773976142256	540.3481809149689	1724.111584423541	-404.8467498924183	-1434.4977468482684	841.4994803144273	-27.114382190326978	-668.9123503092706	-461.1877529749545	-574.9453921033783	-242.34939472838778	-1680.1392992336987	-474.2992968304261	-648.4631039913547	-82.14933581326113	231.83217644755132	-212.60114699514088	-87.38514259798467	-42.00761446614706	99.62721450667414	150.06764771087182	-2304.6116525358375	-132.41585959702024	96.51354142594937	45.48528236000129	-647.599504474355	-905.4940869391885	42.338144280352935	-214.2919259375558	-60.53306719587272	-5310.799137494672	6.492509975989378	-111.67578397575926	-168.1529970605643	11.326006504317775	-292.9531311129922	-506.2313265057346	133.20543116896442	448.9178681209196	189.89662849546949	-173.77306567631422	-331.11045748071956	-80.84880244917804	-207.43763443478383	-96.21285541513498	0.0	0.0	0.0																																					
2022-07-01	0.3715733893232027	-933.8632767676063	-619.2870494930758	-294.6892554825472	50.74191591111594	-2263.2662983356713	-119.45295706783327	-102.3901104192696	-1395.4358085882486	-727.8268534063136	-663.8555110524594	-4505.208017576195	-215.4917389638831	-2569.122287089005	-1713.7806540421243	-223.92005695337866	-3480.1108402056707	-505.23948823420324	-653.6058652652318	-155.74798762698993	-1410.5260142772895	1273.9861049180727	-239.18478782454622	-244.18740729096544	-257.9715259698187	-833.2052735216839	64.62497422326123	-166.36247028386788	513.1002577435211	1880.4846589377175	-466.1472250981342	-1693.799979706193	721.2033713612218	-68.5594737589463	-909.877556658721	-610.7240769877099	-738.9558359089679	-186.34403171183112	-2226.474286275923	-585.2382249560451	-917.9089578480271	-66.83280855748853	-80.23270528122157	-497.9980712932447	-71.12293403618969	-145.98854462160307	69.40118341936432	197.07479481213159	-2807.6354494855623	-254.4106996371338	115.13127364178217	-34.39770840944402	-622.7851905222915	-894.4777114594599	-28.848649355362795	-335.73111718604196	-121.30298686800961	-6001.852536165388	-145.57113347745144	-232.05551476383516	-174.600380007043	-157.77976035341817	-210.62880998895707	-511.932962103554	117.05355336986759	625.777315150779	203.77740738730245	-170.82928834519225	-341.5301759022823	-183.59907795630716	-278.44994135657	97.36119820502245	-56.47863247863097	-66.5299145299141	125.32193732191809	0.0																																				
2022-08-02	-73.95029334666742	-905.7451981277336	-679.7639897320842	-355.6957321120908	4.338242305986569	-2172.7205208755768	-142.83205716744715	-102.71383902091065	-1629.558740105782	-734.0875798550915	-656.4872926703501	-4501.245826434024	-352.868636324456	-2504.424613013427	-1886.645271440595	-259.65883596654203	-3444.251080682454	-548.9151234888632	-733.0855173482541	-83.24990864165738	-1380.0336423525368	1347.5891787430755	-236.97496417119874	-273.0363889938094	-314.45247433357326	-903.4354926444121	-86.12284340379847	-135.65966858440515	511.6712551705223	1867.096216931015	-503.7570307425203	-1722.8966011224547	663.7268943025992	-76.07845463169451	-919.9798971700147	-675.0534011915752	-760.3548350625315	-219.8743708673901	-2464.013386821527	-626.7973484167906	-971.7721315779199	-23.917206763850118	-141.29513164671516	-530.1352846744558	-28.45456055858631	-77.97373440583397	42.77507720088033	237.24193519275286	-2611.7408693238394	-269.7125179063132	133.59096385485464	-4.216032135824207	-660.7023497846649	-930.297044500021	-2.127776570176138	-322.7079067147879	-81.45830300010493	-6183.072691406953	-138.52616885006137	-228.95638059764133	-139.8500346801302	-251.0588681724039	-140.61825856711766	-386.36093344539404	136.48950605297068	630.3734367251618	205.94864546623285	-116.16018316160626	-337.904255282112	-224.19716756495654	-205.9900685305456	204.4364687256002	-18.07894416441377	-14.751016631358652	333.68160972718033	50.49572649572656																																				
2022-09-02	-143.22297761735263	-873.3934818357811	-681.4280997229635	-413.0803422108829	-72.99042780978016	-2106.296102399705	-144.52414918660406	-93.1815598453195	-1848.5831594986594	-755.6754700374095	-657.751653850517	-4532.281194326235	-390.90616404201137	-2816.3176078201795	-2031.9307093289626	-324.42672452709303	-3154.341000364464	-649.4710756286786	-795.3777175005016	1.6218046219655662	-1231.9266997636005	1462.889716027701	-223.92766684540038	-298.2709314790145	-339.3255538284393	-969.8616131235376	-104.65036042324937	-128.64568242574023	589.2790593635236	1765.5286772741292	-537.1350034753877	-1958.674334697891	599.1658151905449	-105.27334329687619	-1006.7554642695159	-742.4902973491153	-801.8799217490832	-245.234330366844	-2703.0082560601513	-722.0154953057863	-1066.5564171887745	5.192363949272476	-180.82500835304745	-506.59452268338646	1.3905133689768263	-29.381233702242753	19.831260907756587	305.65502882209694	-2841.2395216834702	-330.8781872863692	157.3005107299905	29.290592091494545	-670.9941144513723	-934.3572393950453	28.164961669728655	-314.0121388901316	-21.472202499608102	-6843.549192620063	-189.50203794427034	-223.52023410734546	-106.64278367265979	-351.03470628502873	-134.1015216005253	-272.2476809816453	165.7172238981002	670.665287682581	197.7244172321607	-98.16974254014349	-362.24401257078716	-217.23330993566378	-92.70680556393927	185.8836297462749	20.189517553726546	27.580040316299346	405.7733005321352	83.97818199527683	0.0	0.0																																		
2022-09-30	-225.30017495059838	-1012.7145761160391	-753.7013699468953	-504.1471410949971	-152.52724425022643	-2268.7693232246093	-169.17152442455745	-120.14992733059353	-2219.0486372623236	-801.9488829148668	-760.2949379221518	-4777.36837778223	-576.9138434327797	-3246.839838989894	-2229.576785061112	-496.7955634331993	-2975.0172508234245	-776.6135329960161	-916.4855356539647	-2.8988964349919115	-1093.2340615555877	1491.881422264627	-279.11935507338967	-336.65957950612346	-382.30787475657144	-1138.1685552297058	-235.71721437953238	-171.70144047891517	679.903076217146	1572.499651306207	-583.5691985968588	-2268.8172959356452	466.1317410692427	-172.97562537590056	-1105.5482252247439	-867.8327054799629	-898.9052184778739	-294.6960156685036	-3159.3944555370254	-827.0779694176126	-1238.748590619627	43.016758508565545	-449.3703532556938	-680.0529624603732	37.76040874391765	-41.072223365215905	-18.951857394920808	399.4071103969727	-3147.2542547665507	-494.28857569198226	182.0609761081796	21.78392341385006	-731.1600940113121	-978.7422098752504	20.865369559458486	-338.6406724874523	-85.5118992299922	-7587.437628697342	-266.12983238623747	-262.90194002967655	-99.35342423748807	-482.47976798255513	-151.08012914407118	-237.97379166125393	175.08119401724252	783.5359368636655	205.77980061307608	-136.6425341610484	-407.81796471922644	-206.90854045475862	-34.56514021330622	109.40053789926787	21.223901890689376	19.42824686712993	390.06424574363336	82.60998408757041	-285.50427350426617	-74.66666666665697	0.0																																	
2022-11-02	-258.63928767663856	-1103.7870622203336	-913.0185888408923	-557.6251500088192	-223.47458198276763	-2362.7894327230315	-167.24942212466794	-137.75591408024593	-2242.1421182764498	-814.3061279565791	-844.6545486572268	-4809.965249404075	-588.2769672468239	-3550.6525290631544	-2363.8057414317573	-591.7193481780614	-2699.3075638516893	-819.1939365402704	-1010.100087931989	171.4840175110985	-837.9365921726094	1732.1241388631915	-268.8436765617171	-369.9992942908257	-433.16515896229885	-1218.293155965539	-573.519254209903	-109.98499518748577	719.3845358464278	1538.1606748207287	-615.8516113148562	-2526.395772165386	487.6562500503387	-179.6942153195705	-1112.1175026087567	-896.715416061339	-873.9774000348716	-382.4999455695943	-3264.775159337565	-947.8297315346535	-1350.3664063774795	47.59123563042158	-351.03556247279994	-431.9186578701483	43.72815687250295	-10.8349961967142	-90.44345313183521	459.5330192046731	-3547.1432421704812	-587.24784209875	209.35694213260285	64.31534911183371	-811.6073988629887	-953.6222612785405	61.57520058919545	-352.9605700638458	-50.47163998194628	-8281.305347804053	-323.1330350699882	-259.9684966351542	-72.96599534397865	-538.3244201047473	-166.1707176281143	-219.33785226025066	246.15460429272753	840.3031299615086	209.3470690669219	-183.89452150892612	-407.84521538003537	-204.03974908989403	-12.310956360661294	21.507511091507695	54.020369369613036	17.606434371431533	378.65613449060766	105.24618248936713	-553.8793678622751	-163.18708452042483	33.26495726495705																																	
2022-12-02	-236.90053795855965	-1159.6895848123531	-920.4606425174898	-542.5936738015989	-200.25127585318842	-2558.3004651480296	-153.14806650937408	-137.37592177207898	-2180.0399496319405	-794.1266917020057	-877.9088926957356	-4800.63271008325	-556.9714150527398	-3387.888653433227	-2385.5542885434425	-605.4206684405235	-2618.8591474054374	-749.8857747981292	-995.3525139283665	271.05485872229474	-692.4250524318413	1783.3442257838542	-241.45568141369313	-363.9834093581467	-430.74092112960807	-1238.3874368159431	-906.4693508951204	-73.6204298430639	697.606368480805	1391.2208992287342	-586.2626000675345	-2520.6422048563254	579.3731018155813	-148.28918789287764	-1083.8499278798918	-878.0142301514625	-838.5042955563367	-457.3833670525619	-3192.4691562258813	-979.3836222926257	-1362.2793229242016	3.0089457899339322	-242.63040658908358	-211.609232246803	-1.71281717914826	14.893144703924918	-129.62982069629106	429.6084973964098	-3744.957768003529	-618.2074058977996	241.5192295633169	63.081390908124376	-810.4238639306786	-961.9229025628465	61.65754455164824	-382.4937026941934	21.032513445805307	-8204.144098126373	-304.92035301229953	-269.7047618202432	-111.60871065141328	-548.5807780910263	-237.04601381785687	-183.09216922800806	280.76591314910183	818.5645703662394	203.3744495470928	-240.59742303208986	-458.1817198535482	-285.8600436149718	-40.04558774265752	-94.26631345692476	42.085745663702255	-15.53152623769347	585.1750657369121	121.38284867323091	-495.7814575403463	-167.42174711785628	79.6091265492978	0.0	0.0	0.0	0.0																													
2023-01-02	-242.29723788931278	-1262.4657539677828	-893.7048652838548	-551.0380309178618	-156.79995309236983	-3338.369787245698	-163.00998941466423	-143.72919364719564	-2305.651755398987	-777.4034673805945	-925.8670381082902	-4805.382057224106	-601.4816358117569	-3357.2914442823385	-2416.1714774367174	-663.1818661568086	-2594.1903408175713	-727.3237019255357	-983.6231894078264	260.22227153764834	-654.050768561643	1760.871710114472	-255.5368170508409	-346.9853979794598	-410.132291247819	-1302.7987686865908	-1199.5160722194923	-182.13684810776977	612.6849397073856	1240.2997542580397	-543.3166499442195	-2444.970410470516	610.8051298160935	-135.4756856310205	-1143.4824556236035	-909.9946203343061	-865.612213180777	-511.4785449431747	-3308.0417275061845	-1017.2747489857084	-1469.6836954559712	-56.604061302072296	-402.943969283162	-314.9154175020558	-67.60859095546766	-73.6890029631395	-148.64330160067948	385.8715244993764	-4251.097835046472	-669.8799142201551	276.64900769777887	-15.105686213390072	-788.853585975954	-955.8687280412887	-7.983440031062855	-491.335972388124	-49.78369128682061	-8244.52039426921	-369.6606123344827	-398.30491532058113	-277.6608812124905	-603.1738702102921	-343.4007784814112	-212.35732161895066	258.8942501374386	898.700290679164	201.9614348287414	-369.3122612849129	-532.6028362375982	-456.15389210482135	-223.0964175975805	-226.5761040466441	-39.37968026729686	-126.99253211392897	640.0354812064033	92.27758316288964	-506.91521489451407	-99.74894149339525	81.5071608712251	-34.780626780626335	-96.68376068376165	-45.23076923076951	-75.5441595441589																													
2023-02-02	-181.22288897022372	-1231.2793821782434	-769.1445855106795	-484.7646579358134	-71.75062667757265	-3392.4141873251065	-143.5113821249097	-132.15150986106528	-2055.3515832176236	-744.6726965603375	-883.3286387807111	-4666.830895500003	-610.5140693316498	-2888.7803380326804	-2308.7613379378654	-604.7533815623647	-2459.9433802052263	-614.8055684564006	-906.187129576545	249.96628703073293	-631.2099391070878	1691.6881527083824	-228.55723024745748	-312.40307683684796	-365.8590650868964	-1245.163216520441	-1331.5211550551758	-186.5854738352973	549.459490500778	1060.0589739618208	-496.53772434966504	-2055.2449828409444	698.590278479558	-110.88988544715994	-1033.9810747319407	-829.7513975962556	-773.5216960696598	-484.1345555988628	-3015.8773120989426	-986.7076858650653	-1381.6081047562948	-125.63870718552971	-280.6489660459483	-132.20755218920021	-135.37754658129597	-13.738389278212708	-147.72630457020705	314.8995767937304	-4421.388795435734	-616.8953561910039	313.7831756641244	-46.83509779049382	-712.9469170829252	-887.1839049484279	-35.41175057271903	-499.1373406966104	-32.186316746436205	-7561.413271369493	-299.4638284719822	-375.5807630451127	-291.8765603562151	-542.2291546888027	-376.3864114402477	-218.02822652218128	224.52876771932642	802.0692990077605	212.11407076360774	-355.54397488715585	-541.8432797152718	-527.8182589603457	-254.2035188503287	-241.1028504739552	-68.93373556631377	-144.74696655127627	945.0339778710331	100.41132006318549	-283.0694098028034	177.29099387039605	128.25340245254938	-79.58276312692215	-24.710253975212254	-25.109796186719905	-29.368852525545663	0.0																												
2023-03-02	-161.62078780603406	-1106.9791834009338	-691.7467072210347	-432.98050921271715	-69.79174556423823	-3254.581005765387	-126.99809855458989	-121.25558655442637	-1869.6480114719088	-757.5283866976224	-805.5526434239964	-4659.375359727561	-583.9894623249347	-2863.9607495119417	-2229.966939892467	-611.1156414207107	-2344.679312714583	-568.7038334768076	-895.418853303303	339.19631299220055	-595.8308284050036	1653.3057284989554	-206.9685826921277	-286.45506936799984	-332.7463202019935	-1139.15059625898	-1419.7699104956118	-145.98442021628944	515.9186457890391	913.5448700378693	-458.61648379154303	-1887.2236935831315	681.7086681335022	-98.58032820399694	-897.716675745798	-781.3585433417011	-732.7610721669917	-437.4902955074631	-2839.5561625679184	-1007.3550559458727	-1358.9208686838247	-149.73549575877223	8.860212741565192	126.36080441989543	-159.72783891969266	60.74985095104057	-152.10499573356628	318.08794167627457	-4429.834547359671	-644.0567952714009	350.07025112876	-45.633524549870344	-678.1374537954189	-844.2407084517599	-32.32667477974064	-478.98015244033195	59.58582930938064	-7463.749134950973	-214.88841287062678	-329.00678889145274	-336.3033567183211	-507.76558378519894	-406.6357089271969	-216.07775912132456	222.40733542343332	765.8818348890527	215.65685879504417	-352.1922522121349	-538.1217664317928	-544.9248910099977	-278.4702959702827	-308.767932712175	-78.93838019584291	-152.62013351442874	1009.7703045698581	111.3034350698199	-358.1409937360586	343.50415127656015	177.21694326466968	-91.68035982983929	51.74431970214209	-44.39838088227589	-31.626160673065897	-10.76923076923049																												
2023-03-31	-170.18756566536103	-994.5049059155681	-620.5119398177958	-417.70825013664216	6.407283747510519	-2675.0640571842378	-95.6216160017234	-114.8470359688331	-1628.3401075517977	-756.8138603185998	-730.0124459972358	-4555.524152387585	-554.7181666664001	-2473.484311217777	-2170.74093641083	-645.7514217493772	-2417.9091252194667	-495.3910344645701	-866.4075957866226	372.9327001358906	-575.202398898753	1559.7205730243459	-183.94649605826908	-273.86953566029297	-310.669425261377	-936.0563713104402	-1425.0272555216434	-90.01511131004372	499.63543530788775	736.491998074227	-437.0814208609163	-1539.9110174571106	626.4913532682622	-93.07762291999097	-764.7720135686723	-715.793104329252	-751.3473517627117	-413.0312279656828	-2596.8594652137763	-980.9408295881458	-1220.8391781007376	-145.44966919070066	696.2664330139269	678.1011316273652	-159.27604130539294	149.2890722024349	-164.65120680761083	311.9353735167133	-4320.396494908506	-680.0145404737486	386.476703403001	-23.11225178813038	-629.6555386408727	-840.9405891628985	-11.353163263536771	-392.1563707302521	237.38354112736124	-6890.949607729039	-71.74940164027066	-299.05844117685956	-382.43485407645676	-413.3936626067607	-460.3223584235002	-217.91055236428656	193.4813433349318	643.4457096121278	281.3880248163114	-355.0455492364126	-474.5095065495025	-558.1004586727158	-329.0899043010704	-380.9982058878504	-31.711952139823552	-67.3854907247096	1315.18172515076	136.2781299032813	-251.89632594888099	606.9417629050295	194.81268671274393	-120.05676340243917	207.41962022198277	-37.067233496945846	39.239209418456085	14.260793337716677	0.0	0.0	0.0	0.0	0.0	0.0																						
2023-05-02	-169.37592363873318	-826.7657437157432	-569.5159033643431	-395.39855142875876	63.64119806586132	-1887.4075982424838	-53.755464531509006	-88.89336202321056	-1445.7730590952815	-734.0681332658769	-622.304172275446	-4301.389740341878	-360.4148077696409	-2136.4160554463742	-2109.6522905330694	-640.0016607903617	-2233.9392162108197	-415.953473592137	-844.9724784070404	457.73547980532385	-448.7020350531311	1524.4647324328507	-150.73037124760322	-266.71141625214295	-309.45625201432495	-715.8537008087587	-1401.3396796244124	44.84420605307969	546.2781001980638	611.7184716289321	-422.88635536414677	-1245.54455020788	578.0847236357422	-63.614504843690156	-621.5843493151533	-636.7228247117582	-762.1332135341454	-366.82504994331066	-2307.318070247282	-952.2579932157041	-1075.7684612267985	-110.28043562095081	1398.6471875519455	1209.9421158311925	-131.1810313078022	303.9076749241576	-173.6415293663913	332.1983429242755	-3900.7923627042182	-684.6422378206134	421.76407537395426	54.78461150711519	-613.6123796036545	-808.9881812965486	59.93210260544038	-274.4322526299875	418.33179350752107	-6426.665652125201	25.65864877257627	-287.582573979651	-437.35343629064846	-358.7559048446592	-514.8481110667744	-230.98284846786737	194.7788555922616	523.4351190434572	363.5832343792281	-379.4799494778108	-400.9157473078267	-584.7981204178905	-432.4062367049519	-451.5945942062499	41.06900376890917	26.885360358115577	1543.3054110742378	184.68533377675521	-148.1559585834475	822.1371365409432	214.43541805567747	-121.13734439632935	324.5507574358526	-10.00075353981083	111.06547704664627	146.74573195896664	0.47863247863278957	57.43589743589655	54.72364672364529	46.66666666666606	18.18803418803509	-2.472934472934867	0.0	0.0	0.0			0.0																
2023-06-02	-161.94371494392453	-676.032602462712	-597.5786565319868	-350.91774986071596	100.17898053105455	-835.1706848466129	-19.14516962428661	-50.475032156717134	-1064.9724022237024	-710.1155763639908	-543.5093233791667	-3955.3027822964686	-206.06984216369528	-1893.5344755063998	-2045.5668581156424	-648.8643647593362	-2037.6216041247171	-360.9416697907491	-817.7515462332121	425.2278515713442	-429.595458991138	1368.5866267565161	-132.32195014240733	-262.37144900926614	-317.982042182427	-529.9871788965156	-1363.6204713901207	122.3112586190291	530.567617132554	439.5828771589295	-443.00262763460796	-1036.5389755800425	443.90762379675107	-58.23326413042196	-487.55886479384935	-531.2207785759801	-759.9040942549636	-418.8193543423822	-1923.7478255271126	-927.3098109499388	-831.5476037189928	-113.21872344384246	1919.1261583432497	1666.6045152406805	-135.99341912954333	412.7295696500187	-160.51837434131676	323.3878677544235	-3821.150465818195	-702.16374157875	458.48479044665146	105.85725811726843	-614.3920996787265	-836.5583667995897	106.96264307138517	-117.08791790607756	544.7233668138288	-6186.709098280306	234.98223643195524	-236.62475695642934	-461.43661681412414	-233.8430643775473	-606.3443775415126	-251.8345579681918	146.9090562999445	348.45890000482905	394.3221223914352	-371.6438818666229	-390.8589188728065	-543.6889024641896	-465.5069958623517	-516.5166124704538	160.88235664590502	208.4492994075299	1681.5526816858037	206.46664354911445	-80.98437778621155	988.7074476626149	225.77020280520446	-160.1704224468558	581.8181640001567	23.045642478342415	246.3246271593689	246.4789946171113	-25.556383470913715	27.832274088683334	39.21968165842554	44.88509021842401	52.8916161394809	-13.556026330956229	-3.9088319088314165	-17.948717948718695	0.7179487179482749	0.0	0.0	-19.5441595441589																
2023-06-30	-163.4490361665803	-507.63447068369715	-590.4987206202313	-329.53914179617186	86.82050262736266	293.42713259854645	-2.340577664220291	11.47066824759213	-765.4166465297494	-720.6699482914155	-456.19701357861595	-3793.117242149252	-5.0181472625808965	-1801.2422464878473	-2038.655857126314	-615.7868323730963	-1904.0665336398852	-308.54277313962666	-779.527151553053	569.6138653302369	-408.13480299964795	1282.7153288419358	-102.03248118372267	-252.47123024052462	-318.40558670521386	-380.71868248212013	-1270.4259866323155	252.44856466221609	513.0102002905442	283.3560395866007	-481.71477681933266	-917.1353034291096	356.85824217022855	-43.86068791198704	-305.2020451285116	-450.88475065107195	-697.4065894720716	-463.31837511837875	-1624.839538916989	-909.1616930955643	-588.371175714652	-121.41004611483731	2266.109669266996	1840.826001783833	-148.82371250407778	572.9777256927882	-153.7521602978386	325.32395851588626	-3627.537578334057	-675.0234525963351	493.59663512815314	198.0326107820074	-594.041258145764	-884.6027187828877	191.41149793135264	51.55608129819484	669.6885781869896	-6071.715113378697	428.2929420177152	-130.82447573360332	-442.73897629190105	-102.51997780784313	-660.50989255686	-280.53792514971974	141.2343240190694	183.4666041767905	391.97427542217883	-321.5427590160725	-408.4399345562215	-481.83194933848245	-467.54882146017553	-575.8541867518616	290.8115378840521	386.53558442450776	1750.0421081571258	242.87688176336633	-79.28602385347767	1097.8926492803148	244.92115720662696	-159.65023661809937	797.7305974736137	79.30654371788296	378.36727038546996	383.3129867895368	-21.571779061345296	27.694594553533534	52.23259014968244	76.96066319808051	168.1848314445797	-30.939576631901218	27.375232343894822	-22.632770837899443	4.6226897508940965	11.407407407408755	56.159544159549114	-24.26343942013409	0.0	0.0	0.0	0.0												
2023-08-02	-140.42956947588027	-433.0133193390684	-538.655480568339	-305.36457260832594	93.63285751618241	1345.7424923336657	39.9688955542274	77.0239016897417	-555.2642265811555	-711.3929468295228	-440.90449719837125	-3597.7739586475946	159.0994843239023	-1736.5660870403954	-1939.0913309138632	-558.6031607613913	-1812.830321338206	-240.8394464398607	-711.9778149625799	709.7497579865703	-414.8293340262644	1261.0473281528266	-68.28395158721742	-239.0454607750944	-336.3282431067687	-132.0357444653473	-1077.1547978718372	373.2290914520381	471.9494298269674	338.0118672483204	-502.64634923677386	-783.6978360353241	366.1972367116123	-28.271225770342426	-196.74354487642267	-369.2438769133114	-594.7044807165639	-466.1786520782807	-1326.665359505445	-906.918447561844	-336.10051359484714	-145.11082545974932	2989.0157286030735	2320.426015436915	-173.37367212795107	732.841919450595	-158.98373436294423	313.1619332319515	-3593.4928650250076	-630.990195386792	527.8455546349869	290.1696237155538	-523.6234619800998	-909.0522513192864	274.6986463494886	209.10273501894153	893.1833896253684	-5875.412531323258	619.9375923539337	-6.475828328440912	-430.2238564948093	26.345915975348362	-743.3631035511444	-309.96035897969523	152.32979788426383	24.188120503233222	388.4598736608277	-230.203785170017	-452.57959146423855	-404.74365900536577	-431.0340258862725	-618.5733211688967	425.9091979665427	564.7338352563347	1865.5247971798817	279.72391305073506	-73.22280041498016	1199.9620505559578	311.06026783786456	-141.8677521469308	975.9898476596718	148.40774504552246	514.761167267623	411.56397226035915	10.274526718931156	23.761146546748932	60.71583651577021	132.72402478387266	257.87399065575846	-63.990055339116225	47.744510805787286	-34.02189750790967	13.77172970832089	34.81312651683402	54.527739222896344	-36.06044286233373	18.507122507122403	6.1424501424498885	248.17094017087948	0.7977207977201033	0.0	0.0	0.0									
2023-09-01	-120.47494948201529	-370.3327783216082	-530.5087200653688	-278.23789221775405	89.1282027137895	2225.3087429257284	55.590632172051755	109.95564980892186	-472.9936499652358	-691.3908180849685	-407.62512399791194	-3415.692765492193	259.0651559734397	-1616.964354287673	-1853.1864590275964	-531.765775187987	-1765.362288095148	-208.98254436522984	-692.4223197425508	793.5058019995231	-366.6859684884148	1267.1929421069108	-56.14155430691062	-194.61164753836056	-320.2923956366835	47.63363141064474	-904.681304707683	476.60723533065175	447.0847301210106	407.69364826820674	-481.16941766369564	-623.7944318261143	320.36086791398884	-25.307730066542717	-152.20490741536923	-315.0324359288752	-546.0722931649107	-500.5201379918435	-1132.9771521658477	-909.9823612028122	-150.89585793294827	-151.65575713499675	3299.3265645090833	2385.98812282395	-187.84017984320235	830.834186133201	-159.8348680679369	317.2154811350574	-3511.19010827264	-610.9186668563889	562.2246732841086	366.62831335049304	-476.6850352180554	-928.1388964538519	345.0381655221099	340.36461203640465	955.6003115258045	-5652.7434139713005	754.0074740435211	29.35830657108454	-470.15960187891505	121.4249391277026	-838.0160397597574	-390.8245409378833	167.42363298794226	-94.09773560001486	389.65560021633974	-210.0242041206002	-497.9587575150872	-333.0335322884748	-463.64455327553696	-702.0304968954206	550.3542684247168	697.1144154207977	1991.1420059905358	305.4049328564961	-80.3217244969128	1309.8117290419323	363.0033286704538	-118.10235545702017	1089.5321109375254	193.43680312221477	607.8588224628402	394.86529737555975	29.5242018833178	18.494073076513814	81.66748724115678	169.55601434785603	340.7600955573289	-105.58812207167466	68.18489124395455	-28.836490796287762	22.458051843531393	66.87386796704959	135.1121913184179	-29.73546900238034	39.975584613759565	18.064398827931655	690.1832614995074	10.507641983424037	-25.367521367521476	5.185185185186128	0.0	0.0	0.0							
2023-09-27	-93.25722784030404	-305.27728005070094	-534.1144351121529	-261.8709729121165	60.4122685784223	2638.8229421881842	53.95420778804464	114.6405732662979	-527.7503930728162	-670.5527876659016	-370.1256136670927	-3258.760858997306	327.8124467988746	-1642.8380468114483	-1814.381371834339	-569.4542534403008	-1792.6125493651743	-219.53360348778187	-697.1304380773709	767.1208700780517	-337.39203858282417	1315.0028340412318	-70.71783502112066	-167.87163263734828	-324.50029410728257	81.52122069912366	-845.5561313772778	508.2954422403309	415.01028185997893	579.6928368362842	-471.30379415015886	-566.0718851456622	268.4336744923294	-42.6405157109557	-221.67230077305794	-295.69261822392946	-572.18585228353	-519.1692208245004	-1064.042207359431	-948.6793606514002	-92.69966494504479	-152.34303115822513	3131.754409569239	2080.864553137737	-201.7402621859983	828.3399883929815	-164.90245295853856	343.65953739948236	-3575.8909101530007	-653.9632679581373	595.9151545814602	393.3964797214503	-461.2012531655346	-901.2450839928551	368.29518862861187	401.19526084454264	900.5184091796964	-5632.84318340812	775.788635207231	21.121707913205682	-545.8681248792363	156.32246508321987	-917.1428012934584	-495.7543183588259	163.22166752229896	-137.03853185640764	391.337088540844	-238.32767533122023	-540.9201125974896	-281.7502873417543	-534.7252279733875	-786.9381930128329	586.6191610238584	730.7446202172214	2001.057004278191	303.6176414466936	-213.4810328289168	1364.436842054667	403.07264039205074	-111.61832835857604	1080.7970509878396	182.15829531196505	601.0395059068105	325.74963702563764	12.918970722843369	-0.36182862325949827	104.96957841072253	200.62887210484405	367.1949629809824	-181.64828122599465	111.50217060441173	-1.2315540188501473	16.08456574612137	105.03115693268046	300.3323496118537	-0.9083758756096358	45.092179317092814	18.025305646153356	1270.5725928937318	7.704786593496465	-43.19828572820006	-33.3299567373615	-10.450142450143176	-195.60113960113085	-44.35327635327667							
2023-11-02	-95.91847466984291	-380.1394705216335	-566.5107710022312	-251.00947234032628	78.86659632332521	2954.347480730692	38.4959925836165	71.69411075266044	-546.9273240765033	-657.6733873356825	-425.553340745033	-3155.549127595361	313.3231453453154	-1686.985947827954	-1799.1194787702843	-620.0141238266988	-1936.724719313308	-237.26410731898068	-715.2108106977867	700.2139191985116	-409.9920417783542	1253.7142555391601	-133.3434927314447	-150.5126849782946	-354.1731456827388	12.29330665791531	-915.7166806896093	497.8141748078524	310.8834602097686	583.798265636502	-467.6962111221728	-510.0890136992093	176.50856654667223	-79.34693733309086	-354.540802112866	-311.4726172502669	-636.6202834757987	-565.9151493022291	-1121.953094393044	-994.1122877333291	-40.8627654252341	-163.82915147661515	2585.6992521711363	1510.173841239557	-224.53103596242363	751.5329675037137	-180.95366672800083	355.2762819097934	-3838.310160513356	-705.2037586451697	629.0810284801628	394.0108952004466	-453.7059680455768	-849.2428652955741	368.7581533003304	448.111635143292	751.294486724144	-5653.732254238588	797.7335491080594	-55.45251277787429	-684.2395531572183	208.28693738360198	-1011.2034514831857	-647.6992514566155	124.48540776976188	-171.51307556889333	416.51390032168456	-307.0061479283577	-587.1614009088016	-266.28050526279367	-715.5465517056255	-877.1999128425687	605.9535451283264	759.1358676193504	2059.251866135717	285.515146564976	-389.72287231606606	1411.3888611722941	397.0862305968103	-135.18077632009772	1091.7106416142924	163.74740406105957	608.6307592500161	259.98950840930775	-31.58847785841681	-34.83455128122296	86.85048085512972	200.51069659131826	344.3938481364821	-263.34044829874074	113.29773511070198	20.011419855427448	6.360785290929925	147.45033025980229	432.73751807980443	22.08616575790802	13.248005032617584	-6.620995913885963	1961.3782218447886	5.421013435079658	-66.3283913016312	-43.820965859160424	-9.663785196551544	-497.6293698914742	-83.78272903628931	0.0	0.0					
2023-12-01	-65.16112133492607	-351.8162354715496	-637.1288601354572	-214.43126565484545	117.79387194883748	3535.2359655633772	45.72963032848202	72.32928558382537	-441.6451210272353	-615.9168954833949	-410.92203471498397	-2913.0037639317816	347.6198676213535	-1399.6945774240448	-1667.422901825279	-578.8514681598954	-1901.921151958566	-204.17815895517197	-676.9522899793355	720.7829586040243	-453.1060950879182	1146.3375714644426	-131.11181723119626	-148.2797466701668	-366.92340665288066	40.798008686506364	-964.5579466102172	565.4563251122308	251.12730694866514	503.38174101403274	-466.32051261167453	-252.92762993118959	134.30503677105116	-90.05029401900265	-342.1210717994654	-264.4458630144891	-614.9934670768544	-628.717057376778	-951.519138714044	-978.0940706296151	111.41814178174172	-174.15213290582142	2348.343225694891	1236.6563451228722	-233.12744235748687	782.4273760092328	-177.26782376415485	339.8275628576466	-3629.3074630975316	-650.7602256091395	660.5804336318033	442.81123900649254	-450.0021866205889	-794.9135729795216	413.02106689440916	534.805527996803	694.9020177151051	-5109.645546151478	893.744709012035	-88.33029237598203	-798.4138681538461	320.7344648282469	-1093.7956594496882	-727.7734953200479	115.21357568136773	-257.1952613770336	432.68930669901965	-359.3097244881865	-619.8899156722655	-167.9234907534901	-820.0242662912169	-983.7901501696542	667.1647743255235	865.1844418789151	2269.3218933330936	304.29507055719114	-270.88416681665694	1551.030598530284	418.0246704370438	-131.99829792732817	1172.0593449072167	204.73320260737637	680.0754077753172	309.44821666250573	-26.372507625974322	-58.09569238040967	85.94405991151507	249.0276736494834	384.18905618553254	-286.37174217854226	135.11137983658955	16.64324930273324	23.718384247221366	195.19811186640436	434.30011425178236	16.317374550460954	9.766124837855386	-17.878115416323453	2710.956669349456	24.948871918541045	-84.41233850244862	8.048710365745137	16.190640403232464	-590.9035745931178	-100.63734035162815	-7.658119658119176	7.737891737893733					
2024-01-02	-23.48899411999173	-219.59927085428717	-708.728458628606	-158.99898103625128	158.9158813768172	4335.91798683611	49.43997750376457	80.61804893492263	-190.9921685410336	-480.05734322894386	-308.4624982559435	-2238.029433267362	425.2526857279772	-933.1421410400944	-1490.4364338276246	-458.2385445672735	-1540.6713923278294	-125.27403235725978	-608.5508587614113	849.5389529119966	-295.05464289355587	1048.7480033550255	-74.66122454888045	-129.76357281997934	-362.6004099012489	142.91653011988637	-930.2477367575848	696.4072254918719	241.57331442844588	387.57527025837953	-437.67208201100857	125.8959913107683	148.37002014603786	-75.47257867014105	-210.42902016589142	-147.60785484669213	-480.47680503121956	-692.0551100576704	-527.9424596069803	-906.5345663958851	313.7759107697493	-159.5943305166711	2194.9692080773784	1040.7362972237825	-219.09753349484345	919.12895103767	-164.78156134217716	326.56343752781504	-3005.1565467393084	-531.0479393204077	690.8938657747349	525.6170782960544	-459.7613073090397	-795.5397562307107	485.59148561461916	653.7502528478799	693.4560432183916	-4221.889344132789	1063.522743591937	-48.70655511095538	-833.7764925169704	445.78327448056734	-1138.2220826775783	-721.6690026737906	152.34574625961613	-359.2859167950701	459.576712758766	-366.0397662431733	-653.544564952218	-16.117584904281102	-818.1076692709121	-1056.089736107746	769.6617228495306	1014.5138440266783	2504.1708104440477	350.7204233082757	41.41264423636312	1769.4390184143995	464.04738346928207	-86.20007926715334	1336.2862851520204	273.9188487321844	785.5767659330286	372.75121353709073	23.724021845322568	-60.66102295805831	119.83282914473602	334.8568987104445	457.1774493158664	-251.53447393988426	204.34872109092976	14.213562980221468	57.22968389392099	245.69910187880305	422.59787348336977	14.802596544050175	53.035123262612615	2.0643478272531866	3508.569906917517	62.93851748913221	-87.48765510135127	80.903314697327	69.44763321898063	-391.12805321015185	-98.01759320151723	-2.5622519297721738	31.262018977120533	0.0				
2024-02-02	88.6414644571787	-8.36832397917533	-825.1130049280418	-64.37825683608389	175.04377045712135	5362.139878296657	57.128255461564095	77.57798547569746	-158.75988760693508	-418.878977864586	-133.41343124950436	-1874.7529128520218	402.3353473701718	-496.2689542316948	-1361.1913499681777	-380.13738170049146	-1209.3711944139686	-62.026935651121676	-565.9736592743011	1010.1365102426098	-106.03934965986991	968.7134641997254	-61.571316042235594	-124.54704262031737	-347.0242681738887	122.05877306489856	-835.8879115253767	859.8313528492363	228.14413721826168	309.9767502047089	-438.6378747653471	450.69631004666735	95.15745703360699	-64.22824238633075	-120.01013047957895	-76.32328599902576	-404.2318213198978	-781.3364321289391	-269.03830976973404	-842.9305722937206	525.6997934723768	-126.50665821159055	1781.197892757933	627.1267292433149	-189.49464155408532	1045.5916784697765	-155.5939590304606	329.20193263945293	-2399.099201481542	-456.65172710763727	720.730385365081	645.7684671605712	-531.7291505001722	-902.2350307867055	598.6584349183213	806.3394218582926	637.3549971800148	-3451.4377403388644	1309.9012864269935	-53.08446403310336	-962.3053122599649	505.09179173545454	-1213.5052110449842	-764.5823602566525	201.32000245329436	-459.9063913613936	478.9947464208599	-445.71669620798275	-765.6381555282233	161.55504885113078	-891.6817579955059	-1173.2920927702653	917.2173181563794	1212.4042434982712	2673.990665041594	407.1879170784032	330.05074242049886	1973.041751732002	528.4805930134089	-29.71201531098086	1604.4836168520578	355.63502334584155	904.8319409462438	387.6267670594916	70.12188371776028	-13.318634972363725	201.17778704375814	442.7988055392834	509.630720864523	-226.08038088749163	296.71018536608426	28.900121411525106	85.38549206277276	299.37709574175096	497.8784783117226	31.39583204849805	108.42781293143707	31.306285151111297	4350.362957355101	108.2587410274682	-82.83740280589154	189.1523259007372	176.5925975820992	-163.14292331512115	-56.47770477107406	17.97225699619412	64.01440334999461	16.592592592592155	0.0			
2024-02-29	179.87026859077832	237.23276914496455	-814.5981850210101	39.44570949551235	172.92124742366104	6328.494467010241	69.91960422666034	80.93317238968712	-65.72593658896949	-364.25913060915263	72.66106206037875	-1461.3168593886949	439.78375353006413	-254.03191095750662	-1290.1282062040154	-328.89416427836295	-621.3226496733223	12.9618373881749	-508.216894328285	1224.164379829359	75.80498947945307	921.2936575772001	-27.559891245949984	-121.35406833146135	-334.29624524591236	196.78208280170475	-648.5702374941575	1046.8350839372106	242.06550393714133	315.04939973297587	-446.9200443048958	654.0846360072901	26.45636106764323	-61.54703028492622	-12.701768127288233	-8.036819967386691	-305.2680099070967	-764.6042892260411	-28.426359785924433	-815.0023082844036	716.2190771456917	-114.61738038611111	1573.2095643138346	402.90126453789344	-180.25596961697556	1176.7110041961314	-141.19804315626152	336.45201362276566	-2154.272515578952	-405.28544429583417	747.8589362080529	777.4566667876352	-535.2284105445051	-913.7229520965402	717.2760341173107	951.6404582982632	579.8358870681259	-2991.7911819209476	1624.9739192872003	-26.63314522244218	-995.4796831439662	613.6885868299069	-1205.9292550816126	-803.8497217787608	246.9685507252234	-545.8636703935681	486.7553739746854	-435.17620890168837	-770.3081976544017	301.70819439909064	-948.7363088994425	-1194.3105534856822	1102.382330796716	1489.4818585429857	2797.6274096403213	466.81130488031886	417.1369932209491	2120.6046709781804	614.4213629637825	23.33945377503369	1938.2395477640275	441.0521399423433	1009.3329248916834	545.9523230436007	107.90799334753137	31.343562281070263	287.74517243992705	568.1914811967581	601.7165521819643	-235.7892210215141	367.52660113304773	51.404973499738844	103.99889741372044	351.7415969649446	599.8461490084519	53.212232149720876	159.92433261007318	56.25303051708488	5180.00294892455	150.03089632357296	-77.21298972191653	293.8243167193541	277.1922978941511	-149.86519563878392	46.83107054931679	29.62781519179589	96.84303038458165	17.995990292287388	24.649572649572292			
2024-04-02	258.3900408482614	326.2794059898588	-736.8489878286528	93.21724198328047	275.3047835379166	7338.242427204517	72.52342899445102	114.70794079934058	284.7220414061776	-310.37453084367917	144.97969856173404	-933.6810128360739	628.681692788894	-11.811641600710573	-1239.5331140103954	-275.4256131438942	-327.02452886884566	98.60874689317097	-440.02322499076945	1505.1359086528319	200.73938636092498	1021.2206619888711	-3.231169354319718	-96.56921305293918	-318.2808854562336	313.7900082900687	-456.289208125032	1272.6774933772213	223.57010174894458	411.55874737212434	-429.3300626700129	864.5332146259316	59.99873475735876	-33.29768142730245	117.38543050345106	106.18234082625895	-198.00840825994783	-711.9895984704835	383.77304672317405	-785.4288557610435	891.7858198852336	-89.71703587456977	1386.7433860249912	206.3610712269474	-160.75266858799296	1356.9701795749388	-116.10496897384064	354.9704301923375	-1804.2086161899788	-354.28011794133454	772.9555622393527	937.0248383839098	-514.2408973536612	-927.3875861473043	860.5886712775737	1103.057048576893	756.6304772987751	-2506.1559446200627	2022.2647408239773	39.38578712462731	-1001.7504331739492	894.9574309998643	-1158.7295259925713	-808.7019312701132	325.78757229753137	-619.7519810838076	661.1917018419299	-418.7678361243743	-775.5589919395343	394.1164059321163	-973.4515689079453	-1150.1021047187223	1331.6554053064174	1795.6084018567308	2930.6575951847626	543.7035739002768	513.160272415349	2271.7197254191706	665.2590446859977	107.63516939769579	2369.8119774213956	535.1760673049321	1104.6732066165532	827.0683304608538	167.3141135036476	98.12626882115546	373.98748097037424	719.5482329945316	678.0149493431272	-242.62333541686985	442.11465791761293	83.36854737512112	120.58776032499009	401.7623133425004	753.3895246368484	87.24830365751768	244.95523170176602	106.58734064122837	6001.755045465659	219.0998966686857	-21.1116633487527	405.34995833827816	413.1585326355689	-84.8656631785343	201.18602476843262	52.860770300125296	134.06382899704113	29.739438743133178	82.68955609126533	0.0	0.0	
2024-05-02	322.388266510412	498.50364390549294	-564.870568514656	129.4973059895583	379.34539122244314	7790.298607673496	77.3267284108747	159.00774008554345	412.3753342353557	-255.9250634394648	263.6455283156556	-525.8445972995651	813.3090618060523	85.72061093352386	-1208.0237612773835	-278.7374250682424	-187.65107776712102	138.7411261703819	-379.1874643988049	1688.5735918204737	250.30634247762646	1063.5427234283416	21.37089103774815	-53.79396503639964	-299.5533997468701	373.0094369970193	-363.222427757486	1408.6317743529871	169.9959820658969	424.24773771764376	-375.7956888800618	989.6478193599178	93.17297357685311	-25.862463018312155	168.90804560726974	161.75367944434402	-169.39181542232654	-638.7217968987989	585.4817208061068	-781.6271040032998	934.4573611212254	-68.78694218746568	1089.7144043340195	-37.80416366028294	-145.1560348064504	1441.3331212013582	-99.11062345799655	384.81852943980994	-1615.3983404158353	-361.2556586272258	797.6898924662746	1023.4440629863038	-444.6325505818759	-901.7585947495008	939.2912938814534	1169.7104221732334	1043.4338687638265	-2283.380121155038	2216.8343048106362	68.16545449484511	-998.4383378051461	1018.0944749392911	-1115.6445014812998	-818.9228711135365	367.6339558963755	-636.2769882504199	803.8846458764729	-413.504662739022	-760.8630730240175	443.27820806275486	-1002.3828800951442	-1105.949022582572	1465.477268180899	1929.7120081355133	3019.753522945379	586.3433450822922	491.8433513008349	2372.522463509187	701.4166694576943	156.49779366732764	2573.479129119656	564.7697304259946	1110.5418238469592	1054.2439108537328	179.80250834386788	155.4731042149997	412.8840192096668	818.2061071039607	706.0548337361415	-272.65435569338115	524.311971262583	124.133529216233	124.63216562213893	452.08894511019025	948.0643685093819	130.8691767344808	291.55260014452506	136.7514030958573	6825.033696083585	262.02176421350487	75.73252869117641	447.10537603585726	493.6772802804335	-128.85901338000986	331.31385471482463	77.95940156391407	175.65774438860353	27.193827828630674	124.42812367559691	-19.70370370370256	26.3247863247816	
2024-05-31	391.2713405589866	556.5197431965971	-402.7920853653468	150.38342672394083	465.709452613768	8623.752326187096	65.61049030794902	216.7126228301695	510.88004703045954	-219.20340022032724	326.7296339255299	-456.70957547125363	1065.797068166441	225.61373629872105	-1199.3252796628894	-260.28670876887554	-53.98069781258164	204.81930222893425	-319.62454696180794	1815.8415932558564	345.0006090365496	1073.0139371096539	26.36258062084653	28.036146259024463	-291.6779804617927	332.03309838283894	-240.0593100591832	1581.2611195692916	79.25846969808481	411.0069439687759	-303.6443055531199	1120.0293721360067	134.3758903319922	-36.2552410395474	221.31000278994907	189.88787717139894	-118.79600262450549	-575.8741256172943	689.7778988391074	-762.96046540104	1049.8557782021744	-40.11764437349848	666.4499382874274	-394.99568200600334	-122.26800509377244	1511.2661025758862	-75.25339408281388	413.1517293694269	-1394.4968612148223	-344.65523427996413	819.9439700803341	1139.6364006322092	-394.20284811871716	-903.1517371614827	1045.0521373018	1295.0746274447465	1474.9814390710453	-2022.3519959769692	2582.290979674137	143.30433400717993	-996.0321281822344	1146.2036179124661	-1064.4679779869266	-747.3190733143556	401.0163481074778	-678.6680680732607	913.699520594404	-372.0420093717039	-758.2282297366564	468.84625009601405	-927.6323930754816	-1067.5276730732512	1673.0416648126884	2186.93036623843	3097.9824860290973	643.9403926456089	528.4088022646465	2466.820649038302	796.2590630029536	196.34745321000446	2915.5148846767624	615.023800045903	1167.7375573027257	1136.6151614652044	183.86831617203097	211.5542646607173	441.4453067850718	892.4798704990517	723.5669387878042	-287.3321709448546	585.7678495669043	167.660127191848	130.76801403874197	497.77403900099307	1138.7632989678168	171.53089579210973	328.8063492077199	155.95400014041388	7618.109177951468	310.85203919347987	198.04940246957085	547.3171092628963	596.526130654267	-89.74429899792449	499.6098598897497	110.21662661031223	215.57710551431592	32.22853349016168	211.9506125388125	-26.22137807322906	68.5869432877953	
2024-07-02	456.3361838670271	668.304211379691	-277.51928990232227	183.77986403180148	517.2971422780392	9828.290113328098	53.76887367109339	275.0886691647893	790.7583257499209	-177.88353986094262	426.27724220761957	-240.98601619869078	1365.5435453072969	525.8534927950968	-1201.4182039858588	-214.78501698140826	157.85769899297156	239.09913472803964	-251.36728062841394	1884.4892685313753	506.9177625053708	1084.9584613658444	72.25222253785068	83.45248819978087	-291.277831671925	304.04271230753693	-105.01060747437077	1763.0275738604796	19.1506355672027	492.4734794194501	-256.7377310883867	1356.356464799479	118.93799445260447	-59.22103303864151	241.89489798674913	273.58403918351905	-95.6705538213755	-544.8011737515299	996.5651847756162	-731.6636919616503	1243.8134465339463	-6.030671506445287	316.46837727328966	-667.9520490061477	-92.33273389331043	1548.8344942217336	-55.704244069975175	437.6617665864287	-1067.2891853597248	-306.6616797710849	840.001222113242	1285.6487859601148	-375.3282624496469	-918.0420711063525	1177.9069047986304	1475.6183822592393	1612.644276900679	-1489.5880574929906	2981.6625513800227	159.3783355167634	-1041.3488342818655	1294.7768368468642	-1040.5608102578644	-755.2155955706739	436.8000873257788	-744.4312437968711	986.1334022612209	-317.4482836922216	-773.7681305259139	532.4354995511785	-928.216685090556	-1067.5391209155405	1873.1557457656563	2434.050956020048	3087.751816239659	708.5313513616475	601.2916051307257	2605.2842342928634	926.0272167719977	237.13738643335455	3332.705121826326	692.0601930524299	1279.651735283138	1265.4175354603467	194.45129021207867	264.4092562958467	495.08796449474903	961.7202279111716	782.6483095401018	-287.02183051857355	700.7117103515793	205.35577942696727	142.939769760711	542.0939953085908	1287.159745350138	209.0119475233896	366.9304392235226	172.3326274529245	8384.067356874119	366.148100340828	251.97801409116437	713.2457651044479	716.1766415664806	-0.7200150917415158	711.2878142588233	142.6094197194816	250.45891715965263	48.80867572081843	345.59415096396697	-12.761192715186553	123.65174497348198	
2024-08-02	525.80480829507	584.4965529888977	-240.58454371445623	225.00180364301013	614.5205784277896	9969.505871192654	63.103574326877606	340.9036494079837	671.3266828577653	-106.78811035018771	392.67747955446976	182.7744478034474	1557.543850243208	983.7979915567121	-1189.765444364415	-108.16363433331935	414.96347769826025	246.16055181733282	-204.19857018910625	1953.093694818108	673.5489481290315	1058.4197443430203	81.13724429575723	99.67381036761299	-306.47113012234877	240.51699430201552	-54.086289409635356	1834.6106639876452	-5.505367077419578	462.9390159757404	-211.79682253523697	1687.9932870879566	98.70673136245568	-48.61906343065402	217.7731503718569	293.7609861823785	-12.006221524663488	-530.6807564920109	1067.2211474349824	-660.5147818087207	1264.494657374693	41.325568449294224	-112.82735716540265	-998.5594356984948	-49.31982644117488	1612.7888239246422	-25.55372204772266	444.85724569848026	-582.7442634178733	-198.4939469818346	860.1030438243324	1348.9388452801559	-379.39713963257327	-916.9328789422889	1235.7058604750837	1496.9490348089512	1607.5123774577914	-625.712173410182	2976.9917024159167	98.67986563946397	-1083.7325916615546	1200.1857481276966	-1000.5587750256045	-736.5223797251037	491.6870615016469	-744.7934898048625	1099.053014367575	-321.1546435308901	-761.1709800841536	525.2939086735878	-902.1420798591689	-1066.1516328043363	1916.616569922362	2452.1078174612594	3188.1380229147035	737.8999788302062	838.6864893690508	2785.6271089590737	989.3837222403708	296.78605335839165	3361.287727891351	729.2931483361481	1274.7337637830842	1481.9388537134037	239.37582781938545	309.90636647953943	547.4280756405642	1027.9031834003126	796.8841605905909	-248.9664717171454	787.8077641247382	225.9280906718377	159.38271490173247	586.3549981671531	1373.5995851613625	228.41719377982372	425.24497767780304	207.2921488236616	9143.184820624068	415.66896761762837	356.05338770818344	724.7939055489169	785.405085824581	264.3186120722603	758.5421908812168	173.9415576857009	277.88530614492265	85.41353159132359	381.66707536015383	31.593780915362004	191.31047284719534	
2024-09-02	591.8693452880361	493.3481419648997	-188.96234036254464	288.47766170144496	695.6555146883893	10206.646355317964	64.59254407910885	377.5746037363215	569.3067155450153	-18.439405059994897	358.3679506432618	767.8884928444022	1692.1361820278325	1251.6827356969297	-1165.5615393121225	32.9233593007466	640.7875097015713	317.81082957313447	-140.66526633849026	2062.3639012271633	801.2110001347028	988.8703820676656	105.20229274658686	100.5574808937763	-312.88786104365045	185.61203581561676	57.58474371127522	1934.9608267483854	19.353951273118582	397.8286640927672	-201.05626087638575	1885.3498482873256	94.4946963902621	-19.177417003533265	202.77436633885736	296.648782421571	74.73940886763012	-543.3250933229647	1071.3279996902202	-595.2497977081784	1350.6067780348276	55.780450825450316	-324.31743563257623	-1169.382209480831	-35.080997794160794	1712.8010329633908	-1.2414472776081311	426.7584644250346	-251.11796544727986	-71.83838485941124	878.4152626142313	1414.5029789892433	-373.9536999367738	-922.6059291961737	1294.8280524099064	1532.658816324436	1605.6738536497414	-82.71298020103131	3026.9961175874487	45.292974816627975	-1114.1616597890998	1083.6008695229048	-973.5308696439124	-715.3180381968068	542.089254243403	-768.8973179899858	1154.6560949139493	-323.90857624174714	-778.923400905177	574.5784866621016	-879.8085050498585	-1054.9089953063349	1958.261186342319	2463.040027223331	3181.396298538588	770.2896444670532	1070.563546941863	2874.515377042757	1053.991996071827	350.8266208539808	3402.3334992768687	794.0278779933506	1314.507617863861	1670.5075349234812	301.52039913201406	376.8011808231222	621.1255635680191	1123.3239811949334	800.950606164728	-211.68701428905024	845.4721052390396	221.9214616964873	183.45188599624453	625.7577212253746	1340.792056977436	221.47352980660253	476.93591261858637	238.70154991100662	9853.192123326939	451.6449295283128	445.34260193567025	762.8353955775019	828.3002477268001	391.3395466073416	827.2851675411403	180.15401269985523	295.72780114882335	106.2587772836996	422.25222039579785	52.9819365414005	264.4754536844557	
2024-10-02	612.7931922735443	374.8318866957852	186.2853954871025	318.8080044913695	819.101342075599	10232.808884415383	44.60136603223509	405.51253543246867	348.871621889215	40.85874757545571	313.6825026285751	1145.7654398953528	1718.7924398986615	1587.7783872518485	-1132.5178924556285	156.16902828127604	689.9569078841996	344.3993853126012	-24.27119333486189	2165.5543603655715	813.2059297672422	913.5383132528714	141.60422765539533	111.1921802416955	-311.238429588333	134.497187590483	167.0753281369325	1961.9364719113728	33.02602176116852	321.54187940846896	-187.63780076331022	2134.796158648227	121.62777786344122	23.412789365333992	191.5043860698279	239.69023209704392	127.4918040881712	-341.3076923406861	863.3054138538428	-523.7715361170622	1416.083718403479	65.67210566915674	-426.48980553555157	-1240.352961481458	-23.92429731237644	1755.604888672231	4.89770187023214	398.06274161050897	138.64187444931304	44.72467247137138	896.3132657959068	1443.3694315648627	-176.44725915018716	-811.9554024241888	1321.845974268701	1537.027917895548	1637.9465332457185	581.1378176716826	2968.498196510016	4.864009359233023	-1050.0002555039691	927.1813678294293	-843.3006774543373	-687.521838558433	567.7423767135151	-782.2106042548003	1228.138211069494	-195.69688732584473	-609.8926947005066	558.0626604518238	-859.0650090590898	-895.6743477474301	1966.5780660292658	2462.6816157580233	3252.417496836075	789.9990446729371	1352.27276815199	2994.6812238086713	1055.7450083777057	381.9885854633012	3331.6618557837355	844.7912373772742	1338.9856218546265	1811.574079633101	349.24597039823675	418.7751672082868	624.0039308779287	1152.1770395104359	852.4448229972877	-165.0699235486445	890.1097274198855	205.96274712381637	205.7231523979699	662.5005074251167	1257.9281296882982	205.53221438819128	504.8996261748289	254.76644763002696	10555.799643982202	483.06034208479286	568.6165720348617	764.9609459351959	876.0807848555851	539.6056400851667	884.7984949238034	187.4355200448499	303.3852795575913	130.07475294258438	452.9072232539711	75.51702215677142	344.3115446118318	
2024-11-01	646.2942895724645	245.95639454253978	413.62438630392353	356.168723150241	952.1930718852327	10674.277431321723	13.513105556396113	428.28427638605945	76.384051396617	95.38739995279866	249.88982965263858	1393.6660059336173	1794.836032932515	1754.0324916067912	-1092.925087739508	228.61313898361368	805.5744488206255	340.1664943926662	13.750045552140364	2302.6915649855146	869.1768184563589	869.2349737170334	181.83247605796169	100.46788850298071	-309.1115140083739	53.908663338990664	255.34202159707274	2049.6588551939276	40.56937018615281	264.49050246882143	-185.35681006772847	2271.2820581201813	92.04112912745768	43.11266285244801	217.18739997790908	183.55814586447195	166.25232109471472	-211.92872926521704	660.9708475848311	-499.6928806127162	1470.6302247503918	82.96417592369653	-642.7959095275	-1409.6963943995397	-8.608656794600392	1834.0682526757737	-3.031998391376419	415.71637482864026	417.3808729500597	114.00086072230988	911.6087011570853	1524.0440661290668	-74.41859746097998	-753.2639025039825	1394.6395486678302	1603.4250439937623	1574.0468202995944	963.0820289090188	3016.6323244805717	-3.094456561624611	-982.9792093489059	760.879121570104	-732.0570718647341	-679.3678720205808	628.9151378885217	-790.5077874622202	1411.713792546694	-101.39203831964369	-459.0237061390062	602.899974270531	-839.4048340343088	-772.676554386494	2033.8852730087347	2594.9172578777034	3236.2954442561895	821.1673890544917	1366.1216136225994	3040.3418590377114	1067.0244908580644	444.08996986703096	3361.652313379902	879.6424022806077	1358.8588657578803	2013.2122661761605	385.68912771054056	462.60350221423323	625.7689886748321	1257.0598967147707	929.9808068632865	-165.9930584551803	886.6992065938248	234.26902206404702	214.5257325999155	695.9428555026898	1392.3802877416601	235.77155741492788	566.0461296599242	298.5920347588317	11199.29214997741	533.0403907591317	682.1717728586173	816.8603264611938	980.5119089894688	602.6334268260835	1008.8810335293219	209.3519657419838	334.7250671478505	142.46533497797645	532.7092087040619	79.3890462467989	424.8747321519477	
2024-12-02	696.2077499682282	128.62139192056566	539.2418362452627	377.5519788157362	980.9208593784169	11511.56159278599	-6.690096874034225	463.9796942113976	-400.4239773528134	136.22452190139666	195.46662627089063	1405.3639878048052	1840.1825968999801	2148.447730157175	-987.5469633865414	318.58373125486287	981.9064316190197	321.0875457301245	17.53591595589205	2611.2441718531554	917.8015680736789	930.31657409531	168.20124644677526	59.88939339711624	-299.6147965140085	-93.68529342031434	305.7123139479263	2226.015037478621	5.891715873121939	187.66118432557778	-191.58843490660092	2562.1324687250453	53.85169061206034	78.23806045229594	309.8201043221052	105.18049259548388	310.0760615289619	-101.36767580990454	381.6378301651275	-471.9424481735541	1580.5270006660576	117.02532297869038	-1052.0750974468028	-1744.4845951826574	20.79942232097528	1989.9917629044576	-16.708749326923225	444.99239658268743	832.1948361862596	201.0405995431629	924.770552780159	1678.8513260739091	1.0217340329700164	-689.2034521106134	1534.9349183689374	1729.150142287308	1396.518021606198	1743.8635957883089	3026.7472985375025	44.392152264616016	-897.7293388929584	504.01121784476163	-653.8684113957879	-701.9325093824273	726.7921999157934	-813.9257197476672	1476.0341051849955	65.86551618173507	-296.98078112770145	754.8847645926471	-786.9143284276088	-662.7190062616974	2243.4064719469643	2949.507379106766	3431.5240874570736	886.8044977402751	1416.9248787221004	3178.0378910942236	1076.6249458970015	540.2538468800176	3282.224297953766	954.2791565236112	1416.2198532517923	2059.940620120993	448.9344603317404	528.7641236324071	626.5619087302439	1470.0927917128683	1142.3867109535877	-162.5910352798992	881.8197477518243	271.0073397857177	231.26250361169696	726.3385087771094	1567.1290692621988	275.5229337758756	664.5393032774773	368.4543376687634	11791.449615928228	589.8960939568715	811.9466820754224	911.0736835518055	1145.6073833508926	731.3004001777808	1112.3886517127976	237.93776261874518	382.6667803066248	158.3671831825941	644.6029670059379	104.73164009229913	505.08948327710095	
2025-01-02	656.2230508484627	51.42022015781549	721.33822196859	362.4015155472116	993.3666090169136	12656.75503447125	-41.2687871329299	524.3908655080422	-756.4254360328232	139.06586220982717	157.46022332199027	1472.302703085028	1799.0588781063962	2275.6682420680736	-955.6347923021776	309.1010473505139	988.013752254581	280.14435181240333	8.735262671583769	2731.4920071841807	899.4898867986631	894.1803171370357	147.7870210084193	51.66533719283916	-305.67161561085595	-213.83799124119287	451.4586989641466	2389.5531855651607	-20.147947373534407	185.95546573100728	-196.20194798655393	2711.748802176444	-58.289341736039205	65.53872170058366	429.1212817504929	23.42956205601331	320.5467862392252	-4.337019389817215	80.66024865207874	-486.70273673918473	1665.687984637978	168.54302710464253	-1543.6633489796295	-2135.4384892984017	66.41772450758253	2101.681216640278	-31.700975851048042	513.4338108163993	1118.1921596768952	179.59263879547507	937.3073817978875	1827.912839408771	85.9619170093356	-647.7520627470267	1670.836590717452	1901.8390353402283	1259.2231733808148	2194.517375015246	3123.9855568608764	111.08516884056553	-847.8301031922238	355.9692850930587	-608.3716727218771	-707.7032935333618	776.4475368327094	-827.385060202103	1617.6977791302725	288.69276809954863	-179.32343781539294	880.5151870433892	-724.5367034830133	-584.5731323033906	2455.3059130302263	3294.140580877611	3406.811211475331	945.593634200759	1315.0992331023735	3246.032925997817	1030.9543628546053	593.4847608146338	3336.1513593953496	982.73497074222	1463.767979029053	2183.2412892216926	436.173003435737	574.9724267533966	601.6952573921171	1609.3169368912895	1380.102029418029	-195.4858486294097	896.1071261775851	342.17260478377284	232.48632701281713	758.0691373109003	1913.3723702339921	348.59853709256095	715.3070113450467	412.2102235649345	12359.93253522378	648.6987549356509	865.6797684182147	1034.2542489811822	1307.210875989038	753.0958875595607	1255.6337810393088	281.3148084610111	445.54229027083056	174.28609920407507	832.2963335728673	107.99741430068389	586.1114166853804	0.0
2025-01-31	662.0900466851317	41.323345185202925	935.7175757749737	380.3844686496823	1076.7544002263676	13544.88374195149	-47.46840158496616	616.7997220452071	-915.2821294598034	166.19151786788643	165.9342925406927	1691.764058896195	1910.268968759785	2409.5570392396767	-884.801783135772	311.1519240938251	1040.969473524554	288.6686944488065	4.532639583630953	2910.643536207812	958.2543543262291	904.3393144815564	162.97488402955332	43.83548874569533	-290.4207289703704	-224.01075459098502	570.0752832479193	2577.0824675638396	-51.4081057875992	225.57684898903972	-192.9538234994916	2837.3143192431744	-102.08884751605001	73.18979565066002	585.5068619949525	3.7850488178992236	352.14012569895385	78.51420167309698	6.268579390838568	-489.5297122622378	1748.6068412012974	201.8797693445813	-1851.8688070297976	-2356.061187089388	96.29624930327373	2222.8318574117548	-43.085757591019956	553.3074679987494	1318.5126591675507	181.9614144057432	946.419628101823	1958.8081807462404	204.97816387675266	-600.7943980006603	1788.9038657401652	2035.9646463037388	1260.633498293908	2475.5991977712256	3167.679513588755	173.55878389191457	-799.4722392877493	311.94817783638973	-575.6050350403584	-718.6780868877022	819.8248231712296	-841.6636310971498	1763.3009677867685	473.8629196807451	-77.12097866398017	1033.7639204501738	-681.2888582588084	-518.281371996417	2629.160963303095	3622.2590086937635	3423.9300555184163	1002.0171042572529	1257.7475251883006	3310.8149855263036	1005.2813492133591	639.913713204267	3413.294768110034	1024.4626317882266	1510.7442259596264	2442.348750320849	439.3921126660971	603.6658559592615	634.7063395928199	1784.5345214397257	1585.7980535207334	-216.71698901857872	850.7413158139825	388.92405052545473	242.52224190528614	784.900038443513	2134.122849682164	395.4971033709626	759.93348334847	448.01657036603865	12864.938440253376	700.0603980963951	927.1893971093668	1106.7717375770626	1474.4476764777373	767.2536524591414	1353.5536540895464	314.4071969874476	493.6351565929763	183.97429723567348	952.0755087056696	104.14014435795798	663.2526873991446	20.98005698005636
2025-02-28	647.0959260821219	-27.365925464968313	1294.758749546072	398.75419579663594	1146.48837453319	13629.020094057632	-46.28042542533649	693.8972623857753	-1064.17233508539	195.36185756730083	138.37483916456586	1904.2564139175302	2064.3364874339823	2616.147327174811	-807.3365846933075	331.30971158110515	907.0633352201221	310.40521709044515	17.062976029439596	2937.663753691195	965.2150698612058	887.2349469938563	229.01694327369478	42.78548795382221	-280.6666641783054	-205.5761873625779	653.3210369375083	2664.484811379745	-191.6215278409254	198.60697149617226	-178.6374430780097	3003.950387381017	-142.8196415315433	77.95129466395974	653.0966258674489	-3.2730176657278207	290.15610247567565	154.97582271471765	-22.17239885532763	-459.0433858228953	1695.9238161018948	251.06519680499332	-2069.444378926313	-2496.081121973046	142.61935278361852	2187.997381008645	-34.124139209618534	588.5326128795205	1735.088404817856	206.15391479092978	953.5426743159987	1988.0645515292017	392.97119872869644	-504.1091119685998	1815.6300343107796	2049.0834053628605	1215.0645676897057	2983.585250383214	3044.560197479954	184.94912293337802	-751.6765084305362	256.43365587932567	-529.9718569703318	-718.6876476423822	850.5298216054416	-810.9512449767772	1924.2914891810415	540.0690165642372	73.07320988671563	1123.3831398378225	-678.7295623337614	-392.63077492404227	2600.8347381516032	3567.4656514705966	3498.8359298482537	1027.3059528284957	1326.6742779600463	3369.788793014144	949.5400268538251	673.7037617921069	3299.1445069251276	1003.6798860916424	1462.6857957660886	3150.15831385642	435.39121975351736	659.7912964372572	659.2397363074124	1881.8527484057104	1599.1747327633566	-203.28022449136188	747.6684864315102	429.81564988972787	248.73816107282983	809.899746869989	2332.612566062555	438.1042752030917	792.6985712901987	476.4686475422186	13300.257158549968	736.3117094263634	958.6719905613045	1103.031630493184	1564.260580832386	988.6564180931819	1408.863484495405	358.92793219206214	535.740562895593	213.7986769215604	968.061181431307	141.1734497377838	735.6767292700533	35.58289299599801
2025-04-02	631.484054657175	-43.8561981912826	1574.7054384032454	418.414190617792	1302.7701108187848	12965.024129536163	-36.605738400836344	740.8893835940762	-1195.2609880959171	195.32879770140426	147.91230630105383	1764.730408148862	2191.0351247150866	2727.3716572986305	-769.5922088800562	312.61498996480077	580.4182030987577	339.0545699624945	34.662949301460685	2872.706217489387	829.8798461936094	942.697508683048	260.9186484561578	54.55787493507478	-280.0369363306381	-295.3659003618286	744.8404047918812	2607.0309803366	-268.7389208702716	207.12223019553494	-151.50480949333723	3103.8624021627184	-135.6107805290776	79.91598711410643	554.6202684927121	2.402548680895052	176.62268140358356	211.91896372778683	-1.9233373803217546	-429.1291028767091	1521.3268726068964	297.0302445667985	-2376.1096346409468	-2726.9904028992933	181.99364351285112	2052.1698296271934	-29.107211540890148	616.124591200587	1966.7065712980839	204.17192603526746	958.2283353178063	1925.5495764841835	516.555813513226	-372.676376621901	1758.5222742528767	1949.5373230831065	1005.9713648779871	3302.029191883965	2776.913323634253	138.47774613756155	-729.5154485460471	201.8005272134851	-494.0829356109625	-697.9807491152251	868.8026286794775	-741.3509282730465	2109.0642168924387	533.7738615121125	156.48947487786882	1135.0063671091957	-691.6448767818438	-302.4756829166363	2458.2220576123837	3319.2319311222964	3527.142971789319	1010.921934440401	1366.5151893571601	3394.9017328634363	878.3747170068546	694.0953524316737	3094.89407999194	929.4520381972616	1331.623654779518	3871.2722646166985	424.02423847154387	700.872011382271	653.7973578210404	1903.4684219727278	1521.869569973238	-192.35079103566295	729.7889934802133	464.29407503393486	243.75361727449126	830.547384561738	2492.653083841353	473.2739480037253	811.728784677136	497.3189228507108	13682.71761124907	755.5249965432758	999.7746265642581	1015.8160864189977	1578.5098867417819	1143.4345801358868	1351.4240241638654	400.2484178117229	554.4072993105146	241.19044246552858	908.6076636929138	167.94115680473624	802.7818705732643	49.56992528203773
2025-05-02	653.2982972198843	-82.44138396612834	1656.99181356595	513.8467883766143	1467.4834926856274	12090.519893748264	-14.409265793027771	860.841736294663	-1381.267642299652	238.0683798839491	150.7475035584066	1757.7544160719917	2406.2088704513953	2940.742609306748	-715.6945673297323	268.2403221461609	354.18149613075	409.8874866575479	69.59554432311234	2694.5462535992046	677.1370943606635	762.0177777138033	336.0676351551674	85.81478353936018	-262.5516858935125	-320.9462635337586	676.0326114607888	2460.8317568089296	-325.69711858990013	23.96897441645342	-81.85383093562086	3263.0770872234716	-174.28633637581697	48.07731610366227	393.3681905667145	13.602464779465663	78.0808537100238	205.775624479018	37.49599383091845	-417.1549028148629	1405.1688471038979	289.2133418779922	-2614.424468780435	-2892.859607010754	182.84821723503774	1805.340040600393	-14.953126198827249	592.3505048002753	1678.0802735683537	187.1299470838494	962.0677753013588	1790.7295866171808	565.9334369083626	-296.326781958569	1636.4632340450826	1818.2173176151155	999.7248798844394	3707.738499989864	2467.5271595256963	59.00897233870273	-739.7366643226324	114.33809846146323	-498.1462258779975	-681.222002415996	764.9673336100805	-705.4948291088931	2240.9623458185506	502.89561910361226	190.94393349056372	1140.352127881819	-720.4458225541957	-274.66214151007534	2299.7281106644186	3094.4991652525787	3643.5414465660433	966.542182889154	1343.5470693479729	3505.6779480403493	832.4716996964726	601.6489308252749	2826.9270038477953	855.9977181865961	1238.2544713310126	4817.714564903334	349.0213415871294	681.9139161240073	561.1938150431597	1817.6633978788213	1399.9254159926786	-198.50749370101948	735.5439321254325	449.95900555963635	229.65172549773706	850.1824581428882	2407.8340811456437	457.9422221580244	711.3709315224332	428.21507674937857	14034.084431896568	757.1818454634395	978.5442174319378	910.301730390287	1528.0498285597769	981.9595266920151	1245.9495293267446	390.80722087200957	526.6572232901763	211.95959846190817	835.5588088985296	136.18433291924703	866.5504927273432	66.10597706988028
2025-06-02	721.7362559545436	-157.7609296989467	1666.2020298493699	729.7800568386356	1610.441458619076	11702.261362646648	70.95160893722732	1055.9743005325054	-1389.2868996695324	277.0573017661809	197.7580141895687	1761.3743149739093	2827.1317895274005	2949.876630289684	-655.3394969717319	235.52238784784095	27.310212937798497	475.0712534510203	94.17697296602273	2651.4916237297	463.19747860139614	582.259951140024	421.82746649877754	156.71048363058844	-225.9173536605108	-318.18505218944483	653.4278433357358	2373.2075018307405	-359.11226359998	-63.56100061748839	5.4778910789500515	3285.7771728155203	-171.09155720872513	17.479185641306685	365.85310739886336	83.24795500165601	23.837759605838073	184.73710370600566	288.12372063368093	-426.9511289451557	1420.4391251616216	247.24610083259722	-2859.891367678545	-3060.4453412062157	147.92974117994163	1610.3669575668537	-5.607867014033673	545.1958729504568	1214.4091824858915	168.69386731184022	963.2859373932952	1694.6087445661979	552.0619630793844	-236.72152366725732	1548.907424947296	1759.3060048682273	1253.8653844634646	3700.3969208706694	2340.2015077651376	5.168662697560649	-763.2463158362216	86.39074717755284	-521.9776216612527	-643.097947282231	658.8631299675617	-711.24295849186	2300.814585338225	527.3768181385076	176.75362119577312	1129.949494551176	-722.5155570190955	-247.74655047633132	2228.637660939781	3066.8766374030565	3622.6167023419403	932.9621247462765	1279.528775103201	3549.6458892981464	865.4368946846771	511.1949089874961	2767.363887166797	832.3284051504725	1235.9480800670135	5892.018765242967	288.1156948362386	646.1272156666892	428.6389730941828	1752.5379414191666	1335.4173134040066	-222.52761694366563	698.8841953702595	415.5715977884938	229.0687421911898	867.2847812262044	2221.086041071845	422.3638931090227	607.8042838197762	350.0486437440686	14320.311035744031	749.4522331306507	953.8703160612386	883.0719445513787	1494.8740014535379	614.6732651426282	1180.384617083113	354.3070555104423	495.9623520686564	168.13532354782546	805.5796912231726	65.47816796145162	923.3885813924862	109.02047944417427
2025-07-02	893.8886594537253	-48.489793965978606	1734.2020337198592	1124.6932437323721	1698.5089081838123	11807.400560642287	170.92435570381167	1336.3434115389928	-936.1249286667953	377.1191943888298	368.1878101064085	1813.1406253389578	3652.7878453330777	2894.4588218826975	-457.7924817684907	208.48101610017875	-140.94860110724767	545.8554439193995	176.9780697892038	2690.050057607099	337.5274380082228	473.87692517891264	539.253801978828	231.60927448690018	-166.72045685504781	-257.7517948434506	664.4078359063024	2362.0693248326643	-422.04307791158135	-59.61940270257037	134.86339532308375	3240.9891809253604	-114.06896319224325	-4.858143759584891	417.90421765312567	294.01581252614596	56.293024799359046	193.5902614626957	1050.7736636200643	-411.4131166091174	1533.7997233531496	215.93562877899785	-2876.4265008018137	-3063.135641886922	120.88045377290291	1559.714348836107	2.2564570425888633	496.53402893193197	1026.035430982709	162.93689464360614	961.638788748598	1675.612543591029	553.3300452580543	-145.76331248554743	1531.5015069937908	1775.6654492418238	1693.1621856639704	3543.905405368496	2484.84150700954	18.209233061934356	-755.0188768131229	213.32213010694068	-513.879967398434	-583.2446511257804	597.3414532679526	-743.5385817008319	2307.527142393943	547.6469676030138	169.205614455459	1155.030628043678	-683.3563397819762	-203.0947734501624	2287.6222070422446	3345.886034245701	3528.6429944473784	930.482453839506	1333.092461662396	3539.254437129217	1074.530003069338	463.1389669893779	3052.0439081470176	866.2019814879786	1303.2584791614063	7140.011870748458	272.37348504752117	605.221655870595	347.2625131843688	1718.4762539773346	1276.8378334453155	-219.74534749623945	683.0181999595643	376.1561461411493	231.58556447590308	880.2933274456009	2021.1428639077858	383.29410376169835	551.4850665733084	301.4903427428253	14554.792722112034	744.4281524353828	924.8651760578578	942.4551955943825	1528.0282793451934	410.768948941346	1164.2253882075238	321.7521446942792	472.32434923619803	148.71590219294194	821.0139472755491	26.087546778433534	974.1490373963316	227.15553994318907
2025-08-01	1004.7785635120163	21.719669003905437	1841.8236659976537	1320.1301480652728	1720.7895719945463	12380.231549833828	229.35400794881298	1605.5517644752535	-631.8399094633169	447.62786588077324	462.49961249018634	1933.149664794888	4175.6376002197685	2835.04647829452	-366.00729912471616	178.13827736796156	-169.85851409288807	570.7620838143484	245.41792547928344	2807.666493749137	352.72581146931407	438.2050168027836	680.5507451386529	279.6740334257547	-126.01952110313186	-197.49494883341504	871.4900769697779	2424.3847778987547	-443.9627406581458	31.498594555016098	222.57154371580236	3181.8876011718094	-60.51486288653905	-30.59983324735458	539.2786861696804	474.9420164268013	69.91133200454897	250.17219119841866	1704.12306438011	-405.7190828232269	1651.4036139778218	211.12046544607438	-2783.2112746072053	-2964.125072427225	120.72639151641488	1578.9954747725787	7.036124528061009	483.2230795848609	1030.4487546656019	147.95423064833813	959.7598114486391	1722.0444369171346	586.2286276458108	65.80523829767844	1573.1635199134798	1860.8625586599774	2069.8971474516693	3352.9914783469285	2706.8148225769837	72.0933353922901	-694.4985883840509	298.77182180253476	-476.07263180906375	-509.0434116741362	551.6667327395626	-771.5361374149743	2312.4155886068984	590.7116491765973	212.33802382466638	1105.039714078619	-595.030954883583	-132.69130400287577	2477.440615446827	3744.2907065954023	3430.2004256473883	949.3661025155179	1330.3507065544836	3532.65994398114	1191.1638628798937	426.9909900166149	3316.4850196483676	901.7758435018295	1376.4018576067429	8583.653057446507	237.31194193616102	564.3614975588916	258.7281071218713	1695.8185073607765	1273.3486359455383	-226.94732616282909	637.3566001368326	371.22203278620873	234.26870940579647	890.2653414072774	1996.137322096547	380.22467787690766	507.7764483138453	263.7595901892255	14753.081305766362	754.9827541421037	957.6518592340344	1062.7987091398209	1565.8667787834365	300.818057912511	1191.7447913596134	317.7874465369532	474.1085424673347	145.60705751668957	910.222963302047	1.5497376261700992	1021.164790249517	324.0630028419255
2025-09-02	1095.5238893296291	170.7701637067621	1956.6061566312783	1473.7615671515578	1819.3879317095689	12726.714728831968	276.5071086199814	1825.0562943885607	-331.5158641105809	501.35827384875665	598.2880660673327	2094.8872351402024	4642.353076552998	2773.979297667931	-277.5601355248964	186.23854443112032	-104.02031470451038	626.8483448851566	318.97715229653295	2851.466647492907	439.5082885517186	430.79021660151193	778.7115895500401	309.3581148345352	-95.487226470113	-111.73821821206366	1325.6600370397937	2497.1118732878713	-460.3845534577831	45.0924830667409	298.56429195835153	3104.427530411369	55.443647186435555	-38.53306765233174	661.3324300368404	634.0159138825657	153.41386520514425	403.3327094677352	2281.1446967205484	-399.4263887422794	1741.7154529119289	210.52601593513828	-2689.629985997668	-2856.7620898314253	125.53188243778277	1601.3154968051713	20.19357199356682	466.4897365968736	989.7760167571541	160.05665366460016	956.1251732626406	1763.288291381552	639.3858801986598	293.75432807601646	1611.7287605780366	1912.7080140883336	2382.5539164026995	3106.332515827511	2855.46269292097	174.27497299707466	-568.2505152457852	351.14668769734635	-405.20850698196045	-402.9878148197222	551.7145530351027	-789.0665740865679	2383.6254471656866	666.939400846195	425.2726690703457	1046.8982320367195	-487.2998874573941	20.105617119673298	2564.4215266988904	3997.0887751702903	3317.5721973779146	972.8063844979715	1369.5205484892795	3521.2179912983847	1299.4420850918104	431.2170366616974	3474.8649785779344	943.3818511365935	1431.1848252478849	9594.555376854423	248.85846010320165	527.8316128695624	221.8338789290683	1701.179890981868	1319.442869973398	-232.3967701191268	588.4153854593442	360.33380115158434	238.80657270521806	896.9469438968299	1937.4448056108522	370.2959290739873	509.8648363064167	258.9533357362434	14911.500209703343	769.6453879107085	957.5884131842122	1133.8051803319486	1614.3628478158698	167.69051584817498	1238.4936708507412	317.92009104005047	474.3313885319876	141.6715574710015	982.7460047666609	-23.03743179655612	1062.7165648182563	408.0211233142463
2025-10-02	1205.1901828980772	231.0374155257341	2164.716584829919	1691.0880457274052	2036.2454735750762	13662.828732561771	308.30504095642436	2031.1973785726213	636.0373436627633	546.7555077399265	668.0221756668925	2302.63163087923	5268.294226653918	2651.6847339557426	-169.20341036236096	201.47107794862495	277.8075658955531	689.9717876627401	444.3699692924238	2912.7178602836866	657.2494510686811	426.85223676745045	888.2255093646609	331.8814479629582	-59.70850872093797	28.518345302807575	1673.9623130258187	2642.8198611478583	-487.4684859537065	8.96128480023981	364.51229366452753	3006.4468193550565	178.28927590815147	-56.83365793939538	822.8123441203752	940.0821764033772	251.30999389272984	591.7253353543201	3400.4505944605407	-365.6138633085766	1917.7066036105934	223.13690573785243	-2555.346868300767	-2730.1185896229617	140.07143364469084	1666.3660497161181	38.88737189396534	459.55062472198733	1284.3853985467285	167.39551325096363	955.5439020540944	1862.3791939803814	798.6699284358065	491.25570236871954	1700.9553307787246	2053.501940545437	2682.925414396781	2835.402188886903	3301.708600536105	372.08366373589706	-331.3980304195575	701.4444123990088	-239.29264272161527	-246.53983648854773	543.9490042292127	-824.1224253354048	2754.873906752593	873.1812074152967	723.8251954700054	1033.6090568524796	-312.2251208134303	322.66610384395335	2771.823419825734	4517.029270205658	3171.0221929231484	1023.2418603019123	1487.82717053518	3466.2225241959677	1478.9940587895617	428.0982180883366	4196.412069151491	1012.3736593844951	1548.6565540237316	10526.919810842344	245.97486652919542	478.35855092926613	235.94998072753515	1678.894024690906	1410.5600861493767	-209.76716900090832	536.9837741255906	358.3064538463732	244.74584939046144	904.1653282530679	1915.2504430581248	367.8697477717087	503.7760823255958	245.37631773762587	15084.740089315455	823.0973615139101	1008.2100618553304	1312.208481917438	1719.3969435214403	251.81348983370117	1427.3311841745508	327.4836148981467	480.66744868484056	164.3355211677308	1106.2242166860397	-5.263420013259747	1105.0979658072174	553.8684128772984
2025-10-31	1267.1658809030087	506.801930021782	2236.7265603721025	1999.5565056289688	2240.1396106654283	15051.353051922008	366.00079944273784	2423.2315912117283	2265.4532489705052	611.1920242331216	864.6967951461265	2632.9996716334063	6099.202031130095	2473.9589676974138	-48.876022723765345	196.4313697022426	860.9740527942267	739.9406184695326	568.9783590266143	3018.0546468259454	999.3629037407336	408.9310020055218	1033.3064948676856	331.8654673887836	-51.33819129670155	239.3915122127164	2017.2764914989093	2826.496263475223	-467.79386342539874	-48.16670569118287	392.80189849227645	2829.7673811274	248.2533522467238	-81.77191348693032	1070.3785178995495	1418.4522433196453	326.66097797681687	738.6457649195418	5130.4999377672575	-329.3719831162616	2136.6431848860666	247.94444725578614	-2010.9900453952105	-2252.376604107807	167.57596597323936	1744.4499182393229	56.91941031286433	467.8627094385647	1678.9382144952979	149.858773459644	949.7831465254203	1994.654069874272	835.2295681835894	578.1726685254671	1820.2416142034417	2260.0669605269795	3334.4082072480232	2353.261309501657	3902.7193988039653	608.5766987735988	-66.74838526602161	1244.550100841634	-88.06747678861939	-56.30236245143351	518.0250101023285	-865.3300304410695	3025.1127408249304	1045.8757144718256	906.4879988262055	996.6604545645132	-122.83919115433127	580.368295963046	3034.9123854399186	4971.751546712505	2959.3602556104597	1082.1272973528412	1570.1833311633382	3365.046901546535	1748.2385503329333	410.56526088028295	5285.870193456682	1083.2889090444241	1695.7166656968438	11255.5025461794	216.90111240107763	432.55078387143476	276.2295478832875	1644.6940550932486	1476.6426904336986	-180.79221463192425	553.2697336319034	371.7801110420478	244.2966120425408	906.2177339082045	1972.8787864363767	381.71966558021995	481.4583852485903	226.67778434568754	15180.346945543424	873.4646073681124	1080.096424069392	1545.8383223970395	1805.7866544757035	442.40768894105713	1623.4707608906483	343.5292975231732	496.1880946885303	207.02283721311414	1282.017981389985	34.08959115613834	1138.8714513021987	784.9924327585804
2025-12-02	1403.6292809820516	785.764989185107	2316.2360675875207	2132.0539428096345	2460.431147010684	15985.890874190882	390.6798033913574	2505.25005876417	3503.0816277846025	694.9962234886661	1048.8185420868813	3190.0914451971184	6458.526356219634	2112.5959432192467	-5.897288559921435	201.49220945562047	1577.2899721274407	771.455336412524	631.4837542995374	3041.4603383126014	1474.6670287260677	470.0020459726111	1056.224002086663	302.1450784216804	-42.20089768743719	461.7064832992528	2336.4169277214314	3010.066136939964	-409.3160951946702	-103.94314603983184	421.0994304970118	2506.2519536712352	365.9716074721382	-86.17912893315406	1249.7494116821	1736.3951476749007	383.9683190344149	860.7327594231265	6285.091304315058	-304.0044475454588	2210.594715117437	300.2928692740443	-1643.7476337695443	-1915.0303008796054	219.52309567824886	1893.5988190111857	76.54087163464783	505.10023781265045	2129.508788648789	135.20909101960933	944.0186440852922	2117.836333667219	833.8534503998462	639.6811443630841	1931.80503723758	2399.1812415891327	3611.3886494277904	1564.9941098750423	4298.9675239562275	767.54330230714	161.30188811940934	1619.9799125748395	28.625373749067876	86.36577091042545	552.1184618820935	-872.5971850914784	3329.600571043142	1088.210434080538	1003.0530100160922	891.8983250846013	26.142254489172046	754.9170983815602	3202.06285838049	5088.041061961885	2679.31332175454	1128.933525271912	1632.8477495339612	3151.0654661198205	1945.9629975497282	443.921886875336	6002.934305736173	1114.2989888743468	1742.7100105610007	10743.5887058175	212.71055161806726	438.79768108969984	403.6368492402635	1643.3499871168133	1536.9564950389758	-164.48656987409413	599.291271893182	410.247732935617	243.47402879795845	903.4016103171234	2161.7912630268984	421.3260722326977	515.762658077163	255.31365950190957	15258.872579960851	912.863850047408	1139.6644124243467	1659.971806278243	1881.0516798162134	665.8258484816761	1820.4636399600622	379.54766086160635	528.9385940396987	255.25907813513095	1415.7479340054397	76.41927693095386	1169.903424823322	931.2007966797155
2026-01-02	1459.8484202920463	1128.3512607326084	2324.293532584361	2256.158157776712	2678.534987201292	16388.96306116291	414.3379426286929	2551.250281960367	4983.239683803804	759.8343143756174	1280.0385028856253	3593.395923684955	6842.743119680446	1806.7577224090928	47.78573437254818	186.9673151375464	2156.428769643466	831.6283452121588	701.1790496922858	3094.9381839125417	1805.8407217632812	485.37107419784843	1070.5186416219121	277.4109266278342	-34.56112750710281	602.3041787852944	2660.821350086979	3115.9961957862433	-395.37122156438636	-173.58060618718082	423.0749962500422	2254.3780210070545	493.1187121932235	-73.17419369662821	1404.3590930025384	2141.6051707717543	430.075571213054	1010.712794895473	7740.681790307601	-293.0298319552803	2249.165347462611	314.7505461342298	-1530.3383638774176	-1780.4708860896517	236.1024925049278	2013.0448373479885	96.54582427553578	514.5586975038859	2246.85600442547	113.49541855497228	940.7100607594257	2180.000941098533	826.064714809736	633.8352933029482	1987.465211555067	2458.2573165912327	3776.8703217973743	954.4600462373783	4619.13950207887	899.8556748498631	357.6797161208797	2158.906632165528	119.64540908487288	190.37794638298692	568.2302151353906	-869.9421389048593	3625.941742056919	1091.9061781149358	1087.6204346233699	762.242544721883	142.56769190799514	893.0403242264738	3282.1714869421266	5064.130670069382	2430.0877944115346	1153.9363132395956	1635.6549405703845	2974.629122510625	2173.308783858618	463.40161508370693	6717.535142357014	1137.7023392952324	1765.252260690344	10720.65234991211	217.77252762433636	415.63729935369884	490.56123806136566	1672.469592125397	1567.094587022726	-164.11620352680075	609.6125195691875	420.6340722204859	242.0492239334235	903.2647429985518	2211.3746419735835	433.19632163583265	534.4481976656207	271.1701011826881	15364.283004875411	939.2323296389077	1122.4522732446185	1732.4698713557864	1939.2444867944942	674.4545962872216	1926.6949424792856	384.05723144457625	542.5073488699363	267.8058870838895	1483.8868093137844	79.3565603507559	1201.624732569806	1109.1680242910934
2026-02-02	1551.3950574119335	1820.493197007916	2288.2440418259357	2704.8419939158557	2861.567511713005	16543.598386441125	521.8839156194408	2665.9085732740787	6941.275315342449	862.4415443938778	1821.9340447890827	3992.8692794952585	7653.707898805806	1425.6963502939034	112.03555878547922	188.61342568449618	2587.1907475304542	903.5971886282605	796.4539500747269	3284.2448927567966	2052.7051169147962	633.4764829304659	1223.4786168518422	276.8082615286344	-30.57485596972265	989.5838071144135	2867.5106114834925	3202.5682225656747	-429.398785283518	-150.77712788453755	464.3142572103943	1938.4155037230666	733.0987092004179	-43.08572086235017	1570.9124434045589	2725.4408849271604	493.20717253577095	1093.9653834291294	9862.63237858886	-280.29439430536513	2221.4452976195134	335.25441779238827	-1133.2759630915316	-1413.4460353443665	261.1592564858893	2097.4877880409476	112.31556410215171	529.267648002673	2470.0214184450742	111.54316327863125	937.3690332447513	2222.12989630998	785.5799252185134	627.2172015230362	2025.4158870282554	2480.1174059337172	4150.659434659043	125.25575083763397	5069.905131638443	1065.8570416585499	577.2614364511373	3002.46566737572	253.41158595383877	349.7905858970116	656.7026119562306	-847.5777336144338	3945.229648212364	1083.9537704140803	1235.2146227387766	580.9767048967133	290.55266205769385	1001.8486598687696	3379.325865593648	5165.578304112925	2124.9670787506475	1179.6799640605495	1642.0291792391363	2775.374105466268	2584.804100381438	546.134717069368	7791.806052617136	1135.8935415988308	1738.8651089604537	11548.144921782106	275.73535751387135	464.62973760209024	543.7406169034111	1631.3927061107497	1581.6233532547503	-160.36031874157925	539.9939812005996	440.0919269625265	241.04632298333672	904.430847031028	2309.579572578834	453.51408032334984	621.6525583384519	339.6938648792202	15454.615582744358	961.1537044796696	1100.5629645055778	1742.1652799338535	1994.9654097912135	760.7995742398634	1968.4237983848961	401.5612285515235	565.7021585076436	284.07696660689	1497.7063063865462	94.87316063292747	1231.1314582108316	1373.9666439377143
2026-02-27	1823.9356413957557	3018.0118855768014	2168.9090386183234	3711.430845661158	3279.0822530060796	16165.587904691114	777.6890635111158	2921.2800713315555	10343.562202555433	1037.6643993153775	2809.2660614394954	4672.765848526185	9309.09388930224	1251.295601767255	202.97732368124525	270.71663564937626	2959.814055019913	1007.9192489841425	948.5758355586931	3575.818583244385	2278.565197253851	849.1889657502616	1473.763741412593	271.9849967183932	-6.761397004883747	1426.9158941857822	3061.3838435008947	3251.368890583002	-438.00273081521846	-52.61739841227245	560.973914575794	1727.4087964068603	1046.3810577479344	3.873461225615756	1837.8597983531	3766.8456081551594	571.3506530873492	1163.6366093922043	13630.797285321016	-246.38150846220833	2154.0698135815364	347.09928113946444	-513.7168062012606	-877.6465535884363	275.82014841985074	2167.4247119395222	137.82957035830714	520.0023796128044	2630.5980656861357	154.05301269712618	933.2429400837427	2207.1582242242475	688.9883672741817	610.8957085157199	2011.4864631166092	2423.3511807070754	5169.204643486173	-382.4029506959341	5458.466178938528	1218.070567885772	809.3296055252576	4335.539376815323	388.83053836167346	490.4837868165814	765.8396452266206	-817.2058749553871	4360.224678411501	1102.863379532624	1353.9255721427144	306.29860583258414	398.79669665295387	1125.138966598559	3473.5713090887803	5266.762880026097	1938.27743452914	1197.893024230123	1706.3277516521048	2638.2897005971317	3396.342549504654	648.9240737012169	9060.561825013338	1125.5203406503824	1684.893806505861	12514.777051631456	374.72349651548575	547.4172064565046	585.8299807608146	1542.1684483373283	1510.2869353082751	-135.2483256051055	490.38408383260867	437.3185433335002	237.19451941294392	905.4079274321921	2290.400192596295	450.30418664179524	733.0673416765549	431.38976105309484	15528.037225430831	980.5376454007237	1169.0706233054116	1691.2182036923514	1949.197296357972	904.4168695105618	1917.2606649960217	404.87562823871485	562.9892354772692	309.7813512291041	1442.884472966216	121.10556073283078	1258.5668534200522	1870.0229226473148
2026-04-02	1901.966746894239	3173.1845118279016	2050.2971809642913	4123.288996223306	3282.045856549019	15691.18552833778	936.138235636945	2883.4511302503015	11460.903071995177	1029.264477680481	2888.694096576546	4459.376939948968	9778.822583972644	902.1634415054432	121.54449191945423	271.4104139905321	3366.002526072676	971.6710712118675	907.3770183674005	3684.136220142136	2475.822351966741	1262.1923187771627	1661.835975852924	249.94984626343648	-33.09830069904274	1511.9833026412853	2980.955363246714	3231.9691986811013	-517.9288678464327	848.5347246604397	611.4055673312969	1390.4387687784183	1269.934110795155	22.67198324637957	1869.3101784597566	4081.942236232313	534.3251674444273	1202.5683492847293	14797.584066546267	-245.32290549720256	1947.1053196648136	385.9281708713388	-261.37026668665203	-647.6880245364864	314.0778825741545	2061.1881171371024	156.2484690449437	575.022441363044	2869.3792216079164	124.89630768087954	930.9419503982281	2163.175766331162	576.5022364941597	649.7789181707767	1971.348179845474	2351.658540649656	5942.204967855163	-1136.9913584422175	5627.857698288302	1286.3510164354666	1000.2738450502784	4813.2405522815025	476.1379165916105	623.6823483710396	876.0428519743418	-754.1828418184668	4443.02449206141	1016.5633481635887	1319.0247425059933	126.29384325148567	480.2551659608871	1245.6069964683538	3487.8824536038956	5264.8788539748675	1745.990363591729	1181.4400881894144	1582.341416629206	2394.72454349912	3634.484154378917	751.0989363193203	9489.865500537271	1030.6978004127031	1538.6895802920808	13367.61103311876	420.4865855165717	564.6391013543325	595.9361207543825	1449.1845603571564	1420.4331954891477	-139.39991701550207	353.47166756045044	486.48106563744295	219.10898078186437	907.8212191717685	2542.0357189051647	502.08784046232176	841.838840398128	527.2724174736159	15621.275979952305	962.6129535821692	1240.2139956037954	1626.844076110634	1889.5305716298444	1030.004016864972	1888.8307380959486	439.7928857914867	590.4251022144163	337.7972497082865	1390.8287975176227	148.65395897938834	1286.4599197130883	2005.702082061991
2026-04-30	2038.1111543714633	3500.066945365623	1952.9882078055525	4570.490806535836	3234.202003409737	16660.184401242266	1238.272051568726	3244.7822888874944	15270.866396234342	1071.1817530072058	3121.8221116089735	4203.879909696756	11975.461047501049	556.9212824227579	105.41854689902357	332.43932392744136	3618.759846400939	960.9162758494076	1003.5616827518006	3796.8165770262203	2534.7466486567027	1488.423523356334	1941.8146669289326	264.5382629011383	-31.41811640587366	1702.1986989794586	3057.4748688795153	3339.4028395137284	-628.8917516418696	1781.0210350489124	717.1009583239993	1103.0071087415563	1390.3254302960195	16.24151493505269	2077.263494173403	4920.072731321452	614.4980756450495	1293.71352043375	17824.182438542717	-245.6864170716617	2069.4880629532527	383.6325355231347	397.6063128952992	-99.1713647432316	316.14217135517174	2006.795478848744	175.99833589008813	586.4481599267601	2858.1521589072217	166.5211535207909	929.2993863950687	2242.629102553601	496.56008575204305	623.7782543031344	2045.3897165436392	2496.837713930596	7807.920834892357	-1796.284368973429	6565.872618596091	1531.7975101261327	1277.6771797772853	5971.060669216182	554.2717551866717	792.3287159892516	965.8824828795441	-764.8151338984462	4395.440021364764	1038.6751372828512	1485.2531552691798	30.491891448613387	692.8821129575763	1383.2317264635676	3713.8198750490265	5942.891325256955	1575.0419135570992	1265.1713766112043	1465.4935311653244	2190.168086587568	4194.458526808849	833.8387980706048	10812.301536910301	1057.4585133271976	1618.6413736540235	14334.16060798068	481.94214999871474	577.6803113015849	546.8063316239386	1396.3546246421283	1398.3035338588998	-144.25486849640674	266.02778965422476	498.4747105691622	211.93530828421535	911.3322458147741	2604.1201259117806	514.9999585215701	931.6645007594961	593.9124198831578	15709.35448016203	953.9527197803709	1256.930723238098	1789.2080037761225	1875.2557238043337	988.546607904871	2003.3790205748592	449.2945219278008	596.9754239917893	339.06557757991504	1456.3255897158178	145.4094965346194	1313.1971093191678	2415.5737644289056
2026-06-02	2042.9751641684743	4399.532476537734	1901.797551253203	4735.557856706211	3137.1254574640334	19328.953496523696	1379.9065563407066	3259.400350054666	23986.343457718212	1044.8299686847568	3895.5056320861295	3602.007536596626	14665.64262379823	202.30795228765055	263.0928800380134	343.43987360533356	3959.4243013999985	1000.9697407266885	1190.7313009133504	3973.454274561882	2665.3027597538894	1610.816364284674	1959.1562093169305	231.87063191470952	-68.4331501772549	1673.4820015352416	3089.36365683821	3625.3932664964013	-760.1146178446552	2183.384713728781	721.1403563003441	743.9879208637576	1468.8049492178252	-16.423285194163327	2567.5145136735773	6712.453344495887	745.6933960228034	1420.8191272264703	24322.35287314345	-239.18277038986434	2430.961858259543	401.39370400504595	630.1650996002973	124.30090563317208	336.49291417385757	2094.3933208866547	136.6570824395303	615.0415501413318	3142.7332105359383	183.1158771444152	927.7925412484983	2467.105316373989	479.1631290651767	542.452625867767	2249.1272200360036	2897.068260359476	8222.622202686249	-2640.957988404174	8244.80883685893	1943.56558911311	1503.9883146229222	7765.0102118947325	649.0572782433537	1067.7145741973745	1081.0231340687533	-818.2755891303568	4294.905863168078	1161.0285317519847	1720.614411362625	412.179913352933	987.5057083201391	1446.9749567850213	4215.066346266165	7364.036237796976	1445.4949294723338	1385.676843305071	1402.7153470421617	1996.5678073937743	5145.384789803142	937.5826920572727	13679.756533648026	1154.76153896303	1868.3284895512297	13660.099327795804	546.6957443935717	589.6906004477023	559.7581340815814	1354.9254200261676	1419.9135877513436	-142.34629921795295	187.30648599943925	525.8033530590401	205.09627361187813	914.8655886739434	2747.9284775447595	544.7744104651774	1043.4348671308326	667.5943315158966	15796.534450637992	960.2280041831746	1210.552880521518	2373.3824997673037	1880.114396034438	1077.7005284300976	2215.479480972008	477.38504001832735	622.187494626578	354.4630928345541	1566.429052666359	167.29592058461822	1337.9262794171664	3281.5350681131986
2026-07-02	2082.5355688337277	4252.634730572434	1661.4880904073107	4505.1510400966035	2809.5341413246497	21219.459727909154	1392.9830879274068	3095.144980883024	29067.17199924866	968.4024457120722	3914.026844629927	2869.235648423055	15820.0510653553	-88.99659926879394	149.8964985367893	420.25865328339387	4891.1765176938425	1024.5333415196947	1270.3572832232421	4399.2136754851235	3102.97147631432	1618.550739777991	1858.2795692013497	231.9530220887068	-99.44569059440892	1430.8865035201416	3188.030215417377	3865.341398559787	-888.5642752075828	2002.2920435921696	716.4858634749689	412.34624465336674	1369.5646298634856	0.7700854760423681	2857.7395060036433	7520.529855165361	884.2573262786173	1521.6019345173318	27282.43110112814	-231.36159113330086	2614.2708220093737	436.6607880976553	380.0027233765759	-72.97068772586317	374.12961679050386	2211.190566689729	107.46770059149185	662.7424507351825	3486.3937699540547	224.74290132652095	926.4092005638813	2643.1011498073494	383.33174557472375	520.8162773686299	2408.4870621449954	3178.820759580285	7819.238690813243	-3513.235519429356	9645.105773254494	2137.1324249107347	1579.5997357740853	8424.714153174005	688.0025481225948	1158.2680007228555	1186.9934660937051	-841.262833666694	3992.8929943454023	1142.7466780539871	2148.6539776881164	751.9961138380495	1141.3503404894382	1405.041875620518	4558.549292703909	8340.100927248015	1273.2801136854396	1456.3215611614596	1337.3852558112994	1836.4927418442967	5473.678758931968	1029.9565954136979	15713.087297090431	1197.095686809189	1995.6750505584241	12831.132805396861	588.8053041685325	645.9073158704723	690.6832427411973	1458.5928475204855	1452.8911104562321	-136.83563896596934	190.18516278273455	571.615784034766	199.79393848555264	916.3818477382665	2980.4515054333315	592.2071074527321	1148.0705118134356	744.4380590741293	15891.430046302732	945.4268394938244	1244.8203498401945	2682.848187512329	1825.0821375704545	1249.6621410532243	2300.168109705137	511.1039924822071	660.3771511680588	383.78635301600116	1577.2459646342613	205.75057281086083	1361.598121751289	3669.5613309072905
2026-07-31	2109.7406087414493	3885.901342929279	1529.1033209080233	4116.9388499882625	2522.0533763570456	20508.381023405935	1289.6329848921741	2691.4674696416187	29559.96732951612	871.2423927196596	3632.2525599319924	1897.87037252156	15060.854817967178	-342.13838069599296	47.93470108099427	509.71771253790575	5142.2510288335325	1070.0087171664127	1312.28240003899	4280.999944863899	3242.1937302996776	1648.045754882125	1619.6636310002377	221.39702553456027	-152.92337108540505	947.3044295365708	2880.3982574333386	3769.011970420739	-985.45714892261	2156.281637717708	684.890624213208	144.62303685715597	1381.1049536757419	25.160674058385666	2696.3745910941107	7606.851567454378	959.6079003960931	1417.7753369871825	27741.894885433765	-240.9448656059849	2615.6180634429	360.79698460214786	41.27148589785793	-339.57412197894155	308.01444514496507	2146.9925049492304	89.9949062593646	598.8301369470591	2822.5449914929923	284.8695681207482	926.3349683971319	2570.6636842658845	298.29767878790517	474.7955909106886	2334.464293858371	3072.0135067238807	6792.664843154187	-4259.193864028239	9742.510999510225	1980.8428241833954	1442.1488579207326	8089.727621091679	580.2473886476682	1032.9378591035293	1213.2551966990814	-831.7370243015248	3558.4054988934986	998.9332977714657	2102.9453304765975	834.1655459692593	1043.2246210723442	1234.9228875215995	4439.870127745402	8044.537924085751	1139.7980772292212	1376.3728750243135	1174.8344976582157	1736.018058102185	5349.981113560738	1056.1303761583204	16046.972228025756	1214.3079600583533	1994.7679396602653	11092.527891205136	666.6198560814682	627.3887046960572	718.9387182694863	1459.1346457280524	1291.0599261315	-148.66819131594275	110.10224387753624	517.6327509355797	190.6505826061184	920.6879555779669	2696.6965955974883	536.4668317882515	1175.325555233554	769.116899080449	15974.8561677346	880.378327677452	1163.90944574696	2684.8529492782363	1608.3237340722299	887.3681094496569	2250.1644073199204	450.7287672902912	601.9630398980735	325.0078662292017	1480.0769245563006	143.8703080558007	1384.9695295999554	3664.1965928581394
2026-09-02	2175.2973709626967	3466.5415509817467	1299.8662129423901	3658.1750104448256	2369.7872114809215	19368.55148542297	1252.1976279854562	2349.3102460804985	29615.576578819513	851.003121654725	3300.295470098201	1338.5628729118762	14536.91639260079	-603.9772307521052	-28.5075584764636	517.2002494177868	5353.750990224085	1076.2927440444255	1336.1578345807957	3850.8210967149207	3399.2801830768185	1740.920245292691	1486.0509884666008	290.3756946099775	-173.9338230816511	686.8648624037269	2619.3145495263743	3557.654019936628	-1058.9150169452369	2468.1392212893625	743.6705293589712	-110.25552237755619	1472.9259486434566	53.87511612081107	2477.7966709673346	7483.293346969087	984.5736447856125	1266.0277139993195	27245.669703503037	-251.2913642315234	2626.7520211079936	247.39033531532914	-41.90850341906116	-408.5702699324502	205.6391460478044	2067.042541990726	80.86385763722137	499.2540490851716	1915.6031281232863	285.0956510151336	927.2872370027108	2429.9714969127053	167.25050191745868	443.69909193753756	2207.5864635043654	2902.2697786258577	6351.301687943767	-4915.153320747835	9419.024940314463	1786.3613099476352	1331.9847928456456	7686.821048991944	444.1400997297342	871.121504739629	1214.81917142752	-821.1770651202505	3221.7169426403707	800.6871075470262	1969.7782099493234	956.4445535253981	884.656326702001	1006.9957841675005	4191.7896409232635	7524.258785721169	937.6705777010793	1275.314811811173	1009.7610034054087	1635.5205929697404	5177.340723442987	1057.8205989507333	15679.765581573083	1238.2855763070347	1999.2450699860892	9586.412612095322	757.7210593627551	553.8782406170012	733.2820256689229	1382.702896224262	1098.5020475166057	-162.62625151816155	-13.325709610895501	431.0690326848162	183.30863047714593	925.5353283232835	2264.1627306765586	448.79035562048375	1176.9034319275706	771.39101134659	16066.214454694302	813.7975468791265	980.7580599673947	2619.929580869437	1390.6546289488615	390.62642532207974	2153.4359862794263	357.7655137377624	516.9495562546599	239.43488807738868	1386.7612729333268	53.304627030544	1407.8392134745518	3591.1934893397647
2026-10-02	2150.0179411250683	2998.7634626925756	1004.9383794884961	3245.8879565524458	2160.0654331707847	18859.470776343165	1226.5465919134076	2072.0154384918096	30550.933380082046	765.220181399809	2888.1319897999565	727.1559957486024	14172.555331215728	-723.6631989641319	-120.38103752032293	456.3822911394309	5227.504509943472	1041.0304546292555	1359.18094899867	3377.3667729889057	3365.5527009725593	1725.6404842719894	1424.2627245047315	292.84757841994815	-196.7889199666679	600.6302743377801	2250.4960940491073	3318.810565626438	-1152.2633179094573	2792.436311309444	721.8180843380287	-240.48509987053694	1443.1227287618276	49.75252666976576	2291.8704182074107	7547.305643204607	949.0388445804165	1055.7294029518562	27445.428666907712	-281.6620812261008	2744.742990548075	121.81657493032435	-46.77136110702486	-410.9054824893865	91.97600121615142	1805.3490662598124	74.38381831631432	403.58327883343554	839.3084701769549	227.53949771569023	931.4260544343997	2285.6688259446855	14.410115458647851	441.0029848567201	2077.4390298822327	2827.9432705305226	6241.842786420573	-5227.245164949825	9574.766347607641	1574.5440402763415	1157.9020091788916	7772.956115876859	305.3194021475383	736.0104407252966	1126.1776226087459	-827.0782131677388	2831.87015990484	611.51203420825	1774.393392328815	1208.8689092628265	758.7164228311958	737.5714634864544	3999.1135940862805	7415.387565797682	849.5915330257267	1189.980832805879	725.1733825132833	1570.0536833306978	5048.174141744545	978.2466071333856	15843.979569889954	1254.9257534100525	2079.285612891097	8504.56830382302	762.7864344764366	430.9412304055804	689.895363082509	1190.1970765705846	864.520780254039	-195.5606149071582	-182.86811522592689	350.358780121569	158.39617646752777	931.9481094961302	1852.0161102322309	365.0120297839658	1087.9071423638761	710.8548769528643	16191.224913654849	749.5670485684259	745.5168539011556	2647.2981146702987	1197.0887530949585	-216.0814631006433	2021.9999186690184	252.53486763549154	415.09626216076504	140.30580390628347	1320.7417592921538	-55.67195641694343	1434.8415103737352	3609.5392801519774
