	A091170	A091180	A099140	A102970	A132030	A133690	A139220	A139230	A139260	A139280	A139290	A143860	A147970	A148070	A157490	A182480	A185680	A195970	A195980	A200030	A203780	A218420	A227550	A228790	A228800	A232080	A245710	A251350	A256440	A261220	A266410	A273130	A276000	A276970	A276990	A278530	A280930	A283580	A294400	A304660	A304940	A305080	A305540	A305720	A308620	A309230	A329200	A329750	A332620	A352560	A357870	A360750	A371160	A371470	A379800	A379810	A385510	A385560	A390390	A394660	A394670	A396500	A396510	A399580	A402970	A409810	A411060	A414270	A414780	A418670	A419420	A419430	A426020	A426030	A430500	A434060	A437080	A438330	A441800	A446720	A446770	A448290	A448300	A449450	A452360	A453630	A453640	A453650	A453660	A453850	A453870	A455030	A455660	A455890	A456610	A456880	A458730	A458760	A459580	A461490	A463640	A463680	A463690	A464470	A464930	A468370	A468380	A473330	A474220	A476760	A477080	A498400
2021-09-30	0.0	0.0	0.0	0.0	0.0	0.0	0.0	0.0	0.0	0.0	0.0	0.0	0.0	0.0	0.0	0.0	0.0	0.0	0.0	0.0	0.0	0.0	0.0	0.0	0.0	0.0	0.0	0.0	0.0	0.0	0.0	0.0	0.0	0.0	0.0	0.0	0.0	0.0	0.0	0.0	0.0	0.0	0.0	0.0	0.0	0.0	0.0	0.0	0.0	0.0	0.0	0.0	0.0	0.0	0.0	0.0	0.0	0.0	0.0	0.0	0.0	0.0	0.0																																																	
2021-10-31	-1.0370370370374076	19.22507122506795	23.612535612533975	2.4729344729339573	35.33903133903186	239.31623931624927	-14.119658119657743	8.85470085470115	-58.31339031339303	-68.12535612535612	13.641025641025408	-407.4757834757911	-111.92022792023272	-237.1623931623908	67.32763532763602	58.074074074074815	-10.370370370372257	28.717948717949184	7.578347578348257	26.324786324788874	-49.05982905983183	43.47578347578383	-54.56410256410345	-3.1908831908831417	-27.202279202279897	-26.1652421652434	68.44444444444525	34.222222222222626	64.37606837606836	99.71509971510022	-20.182336182335348	-143.7492877492914	61.743589743591656	6.860398860399073	31.111111111109494	-32.30769230769329	21.45868945869006	12.205128205130677	-117.26495726496069	14.358974358974592	76.82051282051543	-19.863247863248034	-91.65811965811736	-98.8376068376092	-23.213675213675742	7.658119658120995	8.056980056979228	-12.12535612535612	5.823361823378946	64.77492877492841	2.7920227920185425	27.44159544159629	20.50142450142448	-63.01994301994273	24.888888888890506	35.33903133903186	-52.72934472934503	-438.18803418803145	26.723646723645288	54.08547008547066	84.47863247863279	-5.424501424500704	62.54131054130994	0.0	0.0																																															
2021-11-30	-34.863353381872	-116.30201053562996	-40.80057791738727	-33.9881332132054	60.23042020762841	811.8595465946128	-45.84167336304108	-29.539532958336167	-67.91717599694675	-162.36459119650135	-120.53356709766922	-790.1251775553828	-326.2859879384123	-147.37039472081233	110.05637941250461	106.82072385776155	-202.65062783581743	1.9104390386455634	-29.24862622868386	63.40175810261644	-116.93223269291775	45.931445361644364	-146.86858061217026	-48.25279015592423	-138.50660303082077	-38.389688395387566	168.99271921494073	66.94650205761354	112.08522658095171	15.962370435307093	-92.64220257952456	-123.1112734474591	76.38892541456698	2.9036127953522737	86.64134219689367	-97.13784790707905	-2.1786186800418363	22.58572576521692	-346.6062775464452	50.97231353641837	206.57082328877368	-9.353105900116134	-80.65911802663686	-131.3532520028275	-15.609418754718718	5.912679280201701	5.024050129462921	-8.324705156614073	16.30236767559836	99.62964586326416	8.936291101526876	74.31530588225905	0.8315841592193465	-95.80172238861633	66.84013928458444	118.86289884010694	-105.16710091638924	-344.937200185057	175.55016598891052	130.22553388365304	191.5832176686872	31.150883515556416	61.28972979115315	-40.20512820513068	5.185185185186128																																															
2021-12-31	-32.329973271621384	-90.97078387480724	-124.86440671812306	-11.5916690560407	80.64127564362389	1320.9021999141842	-60.67981438434617	-39.500376738256364	160.73988280934282	-209.77864042664078	-103.10872018812552	-1009.6809686142587	-353.1504895146136	-90.65734301051998	136.6950663232983	205.85789136511994	-398.45253180064174	30.264550383481037	-51.78544472446265	137.99594672509556	-192.14927562262528	65.28067965556238	-165.5017918394351	-68.80838347433564	-187.596809984454	8.470243343337643	225.58190635176652	154.92197483967175	145.39484937303132	53.86593159290169	-118.4424716647336	-104.42210243095178	143.55106674750277	25.05822641623581	197.76455638436892	-82.60719661990697	-10.701539658479305	55.98835091040746	-293.39385010263504	53.94889193998097	320.87011697998605	-3.8040988817065227	-103.19085044611711	-220.42558651115542	-12.983754363744083	67.41795899231147	14.157520412696613	-5.571207045415576	161.45483815611806	194.8049410650856	17.636942442586587	152.55179918041722	-67.63716920472234	-215.48201423143837	137.47613159705543	195.9501124225444	-126.22611672200583	-370.53341627749614	310.89230882079755	188.79423875250177	184.84654546524143	167.22389583593576	34.80157131406668	-149.74242092191162	49.23414582674013	0.0	0.0																																													
2022-01-31	-26.30718289154902	-213.43810448099975	-149.57692892134583	-40.89823794651238	94.51711650494326	830.050692402001	-92.19482727130162	-76.05089107593403	50.796098309328954	-339.70385118613194	-182.41280058448865	-1709.6898537046727	-491.108141866167	-259.8575749410811	-107.47912559927681	171.25900104906214	-1089.7679547725056	-12.800058111404724	-93.58169346361319	117.88602673729838	-491.4771665148728	211.32032840828379	-222.40813349225573	-108.06067586369682	-258.06239309645116	-169.73887273992295	293.99130474840786	113.11447374482304	185.3109943027448	220.15657430505598	-176.95330959001512	-212.71495018232963	246.70600862661195	22.586106302498592	63.19995717074562	-163.61472399753802	-170.4194801440517	23.765469176179977	-584.5989984004846	29.740240923514648	173.67018905167788	-11.698134991138431	-465.63946302039767	-582.6967820773862	-18.27722238376373	53.49283102895788	7.511008293718078	6.860407794358252	-66.09185691649327	155.7108852709007	28.241305260307854	128.58834750027745	-125.5356264647362	-423.57931394611296	116.34505854731651	123.12727278003695	-338.80254088057154	-769.2708116059948	263.6544741868529	144.8603837209448	88.59591572789395	202.6859551087582	-42.18831434534877	-334.20904717099074	62.28408198947545	119.25925925925912	11.168091168090541		0.0																																											
2022-02-28	-4.456766691873781	-371.092693508861	-213.5018174974175	-41.37605416615315	164.220215567173	291.07528688787716	-100.99781654431536	-75.02293631399016	-65.83559721984784	-403.5631604571172	-276.2902105749781	-2205.381261069473	-522.3614804109384	-423.04456491585006	-312.39646541782713	149.77828640201733	-1543.1943635992138	-83.08942307906182	-145.20460408871804	45.345365473494894	-735.8682244331321	350.45315488510823	-224.81158483287254	-102.40294852358238	-267.01334974435395	-305.8316118622497	329.5600208170181	60.88222104948363	235.93121048069588	484.3426154692206	-189.827005291133	-319.46615625327104	385.26095159598117	2.3633785062374955	-79.24467135469604	-217.24039674072264	-272.4729152236996	-5.181409324155538	-765.4053225836833	-8.710870168288238	27.485969859393663	-25.32795661543605	-747.8924846894697	-881.9041657024682	-28.518233255472296	30.725362327993935	14.4231596729378	12.7728079361259	-610.9664259116544	122.27011921823578	40.61519287806004	92.55329735201667	-198.18500891671556	-571.8996562986795	83.70567016307905	43.928440891690116	-434.88033712012475	-1214.5804995516373	224.8367464914645	94.50923936606705	11.378517321394611	201.99456616172574	-60.306449100215104	-435.11926378014505	64.85842990057063	216.92096655059686	54.89046355143182	0.0	-2.7920227920221805	0.0																																										
2022-03-31	31.778821688976677	-480.09167131121285	-324.73069809123444	-32.424188763693564	226.851188159324	452.36720237524423	-90.07140852124303	-73.76145681316257	-142.42355699661857	-431.6060590545312	-339.19370603105926	-2460.439984662182	-415.3336233686787	-734.7375677175442	-397.5892933050927	208.30162066541925	-1838.5775116702825	-96.92765006991795	-200.74728786520973	131.18564094517933	-810.5464809282566	555.9794074822184	-194.6967779364004	-106.85455304601555	-252.15710951414258	-350.8178705835908	334.9251400067624	129.67025986596127	317.7341580790235	804.6668059486201	-215.85822550948888	-509.86705951394106	603.020397493965	16.486729907956942	-156.83810200733933	-243.21788510942133	-288.45810891603105	-102.94683938197522	-854.8643478259837	-91.78554842917947	38.52128565052044	-59.4900338810221	-845.3170175106607	-993.158905970522	-59.82935877313503	88.48047531352859	32.756917480896846	24.040097985247485	-1186.7745192735456	165.67384816024241	54.15467528082081	145.98961649680314	-307.4893967760527	-699.8554839960034	132.08557191146247	68.2492598863846	-447.2845326112838	-1821.3321866936458	251.53127041682455	103.36222610380173	-24.599541456591396	217.49852563442983	-119.0450851719761	-419.397988886687	104.74592835056683	210.79357520847407	107.26678990816436	14.678062678063725	-88.94768711292818	78.01709401709559	0.0	0.0																																								
2022-04-30	42.9744670393402	-514.2294268964033	-417.42875897708836	-47.85592739409003	265.4384038579119	41.02192587815807	-86.38751153996054	-64.51372835168058	-307.9392114428483	-434.5387453168405	-355.335262801138	-2696.9282725520607	-337.9946057615707	-1125.6453326736373	-607.7820867403552	247.2324196391346	-2297.1417728465312	-181.2518717856001	-297.41751261470745	153.0697810902857	-944.0574057500453	740.5828315114977	-172.9521653772108	-91.97356453172779	-254.39615651880194	-430.24792661217907	297.1807161240067	115.39684002285139	444.8933431423411	1097.1183306154016	-206.9897145636478	-775.4419317607535	716.979844878495	37.0963444830013	-366.6125778519163	-289.5168530893461	-387.5979830747983	-236.3648049328949	-1014.5275231830456	-230.01459209877794	-127.41425081683701	-80.07297152350657	-895.0220843362586	-1049.7014072520979	-78.97249860864395	101.21191169463054	65.89297368393181	60.75332981307656	-1925.9201819442824	182.55513040072947	70.92601134815777	144.31163729118816	-388.4260038250941	-861.0532922033562	131.55033172103504	6.435095168422777	-478.07090192645046	-2798.618184463674	177.04371770402395	25.758586355826992	-147.6752337589278	186.96175854740977	-251.45803269062708	-457.02493318512643	138.31310316636882	304.50238740244276	169.01728161320352	-97.4764815220642	-256.585912012637	128.28100421262934	-124.92307692307622	-103.3048433048425																																								
2022-05-31	60.74912402849259	-511.02419919937165	-474.9280515916216	-69.61178042480879	256.50886169745536	-656.3343098489422	-93.2860251695547	-62.7553800886767	-506.22139983869056	-457.5710351768612	-341.83551083694147	-2905.961224345534	-273.2304796504541	-1452.5885065546463	-785.2404623749298	160.3635878420282	-2758.2717008581603	-229.2978931094476	-374.55324411229776	90.29445178983951	-1069.251920573377	1014.7811514032528	-125.62573484933091	-109.02152436205279	-268.0091288840613	-483.26864940822816	99.89171489251021	54.07838470391289	462.07055829858837	1509.185840475524	-233.26094143441514	-974.277607375654	872.1220917481023	27.213890438001727	-531.9730637375324	-316.9075903603516	-478.00559977383455	-340.4345522456333	-1140.023999338191	-359.2252150068798	-324.8917879258297	-108.76817370467143	-868.9616998339625	-1053.6398181450459	-103.68040020502849	55.07030872604082	83.92386702039585	77.57704899655255	-2515.941197632812	123.6609198438382	87.64513776731474	100.11023891310106	-447.0125078797555	-1018.298830916201	92.85690613912084	-96.07383838745409	-464.1961667525611	-3467.8693999876123	116.6669317586202	-27.757183661595263	-157.14279628914664	140.00603779777884	-284.6880282372531	-455.5300897359248	163.8336748520669	414.73576006264557	177.97829612156056	-178.73173431108808	-343.6006362273638	63.53300218106415	-190.58163488932587	-105.28664540060527	0.0	0.0	0.0																																					
2022-06-30	-24.535678889163137	-623.863132494298	-395.86421473301925	-163.56167347822338	225.92863508515984	-1462.5326790385734	-126.82433613097965	-61.85917697562627	-1001.6935257916884	-507.01717640420793	-433.0612264110114	-3193.289477467537	-461.7231958921693	-1886.5116370135074	-1080.2150818906248	6.07759611675101	-2947.3248159572067	-351.2792728576551	-480.09772612194865	-36.49869169956946	-1113.672102607914	1056.9048362027388	-142.31726950869142	-158.7881991651616	-341.9906983567389	-686.4242738278317	-70.49586971782992	-67.01246644003186	460.69007948027865	1716.712398451682	-298.490410447871	-1305.2254716622556	776.9643410989556	-17.61383156805823	-760.7657741751245	-463.1891356255528	-643.9830134295044	-274.900199829739	-1672.47822995163	-479.0999171142903	-604.5007781060813	-98.26135861920557	-1105.3193849124	-1269.117036729036	-90.74578863290844	-37.62832959665684	57.766602631352725	129.3611361175499	-2980.0893871593435	-10.682531958214895	105.72826943170367	19.42697535291154	-423.84224743392406	-1009.1174287007252	21.19844557050783	-216.85350042254322	-504.0356629353828	-4422.788507307065	-34.154389785593594	-145.2324201862266	-154.3935327867348	-18.514894844212904	-198.50995605028402	-457.7033025351466	146.22348258471357	590.9045191546829	204.1103924329891	-166.08862200264593	-326.252051082467	-5.070509406981728	-277.82316452226405	112.13828623833433	-48.98005698005545	-57.0370370370365	80.56980056979228	0.0																																				
2022-07-31	-96.18006090283416	-595.074682711187	-444.99808369299717	-216.79806634368197	170.43781782384576	-1454.961228357628	-151.25663860923623	-69.86518106681888	-1242.6965472558113	-512.2183733611982	-429.00090412390455	-3201.8880862956867	-594.6479941340549	-1854.5424470651633	-1251.705566332943	-32.46644407959684	-2883.963868345836	-415.32417980730315	-560.110095489943	3.7801695745365578	-1039.8967796707802	1106.980032712845	-140.5306682360124	-187.03515863580014	-395.3381878483615	-760.7094579306213	-242.59445173769564	-46.807150767166604	461.936825939094	1724.925942182841	-328.96375043906573	-1341.4356163692864	678.4793302929411	-26.449068677443393	-796.1359515928962	-529.4417521652322	-679.1734883628123	-298.0410895343248	-1909.444043338779	-542.430810023352	-676.997841317323	-59.15475012068782	-1191.4307406301305	-1317.6177973093218	-53.17313525152531	5.603544419427635	27.440921384879402	168.4585133648543	-3019.2472064503963	-26.869765911867944	125.07285099859291	36.1631423601375	-456.5397100768305	-1030.389920654974	37.32701981936589	-216.2352470264159	-480.1260298827747	-4529.9896482860495	-42.8018139038777	-163.74170897120894	-138.5940410650528	-112.18782047718014	-121.23072620521816	-340.51475640877834	157.9622381292702	602.9352618147732	192.3436827917103	-128.8430084048323	-327.2894609993418	-37.622314675028974	-215.29361463898567	216.59214109803543	-20.266653679758747	-11.410361928881684	266.98124203538464	44.19373219373301																																				
2022-08-31	-151.93357888046467	-571.5615134200198	-449.2254957420628	-269.03970672153446	99.25341321371343	-1463.0011319169134	-145.30181418497295	-46.862874516421925	-1421.3433982917377	-527.3678197136978	-427.4721512878641	-3231.8056506334615	-598.9207221681972	-2187.3581250593124	-1394.5347998266916	-107.76486367411962	-2734.0490077574905	-491.4810250834398	-616.0159678382024	83.15785097647313	-965.0597399944454	1228.5263543921283	-122.37272515073983	-210.94334444743072	-410.2931931440953	-811.836488690009	-256.12360344285844	-41.292363265438325	519.5525181682042	1661.447368841924	-359.939002563915	-1566.2334720073413	660.914386438737	-53.89036192636377	-842.6950826000593	-579.3041525633835	-704.1896896540038	-323.3048511030556	-2075.3352755556116	-616.9785943820352	-775.5411490604056	-32.548093888279254	-1158.7666376667512	-1238.2538029228308	-27.11851353959719	46.829616148046625	6.958511047786487	224.29311361998043	-3049.661484169017	-92.29429660590176	148.3761801350629	57.71810919075506	-467.5415430867788	-1038.9038112669332	56.79724728135625	-217.27524511177216	-368.57146233576896	-5235.950774143814	-80.75860700049452	-139.60235734723392	-80.7614587638509	-202.567601865092	-112.43097944677538	-201.9024794561119	181.1540011555826	637.3988321403158	187.31456631729816	-100.18797771247591	-353.80834955530554	12.847038059977422	-87.50785772600284	214.5933989955447	20.329507352438668	30.05111129749457	322.2382831604191	72.65100120940588	0.0	0.0																																		
2022-09-30	-240.39079577028406	-720.0504945916655	-539.4751718974021	-368.56760494667196	11.000635662028799	-1664.5822400398174	-170.8893242322315	-77.04781525880117	-1833.726618923396	-586.036271189716	-538.7476622990798	-3544.763222115951	-783.6253299195232	-2628.278008102483	-1623.2866517112325	-300.5056213202661	-2574.6678604844856	-633.216661409946	-750.9163981072015	72.60580249108534	-839.6682161455246	1260.6948246036209	-182.37578711924925	-252.31934934888022	-453.15203554794334	-994.4478491004684	-383.5424704090947	-94.25607831946036	615.1710517588945	1438.8194567504142	-412.0940975043077	-1892.747649820536	512.1451069354262	-128.14333684302346	-951.3360532455572	-718.2641055526656	-814.8412469088798	-372.200335510428	-2585.7020782832697	-726.1886408809241	-968.9919896105675	12.04171477116688	-1413.2917235197528	-1403.4329662619311	16.099421004386386	26.90326646365429	-31.584215125694755	326.10890454784203	-3316.3431948127254	-278.5124412054374	173.71780632306763	46.82564036356598	-540.3943576320471	-1088.3787533558825	46.196459711332864	-247.84190748506444	-427.022197592838	-6048.473584725885	-169.16625279413165	-187.86238262933693	-81.19733919722239	-346.21480834433805	-133.77099575344437	-165.58912880138814	189.36231690376917	759.2446626558794	198.39073356592417	-139.37633853513034	-401.9834519902579	13.712234213502597	-35.852260626361385	136.39388995233276	20.87260209444503	20.790999309072504	294.69051443321223	70.66565925633586	-357.0598290598282	-66.52991452990682	0.0																																	
2022-10-31	-283.5821674558074	-828.4216280498913	-769.8818962709902	-433.4106294256644	-73.74442521934361	-1686.122057058732	-176.30530134353376	-104.20641196284441	-1901.072713504629	-612.0809409080812	-636.3823485637222	-3650.165727156462	-802.0619846543887	-3005.8388508502394	-1805.627428524349	-411.3936152445094	-2305.9827125015363	-690.8589216496875	-869.9874885104637	254.96410293710142	-604.781202119786	1484.9214628080244	-190.69299194222185	-294.78408994860456	-507.2533846045426	-1083.4288539907084	-744.6422383124554	-34.563763010570256	675.5767854637525	1349.7084776844113	-461.1831992666748	-2194.560778878513	496.88547077830117	-146.56782332367766	-970.1705908937911	-769.8906886006498	-809.5244755626009	-503.03069696338025	-2779.799122263248	-852.9351030566231	-1083.348152553166	32.560320247699565	-1300.9647483502267	-1152.773530516075	30.870174040221173	77.43500655179378	-103.54123175590667	398.81234297226183	-3734.5429032109387	-391.80001955315856	200.76645582850324	99.02298654894912	-662.7902168041846	-1109.9516709086965	92.80613942471791	-251.41588048425365	-387.2212386336432	-6857.8464581480075	-230.9994082986177	-201.03633539873954	-83.0066775516043	-410.85903212899757	-178.08273507344347	-155.59332268955222	260.08550084433045	810.5569838557567	200.81917532976513	-211.727603127978	-417.6763846445356	32.50163593818979	-8.055399529757779	2.5749710158870585	59.669925871294254	34.438592488411814	224.11957865623117	91.35901631012712	-695.9977597584366	-153.15557503591117	29.83475783475751																																	
2022-11-30	-268.3209097455392	-888.730389271579	-798.3557470335327	-427.2630203487988	-82.98064755979976	-2096.4438845572004	-157.71889821029708	-96.53629357469799	-1818.0980273388777	-594.7987768309267	-675.2313779897086	-3699.524775525453	-740.7566630403417	-2890.2316609705595	-1856.9129097480236	-457.04781429917784	-2302.5287337399495	-650.3694227304004	-875.9834996411064	353.05149954937224	-496.58446802987964	1585.441803705402	-156.74558270731632	-296.05664637347536	-507.3242035565272	-1118.3008224489804	-1082.328469708962	-47.23145029835359	658.4066134608474	1159.2117450522492	-434.63838498628866	-2239.7698027401348	564.5437561733925	-124.07341446010105	-981.8481279014522	-742.5338441100303	-802.036697720785	-573.0769266263669	-2683.6096368086655	-905.0249511651455	-1162.5918910118598	-9.649436945876005	-1143.7289159712527	-885.5756987434979	-7.52732912589272	56.63297948065883	-141.58685752879728	383.10350022247985	-3964.271530551865	-448.6515408278319	231.63629283900082	78.64172801557106	-683.9631524313108	-1103.515048810088	75.61650228364306	-311.1001512900657	-285.41454727092605	-6987.675957744854	-241.4726850238003	-237.46565639586515	-144.42417423892402	-423.5591045286128	-259.51121761676404	-142.07987547726407	290.75368768272347	837.9320846949104	192.05719465665425	-283.86916253117124	-475.70729900735023	-98.8115295018797	-53.6726120662679	-124.63443807695148	30.514895487100148	-23.067579151575046	368.8162007266219	100.46795398691393	-749.1599817045644	-175.6439919561526	79.75276174706323	0.0	0.0	0.0	0.0																													
2022-12-31	-264.8732473258642	-1023.4938872170969	-777.2642540750294	-432.57457425896064	-63.8240622418125	-2951.876155280421	-166.72705645963833	-102.2701177027916	-1996.4158882934717	-577.192536863573	-742.8853881896739	-3746.2132062928868	-758.0729305730347	-2812.82737646687	-1904.5706182879603	-534.5142344782016	-2376.488964240245	-620.8079130616661	-877.4791379954167	305.02251969232384	-509.06184766849765	1534.0495716027162	-170.40222125310538	-276.1299410496731	-473.59821608521634	-1186.2455177088923	-1355.6230559061187	-159.04537680247813	562.7843235615801	987.5779887728931	-384.79685374112796	-2151.8649661332456	591.9735381077408	-113.49148826259807	-1067.5573306521674	-781.641343792764	-846.699701431944	-623.978366657182	-2829.3459700073945	-949.0836646272055	-1295.348758567683	-82.33629016652958	-1311.1170368598468	-1005.331520588421	-79.644719593638	-57.47268821872785	-160.84668561264334	335.55835561541244	-4446.728186952285	-523.4195242672158	267.06267462397955	-19.829534117596268	-659.7315418550552	-1095.0702303703256	-10.427988379975432	-437.91717085256823	-339.1282272885037	-6993.32954338062	-332.5218598367064	-379.05027362841975	-315.5811967234167	-486.9160375536276	-367.17727980749623	-170.47726155906457	261.770031357446	924.4176242732228	180.21168621297147	-418.20378414300285	-532.1052256561952	-283.7684365617406	-249.70122459981576	-242.02489320009227	-61.598189805212314	-147.95056172818477	484.12191658545635	63.781589443235134	-800.3821216144279	-98.56632439274108	92.66569630232243	-43.39601139600927	-95.56695156695241	-36.216524216524704	-55.04273504273442																													
2023-01-31	-203.8715374833737	-1019.7730507104025	-676.7365686622397	-389.5272210631165	4.242482520050544	-3217.427066470642	-145.00151598308594	-96.2636252937159	-1863.6060541320476	-565.1170777795924	-722.0116310735248	-3757.171797848081	-741.3027933912635	-2439.4898045455484	-1854.4725766222364	-504.3980196956327	-2265.358216464232	-537.1251586139515	-818.3947619140872	270.69756373945347	-483.36108416407296	1493.852813441321	-149.24543126757726	-246.68161133957574	-425.58385876626653	-1176.9800166423393	-1451.308295167073	-183.092807803685	496.9288619759827	826.2970915309725	-338.2509605576979	-1804.2373594910168	663.6752357701771	-101.99292513620549	-994.1094714893115	-731.5786572901452	-789.3194370867623	-589.6592285997613	-2648.833456473556	-932.9007915319289	-1272.1998797744636	-144.72814052269314	-1224.938304942254	-879.3358651040908	-142.73789195903737	-46.50165649353221	-165.48789923260665	274.7003835658252	-4552.758579437475	-508.38681016112605	304.13960992988723	-66.12092713796665	-606.9035672798691	-1033.9346007623017	-52.275632194721766	-476.92290218099333	-331.4779398118062	-6472.376317957016	-303.0644115010982	-388.49633814248955	-340.1448901602871	-461.44450601990775	-387.9164763408917	-192.29883456834796	222.3581065287235	873.1522478827501	187.22490112218838	-425.7513790338362	-537.6009775815728	-397.9224983714703	-319.86949681726946	-254.25929657919187	-98.44350517890234	-188.6657126160917	730.4027832374268	65.02410623159813	-638.5831472234131	145.78303138363117	136.90613566838238	-90.70176378438373	-38.366506765367376	-21.739823540394354	-22.23527406433459	0.0																												
2023-02-28	-180.63804358987545	-925.623984493357	-626.9586206190343	-339.47556575511226	1.6023967064666067	-2920.631602970432	-132.07123195179247	-94.36949448553742	-1684.309391422874	-589.4212955596122	-663.6061332637364	-3784.5248619115773	-739.5791498056496	-2378.1285752106633	-1788.9031983756176	-496.0346261230152	-2149.283035540415	-488.97342611372915	-817.8198830821148	383.91080265114215	-435.14127134249793	1470.4638682898985	-140.0628131163221	-226.3824172779373	-393.88504481248765	-1057.1511480956979	-1542.7618781189049	-114.80982288664018	475.0087269789947	667.3870199992016	-316.2762469745812	-1605.6090367998986	626.6133152974962	-80.89299191597001	-834.6946590797907	-692.3947444201149	-734.5705754250193	-547.5156391975106	-2506.735806765013	-947.0834317959489	-1223.6906456228025	-153.0325458954976	-879.8929929846818	-575.2385753074886	-153.52897695233878	60.98278894921168	-166.91918740514075	287.3079509507261	-4492.050099710061	-523.8411018425522	340.8906035749169	-39.01451509252547	-588.9112388545254	-988.5327872430535	-26.15312370548054	-432.40690362427813	-243.68950444047186	-6301.015513788021	-196.67963674811654	-332.99685776869774	-372.9837395463237	-427.3748501912687	-409.237311501347	-181.4376871019067	231.78342916686233	805.8856168317197	196.1700136451127	-400.966715440798	-534.98253846235	-408.3973616312687	-324.53273577034815	-311.60238416590073	-85.18620519898468	-162.25546658677558	822.4188151358248	93.0970284306677	-662.4092140427238	342.1845718764089	176.30925898175246	-88.59998273499514	79.3189301220882	-13.26104297031452	17.76185660608644	-9.094017094015726																												
2023-03-31	-191.80680998568187	-812.9929612806445	-546.033349410036	-329.4980515878142	83.27637623478404	-2343.3060221315827	-100.4127902526102	-89.49666271861088	-1452.7657452385029	-601.3471494264686	-590.4211291875363	-3728.6046145321343	-708.4215469986193	-2002.8497935356427	-1753.6006576026211	-538.9518006615872	-2213.3348677449394	-420.5471579028581	-788.5054351871859	415.5860091756731	-417.7708621934835	1383.529921310408	-119.94466142384135	-215.71629751707633	-369.18785388217657	-859.4829331592045	-1540.3535812507544	-59.28543501275635	460.79769554854465	506.1624680013829	-303.59205545533496	-1271.3491368362156	581.7401489408658	-76.36292467030398	-696.2962201939263	-632.6649580470694	-747.361973548439	-508.2576630083113	-2285.4714281413326	-920.2797062843292	-1086.3037454114128	-148.22223619162105	-134.45985121752892	26.78908564777157	-153.13419765133767	155.66737966419169	-177.86484979211036	281.70638179700836	-4363.938896508131	-567.8712038511621	378.562856674871	-15.817018303734585	-537.391195343449	-972.1691693890225	-4.271920487921307	-345.0578232322732	-48.405807161614575	-5788.068837999912	-49.18524471374985	-294.813540008392	-411.612653002092	-338.0567454800412	-461.4033525928553	-176.6839369546742	202.4638565424193	675.3959700899522	267.9512839847812	-391.65717313353707	-472.6691455517084	-423.11815351138284	-368.8411681607049	-378.106485447046	-36.33577125233751	-74.7801403064077	1150.1417026330164	120.41231472987602	-545.6528935844253	614.2919375402707	193.9235663186464	-114.5817784058745	250.63009657098337	5.658355401914378	108.24665292500868	24.32912070518978	0.0	0.0	0.0	0.0	0.0	0.0																						
2023-04-30	-195.97827300250265	-676.2365418258923	-482.6299790963203	-312.7407621224056	145.51922200500485	-1612.839472789099	-61.781101852936445	-63.20032258533729	-1292.6131364588546	-591.4731357959263	-506.6503011598852	-3537.7200376447363	-548.3018120700472	-1671.5647105305834	-1725.0234457992465	-547.6880279990801	-2110.2605497542427	-343.3978348555611	-772.1080137858899	469.56987743077843	-324.4946628637008	1356.689593377072	-98.66753788786536	-212.63923733387082	-372.9129851603416	-660.5977740703929	-1517.721968818434	66.89789377747002	518.9993353617392	390.03311851020044	-298.96948881825756	-978.1443817440158	538.7570112091344	-54.39363637617407	-571.5533268196014	-567.8890290306153	-760.0348698155249	-462.7734063015778	-2048.976870209488	-884.8035144301048	-953.2022851841248	-111.41390538440464	577.8591043119231	552.8017649073299	-123.1595506474041	301.9454221939959	-186.08877502643554	303.0646238355821	-3866.029106005124	-582.7338626459277	414.9321392269703	52.39545944593192	-519.6203214206007	-922.184350051657	58.31046859122762	-236.55289901366814	134.98063152878967	-5355.884760524903	27.20705952643584	-282.5181937288544	-459.1240506896356	-291.3481820113575	-517.8365374640634	-172.54143827003827	193.0600448675159	557.0876033254335	349.4556834362611	-408.13935881151156	-402.5071522963408	-442.59321092729624	-463.1700976043103	-442.2552088388584	23.41127268024684	6.572666782842134	1417.8887888187746	166.20734171951335	-406.238079623261	842.3385409801558	208.146473020558	-121.98538722601188	356.54477003868305	34.61619338127457	187.47836909595935	139.82213042587682	-7.2592592592609435	55.60113960113813	44.991452991453116	41.40170940170901	29.994301994303896	2.233618233618472	0.0	0.0	0.0			0.0																
2023-05-31	-188.55730216949905	-519.1853694117617	-542.3267119947304	-274.34982864241374	175.95428097591866	-537.2222107938287	-32.00663257281667	-33.18238860530391	-944.6005439795445	-578.4325480706211	-425.5118997005029	-3272.226764725612	-408.4666714613959	-1475.605574722853	-1693.9840525538748	-566.9578582150752	-1909.3304083113435	-312.94297680020645	-755.6472646676557	464.6333653522379	-306.349553270702	1226.068942222726	-80.07528967149938	-213.3094695284094	-375.0917861884145	-488.95159217380024	-1475.1163241057184	147.2079332139474	522.2285479178154	212.43852140445597	-330.1515863097984	-793.8370165664383	402.0977778157958	-54.11121806736901	-413.4607086280994	-473.17410995469436	-760.9035507106419	-506.4222261888772	-1707.5184345624875	-867.2674266305839	-728.0521122404207	-100.37132249687966	1108.7772705607858	1005.7655248410883	-116.77873546600313	413.7479293362194	-171.02673610715829	307.88872088762037	-3781.5923287619516	-619.1677535803356	450.26497154867684	110.90500230454927	-543.3312285018956	-948.5360232197991	113.21905868353679	-75.37607349751124	253.9873213115443	-5229.941283750748	262.8852801188714	-227.78516523373037	-479.54894573612	-177.0055960229438	-604.1720921356464	-189.58601692714547	157.40680159096883	385.45469371419676	390.9824273548129	-394.9429019060899	-381.6394122552838	-380.3746010858904	-493.6651836629262	-513.4001606832844	153.15711880771232	198.58899522276442	1544.9739556159475	190.77943019606937	-361.46307632465323	992.3427056013606	217.31659681242036	-148.33311052126555	650.5286906183501	66.64166537785604	323.4407863911947	222.89133028765718	-31.53065316028551	39.019683281791	36.49197652616567	47.361433754595055	76.12665481611475	-13.192847460653866	10.849002849005046	-5.344729344727966	-3.988603988603245	0.0	0.0	-7.179487179488206																
2023-06-30	-190.16699964028612	-350.8953013447135	-525.9600302257404	-257.4184724556126	164.4495063123777	586.67418775853	-12.94108960323183	28.526048428685954	-645.8601875472705	-598.6379844901603	-339.62270311892826	-3142.359080646802	-189.194505212894	-1399.231829292592	-1704.765336449338	-538.1811399146154	-1757.2702643511038	-260.786686565385	-716.1905835674152	607.0377121242927	-284.6535323272328	1143.6616634867241	-51.43378135757666	-204.78262045543033	-371.72655296324865	-338.2094087257701	-1372.8342227028188	277.37439792099394	500.5394290039949	75.66282827141549	-375.54893806174823	-687.9342430903635	323.9505405097243	-38.11660294716785	-230.24329313757153	-394.37268777322424	-692.8444995519931	-537.8003930385967	-1413.7544928497446	-850.8244242049695	-482.8085053786526	-111.63572254229803	1524.866691176725	1243.8908008593753	-132.86466390831265	579.9094613782909	-163.1801046335686	307.9202644937741	-3591.693516633968	-595.4260128186288	486.69650716769684	203.98336206780186	-518.9414123575898	-986.4521657507394	198.42414711843958	93.4020783854885	403.5226216107221	-5165.877975352181	457.85955231956723	-116.73467094001535	-456.5821376302465	-47.91091359871098	-657.8290413269369	-219.52594588154898	150.89321439035666	211.89096460323708	391.5406178624544	-337.1856447647351	-401.9437251888676	-330.8828172946396	-492.14805526255077	-568.4749786732664	285.37215929153353	379.39279676147453	1629.647816148019	229.55494760424335	-344.91897885338403	1108.7694134316553	238.29812859450703	-147.50203207143568	871.5300108375359	130.30103329109807	466.5630132020906	373.8214289795051	-26.096210739033268	36.353075814704425	50.23749238354685	78.93259746406875	185.98959044783442	-30.7128095007738	47.62415889481781	-10.588095875844374	-2.600887979804611	13.720797720794508	-0.3988603988545947	-13.12148440353667	0.0	0.0	0.0	0.0												
2023-07-31	-176.33793640924705	-252.13931865577615	-444.3626581249573	-244.80936464594652	176.1372240966448	1565.3545662510296	39.07825135132316	94.49674925669842	-438.90566113967725	-611.9540616337854	-310.1012789810138	-2981.3475437685665	19.456844471409568	-1327.1187030518922	-1631.1636034734256	-486.3682564608116	-1671.5562454152932	-181.45299265986432	-639.2237754852613	716.8754457818941	-291.77313378374674	1097.973206773484	-16.92053374572697	-197.28400513665292	-385.6742870123262	-31.34063925821647	-1203.902841572879	385.8481306923786	457.97912866976185	121.20138404158024	-410.7457357242529	-565.6920787647978	325.56224301340444	-12.546843488922605	-113.98755971180071	-308.99410700115004	-585.0393227233999	-530.6488098805312	-1100.0789887403298	-844.2001411170368	-217.43749139431748	-154.12907616714438	2483.8670441814975	1936.3149823453932	-173.07028119037022	722.3903259539511	-168.01616140345095	276.99431986048876	-3616.1694499623845	-555.680477887734	521.6591461037679	282.00220960803927	-431.2976371749264	-997.8172100043157	269.1412489165159	240.76499420965774	674.7480264421483	-5021.077628597159	640.6586595728822	-1.1169369954805006	-437.37358840051274	97.4927368886365	-728.5080865186665	-257.31334382723253	153.32395701790847	37.9946986091436	375.94899369764426	-244.8551937877237	-453.0773752059049	-291.12848164856223	-457.19135289459155	-617.9099502759782	409.1603287954804	545.4425809099066	1760.7780736458226	265.05650742427497	-307.6844981695758	1216.3884077325347	318.0722845081709	-136.31526653870242	1045.6760023387505	210.60052629103302	620.1252933165888	421.20174642776874	12.68115823190783	31.935043459412555	56.20634392555803	123.11020324825586	256.1444307239908	-59.245967116243264	70.8682366071207	-36.99143893155269	5.057304197799567	37.71605749952869	-126.26806600594864	-42.356707477609234	10.051282051281305	0.0	235.40740740741603	0.0												
2023-08-31	-153.12328075633286	-197.26053656437944	-437.1924929961406	-219.53659511249316	173.39526823991037	2458.3565201553865	59.60533328037536	135.37411601076292	-370.9167226592035	-592.5982353316831	-283.8369007649144	-2801.6792736358366	146.01323702211448	-1262.3563539681345	-1562.7273328686697	-455.86678644474523	-1591.335219235778	-151.9299789998713	-620.2985124524039	839.8323545360654	-223.50760063675625	1121.8586243711052	-3.9666157165502227	-150.15222384545496	-365.96183605918395	155.0362102022118	-1017.6243766810694	500.7395380694725	431.3010685370173	182.62103447072332	-392.87717850001354	-443.05001749814255	292.00375075260126	-10.718150540282295	-69.86711261512028	-265.703263296522	-532.5191491656915	-558.7249335044908	-945.489018412547	-850.9281228445325	-37.52074264426483	-156.7078680251634	2898.9144199637994	2089.874497955858	-184.48983568553922	828.8196036020709	-166.9388137285332	287.260382385859	-3505.5090621146956	-538.3906088918739	557.066807422867	368.7918797936036	-389.2257604685683	-1009.2306525391205	348.2028956367594	375.4936035395931	795.9559871910751	-4893.88558907574	776.1775195625396	40.898289735940125	-469.1916926974409	175.20223243412238	-823.604112392316	-330.4138596669891	173.8229837828785	-83.52510749573594	388.9646842386337	-215.3557784206896	-493.95898276676417	-247.0915693144725	-478.12053077844394	-693.4739884231067	538.0979507282536	686.074832525801	1875.6775281110895	296.5513875405468	-303.80352899373975	1322.9002875097503	364.34465983074824	-108.04853836874281	1169.400913032423	259.30696067797726	713.1883299496949	413.79656213307135	32.38785861390534	31.6196614892051	95.90038608610303	174.42758438118653	339.62022375261586	-101.98566647746702	96.48831758847336	-25.267659970280874	13.233297451503859	71.00332875067397	-51.21666793736949	-29.280523760970027	37.99400978888116	15.475783475782919	673.3088530126261	9.492877492877597	0.0	0.0	0.0	0.0	0.0							
2023-09-30	-123.61751600540174	-141.64598607608423	-442.6267796559423	-205.9293073570807	141.90917441209967	2872.721509451905	56.660963472305866	137.3791855074146	-426.3793295743926	-577.9394171709864	-253.24416112819745	-2683.5496685616345	218.6142484276861	-1303.7265208800964	-1539.004017347921	-499.12783658663284	-1615.2493985055517	-166.55519645714412	-628.3166281679441	808.9315582091476	-202.73537266533458	1178.8416880231343	-21.93187520119409	-125.31504791821499	-367.1676156707208	173.1715058170521	-945.1996605785826	531.919534868397	397.1880462844438	381.0253641861964	-387.64252906791717	-392.5692000670242	247.22711150835312	-29.1062896769281	-142.9936328372096	-247.9032773365252	-556.538737983261	-568.3717547653778	-882.5995656667073	-893.1688136812354	16.756148742748337	-156.54358394782503	2730.4539375144486	1784.2373720329342	-198.43404692037984	832.9585578437363	-171.37178847065115	315.8818230266934	-3566.80352676833	-585.1590521698527	591.6219060925505	397.0881526763842	-376.1583270323199	-975.7998094818977	372.8329277322555	436.64572078054516	744.4014722542961	-4910.770622623611	800.0378512403331	36.974056665276294	-544.5341767739792	206.48799410156516	-905.2365644313022	-438.1659577218743	169.47523570662452	-129.9178318514587	393.1340750130421	-239.48750964685132	-538.6273763512927	-195.4148822229272	-547.8613905931034	-775.485995650366	578.0223217499042	723.1049460992144	1901.0867584971566	296.06958264542664	-426.21241606115655	1382.2597342012014	404.10398910250206	-101.18373950773275	1160.7933540256709	248.5634894919349	707.9335771129572	349.35322330237614	15.310340581409037	9.473767791871069	116.17463124224196	204.50897889409134	365.7323667379769	-178.98132077497758	141.54691872670264	3.590202862285878	5.607841482735239	110.4733751297681	102.61809314698621	0.8421902479167329	43.65860833213992	16.096687526885944	1257.6896568000084	6.93039829222289	-7.3390313390300435	-38.529914529912276	-19.863247863248034	-201.90313390312804	-45.15099715099677							
2023-10-31	-129.56465170190313	-263.1827800117353	-482.9228529118427	-213.42297868993955	162.05073424031434	3008.116056513827	35.52037785661332	85.45291020698596	-558.5465648546742	-578.5350506100858	-337.1131638501083	-2674.17120682474	160.60519185452722	-1463.1962924392574	-1545.0782970128857	-573.2027010956699	-1813.412936127108	-209.2210483515064	-646.583623350567	708.8932527312609	-308.5151328282882	1132.6735277730331	-99.73449302874997	-112.72392663142318	-388.25855279462303	39.74278863988184	-1025.263490862064	490.1383980599385	287.27968929129383	432.4130827474801	-398.8274330277509	-416.90965136667364	157.5562162428214	-72.5373811409454	-286.8050816398463	-289.7647894495003	-636.9809943163054	-599.9255690892569	-1033.8673782941478	-953.5776875426836	20.320594715562038	-170.50554275962168	2092.788842290436	1138.1884856598954	-223.6902346750794	744.7032250377088	-188.5272896108222	336.3016773974159	-3912.1732238414843	-659.326247875737	623.5198106788666	380.98878638595306	-370.009673177341	-907.9346212235969	357.1689024198113	457.1649497211147	568.3698554547773	-5028.936724433224	782.4123236233299	-52.59591575949344	-680.6397221128755	204.63509519028594	-990.3874990552222	-587.8729751982464	128.7985073197433	-140.45437849082555	433.00315240024975	-311.66493428675676	-573.4686832753378	-205.66916006034444	-730.6741851419902	-850.0482691685866	579.6608195959288	727.9222151826671	1915.3636568509392	269.9819055037169	-645.6129695634299	1398.1765686836443	379.9940164339059	-127.11948126041352	1141.2997581767831	210.58996090466826	684.2618069176442	239.04173876776076	-35.97615178685919	-29.28411208828402	87.81770501138635	186.9772056048405	329.6922238719435	-273.96103487388336	147.95411997486917	29.5091529121637	-8.8064940082686	152.74223340251774	251.091275271232	28.820473984249475	11.54217005882856	-9.605985225403856	1919.5414015701972	-0.34140619025492924	-30.156346133555417	-68.59717047750928	-41.102393649402075	-567.7485734693691	-97.4014821308283	0.0	0.0					
2023-11-30	-92.78175628803001	-216.6012620979418	-551.9876071389808	-171.3120604613814	196.96448357307236	3585.6688662459346	44.95700875193552	84.71918556753963	-395.913526229775	-535.633794180776	-317.7727738020312	-2447.3684666397094	197.72510260940544	-1181.7757853424264	-1424.297994220331	-539.5097578922596	-1823.160289692405	-167.27297164935226	-615.6351594811094	695.8274207730174	-387.07745053056715	1022.5682907933478	-99.4062364203819	-109.47192076135661	-399.24138327295486	73.23604112340763	-1062.3475346355954	543.4763860526291	227.25143592867062	403.13094677415575	-396.5839539874178	-113.01787216990488	126.90743828557606	-84.9972119900649	-280.5399195149621	-227.92107626793586	-610.4217251263381	-664.8759869317364	-811.141392423393	-933.8002788866379	188.32897153511294	-186.60103136989346	1934.1419575161744	932.1594323971512	-240.1309489025516	756.9737964855485	-185.85963620655866	310.0972706804896	-3753.8369668607193	-612.5190508034157	655.6846098769238	418.9965331796502	-370.22927858238745	-850.3999623748014	391.64103184829764	543.5755712589253	528.3180775582332	-4519.842511042647	891.7095618308267	-68.48582673890269	-794.6752380095859	326.1733072091938	-1080.0369492699147	-684.4255048427167	108.70365166255942	-239.64450046194543	440.9575218358077	-359.0784158788574	-617.3646509990167	-113.47898845079544	-839.730657393774	-957.8101840997424	645.5751889100957	845.3725289639169	2149.8613560529047	281.964700842791	-492.1790673835785	1543.4085436350433	405.1159009079811	-133.4666352688073	1230.8440946692317	253.74357855390735	805.1769521273836	265.2416669669328	-32.4316526248258	-62.108273110192386	68.82788867653835	223.60071991548648	366.4620011265106	-291.008263471329	151.68678055420241	18.68771317446408	10.473516578646013	201.0298889335536	190.73161710337445	16.908069800641897	-3.6207621502762777	-27.55986290625333	2653.6925816428848	16.939560738748696	-44.97724694255703	-21.41228929141107	-20.898278312066395	-663.9551306968278	-111.94073409928933	-15.076923076921958	3.111111111111313					
2023-12-31	-43.920151547382375	-79.27840604470475	-619.5114162099417	-110.36120361038866	240.341757454029	4407.971849754045	51.8380499519526	92.19311429085019	-149.5894814241692	-437.205359152902	-206.30354770964186	-1915.037334396282	294.19540188905376	-611.6625585817383	-1273.552195802	-412.91261141788164	-1419.5360192413682	-86.63247882972064	-544.087101925481	841.5926245576084	-229.07268576134447	941.0035804440977	-48.23844293610091	-93.39160937299857	-395.15965349645785	165.33205328430813	-1038.372383351205	672.7243665477254	218.1552096653213	309.38419127626184	-372.27827720097594	311.433155658553	152.90161580300082	-71.61392035344761	-153.97274212920092	-117.44043401721683	-452.6283179247821	-721.8271577549713	-405.63081782466907	-853.0196848810556	403.2491645243863	-171.31856767287172	1804.8756864535353	759.7188985599896	-226.9818680391436	893.8128619049567	-175.03045321226045	290.8989774329766	-3090.903010914408	-479.7610582162288	686.1762946061426	501.8345509447463	-378.3873252264293	-846.2870534491094	465.4794120917195	665.5488437314671	553.3792991201062	-3506.440007548117	1069.526947186203	-23.277229053383053	-824.7865369257015	450.70411939256337	-1122.9698581358998	-678.8820394092645	143.5728826814302	-350.1251430266457	458.9165574695253	-354.00261466607117	-650.6237180076077	48.031590313959896	-825.3021879911121	-1027.7340754663192	752.4018293823337	1003.0629739040523	2456.9024439626664	332.01430173986955	-119.62339966565196	1789.0984551367292	451.21292263658233	-90.8102273236018	1390.7566763123832	327.1802467571124	913.2309610281482	334.27874271310066	20.652290053405522	-64.06329074148562	97.04010791645669	303.0339494190921	455.3105502447452	-244.01098372891283	232.8940014576201	11.831169640090593	46.51941072419322	251.88739809395338	160.41300609319296	10.573188234560803	36.552105915528955	-10.04156350627818	3459.6549867523136	57.647559777269635	-44.908411428896216	47.38968074660443	25.243387873164465	-401.18869968476065	-103.7884017771521	-9.167652859958253	26.652738208294977	0.0				
2024-01-31	16.480480674462342	-17.372710777417524	-739.4629883742546	-58.47821087971897	241.03515713336856	5458.0500066364475	51.213930664763666	83.35709703086968	-204.18358328388786	-390.28615382732823	-157.54214780580696	-1599.9512640130124	252.4305890524338	-236.99649706175842	-1202.0385110491534	-352.5768116283489	-1076.3598982983458	-21.26875962539816	-516.5313633628011	991.675418126073	-38.452739736902004	893.0995642964626	-55.383465785326734	-91.21596245194269	-383.2305529194705	110.99893399972461	-911.4702291158428	856.7821932427687	198.65069951978694	283.4642638488367	-388.3205158759747	596.4767454881658	92.63036894852485	-64.22115430933445	-59.83637532121793	-90.1699543732957	-364.3670636452189	-782.6313268300964	-304.2691902293882	-807.929251573194	597.5114335100043	-133.5409272530087	1309.537432071651	281.0749600999916	-191.67723923688573	1046.9168264141226	-166.3063872969301	305.96699295207145	-2470.5541507181188	-420.856522050015	715.4085114782574	634.0884446245818	-457.4469079221717	-932.0984546788477	585.1137053070288	822.370651580537	491.7220875333114	-2879.113943470664	1309.2923978528233	-21.176165578362998	-938.9331496158129	503.3284979477103	-1187.1256145621173	-730.8593010849445	205.3129026229235	-447.8507160556637	481.31846222563763	-425.8434813550157	-754.5432295612609	235.68766666453666	-896.8889747783014	-1126.6461376427978	905.5406294174791	1188.8881034280457	2621.9984251573333	394.246732052512	140.6025325881783	1984.3358677931974	469.8221228782313	-22.69127263919654	1641.3918137671335	404.12145122677975	1012.7692191580554	365.1735599761887	68.70777460126737	-30.88202773761077	175.5534978290234	432.49264547554594	504.8151337391482	-234.48307528424084	317.07750499782014	38.07369342780112	72.95400686985886	303.7798921872163	296.28972959126986	35.80286007612813	104.54449991676483	29.644187459585737	4281.902968114358	103.96126204645407	-38.599113958891394	177.81413384480038	144.7875036835503	-224.80829134556552	-60.64012543613535	18.38140674432725	69.04401028491156	13.960113960113631	0.0			
2024-02-29	120.6521386183631	251.9764545833059	-734.0750407722298	51.840124859463685	235.64069640198613	6449.18189585612	64.89914853759592	87.52993710318287	-81.41618635593841	-330.33194847165214	69.36256320495704	-1176.029684493209	309.60709649892306	-5.129964565334376	-1130.7153846923757	-299.0535860197033	-483.3146764962876	50.925251256911	-460.7366238807863	1215.22546530221	146.27175062113383	846.1878756987808	-16.47562367819137	-89.6684788248831	-367.5227897560817	193.76359628103637	-713.3506469757049	1049.5365338928204	214.84915226023986	278.273844766396	-396.86277676520876	791.7846663462406	26.006111510418123	-59.77131020856996	44.91247474567717	-11.138439502721667	-270.0043480285203	-767.5048914692397	-27.142340230471746	-780.9446756018133	788.4518273476278	-119.89131236846515	1140.81899992549	85.38441047919696	-181.1374048278558	1184.5348404721444	-149.99771585560893	315.4821960744139	-2201.670523490626	-367.9956287910172	743.7196955065156	771.084077056079	-465.11527718040634	-945.0720772414197	709.4298757143843	971.2040263730505	443.7146187683484	-2452.609318413168	1631.236356091882	4.084509971331499	-977.0601749472025	619.7113757564694	-1185.6507728497563	-769.8744285962612	251.34496494035557	-538.4579232316119	490.5926786331238	-416.8886791158111	-762.8272545157033	374.9203456666746	-953.9226228334683	-1154.6069141327125	1095.2130154345596	1473.1341382012251	2752.657687629995	456.93884432535015	242.92652472337068	2136.703232492204	569.5891928923065	31.17618499262062	1981.389236972227	490.8289880480079	1112.079601235242	538.3000001683358	107.09075794103228	17.24439800887376	268.33118510720305	561.060083747976	597.8365010497	-242.3745079810451	389.8699649794835	60.35403322241473	91.71667898546639	357.088485654167	402.56021404599596	57.953709979621635	157.42122456255674	55.37354576663529	5129.3177345021395	146.95961838787844	-28.82859185038069	284.9921055445866	244.61508725370004	-201.9597287852739	43.178497058235735	30.901252226381985	101.46971905963983	15.245558071768755	30.3133903133903			
2024-03-31	221.39458129670857	412.7488610102737	-686.9468762319266	114.94605599575061	318.871353134924	7469.787428482872	72.08957110420033	119.55674984242341	276.7111609392523	-261.5663237802055	199.28092581219425	-528.3984790632421	460.402284994052	240.2484294368769	-1073.3572043878667	-230.0191091352117	-152.77138674827438	128.36585521020788	-393.4246584874036	1511.736465621947	274.25507781764463	933.807631063004	6.537365137121014	-79.53676397376921	-352.2244250012209	354.35968671475894	-497.11051114538714	1287.9903730472106	217.91233714509144	346.42068058765653	-392.4116959603025	998.6409044390894	52.00697976819356	-30.156517135794275	178.71955129671187	105.15278655830298	-155.98222783847268	-732.1493664261852	408.86464868868643	-737.3420058168085	967.8330267663041	-90.75966181939657	1027.779555937177	-40.90743791862769	-153.50491456633245	1365.5685000278936	-122.6675861980998	334.41881167084466	-1762.0190147113608	-300.44939471298676	769.3911964345607	949.321862271001	-451.6233695943465	-960.3411880554977	864.3165633473345	1124.3674507674914	615.0738427414599	-2005.2269561212306	2009.827931850783	61.720828308314594	-996.5949078997473	875.9804523786424	-1156.8639222449183	-772.5230392835183	339.9872363863178	-618.0680379907571	633.8634444380423	-406.7173818729498	-779.7696985168686	461.7844634527737	-971.3829154939731	-1143.41257190535	1318.127699460083	1785.8609843830473	2890.585512215359	536.7467517262867	398.58291144212126	2289.8035526125896	640.8643709045591	121.76549014583907	2392.6306456147104	592.496385978624	1207.6067712246586	757.3899461859073	177.9823744272726	87.22100623749975	373.7800149108207	716.8999845739763	684.0858742867476	-234.94614889186232	456.01938559212977	88.92861245497807	113.58809811894389	407.3890818387663	542.17885327353	87.01259568772002	252.73579544387576	108.24556671071514	5951.693204070907	214.23229508400436	42.33439375429771	402.4906063857925	365.27071441260523	-46.22413442852121	182.1796571656978	51.04755564136758	146.53863939243456	34.58605635785989	90.01404209381417	0.0	0.0	
2024-04-30	307.293707824796	586.8953462620557	-534.5821105524101	164.75331194588216	425.67746478454865	8134.264271099455	78.97563355833017	169.13266580801155	432.48943974956273	-207.10247168542446	325.4416836861019	-122.66578558889887	674.8497713079632	314.328385655841	-1047.21780723319	-228.59301916434197	-45.61899293717579	166.9148656555517	-328.6255441935846	1730.4076315063903	313.88583185687094	1039.6771530029182	31.11406731279658	-34.63542881721287	-332.23596913913616	415.5177668355991	-392.4652706954803	1456.7848011818824	170.20500522131442	402.246028532094	-342.0934794212999	1098.9910521820566	117.1756716537111	-19.69300100030523	235.6485195199275	173.12850171655737	-126.93376070566228	-654.2252443391626	652.87166680269	-738.2533955201034	1041.1848721596689	-65.30597934568868	765.0075749669923	-265.906379678534	-136.0093177566905	1486.8960851495976	-105.52098790577111	370.7319001105461	-1530.0639122237917	-303.4550586722162	793.4199655783668	1059.0828408608013	-401.52431527940644	-945.8843240146134	966.8025258706184	1225.172214030743	924.3601425182114	-1835.360695566349	2275.3247170539016	102.66414520130093	-994.9586455930548	1006.8695528389944	-1116.021074366542	-777.5209759839781	391.4421529165011	-650.2632214859168	783.5614695622589	-383.3442301086234	-767.804152380837	518.5949892002554	-988.3517155499922	-1098.8766904234517	1484.1363242725602	1979.41209196843	2985.09209259176	593.2373144851263	378.9452325301245	2384.855899685688	687.7282354907475	179.1472478568121	2651.1060438888544	632.8512261125397	1228.802055162525	970.2679386932832	195.19965373213563	156.2884798498144	410.1769041881762	819.8981976476334	737.9611852355829	-266.25502825057265	543.0934970625258	136.1488256718858	120.8139894842734	456.75406082283735	762.5731848247524	134.31499792981595	306.9026439070876	143.56985016592625	6767.255828900263	265.2951352865657	124.6491614644674	464.7530716444471	457.2342888030562	-82.74782392760972	319.08165260982605	82.3639180816972	192.38421926123738	31.156691124936515	145.81353802327794	-27.44159544159629	25.527065527057857	
2024-05-31	378.0318416251512	645.4101669435149	-367.47487692256254	184.98687929204425	511.28706833015895	8931.990979461727	66.55900860292377	226.4684100453469	546.5779551736014	-170.9259212215893	389.46573405812524	-83.30637291710445	949.5667503709083	442.1764609196398	-1044.1602418586335	-214.1812048662032	85.91771438419892	231.83030272064389	-272.9154057104661	1853.6923611137863	409.9625100145968	1040.5757567677738	39.88368790840923	47.844368571168616	-321.0058573481683	370.0716157412626	-266.9971732410413	1623.324198709819	75.68552858335352	379.17761420329407	-267.97985131329096	1224.8381360013882	154.53375593263445	-29.777790341444415	281.95299867463837	206.46413608024523	-82.86520371322331	-589.46731114461	770.3942973273079	-723.773676392826	1146.5381997794357	-37.120832343827715	361.9126317571099	-611.0661616308425	-114.44998330176713	1553.0428132631896	-80.43438254390958	399.98310159338143	-1319.9673058620247	-291.8218317608171	816.7653549009774	1169.8632902874451	-350.5176565964266	-944.4393812587678	1069.1057440769437	1344.4332426383535	1364.1900338815558	-1597.518346749086	2634.2600933007434	175.05376219493337	-993.5062048046984	1145.088995617456	-1065.400369340845	-708.598892475974	420.43455586275013	-691.6097245492383	900.2928400206947	-346.38413422365375	-764.8362270334528	540.5223812907316	-917.8702715420304	-1059.4383024769686	1689.6628955726756	2227.676782048504	3067.9551730280655	649.7215181909396	418.75109398049244	2483.2033978234685	787.6047307022545	215.92045121604315	2988.930289899774	678.1565712190259	1274.8803881034473	1082.5994947752042	195.93456311649243	212.13007906345229	440.2408270785472	894.8409777179058	748.069064922156	-282.4058023549687	606.2416642024382	178.53333658915653	125.49736318093528	503.1482288494153	960.8585080079065	175.4286749237108	341.13703921123306	161.63223919589564	7577.599699306302	313.76550712291464	248.26729387027626	561.1267629822032	561.6475247066519	-57.77068237929052	490.0324279280485	114.57629414655094	228.98250298452876	34.576342966663105	233.97766118142317	-42.964878531831346	69.96534119040007	
2024-06-30	430.50152660690947	844.9598393641027	-250.15183203396373	221.6258636311495	561.3653951156921	10074.551893654847	55.753288098227586	289.15062094302766	874.1563879967252	-136.72576434853545	549.5020614543464	56.17244183050934	1334.5037937920679	746.226360788205	-1039.3583289086673	-170.77387224097947	282.12547408745013	267.6833624984738	-199.91269999622273	1935.938888742221	564.7238674314503	1036.9997254522877	97.59340560686996	115.43002899145449	-317.2443070008494	349.31384362187055	-149.77861058310737	1794.17615747148	3.162456817619386	432.5664335843958	-205.7429079088597	1451.7116274723521	137.84810964480675	-44.27980147377184	298.2661604206405	299.6306400850681	-54.49393879079253	-566.3154568053505	1112.1525486234896	-679.4516893114214	1341.415727689171	-4.643912814235591	22.428985290596756	-880.0310487828683	-86.36275564276002	1600.2513003805252	-56.67212042229221	417.62454889083347	-947.9888557966915	-253.0570889469218	837.3149863656799	1307.7013826839611	-331.68887664142585	-956.2367693416945	1195.4674592633564	1515.2453506057027	1558.4249626262663	-1097.6530495646293	3016.283421205808	188.611966253251	-1038.8012303431133	1322.1772884425482	-1044.2314366928968	-698.7756202976116	446.01624414414255	-760.3956204017068	965.534878527782	-303.9865191089484	-775.2535364959476	582.5735018027463	-901.5686242817519	-1052.3633455106128	1887.193253194444	2469.312345136328	3092.489436355332	709.545649092177	535.707240769465	2620.664219466198	931.706204378479	247.45591879132735	3395.044097573289	756.8982909324404	1384.8405590616803	1296.356702591238	204.16921219977485	270.773724269995	497.86651222537876	953.0116347220464	805.0587818854583	-267.03212619909755	712.625650831118	208.1903370332966	136.27211621187053	546.367041646874	1098.0808152538812	205.64105803945495	369.57553081178594	170.43174924278446	8344.785356184933	366.0341402468566	320.7513885600656	710.7286378139815	694.4083502754911	93.60195766432298	701.9051729445691	143.8529273125023	257.7591354972574	60.07520018776904	363.88428005254536	-23.84534387566964	125.1239293461258	
2024-07-31	529.4848806341333	784.9037725783637	-175.16481017498882	282.5865965050234	637.1206039064582	10460.3582863286	78.00233000368507	369.18767368687395	891.6590759579012	-46.86836777450844	527.1088471755538	552.3433372386935	1628.6225167711273	1125.9893722432025	-1031.3299546155758	-58.955889446393485	584.9990695918459	307.08181830732974	-143.94861204351218	2076.434727895641	815.1525791690801	1048.7051171515232	109.547248184218	139.22585947468178	-326.79586377145915	310.4031806380517	-36.29080667067683	1916.0439182394948	-28.32613168052012	391.6879708934157	-154.63712139075687	1740.6328914171609	126.79413480796575	-28.89214864042424	317.61959300886883	364.42342082861796	68.15014556485221	-536.4578449235323	1334.9300668911674	-631.3994009791368	1399.676859496638	34.335370723923916	-418.42491419502403	-1212.5929284742524	-51.1677737943337	1704.916054670397	-20.09858604869123	429.71828054677826	-556.484499126731	-143.93876236683718	856.636606614491	1395.6861971520702	-316.6670248061246	-951.4713409811193	1275.6600570958653	1572.4543200888875	1568.7979129233881	-343.87080191795394	3118.2414881262357	181.68905528750656	-1069.6300824846849	1311.6774917847997	-995.7232252257818	-683.1160694992068	521.0444472803429	-776.9042781732787	1055.105878742419	-276.3987976474691	-755.5149209865513	617.2565905024421	-871.4226770062432	-1035.6252641778774	1959.5011601266615	2535.2397823688243	3163.26141547093	755.2705875579068	706.7502932022035	2781.778376371847	1040.6095674652242	325.10386724727505	3504.8592563195125	804.8594868226355	1400.5661567177121	1535.7692534147263	262.5391599180184	327.35465741734515	568.0533993093595	1067.0996237170639	842.9275483736801	-248.1150622456471	816.5717867842868	232.3239945090936	152.81333734765212	589.7166295463539	1214.61588998785	231.7545655171525	448.1917218855906	219.9763027069539	9086.087106090738	414.3011987884438	402.2844953562235	754.4255068381517	765.3017794217267	249.50243681341817	779.0943016846395	171.93173760135141	289.81194859985226	86.46803476056994	419.4762546090951	-2.371687448470766	190.84505762372282	
2024-08-31	587.9990767451027	693.4079507652787	-97.50643338889859	336.3810556340695	730.8533674444479	10548.174026613415	78.82990038541175	411.5735392418892	730.2419901615795	46.56256535642024	505.15280924002764	1138.6043711084785	1760.0873565208676	1415.1599439273996	-1016.4777530512965	69.2086941043126	772.9484783819935	365.16229715122245	-86.17676408006628	2136.9208158033543	919.5038196567511	974.1300808229898	123.16866617861706	130.99494763704297	-330.95396820687756	239.76487567194636	73.69867852191965	1980.7546263256627	-4.17244880378712	376.7354662677917	-146.33900236499812	1958.1679797908146	112.7000618183265	-0.3930799118425057	288.4791815835888	358.7833097777966	136.02058036696872	-535.1111935070257	1321.5514265950114	-563.0233984284387	1456.3352749070837	52.59736927121412	-699.2258335732731	-1437.9494675091046	-33.300847573553256	1773.6315623941337	3.4402068200693066	410.6838163963439	-189.48268693087448	-29.923677298487746	875.5736412069818	1440.9770210555507	-306.07535143309815	-947.9830841062412	1317.1709521829198	1584.9177084863823	1563.3545216983603	232.66937275585224	3121.7443441108862	112.61054606605467	-1101.9361053023285	1184.5602437847429	-966.3937350424203	-672.076637169981	558.0945272613499	-791.7540325165519	1121.235797671352	-287.3725338511813	-762.8705365163805	648.4840065434855	-862.5228872376119	-1019.8831746530514	1979.144093932513	2512.610398065295	3169.4188188752305	780.4935953295444	969.4335930489033	2887.9529622509435	1091.2591018783169	366.6787115674924	3514.818605692544	855.4403726417604	1417.0284778816367	1734.080861570852	313.5749974759801	384.38695937133707	629.4128874884391	1141.5320980155284	827.093362022586	-203.66305986336374	868.4432974395113	224.73271196723545	177.99163496289475	629.9624134613696	1180.4753828422472	226.83774584278945	486.56974370255193	245.27786108820328	9809.670105520054	445.8004475171674	485.59066740043636	776.1546719501002	805.9014543434569	414.27343971584196	845.7684703364375	181.6808711598369	302.7671503343663	109.67076230609018	451.55000955101787	23.094814737492925	265.68816316743323	
2024-09-30	608.795109860589	575.2911906465961	157.65618584110598	359.05898166811767	859.4604799890894	10546.067566419311	58.158282873825556	436.9804306112951	532.9922278976592	116.91942105322778	458.0231178746999	1508.767809369896	1802.504682746203	1705.3629850597208	-988.8701563493523	186.78255649755192	803.7014513271824	419.6679452807548	19.099490182803493	2185.883752872891	905.186371951575	847.5641112684625	162.5909319442735	147.62320819003799	-324.537053240816	180.09366949426294	165.81353240760654	2031.775783643021	24.690663977742588	259.0178576150356	-120.85940481074158	2178.5596532483323	129.09131446954052	39.09072698276486	291.0788115884752	307.1987975895154	189.6396323587469	-377.50784902392843	1123.7014784815547	-499.4464916046345	1528.0040017966676	53.94113030659719	-745.4917865497009	-1476.152460000696	-31.12817492110662	1809.9684238598093	12.749059274852698	375.53506167567684	89.52423358646047	84.71405233966107	893.1958347913314	1462.0341962385555	-167.37161472849766	-854.4354972771343	1336.6775400467632	1584.9170275045162	1611.393408667942	803.216012483128	3088.115592029222	77.30845996872449	-1053.7435464807986	1017.6215424310267	-869.4615847843179	-647.5519920440074	572.3064756537478	-809.12345221551	1199.7565512746896	-181.49301054809257	-664.771710660646	643.7022498059159	-838.5413096440952	-895.0153475364159	1984.6632689207745	2524.4009328922693	3203.4575956862827	796.386338223796	1249.9469066832244	2996.3011083129095	1102.7109125794177	388.372065817608	3468.048083341586	905.9816322135357	1444.330541723668	1856.5292057208553	357.6449557054275	412.88364085242756	620.0573538681911	1160.3548958503306	865.1709269951189	-162.28712569076652	905.0099419991384	201.94486710433011	197.44481246813666	666.1212195091866	1068.1604512285412	204.44607520512182	503.11583209245146	254.88702664515768	10503.706129511585	477.28503899959105	588.6414783478922	788.641571431539	845.0390748166828	497.4840723064408	905.3591327236136	179.3512080371711	304.76034656130105	124.28633787815306	479.5901308354187	35.365210299289174	345.22976251743967	
2024-10-31	630.3555903942552	406.3929747057846	395.2604466527482	393.7148042683766	1008.341146740715	11075.732675196923	22.074727468749643	457.8094146686785	246.01885600544483	171.10875903730084	368.7332101910415	1805.1207275590968	1849.817349358691	1853.3071000772325	-955.971097322481	273.02096656065805	936.3004876651285	404.5408269175041	52.30339890519281	2338.9358117977645	970.0466465762729	799.7695298651324	203.3509301145814	137.1111820342353	-316.92793691993256	117.41003309300868	251.5694602963049	2146.316282582342	39.84335161024865	178.1961658487453	-126.40263288292681	2307.976951219345	85.81846324790422	56.17814575224111	316.9209284118042	247.72718493386128	234.67291090092476	-240.15471190441895	915.9990806321875	-480.24012310615944	1592.1090840970937	74.64132906302075	-930.6347208013176	-1621.922297878711	-13.675190080344692	1901.2526495225466	4.820108243416598	396.1275181005003	372.8313737799763	160.96054647393794	909.108427089137	1558.953245783774	-52.00690232770103	-791.9872683110007	1425.035379084853	1663.538522148303	1536.536201494051	1165.8469579961384	3145.8353379250257	66.15943570479067	-984.8320710909293	850.7422574110933	-741.9681726472363	-647.9209795715888	626.7767317941871	-821.0895394187901	1428.6858419750279	-70.70428989127868	-486.76526065218604	683.5148079197206	-822.1621099951117	-758.6657354360723	2079.8858331546435	2669.918862652523	3188.19501232529	830.7936286597615	1265.3012474886636	3042.0177343351097	1103.2647709625671	446.4922485968418	3502.6062429430676	947.1409480351413	1467.848334856615	2064.6066354028135	387.77788644695465	451.3253868464162	628.6356981387289	1271.2462058821511	946.6485528055618	-168.54487383826745	906.5136100501368	234.12026082023658	207.64379983015715	699.8624924012474	1217.518719038555	235.62700476016835	560.1235556789252	294.7701389573567	11158.706363356556	537.2768409986456	702.4773960036146	865.6994947126477	956.7732324544904	542.5695072727904	1036.7380376397923	204.6786661828064	337.8688581742972	134.32091887759634	572.3555804931639	33.9660591263455	426.7483402131329	
2024-11-30	673.6482108648561	253.63918187801755	508.86765444930097	401.3828726387419	1050.7936218681607	11766.305251302503	-0.544294315498064	503.4525285065856	-252.20835964806247	200.6860607736835	289.94786131990077	1751.1736323790174	1859.9817764840445	2214.376624947632	-873.2727337279521	367.54939647835454	1114.0769350790179	376.9906250440981	51.077932532078194	2628.8320310489034	1012.201600808432	849.7336666019528	189.89108902163753	90.3782705784447	-305.0412738546256	-45.99634907997279	288.4486692085775	2292.964066280303	7.226872101693516	118.02878721875823	-136.80370749352096	2578.3525897867366	34.26487937627644	88.38990523542361	384.21123728009115	158.82233530411395	371.86225550347444	-132.03866758680488	588.0727110278967	-454.53439139816874	1674.8454410664053	104.68688274326087	-1321.7907550918899	-1938.6146517959205	13.157492516611455	2039.0137647908196	-8.945538385126383	423.62157919572746	737.6465819226869	251.4903006079312	922.7822993784284	1696.095484079502	17.672082058423257	-732.4396556644742	1549.9763027860936	1767.1247242521422	1357.8698858849457	1915.784628036301	3110.4552489496527	93.84428067515728	-903.2651650607932	590.0050140774019	-664.2571725666485	-674.729491400075	722.7773400889	-836.6630887727133	1506.8078122732986	70.18948600669319	-321.01359456974933	816.7637943858663	-772.8375278200374	-656.3557460647371	2263.36920019651	2990.185971579758	3358.958572229647	886.7333162815612	1313.327568661145	3168.729988519626	1098.943551508195	540.785927428471	3385.8229635089774	1011.2727088864267	1505.4437758028653	2111.805685604886	451.16091894875535	516.5851549403233	626.6770140414155	1480.6083866092795	1135.3088174398927	-166.58105972205612	893.8510866137385	267.7491845484237	221.72398879093998	731.2453985998582	1388.7878038579292	272.5279950980512	657.5954353472007	364.5387296411891	11759.863739008899	595.2273771403707	834.7137714204509	944.7653947794697	1116.1344872139744	658.5017482604162	1122.7501365041535	232.32065001562114	378.38556831924507	148.6292553429421	671.697678310562	51.14944713470868	508.0891251289722	
2024-12-31	638.0666660954994	140.48291476933446	751.4617043816525	387.81930372505303	1047.110591020799	13081.069460487197	-36.686897772495286	544.4839991373501	-610.3270230843118	207.21316543012472	230.34170067932246	1808.5293426239296	1801.199127918626	2304.1105646614888	-841.7652097296414	339.38164901810524	1136.1630185505346	318.00410648181423	55.11977018810285	2765.772578541404	998.4346663657234	810.5917946253649	153.72863700840026	76.18720581304251	-315.06692217833506	-179.48002344250744	449.26914719729757	2481.4435085931764	-25.98805483066826	100.65515681385477	-146.02615959591276	2694.352277099795	-79.0294086072081	75.2066409531817	503.94910049849204	71.40318148816732	366.9380980780825	30.195141124566362	268.2093421239406	-471.09503588451935	1770.8372256883267	161.9740044842656	-1749.918237740152	-2287.013337608023	63.1471157191645	2158.889125587433	-28.164258240707113	499.2067087809264	1097.8676528957876	220.9538937259258	934.9452215494821	1864.6246396208298	126.38727401839606	-663.5583106489394	1704.2294332895017	1964.8731763363212	1196.1128592865298	2236.689815355101	3218.1608174282082	161.4509907724514	-835.0487553213898	420.0826152937134	-593.0903528731196	-686.9272771186888	779.9427472703537	-851.6946378246739	1633.008127324385	322.32917383551285	-142.90031094881215	944.1609912538061	-702.0921995880562	-550.7697914739219	2506.7323031473006	3394.3361455645754	3305.9333434113505	953.082264517654	1212.182064523804	3209.0802732679585	1051.683980123622	597.8902521264299	3455.650046989289	1041.7773909335992	1557.4693346547392	2149.368409431525	436.48767183251584	572.9956837325244	606.3540904433357	1621.4635608358403	1393.3496650315774	-199.75948387918834	911.3963906266581	345.6094617195304	225.28283781957725	759.7049929309651	1775.4198469060648	353.7748907177829	712.0295811232318	409.3028536283391	12321.079759944347	652.4338954606355	893.8651906624673	1076.5148561448786	1289.376102911987	713.6680140112876	1287.7482181043888	282.44105729186595	444.34725782518217	167.71835935034505	868.8722828306272	60.280028085593585	588.7625135943381	0.0
2025-01-31	647.590337104175	116.5971452138765	968.9418095493711	403.804321770167	1123.9502609720585	13884.385357022358	-44.96173640378947	632.0102624618821	-793.9661238040535	223.92570423012694	227.12500273380465	1980.0356188257938	1902.4583163312527	2457.2854682588513	-779.327517597294	337.93533235815994	1173.2257561017213	318.7411177907725	43.69819262301644	2938.067621978076	1042.1621716728223	829.7189115140736	171.74690238824678	64.99834075965873	-300.0264253131122	-196.89908428560557	565.0428077617107	2647.4209234127375	-58.81470066279326	149.71393462410015	-149.27422139014197	2838.211265426551	-117.51320222837239	81.17181405452357	645.0662400513866	44.37788227067904	385.94124427667157	105.18521756652808	162.52482982454967	-474.71269141218	1834.160279444095	197.51264397383784	-2036.6857157381928	-2492.750047715992	94.49343457336909	2268.3311988544374	-40.82662555501429	541.6485429712575	1309.4269802633644	217.56549638274737	944.9880212954668	1987.2201359609498	243.06855234580144	-616.707589504017	1815.314029173489	2086.4040356463065	1198.3817089967524	2559.0663602304558	3239.0679059236245	212.57931360340808	-790.0353430717569	363.3732417134015	-563.9985100605481	-699.664262771521	822.4633056345083	-860.546197477066	1778.686344218264	499.9277420907365	-49.108988329002386	1089.6925729451686	-666.743669496469	-490.8859832734388	2668.8346510073534	3697.0254711017988	3345.8146217627072	1007.6054317736507	1165.2312329116248	3288.6016613383836	1021.1793702909945	644.1926119082927	3509.347618981108	1074.7052484812866	1589.0965464656947	2425.20964992896	438.84353039577763	602.0467170172124	638.8833771919235	1793.9915342516852	1593.9189938851032	-220.4461753541027	866.813407837617	392.86056820151316	235.23597779563534	787.5442193393174	2009.0441558821694	400.634710468652	757.3323496813955	445.9322629786311	12843.171175093856	703.3001545951956	957.7830810582072	1137.5548631275233	1456.4414587675583	733.121150835912	1377.456137100533	316.3366349893022	492.55829937171075	178.21018318121332	983.2982859978492	59.248089764087126	667.1959374507132	20.740740740740875
2025-02-28	635.6263718020928	36.24678849420161	1330.0337231759404	420.34182226967005	1188.0160962789196	13898.203961350213	-45.42821411886234	705.1090697678619	-963.6552639827205	244.2796795950253	189.70878636356792	2151.6711842964796	2048.8185543601685	2678.4420398150833	-709.6418326776802	355.04792947805436	1025.3606558229985	334.03374924034506	50.126321965206444	2959.4034238503664	1036.3855770083283	820.4912234751519	239.9065473167493	61.075459697779934	-290.32772919006766	-184.45078056683087	646.1185497109036	2717.136323360686	-200.1710220336863	131.00256185863327	-140.54521884841142	3019.1696036834037	-153.90348837340753	84.52148740680514	700.0148110395385	31.074552316573318	313.7079115915021	175.18387896616696	107.78596885124716	-445.0146985473875	1765.1494494300277	248.4729724175304	-2235.358973819413	-2619.5494639234785	141.98706405089615	2223.804832338792	-32.89170962685057	579.0186575879397	1734.911615890247	236.84164665367462	952.8564482041984	2009.649996216478	428.7981173903963	-519.9247442821661	1836.2684672116757	2089.080303930239	1154.1948338808688	3098.454634873764	3097.2820874408426	214.63621253246856	-744.9674520719391	297.3317297434878	-521.3767128705213	-701.271140274207	852.4670102715609	-825.3666935297715	1939.560316494455	559.9046517825391	94.17605347659082	1172.6282272851804	-670.5390528207636	-370.56805966025695	2630.8483463278244	3621.456988589922	3439.4445165193174	1031.341754475372	1243.3611371139268	3359.376519099096	961.4714352906067	677.834715875184	3375.733493117361	1046.4555044120243	1528.119615018828	3146.3250417724885	434.17255314025897	658.4707833568737	662.9916972691135	1889.0947438025396	1603.186485221795	-206.5403504372498	764.1707471585942	434.09877905547	241.47007916952134	813.3037930855717	2219.045604158244	443.1529771057303	790.6569421451277	475.0529425211271	13292.124036819441	739.1264242351463	990.8038432650337	1124.4716222948064	1546.3252394661686	959.0616865151969	1426.0597074012112	361.46466156148927	534.7685649780033	208.72987212925727	994.7340629978353	99.00656441516912	740.5874126948911	35.15880552917588
2025-03-31	612.6275229551375	7.582015696800227	1622.752074613556	431.5396722647838	1341.378034524705	13024.800258628718	-37.05946344983022	741.1026188563892	-1130.7717668123587	235.2660742017706	187.02988423459647	1927.8566423228403	2141.6555664413936	2795.742008529327	-692.9861897044475	315.1897314440339	818.4536894414014	343.8039448291511	58.18110909125062	2845.072175472811	951.3653324477309	864.538006652916	266.3232885306279	60.09798354163286	-291.6255857410715	-289.1428414074835	724.1338056572968	2630.307803965363	-287.6590684406965	115.24860813231498	-124.68579840861094	3135.6336054096173	-149.94825970215607	79.48181282632231	609.0484229414833	22.690751898780945	189.88170607928623	232.4969740346478	72.04713511032605	-422.25969332799286	1543.7062128158104	300.24561752392947	-2490.702877172851	-2808.2208075171075	188.1887730255894	2080.773578432363	-28.693223248638333	613.5847740814897	1999.756710858419	215.5014037416786	957.735056771402	1922.3155562888533	546.6113308311433	-404.1099824213743	1757.3322751651067	1959.278744278845	932.2798196575313	3444.3405522168323	2788.7230320775125	158.5196950263744	-723.0257431453347	220.104542533516	-484.0362539567341	-691.3475127874317	860.9945052405146	-739.7375472060539	2146.4039094003656	537.7338015207624	177.12386624762166	1184.03789120074	-696.5036516894206	-280.4549507364227	2457.1912888572188	3315.7271861821537	3486.209311368293	1007.3933833217288	1295.5898525189987	3399.039139634144	880.9997319679023	690.006339030153	3116.591559826764	948.8187476123221	1362.4183768195016	3840.574137470154	412.08363873049166	670.1252993397193	672.0111309789445	1889.3483154585938	1512.4851011098363	-199.0353269219122	748.8333834111163	471.43243395181344	237.38032863145963	833.3113931080225	2408.863882959631	482.1840637632049	801.772711828733	491.25799979777	13674.111332623637	755.5814625657604	1012.7226302559648	1038.4665575706586	1545.119366914183	1112.3876140529246	1351.3638185211003	408.7363101686278	560.2293877182274	236.72415979932975	914.659710926624	124.481078008861	806.799110818436	44.8577587904374
2025-04-30	634.7722707479206	-21.743171146714303	1687.6140072257767	523.0646012095058	1523.6259572583003	12059.577411668826	-11.892385706858022	856.1847143661307	-1345.022340062791	262.21819448680617	182.5603183587973	1866.544888442375	2337.4035893945947	3038.9400807865895	-644.5980228199542	258.2730266430881	542.5185597755772	385.8312610901339	72.6037359382517	2658.0596911260363	787.4393250860339	716.0898965311899	338.54924488303277	88.00340269517437	-272.72646382814264	-327.26747207856533	647.2952306220504	2478.85745054777	-350.93136612777744	-54.362023512321684	-64.41205534713117	3308.571115532308	-172.26312886625237	49.898229461825395	446.6781938282875	31.020358387419037	72.0363119477297	213.40612858648092	101.4591926055	-403.60822549709246	1391.3879366899637	306.0362013819449	-2708.1637373252815	-2963.7642156600705	198.62955614792008	1831.0850053896356	-17.099614567718163	599.6113921424603	1902.8717372766696	189.14649657425798	961.3324275089835	1779.3348349063708	576.2073091014581	-328.9490153518491	1627.278765440129	1814.7529782354031	924.6452094294746	3868.81139284496	2465.336615116761	76.37120188027438	-737.0825154319518	119.83703639996747	-488.19360091651106	-673.779456918448	765.726935712024	-692.1393551039255	2308.729756726647	517.8252003011858	205.79096894575014	1185.3869111778822	-733.398951068687	-256.9138545626329	2289.6230382593712	3090.181304681115	3642.424357915268	963.8282106706229	1317.0386768104945	3519.1732253566443	827.7754660373739	608.1578233933888	2807.843987478558	859.1965735087124	1244.1120690927419	4760.175860452997	337.1127383954263	661.9671531799595	596.4336373786246	1817.5999933605344	1391.8787733741447	-196.15207115437624	747.9869202652444	466.03364580562084	232.82704455028397	853.2112347995862	2379.5207807902334	475.7590283664904	710.2449221298084	428.0766857005783	14030.470480816555	759.0652508582298	1006.3886584653155	921.6766458059192	1490.2701007618944	1050.9604904536754	1243.3785629196336	409.1259344600494	547.7872472700456	219.42368250608797	827.8588970710971	111.19209489270725	871.4174029571877	61.67764799751785
2025-05-31	723.0649105200673	-92.81283980021544	1721.11422215301	746.7600344145212	1633.5737490608808	11784.709626595766	68.18885623657388	1048.4321143881089	-1363.2981756286536	300.36907853363846	245.74159502751354	1849.488159465458	2741.099008068526	3044.4777148253343	-590.5662906703383	238.8964285609436	226.01646605134738	462.2249560400196	115.78267451139254	2630.8213094739876	573.0535435338643	543.3617202645237	420.79409108639265	147.1543333403115	-240.0536308327919	-334.66121437552465	650.9539512568663	2401.0332995733297	-369.86058663899166	-159.50582866395962	20.559248252001453	3325.071203343163	-165.44699355189732	18.73276409691516	422.0670092657747	99.4151172216807	24.595774529014307	199.44713424861038	347.90500183840777	-410.3216541139418	1421.6412766290887	264.6466451296001	-2938.2181008370135	-3122.4519090409085	165.61729727056627	1654.0003968189521	-9.097788796995246	555.3460770376096	1459.6271370371105	173.68158074138591	962.7681746394665	1699.9244710322746	577.7516532266172	-253.2308899799782	1554.3846622032925	1772.9763469679128	1166.1890879182683	3893.2394145012513	2385.2209139068655	38.02271064751585	-757.245712916545	84.98543431356666	-507.9044157605922	-643.721527597525	665.6087323981137	-705.1933145099083	2341.7915487147366	570.9928181456617	194.47555403464594	1155.863927841705	-731.0531149576436	-229.95813699555947	2227.7319810871595	3075.5321803748193	3626.303105404615	939.9315288423131	1262.1163747390383	3559.1509480696404	866.9441982452227	523.1408060324684	2794.086271394026	843.0857923903986	1251.7967331918026	5794.562670648069	282.4305488064656	626.6527406253881	468.2013146162226	1764.2062937867195	1342.4706388419181	-216.94550813246678	721.0902677120357	430.64674744828335	229.31860779665294	869.7685325944185	2210.2346377140493	441.37178948454675	614.0878798058075	354.79130644265933	14314.507186884293	752.3466775733177	974.4815448576519	899.8420807958701	1458.4734380982845	714.8456729277241	1188.16072946641	373.41836449509174	515.842125867397	178.0808734301172	812.6404942262125	48.45922099950985	928.0680033171084	105.7424882822952
2025-06-30	888.1823358626889	-46.76414327745806	1767.3139435671874	1151.5497893823895	1697.509212734576	11862.557263628609	174.02813290180939	1366.1138994265457	-889.4311160220968	385.30929733347875	365.91220671921474	1820.6318828087315	3563.3321821513164	3010.6912148291885	-375.97657128621904	210.62249640472328	5.38358389075438	538.3485067153997	194.5606728292496	2628.160796105869	406.0555261521513	433.35119218933505	550.2361319455895	236.01441480484573	-180.2096319807897	-276.4123091737056	662.6756958994483	2365.1877875611826	-427.7013082743979	-139.55290302875983	137.31386790087072	3285.507782644054	-107.6457821967524	-10.843971036241783	435.4677392037993	309.4176762260522	40.03585746843601	193.97559014630679	1109.3892683104714	-401.731643439236	1545.9293204374735	221.6246663549191	-2990.0473816415124	-3159.3445245496478	129.17045858009988	1541.800200396694	-1.368748221106216	495.6698777157162	1088.7816281652485	159.26682810034617	961.2973990335595	1664.763365763025	579.8761205243736	-167.24967050082068	1522.716807391489	1784.9749823342063	1640.4905415728135	3711.41818457951	2530.597832743475	34.82634047202191	-749.2568139324903	237.23576960982246	-511.2572830514182	-594.4884316612179	582.2157385493447	-740.4897976398379	2303.913561825466	598.9618313497886	189.7757212235574	1166.5469018336844	-693.4425241018962	-190.26396355132147	2294.0141216948323	3365.4050068542165	3546.7402653417957	928.446304858966	1284.9537007543986	3564.5106915277574	1090.0542397386089	450.65008523935467	3107.88764743727	875.6589890368432	1327.472219500849	7143.218289226563	252.96238831589653	562.0086539729418	351.07113222840235	1708.2516141344513	1291.652634421036	-221.98942020211143	698.8995539713505	384.37328865039126	231.77417891222103	882.2419877602297	1970.2499428513474	392.64820586496535	533.268682773547	290.29944170847375	14548.615635377471	743.6942719788894	937.9790308361753	945.7113864911789	1489.6131076570164	418.6321187643407	1176.4298259977422	331.5344465510934	480.0692572372027	147.56920394404278	834.0546743992945	-6.108805224501339	977.8305192308035	226.09251997797764
2025-07-31	1040.1326567338292	67.78414195578807	1868.167697455021	1409.4614231676715	1727.85740549619	12564.465728385068	244.99590655232942	1646.028529876302	-480.19132725887175	487.99112918710125	493.6252249196168	2105.9367158234454	4261.69341902927	2981.1013220706373	-259.40654531534346	200.18995700706182	-19.162219327838102	577.0966047463644	268.8219458950425	2750.484772286338	430.1333697858281	386.4956366638835	725.1524188643843	300.1524909972318	-133.6627994673322	-160.21829730135505	862.7804736576036	2444.9648047874325	-457.05570490300124	-20.22166040256343	245.2519446297474	3253.6845010975376	-54.75143390201811	-31.898746755538923	566.2464565147457	538.2297361157907	66.03551381734542	252.25314858300771	1942.2400267337653	-391.6200209056142	1709.9278810231044	208.04762125960042	-2832.2492696605186	-3008.256465195529	121.55916947981677	1600.4148590357036	8.13256560012951	474.9358767915455	1046.520541406193	172.00436573941442	959.161635820572	1724.7395554721516	607.2400066348728	59.650141575451926	1576.3591797481495	1889.8630871672394	2105.080107352609	3588.493651910583	2794.4276371568485	93.90808645450306	-687.3936387862086	361.79388678370015	-487.2373667345282	-505.34582451270035	542.7914187128517	-781.2435687799261	2300.2323634156346	638.6986726766718	228.1245619416668	1149.2580990999504	-591.8565338405324	-124.28973690923976	2489.7962646587366	3770.901893618935	3469.193991613487	955.1351315972679	1309.9008513276494	3568.852249034506	1258.7352780626152	419.1129098574056	3431.5224845373887	930.9267757081398	1430.3464925976677	8715.945987096024	232.81539775131205	540.3757239293136	284.6577855458836	1706.5292683768712	1298.7023160352019	-224.12935791819018	645.6287719355296	369.1861253340885	232.97128814621828	892.1714242831804	1898.099541544645	378.3189229052914	496.5782157793419	255.36935461806024	14751.628059292212	757.7165266045795	970.4858471346088	1075.9313680303385	1542.5047221812983	288.7595949182214	1237.752567428297	321.1064829590596	471.0612347236638	140.09061156670214	924.3700044562775	-29.16798468520028	1024.8201767788123	352.1890687996329
2025-08-31	1127.1463536359051	201.27030113333603	1951.501348535745	1571.933940541694	1787.5449365145942	13006.069616973327	291.42369608988975	1847.7732855862096	-166.37449757532886	537.3516398509164	630.4986696644373	2191.791650911051	4753.4956026911495	2943.2505363245145	-177.48522530607625	198.58964885211753	12.480381789533567	629.9950108418907	326.33351942642	2833.72452829911	514.3751746864509	370.1102796378018	809.2588838991742	338.60651090867714	-94.47467941300101	-82.5139484292722	1323.5488269022208	2523.639507118114	-472.85124978406566	-10.258759081156313	326.6250595070187	3194.783816112671	45.06894078932055	-37.740536885979054	686.9848081798482	691.022891458284	154.41660624093674	408.71273825753815	2496.4423015470675	-380.43148449430737	1815.420452638362	210.51520562925543	-2721.8120107618997	-2884.7173136765414	128.41004930746203	1615.495690060161	19.392767988846117	459.26182049150884	1074.3955242427764	175.8756061604563	955.731489305319	1776.5643245551182	656.5394614891411	255.72663090500464	1623.476603335297	1955.289800786657	2458.2476576660956	3385.718093245072	2979.2580806470214	203.58286650967057	-557.7812521184815	430.5298032386345	-414.52390105338054	-391.9338579489022	540.2590721889574	-803.0735197440417	2330.1660984117443	708.661170323925	439.52465581549404	1093.9776058003026	-474.64977185410226	21.351491792211164	2596.545279634345	4045.226783322134	3377.5985464803234	981.9923590236049	1376.4218285422685	3563.2525889724493	1354.5311311305668	420.73919228058185	3638.398525176657	976.3026567103443	1493.0503077863723	9496.220439989804	242.1382353687859	504.4254143631715	232.17259614452814	1706.2336496964072	1350.0523250943352	-223.96971529781604	587.3610222272873	358.18551446993115	236.75852429084625	899.1968070372532	1843.8723092782166	368.3649955391047	496.4751067009256	248.1464162467346	14907.941177068395	766.050583344313	970.8545966888269	1161.306779572069	1597.5565031085134	198.63428882889275	1291.8743441339648	323.1574347549431	472.0371574298806	141.0906817945197	1008.6869154188007	-46.9018946936103	1066.309849481302	434.2853498559198
2025-09-30	1222.280773104645	230.56834264128702	2129.2869572339114	1757.9744149453672	2012.410723648507	13783.541955702342	310.118702752196	2023.8664897966937	543.5888247986768	579.3138446177109	676.1459705936923	2356.928233661616	5248.172577324342	2804.4301140296884	-74.98293498193925	207.5171607096181	287.2148370035502	672.6362690552851	424.71058108859324	2893.371351063546	641.9221708372315	385.3626605474183	904.6213977139059	358.09491384888406	-61.49852063068465	39.13491690844785	1641.2271797075227	2641.955704019725	-492.20273081870073	-16.69513258625011	385.4601203424081	3079.203121995044	167.75363388607548	-57.04404155357861	811.2443736362147	929.6953306416253	243.8386404048233	577.7712459711147	3361.684057579747	-347.78597608665405	1957.7132599991637	222.33436482907746	-2622.6168704765205	-2776.1927099089426	143.3227323711999	1633.710065477495	36.21038788896476	453.95295221664674	1360.7204193512734	177.70206966799014	950.92745440812	1860.5003764058201	782.6112342497308	442.88938885944117	1698.9278428598664	2071.5381969182563	2699.3533149468494	3062.1450134559127	3303.666455681803	368.1590290428121	-327.1871457307352	686.724269939923	-250.1640757926125	-254.0192532855399	524.3005776509908	-830.1702218413529	2798.117986532212	874.498897308822	717.9660438270057	1082.3934289324825	-320.5345050914684	311.51084200796686	2770.8068123971825	4492.219482852313	3229.4528439232236	1022.5558009214619	1473.081604667197	3497.358238907036	1479.4021712136582	409.79979312744945	4160.271223396296	1029.9241856242043	1584.3532933867918	10432.091074707267	229.61181771445627	461.4167625451046	199.33465463469474	1703.0706020157431	1426.7504538432931	-202.3862948368651	537.0103804646769	358.88662545134684	241.01623324414868	903.5477843284898	1838.1287818982019	367.9353943771166	482.83905136369685	230.72506662536216	15030.511953934794	823.2803932304923	1008.0226529300071	1311.4065261694686	1724.4311861357237	287.21834486911393	1436.3415555799002	331.8508307801512	482.26003524893895	166.75067206652056	1118.773533233667	-25.480862424486986	1103.8153212626785	547.1039706281572
2025-10-31	1280.0951385219796	507.4420977527443	2216.072981630092	2051.2998645215175	2224.765277971099	15137.498438117342	365.9040361457155	2415.815678396968	2192.812637772058	637.4971806074482	871.7255257879096	2686.4007331538087	6075.5443087056265	2608.1869898496516	32.105559545312644	203.212309193872	869.7308365358585	726.698379973981	554.7016056833036	3005.648817889658	985.7390804045135	372.9779144162367	1048.7986219537788	353.00924761857505	-54.1069600960418	246.87536790628292	1989.5594825640146	2821.411918640417	-473.11682301599103	-70.20858610065443	411.1290697679415	2896.6005482904147	241.30142894608434	-81.6488495802896	1058.4990830548886	1410.425072672544	317.820705457385	726.3752477869239	5098.5351877184075	-314.2570338745418	2167.18240240436	247.72733155453352	-2076.6649301335437	-2298.560126217417	170.2848318385586	1717.6705013118444	54.39843324787262	463.28699613558274	1737.2231671502523	159.63787931442675	946.6971996663488	1992.3306121702626	826.9169110935009	539.3287076116694	1818.3733684946747	2272.8662771134623	3337.7198177742575	2563.0590391087753	3896.8677015844805	602.7510762805377	-64.69675302545511	1231.1760684102755	-97.2421149667407	-59.94918691640305	503.1102975696667	-869.4605699592867	3060.66584205073	1043.762086287772	899.6968629946914	1036.652054703478	-132.31844702853232	571.1911210430126	3032.273177810832	4946.310976981626	3006.062873612973	1081.0535881528722	1550.93092664922	3394.707585848315	1746.3250411224744	397.3566764903535	5254.282354783234	1098.56869761513	1724.384369929723	11193.618311882405	204.17816493440296	421.2656334848525	246.87946223086874	1663.0759566589186	1486.0580994005286	-175.51169140065758	556.1372522408146	372.8959104031528	240.0099797660332	906.8706550343995	1903.2228412796903	382.152255069268	465.8553720953405	215.962185108614	15147.82510442636	873.8133737027929	1086.6013562194785	1541.2179341740484	1808.1713943634713	465.34866404742206	1627.3703787289396	347.1650204776197	496.7393835658786	208.3275798629138	1292.9465411144447	13.928560150176054	1139.3672969174659	779.0717906562277
2025-11-30	1366.8830870566762	754.0817395323465	2297.263479585734	2159.2180957903365	2446.35627890224	16067.50424698247	392.2782542045047	2513.3278269767043	3341.0898400985316	725.1964076010299	1007.0459690222597	3248.5640791017795	6393.279490742752	2241.9544909638935	59.00274973566411	217.30722827191858	1660.4230773485142	751.9983428877858	614.0085154861863	3084.0924307261885	1543.8208291491974	412.0727382232453	1070.4326452533496	325.05883393250815	-52.08671226866045	445.1121842959674	2310.2351103568326	3002.5310392846623	-419.82596279431345	-131.67686351392513	442.58902649999254	2572.389408797724	323.6160669110941	-85.79621940656943	1226.9920994592103	1703.5845563415241	378.9426002369455	840.9068703174089	6161.497922867296	-280.8168992767387	2234.9638398739116	308.9129626749964	-1738.1366016011962	-1981.513969465168	225.36585185613694	1879.3070763807882	72.97427011598711	500.57962887964277	2226.9934320394677	157.38658625320932	941.7681146160467	2126.7579409068458	832.5020777250193	617.0366786270997	1942.2879726986466	2410.9225647067033	3580.454601268386	1803.478186966633	4269.992692515811	764.2832947570423	160.84069713424196	1574.707522272689	17.374716050301686	100.9997162151576	540.683607505156	-875.1785285136875	3341.97067652192	1081.0393758150112	1003.1874265819697	919.3600714220247	25.746196149306343	740.6136630671308	3211.663940709721	5087.045783185713	2730.893376946973	1132.3546626144853	1628.631325049384	3183.6199507071724	1911.9389700695847	434.0538736950166	5919.273613222762	1133.0500822505855	1769.1336820937904	10818.705254832927	201.78794506473787	423.45759067713334	410.62676775800537	1666.076437286376	1530.3469031915192	-154.6895754161569	612.3291061709388	410.9727472126506	239.9964195792927	904.6436089488925	2097.980604712153	422.44008318911074	503.79858210337625	245.57004505864097	15231.283269575797	912.9396304978673	1167.0536011759668	1643.7172659819207	1876.6268692500144	733.2245703660737	1843.2092529485108	383.7654252778848	533.374321608313	262.6989169699127	1429.4302761650324	67.54074524257521	1171.3881633487908	911.8092930639032
2025-12-31	1433.1826696743829	1097.8697011598706	2276.2216933163872	2248.5190679150182	2665.1599830060986	16456.044362224566	418.8417782767242	2547.602839944	4662.069530353183	768.650828663227	1257.54436792072	3567.8252295840794	6695.79817193147	1920.8554734213249	80.60023208154234	208.16441868039692	2228.6814075880757	812.7091589269476	668.6334902264934	3135.931814792115	1864.9524462095687	423.24876555667834	1082.3632031632333	280.7095487490369	-44.32627066864734	556.2651067175593	2567.058065347137	3107.424583501266	-407.8308334150006	-193.0930140398341	433.87430283991944	2308.926101117715	435.0749306510734	-72.59206506070313	1381.3157778448294	2063.426493046949	434.0786420131026	946.5039321824061	7468.930288891432	-268.96702858869594	2274.0066887190114	324.61209859359224	-1578.7410552969232	-1813.440610534315	240.74424814505255	2001.1214064048218	89.96702811674913	509.73391802237165	2375.45738963598	137.8747573733017	938.7408472448369	2191.1695752058004	810.3992643710799	605.4741296662314	1997.2947084972147	2467.839341998202	3716.666131341921	1161.8865998242982	4577.244549313684	893.8565907741668	364.8276943005676	1999.8138462700463	107.6144017069555	205.44686577731954	560.050917483044	-872.4768888795161	3614.0246559335683	1074.0738405350403	1088.3929971807556	782.765382851976	156.47209953765014	880.8664961279965	3282.9853197249795	5048.475665161157	2489.4484051779145	1155.2560210945048	1649.568887043264	2995.119724306467	2112.5203791299173	458.25761653405425	6577.676751735526	1158.3212516116891	1790.3346112013169	10721.167044838803	211.97466231711223	410.1383823157903	493.63532031906107	1696.8252305154529	1563.0022690882615	-150.8923098964915	606.6181187239326	419.4492119812021	238.4473747654156	904.5552553611124	2144.095882561378	430.8429105401101	529.6994038235935	263.81472114417556	15347.015071108122	938.6945082661132	1143.874549775197	1713.986346276044	1923.8711658790708	761.0792027198113	1928.288607360446	389.4806663575455	544.112528660271	278.2924270455387	1491.9126295389706	75.03130911562221	1203.0696038479946	1071.785293035
2026-01-31	1536.4409447204562	1885.0326944445733	2298.092411272697	2807.549526782903	3160.802087554639	16635.22485864247	537.7865133386995	2726.6661368278474	7144.01009074811	894.2900380006959	1873.4329212694174	4149.037524354149	7787.050150960444	1516.1670069885877	182.35780107524806	199.66604172201914	2662.8589437291776	894.4887537276918	802.3295987526435	3277.6187189487027	2106.466363322863	583.1359805266675	1272.8231764184056	287.4363532491775	-34.15126633053296	1048.6354578260143	2830.357439594849	3184.1881912663994	-429.2838706999846	-118.55475004685832	483.9254532163295	1981.666517025209	741.2028161379403	-46.58206305114072	1556.6825825304804	2792.8932355592115	517.4008554615084	1044.136913048913	10118.0704014301	-264.5949985215557	2286.658417145016	322.0446170643572	-1107.2061850551509	-1379.8966329043378	242.86983785123994	2065.299341250946	109.91329688524593	507.90626515103577	2409.262970207201	134.41819905003103	936.0415255466578	2215.8662166057693	794.0577523203174	618.2331111964195	2020.3422113764645	2493.083662189565	4242.909738877122	312.84605035581626	5129.726835416703	1084.503969810099	606.2439719174818	3079.8850249429634	230.13706822761742	359.1254374767077	620.8537852152022	-859.2208818854542	4299.3202277696655	1079.9091181301046	1254.8259314427014	583.8633860195787	310.7961309725324	1018.2057072596963	3395.582009042064	5262.262887048913	2165.8154682628083	1176.9450510022743	1616.0633428841247	2795.3532252824953	2640.867404699922	518.1863880856181	7859.916512658794	1164.920358642621	1791.7275372975164	11830.034064987689	261.7337751237628	430.68728308891696	525.9225302136874	1636.4851086235267	1559.287786311199	-153.93556557314696	543.0597311945257	424.18206372885834	236.27137242103527	906.5423828309504	2168.1566172573657	434.51073355824155	594.0524760679382	313.23360159701224	15445.710755259031	985.6683354832148	1118.262762497954	1745.5990291700018	1949.8104733134714	723.3347784645448	1955.8204251206735	388.80194450990166	550.5528614940213	279.28116084216254	1497.858488968248	71.1902260062925	1233.7252098932513	1412.3387369663724
2026-02-28	1812.5043688195692	3069.550336540058	2184.616849429087	3789.25658684426	3513.9028579268015	16225.22410958365	788.3809751298354	2966.5514419439332	10506.21411851338	1062.3060562793307	2850.3435209441013	4803.217669551734	9406.839591499273	1331.397786769332	262.39740298114157	280.7950507521	3017.751783227428	1001.8147752527475	954.9709419141273	3572.6427182856423	2317.1514395418453	808.6529041581234	1514.0345722574311	280.2572245441688	-10.63351345787305	1472.3029926508607	3032.311565406075	3233.0122350565543	-439.205380017851	-28.890244068921675	577.4535573207386	1768.4954295792413	1055.163947888188	1.4495004953951138	1824.7143231527953	3820.3911878345243	587.1558562491591	1124.924725260009	13831.293334029579	-233.82380689035926	2202.705686799065	337.1037740763313	-504.1836378850385	-860.1696232751037	261.7104584147619	2141.9823461446213	135.69554965959333	503.47826059199906	2578.925314299093	172.77652857966314	932.8321820447018	2201.2682437241965	700.091522054674	604.0330755155537	2007.0792325909606	2431.6416490951633	5231.870858867638	-212.89051746543555	5498.1419959200175	1229.8886232449731	830.3593578348064	4395.953497977949	370.5734927867952	499.60721943518274	739.0343364558921	-825.4821768971105	4634.872938150998	1096.903604928173	1366.933490406418	309.2950023358535	411.4112994075813	1137.7369329923986	3484.1910162387285	5335.888056481785	1968.9427630642022	1195.203464166454	1678.6893314445188	2658.039264790408	3438.496927243943	628.7951249070939	9112.78337363675	1148.8379455341747	1725.4943308224865	12744.673080033259	364.3458005406701	523.5653417221201	571.62991653895	1544.7942996355669	1489.7874048042559	-131.1126397862172	495.4506272191247	425.6886334601677	232.27283642562543	908.138652126916	2174.265094671515	436.0224383894456	712.9267922016224	412.0406036430013	15532.008390929666	999.6715524141855	1188.7576555143823	1690.3257860906851	1912.9730592143424	868.6764998774888	1904.0482547035208	395.0872542359939	550.5211808196764	305.2719789353332	1443.7265157123475	98.8795172909322	1262.0311666535708	1899.7428456081434
2026-03-31	1868.3773721015568	3170.952473947742	2078.7130120937363	4164.6195930251615	3450.561263683605	15552.451737989584	923.8794169875073	2872.5179751038995	11333.909990768072	1055.0786511554197	2893.2182811343046	4653.550060580594	9606.254798855902	905.0242064064223	176.53216341474763	259.79019969872024	3265.399998979872	932.0922590657938	900.1461145686917	3623.870720976578	2450.6266253026843	1294.0162727678617	1614.3678929602884	255.0854601793426	-37.55682942991598	1552.9279502184672	2965.7250649401612	3186.8770871991983	-510.97630179090265	794.7373916011875	624.4461909373476	1404.6320940636797	1265.5874676595977	11.38363717150878	1810.0985720944664	4037.828145453819	533.8054340030285	1177.7935271318365	14617.307958327969	-229.7857073856867	1938.3244230032433	391.7272871304285	-329.1182959382568	-676.506927716302	315.3695148857296	2061.503420108107	150.8389608114653	570.0548580389986	2864.9807085101347	138.23930495097557	929.6586829244261	2147.275322022404	593.1254838459245	609.5568871557243	1955.6272779004285	2330.8236428349373	5857.73075790445	-1055.688221399876	5553.018352486204	1243.2254471811884	996.4855507006905	4767.50625037883	483.9573183783241	614.2683623435596	882.5543200609245	-746.9634515997232	4686.204857245764	961.3077913947163	1330.6994298747832	110.19675298437869	449.4156473335315	1265.0877573357702	3449.292762432822	5153.276573200055	1732.4306121186964	1167.409303948456	1555.2232047446014	2400.1090762021195	3620.508696448018	757.5080084577439	9401.009166441283	1032.285195143977	1538.10940460048	12860.533583786542	422.95811902353853	586.3778908880522	582.7382116195531	1445.9391723699482	1384.1356824862323	-131.99937724903612	366.0309517145324	486.23436605922507	210.45890837878505	909.4105024057862	2486.9225616521508	500.4430340447834	849.7892701730088	529.6695584808222	15609.762853168184	973.3245394408532	1289.9515727721027	1589.626512611554	1867.0978993450608	1068.5348115272063	1859.7361752632605	443.6915595286755	580.9975429030874	342.6576970546521	1370.9025877686927	141.78275670435687	1287.774794694822	1985.1478555627164
2026-04-30	2012.5926610307324	3498.7296189372646	1982.7403416789239	4598.871297662334	3362.0108834225975	16540.24031593738	1226.9180319245716	3233.4943988035448	15174.778152896186	1090.5206710594157	3125.5763607005974	4360.408201009697	11834.3863168834	567.4377920889965	151.52056929959872	324.77169588540164	3539.0799401080913	931.4596066792546	999.697647394134	3752.3385781164616	2511.319416137492	1512.360606889246	1906.317156839048	268.3544714584177	-35.88641511251444	1732.415561415668	3046.0835040060083	3300.8409789098223	-624.8027926183258	1737.6965091022557	728.0963034183096	1120.6977759923611	1389.3029037464912	7.868973459955669	2029.7004928083697	4886.101224552091	610.7667221691299	1275.3540582037022	17683.076590375684	-233.5759632451509	2059.6972285990705	388.5778767069387	334.29891836122624	-130.4292382874246	317.51983531300357	2007.1053621580359	171.59418082149068	583.0131055198235	2851.2750406297855	177.41111772107797	928.9425946344709	2229.437274284279	513.7290096499428	592.978028615621	2032.8700224830536	2478.7887531115703	7732.376197230675	-1712.9036507342535	6500.445488229096	1495.5750904681809	1272.8352966702496	5934.819589150131	560.4949900710799	786.7661995242688	972.4967081268514	-758.3010491405194	4577.291633092136	993.2904697785343	1491.7616396591166	18.76425844422556	665.6821233742776	1397.9114771793138	3681.787945206739	5849.312857543999	1562.8848458552093	1253.8223202568824	1437.5762598401634	2198.1967167531548	4181.418103129865	840.7843929095889	10741.960893949785	1058.9941776571377	1616.9148395593038	13949.079179789398	484.56084012523024	597.4774335008133	536.5382922482913	1392.4550792431	1367.512416482241	-139.48614446635656	278.3314230233045	499.25185608915126	204.13222505572048	913.6045674116685	2557.5582117178783	514.4997054665473	939.5158353053157	597.3655252799017	15711.368054601015	961.9321556077193	1300.9274159481301	1756.9005688588259	1857.5022852099282	1012.3151433151288	1977.728293362623	452.624373538285	589.2397349296552	342.1176449024988	1441.65418168442	136.68663081226077	1315.6049899442878	2399.021890648917
2026-05-31	2003.1705351372839	4425.874338015241	1869.2376472892174	4799.736635510122	3222.4114586206924	19033.883899048204	1399.7042056567498	3306.9147376131987	23855.8141414251	1054.088969604607	3896.619569925464	3848.1129184283855	14711.590368706835	239.44344705867115	246.6650973370215	388.97347556573186	3941.7171596232656	983.3689575823428	1170.0050004921995	3953.0203627346928	2681.419814470897	1604.7687249970095	2005.236754956717	239.79481395389303	-62.4878122699638	1756.7729142178541	3104.243722601692	3586.4042447354223	-755.5238006156706	2064.200700772868	741.8951516194247	806.0974096858554	1467.2075570482302	-15.156691538667474	2497.31224843541	6480.2057597481435	753.8473129298163	1394.6125476964298	23502.774788243536	-232.68712138866158	2405.7335038824203	398.0354283499946	715.8446114065591	205.96130742793684	330.3439343906339	2044.9974208905114	145.13637107639443	604.470272571527	3067.861482710665	219.5609867834537	926.9691055795483	2438.636099853731	459.94853545480146	534.9407117694936	2223.383625532315	2853.168383634722	8442.114063401023	-2447.7715380961163	8111.398993574912	1923.5347814711713	1511.5385415561432	7606.192494578925	663.9305449292651	1080.708764842213	1098.5712662055466	-809.9951663119073	4413.074245130272	1119.108346349576	1755.3088223715258	202.98365151454163	985.8033553335608	1443.3669673452896	4125.9162172352335	7205.474472257414	1416.6266546703555	1374.1650273901869	1374.8890379368095	2014.1548771079106	5068.211306619862	955.1600856520927	13521.977650328801	1154.244871333749	1855.034028321239	13743.534228739903	565.1149852604576	632.7095260492661	570.5692580713967	1339.4694783118866	1431.9983201374343	-140.89046471392703	213.14995270370127	521.7897544762527	198.44457031479214	916.0517172890759	2672.6994394136054	538.3959613614734	1061.8085477559252	680.2912482674456	15789.020357095636	964.7793516859456	1276.5133054342114	2192.6862189800904	1875.0042708851397	1054.851697926002	2183.246581977648	474.248380257628	608.2073812760573	340.9068616504983	1547.1871492060382	149.64337969096596	1338.7699008668715	3171.942893743246
2026-06-30	1991.3877238516798	4263.507672472173	1617.8923722284599	4595.448947094455	2841.3872772674003	21018.056120584602	1429.7822140719118	3107.9373422348544	30798.47408524205	947.322377643095	3877.9597529942293	3086.592535569209	16217.814735591797	3.6707442906335928	126.94454127133395	476.8013830011405	4934.19113890583	1006.4504267220018	1290.103297073394	4357.565688430062	3128.348390778021	1629.7634759361717	1866.8377306334478	219.0737738696771	-102.95913127058611	1579.9386702398751	3167.084421243875	3823.2711425220186	-897.9915555923299	1955.8583928136868	698.6219397927271	476.64017215585045	1384.6860454521739	-0.8758684858657944	2738.691119671006	7745.840871257893	889.2654702160544	1537.887859433511	28192.592182148626	-215.37891627159843	2608.745018661317	438.00319184982436	504.85226708132177	49.96003917156122	372.92299851822827	2135.3003453003985	114.29750166269878	649.0937479246077	3514.8182509197795	272.97685585758336	925.2295445755008	2601.870095956827	371.6481806243646	490.15431581575285	2372.277375778518	3148.990961581527	8041.229325347573	-3334.021061948333	9693.04747789343	2115.257789733103	1579.2229808079828	8876.855682654717	728.2298480810723	1148.000418412199	1202.378156253466	-835.2826351349386	4026.7150466401436	1098.0356474083746	2308.7397054382673	516.5118523358506	1110.9831996853227	1409.084323260564	4520.593168628093	8411.635572420259	1299.0554034039233	1452.3917634360496	1357.2521656428726	1860.1716138290649	5592.357419820062	1050.5580205853694	16152.304423556481	1191.3872111506535	1995.3264522421705	12570.716569328026	608.0663526996177	689.6382649285442	705.1226443080577	1402.3500533280348	1443.1482637973459	-125.78683568038377	210.1485163826037	565.8887944721155	192.5246747734418	917.1023137196535	2891.5969888685067	584.0879457650572	1164.587071211461	757.6912734198795	15870.155119938077	943.2518916140616	1328.4337224910068	2562.4933668645026	1796.5114759482203	1293.9347341832326	2259.555821411326	510.91393104620147	646.6098690827712	380.6658564057634	1535.1780821736174	201.80444072481077	1360.8077096994675	3782.9215384041217
2026-07-31	2040.9095928005463	3894.422590665239	1502.9649644489073	4181.600200363155	2539.999245981857	20346.361352607928	1316.1990900202945	2698.2093277106833	30902.660946235483	853.7551346231849	3604.5600701792246	2065.4971639778887	15363.172120067567	-262.8596723429073	32.896304567202606	554.3782177952507	5175.711309125436	1058.1359033787485	1329.6093323199311	4252.3226736508805	3258.183048673596	1655.5027995957862	1627.8431932789372	211.11200430090776	-156.62800933351764	1059.2287791432827	2864.7278811915203	3734.1808642349133	-994.1928843564674	2121.1074860899535	671.5147574237435	199.9242148641788	1395.1927124871509	24.44245007101108	2604.6296527510785	7784.434296272564	960.1000325318691	1431.9082562710119	28455.695927434397	-228.8795656383245	2608.8395670645987	362.21721519755556	127.18188600506255	-253.9151429571848	307.5029148743997	2089.0214359884812	95.05568087803431	588.9087927405599	2841.9915792782413	322.00664666087687	926.0862469845742	2538.57057614065	293.4453592543723	452.2714777800211	2306.740828241742	3047.9631698124213	6953.057757637922	-4104.296089901509	9774.999453038778	1962.160342761872	1439.953262491812	8440.630480347663	611.1625802019335	1026.7388886631907	1226.3706979576364	-826.4305650089946	3572.4254746420083	963.3144656463701	2223.4363835624863	655.7546096478618	1017.0701637821694	1237.3348519889369	4410.1481229258825	8096.500986252453	1158.632851518225	1373.2430037747054	1184.13778232834	1757.818098566975	5440.547594893487	1073.6810975777043	16387.958682654455	1210.1809279741447	1993.397992895414	10907.104823984497	681.9334770157748	663.2019405185401	730.1531019657505	1414.574434855469	1281.3979545417533	-141.2379885950686	127.54455896427498	514.2183694606465	184.1768970726862	922.2319569205938	2626.0996616452103	531.0649939927662	1189.4011614263509	780.7403954234123	15969.52674188069	878.1434611689765	1232.2410723504236	2591.2084443595304	1586.347474491111	915.1201929695744	2216.6122816922834	450.8551582333039	591.2316487708504	321.96232401851194	1448.9239347017938	137.78470859207118	1385.6999222070735	3752.7091199657316
2026-08-31	2116.838013284125	3591.584733515476	1301.2644032034004	3752.669128703439	2428.8832756472366	19483.735977667675	1308.3353992103903	2428.214908038348	31125.910926258992	859.6639312927891	3369.6223121882213	1559.44811599065	15063.74360796091	-467.88652671569434	-13.64173050944737	561.2161571035122	5374.159176857313	1084.9762522878373	1367.745293469552	3920.781021916191	3392.1767772393796	1704.267195060209	1553.6697729210882	309.7617631367616	-177.34718149868013	827.8551746756602	2627.5000748121383	3564.78898393322	-1057.436741543681	2321.7316191572318	772.6528366796829	-20.350956402675365	1508.7783608765203	60.11415321305503	2449.9703307739182	7736.3301785914955	1008.6444898159789	1294.666022952577	28228.661016448226	-234.45552094686172	2665.337124166148	254.83826237657559	110.6346428711804	-272.1203125115335	212.85751697824344	2072.831163040526	87.59208133588436	493.9615054283786	2019.532032216899	320.2948685533629	926.97299392063	2426.941942938338	180.56912759122224	438.9755621932791	2207.169563610456	2919.7167441265156	6716.4782358410375	-4677.36859225911	9556.300864300363	1808.6833077529373	1363.0900556914876	8053.324347709971	473.3900759638409	890.5170190460085	1229.5970973217845	-824.4361446538078	3283.082642168916	791.7430045434139	2094.968693961091	876.2353498820812	879.6503189716404	1040.809370485651	4201.165273752635	7654.825729440046	1019.8558339266456	1282.8188416038556	1051.20613976194	1675.1443404719757	5283.539354909495	1078.3652052203834	16078.309356504382	1249.4047126310197	2026.606202889885	9764.194142316665	771.7617541635809	587.8663366016553	739.4487243247331	1361.7636291022536	1128.5007270105416	-151.73404300292623	9.122147209584	431.41996388800544	178.72861657126668	926.9092334236557	2208.275833631007	445.57903469546727	1192.097087817774	782.004062002552	16059.159474264598	821.9115745106446	1038.3324026123519	2584.176571236152	1414.380265662996	452.9023023552363	2156.1110778475377	362.12700109233447	512.3087508196768	246.37451574908664	1375.204315631825	54.70617534172379	1408.5562149442849	3715.070226659691
2026-09-30	2129.7866274717253	3046.1523983295847	1053.0230586013276	3283.305250580259	2196.882064978836	18846.707709806564	1268.119283627585	2126.7866315652827	31348.95964649097	773.9267898653561	2917.011563765769	818.9316468725519	14476.798265336496	-654.2991729996138	-114.96193770044738	500.9870080475521	5294.092301982215	1068.5124088144712	1374.8575673791474	3452.4132774298487	3407.0473420446033	1672.3957989703922	1446.341084345324	316.1140042402171	-197.5420066252468	644.7236592132704	2303.6036444600613	3330.4245308885	-1140.805156815215	2626.3604229090015	750.5512994963901	-194.29474065559043	1488.8380186074937	53.95250578060404	2245.8358724639	7671.105241051151	962.1919194281327	1099.3945749344002	27942.480832439687	-264.07251703250404	2750.224530736694	127.1215527604054	-3.7044751724133675	-373.8238463502803	98.78653552708602	1833.9033860808413	78.43294116655443	402.7753229994232	965.1659251777601	269.99310657678143	929.0697558343963	2287.4956697121597	39.81915546093387	451.47619172283066	2081.2699168069084	2824.65510868455	6383.585696133039	-5065.236010433771	9578.388284926383	1596.8288409196957	1178.4469158258034	7950.4682683190695	332.53252904267083	757.2888645704825	1146.0782125236474	-825.0452324706403	2870.998284622543	607.6144466474434	1873.5200061655687	1117.5665811210656	754.3823457557355	767.2830317524713	4012.290787662456	7464.056502827014	881.9552550850931	1194.5626593719462	749.6077743351198	1576.1247939249297	5102.788860848996	1003.6947459065832	16059.315618278488	1263.1053449105566	2081.7795161004797	8448.361623718607	780.4561393458953	478.66760035222615	733.5185284598338	1189.5983125821876	890.9487598335436	-183.27671761873535	-153.16461011628235	352.1400738936245	155.35200231435556	931.976510075081	1818.661428963118	365.9466844232775	1108.5899408273763	725.3416462226487	16160.083586824476	754.5286254249368	793.2092864060323	2610.6424647009007	1230.8232756619	-141.3470683808482	2036.275535486584	256.1761429210055	414.48244899673773	151.8783751875808	1311.1880406837663	-50.73377151073328	1432.3489660638152	3668.771148124646
2026-10-06	2091.329996109058	2638.350398986462	808.6399759803171	2893.310129536969	1966.5462781021233	18407.250147125596	1219.766266762109	1871.174316589917	31738.02676751044	696.7375560989585	2550.698167551418	356.65883890967234	14015.894669088462	-755.0008283730567	-183.8599696854144	428.1466547068685	5127.554524778279	1033.0662361921532	1405.8445903296379	3041.727286422829	3328.817188065277	1665.4607074587657	1381.6665723917158	313.89864893107006	-212.70841370018934	604.7804643727832	1958.5724965265508	3112.0429847037376	-1197.907987505845	2814.7577999463283	721.4911059824553	-304.03081389470026	1465.8210778712746	50.504462854545636	2120.9346772356657	7569.677096356569	932.3821629199538	915.1289723568025	27527.06922579551	-293.83999240407593	2854.393017015762	17.632716989783148	65.50224972417345	-320.41409256183033	-0.8848776956383517	1633.7872829234693	70.36315395506745	319.9624983271733	20.803124219135498	198.38924056576252	922.5179908855425	2164.1403767889497	-78.48716635579876	452.5353608217929	1969.681647467296	2759.8671594501357	6297.318484724969	-5283.078164155413	9671.609047127102	1419.828004045563	1043.886656206525	7894.1511888154455	210.40729964240654	651.8561069093685	1052.8246336929296	-827.2883043217698	2467.5589927030487	457.22752012897763	1659.1255071102096	1366.5005476915376	661.6010864469135	538.6537574543672	3836.9356685016246	7320.87199191565	799.361294396309	1121.7743381432774	486.0237812020205	1506.1109065285127	4907.810110677961	920.5917393683449	16046.892426012855	1276.9949531647744	2150.741177264332	7400.135443919913	770.7955449520286	368.51283434082507	684.6157422014676	1024.4021436552757	694.6792840130074	-214.67594453860056	-290.53270078336936	281.6257432838538	133.67115636020208	927.7189460831651	1462.3691013291536	292.6057070371098	1016.171635455099	659.1207603982475	16099.66705294035	691.1427977888416	594.1161408152566	2638.322096735097	1068.995739043814	-681.4986030785731	1950.292981950377	163.4661982805519	325.5361162409099	62.550876170018455	1261.6460812152454	-147.92194899900278	1439.4532700342388	3611.0294638236883
