	AGG	BIL	BND	BNDX	BWX	DBMF	EDV	EEMS	EMB	EMLC	EMXC	EXI	GLDM	GUNR	HYG	IAU	ICLN	IDEV	IDMO	IEF	IEFA	IEMG	IGF	IJR	ILF	IMTM	INDA	IPAC	ITA	IWM	IWY	IXC	IXG	IXJ	IXN	IXP	JEPI	JXI	KXI	LQD	MCHI	MOAT	MXI	OILK	PDBC	QQQ	QQQM	REET	REMX	RXI	SCHD	SCHG	SCHP	SCZ	SGOV	SHY	SLV	SPMO	SPY	SPYM	TIP	TLT	UEVM	USHY	USO	VB	VBK	VBR	VEA	VEU	VEXC	VGIT	VGK	VGLT	VGSH	VNQ	VNQI	VOO	VOX	VPL	VSS	VTI	VTIP	VTV	VUG	VWO	VWOB	VXUS	XLB	XLC	XLE	XLF	XLI	XLK	XLP	XLU	XLV	XLY	XMMO
2025-07-30	93.77703638904573	87.51481984759155	69.63323321191663	46.8249055811074	22.107112119738574	24.3599115454994	61.13284192463801	62.848420916166354	87.01780293076048	23.130854129795466	61.748854047618366	166.61526966789853	65.3558426114231	39.65266157850708	74.72117630988802	62.21541000103181	13.532234681671914	73.46437147410461	48.94659008674378	90.3309006948301	80.24486675034122	59.42472658976753	57.37430454940478	110.22899722876124	24.242394355658085	42.96491743494167	53.13777991889435	65.8515226318287	196.79784266947377	219.63617021954647	254.02116248620536	39.23055638929431	109.44693851702877	84.6046539119209	95.08466159704616	108.44603030229833	51.64052339838415	72.9495489334162	63.05848150105828	102.99200158828322	57.20472261360925	97.21877406048506	84.57564577316361	35.81337992094545	12.96110306947406	564.175882889684	232.18521428367865	23.83356985403594	50.821348232867734	189.22597536110374	25.860507871443957	30.045808891608612	25.15585777055604	70.69534520433857	96.06105591982435	78.89495729972653	34.135125078149784	114.0251020878909	626.5186739518139	73.68025499439972	104.48350914137632	82.01304602271804	51.13881860862162	34.317086426081275	79.52873483777464	240.76903910083814	284.04814656117105	196.50348242074116	55.292688993340576	65.48824264517962		56.56988186331877	74.63003730538543	52.202628520529636	55.85609887600771	86.73338409894761	43.730127522544635	575.4278440120269	169.60387505442804	79.83367937394243	130.25974251283563	308.1732773426845	47.132783711369456	174.79527877815988	75.33453236192832	48.93901103247039	60.84182166248197	67.32221071137529	43.97545155214464	104.95865220988304	42.398272967594636	51.84194952285038	150.39760928354553	131.1781918826611	78.1023237121629	40.92694793058057	131.77409692109742	110.93260105818436	130.54815646826438
2025-07-31	93.79313168939592	87.52485453439148	69.63470895214972	46.84158334475292	22.01663169768667	24.30093794285468	61.244029452309235	62.46962252168181	87.03740869804625	23.06631684303494	61.515908423345316	166.10151148189848	65.252922068651	39.35671103827698	74.70955284610612	62.11270416128251	13.401543862137228	72.9247135080484	48.80947096195099	90.35552526806936	79.63605184440888	59.12612443379978	57.35126055106958	109.3471112242439	24.1150040168183	42.838476783877084	52.888889654271395	65.6053877807581	196.0882066130572	218.10265389639432	254.22457050091518	39.06232447455438	108.99345827218626	83.21666792886084	94.99063402117933	109.16642411721361	51.40031884335711	73.070820914462	62.65918269083676	102.99011853095801	56.7838550659599	96.36707745993003	83.68260590660134	35.77171071242585	12.915722662056366	562.9462178120295	231.67305910717135	23.61483161128311	49.57953932029129	187.3762551976417	25.609761191276178	30.054672290958116	25.133706435021672	70.37063326501108	96.07334793671882	78.88153016353513	33.727562386487	114.28187248559584	625.0616746223914	73.49656823206314	104.35964016028777	82.08210742298012	50.76746647899343	34.3130994874547	79.55936558783263	239.19772145471595	282.407007850898	195.0391176141792	54.898967101040405	65.03747535701365		56.56581518397872	73.92252445103256	52.262569143077314	55.84842335462983	85.90597580191522	43.44902334074009	574.0965208829666	171.18824428990933	79.51802453194192	129.59328830964046	307.35072253364694	47.101153284517736	173.70762931827915	75.39837580010479	48.68844052905258	60.848237033633566	66.87007065720132	43.42917017304498	105.34308419209972	42.217872369417435	51.61489108222597	150.0356042633548	130.85501848771727	77.61108312072989	41.14782493269751	129.73818371445498	110.27629808768593	129.94559465258922
2025-08-01	94.20681135861398	87.54853719151214	69.93706349096743	46.93413929810888	22.149458693997143	24.186258461173434	61.820777619831375	62.19782395615341	87.17007916591766	23.142843365670302	61.26286181970488	164.83620953733595	65.85646057656183	39.11675006564728	74.7056141305726	62.701352538404926	13.395575645820811	72.57268161364334	48.606985007953035	90.88808978247218	79.24959025325913	58.767177130840324	57.397960368918575	108.01114106134071	23.998281694383273	42.73708850485358	52.80444543748726	65.62138132934389	195.32593314051297	215.12962742427138	251.75281869772323	38.72678182040707	108.03380036412048	82.7738956404558	94.03790810556038	108.89748207813805	51.04685436796762	73.4045281940474	62.73294599019377	103.44598318515673	56.12687473756979	95.46764975291424	83.06903656536122	35.2030913028682	12.791956809086045	556.7987924997648	229.1557510501677	23.50068076688423	49.027379523426895	185.4307118273365	25.426969981624417	29.720864320833062	25.197458915142672	70.33886964153874	96.094802325293	79.0713879455371	33.65878126953744	113.19249950573737	619.2225182193988	72.81794048810188	104.66165067706771	82.70060342462483	50.495833840693	34.31156187446466	78.50968233615265	236.45930384259236	279.2698338815037	192.91080178804663	54.60515562388446	64.70541751859471		56.842443572213966	73.38004732073112	52.638030863652915	55.9833509290239	85.38728355525448	43.44211726119036	568.7138488203896	170.29133436419295	79.36019711094167	129.2166575825546	304.4005657345969	47.17947717021297	172.41790157320207	74.58976330898794	48.436709507079996	60.94301843441932	66.5324436232784	42.90918042343655	104.90040104380377	41.73723208314622	51.02546121188935	148.73705567171646	129.28498452462037	77.5491328689587	41.28965267020618	129.0629166252939	108.62634637050311	128.85587304040592
2025-08-04	94.45182486876011	87.56517359453537	70.11209787707551	47.0042057269353	22.245059394605995	24.218844486324024	62.231222016092445	62.26065323479057	87.45297094892562	23.195056021214057	61.3753426530165	164.97470724669532	66.35322952534146	39.20011010972794	74.82973196152653	63.170675964026685	13.412384094425299	72.89954194817909	48.85490699372261	91.21647912585523	79.59692113370964	58.89485718114282	57.82885727491339	108.24310028530903	24.04115306185228	43.06809106639163	52.642222489861794	66.13287618102936	196.003176531194	216.01718340207708	252.91618138255302	38.55901049333342	108.154965520195	83.14361209635095	94.50190235600284	110.07936390283857	51.15270918166448	74.1126415994651	62.88700369578048	103.76395381181665	56.26455965272044	95.57538524022665	83.40589432027826	34.752033551214375	12.710821105501275	558.8052800389448	229.9843772951034	23.56795017042942	49.52222896154255	185.44902900937137	25.445624578214552	29.83748580268948	25.262484874441455	70.76312760031038	96.11510822441409	79.17590317076659	33.819390405886885	113.64775961004642	620.9646221468088	73.02103079092595	104.96509505288932	83.12369343594523	50.586015446347474	34.36616530612881	77.3098414732521	236.91988324453837	280.01785151106435	193.18419880662097	54.83635314153207	64.93214601515673		56.99509912070171	73.52981018990658	52.892112660830364	56.050814716220934	85.5622101980374	43.75368955100534	570.3058074668354	171.83818732369804	79.95806410112513	129.63594719948043	305.28689175401723	47.24687740956938	172.58719327927682	74.89502127241389	48.53455310253902	61.14927220243915	66.77104358898295	42.930250535814956	105.68308397527102	41.45112031403404	50.98095989976792	148.76717132951057	129.79663654941956	77.70664956436215	41.72755758205133	129.64561694301804	108.43009365644296	129.00027080975374
2025-08-05	94.58865581206561	87.57349179604698	70.21392781427018	47.03923894134851	22.27826662052077	24.230404413266992	62.6336411746722	62.45202003780544	87.5944168404296	23.239759951830173	61.504748963227	164.95991832061327	66.63161659372543	39.42092259331612	74.873114119191	63.430337295367835	13.43068459710889	73.09198288815205	49.02669856827244	91.34723797601356	79.7705865739349	59.06108368090344	58.01034347815494	108.61971908796701	24.144540840618525	43.25744946385988	52.52611116863695	66.3742421981807	196.15794507712042	217.01376443053073	252.5421437308273	38.55732011177901	108.21554809823226	83.13635835530438	94.3478559326401	110.35574106396811	51.05522879737521	74.19850219621694	62.9884447037252	103.96084577187511	56.52477784271764	95.54538304980082	83.84946968211179	34.347242514132574	12.61730907035928	557.9047152147849	229.59359855966107	23.673323115305042	50.09373891619608	185.43846561552553	25.51715146909995	29.771443134804212	25.294997854090845	70.96074928599504	96.13003336025392	79.21377555999267	34.084694440003986	113.62292918246462	620.25712186442	72.94505900508211	105.069179301347	83.46332453169332	50.790463320097565	34.39346702196089	76.16491905815926	237.19444632197622	279.8152001695947	193.67726633446284	55.00042907320744	65.10854432105492		57.047531631273706	73.64340317234587	53.090244257661276	56.07497553438	85.84532934218277	43.880836856191145	569.7265731670115	171.90041690403652	80.28116751809186	130.14940212757224	305.05468550103205	47.2664593346675	172.68158186913058	74.7235383156503	48.661289002441386	61.26173937270395	66.97764673345631	43.09231299678932	105.66100381014527	41.33457466812542	50.85567999260857	148.62960312080997	129.5134153206082	77.74674595527678	41.72196932752469	129.687310424634	108.40127653403204	128.6509761641542
2025-08-06	94.6379787239039	87.59200560261334	70.23622110928352	47.03296709640668	22.343521928729622	24.250381726286818	62.515583481012854	62.712504083233775	87.69338761943355	23.308606401085985	61.64749510234104	165.3726975025918	66.70080661839592	39.51680437527134	74.93215871364823	63.495169334329425	13.444782987641359	73.46865608641001	49.3613126172661	91.37917395016498	80.12769059531706	59.27095932092047	58.14475151202669	108.80311134452062	24.321572330709653	43.5668331761438	52.39305474508508	66.85456723556496	196.17073889598208	217.36891987395677	254.11223550066757	38.49361824680747	108.68069961674308	82.49237351358968	94.77070683594896	110.86173131079265	51.047511859625104	74.13415557808894	63.43951959307354	104.0450820045899	56.90024254379534	95.09133318749807	84.11547733373168	33.89054973912195	12.556112993126417	560.9589188866894	230.84936580815085	23.668619374730156	50.133974255461325	186.8828451734854	25.524206456595874	29.917489412555916	25.28757556431349	71.33042270818306	96.14230244672852	79.24709697799437	34.21734645706254	114.42730168840028	622.2761744576006	73.1782790142598	105.07834804300748	83.39121197898143	50.99043124500972	34.418651617059545	74.9774599868433	237.00708949399592	279.47525755550043	193.62112675854002	55.295756299909385	65.41979263782238		57.0737478865597	73.87440544359481	53.04713056694099	56.096627018898985	85.65283968940193	44.15920085302233	571.5514884878025	172.50937440660812	80.85845637867484	130.84012007013376	305.96890158840665	47.27625029721656	172.64590568065904	75.14261098521773	48.83164776660155	61.32731515143986	67.29920239504847	42.938719364605596	105.85175358353943	41.08590267524923	50.9156978149078	148.61990104770967	130.09963368569473	78.32262224521651	41.5332640216725	128.7339483336549	109.51311919352969	128.7044401084443
2025-08-07	94.6244588748914	87.60126250589651	70.23304738325504	47.03935075096213	22.385878968210026	24.31243337107798	62.37673972329451	62.94453367308661	87.80878716298827	23.35697711259133	62.15298262807482	165.78670580695996	67.00040483507686	39.598636944105394	74.92432749525184	63.78758558269206	13.506261714005007	73.91326404784368	49.619497174721914	91.36169848631296	80.65857186015853	59.614796371886015	58.367209892976234	108.7866112142525	24.660763277171235	43.79309447503479	52.46152676219098	67.28174528770435	195.95353351049104	217.19112039840417	254.6981847059002	38.41825115526409	108.74225868288326	81.99797584981242	95.18009981690025	110.92598284289633	51.00263013635552	74.35067001316557	63.914057587064114	104.03506846811527	57.009462702561734	94.89884271069239	84.57767808947327	33.6663747230766	12.539955014171852	563.4403664257666	231.88973264772778	23.71409331773617	50.89555844731074	187.64447892219192	25.56122794601034	29.970616044168583	25.302807252371586	71.7716032608298	96.14843698996583	79.24458120384094	34.488672389297875	114.82454409371186	623.0242261448159	73.27023081572365	105.14009565236312	83.28398871043798	51.28929063471189	34.42432596111766	74.19872907789431	236.71665662443937	278.90262206388303	193.4417355594458	55.64216754814805	65.80816292047369		57.072514659832585	74.38186672326225	52.99239920681034	56.10266913078738	85.68067170627323	44.43203077013909	572.2914302790575	172.1767453087728	81.36946714197414	131.51338278897313	306.3372797736955	47.29056045134266	172.55493983984124	75.3463489801577	49.096766418701165	61.397479444616415	67.70248816041486	42.954798982839904	105.72072618752168	40.88203405552012	50.66114175413359	148.50675075578843	130.4523665864997	78.91022011919029	41.663453986544255	127.52296095271612	110.05171035360078	128.48819112355807
2025-08-08	94.52703122577577	87.62025329274317	70.15509791037752	47.00447952892345	22.37300368545999	24.34345919347356	62.100732914015424	63.04115836181186	87.86648693476562	23.399761978536876	62.33255859003839	166.17166558658545	67.15020394341734	39.74122063269723	74.92508107550678	63.923791570642905	13.527104798805482	74.32414758788669	49.748589453449824	91.24786203002171	81.14602787343864	59.747711525176406	58.439626446121906	108.92589838056375	24.77250886636882	43.958707729460755	52.29076284703787	67.87895552959436	195.59151284899554	217.33915150779583	256.27041803654384	38.42891889733419	109.15904361756468	82.05617786631245	95.81043259887981	111.48562020562785	51.05311865704495	74.27363212572341	64.22944395466487	103.8642062921631	57.05916326656407	94.86673016271925	85.15762108819366	33.508428831875214	12.522249636144764	567.3206470800708	233.48834624329749	23.679439122552168	52.351723239158304	188.4148297931272	25.641940190656538	30.101634354176575	25.300952156764406	72.10827477494615	96.17543767222901	79.23373316783844	34.684336728706555	115.4241281259575	625.8301977892048	73.59727361098683	105.13761755884758	83.05011737157642	51.52340088681395	34.422547349455314	73.74936606482606	236.46814581710248	278.119157711629	193.60098710345335	55.94625543545098	66.12357151150638		57.019321981405554	74.756576672178	52.865509982433494	56.09133548092103	85.34144593004092	44.59708266107052	574.854760549685	172.1240171856364	81.99720305340895	132.07666057173265	307.48770116614463	47.307130201257266	173.05060224413938	75.7325388089265	49.200145218017575	61.42789049440293	68.015688049934	43.070371293177764	105.83239754810654	40.910243864918264	50.76936405943984	148.50925001168326	131.28203809061313	79.32002018532756	41.639214481065096	127.48044028470767	110.41754066264023	128.771797893322
2025-08-11	94.51172270517304	87.63452850184034	70.13998792003251	46.977524340877736	22.33250747322316	24.344771894100063	62.009678895972556	63.00222476501237	87.9518324871582	23.39790764637293	62.37844703488736	165.78579159456226	66.76010334499969	39.783463557315415	74.92545786563426	63.54689486979411	13.458356114154938	74.39419812255662	49.79400488602667	91.2052794342003	81.22083345576229	59.745910816299144	58.50979506510197	108.96111813559438	24.780175331621912	44.00334449583389	52.28038165240077	68.11522086782452	195.31608113152902	217.38848597118306	256.82756131319377	38.342385321469834	109.32834688202453	82.05572260014841	95.87318810119771	111.69284519802878	51.06924579092482	74.09858135216834	64.43595763407072	103.85933016634522	56.90245112485918	94.53495428424048	85.25597652920425	33.558694014936634	12.537462441668573	568.4156946337854	233.94473464508624	23.604722765621787	54.405607484447316	188.61756351716906	25.639233149222314	30.13730113247159	25.30949554859705	72.11699596901605	96.19371782903443	79.22830914983719	34.43216851694117	115.65462235155297	626.6116320977274	73.68189943977076	105.1363785120898	82.98062509203821	51.621105960985105	34.42627382731555	73.77468455829194	236.01925967612937	277.31481262046293	193.34379036569152	55.986809129468654	66.1649008375403		56.997499735819964	74.7503700926808	52.83050203101167	56.08566865598786	84.89027405144624	44.66529014034971	575.5449645033582	172.29520866606038	82.2337280220658	132.0400316408468	307.70796191119734	47.320118597943086	173.12291922509704	75.84771090226599	49.22265599829102	61.47580132630303	68.0655832827795	43.079279732282245	106.15892033167046	40.76046174569156	50.81366381072578	148.26925818455257	131.24973791737688	79.49108766834738	41.56190536675325	127.52282054518587	110.74402194875177	128.6061595667782
2025-08-12	94.50406844487168	87.64646499554908	70.13720892583657	46.93550136721621	22.341452291604256	24.440088049711164	61.673058060657176	63.28812448272591	88.07924876311034	23.457423404790468	62.77209400084212	166.74956236222255	66.51504999403305	39.92078069833544	75.0097069296433	63.3234466719576	13.542737112405838	74.84506353881737	50.0749962174274	91.17441706085015	81.73604615292997	60.125297632270666	58.72924750813692	110.72943373210383	25.044324459329022	44.21174190428901	52.375191436551944	68.77042095026968	196.16222147396763	220.64110425268137	258.54966017319845	38.405491366789605	110.0970538426236	82.41508359011327	96.56776623077464	112.74016802137767	51.214045274002444	74.13295843121112	64.59780440907637	103.90427827286987	57.27064160857217	95.20769702127063	85.80140058760017	33.41290146608648	12.521003349893125	572.5422894555645	235.63900092850014	23.629535569517436	55.26068605118362	189.98614992264703	25.786206502284497	30.334201179639116	25.28535347193036	72.40672643909787	96.20285790743714	79.25436377291663	34.42108418217664	116.49754967064953	630.3419793789418	74.12854737613537	105.04525529608397	82.73715016198591	52.020292665551146	34.46273827779352	73.36234075326706	238.59851228435375	280.17876861491897	195.54371372532623	56.322172341223585	66.55892518073304		56.99137224339826	75.12955287470953	52.68977761157517	56.101973579702914	84.90329742611374	44.82826770506255	578.9657500739447	173.96620021926066	82.93691711161884	132.55216608897808	309.70131677102836	47.31719812343444	174.0366030451657	76.29987016060565	49.515975826293946	61.57919209076382	68.46883824173155	43.364797031668466	107.34097292218289	40.78438469669832	51.144905254361916	148.91726764208096	132.24955615351266	79.68295228143931	41.6125814828151	127.98460058021013	111.49637773462979	129.74814814276408
2025-08-13	94.67203239138115	87.65721687277454	70.26466845827962	46.99061788636689	22.40430673509656	24.554006465346305	61.90382982683738	63.52801342849675	88.35950963546142	23.51507625775412	63.07134973479606	167.48848967720502	66.5025239289013	40.149206419724365	75.14989206955798	63.30672379374247	13.599771552266152	75.25907580627393	50.3159347694803	91.32142712783718	82.20118729155288	60.63189892294686	58.950563161417094	112.80368170980191	25.118551046498006	44.42567609740818	52.5425952605123	69.1267914382696	195.8747356149135	224.4440643944071	259.26137183464607	38.58693528910769	110.76480118278641	83.26961073426563	96.83586218032872	113.45741387519078	51.441415184608644	74.33056689260752	64.66896598627648	104.20161652290955	58.352737567591745	96.34323602284235	86.51139899375126	33.25245788941531	12.498334221180693	574.7497213879385	236.55073978309773	23.751941628142507	55.8895497974424	192.1053033548782	26.03194201914762	30.447573345251687	25.320640946475436	72.63381747369932	96.21700665147247	79.3201330888509	34.71054209108832	116.5922997681861	633.2924191328302	74.4702108828919	105.19977455966307	82.95695780194022	52.474406434093936	34.52941906565457	72.91116991886986	242.24424057821204	284.1062910457407	198.66464861071	56.62073621028465	66.98383499637238		57.06478364062003	75.59496595151492	52.82319843713524	56.14362099090126	85.30590057462913	44.957485979606474	581.6914932010349	175.23137586646627	83.37069167958872	133.1216793579656	311.45223614430324	47.35339657758636	175.16622022375472	76.51765663792001	49.94470590020752	61.7757200840782	68.89357592018217	43.91815252889576	108.35525895254652	41.032538875448765	51.45771225547686	149.52681771996626	132.77431420956884	79.77888458798529	41.683795090162434	129.24352862262458	112.64236535046919	130.358807652925
2025-08-14	94.62239314881558	87.6673840711529	70.22817849793864	46.96107966461899	22.36275593712836	24.56836980982159	61.667086727383534	63.42984114112826	88.40078600669555	23.497409153962508	62.933194932705646	167.3290303000283	66.29126287997799	40.09396852053113	75.12192403160516	63.103362659810685	13.559015300364033	75.42256387359595	50.48423653452042	91.24683035469008	82.414451678003	60.529290220750774	59.01270376088433	113.0293776285826	25.02068604570994	44.54695975280565	52.476297553962205	69.08439562758207	195.32355249983956	224.87469638177384	259.87607776302616	38.69216263661927	111.43093117000649	83.82987372650781	96.8412327869417	113.86443005160906	51.527750667865845	74.34647775172368	64.48972209836285	104.17020523411102	58.27548987754587	96.5410218505325	86.5470279270514	33.374424592901015	12.511065628198988	575.6297740240474	236.89976716938088	23.731842014632775	55.83079365177296	192.64714935810315	26.097393815359943	30.519182523761096	25.30986900381633	72.64095201077544	96.2288684685585	79.30986207665201	34.60527104554416	116.76342741094851	634.7972410605557	74.65090362870181	105.11983433183349	82.75852345663418	52.41451797534775	34.5212326651515	73.3255838913197	242.55703392435993	284.0368033597844	199.08770302849953	56.721542879312246	67.05567634828384		57.039353642819776	75.90025854948793	52.705082952698476	56.13573719222798	85.20178222701183	44.964819344783706	583.0593086122362	175.92817267444406	83.27819175654241	133.0592298767367	312.09602163660475	47.357375702733606	175.56528784625237	76.6820918687647	49.8770007772522	61.80857537407035	68.95074380115554	43.96264491373987	108.90670204707405	41.13733457749489	51.7367716245646	149.16698094250268	132.89262738066333	79.46918854033053	41.57453685782536	130.2009879441248	113.15099758612327	130.05423597978282
2025-08-15	94.52599836273787	87.69160982122098	70.16221165497518	46.860672507480395	22.341980538144256	24.551887007571928	61.234141889692744	63.5213208696364	88.38375405681458	23.52577080775518	62.86899462211454	167.22458137315868	66.21063006669797	40.163178031627865	75.13595133465023	63.021680643259835	13.756354821965463	75.6832133943175	50.60186520024361	91.11875743198371	82.77688221107181	60.55111552358339	59.10199587763455	112.79307397664482	25.101911969693347	44.72688144195458	52.593148319217434	69.42763864020705	194.59578198722448	224.54216081295723	259.8449297506537	38.759281696727605	111.46594242216145	84.78485187179882	96.48262429752359	114.48414068498423	51.602824537424134	74.31542027234622	64.4928659625115	104.08815818956528	58.42333606426122	96.42285467526625	86.77611558706086	33.28324730011262	12.498178554608527	574.8022222171019	236.55493271799122	23.76961706749705	56.54288210115503	192.99203171030157	26.125335129420694	30.535090605752618	25.271331405899865	72.75577111036819	96.2491617123066	79.29034516186115	34.55263552277208	116.45297225039613	634.8047484599654	74.65742584389193	104.97982759682495	82.36519693949873	52.53554992700493	34.52175715594001	73.06279347153875	242.30517406667215	284.3450770949313	198.6451088384685	56.89798190413366	67.24190372589973		56.997959749876685	76.15452838363069	52.48488858328283	56.13179529289133	85.39310073875006	45.011443333280525	583.1123264252587	176.53832797540562	83.61384258237277	133.31252051698164	312.0629644315836	47.34053782695274	175.65755999978634	76.64162500542727	49.91609857893371	61.78761707851467	69.13452869989418	43.984891106161925	109.32023334775577	41.18973242851796	51.60645916128132	148.64736376226696	132.4475191346676	79.37717239516527	41.45954778682284	131.78119618153505	113.26917860263194	129.44573523842655
2025-08-18	94.42531455002128	87.70372269625503	70.09104311386454	46.82474161873043	22.307265560515	24.562576995302077	60.872123511374696	63.9160444985389	88.41760410970612	23.50740559125552	63.00273461574477	167.3700955571848	66.11031610146422	40.081590923162565	75.11495366415129	62.93084039792386	14.048000580690983	75.79903086097711	50.67502851686985	91.01172933244693	82.91466333453981	60.747298484447946	59.02534791440321	112.7585212412521	25.195551131025873	44.802527635039795	53.04657415960872	69.69996052493751	194.65424475337787	224.78556099729894	259.75469448958467	38.65262058469193	111.30754854262369	85.23771325889746	96.4468442227364	114.58589663643743	51.66315238101676	74.12922579169069	64.49931689238856	103.95235851372794	58.67391588064135	96.38844073484992	86.63516625300309	33.32520214126725	12.501361406363102	574.2740969483947	236.34276634678858	23.69763659771337	57.52254349808728	193.49976951726018	26.105813698133197	30.552993377217128	25.247325706612042	72.84219906226417	96.27366685468846	79.28058670446573	34.55131737991631	116.32249824067658	634.7394408803733	74.6508297737526	104.85265336140075	82.04993474294272	52.73251762402492	34.512791648648715	73.11639582024203	242.43009863001578	285.24988534922346	198.41893656034753	56.95711625724261	67.35925981583073		56.96292144903502	76.20907724113175	52.31317640834064	56.12982434322301	85.12607765208988	44.95361099464319	583.0352891891919	176.393965623445	83.78649740202623	133.65133166962363	312.1055941542684	47.322704216210745	175.71832162586975	76.62802914700075	50.12531422782135	61.79582994733839	69.27492121029866	43.868925655620025	109.19232416289157	41.09301608608515	51.56092763972269	148.67802148074287	132.36655131538066	79.27799888679162	41.31271876340654	132.41464594233003	113.55599890824956	129.37453998249453
2025-08-19	94.4656365535751	87.71934639451423	70.12227708061391	46.83531964664549	22.280180593673027	24.501661651337564	60.98220814850961	63.87105668835636	88.45336992594682	23.479624426487135	62.78670094129524	167.4774519533971	65.88015881367156	39.98754228775316	75.09510882060104	62.71042103819533	14.11465370984012	75.83759907917019	50.563340521862656	91.0728774530887	82.98837948831482	60.60161364346909	59.07920609221137	112.81009252980573	24.99651728761987	44.687673195571655	53.348287842743815	69.73542108888478	193.3468443615522	224.04350681700885	257.8280232091478	38.59445299254128	111.17460251838216	85.68580456646045	95.518298210001	114.09474427769138	51.779917560137285	74.24092820346253	64.8052538441435	103.96501363796749	58.57838440821618	96.4156292114191	86.69243435330819	33.196101742020346	12.459634083766268	570.1178834351349	234.6413996528865	23.829035278837154	57.2807305197956	193.87197795931368	26.186961986700876	30.35800627875749	25.240059757297722	72.95796476550709	96.28591942587938	79.29489158831686	34.21065815590054	115.43057056198867	632.9851684382336	74.44042038004036	104.84146492532929	82.12948626185222	52.61567516333082	34.512918956648576	72.70819943599992	242.32041125348445	284.18608464238514	198.75982991347456	56.95275170161935	67.33551369697787		56.99320427004974	76.31861561641549	52.36476004865274	56.143193574199394	85.7227106094922	45.05834465137433	581.4047600731116	175.47724861982798	83.68429102889397	133.5989278587376	311.1803910712748	47.332616756542876	176.16309300287628	76.08242430250428	50.04998468959427	61.83264550345435	69.25296200895792	43.94292191899653	108.82322430678758	41.05188676618711	51.58722270047658	148.85581829652378	131.17097707370596	79.63441036258527	41.439703650502096	133.15727414304	113.67217593727908	129.2794407065793
2025-08-20	94.51443067302779	87.73674076317508	70.16176262477961	46.87391478242919	22.28123314199032	24.457004722458333	61.107679315343674	63.72254044439791	88.40063515828591	23.484332400621497	62.53235422430973	167.19499428724544	66.10007925424789	40.080919810258415	75.07117501576927	62.920211053155285	14.177669109558732	75.94875635721205	50.60315578034051	91.17033841526505	83.15072203175507	60.46051675215447	59.285651019738495	112.57032183863333	24.95966916627087	44.72567062793719	53.57414353990218	69.68601651368067	193.2248137823386	223.27761278350442	256.167818672445	38.72493226104115	111.54788017764811	86.13151083425561	94.69767525856496	113.55395630632616	51.91578428055692	74.49182869523713	65.33904354804831	103.99503428480406	58.69255257092938	96.23189678954745	86.79477598402714	33.39836100589787	12.501341471204423	566.3596314148331	233.09992803689246	23.942559479018186	56.43308605457553	193.76716573746933	26.256244588931494	30.16103019321175	25.255370569261654	72.97715132806604	96.30161678691431	79.31641780953929	34.320329230538164	114.90045068626777	631.2694396878668	74.23660575886784	104.89303776051621	82.25939568829915	52.66032133105506	34.49914098162019	73.11409803953316	241.67039086844144	283.03275484560663	198.5104615265615	57.0232813683878	67.3769777347194		57.0370207599028	76.5814650958054	52.43320781363301	56.149878189687584	86.14510011675782	45.220490837650054	579.825487946712	174.57931492270694	83.54134519096066	133.41358441276725	310.3085793246999	47.351691221289016	176.63412065915298	75.59575850745331	50.00259053510475	61.804327054705695	69.28563780379537	43.997027060572485	108.4762521985598	41.20243988883086	51.73283940809962	148.87577749542987	130.13352320482173	80.03978132265006	41.524924609674876	133.8908395251333	113.16837480335633	129.27651539723496
2025-08-21	94.42907126302757	87.74543794750551	70.09559841444059	46.845631631326896	22.2136460891226	24.43467625801872	60.98260781563082	63.71129158450364	88.23302479349843	23.449490228325885	62.33689397006502	166.70774189459928	66.10003886418448	40.30189827488019	74.98915501276744	62.910106289517095	14.105266363251046	75.81575543690681	50.599147165072594	91.08528746324777	82.96644377954941	60.34121075339657	59.32579937156358	112.40617456067409	24.989452388616392	44.68264045923227	53.5720716173632	69.43114302246533	193.48678128081775	223.1710787306194	254.75532657255062	38.91105011489557	111.6172513986385	86.18196253993054	94.07949711414577	113.24000610726463	51.88344450844252	74.42222965523575	65.22511717197338	103.81101659308563	58.78889560919516	95.8933722534163	86.89016295539247	33.6328886938669	12.570326630835366	563.1781067230415	231.80737978993062	23.951496719489562	56.382453748112965	192.92090586678154	26.29567142776653	30.007826993883707	25.26302597524362	72.8222968249217	96.30946546743176	79.29362302830481	34.46516492044486	114.27402829113194	629.148757929871	73.9867683030179	104.92834947718194	82.12037472403239	52.691837835327334	34.46918451974076	73.62204764647556	241.3601359249434	282.7145890927252	198.22469029697214	56.92281545836382	67.2619408632093		56.992015400093	76.48061291899646	52.34421315974619	56.138865791621136	86.22745347024414	45.11541433361995	577.8972410436685	173.95254503459566	83.20882872341002	133.21964773616878	309.34027904223274	47.35652302458494	176.53323922361946	75.19741538653915	49.93512552878285	61.687378905160465	69.17102095878245	44.09006435731261	108.24371081607677	41.41991501277481	51.72224131354688	148.6199108424415	129.38129102135616	79.87996756562191	41.4250866639683	134.03243300719555	112.58231438532074	129.16596003016045
2025-08-22	94.64885798869152	87.76415268957307	70.23909101630232	46.86955501244079	22.29661377026931	24.59862951847469	61.197085844460915	64.22430576539635	88.46936044972773	23.534357388332865	62.72693010881181	167.74934824222152	66.44501988985591	40.775495188465484	75.25170717557317	63.245054060285895	14.311522856765905	76.34400061274052	50.87934080970915	91.29597396233677	83.52586639050713	60.847113326527385	59.46716947643121	114.47806591803236	25.38035584823886	44.947403145875896	53.57603672420895	69.87433921142798	194.04011305251825	227.49084332038782	255.97544160658782	39.37641968025052	112.44837331894816	86.59140470136175	94.47320116327406	113.97351104923779	52.090609888498605	74.5873546042292	65.17303298173864	104.12653948550766	59.60748148074504	96.87353167724527	87.71907592349702	33.846034953622905	12.619258793475545	565.9070160080051	232.925342116645	24.13770133215689	57.10351553982797	195.1061667395431	26.521125775833948	30.169982527703574	25.347363817699936	73.45103488707022	96.33253958796394	79.36853316332233	34.90258253651638	114.81225752325152	632.9029922461855	74.4239757347609	105.3032822520187	82.35447218257283	53.138256335266206	34.583396733747335	74.131023518062	244.83506674176857	286.49273155808135	201.20113604204076	57.33309657195535	67.762035800257		57.09856583603283	77.04474600417596	52.489279584023485	56.19078032317873	87.103758931167	45.40176615728849	581.3396422503499	175.14058678731737	83.79669036268157	134.45361201505705	311.5280801949445	47.453076118005356	177.72597019774724	75.59839107339653	50.339083760485174	61.839159499577306	69.67633079189122	44.57406774689361	108.90506616243292	41.952837373941115	52.143785909458984	149.70307523323248	129.8770773954437	79.80006068710783	41.486228787306416	134.65642188689856	113.98979992337325	129.84952817181852
2025-08-25	94.68717237203131	87.77829369097793	70.26311163974296	46.83393407665497	22.250528374087292	24.623811982137738	61.191646331043934	64.24330598938764	88.41333012720762	23.516348043836842	62.71220658577798	167.30622319337638	66.54250963975218	41.00261194359798	75.30825715223972	63.34252634349744	14.276103683021624	76.14393176388978	50.7228926033409	91.310550305143	83.26501983465786	60.9391759412178	59.15941748662869	114.96322653201423	25.566164977036912	44.77442369513033	53.40301813322264	69.72670512817493	194.09319190223567	228.43160177494002	256.35155136970013	39.599432298011	112.37532496513813	86.19516981894259	94.6403557696253	114.40801635835913	52.04378288004032	74.16279503893101	64.65875541298846	104.14688790681633	60.00205349977193	96.97883050537068	87.8387326028618	34.18189427734856	12.672604040445048	566.4513107383775	233.14142777218967	24.15428271869075	58.617982821793866	195.86350054506454	26.54772948337596	30.226189422115947	25.37532585263659	73.4123193539355	96.35365153836673	79.38680411828226	34.961291497140024	114.94771277651833	633.3790779102021	74.48972071650155	105.39071201834334	82.35291434446025	53.23371900320439	34.61743155168812	74.940511759031	245.63795420828663	287.0644352370485	201.9668857700438	57.17952207137807	67.66296980442537		57.11360062126349	76.75096873573057	52.50494710402346	56.19281371505616	87.28898197412842	45.32537953860518	581.8236602365031	176.04574963145166	83.64104766547165	134.68481382002852	311.8677083103629	47.49194180656127	177.60567613891268	75.73256040486233	50.43407396947599	61.802909141268145	69.58947765180498	44.69142230118118	109.3243325502106	42.2747318278397	52.202462412737304	149.49140730655765	129.97840991354218	79.07861158134688	41.28260032504969	134.00401508163287	114.57720586988975	129.85908262838973
2025-08-26	94.76358435496097	87.7901440073542	70.31807925737148	46.85419047277573	22.271269817536812	24.622203957072287	61.07623660241161	64.22856751495749	88.375900293096	23.535240252692347	62.57315003055989	167.62841524659052	66.8312561931671	41.15006009167203	75.4205928095183	63.61126370580634	14.258394096149484	76.04873437559723	50.69728080484428	91.43727283323557	83.10080978305159	60.94132869326515	59.015244174222545	115.40250788880985	25.601221564751366	44.68316369082689	52.976508685141596	69.66727330993707	196.4153627357858	229.8496357263372	257.3111364026235	39.66258922639808	112.45607221157297	86.18423957255723	94.9317997415021	114.41716964768543	52.04316028462465	73.99439571892839	64.3039680080079	104.19495732010739	60.23859655884593	97.01667889404277	88.03613418473168	33.96212290466549	12.655957915455678	567.8617332500481	233.73649299986437	24.14822538186735	58.57482431189791	196.21258828522758	26.551461215381828	30.333879852049186	25.417720642687925	73.37845047896971	96.36420751356813	79.4295013023052	34.99064597745185	115.55006641023182	634.9441165918198	74.67545194150273	105.55829012172049	82.32842326720083	53.24419028163149	34.67366786324641	74.4952574053944	246.50176976771752	287.8871675696961	202.74516926441643	57.11242987419001	67.59404288561112		57.188033525963775	76.54600515033599	52.508044917368174	56.227323452987065	87.26706483960328	45.26809366944907	583.2288772373922	176.44894598271802	83.58740005343896	134.78595701987754	312.7474222704158	47.54902571285095	177.7892958941634	76.0093656821675	50.42807175951827	61.78011668000907	69.5266495314689	44.81119958442848	109.2928043976639	42.40193424277727	52.4329572805874	150.15359397310306	130.32716424632187	78.46172629238242	41.226663550586366	134.0939188567344	115.13575945960308	130.3399035578472
2025-08-27	94.84951220921877	87.8008566106107	70.37897218483809	46.86907559832634	22.286506185623875	24.616667812581554	60.915241180234126	64.23573990371898	88.30540467535658	23.521437684634748	62.55239647218912	167.79939133911557	67.04062809658356	41.272200303404375	75.52346016208337	63.8106329210184	14.224798606760045	75.94794735747635	50.6366424165823	91.58662881774083	82.92217765763908	60.77176221650562	58.894640290846624	116.10408979035219	25.739267589321486	44.518251919876334	52.82825449515869	69.556041134949	197.20876474191635	231.37798863953577	258.00494869447584	39.897241192178534	112.45735281721227	86.21818027211846	95.32004110610262	114.35882667564935	52.06107942514924	73.95896314877083	64.15587118051762	104.2379587015576	59.57173091186925	97.24279455566396	88.14466163582287	33.94812344879271	12.652448047235897	569.0044139883053	234.20300144377984	24.264759816177815	59.697364319645246	196.2638640278677	26.610744950952633	30.41756744372479	25.46259777098996	73.32281975242431	96.37427676093446	79.47962415579127	34.99032382795932	115.83144494827997	636.451825141613	74.85707030058535	105.76116257795009	82.26873052398128	53.063129457832346	34.72255132359098	74.58762885528509	247.6911772422572	289.25799113348086	203.74451761560664	57.044950136069616	67.44805293694618		57.2730481350522	76.33707041574417	52.49063287128175	56.26371665813416	87.52812470495789	45.21081189514934	584.6018043413524	176.73944949282384	83.48806266710034	134.76902373698954	313.6063161156767	47.619931786479185	178.14436565948404	76.22320014455055	50.25485886254722	61.72199612992153	69.3933792396114	44.92730351230701	109.37055762485734	42.704140949513636	52.60217314407788	150.4748377580359	130.85428646886407	78.26928096235332	41.20351884804709	134.09971669155078	115.42741113238944	130.76379333165798
2025-08-28	94.94974237169923	87.81099654261004	70.4523645103878	46.895549685759846	22.333043818519947	24.656495603678472	61.144622772123896	64.41381798042394	88.52908707278571	23.556383629609854	62.62493976746663	168.17159203186247	67.39031298017655	41.376841881438516	75.59357059617841	64.15031539239396	14.297067367497455	76.02810804763466	50.68285367899428	91.7664055343587	82.98731105782345	60.79911391159754	58.85374562149753	116.34177496719758	25.95291054331797	44.512135756080745	52.684127705343016	69.68743676620497	198.06261143589958	232.28036394867414	259.11842588532386	40.164458074726966	112.66320857413348	86.08737306452602	95.78636714118608	114.72650196087156	52.097388467457435	73.71693884977604	63.964642896167014	104.34001053974364	59.4493042529317	97.25225665283199	88.35124240848761	34.05784773513854	12.694011384762968	571.3602697382933	235.17176744552273	24.3086780495684	60.14569639627282	196.5212447580745	26.61646294483667	30.558894729552826	25.494508228451522	73.37723400340943	96.38409501498872	79.49029654444837	35.255162142861494	116.22954617409115	638.3352875708065	75.08101622939424	105.89595070425824	82.50928896804533	53.12357522696305	34.74237917742049	74.91381335952731	248.5564040508161	291.1862160257248	203.90247121014707	57.127548996867816	67.51083066769183		57.34423624098801	76.32454106724708	52.63358395273072	56.272345999965516	87.54411453753754	45.201263567813925	586.3233936257543	177.46255158967364	83.74294795952673	135.2041987581432	314.60764719358053	47.650679394216155	178.3609020069881	76.57215991724598	50.260652011229666	61.85646811195784	69.46739961126079	44.98535547624628	109.61614123918648	43.01913323415623	52.72112479530554	150.7683865914203	131.63700498980313	77.92656018942861	41.03501175861827	133.83824945905664	115.67224362161464	130.98564880205947
2025-08-29	94.9378190313086	87.83521628888315	70.44611481134623	46.9087867294766	22.35631263496798	24.61014916139734	60.8790130462182	64.36229305393267	88.57501411744755	23.569207439804927	62.271000309758705	167.55688824005233	67.89515725302772	41.50662582048	75.55858034203452	64.62515693325753	14.2688759383874	75.89411231239154	50.61030196156745	91.81807444076333	82.76407941807187	60.671401819690374	58.70715197029466	116.21965075874527	26.040448725638477	44.46136534813314	52.33206362378967	69.48939404228217	197.6249336476373	232.21329446213002	258.18685271316974	40.375430483896686	112.76124982539682	86.22393097806379	95.13856397220437	114.77967096334594	52.09730492098458	73.42038196150912	64.04479474520265	104.20149178110229	59.81010325256448	97.21258843994138	88.43978898988834	34.01682746253997	12.724419442076307	569.2177020078185	234.27954064414808	24.388028332950704	61.042582390030944	196.0237220494474	26.667168735907104	30.46043853756694	25.500991563871757	73.23998952978089	96.41772881242599	79.52919826001715	35.72258038478524	115.77516966297331	637.3679611682157	74.96616729438462	105.90617771418967	82.3354512162004	53.04153157100106	34.73383759896415	74.87690484870896	248.47747418116978	291.27537424821395	203.87892420370633	57.02342453810676	67.38704909239084		57.389395647349474	76.14890764910206	52.567619765672	56.30537008250229	87.79072639718675	45.0819340452595	585.4886316273303	177.72533249649697	83.45464963894305	135.24336524821223	314.17162144835277	47.68017330001335	178.50329646247843	76.30234201306635	50.19060012976034	61.87697787616935	69.34920120943899	45.04615216439267	109.63064904976902	43.29472477442675	52.84929187458148	150.22099291729216	131.01239592751875	78.00653113231196	40.87591003885503	134.1970712016963	115.19812513722334	130.590785826811
2025-09-02	94.80593801907227	87.85790431753728	70.36781372281179	46.81955907518752	22.271926344644633	24.62010658600873	60.41285323331418	64.05055608812356	88.42871189270815	23.530747060966917	61.95501729049947	166.57726461563163	68.97258015239277	41.54731162850172	75.50026032482586	65.63757922956822	14.140973022446873	75.51282153705515	50.33008384211185	91.70682393302815	82.27118079179961	60.55879203533347	58.34275178165612	115.7209131784449	26.04565218111758	44.21173316539958	52.34103104895539	69.2465166317368	197.44584389901397	231.55292103477595	256.55131209877237	40.48091668848154	112.3998357281281	86.2232478376647	94.32469122682484	114.50136578562805	52.03671436539952	72.84299585136003	63.996987674115	103.9581830243402	60.152434743958025	96.6846404724121	88.26295861237581	34.44219058673873	12.84069959683161	565.7703195097686	232.859367184867	24.20770797598463	60.430385051826995	195.2917377337081	26.654243051730408	30.28685798643484	25.470485558547207	72.7602459245584	96.43934841500206	79.52843885168826	36.43629095533207	115.09255233026596	634.5263572930922	74.632608335913	105.81423006192881	81.94282631610801	52.85002184323979	34.70404457768032	75.81845349246971	247.79855917310442	290.5693124903179	203.26184216777114	56.71929092811099	67.09241599517003		57.35586687579876	75.53363656380884	52.35956214113678	56.30699336034294	87.18388401158165	44.75020126030065	582.9173199640558	177.594966052936	83.17514739027231	134.49620960164518	312.8641157778873	47.67138738548031	178.27223996707906	75.86404255804685	50.12152992327861	61.78113839792354	69.04760551804958	44.907912279095754	109.5443970956853	43.46385065320459	52.717122591343475	149.23344415151718	130.04180434803672	77.98368091039427	40.72875511403201	134.44011122340675	114.53283942408042	130.47765151936252
2025-09-03	94.91236460890137	87.8740472210245	70.44357330427698	46.84170435754005	22.258980483418508	24.672414247289034	60.715015407550645	64.14188952477467	88.54469347076814	23.53021270284674	62.03359041710032	165.9440964801791	69.77629099172373	41.417567175945194	75.57433365362387	66.4187880889052	14.096814121239305	75.3801976947971	50.194760320103775	91.80937128658243	82.09229739663223	60.624374350186265	58.10232987032025	115.40269291734745	26.033792391523143	44.06305995733358	52.480514990420076	69.05794306928637	196.58114491093278	231.10921655986846	257.08746940387834	40.15651593091069	112.11652476714022	86.26724067908626	94.19491168396905	115.49950796605621	51.974306966024955	72.54454861537728	64.02190463417664	104.14562975069549	60.171481806793466	96.44533613586425	88.17946056839494	34.282963960971905	12.836268625472691	566.2586643935562	233.0338858629413	24.151026534379035	59.962243764927166	195.2511773995689	26.532946377854948	30.344315719596814	25.493258411903	72.57841092614639	96.45496473484478	79.55691351764101	36.88814555395998	114.76609428036735	634.8172863125617	74.65814300462642	105.88779358931401	82.19412281381572	52.81765389647341	34.73323452333723	75.3242276617622	247.20825480627877	289.77382250492457	202.8996054710926	56.63024482928987	67.0226827595479		57.39664719827536	75.38085484196301	52.50292026124222	56.32701772204159	86.90432375017559	44.565244215355406	583.1152151578092	179.37197643467113	83.0208966016303	134.29140924418198	312.8709464387483	47.66699442821378	177.76180662904733	76.05604090182615	50.15508144418325	61.86466740452818	68.96955394921034	44.687264931662135	110.41669928026452	43.05915768744214	52.60688282887486	148.36550900202812	129.9415412121043	77.94326410021667	40.604476510263076	134.24344733533619	114.43040591809489	130.38140388468128
2025-09-04	95.1570871506421	87.8917202657857	70.61552063040997	46.905227178770026	22.272002563181424	24.774294587023423	61.20413589286224	64.12938973919398	88.77761101761064	23.52994552378665	62.15579896221227	166.319567160988	70.02314381739507	41.35269494966693	75.71459602603068	66.6643958755073	14.139060480114281	75.57015713597278	50.409298418718876	92.06674924192403	82.2634796309333	60.559654216108754	58.07915527634665	116.10418230462099	26.114633508078466	44.20820005312968	52.53525757150398	69.24657712546349	196.93389063173592	232.32858746694595	258.490466269322	40.07167761267215	112.50256780349198	86.42222889056852	94.44182382294156	116.62287715197343	52.02567429600076	72.43433790632145	64.16130479511565	104.59600823472275	59.675573209304936	96.46381034088134	88.28511144874825	34.02784214894298	12.790734868156267	569.0677782416999	234.19460101252534	24.199205779701725	59.16347967054952	196.2170575108196	26.51536215834886	30.507347679134345	25.52365728975277	72.63743391766303	96.47237830248099	79.60001666482637	36.909072929567884	115.46420863920711	637.6167120039371	74.9864887996765	106.00586655173709	82.6340448968981	52.62339985473085	34.79191213776725	74.75211398346899	248.4084029158347	291.03151879640757	203.94864306757756	56.76022892099259	67.11388807166848		57.49375855091991	75.52705538118659	52.74587159912697	56.35623308892607	87.08904847176748	44.520497092418914	585.614583897264	180.9371173677262	83.2144773840671	134.4349425981652	314.2596767105851	47.66950337865767	178.1647473086643	76.4910751078955	50.06486829777522	62.0284850541928	69.07118368236884	44.662480122081064	111.35486834740766	42.99900976718298	52.82651270349993	148.76355741849454	130.21185184384512	77.94721798760833	40.51819208203584	134.39967013983608	115.4237486438619	131.26057193745783
2025-09-05	95.50447359851441	87.91496489973855	70.86907394435538	47.008517977812744	22.37600009903456	24.8678306202329	62.16704940700241	64.4915175319505	89.19194424171548	23.604599074149185	62.49005081777606	166.53201411027914	70.60157206128542	41.34446881272409	75.80349552278096	67.21219900586888	14.333368054388195	75.83921293688287	50.52613472876862	92.4207151666163	82.56625672220494	60.88808058705828	58.086973344350085	116.63688424313081	26.246647808726735	44.30939749665761	52.50762855687016	69.52790968699932	196.91647687104376	233.52069326960577	259.0326782030204	39.69563266009584	112.06039645057412	86.71153787668075	94.495989731295	117.55237104058632	52.060536122609754	72.384107734899	64.34330193369064	105.16358562981254	59.94286434818274	96.83809871292114	88.66713000415928	33.64119844873907	12.710210135036386	570.8849328220218	234.95386025968065	24.34285850508524	59.49574320746714	197.00077881644495	26.48264617469445	30.573940563199983	25.58639071763029	72.95715232260105	96.4906943087112	79.67928079335069	37.05953600702027	115.67466260817778	638.0889956504061	75.04217933636168	106.29919792430604	83.48732197847835	52.81757646850312	34.839813261876785	73.69105561844347	249.88894724649157	293.24619763062566	204.94668023740206	56.960951710252154	67.37283530170339		57.633426364083	75.78403931779056	53.22891571899708	56.40924523708999	87.67294601933101	44.75587118109715	586.0608625052726	182.23332919167558	83.5674819171312	135.14806669703182	314.6631635506051	47.708412730588606	178.0785818452501	76.59170607201415	50.30669180879972	62.30286633691085	69.34995341345004	44.80650365662159	112.12416955578391	42.5543964698952	52.450609867374965	148.68687819655196	130.40165651274287	78.06035902432174	40.41227330237046	134.7078611929649	115.90804131411845	131.9084308051547
2025-09-08	95.84095902826111	87.93139754996693	71.11076835645503	47.07923686366223	22.452370967791204	25.01872270605151	63.34337425184105	64.96340631846549	89.39438444385578	23.66062168062928	62.85716224970834	167.28579770455363	71.30578709875795	41.48560034264134	75.8479452711561	67.87609996069811	14.37609231042774	76.32188155389065	50.77587521045365	92.74148932769292	83.14719543873919	61.32531928522836	58.061772423517816	116.81471134763962	26.341578947393153	44.60810031388056	52.6988139732593	70.25838920018911	196.6692522294672	234.35365412992007	260.0653350731899	39.54145608529694	112.02497971942768	86.84634282139702	94.98335024284476	117.96872092068378	52.09173237099726	72.21758182155106	64.38059719487266	105.63282202022853	60.54268308961871	97.13870725440978	89.16276193201128	33.581595089237695	12.718079711225467	573.1903606981202	235.89507435591455	24.400335884012346	60.15291234470037	198.25060303126935	26.370592687261777	30.701745176314347	25.655784241261436	73.57650325480638	96.51426423809583	79.74295689447808	37.28476716427674	116.11155463172561	639.1094697490312	75.16864215841522	106.55584514745576	84.47585016770597	53.053302318113865	34.86840440315519	73.36552826698541	250.82105290791375	295.18871160828155	205.27483853178697	57.337621164574315	67.82233912912318		57.746419755527825	76.18351975044801	53.77015854309229	56.45975720106453	87.707200548728	45.07402628879076	587.04306552998	182.98022050404091	84.41109081208123	136.1749092030081	315.3677756229588	47.737283986754264	177.91850234840632	76.88822211559692	50.67562755112837	62.44005697826988	69.8239940407094	44.898071469424075	112.5728002625111	42.28388730660288	52.28228315939549	148.81593513099082	130.98590821242612	77.97192908491478	40.15409082904168	134.83748162187308	116.37543789338736	132.41086518285078
2025-09-09	95.91343758297822	87.94441657893854	71.1645722580615	47.10505765607428	22.46618430133945	25.108367052183468	63.69678020453381	65.2041991919476	89.45304778223063	23.67461206406952	63.13827121884831	166.985473925519	71.58789492266999	41.51259082073473	75.82793763191594	68.14305181140375	14.308388409852542	76.44716895687696	50.86726385339577	92.7916278425574	83.28804474085396	61.65607356778508	58.11224416769153	116.39218843749168	26.384223693056928	44.747909257282075	52.704406528865974	70.34742198656917	195.84005824363985	234.07914792677644	261.03465117917307	39.54172985844437	112.1489682837861	87.0270418025442	95.38540528499661	118.8544318714747	52.079803639722265	72.27085450940834	64.40900663576642	105.77234362730177	61.17137168091776	97.07688383960723	88.98312199383767	33.610295606752636	12.736453605307558	575.1582601830445	236.71852564231273	24.40038042064387	59.46996126878573	198.75717560010733	26.319351481265166	30.82036359310102	25.66671639278648	73.73623823018639	96.52604920278816	79.74113024167264	37.232383734726255	116.70126605487647	640.3596665151406	75.31569391245957	106.57897085253647	84.72726681969283	53.25114990783623	34.86413956424849	73.37776382831692	250.3476144666522	295.0762436215236	204.6871552888427	57.44839546693071	68.0228410123155		57.75975696638696	76.31551094333923	53.91709030365064	56.45141142218753	87.62411190156126	45.24742612352136	588.2488887220213	184.1340158916689	84.59602544754452	136.4713275873439	315.9221995790575	47.7423030346369	177.91645790027738	77.17739123968323	50.957360665822975	62.485180466674	70.01737040292306	44.57725152450696	113.1170275726618	42.24985571690007	52.310962365220206	148.3782968501634	131.40473541724822	78.00504947287732	40.162620518280605	135.26455074745996	116.5274596998675	132.36455124376914
2025-09-10	96.04544102049302	87.95573261197904	71.25372625354247	47.14657828177249	22.473090968113574	25.21471743112103	64.10354375827276	65.49423903078825	89.72824050488484	23.70030117973984	63.68854707793001	167.39883437486887	71.85394883462601	41.690695968839044	75.8460939075107	68.3915256005261	14.358654348969239	76.51948291593848	50.97991946331898	92.94132325965761	83.35846939191136	62.040847300249965	58.34125353831354	116.03831071044506	26.51159941824477	44.90846619480315	52.93220318813904	70.52428930139006	196.75215955394884	233.7345889170015	262.53475112669594	39.83681150820168	112.32822635991063	86.78735512978773	96.43275391202955	118.9440006037061	52.14265069071074	72.74122788336628	64.11073996644278	105.9990296322544	61.274709812016496	96.69078566980362	88.90804201498524	33.8962694769603	12.79377201826047	576.2366618298036	237.1650336951798	24.40996708867887	57.89597993248857	198.1426411447802	26.317654752168227	30.884646213054417	25.681686786786308	73.77258002207562	96.536748203689	79.74502724852186	37.32119179106918	117.50599801767261	641.9121635798359	75.50263455388603	106.6718249038073	85.09582258831321	53.375769503478665	34.87592697511741	74.04388145639479	249.90430650090423	294.5974479826368	204.29079749305416	57.523172724310086	68.19097830645072		57.79519411124524	76.27988681932587	54.12852043258704	56.45683440372072	87.51098096909118	45.35799078698041	589.7044919684325	183.87129871731884	84.96403597816679	136.72563113986337	316.6036321381616	47.735397885726655	178.56869495355664	77.31700525118927	51.214945515406605	62.66735486651571	70.17710790043614	44.458387419968325	112.97080245210239	42.60158954057894	52.23698981908471	148.70595598123404	132.80896560901473	77.63978135875311	40.51214979771452	134.8612563917964	115.90543822395719	132.60917839288066
2025-09-11	96.20240038085197	87.96619333235671	71.37492144586304	47.181645616716324	22.515535275926904	25.36255051853903	64.68253207200748	65.81375464723007	90.0313260629893	23.77391195766777	64.19781586684587	168.57438666985632	71.926974417313	41.95404015360897	75.94901741273972	68.46076218991149	14.44811265116919	76.96180978682666	51.289747253021794	93.08806275287569	83.83770866446153	62.61839651999803	58.7177535391763	117.08096489501744	26.739189563553538	45.24162094530196	53.08610243330292	71.0538850681755	197.7895777017791	235.7192155400437	263.86222419616047	39.969848854076425	113.18986238649828	87.3029526198255	97.10985534956947	119.5066186795386	52.3346329167665	73.17146004153665	64.24966777374874	106.35965275558033	62.145863588259225	97.0897127506733	89.66646149821528	33.700776416336595	12.769486564550157	578.4559773992768	238.08406561467973	24.59649641512801	57.86027863201577	199.75838569690183	26.422069143967413	31.02124347090709	25.717693521566982	74.19219439946554	96.55171455594606	79.76140675170234	37.55559635329826	118.22023075932458	645.362087649293	75.90182615755825	106.80431912914975	85.56580603902965	53.715840760650465	34.9305458087257	73.5219407281974	251.9649706332646	296.8287532881934	205.8158165321716	57.88049619797047	68.66295207436794		57.832096796223205	76.6733944899852	54.37695858055133	56.46915130220216	88.25137061149871	45.66147448894919	592.8425719119507	184.5696749323899	85.61695527546036	137.4652096739356	318.41344936986206	47.73194531127153	179.9917373083213	77.60896496690323	51.664710382825376	62.86172308755473	70.65468935671221	44.86332418788943	113.76390464401995	42.78227441506486	52.62684528185681	149.5787012572186	133.73713966485894	77.77131432439609	40.79556083025375	135.82962264169896	116.71572722965438	133.7480172359911
2025-09-12	96.23778924071895	87.98583561881507	71.39242059231628	47.15149556836793	22.4977664554073	25.431733976615707	64.77483308312287	65.87656955383964	90.05047214404348	23.806042435132714	64.54024933356942	168.6876144775063	72.04348903971119	42.042136959128705	75.96293872956322	68.57038124754364	14.463152967125122	77.00890095664576	51.353785522262854	93.02723144968003	83.88909969355889	62.89742267100976	58.99818569903151	116.7957886914052	26.83852502622257	45.34617325036094	53.118051979590916	71.08371667349205	197.9853039876083	235.4973412294945	265.0884302133146	39.92999278641321	113.36171967591515	87.07308809580142	97.58698257590778	119.93795213151735	52.270065329232864	73.58650440431325	64.16777974869078	106.44486009971399	62.45385601898313	96.56400615561009	89.80000473592405	33.65735117508724	12.791036197619317	580.8481364047166	239.0604272775547	24.665849602217325	57.989738238737374	200.56625797296263	26.359443461754214	31.144257256388606	25.716682530436813	74.2472278760023	96.57359821425233	79.76478617004062	37.94779825294307	118.75059923586346	646.9784986586309	76.09155333756819	106.79883467443815	85.61509067210272	53.84321662971488	34.955539704289606	73.41596914339557	251.61311580979637	296.8010191001514	205.46532708932799	57.93797072471766	68.78741628376599		57.802595486734646	76.73950257336173	54.39175497081766	56.47530975144288	88.41636142269272	45.784577500211896	594.3475249696472	185.16086743445666	85.78388809915596	137.7674940581592	319.0866532737982	47.72551359496682	180.1523551653911	77.889233612602	51.84096114844394	62.88379199421682	70.77707459778969	44.83849574262636	114.63784984398262	42.74488171436837	52.70893045342841	149.41445744013274	134.15651081143338	77.70657619906328	41.04108905465324	135.52564353520495	117.42533035066702	133.83149000227291
2025-09-15	96.33687786620908	88.00047090999348	71.46820202589447	47.16026049475525	22.537621478436073	25.57044977486791	64.93366974590714	66.14548387359952	90.220796527344	23.868850113135203	64.91144775638432	169.3423576537922	72.4667442146798	42.15396871760146	76.0778286177113	68.97518925048081	14.559739630535217	77.31289545512952	51.510163787742755	93.07350265721306	84.18989973081264	63.256330430353515	59.17236402871497	116.70729681152292	27.109942063282183	45.57975433453106	53.27402614238335	71.33072247248822	199.27571778970258	235.88492397168085	267.000681781462	39.99226194191266	113.81899384064312	86.5887138477054	98.24128334117654	121.0586176368036	52.20108033307346	73.93055841553553	63.93154230964812	106.65389138408551	62.84339262435973	96.38501897746325	89.87659920023742	33.79442914284147	12.869194780328213	584.5395467179833	240.59224824571095	24.695743519065203	58.92360485240091	201.8922598458563	26.261144536663238	31.34503874629733	25.725686121480614	74.53592930665349	96.58454004340547	79.78090306426836	38.35389828723814	119.33755318848837	649.5132361457217	76.3836558496923	106.84869712237533	85.73973146276035	53.9999812701797	35.00979805038699	73.82298625016458	251.64378477257395	297.4284636516382	205.13388577366788	58.19938735515668	69.11148539408026		57.82141226057924	77.05805618780391	54.4705166150475	56.487990569080814	88.42727784879753	45.96545655100927	596.6526138031829	186.982571473576	86.18640434620883	138.37191383816162	320.20220114861786	47.72700316589162	180.0571727609182	78.41895533779514	52.10416206225908	62.969941651405286	71.11472595856281	44.6452248152829	115.88690282726475	42.65388159204747	52.69109700161655	149.6769629119609	134.9723060038612	77.2295469496293	41.21213960484127	134.79598674562982	118.29251441849757	133.69469855338255
2025-09-16	96.40557577392485	88.0125798153483	71.51088781714645	47.169411329530945	22.611167421041767	25.616144153181025	65.08820709585396	66.41566033279585	90.27760407421889	23.942318618884496	65.32629501466677	169.42256737670078	72.76837195475201	42.23893160916694	76.1071134665705	69.25759508300408	14.647618075765656	77.35851605642219	51.468777419994424	93.12539344896786	84.25342383391218	63.674685448331054	59.04112471760456	116.59097979614232	27.313140205835428	45.529552689116116	53.57201253713406	71.42353613248434	200.32989838459739	235.8841810410162	267.86215729698097	40.245816258431915	113.62742676040945	86.42534218386247	98.419954262141	121.74961521488618	52.143653875032825	73.60520993286542	63.80853696292953	106.71085682485526	63.24916709159881	96.44351656880974	89.75275653981598	34.138766924326006	12.970844643582076	586.1367472359448	241.24882950615626	24.66051290333143	59.21376318059499	203.16175187117034	26.250273653829666	31.430508302897202	25.744445348032787	74.65126161987948	96.59962780978867	79.80819521499551	38.476948380679616	119.60133274658793	650.3317218326265	76.4853345471606	106.92144176187125	85.89252121844072	54.06284921663282	35.023005485764784	74.74649220955494	251.41809905132604	297.8714126119519	204.60204573107222	58.29616203084983	69.29291387013583		57.85479792716462	77.09635368594297	54.54795667178156	56.51353607128357	88.19889893416439	46.01293686315112	597.4108100754196	187.87367862008878	86.44083934961809	138.80915638197143	320.5430408819261	47.751282726134285	179.91207026717785	78.61833310712998	52.40111438684243	62.984841125995615	71.3126577790861	44.4801555900145	116.27518893194292	42.96508052075518	52.6233061454616	149.58666566008202	135.14421879782904	77.165028296592	40.92101311601927	134.43115835084225	119.09244708961988	133.1750699187811
2025-09-17	96.353746901855	88.02343697188314	71.46997866809471	47.16921837533676	22.623569245188854	25.62005804613397	65.08565323054417	66.61860439735496	90.28236053930671	23.969705909784047	65.52884346070252	168.81016827086992	72.62918490926077	42.170060134417454	76.08421926990634	69.12879754150204	14.775675187785172	77.26527945155094	51.33807408902553	93.05068805749174	84.12591464522757	64.01062153275927	58.980357356971226	116.51800500427234	27.434021618115466	45.35654270197993	53.796006497448865	71.29731265242381	200.17370773722058	236.1857428642581	267.7796962022014	40.36775638055873	113.70265228401331	86.37813740052499	98.26183031100214	122.1241514795134	52.18375015528985	73.40352659729209	63.85932944032707	106.6442391424081	63.913321796531825	96.60595933420956	89.58274576258377	34.10617812463859	12.963912197584495	586.3488301609411	241.33359749233594	24.59465121179755	59.599452467372686	203.9641385698625	26.268762086314247	31.40857919417321	25.7395675302786	74.57833543030107	96.61197058214043	79.80260758674581	38.13347464810348	119.54016069702443	650.3364846956101	76.48686130434203	106.92434011311336	85.85940376717934	54.17474850663184	35.01104688655915	74.85824671512904	251.32984572927631	298.3066627268744	204.32634482598533	58.24275226481456	69.35938952173784		57.81394605220535	76.96549327973906	54.52483092072965	56.511902618161315	88.02744324149626	46.00326599322106	597.444937508413	188.44764253270063	86.3650234040571	138.78666589850525	320.5705011538537	47.75400974075269	180.22953366874518	78.56550658042046	52.71494050946126	62.98759878565406	71.38736984413289	44.448947729089284	116.62190461611794	43.17129338842935	52.84453767050912	149.20181824263867	134.9966699457895	77.36476741367686	40.82615292031432	134.38092341370236	119.34142389271034	132.8805418563632
2025-09-18	96.19377255981422	88.03366825400798	71.35855119317822	47.13574520451408	22.561530945226263	25.65987872399472	64.55383583158067	66.75400816181224	90.09560989611819	23.95068185046087	65.73742511780243	169.28005361785682	72.41459092875148	42.05331848883959	76.15723719842973	68.91939831298734	14.829807465413582	77.3733928996036	51.358816326128974	92.85995401409744	84.21178010703761	64.10058664528589	58.809272382709246	117.80442410247797	27.402869535559198	45.3368368722302	53.768004087957834	71.25338502494238	201.31753624165717	239.28159976464858	268.4409955620382	40.351364381075264	113.71095291202619	86.46290292877812	99.04888390550107	122.19042885865318	52.20838546888028	73.23929229034526	63.640607942209435	106.50155148648724	63.73015180402763	97.18049736730009	89.35034047162392	34.02302734051754	12.919534300086193	589.0993418382831	242.4842197056406	24.581017965823094	59.89050267716779	204.15331104518515	26.2684361807914	31.487148445658384	25.713360196413714	74.6192610989396	96.62775500542568	79.78538658756236	38.06173816328514	119.89073540832666	651.8582142716332	76.66513399079406	106.77756159708403	85.40000446537678	54.101273102803226	35.03755164152176	74.77412457826765	253.14501777430613	300.83590277457	205.5114237557661	58.308149432578176	69.4362674842576		57.740774295633926	77.05491308274063	54.27063422562361	56.496685409422454	88.03715530605086	45.8647845469035	598.8667253460034	188.9766288835378	86.4237951187766	138.76577710208466	321.59485140700497	47.7365458097074	180.70515990077882	78.74549514201686	52.7502734468693	62.84344882214832	71.45382820209574	44.43334379862667	116.83956253755116	43.20691592028889	52.97968384379948	149.80201996116307	136.08791169408616	77.12630384233648	40.79321104267669	134.48798520538634	119.19610638605243	133.50188591841598
2025-09-19	96.11378538879383	88.05800233989461	71.31720360562231	47.11900861910274	22.51101487752036	25.68452214855742	64.17994068190362	66.87502806772252	89.95496666070558	23.945844732298305	65.7685500527977	169.38152003402607	72.68229393849683	42.06328033816979	76.20781858090432	69.1797003771968	14.921198936869388	77.27271787314164	51.35484036826468	92.74541432394325	84.03269745708326	64.07243382557263	58.684915350900525	117.77137556442258	27.449962294635068	45.35560944563659	53.85400135733341	71.006041267354	202.10390514475438	239.90888154736336	270.131844216566	40.10624707090872	113.83236701997794	86.44617695877383	99.81360363487944	122.23808628601604	52.18859291144209	73.29371078140309	63.44824510269652	106.38740675520651	63.48645003226284	97.49736080523208	89.33731775778462	33.74743934469724	12.841994094012822	592.4778020226572	243.88946397879687	24.511481044068773	60.41412722359366	203.98163141370586	26.21085631213642	31.65576084544882	25.681242170960765	74.38821331314168	96.65486184719526	79.79120327302923	38.55086953940624	120.30364025665357	654.2371210518322	76.94164826370758	106.6754820009346	85.08934549440714	54.081985733530516	35.05544269087807	74.14706061066703	253.3246222294382	301.4542673052538	205.35219320112523	58.207879113872096	69.36896687201161		57.70418841734821	76.91962267906563	54.10071971596122	56.4986783980706	87.75568016157035	45.71439949085898	600.9775216085486	189.39916496667126	86.1543452217418	138.80477118043686	322.7133955521353	47.72781384418475	180.87471282392457	79.19606986715101	52.7337182664034	62.74790582281732	71.36521213571584	44.41576667165221	117.18955284470331	42.937922986999915	53.106131060693684	150.2842802442534	137.32907395007044	76.92974051369754	40.907116919653774	134.45338896499786	119.34869787686411	133.5646178859658
2025-09-22	96.01633864776605	88.07497971608989	71.22949413679552	47.110640326397075	22.51012703714885	25.748905895445702	63.81458162330044	66.93553802067767	89.98393016873169	23.957447093016828	66.0084930134594	169.80299603996224	73.44614651148474	42.16099846071087	76.26125792326465	69.90484881530739	15.060908840382936	77.38677855327003	51.373486086842306	92.61145380503802	84.10242737234046	64.18512362054999	58.8168076510362	117.90787406150817	27.497611838845856	45.37931229117767	53.6770006786667	71.05260406873559	202.94097539952563	240.92042893286137	272.3922770887517	40.02236753875026	113.88818363205928	86.45259211097871	101.04228079082839	121.715047629092	52.16034412417808	73.68175987068201	63.13724091377502	106.21144934928294	63.35968963099958	97.6409953135047	89.63051953563058	33.59710643687499	12.798410796701235	595.9307955425786	245.2946770577578	24.49601113665841	60.543359693339795	203.8514114099779	26.14378779809702	31.839547674311326	25.64141664059513	74.44197805549662	96.66841526808005	79.77487409745211	39.2954352274668	120.6994924000553	656.9797970981817	77.26728332985184	106.49534140329934	84.7816417413442	54.10627568842053	35.09223550559528	73.79852877945461	253.5078921694066	302.1760624856347	205.25792948630482	58.313606762746595	69.45225992526362		57.65232423491922	77.01208795086094	53.93012632221401	56.48527631756558	87.62448696188869	45.56761272455547	603.5017002573993	189.14616909222235	86.29217657815606	139.06666934265985	323.97271034930986	47.69991308664316	181.02286666586855	79.72474773264777	52.79876869435893	62.770551727326634	71.47686800023097	44.39936206507415	117.15958431419736	42.778873221405235	53.133912316845866	150.77753135747827	138.9689269286485	76.40370158619447	41.162901416369856	134.4188941895302	119.23034106489689	133.78027189464305
2025-09-23	96.04422202774045	88.08346840418753	71.25746633719659	47.10168971581084	22.51943443684835	25.7952960721125	63.9934190465135	66.83491836336617	90.17334249525452	23.963248273376088	66.37721708778439	169.97913473873112	73.99307371350605	42.292832909554654	76.25982894332178	70.42242562835682	15.046645902735413	77.37611709035572	51.2484495863899	92.67388333562448	84.06489700526203	64.2560902526578	58.92642064070365	117.85765788646697	27.71908370567781	45.28142250301071	53.36850102597886	70.9488102741139	204.29217349077845	241.15396294055176	272.00782982855554	40.27537253585462	113.6717910958148	86.40161572712022	101.22108775259193	121.21639145980967	52.15539598481853	74.02207424076093	63.0696199075711	106.22809253352818	62.9184636662078	97.61415305226016	89.76729376439732	33.82698987920409	12.844003391056916	595.6666611990237	245.17628445173045	24.555822073761334	60.303532568837866	203.31294325381708	26.18202516278142	31.767297526425683	25.65477852598604	74.44467143131277	96.68478975684276	79.78113669472215	39.62771715596973	120.64455744880695	656.5555418596377	77.22792953724037	106.54871898045826	84.92301691559398	53.91288477719367	35.08742520213846	74.42426591560621	253.23552872630486	301.86581749770016	205.19127400828913	58.32263399355591	69.4597954289404		57.67913605544789	77.03406292684649	54.02085883066267	56.488173055633375	87.79750349070997	45.60877279294179	603.1766618962778	188.60481519796664	86.26374881153896	139.1442889559979	323.729778636569	47.70949748265264	181.3163191971921	79.56633047032778	52.826407281139424	62.93209364320433	71.48395173082838	44.31994699323043	117.06064237682524	43.0663851580659	53.029665585302816	151.04392467532116	139.18196560055472	76.33047094080231	41.39774251726696	134.55409736331978	118.61076455710665	133.65463179693091
2025-09-24	95.96719844673154	88.09731434125392	71.19962550258268	47.09721441051772	22.43634914591441	25.7995588179166	63.899732289370036	66.45016258134129	90.23968638434602	23.914732466460993	66.20063246967345	169.63715037717805	73.92153609381357	42.402676372990214	76.20749778464918	70.35621327194208	15.014774214795441	77.13385551173059	51.142745148419564	92.58049101473607	83.78068229779703	64.15993599546952	58.966672158120375	117.34386037633895	27.71894450939408	45.18953746915672	53.05425135222283	70.68112739657843	203.72589784158063	240.16201107232666	271.247628293184	40.59528400047125	113.26065827373748	86.12490683206596	100.97889104426471	120.7299265343482	52.17127251633505	74.38240171388632	62.90887153825821	106.02242105314104	63.149304846409564	97.39846904321993	89.41313449206194	34.10490309695068	12.910117483034561	594.4894890467774	244.6891630388535	24.460284083755667	62.123217090082996	203.52693976655698	26.210805519623133	31.661468396696726	25.642444156486672	74.06875218904506	96.6977835197788	79.76503047504661	39.72385842539697	120.26506589481363	655.2996215157564	77.07511970636432	106.47976949389124	84.83180875076573	53.60968640715152	35.07574079931142	75.40713265262733	252.0565689896173	299.65760967658446	204.68931071019927	58.1225768386969	69.26865122399168		57.630211719740544	76.79275778178263	53.971071276293245	56.480023646346964	87.45137549413428	45.37637736326777	602.0086190340764	187.6534207825771	85.91370805445112	138.39289948288177	323.01672952824543	47.70487500780581	181.28754650045153	79.31552912676545	52.791339321722056	63.00817252350646	71.27791794305091	44.0101226512783	116.52716261907668	43.49210256743627	52.903708753955115	150.7865955163715	138.85819471433985	76.37658495770584	41.66343462838446	134.35120639650364	118.71755650340684	132.96594199709827
2025-09-25	95.8616586105728	88.10423730978712	71.13240171003157	47.080665921079174	22.326567288411304	25.796958058860646	63.913927881745565	65.91364559120775	90.15939015872574	23.829710250259303	65.81968421579376	168.90757207579605	74.04576713137945	42.46248282455663	76.0734182343656	70.46810755149838	15.008734172369644	76.75161250928326	50.950734680533024	92.43313643754382	83.35381923727742	63.955845378105856	58.85580121272718	116.57853495501519	27.579074839535906	45.00045606673168	52.77212651534481	70.4130200581525	203.16344788319265	238.52264066799927	270.1351209092873	40.880953081168244	112.8010101366246	85.20333781544704	100.75880892545267	120.21083805355104	52.07369816307475	74.30900252320293	62.62343830208809	105.82447728072091	63.35305475169599	96.60985616467637	89.15744157464425	34.381761011976316	12.99130599493525	592.6219112714356	243.91816702968066	24.36909334345254	63.94638942883056	202.68227786667694	26.143075756332564	31.51395696903928	25.607756387630545	73.648626277628	96.70909454919604	79.72330503244518	40.37692860234692	119.78279387269978	653.1629638340501	76.82119785367044	106.35923136559796	84.78620466835162	53.27969290450349	35.0142116472143	76.19856525819843	250.27182239764068	296.8732079144641	203.50105794299026	57.82772022782013	68.96354924480835		57.55779308521207	76.30821742238545	53.927147881798966	56.45193923711391	87.14823031908863	45.05016339782041	599.9903019486788	186.67769305730417	85.582937401249	137.5517964211284	321.79748829927894	47.66961432275056	180.85389440501092	78.97212995034562	52.62226458578779	62.97110629654327	70.97019294979694	43.57035559138622	116.06286719821021	43.90184733474352	52.77181592482912	150.14874514588107	138.5744296935957	76.03465936117715	41.59453469700473	133.13834886475573	117.93283678441827	132.48748760011165
2025-09-26	95.84239699327469	88.12210690562598	71.09878981375601	47.09146897738529	22.30092078257235	25.824055239452296	63.86468450666868	65.5242132374984	90.10505518678474	23.824591758430433	65.59018955052383	169.18540682647225	74.31788173463504	42.63881129753222	76.08144788671405	70.72905270763395	15.030454847110114	76.81676999975882	51.104252609431555	92.33549140602777	83.43962018992778	63.76116586837422	59.03324728605109	116.76847356271267	27.595912923307992	45.14925108939612	52.511063257672404	70.36527772927155	204.1739785802682	238.71764967970276	270.06214358452644	41.2075244226642	113.24058532954277	85.09721334131727	100.70815888777517	120.06743990079896	52.15794473888601	74.75504905212881	62.5490734296085	105.79683641868077	63.2390159317562	96.80752589117608	89.38335488156041	34.57033416504578	13.036713445160496	592.9024168173585	244.05014796796533	24.439292155124708	64.30801069341919	203.20173463646347	26.21548357213601	31.50990340364806	25.595166569669765	73.68039986977104	96.72916199017419	79.7264863480097	41.11846460634924	119.67552703278544	653.9595336748375	76.91582124739186	106.30852193279898	84.72531287494729	53.073493608013464	35.015933033079804	76.60928095063241	250.48125574227737	296.67410700898984	203.9662424724717	57.85076692848526	68.94256334921081		57.52158376794783	76.46379346461069	53.87188769212018	56.45230132937239	87.42544114831384	45.10662085296294	600.7407259255112	186.58587869417943	85.4467535822163	137.34455513195093	322.19354395432697	47.666107896848914	181.38297900182187	78.97864538899117	52.48884187236167	62.90561998176773	70.94305469633402	43.60094699124975	116.39374210130237	44.3108994821911	52.89784224281007	150.50213746551867	138.64147052306737	75.95616100993428	41.897946746085374	133.20565667114738	118.40586770251187	133.11254873169645
2025-09-29	95.92373527031899	88.13585203679736	71.17295676600887	47.1254788276819	22.3465882828267	25.8904125913448	64.27201052726012	65.48460265146404	90.15352933289432	23.836057247013066	65.64127855211738	169.61102158950564	75.06894071472962	42.687928292809076	76.15115179980234	71.44452818487167	15.140277491456668	77.01858015979153	51.305773155301715	92.42086612537716	83.66109808934866	63.912473803327735	59.06860080061832	116.91774126744032	27.686283106551457	45.290443949849426	52.33553155254226	70.4708773900264	204.54957473935286	238.95374213721465	270.51892579616947	41.00333458376862	113.69490432858974	85.21163538769966	100.98474045462977	120.03929703780182	52.20924809576137	75.13411250824214	62.52165471102007	105.95896508434038	63.775754151180834	96.97542203372281	89.87463795103412	34.21331344482758	13.00647251008635	594.4162047465699	244.66844556601393	24.47439156096079	64.33660346072327	204.12712006481377	26.198551608150524	31.57758067673858	25.603132906416914	73.84623097126247	96.74399841452069	79.74251563494235	41.809232303174625	119.68635055252554	655.2778930581219	77.07194718375453	106.35011515341121	85.04246982248341	53.27142697978798	35.04927396588072	75.59963864426152	250.63778363285743	296.87028714707304	203.97720082607958	58.00841225757759	69.12698617289642		57.54663477948173	76.66287741467839	54.04407144005423	56.46688476502799	87.57850426556317	45.239854844816435	601.9612443104119	186.66375080949206	85.58794740878393	137.6093732080653	322.80040051720255	47.659645440123676	181.71268395891875	79.15840533609715	52.61277954824138	62.9198300256739	71.11956430495411	43.69973306288561	116.74686647301446	44.104636066168794	53.09376136188355	150.91117920639215	139.04559640655322	75.98990988118784	42.11041899071847	133.43601925354244	118.9027438793321	133.549262952274
2025-09-30	95.95961696377277	88.14272460238305	71.19566646283842	47.14725212441224	22.38404376757302	25.93786300343607	64.27378068477265	65.65867934697226	90.08321150482607	23.841789991304385	65.74974694207432	170.19951561653016	75.7594688314859	42.71248679044751	76.17193515283086	72.10726241396904	15.229825787964662	77.27421699029615	51.56008643727	92.44439607538389	83.96972064501612	64.09538942851934	59.188164307169515	117.1157805763471	27.770032880180025	45.489864614084865	52.19776646291663	70.44695602899758	206.64258522123893	239.24008517993545	271.6042962721082	40.68849399781693	113.85365867674605	86.25894727148655	101.57340584132857	119.83164497886185	52.29911829531721	75.43579633590818	62.68859415543679	105.98772991765847	64.20115145913533	97.38002592775007	90.37085931975534	33.86347549377609	12.967286548011925	595.9892608205505	245.2960452927726	24.56913547774602	64.48838916322296	204.16083481268032	26.286695695432684	31.676144235464015	25.61186918758346	74.03071665140271	96.75141662669394	79.76976779671922	42.089615617529695	119.86529289100886	657.1737060505453	77.2835512591136	106.35656087260404	85.07723848179835	53.538116367701605	35.05666518118255	74.67481932213076	250.79006033449514	296.60492811943493	204.32591883344995	58.18952030725559	69.34101612721969		57.55916028524868	77.04867427252475	54.073078276789815	56.48857696503353	87.83328899801596	45.406708733443374	603.6836861200497	186.27196939888665	85.54660203080797	137.9114599804975	323.63280523907	47.661123455535474	182.23523297067032	79.37772943196458	52.7920732152828	62.86590179872562	71.36378682166651	43.85717358405511	116.83452332439785	43.76815551172209	53.06373782815857	151.69903595329373	139.62819828872583	76.13331401041813	42.253117896848494	135.15933195343138	118.87346437741019	133.94644544098077
2025-10-01	96.10004011030435	88.1562812770216	71.29685743185865	47.170088311961976	22.418400324643443	26.009162252755633	64.35447685972031	65.91536109682598	90.20139579147553	23.866262808762542	66.10151607967974	170.62227978092133	76.15973319503982	42.66131427229895	76.25350145092715	72.4936298336935	15.472524550171297	77.64380328884926	51.749622915290274	92.61192658383453	84.40878762963698	64.44037202138858	59.34498051479081	117.38756786996066	27.59980010860808	45.622972620763136	52.293882926282535	70.4685608697234	207.68410083815854	239.64558580285836	272.96907928839784	40.574589863898694	113.64475917846092	88.2997693510753	102.37256794141624	119.40356968181374	52.39530194551017	75.88896445213378	62.64023938423695	106.21496481234486	64.61013536091532	98.25323394165824	90.51087292769994	33.608941878968125	12.938067178424909	598.2090469141815	246.21192645498004	24.655104543072227	65.62001474152359	204.84335685946516	26.44187175060941	31.815041836665113	25.635306046123272	74.2100223271662	96.76331588780985	79.82970811710962	42.4998077324709	119.70686214374662	659.2445373514445	77.5327897286779	106.45463236501296	85.20452805437574	53.70297046107248	35.10003173304733	73.9074093558896	251.20173945679835	297.0099378146003	204.87782605490855	58.499253485536975	69.73065439539695		57.649117496139965	77.68793805789323	54.15299421651991	56.52832893356657	88.02812902659588	45.528320797385746	605.6274265561186	185.05622700901364	85.69141090920282	138.2903628637839	324.6125757152381	47.689515203719886	182.68269522068672	79.67410183756432	53.04792640866679	62.93987457489992	71.73447519794263	43.705066513096895	116.05850464315596	43.59991523449874	52.8124513420578	151.8803865069203	140.60598452033946	76.14661687459383	42.52864139166155	138.135650473786	119.23076905393947	134.19967077957241
2025-10-02	96.22309287009358	88.16788902107916	71.38587454722816	47.1958382233638	22.42581202450434	26.0638424483993	64.54683681853203	65.96614917634267	90.28423061058152	23.864407725792404	66.37983289945902	171.18958074739425	76.23986644493202	42.61620248527057	76.28014733190889	72.5718156797862	15.598822070465287	77.89145883436603	51.85878782178088	92.74376465300125	84.70071644665443	64.76400543818453	59.384577888620996	117.70116155949205	27.447193145124352	45.67044169368235	52.29694108167154	70.46497806669764	208.26970087073943	240.60564507428074	273.77105392642545	40.32423073822376	113.37906599059764	89.26107547143609	103.12353983008312	119.25728487142445	52.44339377060665	75.98876704662354	62.55747397068293	106.41450068620173	65.17774834452015	98.74903442078029	90.72828726341052	33.21349803909344	12.87051331028179	600.5531623731064	247.16744851801735	24.645019007375957	66.86345509415047	204.982446557174	26.427678161986833	31.929302839719277	25.64225610381115	74.2851640566495	96.7740949251061	79.86932564668957	42.51490325588389	119.73672422372877	660.6607513417379	77.70193029524715	106.47971944178383	85.39240990121131	53.71898935040929	35.10304588056175	72.72370513570847	252.17733152039136	298.58152225202673	205.4234635035285	58.717442141938406	70.00832112470043	74.75157928466797	57.71333552724479	78.09975592469857	54.26934912852363	56.54820491783309	87.89429827794638	45.503210310191896	606.9354173796219	184.67609324083494	85.89036030079282	138.5040528918529	325.3397503820331	47.698942706230056	182.73983851610507	79.94012403889934	53.24917911619863	62.99572845566285	71.98804906137366	43.88194075776915	115.54208496317955	43.29703746649253	52.66711663172226	152.16880043119454	141.47791901798223	76.00240847391801	42.627512300445034	139.48610679206877	118.97796387267286	134.54483508461044
2025-10-03	96.23177806346476	88.18331737430911	71.38715495549884	47.208713179064716	22.424635061934787	26.14351447065961	64.55275724593594	66.12241403519282	90.34463758312279	23.88696918272042	66.77262671584279	171.95272341813072	76.57993230693867	42.715671127889195	76.25103939471421	72.89590845024466	15.70650360649119	78.37310139594278	52.009340428834776	92.71834076155922	85.22796366155964	65.01357925717821	59.583888599461865	118.12451419039056	27.39981460539909	45.813457998940784	52.3734709223055	71.01464311660078	208.64728634845565	241.98157925100756	273.6339400491502	40.377952847749576	113.67131018646093	90.25894044567897	103.43963475268805	119.01959931437433	52.550540955737894	76.42876691564575	62.535618699208655	106.44744657112821	65.24564678578547	99.25345779266553	91.03352000499628	33.04510923378012	12.860801870747585	600.4561771338188	247.14265370236805	24.71234581502831	69.44932474556157	205.3675660520245	26.454395797912362	31.941621138792744	25.631430786280575	74.72901925366655	96.79876010903743	79.87466145005376	43.01745185682378	119.40954939824134	661.3639755243846	77.79144442618804	106.43477930707355	85.40512447575213	53.70906018118609	35.09755107748791	72.21685211009057	253.32633665863318	299.8353015312868	206.24546130498692	59.09929304667721	70.39566294272132	74.92061106363933	57.69734693232357	78.51913913178288	54.265453830619236	56.55814290996635	87.99118600420756	45.61952889166821	607.6141320296547	184.12462193780027	86.59822198999602	139.06659401184442	325.7923269732431	47.684586785854286	183.25840039818925	79.92044425211569	53.408469791863965	63.05194900566346	72.3829100287337	44.00721259690215	115.25424255483196	43.25983922885173	52.776578182804485	152.4168281941129	141.55571671113955	75.97410081288675	42.92487828157017	140.96294780521407	118.4696986416587	134.52369928058647
2025-10-06	96.130445916498	88.20067892030886	71.30613774996621	47.162587943292124	22.345915858604112	26.44025413016623	64.19943236442305	66.26356144874876	90.31786856573132	23.89824991118443	67.13487140235499	172.56661744637006	77.48496584829356	42.90694979123952	76.2459153577575	73.75795559841335	15.809825766410878	78.68645151584249	52.017438006165435	92.57101577872882	85.56398640841654	65.2748789230227	59.69809893229929	118.18316773972653	27.298993110499836	45.86110903487078	52.56673462191935	71.63952752143516	210.33232542520437	243.1546079848788	274.3625785450829	40.51118864311307	113.68062198165819	90.63472687567152	104.14209673425418	119.12821548970669	52.576412216760545	76.88769659869202	62.33916326195784	106.29209791935317	65.32375875666227	99.43660819931128	91.1763097156329	33.16623900409709	12.923329917154799	602.662079045425	248.05078089171138	24.663989412946286	71.09089619846438	205.99896857288724	26.43394018563831	32.0722529064325	25.60694750221011	74.97029499670631	96.81109270100309	79.86767816765384	43.5387266150574	119.40461905947222	662.9027824399267	77.97469407588699	106.32129819235513	85.07220640291513	53.77002119471902	35.092470988573055	72.5434274283363	254.0636810246291	301.5325647060731	206.42599145571612	59.348669197899156	70.68191655436847	75.08470262799945	57.64125120969206	78.60753480636996	54.08206201357622	56.55829203603786	87.62530033852957	45.64904934268469	608.991544774593	184.36870745327514	87.37559186047653	139.39148944976986	326.6315913430669	47.686943661481834	183.41968176647742	80.2068537483723	53.580993471371436	63.056488266259464	72.65831673922037	44.05020473289932	115.16959411677145	43.34819086991903	52.82146513205166	152.89676858924395	142.31093941025728	75.68255745600392	43.28259905289446	141.35711477174766	118.72141014236254	134.7913067325784
2025-10-07	96.16143343798532	88.20935969330873	71.33288225999287	47.15864458810114	22.257723363567194	26.617169339558213	64.27929687068809	66.18387804493102	90.2854944940473	23.87100663131243	67.14039560107983	172.2012927319741	78.15248277155888	42.94890107359828	76.20091864689633	74.3839788673219	15.767472678585078	78.49981908067515	51.83914426553389	92.61273262080972	85.3458893834075	65.17150470809338	59.730946438805894	117.45725312035154	27.060576915662516	45.71317017905648	52.72336784501729	71.52039394870586	211.37933562519984	242.4294539558183	274.05425985359614	40.597145148582904	113.60221284629785	90.73887985629278	103.99345742474428	118.67437156931624	52.54318047361465	77.21469180520538	62.43134615734611	106.31465857881722	64.95552714444442	99.08913463554431	90.93325526064848	33.26158248422628	12.973846717458015	602.1725617395093	247.84803754058225	24.572265321097166	71.75946405992555	204.8896667815608	26.394730217025696	32.0529282873227	25.623312274969802	74.679811499818	96.82690255167341	79.88348889461793	43.46436300235292	119.43190089936502	662.4404659269946	77.9228824688517	106.41305235545491	85.14944548661381	53.622115013253065	35.07126181569766	72.87171218828925	253.21849364952158	300.76318481885687	205.56992169221354	59.21521098749938	70.54729143758462	75.18061676025391	57.67092162535384	78.35577698570451	54.13360989472756	56.57281857966444	87.28337618244838	45.48243215730426	608.5927572505777	183.75310220075866	87.16562490973045	139.0255176741037	326.2652127857913	47.702425306693065	183.41702472112934	80.1094121341959	53.52060308944549	63.03044902814926	72.51333576829182	43.983297099115674	114.90501419095409	43.42639569741068	52.878364859727	152.7017107106376	142.21099643852708	75.88716953610742	43.56111649727242	141.60829066224102	117.80581920692346	134.4333502046681
2025-10-08	96.18173753198094	88.22333600510163	71.3462545150062	47.21878762608182	22.208746210897367	26.87689540738897	64.36672973417217	66.2846003078659	90.29304250459201	23.880871128766564	67.45044682397742	172.74034057985423	79.12123955472475	42.97963661773176	76.12185214571379	75.30199004401251	15.805673804960264	78.54189409844304	51.961131352127296	92.64320407895954	85.37197652153773	65.36359201469122	59.87351460123888	117.62740738292968	27.090809583624715	45.78710991557804	52.676684456566264	71.38890104539786	213.00007735849834	243.3340049320107	275.32009867679807	40.51441005292915	113.50925919414502	90.91410240373233	104.75060825949129	118.47164623387687	52.54503727355049	77.62199815479995	62.43838082708614	106.25911685654728	64.92843190718315	99.31004735927607	91.02791837129104	33.341515119066266	13.01354470043433	605.3765640728797	249.1697386799591	24.4588573843645	72.48657788567567	204.42870485074133	26.326818767570465	32.21752325621018	25.650562425631875	74.5780992618719	96.83962925435233	79.88656866605896	44.01218218782196	119.92151304123524	664.1830015181848	78.12449283965046	106.49724425634074	85.22151610878542	53.719764171665595	35.03732272608613	73.20085548379306	253.90614471294438	302.50927795630344	205.70086965958333	59.24102453061492	70.62129433939778	75.46342295985067	57.666519314874186	78.45793304851631	54.17848020981495	56.570449740882026	86.88597367472028	45.32752741898416	610.1580729612264	183.42548603690278	87.11904444949414	139.1625009635167	327.16466510871595	47.714934500880716	183.37159829806467	80.47393366719561	53.64195056205673	63.04101568228752	72.58218363121622	44.0677136130344	114.5356636811704	43.339101931957295	52.778833537651586	153.26661158090474	143.40714159084558	75.7996867577998	43.851076742288555	141.87158917877676	117.52159627948711	135.39682799540046
2025-10-09	96.1342456885979	88.23032416099808	71.32891949383122	47.21541187944716	22.130540975016554	26.84976266798892	64.41044616591421	66.07806065197983	90.27308146347764	23.862317240103497	67.34695803112933	172.00639312928257	78.87062115065339	42.76560375503287	75.97388994004439	75.0659959375336	15.889099700789458	78.21962029751253	51.71501887735759	92.62478654875711	85.03752024319074	65.15248005885928	59.72161981892999	117.03621879766601	26.999871611575543	45.585520060938435	52.74334291492864	71.18888487938838	211.85536247075308	242.99927022723583	275.83343495851625	40.240956323461646	113.0816674083518	90.83423702339937	105.01040163340775	118.37512441698726	52.472095968318214	77.69886986597419	62.466308409758895	106.12634645317598	64.41927309775662	99.1935788249017	90.58882261948341	33.209680823082934	12.97563536062366	606.6103096243305	249.68131251624908	24.324957294782347	72.96307272579682	203.143025215898	26.205912740718826	32.28986438079063	25.645119736680684	74.37246943074064	96.85081056833828	79.88328295973847	44.36109063614731	120.34976790367426	664.0897002219831	78.11648378554789	106.47707671801412	85.22410033954895	53.625276296648224	34.96901689282822	72.85542881001177	253.11999587942142	302.5807803355736	204.58954005440103	59.00065256987289	70.34643284474771	75.38229164244636	57.65950782638241	78.09175567831089	54.177042991870366	56.574079469440036	86.4512036952703	45.135521598286026	610.1151998106914	183.09830210048264	86.88646848329199	138.7122700740435	327.0458793072877	47.711652354810475	182.8490987095792	80.60806821299234	53.46797654750786	63.03686335567013	72.2998045841628	43.80787795519884	114.0250225449309	43.00134189005091	52.635542943752554	152.41205334904612	143.88334221876264	75.87760750853857	43.94015247636889	141.845859286654	117.08688990610098	135.3073388634229
2025-10-10	96.30743732794153	88.2531053483213	71.4595494685953	47.31407343239936	22.16468626662205	26.355692262339186	65.20187759345515	65.16048647223015	90.06369908745171	23.796671467952137	66.38796799871896	169.78571304413347	79.15531179602982	42.29251943733089	75.67833596123313	75.32299888429415	15.752680114676956	77.35735729841447	51.22727567403036	92.90404900557974	84.06911031080435	63.88656183729097	59.4904142490646	114.92410381411621	26.621777236451834	45.16027940913133	52.75667168634615	69.9236317402313	208.68951442629452	239.19881571664524	271.6607055163675	39.58202982799059	111.78315471858019	90.18349119236375	103.01212830693825	116.97178767236082	52.08937668899309	77.69342144421756	62.626747039352104	106.2079142849376	62.334342817188855	97.94152741904264	89.48979247429249	32.54455865800143	12.821913158369691	596.6767673609934	245.58826062824173	24.127741060416078	70.59390971494919	199.67977371634743	25.92325456524467	31.78334561965557	25.690070663933604	73.55381131449141	96.88051011204999	79.94917932166611	44.895545470661546	118.92774497478635	655.0698440074759	77.06391053291065	106.65381011804027	85.91347991830963	52.623425349251846	34.84152214880669	71.1227140998301	248.98173561060915	298.00646987970083	201.0575568924349	58.325206884912035	69.38061388331136	74.38072018360529	57.785869635847455	77.46230545146014	54.55831481563733	56.61924646079424	85.68459385202968	44.84859308979243	601.8932627471426	180.79104863324915	85.35872343842334	137.0618616605569	322.60648152376103	47.738619603918906	181.02966715264117	79.34163176274618	52.41796158613186	62.93102170469054	71.32516474325328	43.23103782403497	112.72266675952599	42.21506456074811	51.99290231599249	150.30894720674962	141.1840188266665	75.94576176208179	43.89475313332605	140.8100908982098	115.26520856389033	133.55386932184817
2025-10-13	96.48530740908795	88.2693139046294	71.5825083463582	47.38729375050144	22.171992333750477	26.484495339238443	65.5643482205557	65.36574662356625	90.26760546413601	23.801429071988764	66.84986015902746	169.41191474960578	80.25765620319069	42.44156878543791	75.7662653011732	76.37649959473497	15.976410057033302	77.25986303641426	51.16574660166361	93.06771664146174	83.93240519202327	64.16044018988572	59.56888228017195	115.00831274079835	26.654480308289394	45.13373810849633	52.86333645352464	69.6650362375473	208.64273084595976	240.57529897160387	272.2399444329884	39.47498441167596	111.6420541964483	89.79901335741235	103.30969116762928	117.01541196362182	52.1519328360737	77.87599233831972	62.594669296043236	106.43007179700982	62.229133536279974	97.93214371440413	89.893459622156	32.45503193825364	12.819655614829376	597.9357042371373	246.10923193765603	24.130452256282258	74.1969449392617	199.64927406520496	25.825399674895284	31.84375067542837	25.731617706539556	73.45403731007774	96.89054573595664	80.05931408710259	46.077771896097374	119.54053264364317	655.5164283513942	77.11136963413111	106.87629775921545	86.23427825871536	52.90270655585151	34.87578007159573	70.70135643956348	249.36005420667175	299.2739563753973	200.993027103444	58.289466922070275	69.41422967114787	74.86366765639362	57.87310602153701	77.41442604115976	54.73462653928839	56.65146397441568	85.5710833945207	44.881734060155004	602.2804631606807	181.0632336672105	85.19350280197534	137.20623905781753	322.9228238917633	47.77117480745262	180.93823445522685	79.47100966799418	52.60667061240187	63.05262137175445	71.37398526469305	43.281494482696196	112.58513022424542	42.10388352243949	51.917700547644685	150.02857333482012	141.52069746264965	75.85330919524988	44.039770441785095	140.2135171287924	115.62146536592954	133.96861556912722
2025-10-14	96.65108952607719	88.27741818278345	71.69682134236855	47.44779535852709	22.209827915837643	26.567927448671956	65.89283847795363	65.08545738771086	90.35056527479261	23.808504720015378	66.79302547746295	169.7885303118146	81.11882978006214	42.45264169252364	75.85266466352606	77.20324918701593	16.113015247327688	77.38035113490635	51.24054999760915	93.26974394084806	84.06193623858977	64.0048531210659	59.77307715693168	115.92412402176636	26.65154854953044	45.20634964506848	52.82166761641076	69.77070476428146	209.43229681946426	242.99098047945427	271.249076830752	39.37794554446103	112.02102404646634	89.70528899682141	102.71608673371699	117.07109862097107	52.33556228900853	78.3281176291208	62.96921918476478	106.71772907477444	61.82321926447788	98.16424156545402	90.26235023344128	32.150475296824574	12.748736479747452	596.5695672064593	245.56364917195302	24.223477890531264	76.24398028213085	200.30953846082514	25.89240660166883	31.739525179022777	25.747623809934815	73.50088340113263	96.90037769585918	80.08543936166653	46.43888556657896	119.53952672831574	655.3390552401502	77.09058548234876	106.93005790670733	86.53325012178932	52.90340253329685	34.91157434671095	69.85067821978174	250.8074761389804	300.5150604630893	202.2895585956673	58.359270127905255	69.43590893347432	74.80309919741755	57.96482182485542	77.54089221979862	54.91827571776432	56.68202471181721	85.95274369310997	45.11786516850523	602.0489535041685	181.7241064576287	85.30070800499158	137.0263449317408	323.031571857991	47.78268403763744	181.67161661726186	79.22534629517872	52.46637928203101	63.132284883264916	71.40326689382113	43.52281969007856	112.88677287579458	42.04586685582424	52.16559542152742	150.76831498772256	140.778705054567	76.41539361129682	44.309163251288055	140.1070255932048	115.92109568955657	134.3448729701105
2025-10-15	96.71476595444484	88.28628446980969	71.72996813578388	47.50672696393151	22.267811067904173	26.700035616120644	65.94782686226783	65.48818996704878	90.54871479682014	23.84962017311804	67.41821455147561	169.92742250454012	82.24441626332208	42.63389073151573	76.01843819724155	78.26162444092007	16.403983629218043	77.64368203717973	51.15798900332118	93.31787062765059	84.31493036905074	64.46336024583569	60.08380038876857	116.87565148842225	26.809164129196372	45.21880020400397	53.29083296897198	70.20716024346885	208.29592135895086	245.4016105400201	271.3963737425245	39.33426123963774	112.06392922904371	89.71261459118415	103.0032955946417	117.67968764666718	52.422755509738636	78.93939984849595	63.29808424753376	106.86155771365675	61.94903562711198	98.41842067896724	90.68263538283392	32.007414238378104	12.73252921246894	597.9866268649484	246.12182092386712	24.409906173964362	76.36890023628027	201.03414087347898	25.882434913993595	31.767073800143713	25.746092025817017	73.72744670544913	96.91493341580068	80.07920344548171	47.384443698816824	119.85633791860123	656.704653352497	77.24341285836188	106.94257183055093	86.58716644273059	53.257416827561514	34.98081349476661	69.42033804177564	252.01969723697067	302.1661606026384	203.1976967783024	58.59874250108642	69.77322943011606	75.35495412011767	57.98662806025486	77.69145898831728	54.94803136779329	56.692487117871494	86.76988609826397	45.28843621584441	603.2579667423186	183.03477509160732	85.97730026104071	137.5908549609876	323.85219645145645	47.78367218849645	182.29309132865046	79.31743465271632	52.79219919301746	63.23343408286781	71.72984313318986	43.54525574652854	113.43763768911799	42.00470489702833	52.28954285846879	150.82180245235736	141.10164043011554	76.76457012718161	44.73554285306102	140.16197226925865	116.15521947563767	134.9850204083951
2025-10-16	96.91952439567945	88.29553939066656	71.88104012868295	47.58875357290814	22.37981617848334	26.851722977738056	66.33160996433705	65.82526792663963	90.71426447238468	23.907758389781677	67.98932349277882	169.9919171238521	83.76220752130948	42.744038871617235	75.96461002879656	79.70581298339948	16.509882706637832	77.88656117239846	51.121507395337346	93.55828071177451	84.63930722554099	64.8925077596366	60.054793871142095	116.58136517292206	26.960283320396528	45.26796562324222	53.6804163318981	70.51649821255474	207.0145301985184	243.99842032127958	270.95184898063724	39.11901202851028	111.26451618922889	89.83449485662723	103.33002075264312	117.85815437020858	52.300155296983576	79.16702276970696	63.54551505467508	107.08620106752173	62.08555411421517	98.3975114259094	91.06474451026462	31.700390049181728	12.71479919027988	597.5853849656773	245.96303295949215	24.498294723639894	73.95652958591357	201.0266224386926	25.776006733119843	31.686250294236896	25.778699966460756	73.90844686346675	96.92703305311518	80.1291517410514	48.27722093388107	119.53877229182015	655.1466687172641	77.06757968967898	107.07337102880086	86.9390567015899	53.63360457772119	34.96876215509815	68.6151678001847	250.95304777620018	301.1944694614755	202.2003803715731	58.845117100152585	70.07832995553655	75.71470487414771	58.103350880103015	78.03844037062348	55.16344973541032	56.7410685406252	87.02428631085073	45.42622532532943	601.8654640840499	182.83364120791305	86.53948478628207	138.11550346926333	322.9722408038532	47.81277077137225	181.65814997340726	79.16432111664136	53.043100862988226	63.345316589773745	72.05397033368477	43.394402546726184	113.10559481501798	41.73132965188331	51.62300476663674	150.35420719541696	141.31534658224527	76.67150015148144	44.70323399672094	140.07142650328166	115.70940371364891	134.47557294833817
2025-10-17	96.95466194759558	88.30981422047977	71.90853382776922	47.591535981400355	22.406519951424286	26.85144818930848	66.4379912614654	65.89686781952099	90.8112833897568	23.94152529779611	68.2943901399441	169.89070343497292	83.73110223477583	42.62827935402151	76.03669878270883	79.66790511840873	16.434180626390205	78.0273450698418	50.90172850540793	93.60155856877788	84.84493742624706	65.07295523479877	60.127622384179446	116.3354976499376	27.088869115337424	45.13509670322267	54.06520854741878	70.76707250105275	206.21424294349748	242.48013667431167	271.4620084746936	39.156443193820564	110.85014978772968	90.11217464388979	103.54782669101883	118.44102481694023	52.40044004473202	79.24182895077145	64.16234874437856	107.0935232022179	62.10964870017399	98.71757742926329	90.75463940601122	31.626496408563032	12.70593417918535	599.3455489281512	246.68474066187497	24.6100367966344	72.0727128825564	201.89069159044004	25.8290653401317	31.735457224144817	25.775932357803132	73.90221003451657	96.94755583319821	80.14930029679523	47.63361130617393	119.47418579800969	656.2226568683977	77.19234392198793	107.03338580126567	87.04809967037502	53.74834373173169	35.00474202420435	68.29758557855914	250.4147868275532	300.021612172144	201.96650793480998	58.992657427029414	70.22113366673312	75.87486666724796	58.11361277220483	78.2216394663176	55.20908998000985	56.75090917875987	87.4357347691949	45.50943834625846	602.8350147568688	183.07962425385887	86.98118724787736	137.9754610852176	323.28862589509066	47.808250391179286	181.7914697010591	79.2670055290238	53.10500265622556	63.39182791158609	72.19166183310216	43.277227899950006	113.31986817777266	41.764790878798095	51.496477053728526	150.18466432768895	141.54655878916952	77.13594004766455	44.609297891304806	140.49333959441427	115.98242173597484	133.79862326616126
2025-10-20	97.05388050382709	88.32658756067934	71.97032297467563	47.61203881894725	22.434519321720444	27.079670017505805	66.71920162438505	66.18471244369604	91.0591947039116	23.981894889193466	68.97371408242321	170.8188487267638	85.21055233809105	42.765635801278336	76.14817116869816	81.08395255920436	16.430967037438265	78.40719670484278	51.065352854388536	93.68570131197683	85.2952523740122	65.59222178854196	60.20770348029773	117.13070048512505	27.307423601858165	45.311994152392586	54.40260511294279	71.42463198416895	207.64948749958077	244.07209958715583	273.26664876859684	39.30570725364856	111.27327664557382	90.63030607194489	104.3248738862809	119.55034257814785	52.593696508572066	79.29385759062009	64.42194127892756	107.25946149124567	62.51917028209383	99.45478938601836	91.140049347781	31.564405011227315	12.764072722374657	604.0128013195443	248.61296206677733	24.772049877199038	71.6365761678407	203.1116513372122	25.952205666586845	31.964190861828268	25.784083389289748	74.15060605485594	96.96263137118895	80.16420016670816	47.67680626343853	119.84845535628023	660.178741764277	77.65535698907013	107.06129815575979	87.26986511228712	53.9699131378385	35.0507356513844	68.06379370480691	251.88750053047582	301.61575603724384	203.17347003185813	59.32457578382721	70.66774533068102	76.3837349227665	58.1427953845155	78.48304263354942	55.33695732826176	56.76064364577642	88.0846924883572	45.71333161514583	606.4882776421063	184.44028667526928	87.9175040243293	138.26418165344865	325.25124654129536	47.81552694424687	182.5343228021897	79.85440425376972	53.45370448363036	63.52827899180379	72.61630821147295	43.47648359414004	114.06905274123008	42.00271671320276	51.73347755579493	150.98478058913744	142.45310422368632	77.33409474917407	44.5550380447735	141.4517936985743	116.58014290534094	134.0959592771236
2025-10-21	97.15153207930612	88.33497423077912	72.04443806814837	47.641409500416	22.39968897451989	27.065328630579074	67.11158445477065	66.06689693229724	91.24011904995385	23.950409610429254	68.91340886005926	171.59434562803034	83.26527601645763	42.409679091435066	76.14733540124361	79.23197490631117	16.300708624004777	78.24897417639599	50.916837422677666	93.81430527634974	85.21152236620532	65.49594381053075	59.90812153079828	117.6961333236172	27.252797608729374	45.16665534035645	54.441302327589554	71.41294618007277	210.23740244119665	244.28897185168339	274.09920573195467	39.31748260936823	111.36268965335331	90.89922896370682	104.49563167580646	119.80010796509931	52.85190768726943	78.86150551650145	64.31250262188566	107.35197882301541	62.39024805913773	100.23777829896622	90.48275202984753	31.594118856932017	12.730570945232738	606.266837671491	249.54225221258787	24.785511480347566	69.99940609539496	204.303971725735	26.052420620463835	32.078557680669995	25.816764366153663	73.96041578987914	96.97980888017455	80.18130510044392	45.73340358948293	119.78768440421433	662.1518403645604	77.88686352261124	107.190217864501	87.59577087401465	53.87909109040363	35.06439408606818	68.16689517393667	252.84095943271836	302.64680624127817	204.07605386358532	59.222644032050326	70.56944166558465	76.3410042576073	58.19105711608587	78.38086457849346	55.525036510200216	56.76551087928469	88.2839119485243	45.66731186470182	608.2753888210532	184.8978471950565	87.86488375654942	137.90436102936104	326.21275095619455	47.83823489241152	183.00374892550892	80.13068189373055	53.38851911193237	63.67668565373881	72.48258113820718	43.49261725483369	114.6461367832127	42.07306322110333	51.82244442059766	152.05716385413905	142.94369230959705	77.25311457429407	44.301856790941436	142.09823419059575	117.5956210742525	134.14031820057352
2025-10-22	97.19555134849095	88.34880730581925	72.08149561488473	47.67042665877734	22.387158520768246	27.02009870249657	67.35053099691658	66.12916684993769	91.2356295933363	23.939361909706815	68.96129351084018	170.95390346587064	82.2326364823499	42.40253241681128	76.1092016056511	78.25598684280402	16.126721308767525	78.1553594331687	50.83778081766208	93.88822411034283	85.13104499657922	65.44292963841967	59.91843530763547	117.54446253583204	27.278512718854433	45.07489909656982	54.86565162155845	71.26804611860084	210.1248962889577	242.59075972955264	273.5389217136336	39.642492601681184	111.22660620973329	91.16668220035928	104.16032575611612	119.35392284851645	52.87482927088081	78.64532947944213	64.3993734117729	107.45073535266982	62.124594091824726	100.23461943512764	90.05583295462102	32.02590502477948	12.810083465322668	604.4626119509799	248.7977755813916	24.864612811096634	68.74380171102756	204.35774300398077	26.063883306752913	32.00629410675346	25.852175479890796	74.04911658634582	96.99322322670837	80.1898575673118	44.80670232879908	119.12762973872826	661.4120102701709	77.79488363508491	107.34090132116651	87.78739120482959	53.86817065201333	35.04789070758487	69.39844621367732	251.7978982344256	300.31464457571724	203.8506795196833	59.18142089297829	70.51542227932552	76.32404699094761	58.21518798187106	78.34432862103384	55.63817438302979	56.78239838397828	88.57141459242621	45.73976478855208	607.6266470472453	184.30480433483294	87.79963700766925	137.90381778274693	325.6998355611051	47.86389398123994	182.959157482774	79.97672552938481	53.341260822445676	63.70843903353445	72.44495725611532	43.434384646703954	114.43585754565908	42.378044290605374	51.71925710714942	151.59970314288984	142.48012404786493	77.4316148127818	44.124221699914074	142.8296423028174	117.63966463258524	133.21871867059926
2025-10-23	97.13109324016344	88.36054562068307	72.02797620099705	47.65626206596093	22.351592604195158	27.01175452092602	67.12322158366337	66.21846831266416	91.20015503714666	23.9479285973705	69.15107979985368	171.61243452102127	81.86131717305972	42.65276233267322	76.17499646322594	77.90299494728092	16.14858575966941	78.29713162088123	50.98059695179979	93.77134441601126	85.30799228588727	65.68457288195398	59.94300137574156	118.05109708212501	27.493839145987273	45.18170041803589	54.81282497154582	71.3154767641344	212.65216219477182	243.26615928372163	274.35989969959024	40.09994045367262	111.22696963929047	91.3004088186855	104.53213965418111	119.05339956512736	52.964771736880834	78.53237009250427	64.3891016839138	107.43329538019233	62.52173536988697	100.70169082107944	90.26983694850192	32.438739484435644	12.941288986079304	606.093641180568	249.48537460710205	24.918635484222634	68.88201361796496	204.85798679740054	26.088937998896476	32.10458939041286	25.846042993546472	74.41269611055571	97.00474836262177	80.16517643380239	44.49335131698743	119.22894929929578	663.0009880452417	77.97641368033543	107.31086203753638	87.58216835021753	54.07063813667561	35.07230999307466	71.34422356460233	252.73201796486904	301.7722362282883	204.56176096345493	59.3118007632616	70.6784493598776	76.46730445948548	58.15991447128221	78.5540918007513	55.52762143223755	56.77157410043641	88.68626195319553	45.94305019517936	609.0175471564352	183.92412305364695	87.91302498576822	138.4852874924477	326.486499201451	47.85765194667466	183.2063624938284	80.23084399638185	53.5180577793869	63.66772659684535	72.63572859754008	43.66556421055901	114.13810241784907	42.81492622855464	51.72181117076221	152.31518665445273	143.14374091797544	77.33107611366628	44.018388697247076	143.23467588773684	117.92700623597035	133.89542348324886
2025-10-24	97.14690648336297	88.38087629544896	72.04925497671923	47.615734411276364	22.324044020908616	27.064673189418087	66.99530753865785	66.38429290266997	91.31534469996981	23.966306293924507	69.48985416994637	172.3816490842411	81.54566026499666	42.75835366999872	76.31160788127117	77.60649625293733	16.337650995984607	78.4598908836828	51.15757295099755	93.75617086523219	85.46403184851005	66.01503882134809	59.99409895447234	118.82272108744922	27.548474252864242	45.23987326504822	54.66141164653951	71.435093576159	214.48435288693668	245.09372722486864	276.03096303338884	40.16427000100623	111.68644471954758	91.30816720841501	105.50992434979563	119.42580866928243	53.00974296988085	78.76358342271698	64.26678976407604	107.51525837735203	62.916589349372195	101.01908881874284	90.31296183972947	32.685802313628955	13.016518135007425	610.1538762543465	251.1378289051135	24.969770966293446	70.52244296620904	205.19193285182527	26.101465344968258	32.32799431068494	25.833441914558883	74.67186700669387	97.02496863321518	80.17696382725276	44.24167649772711	119.95886170409125	666.5111751749646	78.39361760676928	107.29105113595568	87.49867237090955	54.32441208591593	35.131186734818584	72.26211193488905	254.08232520557905	303.6560308338707	205.33407262039935	59.47440662247553	70.9110249118724	76.66619082598271	58.15632556755028	78.71719711497525	55.47712286516663	56.77579597660981	88.873766810338	46.00173368523616	612.2389066348583	184.6100641513352	88.1936073720345	138.9263214195637	328.21457833607707	47.85453092939201	183.78566873470717	80.74459527699952	53.733558156050876	63.751130144125796	72.84808433050833	43.690297440362514	114.1373915104382	42.814605753437476	52.003661093803956	152.73719842976544	144.592324865726	77.15427707050502	44.223126385977054	143.43227935011842	117.89462494415704	135.18748072355802
2025-10-27	97.18843584666195	88.3910416328319	72.07910899470727	47.63847748090674	22.344451324113976	27.124434830793028	67.14512233622347	66.7047082494307	91.72426552015092	23.998982233265963	69.98116747193608	173.20620540149554	80.25783074284989	42.69400761502865	76.47419764791098	76.37824888940813	16.456923833258415	78.77336432611875	51.409211737949946	93.74858408984267	85.84128792742885	66.54593722683614	60.12638488067856	119.21346930837305	27.734873265348135	45.39778392256317	54.690706433621315	71.90249857030607	216.41790428770662	246.43812948157495	279.2879577129835	40.278633871352724	112.24355194961754	91.39085804878758	107.0431053328568	120.7831863170631	53.09686290950097	78.97671282341904	64.17145793135442	107.64692285933032	63.64398269348493	101.24191669330696	90.10360158636864	32.83992569294729	13.049319515196583	617.6533236252201	254.23299221134582	25.03876140630346	69.46198137079983	206.49298485852984	26.151204169066162	32.70855091205634	25.827141375065086	75.05297070427467	97.03990817525016	80.17320633989591	43.32083901180301	120.96340912353	672.2186002827948	79.06715105802331	107.26677190586847	87.60505289077705	54.68740021104878	35.207297926735464	72.69105734073554	255.37426196802392	305.8425417841229	205.9997313175239	59.774890612873506	71.28557150744987	77.08476784713832	58.14010011592846	78.9928224954759	55.537820618374326	56.773087044701384	89.09277482362603	46.059714269986245	617.5321730439916	186.6362774980309	88.89848520457194	139.5249664348795	330.91762241999163	47.8338988417712	184.38400715788094	81.72008740290406	54.06617711879692	64.05225040531485	73.23207896945338	43.69284120980528	114.93219444296324	42.86548997999022	52.25287768130139	153.3832171348046	146.6646927063005	77.12914430307478	44.386261450434816	143.69828689185607	118.72647583267423	136.33518781050947
2025-10-28	97.2380243808505	88.40094226416986	72.11323918973645	47.664184648046145	22.374189086739605	27.111498535696807	67.37679853383439	66.97155197017433	91.92872593024148	24.048201939692063	70.28535683777469	173.2180776763337	79.32391506624916	42.735050072162764	76.51777661936565	75.48412261364938	16.585833246890438	78.92043078976836	51.68378525129919	93.78806081323188	85.96717945565779	66.80163224867198	60.08093650467033	119.06330432581738	27.948589548628657	45.605559670632175	54.61535367457433	72.20333592455734	216.70637340850175	246.44706919635388	282.37630917875737	40.239111323493745	112.55630814033611	90.96917170017504	108.5570293509987	121.44251936702764	52.96960645780224	78.78095513607475	63.86502202597995	107.71752728659875	63.777048490907504	100.909353274632	90.11684138156323	32.676886522010754	12.993522768004786	623.8067033165163	256.7707624630948	24.880270137966185	68.31795433896437	206.95121960211648	26.118105441466675	33.03325914438266	25.83829335904133	74.93396368465687	97.05219972361141	80.1761531882585	43.01041988737123	121.6838415551732	675.9726424265536	79.50778817549603	107.29774599932095	87.77292439460727	54.881524736261696	35.226684394275935	72.04052836519199	254.83598810071118	305.5667176694052	205.40582574176977	59.92026123966429	71.45335170221126	77.27153695924633	58.151230630474	79.02874843645866	55.6254681552565	56.776552448742294	88.32544777558255	46.0218806030107	621.0141639145739	187.3919531411053	89.30932713597738	139.50433502408038	332.5262092812849	47.814046054796734	184.06089243392094	82.52232473782898	54.21781908918362	64.20281053590938	73.4192049205177	43.723579723554984	115.04313884745818	42.66730881750976	52.210125669263974	153.1575051738476	148.43710556945885	76.73212509953544	44.100795977902955	143.37885993762725	119.15727478157149	136.40239615134848
2025-10-29	97.03224690111861	88.42035028247555	71.9525851710401	47.610136070971315	22.27185997763494	27.05745443752614	66.9985913750715	67.09527687009694	91.82680879641957	24.021140764767907	70.63255802704164	172.89775801541293	78.70695570206989	42.77997201178939	76.42170721837422	74.89706008612157	16.863057462068266	78.72801858702286	51.77788391288104	93.50491221203586	85.76949747319023	67.10987297858404	59.825330770645714	118.21818322980323	28.200067631980346	45.59016768321648	54.61267714246294	71.9941087581771	216.80572424087197	245.40219975930975	284.8123611323474	40.33055801160039	111.99442833164267	90.36918362840782	109.75447063863412	121.86897239103335	52.753630667255614	78.59530392301784	63.10639445110033	107.4473714313853	64.02514381332485	100.40761853184725	89.8040948240824	32.69718883595655	12.994503560058302	628.30175864068	258.6467032530318	24.554963178724304	68.25662197539039	206.30758001590198	25.975960984893494	33.29020630864153	25.7723561750651	74.57458300809992	97.06315964574125	80.10043239857261	43.12020971480378	122.41094772460809	678.0129020238237	79.74788593955466	107.03060975503158	87.41247080326067	55.12529834835546	35.18504133959402	71.9202657084749	253.5059609693009	304.1294281706401	204.23608547830676	59.8224734543048	71.42516980862516	77.40113801850357	58.01249733427997	78.83322950387387	55.41144890611946	56.720482950445366	86.81442676865065	45.74521802672508	622.8836993889277	188.15595276684172	89.256790643184	139.14495926008706	333.2118503681815	47.73736818120696	183.16924016227296	83.10517558302581	54.371858534459975	64.15073693299375	73.40066920220221	43.30921379671402	114.95538061147323	42.72621346026855	51.74573551834781	153.24238784083005	149.86304588775675	75.63332405489467	43.950769540465146	142.4962155523097	118.87922790592246	136.2522082075102
2025-10-30	96.83810297326438	88.43005429162841	71.80981156745364	47.59745122945539	22.23534576793124	27.044706031934457	66.51970813260411	66.84693195311488	91.72362702394221	23.979426240233074	70.53300722397003	172.46078086317522	79.16847647774392	42.65113064395622	76.30295947466563	75.34353050082446	16.8581740099648	78.49158802886299	51.78174514857919	93.29603139288317	85.50173405764004	66.89833553714358	59.615046519356056	117.1588428966399	28.26795869697162	45.52998908452816	54.44133880011331	71.8031800199577	215.78808550910787	243.89477968922517	283.7733222898065	40.255401228700585	111.79166683305766	90.15785460106915	109.62070837229558	120.49482707686434	52.65026237037097	78.4634692222511	62.68802197835778	107.02593180944265	63.60450038871809	100.0630202339412	89.46101500237323	32.69057821314429	13.014246733184669	625.7120060293244	257.5595424224143	24.421258482977876	69.26695234511706	204.19587374818536	25.875905640457	33.164764104027796	25.715549539864092	74.34652612319059	97.07346519884719	80.06740141046794	43.730104933695834	121.59448524536069	675.2933772814431	79.44257318828319	106.78207810139274	86.97899388551706	55.013513966047846	35.13154693017299	71.81513239647379	251.67151380984575	301.71809543297627	202.9206092674737	59.63719841233306	71.2210382734532	77.23100258291004	57.92869777907846	78.55110953343107	55.17551777276188	56.69726616394338	86.26126306694252	45.506649845882066	620.5016641475888	186.27050415441695	89.08450722955098	138.6113895421529	331.76014576514547	47.699029244412074	182.5274225103357	82.7393897019133	54.16534706813331	64.08225018036407	73.16232495754642	42.81472309403572	113.9385515117913	42.629265787751464	51.582452948993236	153.09203437451657	149.64579448928853	75.04499454697859	43.78339105685367	142.21227251004157	117.40119995149638	135.22340940160666
2025-10-31	96.71221097149547	88.4445422214978	71.72881935794557	47.61977435129996	22.217088663079387	27.01930316550336	66.09500192396807	66.84393335326642	91.75749298584806	23.963264870299643	70.50761918205338	172.3905924579548	79.17923945957509	42.53301809602596	76.24358560281132	75.36676494523644	16.9893315652241	78.28150339553501	51.75968513532475	93.21082468692009	85.26649584351728	66.73405698976319	59.40316725687041	116.72790090998987	28.316366700475555	45.50228206362638	54.20567001040821	71.7316948378597	215.51866128482737	243.8241293465657	283.5477786986142	40.29518680514619	111.75380460793508	89.97830321606192	109.52413363561068	119.64804830405717	52.58472705615716	78.23663268241461	62.34701315592694	106.60043691302211	62.99670438747428	100.21630931130653	89.03397811275889	32.79621874829578	13.043370620010304	625.9200288935684	257.6329358840587	24.37370373489714	69.25161734687494	204.01769853180753	25.85969239847557	33.20161995179417	25.71098426547648	74.0341906433824	97.09307567803688	80.06536269253866	43.870051627614515	121.13667438537566	675.036703289159	79.40862256215917	106.74403587686825	86.63323855042455	54.77301522277001	35.10479972546247	72.18756497753377	251.6572748492588	302.06571275555063	202.7188877025845	59.520207864003446	71.01664325171683	77.05293258444904	57.91084776038884	78.23537837511398	54.99070535854891	56.6952898812881	86.09549054226032	45.253719744108025	620.2003865171538	185.54066284381003	89.13951313625986	138.32036609676004	331.69675379077586	47.708468098158185	182.28490571317565	82.76478304675743	53.954545482308845	64.11403921371719	72.95541861280641	42.44469789650516	113.67213372708706	42.736361028031006	51.56972417041947	153.19976474585204	149.60928945655832	74.64376649956351	43.54899838487215	142.04571145033327	118.1945956422521	135.17095457873302
2025-11-03	96.5899845751032	88.45808043692077	71.64687275270325	47.6113035727447	22.155611973751608	27.030388277087617	65.71163212653482	67.08963406554923	91.6399578881877	23.959435665435464	70.86562981197395	172.12316793307895	79.27462110307856	42.395867339638954	76.09543705799746	75.45338293038189	17.203353564899647	78.18612752174212	51.8590219499866	93.14603505464169	85.15370232849692	66.87619139771363	59.42822432972915	116.6308991549461	28.40323854890721	45.59101148469405	54.222835844437505	71.79665262522869	214.9799651028629	243.39777481732582	284.0877168639555	40.2812317845311	111.61271925953395	89.9180799832751	109.85198304705338	118.88589091228249	52.48506868249753	78.11834304408816	62.11792071675741	106.24493967843489	62.682993078136555	100.05122792835834	88.35861427000249	32.93428033362055	13.125316806434595	627.5220261655343	258.30157536390436	24.35957659126449	67.13248820834957	204.1159888533061	25.716329010211908	33.289748116766226	25.690523642137656	73.834489578283	97.11643072231922	80.06579291853495	43.81502497457386	120.88297723785385	675.5415450039545	79.4658392962163	106.6870508974185	86.35246217072009	54.74604282867016	35.036042440856235	72.46378142065166	251.36889011017627	301.8163494197675	202.3826677282454	59.53477357921852	71.03139291492091	77.14989846320758	57.892754126166096	78.01444059136558	54.837428027174845	56.693815366059084	85.9499745802122	45.03656598777667	620.6577494109206	184.51235107522533	89.50284677809087	138.16030511869252	331.85290875573946	47.713187525031245	181.73245682387298	83.02559144403301	53.907803289250126	64.02425517204415	72.95432139746765	42.12953545643129	112.9363895869322	42.79233670298035	51.45507006250466	152.92735887439085	149.89697566089635	74.15116410305325	43.4439575817183	142.060789074776	119.1492158509112	135.3036856023548
2025-11-04	96.55296500483675	88.46968658076507	71.62518274475983	47.587908866450476	22.115089884275704	26.85514660741588	65.62920397220296	66.65507322784298	91.52874206665244	23.900865179214314	70.29835445676822	170.93655344896135	78.61731009377561	42.05884408546889	76.02610826898896	74.83169100742728	17.09759601004992	77.69842569934762	51.58238878261049	93.17151682541655	84.67258480682659	66.3378225665326	59.295201184639964	115.87157903303947	28.273131496743645	45.40874312332847	54.121418151100585	71.49346486241903	213.10465235123615	241.0859189638387	281.97105874936057	40.10018963799309	111.57149634851697	89.9717086012567	108.48164795663216	117.68692586385609	52.43523949566771	77.97629722394838	62.105902115580854	106.13904469883659	62.1237536191464	99.5789663201362	87.39693561400514	32.86474034076047	13.108532045185072	621.9380455534703	256.0086596912295	24.328389827614664	65.00737378862303	202.71548038856713	25.6301571885166	33.03508325638116	25.689861544884746	73.39606558992276	97.12810824446039	80.08052676932607	43.27751332652033	119.67032086379997	671.7871909590085	79.0295123605105	106.68258718576979	86.3079830995202	54.36139993911536	34.99462568209804	72.19689086291372	249.59635606583032	298.7394430204306	201.43001947203285	59.14752709417469	70.57097142083936	76.64137071008224	57.91265895395219	77.48672011257733	54.818301644813005	56.71241099418677	85.94947840949087	44.85639296398111	617.2878895980384	182.75556518605015	89.05178883704349	137.06220822340876	329.92389090130723	47.7203156100498	181.1818259461162	82.46144608212393	53.50802266208112	63.9414679485709	72.47125173266937	41.86881817377228	112.18329031348563	42.58940947087494	51.530645153932994	151.90628350213683	148.05848081140522	74.05572273756178	43.31365550289529	142.38799188846224	118.62971122745756	134.60013076504458
2025-11-05	96.40434734006486	88.48032287412278	71.51313000763382	47.55705601098403	22.075257535216465	26.83888826800237	65.03693780153117	66.7092275929254	91.37300216735943	23.923513224677958	70.33176389830598	170.84251378502756	78.74365642017882	42.095326660044016	76.02935052121323	74.94084702959255	17.50489274684625	77.69150945001562	51.660006952340396	92.96239491783523	84.68782438583517	66.35629302765106	59.417906225864904	116.45448916251583	28.5455232297561	45.48412620033611	54.210708694080566	71.42339106158062	211.02486035530558	241.65248706980998	281.0721840377662	40.09186766140377	111.88313739544989	90.13152614511077	107.86081909550359	117.61979578715265	52.44748577566588	78.00767604727693	62.17312928044667	105.9280199690472	62.15328267810347	99.55496320157201	87.51552255553773	32.712397559906606	13.090513276010505	621.1516399642351	255.67325226993117	24.327269407215535	63.82205771340331	203.0506952113734	25.649867870381346	32.947585802384914	25.641692285198722	73.25907939530317	97.14362107779661	80.05884858974116	43.46375742619962	119.21769064430234	671.0675456748168	78.9399537815736	106.48332240147865	85.81576904609798	54.49699940803424	34.990341481796094	71.6134448211053	250.0719893732472	299.2421580336528	201.939268158868	59.1389929629809	70.57953401974585	76.71455666459528	57.83093084111184	77.54307319105429	54.52597592616627	56.69271138698596	85.98777021060481	44.81403785161946	616.5273066154255	182.60492492700945	88.91873575763307	136.8525152445169	329.66139308248955	47.695273237764155	181.34261432803856	82.22501243925532	53.54277819200247	63.82898936063799	72.47341120569016	41.86124128598282	112.10800639331508	42.543854057947236	51.65703667303583	151.68740231015045	147.42526701703073	73.98367191565589	43.253366295148815	142.82699154969987	119.0890560531819	135.0480664811551
2025-11-06	96.50833745787423	88.49047805693444	71.59685888809426	47.55121019543342	22.11405050527913	26.773668339018275	65.17309383973043	66.3824687158963	91.44771247894339	23.963164235629996	69.87045653411393	170.4791258500333	78.76682866785308	42.064760803166536	76.04518520933709	74.95542412514783	17.54525204511502	77.57200060513476	51.655629849461214	93.09415827434731	84.58443267021251	66.10224929702866	59.37252160963655	115.95121308711728	28.672079356272093	45.4865089009493	53.915353812982666	71.41232571877859	209.03734778019185	239.792552128655	278.30092356185185	40.2085848927136	111.90703424337924	90.31980283695968	106.2933016986307	117.23294400563688	52.35141889796478	78.02824064204667	62.08956680697138	106.10033582070524	62.4673807799697	99.02005057051257	87.44215992889191	32.61103009404022	13.091130279973026	614.9805746207894	253.1420536862351	24.31223623559019	63.12137317127685	201.81794251535467	25.635570455576413	32.62004267231062	25.64630943758227	73.01162740517111	97.15621834529479	80.09641419355222	43.506878331630084	118.18320903064726	667.1115011088928	78.46980522940984	106.52785886309283	85.95331756748259	54.686734033240754	35.002283243949805	71.24672103726164	248.57783428623299	296.94455008616234	201.1004476780668	58.998342840743376	70.46686433042956	76.38454196873745	57.901051586937754	77.38688159674786	54.619446627023564	56.72635485425958	85.79975134675749	44.86923053469645	612.8747372920877	181.76224029553597	88.63805592813294	136.2337908864186	327.6565327228854	47.701821723252195	181.30540903169506	81.42800838637571	53.457498638847916	63.88647572890298	72.33314496441734	41.75431677946602	111.56660695642316	42.72768226273827	51.626707499725924	151.2764098953096	145.63372268087863	73.78218401080646	43.128422649527536	143.18418669281868	117.93757154465736	134.55178897788224
2025-11-07	96.54106066619298	88.51006294204143	71.61945147773854	47.538706675475495	22.133446990310464	26.779118562819683	65.09866239838084	66.08822227298721	91.50890949264553	24.0065950877857	69.57639495406869	170.61379998556353	79.01341540204177	42.29840213009889	76.08627516082089	75.1927122151618	17.51100263998915	77.67181115461815	51.701426374925916	93.17933469137287	84.6775312765125	65.85821922248894	59.59726773230851	116.19812164975981	28.91854204324835	45.568812159214886	53.83267690649133	71.4787229790182	208.77674578951	239.4862495140345	276.49675999869936	40.62474685309508	112.33430020274432	90.50261000612633	105.29177719208879	116.75398420984969	52.39628478162399	78.39448760007608	62.433489610761086	106.08111273457138	62.44777310788036	98.85125377036371	87.80836786727798	32.62753271669784	13.105878364778993	610.9345622127385	251.49331383042224	24.468759261593924	63.58124017450561	201.63548798131015	25.725033724797484	32.421421940403356	25.653402597819458	73.05234919452892	97.17703190213959	80.13455276938353	43.713438250287695	117.85933522821426	665.4599253591339	78.2743008080643	106.5597401310093	85.93097778398544	54.75289384157155	35.02233417263408	71.25336158674605	249.33080251909306	297.2145693546046	201.9902339098342	59.02056424263731	70.47387634856439	76.21855424729218	57.95058301392786	77.4980100427587	54.61346095389264	56.75284303076749	86.37060168656234	45.07820237977498	611.3697111753407	181.1478208923969	88.50258356709381	136.0989511072718	327.01002905675523	47.71940108074231	181.86990574875767	80.91665617072692	53.39041618954114	63.91047342963704	72.33124914846843	41.95132754866856	111.15268061444205	43.12829692665722	51.79366991197234	151.43673552626808	144.48923225108385	74.22161644998332	43.36492581756162	143.46114241867497	117.45357275963337	135.04377016032782
2025-11-10	96.53814660506914	88.52952564216329	71.62111566196498	47.542035527679154	22.14314523282613	26.934081566871267	65.08519698288183	66.36763942628852	91.64441598899855	24.061362004647243	70.01956268089177	171.32374569590678	80.21670678549354	42.776411682114876	76.23475363876005	76.33135671793247	17.667062332262642	78.16656735099072	52.14659445882526	93.15922072093058	85.18741370954531	66.30175594303158	59.85519438251168	116.89418106413771	29.157468386431304	45.896237744646506	53.99133921618512	71.79004737207745	209.6090302433878	240.5309284069196	278.6937840520841	41.031068113437186	112.96814115972177	91.02255668152996	106.25598457382759	117.4582184538018	52.54413161810692	78.62149917113179	62.551747704550465	106.10024112070366	62.972841326889395	99.04804433513303	88.71864087333626	32.73950373933037	13.185449367631197	615.6249959501192	253.41557933952754	24.522896629087978	65.74095272885437	202.6635539271785	25.79391906881964	32.67560431126613	25.661732808309143	73.47416120004766	97.19227190199753	80.1439441703363	44.75171958290752	118.8129607659626	669.8132756678482	78.78492033201067	106.58529380207692	85.91021774331108	55.16695900574671	35.083989657117826	71.46668094596092	250.6151998435309	299.2364655855054	202.7636487542335	59.39210470737822	70.92568176559078	76.61621605945366	57.94157339783307	78.01449650697505	54.59609052333304	56.75642067615034	86.63192941383781	45.22087342194315	615.3526412322017	182.3703810882883	88.9945664722676	136.8411320477765	329.0745183125573	47.72342238790533	182.55393328209368	81.58870299381073	53.713732264692446	63.97934178684	72.7835788283846	42.248738878094045	111.52356015585383	43.52549032123876	51.9706779583055	151.94697494086842	145.75008640142084	74.30506786854635	43.475885607755416	144.16024345054842	117.98026156902567	135.9156305025272
2025-11-11	96.68125515678261	88.53442377078868	71.72314022844343	47.5772235133513	22.167564704730935	27.097199207813077	65.31124091697802	66.5509690661716	91.81706578258522	24.107629168217176	70.32406280406893	171.68367002812917	80.98335339274678	43.196008041374824	76.35164119315932	77.06567988484514	17.6213891754697	78.64120985347387	52.40756579935892	93.29385901769186	85.72228885550507	66.54790403352752	60.18307700387791	117.47914924788917	29.58063486612825	46.11243314234278	54.365670447325954	71.95529971753287	209.79574131798296	241.15721835385042	279.6826769381514	41.50016464143539	113.55868224367924	92.36622829193686	106.27285923027317	118.39591830893215	52.79920738009838	78.79839759581981	62.9379927640184	106.32057115239284	63.15195563658923	99.64962107503722	89.48332098598453	32.98150724075893	13.263739946419358	617.1441019789659	254.03338934017393	24.656110217925338	66.40833723478852	203.7051747907377	26.026413193467437	32.787760956902595	25.713736124613554	73.73343374943789	97.20472512336204	80.18251819722869	45.60086017292349	119.04682691008091	672.7616183026742	79.12430983641549	106.81432582559901	86.09645484943874	55.4090257675218	35.14063336310481	72.09334108333202	251.4301203685428	300.0134049118933	203.53281009489018	59.76296405107681	71.32213577415281	76.99124783145078	58.00461924896536	78.68999132599728	54.70722113446925	56.77270725579978	87.24919606067867	45.48790672745107	618.0559287703977	183.41237102510118	89.21135641728614	137.24615806490388	330.51211267190365	47.76357619944583	183.65055520305856	81.86165801546005	53.90472150954349	64.10854830430867	73.20470521619426	42.618450936239405	112.16337614726285	44.01090647653735	52.177317433742594	152.22187003879358	145.75372819826902	74.83344213739818	43.5435191283406	146.1818520719539	118.38990724325308	136.00882538309952
2025-11-12	96.73353376735615	88.54170605653692	71.75969862374319	47.59481750618737	22.16509643927953	27.302451494470503	65.47651279247339	66.72019049622057	91.92246798040394	24.140206986757512	70.47143768255205	172.135513297756	82.0166782222523	43.48878160857804	76.33427549159919	78.05284040018624	17.54907120516649	79.1589762035924	52.7635820940154	93.37081790606273	86.24069536159043	66.68560362809188	60.4100924264995	117.72720737540942	29.618673222248695	46.4256947968794	54.462835910308485	72.20576112585627	209.45519030010476	241.17336625700335	279.9379418626304	41.52196533158195	114.43540038697634	93.62424192306804	106.454521961328	118.21626970134108	53.00570758714392	79.15016010162084	63.13600001360099	106.37804375490737	63.26605083160028	100.10333684367095	90.52896060285555	32.531429737322824	13.221061886814415	617.6598195441704	254.25273287809478	24.6310469760281	66.79604560103684	204.1076533133376	26.147490616203932	32.82392465264563	25.715818677235976	74.06138087618379	97.21578114078258	80.18727884348739	46.960429933873854	119.1885478849721	674.4237779013371	79.31873527099094	106.81350446553388	86.26630222330336	55.622506429293125	35.138445267367835	70.94167099942968	252.03494543817766	300.386920961806	204.25081819441775	60.143223663722	71.68117134166624	77.12639555281415	58.036142174531506	79.26062218887755	54.81071238913404	56.77601923153759	87.23021936822997	45.688247339555616	619.5608012992614	183.10659902573417	89.5728374798833	137.88014385178786	331.2902360234518	47.75027831883912	184.6447432387363	81.87947936783745	53.99532759742311	64.173151563043	73.55660675848776	42.95555534788045	112.15731826161971	43.942487845202265	52.50706806440547	152.43346767320537	145.9818903442517	75.04409762509557	43.62837844539588	148.24507795248087	118.19551056742732	136.45280746694038
2025-11-13	96.6151113050648	88.55018423554385	71.6719521255923	47.54614608829876	22.193218309361445	27.257595719464256	65.16011232275036	66.56244967926263	91.75105561495783	24.16593536441147	70.00858032198892	171.08113097749128	82.2183381955988	43.48874314498726	76.1692129411121	78.23142203114782	17.122011608137445	78.93916446288019	52.658476761729375	93.27425706704503	86.03174370740655	66.38391662117485	60.217939890007564	116.59250459712854	29.493071504923176	46.33899180761939	54.33141833662397	71.73637970843595	206.99067956167346	237.79089913191964	277.1408917076824	41.532865676655234	114.09687347229676	94.20398955284261	105.18431511884759	117.11014138143226	52.91387025780536	78.96520151077135	63.14223592293819	106.14332561890876	63.264212854764985	99.7875502272554	90.56044740347855	32.30219100391532	13.17565736247459	611.6073450748196	251.76005631941848	24.478597981422254	67.49566760642662	202.68665441545787	26.222520408809974	32.468595321928284	25.6929408480174	73.94965863877549	97.2261538150202	80.16546635655814	47.19021405140958	117.94057216025948	669.645360630356	78.76306636596422	106.69294989512045	85.99635225300909	55.6397177227032	35.057561104142906	70.39583473677538	249.55437610043649	295.4508304760202	203.13392350150576	59.977791259961585	71.46111103094054	76.68884246004122	57.99883166160657	79.25968273750519	54.67075040538245	56.77284199797094	86.68595624173217	45.549762555275855	615.2565053859588	181.35958155632412	89.03324872651392	137.6396263692533	328.7378914492259	47.73886100695374	184.21085275950486	81.00961730843045	53.801096263311166	64.08698776882619	73.32802414340404	42.98168010924296	111.35913474726493	43.964184825311094	52.33229990134336	151.3577784533019	144.2728131530829	75.14942536894426	43.36940505826923	149.23734610514668	116.62540420949492	134.70776512263035
2025-11-14	96.49806544867498	88.57377146957856	71.57506984331373	47.45955261263083	22.15346244905328	27.144776672903514	64.68838211962714	66.69199907058834	91.63673920274259	24.15991584809929	69.99177032456868	170.43531036179252	81.55916986073885	43.49360291099461	76.0961650032709	77.6057126940407	16.98270342064587	78.77123323241665	52.399589027837344	93.14881676594439	85.85003933417202	66.28183257816555	60.277119893123896	115.97579102537091	29.464016411946453	46.21930059130969	54.47570863425437	71.78460983712813	206.20729961970392	236.4411954155692	276.1110494915365	41.82842739093992	113.60512313751556	94.19831206768107	104.9204046297363	116.21346836527667	52.812211236690764	78.86296803443841	63.09164866215269	105.8822630902161	62.79221117896941	99.3829985938523	90.2912176592588	32.42860328394008	13.162581012017323	608.8099591585035	250.59831276664283	24.397550753101264	68.2235761433012	201.58169238106876	26.269696979612505	32.29590692915262	25.667150088620517	73.90347159233696	97.24586270462925	80.16907885088649	46.57510656794112	117.39095182109654	667.2017696706467	78.48028806579461	106.57019549809733	85.61680176737369	55.60745270290434	35.02180919281852	70.88791599509668	248.04269097990573	292.9529085241429	202.31069801784272	59.85610983286165	71.31696985262847	76.68787749833092	57.951224760246646	78.95840124424087	54.46178473333087	56.76159075301379	86.50535833937195	45.48529425676391	613.0252863843857	179.93653516292767	89.04574576218275	137.52421229351336	327.4369999238317	47.72838397942902	183.807712146354	80.62779830875624	53.713755757998356	64.01547493299708	73.1844893666239	42.79829511748769	110.66371349179653	44.349360021298125	51.98402867381621	150.82487006161188	143.8062903045688	75.17289536269479	43.25936569136606	149.28596278646006	115.56510917872207	133.9743201833855
2025-11-17	96.44917463107578	88.58556508659592	71.54590055276037	47.43540946976756	22.123798866738554	27.05982272365879	64.55227516625888	66.39809685585081	91.58912536919357	24.14746376053646	69.57364013664957	169.02488326927516	80.77458386225419	43.16901214885668	75.99803748820771	76.85785665219613	16.804189311030942	78.20856888671614	52.03501675818137	93.13914761026712	85.18485014193953	65.84074920534255	60.146601328397885	114.40870621214835	29.27112315806063	45.88272349206598	54.56285508006664	71.31481315831016	204.75327749539883	233.43006273464007	274.355512538737	41.71027235025512	112.26475791885544	94.13143600210225	103.9470797562744	115.99743166188638	52.598810772764324	79.10442713245358	62.87106160524627	105.78526301483461	62.20289880237533	98.64301449468006	89.5424365273833	32.47332912304914	13.146416925076045	604.8234366105017	248.96257038478626	24.299129571191745	69.50577000524436	199.61899407871798	26.177351846739846	32.07015843588979	25.654254708922075	73.47408992214504	97.26054655617205	80.16604806191785	46.02255389432212	116.44680723989397	662.8833555384483	77.97783019012387	106.51842752199789	85.53253342152864	55.24634186048537	34.97577314194149	71.09395952342724	244.96276699874193	289.15496683531364	199.94755481946822	59.41048060612809	70.80147885331618	76.29485122470564	57.941894270992464	78.32743289140754	54.42919177462442	56.765627758709044	86.05854541114105	45.28122706917785	609.0476468543022	179.33392920255758	88.44847484031989	136.66660901540902	325.0909212265643	47.72314546566666	182.58204821184887	80.08587562532539	53.36211355099625	63.99866993109815	72.65944820504046	42.38245825820674	110.24192144316389	44.13358999905238	51.317655968988184	149.82184360014188	142.4512942611711	74.9461660041013	43.398798293681075	149.24633680094487	114.49687954053292	132.7532352259701
2025-11-18	96.45364081285234	88.60113215267296	71.5602351274544	47.42333789833593	22.069827327961562	27.00783094038164	64.41771625744585	66.02817669330626	91.55100952297569	24.14595745094694	69.17922653194783	167.43977928112196	80.6722917785392	43.040883103847285	75.95844943868394	76.77392954680118	16.615971379758633	77.52106682250846	51.579214922059435	93.21148054341481	84.33583327409477	65.4398142999369	59.94549304701144	113.58073784118159	29.1698566611226	45.47110494061307	54.5864278452091	70.49489666094219	203.5025847926213	232.27594445325752	271.62427421370444	41.747897405596305	111.29652538276756	94.2851813494398	102.57945494771728	115.7684225570174	52.445660879546224	79.00572766534788	62.73147310914169	105.760719275972	61.73158589105583	98.21382215822871	88.82902237135767	32.72244527746695	13.196092736067076	599.1723689400164	246.64201364698297	24.26921753370378	69.95045198870616	197.17320553545272	26.208468861602345	31.75813219646052	25.66215886386045	72.80958142957837	97.26788848194344	80.18872547749213	46.06127618422161	115.65742080134348	657.9590117535992	77.41005767318694	106.5309918676884	85.4760063958229	54.838068086004405	34.95275511650297	71.79697976171363	243.64485090659753	287.3705132028131	198.98663293951927	58.885681205774006	70.217244858787	75.9975041950992	57.98548494677553	77.63351548745182	54.39372644151143	56.78697342525296	86.00858560229904	45.078956582684626	604.5675551166042	179.2554198014741	87.40030477245486	135.67059241053653	322.8253525810556	47.73006295194954	181.95942773141272	79.31536823258458	53.09830073301765	63.97605196078833	72.08011701633859	42.19172885444517	110.34217120131828	44.20071566908186	50.945088589352494	148.98912309401624	140.6271669059762	74.99340007968738	43.38587108592745	149.66419928426149	112.916358929202	132.08309191718428
2025-11-19	96.45587390374062	88.60891568571148	71.55295234155923	47.39335916523242	21.979241018411933	27.062711399145897	64.27918207281472	65.72688741891875	91.60824935987651	24.135763874094074	68.92836601255595	166.69666576360785	80.6861443633907	42.8450360496043	75.9576144593322	76.77696416304903	16.50206890368547	77.07094295715267	51.231351311737725	93.21387930979334	83.79066596566066	65.14183937042743	59.76246133673814	113.1025790035986	29.119223412653586	45.1173865004579	54.708214838131894	70.01300848061757	203.0617782361544	231.67907940436314	271.32490871329753	41.539456973061824	110.79775304782909	94.25861087735662	102.25693252146607	115.70715210492472	52.38301911469987	78.49801153775206	62.50544221252983	105.75323103691179	61.24566812863338	97.9350971142706	88.64919899085461	32.44850863421688	13.153546398551116	598.1185025852426	246.19824223608913	24.172242662725914	71.1548677179859	195.98974760415214	26.11292526484658	31.701695073144812	25.646974512496634	72.39026434760169	97.28123733179203	80.1952233344492	46.25563847358053	115.69407447537877	656.7582229178151	77.26465636955245	106.46999422485982	85.36142391324348	54.623227158236574	34.95063216640578	71.3384885075658	243.05004080974408	286.8865200291409	198.3296583276698	58.525869396221964	69.8374165272939	75.88309429114979	57.99279969384675	77.13614708698762	54.34723667961802	56.792813037089374	85.64635594201866	44.84894942171341	603.4149726266614	179.20129541099095	86.7399396787079	135.03684954999483	322.2165855922856	47.72398495192692	181.4374165024251	79.20560815804033	52.907731909477576	63.99317582170276	71.69784583116734	42.15038789524016	110.08609033088375	43.947455231391515	50.852331739744606	148.81993233558234	140.19762428550763	74.72989629838861	43.19710882177232	149.7452695029706	112.12857436206194	131.9814797354476
2025-11-20	96.51482888912616	88.62248152449637	71.60230853772298	47.38315915109766	21.9094861174213	27.094909509692577	64.38567334231556	65.2757285605336	91.52719291724294	24.111780519505533	68.38833156584829	165.25736761080782	80.68807340239847	42.38104463613028	75.93350007024227	76.77848147117295	16.207608415008018	76.3091569338986	50.75991126683078	93.32601008946699	82.94856708317212	64.57355945572152	59.47687466556145	111.86145109237548	28.823949245999643	44.67333825450141	54.71410802941751	69.29253787067988	200.66683729922954	229.24237173343158	268.4248902697347	41.25149995564712	110.09883913988133	93.86603029219393	100.69008888036194	115.01834045675923	52.13338882981087	78.07835910139556	62.5291340701321	105.82133674037972	60.49727902586454	97.25308627686186	87.62084125568121	32.18934411508207	13.069702181056563	590.5247969469182	243.07049562976331	24.065857659487957	70.13664940464724	193.79551009358	25.91540561795796	31.369769388684222	25.644166920860133	71.73562899997272	97.29758582898195	80.23235058934374	46.017818626438704	114.57701007704486	651.1617347499232	76.60337081783287	106.46353181091624	85.47197935164127	54.2423539355636	34.94487861372047	70.74424501672235	240.6012533150283	283.60265332511733	196.68217077760443	57.95143605614321	69.18458121896921	75.43921636553914	58.0495366724849	76.36347225565201	54.419843696864675	56.82472835692359	85.28698030865581	44.56211471024635	598.2712985691901	177.99597241252673	85.80137013842622	133.8909833687474	319.35144159985373	47.73524915931307	180.33362219164223	78.35494412418618	52.499587008815936	63.94961182137384	71.03394336236101	41.81539971239059	109.35550701846921	43.572894485812945	50.584449103514885	147.48957127033023	137.78910450115225	74.86579501198727	42.99334315295159	149.3382872173056	110.90400504602121	130.4653492427238
2025-11-21	96.65996418821543	88.63893470145717	71.71373666632243	47.42595076085156	21.8990704131418	27.091977040307714	64.5196837475738	64.92412297777656	91.6106385423617	24.071462807665363	68.11343915938899	165.29898715013047	80.60903609084767	42.34428513544795	76.0493840072891	76.69424104076225	16.05543003147862	76.50366522842391	50.64415393663805	93.5364066865792	83.15494760408606	64.26016839973576	59.503890671403774	112.9833645537561	28.782367422377263	44.61830631902316	54.46205355694508	69.58925447000792	199.20004157441946	231.23638209474313	267.52296149228926	41.15103951334602	110.41389482018481	94.64013794883134	99.93636447802277	115.63700454844798	52.352298891834145	77.91729997306106	63.00480522476332	106.04220294660587	60.142711091911764	98.0713711718782	87.76504861856327	31.883397910507345	12.99408818922213	588.917641393381	242.40724183343633	24.167056446626304	68.93027080828065	194.6312755546025	26.0485126310615	31.303383496527168	25.671466814617077	72.01773973191996	97.315426520448	80.299311281	45.65890893174962	113.95898385932321	651.5787921796491	76.64863212522502	106.58523575409093	85.65673934012727	53.92638517395856	34.99832393515614	70.02212403424008	242.30786695292431	285.0424002709571	198.31500048889987	58.08797121715852	69.19926616490453	75.10959231362654	58.1502890424192	76.55449308583383	54.523247730390345	56.86484640197254	85.79623826223806	44.66689872475208	598.6504197924075	179.0765613405407	86.07188105309983	133.7931479343737	319.7480016837159	47.76472121356767	181.0165120235555	78.17191786287434	52.19285724036988	63.98469742069669	71.05778512722543	42.112018856439434	109.94341284151	43.52173395555296	50.72615780981408	147.7142222806729	136.84600641317377	75.34253114246825	42.92306317803829	150.70357506617233	111.36788463360631	130.76032354714314
2025-11-24	96.82891397887335	88.64716128993757	71.83210713321004	47.42818915606055	21.908538655057228	27.199934443005418	64.88121409668729	64.97613390710117	91.74772878656171	24.079629986291177	68.22962836265347	165.51751267906914	81.20951682472071	42.48697334775327	76.211566393293	77.26711868932644	16.088199901908744	76.6976295807647	50.61026971734246	93.71393545998882	83.34501378007037	64.43012921329561	59.745431740120836	114.28969024196594	28.83870682825406	44.64804514254381	54.3410273888241	69.96298508412505	199.69356479355739	234.36175946778172	270.1162781094259	41.008939937947424	110.7717553019381	95.12571396342935	100.6631819338356	117.3498056799857	52.577875214960045	78.11471306636452	62.920403787308416	106.36340570303926	60.47576686187385	98.76170258423011	88.31374531758242	31.990773128227303	12.980347164679424	595.6237987240343	245.17056275021426	24.203180971421062	68.43510992196259	195.89232082173484	26.04260691672704	31.648578001620518	25.694684022237738	72.29422066552053	97.32919153170837	80.3376324776582	46.14445499993243	114.95889256442723	656.5855386679495	77.26974300353048	106.67012413314899	85.99369864955582	53.89782584198416	35.07198453837885	70.2210611015927	244.34543127919653	288.4158076794239	199.91594598419601	58.29748940801774	69.25046621233508	75.1552523946064	58.219963780853156	76.55297286127629	54.709139352866075	56.89457186736811	86.16649071315028	44.78133869037897	603.2936547204225	181.7803308411688	86.44562756878625	134.21447557851496	322.3389666621705	47.77469077646157	181.30405526714884	78.61480185746257	52.3034694069281	64.07805732851241	71.22080235365178	42.30207266064159	110.78557971177062	43.43538556298156	50.905303788940245	148.00944726094193	137.99364377055173	75.142914741156	43.13098997830137	151.70588299207054	112.34618902090472	132.17943240345437
2025-11-25	96.99048772063784	88.6609486564434	71.97321299043315	47.49156612038867	21.971981920607227	27.287215451483178	65.16174123413467	65.11361626995684	91.93547556881796	24.14036945939315	68.38040103435408	166.7241722941244	81.49975887012403	42.66081836943327	76.4253403865879	77.54856026019056	16.17385878579324	77.26364022983547	50.99160298306088	93.92328242726003	83.92268618080666	64.61749227998766	60.03601161591003	116.43358718641267	29.045241284915605	44.94441632432366	54.31051308406049	70.28891518000198	200.79317064140758	238.51314749512133	272.21510621779885	40.88470564097078	111.66405300497296	96.4226401543221	101.02659066174202	118.77727405581317	52.96936134405229	78.17928570188343	63.24438158115421	106.67249798701768	60.760065895536535	100.03922989318927	89.18260660654511	31.834502660610234	12.944597486758656	600.8331395963921	247.313522341904	24.351510377067953	69.2923611743602	198.0859004011018	26.218385024220453	31.960582412065143	25.725429054881076	72.93548618725245	97.34574810960419	80.38098970074316	46.407226584438874	115.94473253709643	662.2003621074123	77.91662885650157	106.80867962028543	86.27247264631112	54.15261966232509	35.16513693776852	69.73553055079634	248.19653460932483	293.03984353697757	202.7954211122152	58.67987835574227	69.70000498727106	75.25150009867056	58.312702532516425	77.20719626950533	54.89314580253167	56.923928542326635	86.75149257947552	45.05812311105863	608.4426952801332	184.7213955841586	86.84178656271344	135.2201833458981	325.37456145608525	47.79874713688801	182.78060581960958	79.54904674171956	52.47609650461151	64.17212726655113	71.63373567999972	42.71387583837743	111.8437748107193	43.256091524166564	51.31483451165762	149.1062250953147	138.75401640431883	75.55895279294128	43.15230796217315	153.93318746771496	114.04788851680001	134.05130982965687
2025-11-26	97.14838488204744	88.67268319052639	72.08232487900564	47.532831400038084	22.008596856299707	27.40697633230897	65.55852793518257	65.40532650656044	92.07702886106914	24.20378877937919	68.8898999190325	168.09370693563642	81.9648795876499	43.06987871291488	76.5701302152666	77.9942813507984	16.39976699360463	77.96248188859937	51.532559914382006	94.06653775904017	84.6555493281963	64.94032267807977	60.45300145920013	117.83626228217118	29.437748396669228	45.43136038384152	54.4902556265029	70.91222263516701	201.99135003017645	241.66293818847862	274.345727547376	40.991816092580116	112.56461240946891	97.05632511256144	101.91603199468938	119.4087328531019	53.27193500552224	78.82597479063898	63.674902277393514	107.00906240903618	60.75990813087374	100.77665687774697	90.29999013188583	31.886543017316836	13.0133591910722	606.1152392317898	249.50455475005356	24.502870247432902	70.75216813600822	199.99135260533606	26.36907162435388	32.22611792722398	25.769504307103624	73.58985155309888	97.35886724938217	80.3978350908501	47.40361405515889	117.1119498561947	667.3128885732374	78.50715781203985	106.99330236507436	86.60368551138798	54.395332963486766	35.232833208874496	69.88776573316184	251.12376474118585	296.6163878329419	204.84807371528728	59.18766790711918	70.28048726536404	75.76461265919903	58.36872499977872	77.90304805540697	55.08100092555783	56.938606879805896	87.236704389103	45.34925389256544	613.1378515463166	186.0731001358293	87.62878665293874	136.39205120664047	328.01951034230046	47.82507852449869	184.11176897425793	80.30079900562541	52.68951004429795	64.27128244431071	72.18137742251939	43.18498471789477	112.4518899993538	43.329301560423126	51.72141452450557	150.08963445927844	139.95996260889768	76.18062233152924	43.449790226814116	154.87472056491217	115.29547822446446	135.71246826932062
2025-11-28	97.15986672691238	88.69305393657179	72.07904238335047	47.54388724237744	22.041582325549754	27.45734005671845	65.47664403350925	65.85654814097553	92.16211825133536	24.248785029948387	69.16415772318813	169.19864027201743	82.71243933606128	43.44524056495354	76.66147654562158	78.7021425064539	16.606736218970283	78.51982279244422	51.93739964713241	94.05617613660016	85.20538010233057	65.18461980461606	60.821603039780726	118.5820257944059	29.73523543490688	45.803654740260605	54.60012735548778	71.28142107100147	203.28868954145543	243.95553067871197	276.1036041301333	41.25328567080177	113.4057803258282	97.1564279371401	102.67750604861422	120.0148408223029	53.53470254914784	79.32974307158902	64.04639736672411	107.08633738737942	60.90213653003648	101.31802738296528	91.2124416601812	32.08472620531369	13.124750197953091	611.2346520865981	251.58527755813225	24.63162120464907	72.11059639710567	201.25964572405474	26.512042831219908	32.443526187733084	25.758053659594292	74.26528557879553	97.37994174236687	80.40625778590356	49.30680656981578	118.11203953381025	671.704356884275	79.01510692115664	106.96546984708796	86.56308085383853	54.60865052105002	35.283109338201896	70.47888271399303	253.2387317358273	299.674175972135	206.21273314670614	59.5828132931592	70.69742212999648	76.10291027247077	58.358133404430376	78.5081188763363	55.05032521558653	56.94594604854552	87.623845358614	45.499593376946784	617.1956957926895	187.69949867631308	88.0222866980514	137.88939260771477	330.2664080031815	47.82394101090657	185.38984597394537	80.88080340295919	52.8890970631646	64.32560170189169	72.61603737458978	43.54577757623254	113.21526384733315	43.65029607440101	52.1117543966522	151.0213034356939	141.16982352856994	76.71531116576462	43.754094713626785	154.96680974534672	116.28130310759356	137.05467468641814
2025-12-01	96.95578022624916	88.7085760710691	71.93671510036664	47.47454982236059	22.019353975580053	27.368342307717135	64.8371455641179	65.99006072209909	92.04287400603877	24.242813115865307	69.16471283376202	168.63394232839153	83.28621997320641	43.706136975592	76.63813039317212	79.25607003252382	16.492502707263462	78.59541020603656	51.87110270137382	93.79849669867117	85.2582839232356	65.27751726925139	60.76816808178001	118.6340571782088	29.806847682663403	45.78941014906097	54.46506459327124	71.21186989829371	201.0147060988527	243.55256392334036	276.44940033166824	41.50973380830128	113.46479201838285	96.54640702276927	102.97905377503953	119.98880468849521	53.5122815419079	78.8745768885777	64.22237547169213	106.83794179549635	61.19897590356804	101.29765886360178	91.66375409425075	32.20061200402404	13.185259372505598	612.7592022640022	252.24249839820675	24.57055608572297	72.02379261383604	201.7754603742344	26.55454531850302	32.4825262622015	25.71056407650125	74.33697704843097	97.40164079305843	80.37600334363538	50.913403513789724	118.02207659063559	672.3567560788563	79.09102285144746	106.74044824141507	86.00422719449739	54.70071236074474	35.277565792758175	70.76944013629338	253.37842195922224	299.6547454567706	206.50770324327493	59.62939263901124	70.74996381158027	76.1071077546436	58.258938833562844	78.61173308318769	54.72427263892119	56.927803193950496	87.31155265367224	45.34565430871265	617.7960900838448	187.88395954323465	87.99028076968	138.21629511977534	330.574183005497	47.81383551094645	185.37718922232426	81.00651040509288	52.9644517145657	64.23325449474467	72.69202518753903	43.67214835537701	113.33025384139118	44.02226488900715	52.09033917342376	150.37486375397975	141.8070873624295	76.94372278258933	43.390944298952064	153.85224795128664	116.80893310897255	136.90121582221298
2025-12-02	96.91658029867145	88.73089402308338	71.89939545301536	47.44947889067248	22.018041665219226	27.361903621509935	64.54115426399255	65.94534011446751	92.17471916854673	24.26829719819144	69.29180999964468	168.79153476282858	83.30310983401532	43.68039430871885	76.69786082036535	79.27303547402559	16.519504794488665	78.72507708177804	52.09707135495937	93.70834945407191	85.4102241149381	65.32396600156906	60.63956385351207	118.68474633202433	30.088508184288244	45.90633990119064	54.172532830693235	71.20107349895154	200.91011641612556	243.12835563110377	277.284972382631	41.44455081833521	113.64088142178909	96.12317909732214	103.68909277497093	119.94674533130815	53.477696480792815	78.52020851875174	64.20295790796521	106.74740107352943	61.1412989411639	101.65252587345128	91.7076170983949	32.04859873425079	13.186634794132438	615.9251943937198	253.54636669177916	24.535197934218907	71.94110696975982	201.9002271353594	26.51299806208354	32.56177208800993	25.691621035137832	74.32445623661783	97.42219490824797	80.38514522650519	52.021702290952476	118.0911278644096	673.3062161741938	79.20317286371201	106.64239132651808	85.7440569566237	54.76328952998175	35.30075875697479	70.48471854226779	253.18179520812674	299.52057951549466	206.21388122368825	59.75009823600953	70.85906698879795	76.11654597326906	58.23354389493083	78.84305221053916	54.585294202151026	56.9284287271022	87.00123531121112	45.292549520689334	618.6202435282505	188.32768381214467	88.091087650465	138.3070306165283	330.9257938953266	47.81355113254842	185.22388056086916	81.29092152334722	52.94346471836683	64.30611851934499	72.78850603249022	43.536427800125026	113.57542431449443	43.921426023605136	52.055021042400355	150.70417839798597	142.85945341021866	76.80486920379467	43.05623569928072	152.83762299908082	117.03307525809956	136.30292572116508
2025-12-03	96.98884968913065	88.74689766461786	71.93392395331432	47.4513400923089	22.061497715544185	27.368200040735438	64.4976584308244	65.95690391343493	92.29808727592376	24.32848739761867	69.48705719098444	169.8589784409846	83.28655323854086	43.92132813580474	76.7610474145772	79.25151941547959	16.493420724575877	79.02684136681675	52.21965536742109	93.76002418382306	85.68889959409015	65.3764414663607	60.61407628405584	119.53444317333638	30.2341592587701	46.045916685214465	53.79126633905267	71.29158060323553	201.01243125493778	245.12381679260267	277.4735713963936	41.76009050316175	114.0904983891172	96.14308292634661	104.08370883255382	120.04186555505837	53.60999730350676	78.31864460361416	64.14930381360175	106.82232800868854	60.93580373693938	102.47619961275103	92.12261119201972	32.05657742803848	13.216201670595272	618.2646601851411	254.50678777704192	24.53199372724129	71.81629094215529	202.63813236650782	26.685447433446555	32.63126980254989	25.7061496823028	74.51650668276204	97.43732426076461	80.413985271944	52.54585099288835	118.27439617707785	674.9483656554562	79.39773663937554	106.71386152629614	85.7342835747474	54.84858659848697	35.34303875653915	70.57236110218858	254.36148171050868	300.9221702509114	207.19964538479334	59.97118330379578	71.0451874860982	76.15552869342164	58.259565602860924	79.22556129203716	54.58314392724739	56.952980080103835	86.95688596615244	45.34714145956342	620.1148397817034	188.55944890070123	88.30210891922664	138.701450794104	331.84313071231173	47.83248052232889	185.99980343961425	81.45635858882204	52.89875529314338	64.40444018008264	72.98296380115721	43.62081781241603	113.64861685085073	44.281796080650224	52.38685118892479	151.5856402243836	143.55726729348822	76.76464773666297	42.8208214781804	152.68439072317324	117.77745147792673	135.94417221116848
2025-12-04	96.90894510823719	88.7597479656097	71.88350021518255	47.42827624732632	22.04891635349963	27.319015372235395	64.24314340913779	65.93360256096551	92.32146795436813	24.35383701393385	69.57492279104886	171.04026039969153	83.30827753479778	44.11500671926956	76.82120135011087	79.26575909738824	16.64366680607456	79.31311092999042	52.42010562255332	93.64074283531974	85.93924502409585	65.38805364944011	60.54796488458163	119.90992559667797	30.538376702749307	46.249299590165826	53.775632330292936	71.59577580576816	202.58476787356264	247.20553937774665	277.8269498827671	41.971048669549624	114.48631593650197	95.78359285477487	104.44433549537848	120.48142777264637	53.666797891865684	78.04231409257856	63.96624393255771	106.76363821699076	60.88212649310348	103.00643324143411	92.40872533477939	32.18653761538643	13.25023740908914	619.1457578269456	254.86260867123582	24.472494056003455	70.75707582996436	202.86409486977735	26.747519363390758	32.69090955947807	25.69901447738187	74.64155030793376	97.45459352686669	80.39928389573763	52.152924657210775	118.8816629628065	676.0167853667906	79.5296407195901	106.67730048360706	85.49839407619206	54.95935608916048	35.366538146580126	70.98118024591851	255.60266163162152	303.23597221041666	207.785690001967	60.159660102825626	71.22595525427957	76.22054083596862	58.21449387625957	79.39255817287405	54.44739662487858	56.94101717017887	86.82872374479497	45.293293096114716	621.1241007990548	189.53180727505764	88.60230262855863	138.95199035066528	332.56380778779646	47.832410381403704	186.3779687364087	81.54323132688172	52.9350610877338	64.40122903169171	73.15817654169189	43.53531773494336	114.0111828150738	44.556780150920815	52.60691207517529	152.4218484325043	144.1747975871738	76.5596119237514	42.65936169734215	152.02745994898896	117.93886993452	136.76818290734207
2025-12-05	96.81581975260492	88.77587770594938	71.81476646501315	47.383154008062576	22.057329423087708	27.30393784664016	63.873606845560104	65.90741025875424	92.27092913709618	24.333296299325323	69.8529826357588	171.60124592250202	83.24913998810202	44.099587099869154	76.8512783178777	79.20287924351834	16.66930940859148	79.45624571157724	52.50113328613018	93.48436525310909	86.07889451522175	65.56937396217123	60.35480061856035	119.99400241015539	30.04933781121352	46.32236364701163	53.87281677549803	71.76705751958329	202.2437694348282	247.72667868545534	278.3374556542742	41.88795582281192	114.78195343944239	95.51025422157689	104.93645455188846	121.2432430306103	53.68117535889671	77.62620617959007	63.860065554535694	106.68140254355397	61.18897088510154	103.3948792183733	92.47316531021195	32.36909240083286	13.310573549973036	620.8503142162072	255.57293641569603	24.423445666917743	70.80689408563649	203.60328919514257	26.759232933038152	32.7705188666531	25.671443846051773	74.77662384781453	97.47779267407788	80.37736869347428	52.551462710075114	119.35883074898138	677.1940005935516	79.65989329680677	106.5722623023504	85.1831264814554	54.99673927810075	35.37592845134182	71.4505892074319	256.1887209525295	304.1439565641927	208.21600326514366	60.29773509596848	71.42354357562611	76.3318509233554	58.14355904140127	79.49060968336084	54.26408832708773	56.92533875476717	86.71645919295412	45.19477276876049	622.2120442960118	191.1021997190718	88.9470825581758	139.17421447464903	333.15649190659354	47.82760693935908	186.46415374076292	81.7717110308725	53.060761745038775	64.35201222092398	73.31889158505493	43.42135683500098	114.85426618170682	44.601901199117634	52.72678825194311	152.6273899755295	145.01334026087204	76.46196157100655	42.379315782142754	151.38425914929917	118.34689544699633	137.21495540630775
2025-12-08	96.69189882893917	88.78879487104109	71.72722271004564	47.30300049646293	22.02722752434903	27.286884275187756	63.5795818193865	65.68589049314664	92.05419625800121	24.299301386051823	69.9773831941001	171.88173868390726	83.1145716725178	43.88688118116016	76.77110577270838	79.07643809588026	16.598012820445643	79.42626967585699	52.60882775146352	93.30943192465026	86.02806038627298	65.62103265369304	60.107814509109275	119.78923371850543	29.824100706449045	46.39706553627437	53.476409303276355	71.67047410280922	203.04083765930864	248.03674785102845	278.5528525829965	41.71102579348604	114.74409561620557	94.9351846364232	105.67248524103212	120.72882976725828	53.56681639343761	77.10119665668957	63.557973908859644	106.52970807719691	61.1264812158662	103.15991824688197	91.89613236824074	32.16643306412493	13.258918271415961	621.105424442088	255.67929810286756	24.292779428307504	71.45050896298426	202.6267712455205	26.702293125149446	32.77049235874159	25.638456298025886	74.76677185432719	97.48939224768347	80.35669887310434	52.630730897273885	119.67178597995944	676.7636567909165	79.61125768355964	106.41371370122403	84.88591672583513	54.795984690319905	35.34285619344435	70.97029353560072	256.06233227802255	304.43365735924476	207.82805625903666	60.30345243262779	71.41513329904353	76.39288469019333	58.069368632028755	79.44745709387769	54.08104738314836	56.91265297418534	86.32790275321534	45.02618505991735	621.831638603084	191.1051770079734	88.95399095560157	139.07686096046905	332.96343882439055	47.80613363935727	186.0564482082721	81.80712397857101	53.025841382773294	64.21314218834286	73.32126525053528	43.06478913527393	114.84613180911512	44.38139493549632	52.68827663329577	152.63622764157333	145.94498647565086	76.09681406797398	41.957337105548916	150.16269537054802	117.68798934947472	137.58239225393513
2025-12-09	96.58642411539732	88.80495041403617	71.65928091068687	47.282123112000995	21.997471870695023	27.359234793538704	63.48957995693446	65.7641679333409	91.90753407260412	24.272815823641146	70.17127826697192	171.61169148550832	83.24228720954991	43.86838069983301	76.68818044983075	79.20821721688544	16.55246729431706	79.34842689115115	52.710660061034496	93.15424675456146	85.93990299587087	65.61273190301839	59.91154656729878	119.96328141003397	29.77415095442081	46.45350141132566	53.373204880520014	71.69411232606282	202.58153790924416	248.44916768772126	278.73031423095136	41.656404772963725	114.64699211352271	94.14028366342644	106.14938730435395	120.42322607137328	53.43951705291998	76.73141497873542	63.44599058602162	106.38654669606916	60.66831835146337	102.86978074819685	91.67149300296802	32.01891408760446	13.213838331874973	621.6161582659659	255.89171203971503	24.184023610027776	72.12095302885541	201.90676178242822	26.615855081556656	32.77545537736884	25.602762199000736	74.65060165592337	97.50004051471088	80.32695096853459	53.900364533109595	119.68943531786059	676.2565842548332	79.55232149925052	106.2669612207292	84.78062773547616	54.439669820135535	35.30271662516456	70.41514707297614	255.9349823621558	304.5785077567708	207.6095542525652	60.272215336797295	71.36220684727567	76.47235176892478	57.993552342747776	79.31913412555213	54.0039560035859	56.896613123445206	85.96981761806275	44.87984133977313	621.3893605613076	191.05716614070545	89.07425499928516	138.91184356617202	332.6988214629765	47.771557038794846	185.60269462415556	81.816525856473	52.964382483378834	64.12465657390776	73.27371551100983	42.84230629554224	114.90626597779975	44.407261646214955	52.57057493163812	152.0820374658062	146.6048098271809	76.00183720976824	41.76092944754985	148.8289978317584	117.35358100896588	137.45815016749492
2025-12-10	96.68839562093109	88.81302818553371	71.73167140016766	47.266881715912604	22.031607181685402	27.447741977152653	63.57758607526899	65.9050942205767	92.02088663469073	24.29278570417897	70.66818918231408	172.64327097468777	83.48614528324175	44.08853300128369	76.77525401275717	79.43910769291537	16.559383366396812	79.75435642042909	53.15025572021452	93.22660610433151	86.36880479993738	65.92549131772013	59.82311527888865	121.23498619451894	29.729893737403277	46.71550879282103	53.366602745435785	71.99364734955485	203.25460562454396	250.34818003526686	278.9535665393038	41.79832567749749	115.29226513024769	94.466939011889	106.57590672590744	120.251068449505	53.558187023774444	76.60016641270755	63.541350853313546	106.56016711634513	60.664964000560786	103.61267434016287	92.27651569704065	32.054329327737776	13.239429351179187	623.1455425118892	256.51542083919344	24.177892084554905	72.60839674147849	202.60688430918287	26.76197855853956	32.82378954781528	25.623317706861208	74.9601084146316	97.50536464822457	80.38002440394503	54.98518211396691	120.09985987084436	678.2438927133542	79.78004411144167	106.36709267091148	84.89161849420293	54.43619500223085	35.33929509541919	70.47757399425174	257.928947479906	306.1444937465495	209.6136379050912	60.59754680108908	71.73043890337416	77.01133762762646	58.03308827464537	79.74015254251239	54.07122620125584	56.92252874495014	85.94494604047668	45.00236535677621	623.1750879954975	191.41931488187618	89.48481655603906	139.49833358728523	333.80241366117576	47.78287515330855	186.66450649176528	81.84113951515056	53.153635180898405	64.18991465169998	73.64472747596389	43.14852054889417	115.27217519471043	44.653541940661185	52.811990346678435	153.1891129101492	147.28791669337562	76.06627581313607	41.653003862568866	149.23423921128935	118.04432895663138	138.3149515485912
2025-12-11	96.74905926066086	88.82191936620436	71.76786664490805	47.25446403605689	22.058478609153248	27.53481268474332	63.545583198767304	65.95616725799343	92.11106740181802	24.34547427298792	70.7166667652293	174.038951161172	84.05807126832985	44.457297125031495	76.81402623733561	79.98955430422136	16.711285578156904	80.19908525367157	53.53320242980941	93.26761900065208	86.80527108283002	65.94535826872334	60.084557975137685	122.54710430331416	29.98254254130906	47.01827685734801	53.46830122013	72.181775457004	205.50134150856104	252.77763616021156	278.84595441223	41.81126458435421	116.48462972698908	95.01448299471403	106.4674653868795	119.97624986195953	53.79516673881594	76.70033268755495	63.82338691347318	106.57005014142452	60.604401250768674	104.28503971524745	93.40446649720197	31.820088591176017	13.247412143393548	622.900011246179	256.40927597135453	24.208598790385363	73.12709723548534	203.67683998173987	26.88871976327857	32.87287423557756	25.6239957751225	75.25996524857557	97.51771986073338	80.41142486066391	56.30259052292584	120.42903073498272	680.0289898137083	79.98788048467591	106.39306095337565	84.88936317166201	54.46448879750214	35.35758433054651	69.86378699712587	260.3223533786249	308.7944148420247	211.72384165762372	60.886850945710556	72.00227008034919	77.17804353915503	58.06253412755706	80.25147733326791	54.085623781780264	56.950030089027806	86.12040316550201	45.09704029862736	624.8341565465769	191.4023606880084	89.65116071942577	140.0921538541895	334.91776261672067	47.79330258214744	187.96960523562873	81.8318780461495	53.18960102245604	64.23206898966835	73.92771423236671	43.733813802279116	115.32672327850756	44.66973132799661	53.41508750427184	154.56821978515273	147.2514031098714	76.38075600959539	41.74974450025416	150.14502030144547	118.62279237748561	139.771580998905
2025-12-12	96.62950781026207	88.84577032152991	71.67476584198528	47.233854713951295	22.062110550914515	27.549803612574294	63.0307872048524	65.76358701644789	92.1322281894344	24.357584968220035	70.21899393559318	174.34132921828132	84.57903487122547	44.51965465077258	76.7620050315096	80.48977608399545	16.569519513321616	80.20385933826157	53.55193103363029	93.16235869466198	86.7918414740322	65.58475112532847	60.14250443617724	122.54171011064145	30.14261175527367	46.95018609713104	53.30415030488922	72.19432324485942	207.193290078011	252.03724032131672	276.54008841216967	41.64366749420347	117.11501460104337	95.25377393754256	104.85918664241436	119.35004433405594	53.88560712734254	76.65289308938294	64.0718153744612	106.25287098746031	60.4906981687193	104.2167080900456	93.83578579987051	31.593790633478633	13.184019296489254	616.8251887285583	253.87828300520852	24.219127504933894	72.1441226533872	204.58163745913166	26.952090365648075	32.6332850334382	25.605132576892302	75.26962724709051	97.54332190546435	80.43197738394524	56.20129449852347	119.26485411260855	677.2561025728698	79.67138851504303	106.32411302673665	84.47914737562593	54.37376394525986	35.3242446646629	69.33689227785982	259.7426738816953	307.0725309073405	211.77375554560874	60.87564020979376	71.89454476917851	76.80130585771226	58.038534062069544	80.24513869104803	53.861951371480956	56.96378076106664	86.15513795360062	45.201653541647666	622.2826483416478	190.64631736792998	89.44230628134375	139.9091216658643	333.5573310153916	47.79374792498486	188.30855597474795	81.1833111544224	52.96315912328856	64.25314615865253	73.81576293893727	44.0411966045087	115.22558698105065	44.45906457757252	53.75601901763885	154.7683704516584	145.10406459204506	76.83971195865512	41.696025890874154	150.8364643133204	119.16990525246351	139.01964822650328
2025-12-15	96.61808337290447	88.8576957991927	71.67172587753561	47.24755022074518	22.10313684131419	27.53827041285453	62.782885896737724	65.7545466515345	92.20503773973672	24.36838579923453	69.98966969728878	174.73968011207035	84.89451697784907	44.48250264887262	76.7550373973466	80.78488895752507	16.488740202522624	80.42383671258781	53.66686136032101	93.14842864542669	87.04092500947704	65.3215656261408	60.28306709845971	122.34156809853361	30.28049338526623	47.00679127549423	53.20207438950516	72.41158804454885	208.15396468011878	250.71668687208415	274.7693270429989	41.46316637344451	117.65496518626387	96.00886023537285	103.69375347745718	118.92563251859048	53.949528874950566	77.04365159229889	64.35226434616615	106.15677759578094	60.11488453052664	104.2072081099642	94.1054882673669	31.35886888851666	13.123443707387693	612.2549710732635	252.01071285270191	24.291991158777982	70.75403764505297	205.72434381501506	27.022815278649233	32.42876600609898	25.586100338433944	75.43407280933627	97.55612292782983	80.46653037898434	57.155647554437515	118.47452910708552	675.3601374680755	79.44883436372268	106.25108010345622	84.30292055060593	54.36729807980767	35.31701430010489	68.61344583375413	258.7768240013945	304.62345417437336	211.64671206235516	61.045381216347074	71.9771185759955	76.62761215737176	58.05557913430626	80.50397040753573	53.77897716584302	56.98519581571398	86.30740067235695	45.27305272297227	620.5570651376208	190.01086467761735	89.65424335063281	140.0163665580298	332.55085178699267	47.78920413217016	188.8357278775107	80.65987762310964	52.77172162097045	64.31129216501962	73.88650772068934	44.18015183008638	115.1848950835429	44.198164033171025	53.946172426910245	154.9920267175284	143.33894330676472	77.17624941194475	41.85875894763434	152.1854211825391	119.9542649126087	138.52448018014616
2025-12-16	96.70422524968465	88.86851846234049	71.73789388359202	47.28319130910306	22.13835659814733	27.48968574353664	62.91546028235324	65.52195716365787	92.36589319848164	24.402255300435137	69.57478708863462	174.37469998035158	85.0572590992761	44.156431530735134	76.77536110589986	80.93244539428989	16.367567656803303	80.3363080047314	53.62835636985777	93.27206359639499	86.9790158189475	64.97619342708407	60.10977619449353	121.7912025978508	29.99139911267706	46.897165855642626	53.076037576222305	72.27635066289943	207.79142173214922	249.46641380957723	274.3507737509916	40.75035149726913	117.65824736363975	95.82537585743252	103.20542013472468	118.91504480543782	53.864616961279	77.07129479029007	64.37192913963581	106.2289320107811	59.71091135095668	103.92620537334147	94.12550185463071	30.88868203336966	13.03058486410034	610.5720350971786	251.3207479668783	24.254945240643874	69.78401650319054	206.21415402420675	26.916660095989656	32.36139571362078	25.586184858548027	75.41125790125017	97.56736810453992	80.50321605619139	57.44282354833692	118.08928100251737	673.492110970366	79.22874686325783	106.22420338180623	84.44581376041039	54.09523961607571	35.332281869290725	67.39172200134972	257.57842970089257	302.9409079953898	210.88201081633383	60.94516642299287	71.81374315640596	76.31023552204526	58.11250064198223	80.54605258658037	53.87216032059241	57.01529535658746	86.06555794115894	45.270567194005665	618.8292527836542	190.08918783197274	89.31730645925195	139.8275955104602	331.568074208926	47.77739549259876	188.18302354568894	80.49607269217006	52.52935064813171	64.39750551854496	73.72205101000287	44.19069618481858	115.2040579543691	43.39684202635114	53.86896595893852	154.6441075360103	142.58571616021828	77.16932435196847	41.8526220427869	151.8615933427344	120.44563068628483	137.94905344456527
2025-12-17	96.73279652376812	88.87877445944173	71.76130762905187	47.301011853282	22.102049545411553	27.49393783484205	62.92949375201646	65.11251056425081	92.26921216320567	24.385975481943643	69.08899876892669	172.7457758934961	85.48862863411071	44.22767941893202	76.7379155383015	81.34622376526018	16.16236907162675	80.00193238371335	53.493940071525564	93.32420699961351	86.61354279106556	64.59021997404008	59.99354776521551	121.3374958301754	29.640858324038724	46.664376537440454	53.023019398462715	71.74375470767042	206.03910533628945	247.52023998584332	271.5530724223708	40.7293970926287	117.61059111956402	95.52548089746625	101.8326066127725	118.1400289639982	53.69126157512192	76.82858181286964	64.46575735546244	106.20731192213859	59.39468220746076	103.4650481822762	94.15531074176849	30.960126233969987	13.061166074017944	604.0870429392144	248.65704756742352	24.270712595297525	70.07484669153668	205.3801483011659	26.92702092018721	32.02868789282113	25.59582680427401	75.13356550458016	97.58269909743598	80.52641881911131	58.85141093493506	116.82076354813368	668.8629683269799	78.66861079735156	106.26859583152812	84.47876244050792	53.86911104949293	35.31631221455259	67.68586267914165	256.3130948553291	300.1679637633199	210.460437476038	60.680747426584325	71.4737966270311	75.92688060892301	58.14580224665029	80.34875566340737	53.8947040464046	57.0303451270242	86.10362552819666	45.19295419026455	614.5743859133115	189.06246195797854	88.65239331141308	139.28721084116762	329.2723030956739	47.78579438021051	187.66557793495383	79.71049591029401	52.23706835995453	64.33586442309084	73.39612834923972	44.2892834866964	114.79877198865915	43.46773482543143	53.82544176548	153.21944604095438	140.63219829007008	77.34592316231236	41.713433747833875	151.56196885154299	119.99205667615023	136.8665860484545
2025-12-18	96.86794321427664	88.89120378855876	71.84917874738727	47.314326193364636	22.08930049139474	27.515093497804326	63.14379159951898	65.19100564833634	92.42191000616339	24.411050141789694	69.28350924164107	172.7613996044629	85.6343137067038	44.25354346007636	76.82392145323277	81.48811050933907	16.149528652024312	80.1302806144641	53.714640476436614	93.47120460454309	86.74565231594293	64.73452496504738	60.00939099381381	121.2346201074705	29.617630318635573	46.740788122235855	53.15150908887979	71.71983877961645	206.88361974578146	247.27720220727713	271.87983821313856	40.48212827959072	117.76916274728201	95.40526516797141	101.99019017772414	118.44775343463581	53.68405928487542	77.01802396917896	64.42867564428396	106.39842906287593	59.49485506552237	103.40219419611857	94.29891162698776	30.84887567802015	13.037951601614685	605.1742587742947	249.10154166701255	24.263901105082844	70.43631479474294	206.0967513966767	26.87364191456138	32.06666442675724	25.619850009497846	75.28073004843266	97.590364593884	80.5671377847998	59.08570531487964	116.76659439003365	669.056270540443	78.69520246288477	106.39201123363515	84.69736995926763	53.96972321883826	35.355534265845634	67.43793256027395	256.31203448821145	300.05598200373026	210.5487459596987	60.78720064810662	71.5815752849511	76.09251058644392	58.21780812100581	80.5363697140279	54.01895389087808	57.05731924625135	85.89622652142255	45.273475233560006	614.7504497925933	189.55241017820802	88.62169836469091	139.467869946951	329.3800785497901	47.80015236283475	187.352953457223	79.84629486066459	52.31090936308273	64.43181008019776	73.53047307964916	44.328752384827695	114.92209870184911	43.187192684322156	53.75937768205641	153.00146954147328	140.72495076857018	77.21036468784564	41.84801745680268	151.47117760204102	120.66785374701067	136.98102251641475
2025-12-19	96.86469670479457	88.91203637303914	71.8397543212034	47.26713509680439	22.023975540191998	27.69693979242023	63.00566693318234	65.54825016913887	92.475679734527	24.447312027681956	69.72373246505882	173.5545660742041	85.76715761629134	44.39919452056552	76.84827054106951	81.59905479690586	16.272760465538525	80.44566398887267	54.074515749082565	93.43939487429303	87.08227211134061	65.14892446982839	59.968007645954756	121.30715990725088	29.62073055696183	47.01135093978004	53.65075530737935	71.91563685806994	210.1287910740626	248.18867281994716	273.9982229395771	40.45222670693403	118.0653560623617	95.7614704746107	103.08776171483863	118.69100165628275	53.74123008189083	76.91047453952112	64.26190328234705	106.35690267230711	59.86283356913814	103.4940963656374	94.60829904469506	30.938962298848942	13.074475831324921	609.669313225038	250.98570735694378	24.236002142507242	70.85766087637538	206.13684615732274	26.837191555120043	32.294965132690145	25.606250688342673	75.51211108744874	97.6151285860045	80.58020356647216	60.007852810027714	117.64683174091526	672.1858195963935	79.06461554418652	106.34832266393671	84.64819975014163	54.23568367667987	35.366602276965786	67.73396566978542	257.5549430253557	302.95722073819326	210.8184556214509	61.02369294490292	71.91706175136227	76.62859934839774	58.21010797895994	80.81579609358621	53.97485856775349	57.065944474199895	85.62872010275228	45.34673670125266	617.5818594177811	189.94142725707275	88.9508485719939	140.12601718783097	330.902182219231	47.802494318014055	187.41224790781072	80.46684478751003	52.6284618836898	64.45585712750122	73.82745425222691	44.44671147378592	115.00845077914721	43.04692161376752	53.87401638619422	153.5499672536468	142.29352854590618	76.94306152483102	41.64793527259079	151.9323127390088	120.7627522519233	138.12607796963317
2025-12-22	96.8436680850633	88.92245266527934	71.82532988887318	47.24353954852427	22.02570160676592	27.840195817840975	62.907750229896834	65.91071794955967	92.5217868582303	24.479676559800453	70.15757393516613	174.38358339110596	86.81858018143669	44.776783844755414	76.89391905349373	82.59452556739825	16.439095534282934	80.77575328960235	54.32607241921902	93.37497087464652	87.40800693579726	65.52973109477747	60.12481765049203	121.79967522950434	29.681135732887654	47.23067585135975	53.92037696704416	72.09762708382013	214.46953927482429	250.03002061407514	275.70577650885105	40.61980155537131	118.90360393450116	96.09816535205144	103.84130517382556	119.06092441212576	53.87266544072569	76.8566998246922	64.02534556207196	106.32649210763793	60.17596748952512	104.03704909834605	95.52526463465222	31.32959143232242	13.172238144544297	613.3887947961127	252.50222257495625	24.266138163843955	72.58382921748456	206.70381431401293	26.897046552706506	32.508789710510115	25.58978458489399	75.82504815847047	97.62751058206476	80.56726242776733	61.23892701536542	118.57949649789904	675.8541402669467	79.50156894152686	106.24912394793515	84.53182158527589	54.41149914119638	35.39112393816551	68.7319845133595	259.5317287148263	306.60859999312004	211.65105672918247	61.28558151883818	72.25832030439207	76.97530660168911	58.181983081887196	81.17100916129506	53.92384400250468	57.06053342484409	85.71423187754802	45.44836796915661	620.9511164764687	190.80646802306762	89.19042443858484	141.01100664079047	332.81887370238894	47.793993130686715	188.16392577275303	80.98553955073743	52.956711792064624	64.47744791189514	74.18441041468768	44.768813576858776	115.30730308732751	43.19888347534079	54.26278333958149	154.67839549205777	143.46590184619527	76.67549118111668	41.62478894061668	152.665153867063	121.1734407927097	139.58024326948455
2025-12-23	96.83315377519767	88.92766081139943	71.81328063657526	47.28069387704534	22.085514110572902	27.940368256515704	62.96940093281951	66.1565461085689	92.52080782730852	24.533817924675617	70.71249210674321	175.02176300902954	87.91429115883358	45.054060409926535	76.94544890662968	83.63726293628702	16.4674105829984	81.18708242483046	54.61372934010267	93.32333825104396	87.85620225940254	65.91854062673444	60.50892104753605	121.76821530029905	29.941854754566386	47.483706074483585	54.195189093873644	72.54972525455655	216.80450230342777	250.20574517031883	277.6118909399724	40.86638309274913	119.57907171212364	96.42014972314486	104.67752667138544	119.54880708521327	53.96643068178862	77.07155364769767	63.86259496121176	106.36437596714904	60.22325672449889	104.11352576987615	96.27578920819525	31.596293290013747	13.286118881537284	616.6936039410251	253.88324477136484	24.315496488233013	73.7369143035665	206.8331693640377	26.887935393357647	32.71537431692498	25.586385708279515	76.25273404017273	97.63857294850308	80.5413063847821	63.03946167662802	119.418589649096	679.2411875651139	79.90305192681811	106.22369832650664	84.54126708536256	54.570798932780804	35.41762694100658	69.51599378255867	259.89123056835064	307.676614449685	211.65343974154436	61.61960121474135	72.66196273398315	77.43871454962385	58.14364008525512	81.53472714534479	53.932133030305074	57.04323477577654	85.72781677495564	45.689184137166194	624.0931119491718	191.69096136749084	89.76021313481976	141.8356958863132	334.33245626037416	47.7849035935416	188.59886962465777	81.5289712524195	53.24545146182821	64.4882433040921	74.59120575666024	44.969358189186224	115.8184312067497	43.4170458026118	54.51150145677805	155.21284734319687	144.4456660720234	76.36020271336108	41.68668112191967	152.8784753710315	121.2943124068529	140.192892630836
2025-12-24	96.93461659096798	88.94487136028957	71.89456298674466	47.34332888737521	22.154720327381177	27.97618178603373	63.26954963327987	66.3589622937864	92.65968827644723	24.594104129879312	71.11918169179934	175.50985153625305	88.30714405353788	45.17795298023182	77.042953029975	83.98862963708882	16.50151420568377	81.43215281519844	54.82623379541755	93.41884075638136	88.1049009038712	66.16254790125785	60.730555723352985	121.95085340820617	30.06731047207079	47.644826212290624	54.10259370770342	72.75103984285445	218.22634020200684	250.6064812887727	278.8691473742831	40.94034219639898	120.1485026834544	96.82398553662125	105.20051107739194	120.01621338757734	54.08343506745681	77.36151382336055	63.94921511366252	106.59087557512726	60.21710092694671	104.40676135905917	96.64610001791598	31.7262777485225	13.353059478915615	619.2529299002001	254.91752875775273	24.403854391882618	74.93345577849223	207.11661214783916	26.94193923140783	32.85853592860409	25.608846655104113	76.56027357526214	97.65384686853865	80.55267757593597	64.12973144866558	120.07172921175504	682.1353337727913	80.24228218899499	106.32217631169081	84.80206283345277	54.66127875411013	35.468855661055045	69.85799536540043	260.31858586523003	308.3053177228894	211.91579305192454	61.855956536936105	72.88856803691345	77.65812756900138	58.173023961084596	81.77535536344388	54.076297914688666	57.04917857563241	86.01659546023173	45.86959168711337	626.7100691581796	192.4858539137259	90.14010488894309	142.3075955627855	335.66432078155424	47.79486993336748	189.29410186555154	81.88790252684451	53.37985158540629	64.5749589018019	74.82438476919927	45.11406027440268	116.42083517124594	43.462392911681874	54.78404815270543	155.73305636202812	145.10992562634374	76.5017947770907	41.81068675236608	153.38517579586733	121.56344648662957	140.5539429584844
2025-12-26	96.99505258869688	88.9680945546565	71.93520416182936	47.37464639254014	22.17949772930338	28.084481617198996	63.222442281849894	66.62910425480337	92.7243219824619	24.62898985485665	71.52134850581177	175.68430809234528	89.00857156900527	45.34312497339228	77.07257057016328	84.66431298748972	16.538513069028408	81.63842443006016	54.8932442323035	93.510277922136	88.29812077053911	66.5077571049258	60.85123596104172	122.03721335571441	30.20360762861352	47.75999321478789	53.971296930145655	72.88632314408348	217.87494225676514	250.16620145981602	279.59253267151655	40.91812527605593	120.42828576555533	97.07546780493172	105.73667674230924	120.23005341009727	54.16530991043739	77.49662910406309	64.09134492255392	106.69929978707535	60.541850481783904	104.54838190023271	97.25198982829393	31.467234333245624	13.401529644090376	620.5126954188501	255.4396527455756	24.467627536212305	75.83672682113088	207.2135795114196	26.959181247478817	32.920148930488565	25.615244860755183	76.70911093924241	97.67607886029472	80.58757612317306	67.6248670976238	120.36350895402205	683.5476778727239	80.41090931349163	106.36658971224189	84.79234687693146	54.89262820762147	35.4802297561867	69.16899936116701	260.3143680058572	308.0563911612494	212.09624033699743	62.0385243805286	73.12085491079071	77.87844885530147	58.22170866633331	82.01320792464186	54.10009582624082	57.08132718759648	86.20959549012562	45.98979614873247	628.0483024013554	192.57536256477312	90.47005397035045	142.7966734527795	336.22615758315993	47.80952526819741	189.59739120377185	82.06653656005312	53.61652720261526	64.60396580954352	75.06009964167971	45.31969874682048	116.66257746721476	43.40171723831164	54.865984952817556	155.84931626695158	145.55664127996874	76.62654970177778	41.8579953537221	153.76200012937898	121.42969153555111	140.6946732004336
2025-12-29	97.08347523844023	88.97970615183996	72.00887710532874	47.36582814011773	22.186973100186357	27.972120950811412	63.34797841936733	66.55548840669856	92.78066379884814	24.593481858275492	71.79699017087464	175.5180421076961	87.40428731038153	45.20451002697934	77.10173023137071	83.13715679892064	16.507145824370163	81.60363985785234	54.75505755621523	93.62393626331409	88.29142488722269	66.59604163840041	60.85733871416344	121.78284694274979	30.119712864294552	47.649491617769925	53.72064907542439	72.88966044289134	217.1655747660779	249.18125289055254	279.19117905548484	41.064876618130505	120.26253613228938	97.07730757189945	105.81498220050032	120.26248764254863	54.18755340797748	77.61351840945342	64.15746979404062	106.82590721775642	60.25718660868981	104.46919064494057	96.74811863240868	31.527083734615978	13.370764898339132	619.6376648480968	255.08790651194795	24.528905397134473	74.92336447868067	206.48146932113949	26.958041398885893	32.87121681448745	25.63777303462564	76.8180450020919	97.69694140768642	80.62450324102988	66.81743461692713	120.13663805245048	683.0333604207369	80.34640390601339	106.43714007096469	84.94692798558486	54.701074845998235	35.50015706864511	69.38949998575929	259.6288942080067	306.9798557368747	211.70849767094012	62.08522975007875	73.12296941706528	77.85587329239684	58.284897988562165	81.9852111400553	54.194075623081346	57.10712897160586	86.39360847504328	45.999897235132835	627.6070064252871	192.54561585269906	90.76002851105413	142.78808434601865	335.8724934644315	47.826527007878	189.6554537195617	81.94652587890351	53.53049832725978	64.66152575145145	75.05883171170899	45.239864555905356	116.7438062812148	43.5772986673736	54.75876762289315	155.7387755651164	145.45118746127343	76.71345185284201	41.92083231736398	153.83186676390824	120.76651965693571	140.2824180821504
2025-12-30	97.10829264241347	88.99037950414264	72.03116432170734	47.36631517784695	22.175974610090737	27.929812764224067	63.31455889657332	66.71246328904263	92.7511679284768	24.613891045104545	72.0541042162967	175.41005254798867	86.65214441813022	45.28266921331877	77.15457910494317	82.42357794169665	16.456555814711937	81.63550294284218	54.76935731509492	93.63223104059259	88.35694748999806	66.72450397349708	60.860390090724295	121.23909879486122	30.191809671588196	47.648619328782424	53.680324232536414	72.84680776050817	216.48171316428895	247.77000114010048	278.7062310072346	41.32571414219514	120.04656271336148	97.00388663507081	105.79420985025016	120.60148918260245	54.19867515674753	77.80023225770523	64.17076828325078	106.8264744218665	60.21916566152264	104.38959410176716	96.62487947611645	31.586466481260626	13.395382487316539	618.4825897482672	254.60812409337632	24.56444239888462	74.46168223934033	205.95631083244473	26.9623523797408	32.821835061296454	25.64420676114827	76.81333844953228	97.71224023509322	80.65269427798565	67.89871898693036	119.88403481602016	682.3594536478685	80.26454487903209	106.46274499275773	84.92275140734321	54.727894905909274	35.519617413717086	69.56474892476442	258.7959534516596	305.57920704324204	211.2682503003138	62.14325612564973	73.1884759805053	77.95274362251678	58.29707011854866	82.10834348506671	54.20243789698989	57.129753526940625	86.57312412277554	45.994949456799816	626.9501096579561	192.98273071687686	90.8500154762302	142.7639304786734	335.42794595096575	47.83986491385111	189.57613231632382	81.81592193603379	53.58717528057325	64.6472492343683	75.1326530079541	45.19501124218608	116.98261709934764	43.831785930366486	54.63600231120243	155.46029201839804	145.1692887989961	76.69313263418468	42.001229604726916	153.8025987261924	120.19144540586043	139.68819848199317
2025-12-31	97.00427678385321	89.00058373400492	71.9453001784318	47.337187435114885	22.1557382358315	27.86901824429465	62.92272325016654	66.88535685814436	92.64511139954114	24.62409563851907	72.15283793578507	174.85900271442404	86.01107358235612	45.17919547702071	77.14273449876065	81.79678805532097	16.421288237556162	81.444559637925	54.644060905472266	93.48108210354825	88.18801048816309	66.70441507268603	60.68441410053793	120.21839201828021	30.12911845121158	47.539422350548435	53.86516173479848	72.63741221155291	215.31685298107027	246.13567958616352	277.4712795661173	41.347600952323155	119.56884791551863	96.77388927090455	105.33436078450008	120.49786525780513	54.056824684697006	77.7011872958448	64.02918792885683	106.59989034814028	59.946832586620694	103.97479583018045	96.14747315480628	31.481498087432072	13.32269124365827	615.3537521495242	253.31202713457878	24.50383508341448	74.19084020414283	205.0324614464958	26.866908840627236	32.66756654798221	25.623261331929115	76.63839301016654	97.72475338781028	80.65219476472524	66.15935857793784	119.24581226884993	679.4972317067468	79.92598124078557	106.36918224979684	84.57246731744114	54.66006714289604	35.51273076496401	69.3623762934369	257.1316040451658	303.3834908507226	209.993645108653	62.013766734699864	73.06258744703976	78.14620594822128	58.24973897773136	82.00339430723062	54.042461166512524	57.126478402264254	86.30797777183699	45.91747480469385	624.3464537547593	192.66485779007905	90.62500850105455	142.52353628425857	333.9266194598579	47.84169683070485	188.85677648531035	81.43247039794853	53.59059043264502	64.57793141039704	75.01073110602783	44.984991125243425	116.81959758165624	43.836457616672504	54.372097377525044	154.67619856046855	144.3109246119004	76.4524165368189	41.90918604564959	153.35335624786183	119.43184330839897	138.73433514187548
2026-01-02	96.93771578450473	89.02516369317433	71.88781503672567	47.317731214505685	22.121057213008523	27.883217656388048	62.64504311312038	67.34446141857413	92.6016923574854	24.65782056248463	73.06707677428902	175.78635102762217	85.87553572306282	45.486297643905864	77.15594671715377	81.67839280695736	16.73775707959351	81.74806335778086	54.91498127365898	93.36669690504561	88.54137386590772	67.57727467501489	60.88239870065959	120.29817611167917	30.285378698872393	47.83582941563066	54.212581554044746	72.9086566672999	218.3852483899492	246.61968915831613	276.27528211704305	41.80746365365181	119.78845227807182	96.82244191938781	105.55389914225003	120.2722442438928	54.02357530621569	78.06113823410405	63.94357383808564	106.47212153515412	60.88852402036113	103.74739623662343	96.53244629420001	31.441636723769747	13.30134548831473	613.1963462896058	252.424835283598	24.507820785725794	75.48541949171985	204.83404841123618	26.96558466170766	32.530631189640516	25.607956349558307	76.8862436242239	97.74561643999888	80.67141903763606	65.95467928896892	119.10065500527458	678.686268441264	79.84102711941622	106.29823095644139	84.33451246731431	55.12096908780544	35.52115496378083	69.16118768895478	258.0771545616454	304.72815289606444	210.65227146790073	62.31060002689583	73.55985436194761	78.80731394212822	58.2163650027817	82.41619071440633	53.90936458594181	57.13457022530205	86.1899881840142	45.96873763122876	623.6245513402703	192.22280975441453	91.21250577640618	143.10319117679725	333.6915506967258	47.83777575299891	189.39350665085828	81.10285858154262	54.175490833998296	64.55284357385086	75.49575251590454	45.26009848315394	116.33179204644335	44.299660387926096	54.31917780863557	155.7028301151952	144.04614834110646	76.3369641888196	42.10315640783456	153.4793819813528	118.52531649062527	139.2375670460354
2026-01-05	96.99660218546526	89.03745367275904	71.92697789189799	47.34226671504093	22.12336620721227	27.994374674446465	62.698576320354135	67.75785540411128	92.65207298538333	24.688993861259405	74.02124743255467	177.77599564320562	86.93776786153141	45.8610496703416	77.2629976200515	82.69419594571501	16.91095083593933	82.37267746136114	55.408536626819725	93.450239932015	89.24443800106908	68.36091440659925	60.92715744969503	121.09185615276341	30.679477336191567	48.40425046220986	54.251291234786045	73.60819033316167	222.1488467291543	248.82338675445104	276.08623419816996	42.29391813664036	120.94827276989528	96.8516735353775	106.05819575642775	120.6758941556378	54.07759499563714	78.028974573595	63.72782749216294	106.55786862890518	61.57295272978506	104.29869735537227	97.34860916394571	31.627909502631944	13.415672610642961	614.5443706545685	252.97267917744352	24.529407829386336	77.59770928809625	205.63477475493448	27.102762652509103	32.57678562655854	25.6341287790272	77.47863664365491	97.76091170510686	80.69563764992154	67.5173405600118	119.40083714619198	680.5381720624289	80.06146280897569	106.40779772919726	84.42329489942864	55.63353790388807	35.56808976521561	69.69059445482895	260.2484008892211	307.6585710769385	212.27752886139177	62.83050142946354	74.2050980794113	79.436284076777	58.253089499071514	82.95073680617777	53.95868963244844	57.15320353916469	86.22823002340358	46.15436889190833	625.3257339220883	192.81635330250023	92.29625151491207	144.0432337719924	334.8282887760973	47.85999848746137	190.56812173363227	81.12495376586897	54.64738630139856	64.57856488384925	76.14030179506165	45.62473918298322	116.5090547451455	45.13921198412418	54.88546857350724	157.1437505678515	144.07318403383448	76.1124518209723	41.965047518492476	153.310270519485	119.04103196357435	139.78273921149426
2026-01-06	97.01634079610177	89.0484700309596	71.94655931948415	47.383905726905226	22.10487119869891	28.08959456378573	62.63877790627082	68.07883309756346	92.62920192848267	24.73797532418439	74.89597680465624	179.57108040216923	87.94888347300204	46.15656662899404	77.32608270284801	83.65709934614853	17.032455055115662	82.74409324728214	55.591544009210644	93.45803393695476	89.66484061308337	69.01562794914923	60.88543846605845	122.39621646749498	31.01970082629891	48.68846098549946	54.16564653292036	73.93817033137576	225.89098220246777	251.58894710037004	276.3707385590459	41.9747655410985	121.57255557440077	97.80298062755203	106.7947648398838	120.66418380267243	54.33066189296017	78.16582777141664	63.61995431920158	106.60074217578071	61.935034027856396	105.19934791474668	98.79615364203144	31.38438455325689	13.477836286247994	617.9241933839248	254.37257005747176	24.59408395009356	80.74385433887235	206.19920042678365	27.259190774496737	32.65468385942185	25.63755236558782	77.82907433379035	97.77343452076633	80.71261450977522	70.61366982224223	119.86405001230497	683.4932681601207	80.41474934882379	106.42390008530175	84.38071101782955	56.20689613395087	35.60580696756874	69.10029829552971	263.5326782278137	312.18440333632077	214.54868416946542	63.18456071229036	74.66157766519393	80.08015299419904	58.26659754494591	83.32085409034474	53.93990084649766	57.16252019609602	86.56336427927991	46.35718513259967	628.0352119317472	192.9690821077931	93.02312575745603	144.87559027466807	336.5715845735955	47.88078392695822	191.96319142101535	81.28385902404776	55.0328701679112	64.56272375662189	76.59659056427887	46.261225945251375	116.38957909986767	44.94613377831698	55.30198530909249	158.94061918041012	145.098054419261	76.05906023055451	41.998846848845844	154.73204718601204	119.68150765048836	141.04543759891118
2026-01-07	97.07472542124424	89.06371713217902	71.99515694856044	47.448783078906715	22.100536070846037	28.082698206575483	62.89743956653873	68.28900837617431	92.52645780628235	24.738611799970613	75.11463726707422	179.74291477383852	88.0294420416768	45.97498321989253	77.34806561289861	83.73354845237114	16.983501239716034	82.77218166392427	55.51626341390708	93.54927987741293	89.74713893447137	69.11481241817813	60.68214679955754	122.55248216563226	31.04170122796879	48.741578896680394	54.18282364792991	73.98938698453554	225.8668091554331	252.67375364051705	277.08653810276513	41.53893268204827	121.01707078646797	98.69990263677406	107.07814947926806	120.43485603097488	54.36771398786192	77.68664694845246	63.19544278154903	106.66079131494114	61.70380889930418	105.22467395737334	98.98039417331064	31.136376579912138	13.44391806683005	619.9131159790718	255.19208336857963	24.61172588923135	82.87692823755141	205.64613189063792	27.244686711100908	32.73350037697655	25.663425497674282	78.1670205348151	97.78455966760973	80.71623538599113	70.78683445335744	119.66821961674819	683.864462449201	80.45745478305447	106.51414273063915	84.60582563220579	56.44335857417758	35.615168879902534	68.44514960552853	264.214138796524	314.10337110175413	214.46717503151007	63.23280998871354	74.691514235429	80.14644551565421	58.29763020863018	83.38347620899073	54.07535050869805	57.162314785548006	86.30796158910285	46.59859264259378	628.3787509854048	192.67790042889655	93.27156120026122	145.33147189514654	336.8681592301571	47.891176646706654	191.5426842725194	81.46797168731685	55.05613654574759	64.5069745186918	76.6311619508406	46.174667003997754	116.21092571936742	44.59955080639482	55.120015405400736	158.3261292923535	145.55070567642736	75.61540276542374	41.50637952488679	156.21832614427555	119.91727283769535	141.33845366273684
2026-01-08	97.01659931340532	89.07134068278873	71.95639118790326	47.48122175490746	22.078719001304364	28.054474522904442	62.757447047673665	68.25497400620239	92.40300322565093	24.710309317954056	75.15935034130078	180.19169359297393	88.30472193636575	46.13488388289548	77.38775503545321	84.006773615834	17.028837106674423	82.83548124333909	55.61106749796917	93.45417103611857	89.80796430366146	69.16936757383516	60.753070241209436	123.49846245732785	31.15637917843752	48.78296939523961	53.95141243431652	74.04467747053926	226.36342777107592	254.60175413959445	276.3522290123201	41.79953187752316	121.0597591481168	98.78657012331867	106.4957092611184	120.4095819461515	54.518110305088186	77.54572368174576	63.51681738381651	106.54118819897448	61.786879120062245	105.75733743645034	99.32990732225102	31.59731731827638	13.501959243223375	619.1385648254734	254.86448193087185	24.713617842686965	82.66346259289679	207.07497329395176	27.49119120253532	32.6582846123164	25.65220072491136	78.39023863044466	97.79499360943963	80.703439348269	70.24841676891505	118.98879959719245	684.0153305898349	80.46889310197645	106.4529026641477	84.50580130487242	56.54435689939348	35.62934652491221	69.49257526052793	265.426405335762	314.9681436807599	215.95394731800113	63.28665302597298	74.74118482157192	80.1156803383935	58.254877039739895	83.40988919702465	54.00788628340176	57.162212080274	86.56433540880923	46.84429639759084	628.4959550825462	192.8551626778272	93.42578151565795	145.51970933624514	337.0610785164457	47.89153406309942	192.0909222143847	81.28258508682248	55.09767886857692	64.44082704206075	76.67326224983437	46.53618985575864	116.3148363338048	45.12246255224526	55.17227805792498	158.6141297096533	144.63615453499102	76.2863695956025	41.31891890367875	156.200891282587	121.03891290810549	140.41523665802856
2026-01-09	97.09424860079446	89.08490282430452	72.01462976753561	47.502337256848264	22.03833525443636	28.149375284828686	63.06257858059953	68.35223370720276	92.5094811965657	24.691387798015114	75.41035220312109	181.2660433296901	88.76736264664967	46.347555161662584	77.43629771425981	84.44838650274122	17.151236485466118	83.21192626009727	55.65846954000021	93.45999948900655	90.23193549045378	69.32560862212266	60.847699823973855	124.44257153017759	31.30752251310792	48.96186395482195	53.56570636974615	74.56203447501572	229.37480623172937	256.53915831979725	276.74313110772255	42.04329583072935	120.9972982447127	98.76051833802651	106.89366380414319	120.72965898455035	54.69220449031265	77.79100072637092	63.983849670912164	106.67445609899896	61.79861190805359	106.50366871822517	100.08379216210207	31.844621946491706	13.530979831420037	621.830818057268	255.9761252427797	24.76456381941477	83.8217329749152	208.92300758203447	27.677882817454183	32.70539924890723	25.656250966703727	78.78292601688248	97.80994950247373	80.68243485357786	71.3142070111665	119.15107704468997	686.3530937617143	80.74247648873236	106.4948000259215	84.73600917294402	56.73271540648385	35.65779574475591	70.1362870199124	267.30020828311535	317.075395692919	217.39703286310214	63.60580896537907	75.02877264760237	80.20845204663816	58.23350045529475	83.71205137951819	54.12382763266768	57.14757141794462	86.78003147393586	46.99214789361964	630.661307619398	193.50504258158938	94.18788923195007	146.11513268325928	338.2779300052932	47.88687764251162	192.98563902467282	81.42912289619444	55.178264483116585	64.47472031424326	76.96730357975116	47.0921324797592	116.57985011270318	45.44275059374958	55.1144364532789	159.63116916390868	145.13043993839395	77.01919569257663	41.47987113396828	155.79212654949663	122.34013135029298	140.52083549210022
2026-01-12	97.10881939927418	89.09655526347062	72.00979825168773	47.532473941534484	22.04270621669572	28.37025515492655	63.05162353407418	68.60458365047637	92.52426803358559	24.729629827352284	75.75455735766405	182.7078660251966	89.83368208626429	46.67509365138793	77.47969594575295	85.46919218325537	17.332115625850733	83.67598952775371	55.91272704905284	93.40468236169077	90.70465182725815	69.8600623066668	60.91966709643517	124.97413915864348	31.412715304710698	49.27378056444711	53.48285394781253	75.0878295238848	232.66601029359907	258.138567197008	277.23782226772846	42.12571094942229	120.8674731274833	98.77227653351521	107.27242394308722	121.06351036996072	54.80279970914558	77.88403719790226	64.5533567202217	106.67833827899167	62.817762985276794	106.9118342065247	100.99531481274049	32.119771147806404	13.645490030150937	623.4360389114465	256.6465098870149	24.794935832742055	86.33086465640291	210.64253406445474	27.746829821202677	32.75387607709033	25.663110262709772	79.13706847719124	97.82715492701811	80.67193260623229	74.27210518405005	119.45090091858522	688.0627163144509	80.94871856052829	106.51574870680841	84.72549894072006	57.105073828730205	35.674393096376974	70.89314427289565	268.445102310503	318.9963617868892	218.01017719815263	63.9585593899161	75.52455630671133	80.62846842444213	58.20824574156339	84.09332274786456	54.1142037791024	57.14025108677993	86.94621767178239	47.16107486233716	632.2545734874334	193.75051476003296	94.85394293750824	146.9588267176062	339.19868790303724	47.889384561001904	193.47239562317625	81.62699125766753	55.647228173565125	64.47253624354741	77.47169652864511	47.498455003307335	116.53398175801175	45.44110185937479	54.86817327424687	160.75477067814575	145.6964302963454	77.84182364584886	41.59463374813649	155.6223282283616	123.04539373911133	140.7726476654837
2026-01-13	97.15976782341639	89.10724903676461	72.0364771898087	47.52796335016177	21.99085365003487	28.460873922983296	63.099050139839825	68.54195018095108	92.47399085883382	24.743980563090204	75.73280846398828	183.44369283925846	90.30183936466534	47.0797247889508	77.50139506149952	85.91459639680346	17.417568433042554	83.65681190254872	55.946653212636775	93.43525515179266	90.65076112481071	69.8842433420541	60.783079550414854	125.23000094528854	31.445563966442265	49.34569345910344	53.26142743166994	75.0638236669717	234.80537147980735	258.8637934861993	277.05126892195017	42.531973592997275	120.12719130617329	98.5600884620701	107.2770277064069	120.64445278629873	54.83454919234134	77.90589341584567	64.98633793652687	106.79612028085326	62.9597733688591	106.85591862914126	101.53522073034486	32.5897928004657	13.752744843414092	623.7752399147076	256.7824071651871	24.834613149525325	87.76543080232256	211.09956445654376	27.839862740801536	32.723293476777584	25.681037667670804	78.92457519318546	97.84063282239578	80.67640896058685	76.43605182908557	119.43182558136292	688.2279523955067	80.96254897752976	106.57457052039639	84.79271925795769	57.197705218808466	35.68744297763185	72.18657381491462	269.17105274216556	320.17618992664774	218.35124185835366	63.95661848585161	75.56423051541621	80.69099278766052	58.21989702544478	84.06356811221353	54.148021384180105	57.14631458452766	87.2724023539576	47.09553682081702	632.4018533941073	193.63483989954773	94.71697238428146	146.8098805829242	339.3169953187061	47.90031209251267	193.56308684967405	81.61877440690994	55.71722027269565	64.46188076215456	77.51542361222295	47.80528447797202	116.18402884287306	45.7638630024413	54.221445874794334	161.7332508175885	145.82498364182504	78.70934871257288	41.78425344328211	155.2213432523644	123.24398745793457	141.21201505588638
2026-01-14	97.25800357113202	89.11746347712254	72.12258200921099	47.55997738736116	21.999314001531108	28.55573527081782	63.44017677280077	68.70441243788764	92.54497501315714	24.75592620988983	75.95554607769726	183.71716197138704	91.005919224569	47.74901652350372	77.51224461937281	86.57229987686853	17.365549200652136	83.82454547764155	55.99304859118167	93.54759507467563	90.84026932583309	70.06497781116377	60.87256547100821	125.71498750267357	31.72858604511078	49.416256840025355	53.25571371583497	75.23484609862257	236.68302021255994	260.1401944725918	275.21742218070165	43.193889018178325	119.81128013184642	98.92481580696278	106.73997717107454	120.2660816787939	54.89281284995485	78.2966890785283	65.57835115820484	106.9901698206024	63.04568067551842	107.06295763610383	102.42390232684235	32.723807609339296	13.816372478927505	620.6111917346975	255.49024838239825	24.923030528009733	89.54271524857339	210.40329785327188	28.091337162637096	32.52360734019543	25.694832684238236	79.04023330582125	97.85223932379554	80.6883936892778	80.49802469383965	118.81593415298615	686.6187369399408	80.78096092064965	106.661995343206	85.07273215705501	57.41191527725091	35.69396791825928	72.3982872126331	269.81132593162965	320.58664537836296	219.13278187888386	64.10919913550393	75.74767235609679	80.90907213845917	58.26456963698997	84.21031570283529	54.31942924067404	57.15421197976383	87.81470993552372	47.08276825782062	630.9437245486162	193.20946401715668	95.02848436108604	147.14241282564177	338.7118423859156	47.90577585826806	194.14529006790343	81.10713195443154	55.81203268273454	64.50915769675112	77.70604554634585	47.96857355917644	115.88518153569434	46.44494648535151	53.85856572609346	162.35145817246612	145.00245764122502	79.69252301961652	42.035790128013126	155.57398949727593	122.36933869967041	141.08340926134161
2026-01-15	97.24406068449179	89.12257069730151	72.11227443356057	47.56618826338273	21.96424611972307	28.57839139334348	63.6395982740957	68.91482828925632	92.59968553514302	24.77621082375595	76.37508901785253	184.67901555600602	91.06795823899348	48.10824239261123	77.51766939830945	86.64114948067059	17.41433912211562	83.90348367632077	55.99171777703614	93.50671150828508	90.9251891367935	70.33887013116782	60.93209991995235	126.86004959850476	31.88984577218918	49.48614355673143	53.23785746826905	75.49843501220191	238.64428262825263	261.93058612789747	274.3952558901555	43.30285423809307	119.93431514526891	98.62148840885249	106.9658557425197	119.81866782303953	54.964329780079964	78.733820460895	65.8200059624032	107.01961341371917	63.10850317955608	107.36647790252457	103.03653612435868	32.44573940647629	13.793186468345588	620.1404042169581	255.28758177176553	25.01622279116551	90.04135808205037	210.07008001794452	28.212194422077825	32.4287481738819	25.68723338923826	79.1966875452446	97.86291394290363	80.66517310196312	81.90901219433194	118.91057251472549	686.7468684699704	80.7893757239967	106.62352391672019	85.20307597842985	57.56283973396237	35.697230388573004	71.76414223302552	271.4684681415961	322.06299126828304	220.77513880321146	64.23006419787892	75.91375698493316	81.25900613148545	58.23348873695201	84.18083763047038	54.39064685605479	57.13870762867586	88.39215339915835	47.19638481555582	631.0474543153236	192.66398188650803	95.46924401159771	147.60151799729354	338.9298042495984	47.88432637517895	194.79594215309234	80.88951873600483	55.98903559795907	64.54236723948884	77.86587830295808	48.15388631266927	115.5226994104253	46.56485948840329	53.78579684009751	163.40958528740492	144.96983386211642	80.25278998270865	42.37706407035422	155.3058240943411	122.155628059552	142.2530312297919
2026-01-16	97.15462311568339	89.14460596632654	72.04890455076466	47.544820511085895	21.95653788530099	28.515391032059924	63.48922319405469	68.88588094150316	92.53573601708322	24.75772954975639	76.62462489222705	185.7216107443116	90.88897866173306	48.14038676027046	77.54430375433051	86.4555730618685	17.53347971883369	84.05132069558226	56.07444546688721	93.30671192479684	91.09063488211746	70.34685282071086	61.15416221888731	127.21437614812933	31.990224323472518	49.59524462992822	53.043927971195075	75.70937299316151	240.9017006402982	262.94994272215183	273.8594931794528	43.45600017812856	120.07963773620867	98.31123248567624	107.08878190568367	119.23741313515258	54.99066975759369	78.99185682468578	65.89636543847699	106.87988193268967	62.60843554973898	107.15324017196541	102.91221947819497	32.424535581534045	13.761593005290958	619.6458857022291	255.0417706222109	25.185280241713127	89.61067919361307	209.08310519451913	28.20918368259653	32.34144928225345	25.659270495583485	79.45737163517113	97.88772528199868	80.64382388618664	81.46450441869916	119.09705185184517	686.5232145084227	80.76382467230108	106.50275240635814	85.02184514863876	57.47434627384153	35.70360901447693	71.70707187945222	272.1732446909152	323.0354324017196	221.27602002416432	64.37965383355859	75.99679929935135	81.3749788347857	58.149966566962334	84.29343700371174	54.266925295703174	57.1260917141182	89.22538501867098	47.33819217889607	630.8366238861774	191.84489224940637	95.87962246356253	147.8906408956194	338.9396335701117	47.86392756136877	195.10156909900712	80.73918151766063	55.90806340750004	64.51592315221512	77.96565399522905	48.1083190413444	114.82615378236109	46.664038707214345	53.783986905766525	164.49422135463996	145.03322625723007	80.40537906117854	42.43994919521129	154.56921758916275	121.8500079384674	142.3552143453647
2026-01-20	96.92557053000967	89.15562360083905	71.886249608146	47.46070752727147	21.947769484337506	28.50866731015838	62.75516304966406	68.78694224077111	92.27308651440099	24.772343168432883	76.48098691510766	184.39385590926517	92.51448902569075	48.33833417298191	77.45717613863987	88.00278805681316	17.508277907207372	83.56371195301574	55.85091673368775	93.02230585253514	90.51906850917396	70.07803609053121	61.20602550641631	126.49889263339084	32.237894754509696	49.38777696279126	52.3869637567157	75.20146536620966	239.10275919466082	261.8803210925212	270.230192146367	43.48323957575862	119.08748732513558	97.89342828507445	105.55715492989262	117.99332891254699	54.63178659998825	78.77553809251867	66.02348484326194	106.48661378738976	61.926267106534524	106.34662054374638	102.93420574739827	32.47284785363323	13.84579665523337	612.8210202436926	252.25840362165232	25.103262145392698	89.56034066492177	206.30748277304082	28.11007832964055	31.914058457655045	25.6162944885144	79.11431737886485	97.90013095154622	80.6380206467066	83.4272519041738	117.68931114320773	679.4259444124145	79.92758952120914	106.28282838213414	84.37560381821586	57.368064936847524	35.67356659219941	71.78353624490188	270.673627960692	321.5576789694145	219.85604284899622	64.02352518948437	75.56734267335732	81.1674851449319	58.054792090854214	83.75711965542033	53.891233186181665	57.119783756839375	88.8057848555269	47.099096394623814	624.3167799606668	189.68701063886334	95.36481046884181	147.58847840679408	335.603148083884	47.85372815446368	193.95409723260903	79.62402343705297	55.638287303725605	64.35441238177162	77.56386642632546	47.84364163737142	113.63556147980358	46.66950180599975	53.17057697949459	163.36487801130437	143.18172085566582	80.60431230280606	42.260788043650564	154.03299136294075	120.1170205707962	141.48584234113937
2026-01-21	96.9711241932275	89.16599997180624	71.90679362731518	47.4382318764287	21.938473861126273	28.71837631865341	62.744019436819336	69.07037770607892	92.51179502722002	24.813041930285777	77.02550856375501	185.21617691703494	94.02724497060905	48.80106024444994	77.52840420091172	89.4363954016976	17.6003952097072	83.70903722040435	55.81273406264465	93.00142926293749	90.73014964154987	70.44460047324412	61.40452833243179	127.77765981767197	32.83074509148825	49.422467048900515	51.968481496888124	75.3679713000482	239.38532582535777	263.9329583978231	269.55262659076163	43.9556433779672	118.89705329391545	98.40315792915831	105.59038319004397	118.09631197824615	54.72078908246483	78.80058032555621	66.1315124716798	106.60855271278668	62.00241730570867	106.63330935634585	103.88566671647257	32.79999967144552	13.962898289469713	613.5046263327838	252.525770109166	25.076949218448302	91.2001685014062	207.00292351542666	28.280123469629846	31.854856377265023	25.628635220331418	79.40632174485235	97.90633378631998	80.65458924181033	83.69362549432323	117.31844097199449	679.7570090714416	79.96584706773348	106.38075592690691	84.37136895622707	57.5473156257724	35.70601547383408	72.56176629139625	272.42948060632256	322.9024051585354	221.76748370477156	64.21199605421484	75.77401252320209	81.33413167158704	58.05090793202379	83.90525889387227	53.88685881110841	57.121493517213636	88.771006899199	47.00454812101796	624.5961646385365	189.41269629843558	95.85740447148146	148.18191925710798	335.9030449892076	47.867974688193755	194.724973420992	79.43858337379993	55.78751790418214	64.48891654855183	77.79478874294789	48.22964781453532	113.61502576553656	47.236058962692255	52.99229952185179	164.20400730399203	143.23742872617277	80.74302452908859	42.200593988255946	155.17736146516177	120.3834843454567	141.85717135367514
2026-01-22	97.00360179998289	89.17605952569804	71.93161870696814	47.44657870676904	22.002599319173974	28.97188480697075	62.98853155373682	69.61456125904532	92.6215438759147	24.904946448846502	77.66061957728766	185.41857429836122	95.67362233271663	49.032423280183956	77.59272001427422	90.99819648014568	17.8309593236036	83.97872133847366	55.955519405589904	92.98613485851953	91.02262944723978	70.91557568828222	61.69607291255379	128.57077570961724	33.438203508878885	49.50902405179401	51.88424036697434	75.64908879943816	237.30718775398748	265.9525479244975	270.19634198190425	44.18197856459395	119.18635394798312	98.77200972019439	106.01151544756104	119.15092011876175	54.835932795016596	78.73910012981912	66.17070237231451	106.77087868183278	62.18453728139437	107.09165620405183	104.63363307137105	32.66057989858897	14.026449221028802	616.0788207347513	253.6010732259697	24.97561984237845	93.39008516623045	208.15112759023287	28.37490689625291	31.964796963046574	25.629971411130064	79.93695603844179	97.919174125826	80.64827087822938	85.41181137387059	117.27713659317499	681.6986644478302	80.19331934685502	106.37654281941049	84.5528414605354	57.948107733540496	35.72223991465141	72.19088299311024	273.70849945843474	324.6415101964552	222.7527680364678	64.4795904038164	76.08061359192331	81.9090778597193	58.03439752375115	84.2291110753541	53.98123496280518	57.11748465838709	88.31606070057606	47.152273679039254	626.3617725048151	191.12321826640527	96.34870040468604	149.28769119593682	336.9404140961663	47.855751717876174	195.26801954741006	79.67314147938043	56.081453501651616	64.56572826328959	78.14850063368098	48.56087264383993	114.40743887764133	47.597784882957455	53.07604668780578	164.19697435512103	143.79836371611373	80.72897991591148	42.01866437999223	155.76436280045198	121.12294792224006	141.799053816486
2026-01-23	97.0634959988684	89.19570722256582	71.98283816207783	47.44096170140698	22.123086730815015	29.03422216575344	63.211785537000246	70.02577885950313	92.79175185739095	24.99860245110782	78.32611362165164	185.1867499177353	97.1418114715341	49.55609430000409	77.6057433994711	92.39409869783651	18.026026727536664	84.36477265654152	56.169171674840854	93.05612818975781	91.42468294871755	71.3693097557622	61.930597949196816	127.80689893268948	33.993719903243154	49.70555992323587	51.56212102272057	75.86879488800034	235.89405713382968	264.48912186263937	271.33114218235835	44.59113805549033	118.95634759777086	98.88209861009719	106.55668393227661	120.0159088203672	54.91234162639013	78.73302586447011	66.37311668908694	106.88583606943202	62.25573032587785	107.03582978049272	105.76494428226755	32.961193193313036	14.183224686808346	618.3426025060476	254.5422739787075	24.96904161064235	95.92504212535155	208.52138746455003	28.40765875513329	32.08455798164536	25.659635020445403	80.42418175457246	97.94019695671183	80.65971435757172	89.16090751798998	117.24653948799374	682.7934850559463	80.32689954159157	106.48079765482242	84.75952925077551	58.191831118967514	35.72560474431301	73.0704399706762	272.862458957733	323.6418000201026	221.96425175505033	64.82141827930079	76.44709085357884	82.4276109818616	58.050420960361905	84.6897889971497	54.0815369760315	57.13007335336347	88.17610438593256	47.216136229168065	627.3734826879545	192.24669824453076	96.79935020234302	150.54538826154263	337.3054121262081	47.883495670949806	194.95342963454488	79.99891662592069	56.33808240268128	64.67588857622488	78.54871091864713	48.94863204640727	115.15544444492417	47.91592544623947	52.75239025674469	163.5585167796113	144.18345309829124	81.0359148236784	41.854234228570334	155.65782379524552	121.74610149407901	141.2425978921297
2026-01-26	97.16621226335022	89.20553107099971	72.05209947044321	47.47731106615759	22.2668417891746	29.035659094656506	63.55425702631263	70.60901217145079	92.92490958958415	25.069282800566118	78.75330110403871	185.2348620804497	98.60090451506392	49.96048313938193	77.6313896135539	93.78704950150615	18.088654042174092	84.73512451796802	56.43787448793312	93.15906461367774	91.88152329808923	71.69537799189477	62.22536214598513	127.44975989114943	34.33565847457079	49.912588692697035	51.50105982471477	76.0676829664611	234.3446039453328	263.34520790397596	272.8411387181323	44.82531412967388	119.05824810918816	99.28902217492164	107.17884703205627	120.9152038608672	55.058866278282956	79.12465731089716	66.46443996685792	106.98675653569256	62.25158914670357	107.09791672130105	106.6127387121787	33.09887700742312	14.301612381551145	620.8398498370082	255.58085988974437	24.96085346981092	96.41752289373046	208.19439429379844	28.443554490481684	32.21919129856194	25.688964582061082	80.81079998373154	97.95557592586567	80.68004638777023	93.7504519279403	117.68353051670195	685.0773455553169	80.5970740383739	106.60544246754793	85.06580359633503	58.459921601964226	35.746276722132095	73.2752216638049	272.1076515980071	322.29453282255133	221.55029451766188	65.14092611963086	76.77905308670154	82.85402613302065	58.08756742903349	85.20419701932681	54.25239072617493	57.146091364181736	88.04778043393307	47.42806780940825	629.4953045763991	193.4044541637693	97.12967464340784	151.5713238915135	338.21667090685406	47.89736764748662	195.12612887977244	80.43425750729628	56.5461488215799	64.75487925515345	78.91260771762435	49.172130964609885	115.93078389848748	48.08970520053673	52.75850790303055	163.31866421255955	144.8692152576417	81.12560816867514	41.92384791872853	155.91076767154854	121.65518194210787	141.00915447585
2026-01-27	97.18361196053253	89.21531054892759	72.05762779918645	47.4905914919411	22.45170588299062	29.31882155935218	63.374412830172915	71.47203614553985	92.97227001085653	25.209571019118506	79.89141343043732	186.15361725848658	100.55545332564719	50.531345161609906	77.63942527552695	95.63352642921987	18.309458971465464	85.56063553168909	57.062769259957776	93.15715758149707	92.8380242222868	72.52803262387707	62.88059679870057	127.0331532610044	35.02007838279321	50.52036409427332	51.59552922571188	76.75577294075009	235.38532992676795	263.14571796565986	274.59857839226925	45.272926611345724	119.5479419562054	99.07121930889636	108.4487794425418	121.45423736744532	55.12271202402917	79.95195039006772	66.76209669241334	106.9792944055416	62.56244389586155	107.00895744512317	107.51181750672411	33.52541544768128	14.460806133555113	624.9138519204572	257.25101649272375	25.000845855694035	97.013761752041	208.3839097933836	28.554222389894164	32.33634316209835	25.70362936286892	81.56626577555718	97.9632654104426	80.69995132498863	97.67022413291546	118.2896946406752	687.588599535471	80.90082049697016	106.67259428064897	84.95320895759134	58.962249161577816	35.761362009137336	74.46761266295714	271.76985973455044	321.9449043507288	221.19056016166297	65.83561885205177	77.5548288199621	83.67192807505525	58.10128836844741	86.14706997572786	54.19779723076324	57.163825940269575	87.96903487028685	47.714033904704124	631.8500082452308	193.54625174008777	98.29983793205548	153.06705690425284	339.287046390927	47.92848881641909	195.18785844623386	80.91109848021064	57.0040867551503	64.780031332899	79.71002700334343	49.2591993324026	115.88738520485897	48.39722190874004	52.559044448341446	163.53604109065478	146.19356453800054	81.3568676524528	42.23293149720606	154.72845512483678	121.79357913023362	141.45465810950702
2026-01-28	97.17291025883071	89.22506784160247	72.04584270818697	47.49233554089243	22.519574140530956	29.559504811963688	63.183494714647004	71.97807968776016	92.93828344292827	25.2558646874157	80.72390495740616	185.7232701160597	103.49772788352672	51.052722827997336	77.58125972638652	98.44176321460994	18.644260049087222	85.69262931979962	57.12504116989588	93.11737807663721	92.83908657403403	73.19236866789556	63.168768247983095	126.52729974451587	35.56964383617199	50.65616478944623	51.54276545208934	76.82280987125395	234.24485765137226	262.33578317716587	275.2728151971112	45.70392431946681	119.47729052766326	98.27838080312982	109.53820579182755	121.67906112757032	55.07456821599408	80.31132904635223	66.63916602198792	106.89833479432353	63.02582987334581	106.5494768915069	108.09995248505152	33.885973943933415	14.640402914189666	627.9922653156973	258.5394639348384	24.932670089712254	97.2668791975537	207.52902154708244	28.57539572558673	32.360035594721055	25.7206262887953	81.62840113729031	97.97684144545568	80.70990379359783	101.63511130351827	118.37906210305243	688.8094975216418	81.04277551337765	106.73034773846902	84.8002777270867	59.37194794504672	35.74042030815754	75.54380770476959	271.15530035067366	321.57070351813786	220.51302757839008	65.96502393408252	77.80390366779355	84.28736097966629	58.093578601948316	86.09935667365494	54.11256286098709	57.16783139664846	87.47752128035827	47.86201611311866	632.9777995327717	193.54264949064935	98.79992049190665	153.81989014646234	339.7280416280807	47.95855860193513	195.25812142282396	81.12708854674594	57.34271682423042	64.75911814447684	79.93005241158383	49.28792295416517	115.79136411121854	48.7372881699462	52.45437268803791	163.18836966642112	147.44360691499637	81.06042998101157	42.33849448090284	153.57428005265277	121.40562058928674	141.76696375934335
2026-01-29	97.16755940797981	89.23968922475632	72.04479864291184	47.571532836974534	22.553508269301123	29.73930898557169	63.07842071242604	72.21619743665352	92.92609286282155	25.279011521564293	80.83695095282417	186.44752678166265	105.13386226329656	51.40189165691859	77.54739713614248	100.00588145471707	18.552355587592928	86.00491069871816	57.30333670128095	93.14601508812329	93.10526945278849	73.3459707109009	63.52980152816635	126.67110531659387	35.88885824926275	50.82788593781393	51.57638303122045	77.22732290437698	233.2207564624049	261.96559056319234	274.36811231046966	46.22034556732618	120.14197702042343	97.90674182368406	109.10908016031807	123.66363105816993	55.11172029574118	80.59955414109604	66.6765242341385	106.87233557953482	63.416471760403375	105.78473676728666	108.53756321762341	34.52494765006729	14.830201685976668	627.6429222086299	258.3765892672239	25.0651290283156	95.39843898842528	207.17118801963497	28.620143007446686	32.247289983639824	25.73395511217109	81.82712857767837	97.98849320197588	80.72949031842978	103.60255549917125	119.08974238575473	688.7352846494928	81.02446240268492	106.79789786825795	84.73347855470546	59.535934299671794	35.7252039742692	77.34190354720901	270.5905285933056	319.7236757336783	220.6670057325544	66.20308539233423	78.03254799478545	84.28289786654213	58.12371839338138	86.30568648502083	54.07960448957557	57.18928717354396	87.83948009208343	48.27600736991383	632.8824239363078	196.28752194991452	99.37495872007442	154.37995392332883	339.5568919077904	48.00261189679276	195.93354984715415	80.86128902434953	57.40237075647556	64.77736333249233	80.14430171848723	49.32696776370368	117.24962111200576	49.132850017590286	52.67865385805704	163.867729144734	146.89286974167788	80.81900664699992	42.391275972751224	152.75519575142403	120.92343712569806	141.27630414529668
2026-01-30	97.15517557801334	89.25674265314964	72.02973116960045	47.56217556765719	22.49679064130339	29.333697156360063	62.72770217750208	71.89303371588535	92.8767503498678	25.185634987466717	80.09321531405857	186.5660943234485	100.57193219976352	50.59336373617414	77.57351469966304	95.60293920147963	18.3268856108741	85.51578771630244	56.99514750713462	93.13121982433509	92.82020522199971	72.6638682289856	63.52295549735955	126.33139845297467	35.401717866696806	50.47375169998607	51.65819235484362	77.06353251542092	232.50921245971807	259.9330211116743	272.98811804488327	46.49335721664649	120.07501683052422	97.90429483151976	108.0555204573563	124.32319812796192	55.13500748673778	80.53645996239372	66.97684243933487	106.80624301559749	62.702817102735864	105.26736838364333	106.44480318473944	34.907562020834426	14.67510107187017	623.7010692586118	256.75566218732286	25.10686718749764	90.51421812092163	206.51993544048156	28.86211446484395	32.07130925268417	25.74061952385898	81.23612364552864	98.00406181705239	80.77336027151958	89.52127897028875	119.1220272597719	687.6712006743558	80.89129003923308	106.81234004741023	84.46333504151289	58.9547232838691	35.73183416486897	78.43095009513772	268.9414282370825	315.80434274965165	220.2610922827811	65.89119265954602	77.55195667561537	83.5162009779488	58.1484947862903	86.00724387727604	53.94724624503193	57.21946620334913	88.06421407558273	48.108002998311406	631.8185313040914	197.21294432456665	99.09247813933408	152.88306167846127	338.61862539725456	48.05365694632118	196.35006807543255	80.431006908415	56.84900489728075	64.75300814329694	79.61114469469283	48.986119532486605	118.12244162900092	49.595384283087135	52.73645789521504	163.99907300742558	145.12787713158113	81.37525497144918	42.37848405571155	152.8000298215128	120.67240047813223	140.43391318104676
2026-02-02	97.09302205414339	89.2721053048463	71.98569078011272	47.543762115493635	22.413319942233727	29.071428694452003	62.40806533740827	71.88051496585283	92.84001320593975	25.15380401259322	80.004668875291	187.34114500107972	96.28096503176653	50.164523588668125	77.61012160764402	91.58646944815192	18.25404281916996	85.54706316967466	57.1206606828886	93.03228853155231	92.91872764151744	72.45674337962953	63.29765443019833	126.81615851603812	35.2914465493152	50.49443467262487	52.46909556707025	76.99647649330616	231.54497335632388	260.17320611247777	272.7569526991995	46.22041060295215	120.58379976658047	98.17565434325012	107.90329428629533	124.51890268336572	55.24329262276342	80.13491012646054	67.52722432025337	106.72377733055265	61.95358903232496	105.19368556511267	105.84390732967441	34.24137485196995	14.32255066944949	623.8579504007903	256.82703458487237	25.044462379454387	87.66210783975768	206.2738608476822	29.070939320129494	32.0182052473748	25.71012680904863	80.97021178614322	98.01624828523518	80.77576018336721	80.98064070584749	119.33696883008126	688.8458237258498	81.04296557625716	106.67935575368558	84.20798206543418	58.58288379769627	35.751863356238196	76.8804759630962	269.0329547191272	314.85657811310705	220.97959094119523	65.86403047283942	77.52484155802253	83.69329641182597	58.122400316729134	86.20086086075716	53.8156374352601	57.22236013109351	87.7195803349105	48.00900142286176	633.0017033961863	197.3180352726349	98.87624090072173	152.16935981872282	339.0963762972601	48.03564996058735	197.3956227217983	80.32136893272312	56.72684200247338	64.72640717833792	79.56791670769798	49.003285062263814	118.35570018461765	49.336369357119736	53.05679515549326	165.10147284404482	144.93289608532183	82.139020613166	42.063528679467105	153.2916164732564	120.94441557109737	140.6346583117148
2026-02-03	97.06680903122208	89.27978663069464	71.97340187809347	47.524742080696036	22.37650555217155	29.202917296749927	62.363670119876005	71.82953970948891	92.83129581805777	25.176228140024637	80.40277083901269	188.4444372466336	97.07548388917428	50.62845205617488	77.60440391295288	92.3082341137244	18.481913186623554	85.64150872717131	57.30114645777731	93.02663849795388	93.00242412349309	72.51190669347687	63.62875809278471	127.00398074727687	35.759633949706426	50.613538900033134	52.80954854647457	77.30920855304956	232.72367381195102	260.5912875044811	270.22750589061536	46.804176935387204	120.6804420585832	97.72156282836335	106.81339488484689	123.86193318372388	55.22164097080554	80.48174263036894	68.26192987863254	106.70676400096968	61.310752188281626	104.31184293514423	106.90465782743486	34.38419908369982	14.326275296577773	619.1426898000045	254.86487990229946	25.067142574309713	88.93105239399993	205.45972247706374	29.419349321624807	31.6776817252499	25.709377254927148	81.11340179150912	98.03210332962931	80.77207732679102	78.97031989516007	119.07167884253087	686.5159294410498	80.76659997562858	106.69988448084669	84.18215799438701	58.613598804976064	35.74277776271383	77.17523859189967	269.3164193761652	314.2032371766707	221.6739003900312	65.97922974447636	77.61539090230228	83.89491557041494	58.11909963346223	86.13605207344499	53.793456000955246	57.2238070949657	87.45003064597088	48.179499948491426	630.8520785047338	195.95005614950105	99.39312228141554	152.36345035613874	338.0314187394504	48.04115757611887	198.42078804546946	79.48821818828539	56.650806941788446	64.70829636260646	79.64556876644664	49.53021079895417	117.51604970778735	50.00112001181182	52.969983118518115	166.35208987661224	143.25112364080545	83.19295772479589	42.209714245129064	152.75216199639382	120.59344649404477	141.3171536797832
2026-02-04	97.02450482689034	89.29340054801334	71.95266239534556	47.549575782779655	22.328575461327475	29.30830297820895	62.206813697633315	71.7891442443929	92.84623567758356	25.17785386951183	80.03021232380323	189.04081450954726	97.3977425549387	50.93906390345365	77.55347988006042	92.61411614133485	18.585874844349377	85.83650524859542	57.23441836743846	93.01408218843007	93.20661443601412	72.1129136433693	63.71541816992751	127.64339357188062	35.43090721533173	50.47039898187692	53.12477358659178	77.75247796426892	230.07615422775285	259.6779374534124	267.40177784765143	47.47591430387524	121.06398354149863	98.12889741149613	105.14478795756017	122.88787577154943	55.362411214162535	80.66502750414932	69.14809293003893	106.63043583349265	60.6118370468996	104.8609232986268	107.86071895888344	34.565113991923155	14.34313747662751	611.4182992457054	251.6767255346458	25.230335279464427	87.99552497629685	205.3012571125553	29.84243280137637	31.328009029739206	25.699337942343945	81.30827636572526	98.04491747902364	80.78977859259473	79.07516010016792	117.70146976184161	683.6939083240405	80.43495480348813	106.65213492841163	84.06255269104116	58.47878693605737	35.71913668409129	77.52761792265882	269.43341720761384	311.55367547310095	223.36134136933202	66.0764602701874	77.62596327341677	83.81874227007074	58.11744929182877	86.16241309116586	53.7242006872452	57.2245305769018	87.94241492015341	48.45474974536388	628.1711564398669	193.75117400980912	99.78156022518043	152.46049562484671	336.70571181113144	48.02456705405065	199.48993503835973	78.56660360097862	56.44331576337469	64.67520073257276	79.65461726896551	50.38112750946244	116.63047282142297	50.90222473979263	53.138981351129175	167.20061921809128	140.4373522867113	84.26933805429248	42.204441702032305	153.43561316372427	119.97571265742278	140.9021300015127
2026-02-05	97.21261938732212	89.30020750667268	72.09803148453801	47.591436374666195	22.304610415905437	29.12314944442674	62.575651111511974	71.36647687683512	92.96955414860624	25.13074269250738	79.62026210672583	188.14607101209785	96.30387081970568	50.36686509686842	77.48474775253021	91.57205746031586	18.32369914092469	85.27889028909263	56.63693116858251	93.2804480766369	92.63966509764573	71.70509268594246	63.86722293994423	127.51181748296179	35.103623849975435	49.89456609860447	53.03738717476561	77.43493191426336	227.84467196250924	256.8920693126437	263.6847756425757	47.407264860677856	120.19587116528056	97.9063409481797	103.52642306203204	122.09792195559893	55.27172455849728	80.57413286218208	69.60599836931634	106.84904665209788	60.15806848682871	104.27546287001653	106.60136472846516	34.41971825084439	14.231568681093297	603.2109501599621	248.31400211058462	25.311931632041784	84.82776431920311	203.79506825354326	30.034454735343946	30.8441860181655	25.728145114055273	80.86327896045051	98.0513245537208	80.86211723208838	72.88258127078709	116.51437776422159	678.0311277460046	79.75819929505461	106.77813579306323	84.45863688018855	58.182436223155634	35.69299004919897	77.10881018203253	267.9023470315413	307.44741573948016	223.3870915831035	65.67929001058198	77.17018988866151	83.49060511330686	58.25302052909309	85.57808230852238	53.961000184931194	57.28343647680539	88.12540515294779	48.442375025269826	622.9592049289179	191.93154098439675	99.32578148588124	151.30785401359523	333.8863184299798	48.0404512516347	199.45809465541032	77.40056940913189	56.155141005466646	64.77884258430396	79.18264768477573	50.120400027924575	115.89534505328962	51.048802952171705	52.89252877676088	167.11891770230736	137.78994231767206	84.77319212895287	42.21159966571342	153.1896235984637	118.37985080502975	141.00807183669383
2026-02-06	97.33587436040911	89.31826705289689	72.17558358284518	47.61727046394442	22.31230982373641	29.506265426559075	62.81778046603431	71.57252066498006	93.15186462923475	25.1838672874158	80.478977183734	190.7158272540958	97.18193418914971	50.542830436617805	77.58496802299362	92.4060276620427	18.441941809842227	85.940882522476	56.96608101703051	93.41363102074033	93.37943719359825	72.39400828755132	64.34250886987445	129.20157219362932	35.34481691461174	50.30371691771044	53.158692977031244	78.32483442636996	230.59422624004367	260.06317637995465	264.84856763085816	47.83172424247272	120.97451486730824	98.69210785201955	104.87465791163126	121.40499048829751	55.638530659985946	80.9085530949094	70.31916968636716	106.98741242517004	60.71101513941045	104.9027308246567	107.0705454928947	34.43967556218978	14.245784454987566	605.3958498358404	249.21337465148372	25.5192766299247	85.72888078631054	204.32473444415444	30.374463276180272	30.92621192845531	25.7522132354334	81.47415809594791	98.06917652856939	80.89828655183521	71.53629185609667	117.81942948269673	681.6493529355023	80.19366721344528	106.89431691996911	84.6857813002017	58.55910980469305	35.73721348468249	77.04940402290103	271.2914292530753	311.4357897789198	226.06081721489159	66.20881614786911	77.8445897258249	84.2507766472296	58.30619394984928	86.12830888497407	54.084244599301535	57.30313333850035	88.91212503130788	48.706188122986475	626.3711124742246	190.75350547754994	100.52289135329218	152.11635223873122	335.97666751577117	48.058067422692346	201.38274910993172	77.62411664426321	56.61916786906633	64.87874013980823	79.82023619590349	50.4886324785619	115.30481592874442	51.631985475719645	53.24844181757966	169.46403038435682	139.20635726723447	85.52548156252331	42.33762470773464	154.4840558788217	117.82043001066917	143.4691695853391
2026-02-09	97.4121045080854	89.32729682600899	72.2240871100261	47.64000081729936	22.389968197695843	29.925760162315182	62.938845143295474	72.30160304489237	93.25750046036933	25.277524387726455	81.25130270929864	193.24335063876666	98.88096801010221	51.20101879496906	77.68795367702415	94.01801245773034	18.715488231276094	86.9220670852126	57.6211973993844	93.48995760021391	94.41836773620342	73.02119237619753	64.92529038464426	130.05636776185372	35.80606782009884	51.04716027770287	53.29934580187012	79.60576132939592	232.4228608006859	262.5724664858758	266.6174600849603	48.320210494649444	121.65961690020686	98.82232269432032	106.25293793408711	121.7090603381429	55.798250162756645	81.35697124960313	70.48305591251952	107.0565953117061	61.13650389233706	105.32136434421312	108.54258933580282	34.68972074618278	14.322892036758919	608.8153870761233	250.61962677886686	25.6915259416103	87.23443932504003	204.51499020791707	30.485909082548144	31.121718215509393	25.77874505308047	82.39106693249545	98.08786814099368	80.92613302201136	73.78814638581201	119.29202751600657	685.1105651396261	80.59990825271873	106.99591792043378	84.78966036445632	59.036457597048674	35.77842157693597	77.53470033298372	273.56038747810015	315.3889916912177	227.31884549709423	66.96889095357324	78.65772653405503	84.9946624630191	58.34739285810335	86.88339882725266	54.15555804489003	57.322737857604665	89.49509449807582	49.22809406149324	629.5592134636747	191.22242534619684	102.09144750770078	153.85080917600624	337.85472780085433	48.08138470927098	202.162840619419	78.134602420032	57.09542683004098	64.94792262117365	80.68500899760994	51.00350203029657	115.56449063649134	52.11478653058443	53.26833254209061	170.89452892508857	141.02056754963286	85.65144317383978	42.4643083408058	154.4447790990788	117.32208023970958	144.7544441066344
2026-02-10	97.59134812196262	89.33668689567051	72.3554136111654	47.70533633089089	22.47800411837917	30.085955566387085	63.55244945763407	72.55683027000478	93.4309810651456	25.319560724441843	81.74184703336026	194.66616994828956	99.23048492057845	51.58909773061441	77.70099435560192	94.36400577110149	18.757514852332385	87.5850569801063	57.84083589756818	93.73260773687454	95.11493414275992	73.39926806309876	65.30050148504674	130.5234307681339	35.908330617202736	51.36449963348034	53.51967374016846	80.73593654238351	232.52422794672967	263.46952181715665	267.0181264047849	48.52005626661183	121.51413080728116	98.7585696418379	106.74731094702403	121.94551832825114	55.949168187457424	82.0695836472625	70.51064721895507	107.21715187338235	61.359181740480054	105.675681561755	109.87259013909281	34.835800467085534	14.331446094673405	609.1049591630617	250.74981583083968	25.900111916422826	87.98721859440478	205.40066069233745	30.51723127467251	31.149701499722468	25.82100647582002	83.17005128851335	98.10210438910036	80.96448176369123	73.5990750239607	119.6754517768021	685.9332427748911	80.6938940982832	107.15791684595908	85.33144135776527	59.27956607879777	35.78948125050412	77.7823495561403	274.9028438855345	316.89701049404636	228.25829207227758	67.43312635447217	79.17832005413689	85.67632827130447	58.4410666530507	87.13849964555993	54.46264192222529	57.35205420101913	90.38943109913556	49.749047259628455	630.2659958919936	191.49662679663356	103.31572421161405	154.9215441143703	338.3772998135131	48.09788229604174	202.4593042208423	78.19963305816053	57.46315302073338	65.08347363968838	81.21666526540653	51.62130934949887	116.04116789514997	52.326771927401595	53.08563378508339	171.71394994838414	141.52911312051955	85.57707580444918	42.880290309318916	153.93620333127768	117.46049385520635	145.22792243173518
2026-02-11	97.569035267036	89.35115899959307	72.34807118546551	47.74291169571888	22.541705916611463	30.220559570302918	63.613974210018206	73.0918802534106	93.52254695957475	25.354953625770726	82.83210515730514	195.87960902199634	99.95024154476188	52.35826003168904	77.70271199103338	95.06200395366598	18.873274752521173	88.1431296863422	57.95065514666007	93.72247452273415	95.72395190414363	74.14384408403961	65.90720875033587	130.63298461014116	36.27049335730742	51.67148092635931	53.524836259732666	81.78579206269566	231.44774477170466	263.31714311072676	266.7895502629393	49.25635457983912	121.04701672810347	99.11822219884863	107.36405388049444	121.8551787503072	56.05305623117988	82.91922938466641	70.93948956406737	107.23929416789235	61.440718342163855	105.69284032311383	111.34936193356008	35.0794126084207	14.410722932895784	610.0669754311402	251.13874763709953	26.063186527669423	89.95360838167505	205.68936690622732	30.69881072095442	31.08893747318887	25.822808116144873	83.67296204562386	98.1092225131537	80.94458219043936	75.07953629127722	119.77272726169207	686.2652358893987	80.73592409992284	107.15188780530376	85.37437317522053	59.71868623764107	35.79023699366026	78.33617447289437	275.177923407611	316.83851989546065	228.70337241553332	67.91785712254858	79.76085955099423	86.43994788809364	58.42944331492867	87.3786942502702	54.48531876384702	57.34231738371269	90.58379178247793	50.119524469047626	630.574709371778	190.73473307605116	104.78786317392226	155.89866115630625	338.4750116010925	48.08194590876306	203.1000668443079	78.06020471267402	57.896243639883295	65.15124914894575	81.80015849940249	52.28070930121428	115.86330016461599	53.11915836360314	52.5941798838747	172.58497180036395	141.99262968037698	86.15307418762498	43.279292722408485	154.13627640929118	117.24646702037661	144.9123773535629
2026-02-12	97.77688442428948	89.35839505155434	72.50987391060386	47.81567162239557	22.60800067101325	30.054970489497162	64.31323176443293	73.04637500219357	93.69864378008035	25.377444197223742	83.05415224906272	195.362984137463	98.60012077238093	52.07432311582011	77.68433710513582	93.77100365529978	18.602036927652186	87.99363439273165	57.60822590401851	94.00466987855458	95.67917565910307	74.09947941506668	66.18097940568552	129.48765014198466	36.135605260196684	51.40969790641696	53.317418435042114	82.02381644150408	231.6975204571414	260.5541861793868	264.1965634615478	49.145988111452766	119.93597250589744	99.18901680010791	106.43390377130191	120.90620799697977	55.98182367833408	83.72885602534102	71.51954946953369	107.50228410787196	60.81093152825966	105.11141955120536	110.89483859007106	34.66002185596816	14.285361390153946	604.3341468952576	248.7873532497021	26.11533349820971	88.57680266495862	204.60067252782068	30.64320189978385	30.74956974977803	25.872031613919603	83.77648346421819	98.1225433854831	80.97370634790522	71.40476982410541	118.66829264695932	681.127643579465	80.13190858316455	107.36159987799368	85.96329056099893	59.609846658859595	35.77628876965728	77.35808586315616	272.7454405856414	313.11057464499595	227.18157359790337	67.88779971605945	79.6703925440518	86.44321002803119	58.545413948724104	87.15595707996908	54.82139664083464	57.36672296187588	90.62749388318232	50.289761776760145	625.8414623519046	188.4812657689826	105.35893173954902	155.57320905715704	335.81703460914	48.09816289578778	202.32703384940004	77.25286160316318	57.738948617427	65.29089938526388	81.66504430707428	52.22042133151534	114.73384658499354	53.02506952298809	51.82979524894419	171.98376245047496	140.3511503504424	86.83841987579491	43.80204756054506	154.11284645659873	116.32948656194611	144.5804715136955
2026-02-13	98.03653638939083	89.38155195692951	72.69784619602459	47.85696110111478	22.66082902508182	30.081187599179735	64.88409772425749	73.17765222277647	93.8687386991222	25.37910410239605	83.43358170924816	195.87511084314556	99.10506069136625	52.23220512175283	77.70398877351518	94.26050182764989	18.486365067219648	88.0223222622838	57.427199881330544	94.3307689297558	95.69614376827224	74.23602281910561	66.79120381417088	129.68365203632436	35.96942158761787	51.25903100582079	53.103708912345276	82.19724147270517	232.98946152251602	260.87117878305276	262.20686327374267	49.24866658685431	119.01565470997997	99.6258537674856	106.00378660244783	120.1983203681188	56.088333485285204	84.81940695554161	71.96274714687621	107.81303170237348	60.38179366024799	105.34070962301479	111.266503462516	34.42084649927314	14.227680733223945	602.1055500101288	247.86573015268308	26.273664445027705	89.1383998066004	204.24028529955487	30.74715713275325	30.54001657960093	25.906309805678063	83.72468277214816	98.14873888634506	81.05175643322995	70.56238552240427	118.10613423851872	678.7970066041856	79.84974106526391	107.53414390261989	86.49539726414204	59.50176170833605	35.78841484686477	76.78904354192964	273.19301753403164	313.6093949885136	227.56878362512356	68.00155137780511	79.73422886479933	86.41534967343942	58.69108771166674	87.02009813837321	55.1251510639476	57.413074920879346	91.3008151178607	50.364880201734564	623.6731420646242	187.15587031124912	105.88946495424716	155.6040560056293	334.8053221141403	48.120780590349945	202.68915931971955	76.66893797321245	57.65531720422131	65.4088049477589	81.73150134054886	52.42723298936607	114.13939567408858	53.1594292164501	51.427846614340254	172.3875416256281	139.7047804974868	87.32825611099315	44.67564574377351	154.9259148054478	115.89584527071915	145.03147721192587
2026-02-17	98.17122611095519	89.3980132221171	72.78696478502401	47.92176668336989	22.682323196317768	29.995195087431664	65.30899603620101	73.15385525567535	94.05031707294978	25.39910576976492	83.34494942396002	195.65896808026417	97.82753187156203	51.976888998864695	77.6945885334861	93.04025076123705	18.583114021646935	88.01696328568292	57.55743195665649	94.48895471634275	95.70462782285682	74.1654090230782	67.22944513828662	129.71222549325984	35.77277765782261	51.23807987974145	53.18685468505447	81.86843808864751	235.28130607864082	261.0694089716045	261.84040063101196	49.02868166684024	119.00902516993139	99.95826303486584	105.908589620804	119.71526431003596	56.089470087369165	85.35481761351299	71.84835889448303	108.02170444981955	60.29636939482126	105.31535526927107	110.73461586700019	34.217024583254734	14.128840233097568	600.6822916066269	247.27539437321656	26.485088333658872	89.06419883518497	204.00540418542198	30.706414717499673	30.485077106939137	25.9137824586862	83.74316642879869	98.16183663677604	81.0761254089978	68.46619413449315	118.12823954357577	678.1774034485773	79.77314857828625	107.54306529847791	86.83419689256907	59.54914249662408	35.77060169528297	76.25952344943161	273.2880676049065	313.89370201085836	227.5110840122688	67.96927010418577	79.69673479372779	86.36208996733495	58.74444102685388	87.21174737240926	55.33034248448845	57.42161390697288	92.07503295565886	50.437439261633884	623.1342394893434	186.29448788999957	105.39473324006303	155.54999095447482	334.5076720433983	48.093395055917156	202.73231311933245	76.5057260056492	57.63343901287726	65.54466584057866	81.68035256846778	52.229504708794366	113.75298259656577	52.93244059089106	51.49854549955294	173.04081671125155	139.34173198458325	86.93055414192236	45.05367179461625	155.1842708792864	115.6094521763752	145.67990028809186
2026-02-18	98.1704404785733	89.41113048190816	72.79258746453348	47.95416947449745	22.624181617690134	30.13553795051515	65.3242634905126	73.26617475918533	94.16041625742216	25.370765081232555	83.50442585333744	195.7944498604446	98.2437677668357	52.16382520621946	77.73795359901844	93.44512461767907	18.78108757417796	88.09309925758755	57.828575978938595	94.4706698325366	95.73838797759052	74.32850452984965	67.13300641313745	129.90999916020414	35.73863797441912	51.41546671294201	53.253427189939345	81.59026686536868	237.4995397580704	261.6403105649038	262.4052619610138	49.36760659574922	119.30149439648913	100.00552159311651	106.41532767783363	119.45387315233243	56.15162858311329	85.03051625914907	71.54905356223175	108.07274187334727	60.42253772475438	105.71267793981131	110.94385364883212	34.8268808219008	14.26942004025484	602.2080891626885	247.88198277010437	26.41935443141684	90.25709789171358	204.29566321331646	30.75436378422591	30.547311884158045	25.907854249667807	83.70309566557123	98.17814732229428	81.06389201968445	69.27809523619189	118.37288518316484	679.5742669098355	79.9431958406568	107.51367818756904	86.83870641747595	59.63683778883939	35.79989359056141	77.82976248765526	274.3111175426876	315.5611698530854	228.04397889578286	68.06705158651671	79.80193108704944	86.44361441115771	58.73214673718182	87.4544988693101	55.33599910784481	57.41612731176281	91.91762817216537	50.333719401935106	624.4311944517029	186.34061857878885	105.17236509415261	155.70164647821397	335.2313903429882	48.08937636096639	203.09373376913888	76.66916854481678	57.702253792937654	65.62702728674441	81.7937552332085	52.28861290432394	113.65391515692546	53.323935902134984	51.72654096877061	173.347617828282	139.87264821885412	86.65321576114673	44.8655562189634	155.46162701679162	115.95322843804112	146.20311695312796
2026-02-19	98.17977895510697	89.4176891118037	72.80999765072377	47.98508606476337	22.59018986890366	30.235441132545173	65.39923043910396	73.30246375288368	94.16237289311537	25.327839548978094	83.54439966372927	196.30954792826918	98.60688449376941	52.47357710811461	77.77405950214595	93.78256368213056	18.770367471781363	88.08190805774885	57.92980999264313	94.50535063282103	95.61260600661753	74.33069132132131	67.06506125100232	129.88490070314896	35.86474135049081	51.44977780532355	52.776713213499946	81.42149909430543	240.18968076770707	262.2287093596003	262.188974364296	49.793594099876564	119.27519025244379	99.94489565373598	106.41899425273517	119.21889519433029	56.149542852958014	84.9226334652679	71.40434092906509	108.1418663895545	60.37137933601	105.93634080096035	111.0187751215352	35.48979539141915	14.399709886613016	601.8148600110317	247.7518281770444	26.366894241465253	90.1735471148021	203.5806395290215	30.783217315391763	30.5485277682509	25.909723366594157	83.6436086848364	98.19118929225066	81.05777532502776	70.14404868621118	118.52502749148476	679.3746883865583	79.92901064005497	107.54249506912632	86.88460894604266	59.57138482154372	35.81453953820063	79.50988246453076	274.9117538397032	317.04790365212864	228.19215546351643	68.10603555888335	79.76529964997003	86.18449183692651	58.74061179022177	87.38486891097341	55.37275342965483	57.41825919726324	91.74168533242057	50.19686038761306	624.2766628996796	186.41831801742177	105.28118224190052	155.8817070281695	335.27595823301755	48.10187812188944	203.0675806907218	76.64622215082636	57.55721782359285	65.62974823199525	81.78593096133082	52.22437313307017	113.87689959506429	53.71579905153136	51.62319632667046	174.14587007136757	139.7893590825716	86.33304327486047	45.01638673680104	155.39781332529034	115.73752425320025	146.80306604492336
2026-02-20	98.19418330079567	89.43562449364599	72.81383900480525	48.025078585360205	22.578114953983082	30.46377655076966	65.282809952218	73.89698230368793	94.21161857546394	25.3495105185076	84.6678449734662	197.21326090261115	99.7434408735937	52.7120197247116	77.82095156503782	94.86628031518637	18.81487409691363	88.40633336237052	58.34833166258133	94.52269103296325	95.98262594032047	75.08077000758448	67.33678706471014	130.2195041845823	36.238826287428026	51.7091780719733	53.09835569122263	81.57950107303162	241.61454710992774	262.52788312218297	263.0732774653511	49.853658545909965	119.69584936816526	99.75599045992463	107.00512853505899	120.01017010082725	56.257464907924316	85.11536183761442	71.41104039861457	108.13282284321474	60.48984501773644	106.10316872201338	111.6353641232676	35.741235586334575	14.519855114967886	604.2791951422346	248.7628998673308	26.438633201665244	89.58677355740105	204.10317071665918	30.81716484055721	30.67870953231881	25.910657925057333	83.89001494422484	98.20747971692612	81.05959979019943	73.38202571639661	118.88439713807637	681.730770706951	80.19970429463686	107.52789655189714	86.80570779333382	59.937463956182015	35.836186700252654	80.17994046932593	275.68253097258594	318.15516215321276	228.7984169041215	68.4871074400862	80.2526563862643	86.82185636157848	58.754587053558154	87.77614798698085	55.33782019627273	57.42420604516482	91.99889823872005	50.43843034639442	626.4251051314804	187.9770346800976	106.00059173130182	156.7311519759988	336.32941588408687	48.10812900235097	203.42884039418902	76.95206310178037	57.95324575261674	65.65034240823395	82.27340142426893	52.256425992194266	114.81089776506144	53.76464543641021	51.73947177478543	174.98647873685564	140.08151578396158	86.28087863205914	45.19955384203333	155.14859843510612	116.23093329969583	147.71998395019605
2026-02-23	98.29871747437244	89.44459218456714	72.89363291182644	48.08923187385686	22.631126149171717	30.568034630060122	65.3496454851422	73.89611535838694	94.26520259827885	25.36513726303798	84.70268927140107	196.71077168665715	101.69172013162107	52.99345340483627	77.78190904057556	96.7181400050053	18.872033796808864	88.37151690091181	58.464387999259415	94.70176375988983	95.93149851703524	75.05899691175122	67.5318159261539	129.07759037964468	36.09508681925112	51.76966433811067	52.85417815078709	81.54967637880097	241.13497893826465	260.6313274253493	261.93446588111306	50.03168576404385	118.65897128442442	99.90934059739396	106.60901720942402	119.71057897741558	56.15035606541235	85.59652598106307	71.72073702669987	108.18644087107026	60.42489992586041	105.66658603947349	112.339643273792	35.92591755207842	14.61492757655743	601.8239237429923	247.76382755817713	26.48919784930674	90.45338662611263	203.06178585881787	30.79509803764921	30.529505027084696	25.920789739811383	83.75679412372375	98.22538673956657	81.09470315437706	76.97601270561042	118.06011467621592	679.4160750507411	79.92828232309968	107.56894476642708	86.92630284075871	60.02498922601581	35.82313790579039	80.53997099760241	273.7900569901992	316.51550832270016	226.9827198045998	68.5092359405021	80.2583701242845	86.73740904626776	58.849259316574	87.71710689143964	55.42213542467445	57.44181646252382	92.13236843088346	50.51421524949116	624.3317847434746	187.35076099239257	106.09529708635404	156.71412487715958	334.96732024673094	48.125763643631544	202.80171572932107	76.62652517271636	57.91698580660622	65.69429275563064	82.29874523728094	52.27245242175631	114.56439587349752	53.92144625336135	50.92823999200697	174.21628471754892	139.05182814344562	86.78458528160574	45.46255844567487	155.87344777712337	115.25523715766042	147.00921530273473
2026-02-24	98.34611700744989	89.45884546972498	72.9140596504933	48.131125641518274	22.6281059899301	30.699445476651157	65.49848454677033	74.34783795263097	94.26303342804567	25.377741895068795	85.64463000557359	196.7975321445981	101.95085960804687	53.34553880568962	77.7335486670163	96.95906847662374	19.005332808743788	88.46247659010434	58.37525468383381	94.78156120123398	95.98956822824418	75.61852967535803	67.72794409588946	129.09676332947078	36.33918655232576	51.80979516649186	52.7620881598662	81.54960320404892	241.81787856825343	261.0934804851356	262.7016689757128	50.155231920107866	118.06658815075713	99.84229313194894	107.34484521359873	119.77928164569022	56.238920098135864	86.31071416240653	72.12263657975618	108.19871588841599	60.22851556046439	105.91329485079143	113.28576173089014	36.03089281229409	14.657463692911282	603.8153432191524	248.589540121862	26.51448017312749	92.57169453375944	203.24214323458472	30.83774410244277	30.614379054680043	25.925855647188406	83.74442870859039	98.2343402508868	81.11225483646587	78.02800726833254	118.05055370651615	680.7194816171675	80.09020927678421	107.59913531656315	87.06420656564302	60.265691329316496	35.79273922572234	80.64998656691644	274.264993094709	317.75438196896727	226.8780557641163	68.6589873244991	80.51406131336296	87.37362166790928	58.877111881797745	87.80513623990927	55.49337629082844	57.450621671203315	92.3157874869261	50.482108006215306	625.5554492565029	187.6187475005908	106.52764808541335	157.13246832236885	335.64958419563106	48.129743928139014	202.94128602628163	76.85084116912185	58.20790162522694	65.67299781824501	82.55462316795688	52.47793153314378	114.83753774998118	53.97533150985939	50.64611538784919	174.89767025184085	139.43375861517984	87.41416611492397	45.84874519573783	155.90497797791716	115.63698366061732	147.60414073242205
2026-02-25	98.34549044952573	89.47085492480389	72.91453791240485	48.12263259920152	22.621676858185264	30.869209165632707	65.5777182255336	74.79232336474323	94.30538680069276	25.43197016018088	86.69218042026726	197.19879201224046	101.95542934625976	53.62480912147274	77.76224399903549	96.96453484866343	19.022115638380683	88.91678517005218	58.76236489074503	94.78250423342949	96.48103213047952	76.2851864685384	67.95420489706582	129.3444021725479	36.59453529276444	52.14626110863655	52.7510449191665	82.02443920578423	241.21668617133375	261.9453455892475	264.8058668364892	50.221939309052956	118.71196305120864	99.86823671490025	108.7565137933228	120.12152101083339	56.311627331172424	87.06741686513881	72.12100685799332	108.19031940050682	60.24953075996852	106.01664879868673	113.91226334225172	35.88964531972127	14.683731865529127	609.2010981232481	250.75611191884116	26.546714573868435	95.38584574100082	204.11290816514392	30.795628719312205	30.8561616571618	25.942887311509242	84.10808853032059	98.24369981904692	81.11126123781301	79.03400409192994	118.91058035057253	684.248717859365	80.50352825289406	107.66258187947298	87.13801072300706	60.54310300413579	35.80857435529281	80.18999496192501	274.8391921039951	319.08164349913204	227.03760728879644	69.13011469496439	81.03852098260921	88.12926994039995	58.87154887607954	88.22136618514018	55.52899672390543	57.44526818728623	92.28109320635367	50.58105415569554	628.8044275091108	188.3189638992212	107.56882434788245	157.84294467143832	337.2896053302374	48.14624327144256	203.25240418257442	77.49295598495155	58.517847373282414	65.695995979435	83.06971575878313	52.43257118954553	115.14256953417028	53.889507872239264	50.94467596479862	174.5538308534595	140.96488040622273	87.3708556404698	46.1202019893484	155.90099820526717	116.00178040452741	148.38921331054695
2026-02-26	98.42303895645232	89.48174627954062	72.96831250478641	48.157639312906426	22.643065182327497	30.914450583487742	65.80489991476875	74.68663180566263	94.29760612007294	25.454291125622667	87.04199017351254	197.8318560280929	102.39271558865723	53.79885475604887	77.74294222046501	97.3772678820954	18.821069682898838	89.14886423419601	59.019690288390095	94.90956647828702	96.66281068193898	76.24650177308756	68.12157266337667	129.8302211058052	36.46548625905312	52.29966253674015	52.665523375110595	82.26185720665188	241.71409412326454	263.0715344889597	264.3767493362134	50.250358692612416	119.4586006967469	99.64827546194232	108.59338293425905	120.08903504154951	56.385879965024685	87.35696587885846	71.99172443729745	108.22004144463818	59.54478071506727	106.50332333122813	114.26511452024695	35.7979644445286	14.701866066278967	608.1866086319366	250.36967125483073	26.64120759058412	96.47292164979729	204.4538234673376	30.774571027746923	30.85744407931332	25.98522901799827	84.28991844118568	98.25814904282424	81.12541287598658	79.74200052008607	119.07717356762025	684.1032407656201	80.49688131394703	107.83933995096696	87.34950768083947	60.252476108391136	35.80455763968254	79.97999580249571	276.0374244211382	320.861866671441	227.83187584898806	69.39044339484548	81.17681130307218	88.08429973460427	58.93209706987571	88.40009654471854	55.653439173109945	57.46698071229546	92.57975558755183	50.67052623861437	628.6542889498679	188.79324812392701	108.18441369982014	158.32227494802385	337.4453092569156	48.183511345193935	203.54587219626768	77.41031924003437	58.303963817256445	65.69788583761789	83.20813287328805	52.38027180082745	115.40409421532732	53.93484907466944	51.40514971945986	174.92755019235474	140.7340347465684	87.27561489298881	46.1677727323451	155.69651655868827	116.16430038903128	149.17978274169926
2026-02-27	98.55914521064804	89.49696139660625	73.06819784785219	48.21930160530575	22.653759344398612	31.051038234248754	66.15414368297031	74.65862733471607	94.31784373996811	25.470244775457818	87.10257238778166	198.25774777723004	103.26635748915282	54.249628031100606	77.67081421936336	98.22363378845981	18.49614809218184	89.21072362100426	58.89327181045481	95.16297415711226	96.69958847695582	76.197400971993	68.26442250112193	129.23504921257057	36.2429760549416	52.20827624517672	52.467761916437134	82.36077937236891	242.41167352647602	261.36007754721425	263.0051318702551	50.68388753722418	118.77696880540469	100.23214249171335	107.61289553817446	120.75809479128256	56.56039069662367	87.74347393674368	72.34212610414677	108.21551617519995	59.107965461293404	106.71666181820196	114.81772648009418	36.14801901120473	14.810933071286456	606.7076841987807	249.76790447507162	26.668859906437078	98.16646113007442	204.25636119655942	30.890920920367602	30.74844612260344	26.016065360439566	84.4153487774776	98.27513546501564	81.18621107666516	82.3659991919278	118.91693608800935	682.3883208222632	80.3100213149325	108.00991045399911	87.72199886605449	60.08697909728639	35.754800716203576	80.96499637536894	275.2401019810769	320.087061265408	227.19915630828308	69.48593596133875	81.15176014372359	87.76192602086658	59.05005579812145	88.36212331508388	55.86106139868876	57.51686704987331	92.81173600910795	50.690262661543514	627.1367147874339	189.8151497577643	108.55720700249796	158.60165108485177	336.67046956986405	48.226330562733686	203.85514282420806	76.98772950527109	58.11228235418486	65.70843998912144	83.20289379870457	52.55652231398794	116.19384932323983	54.38406195798902	51.10685075389497	175.33267158055236	139.49766312523732	87.79213102437527	46.46093295125556	156.9672463164535	116.15115043865626	149.2466754284668
2026-03-02	98.42997085971855	89.51093949957266	72.970721543555	48.16654891971831	22.526504687458093	31.03014062286168	65.88631027532304	73.94403305822718	94.16464010118523	25.333796208224513	86.34254595951583	198.37128264105644	104.40317920234008	54.59790514103858	77.61252579254301	99.30181552093889	18.388540736154397	88.48802553730877	58.457252207717644	95.00306453216942	95.78327736225721	75.51314827042033	68.14848093439886	129.37386463314076	36.023106984990335	51.762140975981914	51.70888133968829	81.69298581655555	246.18186520562082	261.69625886638056	262.8280359058307	51.42356684600467	117.77064840416719	99.81535866040745	107.22253205863801	120.62085724061198	56.57663738017219	87.59139486632105	71.87005292023744	108.02998022505115	58.6163663823801	106.58332938322206	114.76734178618966	37.09639987120295	15.085466363981851	606.3668731052497	249.61649618284832	26.67778703940018	100.6832290391583	202.29315099622892	30.9930154299714	30.733816452720177	26.007321239179745	83.74824369415873	98.28950712459766	81.14462683960211	81.96799944337602	119.15490587969803	681.7244033310535	80.22155423656781	107.94532769404057	87.465918866621	59.60049829192933	35.740483243843975	84.0774994083876	275.64861544366346	321.0156223075087	227.1439507127353	68.92444457368696	80.4352550718618	86.93705431902704	58.96980061939764	87.41258326398724	55.71542373523305	57.48799056229017	93.04440636514968	50.200130873008085	626.4969157433263	190.22677348728058	107.69360441677632	157.56995243451573	336.45655741676796	48.23806609923794	203.78814422704545	76.89023087202031	57.58777264681899	65.56398638250018	82.500426086364	52.56566235633479	116.49953925512577	55.15779025633826	50.89348656469163	176.40827152025665	139.26807289562646	87.4126708893849	46.43119393839633	156.77784312892987	115.42902217977735	150.2254647894287
2026-03-03	98.31168800554286	89.52282662234492	72.88292470610367	48.09100685121658	22.34950169523051	30.53904377639666	65.65139564669472	71.9271709480589	93.87479288994808	25.044119211595167	83.59656594850792	195.78370192843838	102.64158822787903	53.89215516146167	77.5061034419258	97.6109068449421	18.030553098179738	86.83615678110556	57.33174118564593	94.86939115280346	93.87880222482977	73.36056659736838	67.48897816861545	128.7589080245782	35.05413123602544	50.60470520783959	50.96444128019571	79.96909727839497	245.27397703640418	259.5947267232293	261.93155030154816	51.49248219924745	116.44423457195664	98.92799259314319	105.74888123317643	120.24435424896811	56.322675761008945	86.73587916533826	71.0707381300406	107.91291262839471	57.57086896694689	105.96166286055634	112.45038613357335	37.89264611785245	15.252733220137898	602.9524795213749	248.22550730773276	26.510804759324113	97.80661467216704	199.11891131354415	30.91230304121861	30.636796150554424	25.988451421591826	82.15723341934499	98.30649291166407	81.11894046447878	78.3239998742759	118.83154611001504	678.3908881889643	79.8201620364968	107.87918850522341	87.2502934176855	58.24355320785431	35.69011733908508	87.1387481783149	273.51557664273014	318.3993516810981	225.54941523673875	67.4549514738552	78.69877911674145	84.99076302987484	58.9052456160953	85.63503690176901	55.58911712579524	57.46865996925544	92.91279385029945	49.270065512797984	623.4208516704913	190.54682027635513	104.75180098768504	154.23981783102738	334.6689830540871	48.243933867490064	202.50360733080788	76.60141884177187	56.32361807389778	65.36133889437508	80.73956240841638	51.92353628680998	116.69697421740663	55.28970483581073	50.742349895504994	175.22977052575334	138.13694324712964	86.74711074376472	46.26939183003801	155.79910070264853	114.54123228129492	149.08788345672608
2026-03-04	98.23301532845502	89.53366825502012	72.81461985427254	48.02373676301063	22.30043463210012	30.437194045485928	65.38965503770282	70.99824199868766	93.8849558016635	24.976308987816626	82.71565663148053	195.3945593992778	102.13079548723053	53.558944936077516	77.5881347287754	97.1304541854105	18.036064741838892	86.5224904694102	57.249715731372774	94.70490202781775	93.48738237462192	72.626526584817	67.34658945662218	128.80353390730863	34.89548717257815	50.431375202186395	50.617220868979686	79.70569045438303	245.81254088636615	259.79548653055997	262.789963383196	51.38387919166474	116.29864011312677	98.7122873121966	105.93594879529915	120.61725235031413	56.3148222249869	86.53999005874334	70.60190882942459	107.90298570262509	57.16236281294122	105.53083066733872	111.47999958534136	38.472982070767046	15.406366819877299	605.8147102196718	249.34848668609294	26.442009740501902	97.8333076412593	198.7051694629244	30.847548043131276	30.747761326009634	25.94518873112062	81.75129661079555	98.31498580519727	81.08160692047181	76.83199810608326	119.18676533406025	679.1055393093259	79.90221511248669	107.7252502279535	87.00623115098142	57.83095171379044	35.72734474131988	89.34937286845432	273.13243736921663	318.0981285993381	225.14633542598656	67.10159454185924	78.23211050563634	84.24867741337492	58.824113286563275	85.22623656001537	55.44816307034391	57.429638669930455	92.90532957285481	48.870033366750555	624.0936655813393	191.55617838768927	103.9058992731394	152.98174820994728	334.994754588567	48.21784934951651	202.21596839929066	76.84410160228242	55.86600215218326	65.3373009169141	80.24628038023357	51.592598908175496	117.20694276666231	55.19386937042002	50.81002725793316	174.90341370525948	138.7371651660453	86.12981147539799	46.286446479594204	155.46282854956644	115.10606535939746	148.62855171371461
2026-03-05	98.05210413029197	89.54397951325225	72.69747487464603	47.89668931961567	22.19210078467799	30.207883445472454	65.12412591973032	70.00708608723446	93.65256090864425	24.846119963268663	81.23139017487112	192.759436376885	101.25539637032425	53.092489359518254	77.47457883899708	96.32522541423845	17.889222442025403	85.48396251986135	56.60533615242955	94.47617690502216	92.3176162056215	71.47579991350224	66.85629720023492	127.710040269084	34.307652643906266	49.62786754799261	50.493609900432226	78.53520301527746	242.62550872443308	257.4127121373503	263.18926269745737	51.46277356494858	115.56033842814541	97.46949738534634	105.61997482489568	120.28724479698323	56.09169150800126	86.02270727912753	69.5028129352201	107.68412071996488	56.486237406226465	104.66041579143302	109.5197620607371	39.26318056480247	15.603183505306081	606.3289859692109	249.5861390949996	26.28515091212107	95.6166545835691	197.5834654687669	30.678529995381556	30.808228769389096	25.928390607320566	80.9713705038841	98.32412650855566	81.03356316482575	75.55099737457483	119.06119425150278	677.5676317152098	79.72000938119452	107.63377761031464	86.70902148979735	57.1692237969587	35.66434871648514	92.82968521352404	270.8214677080458	315.26073422154406	223.3433627203175	66.13737182537298	77.1906821754256	83.44500978823044	58.724920946870505	84.16964827878698	55.26098300917098	57.4052356710248	92.43487303838053	48.31501584414188	622.759570827779	191.50953450634464	101.86795055209704	151.34016304540333	334.0719317376429	48.22898845649654	200.7620064164422	76.99036439977402	55.2733197559012	65.21902353584963	79.19556221770468	50.88904428135825	117.28850708889756	55.28813303420903	50.710498400695094	172.80070587606724	139.20667157228047	84.96270236855837	46.11375470342015	153.74392648181447	115.46798781885889	147.56300937736512
2026-03-06	97.90307385469677	89.55893891434097	72.59008951862185	47.764327478411346	22.11821855182386	30.370715900287497	64.77013180752141	69.50654521036527	93.23103890769127	24.742512267400933	80.09658726883205	190.3881181518214	101.6126987955137	52.88383966572104	77.22942351373682	96.65261438558602	17.63628259247266	84.6100537696963	55.9937271887636	94.33250983922983	91.353937497342	70.70203035836245	66.51253351833034	125.74002227077247	33.845877255791024	48.89982740497775	50.241805789449515	77.5443387207735	242.1092784100681	253.3061027727767	261.6732751475568	51.68968069726921	114.38765212422896	96.52595886723373	104.443204270358	119.71503353130412	55.72756648764321	85.62099948306962	69.03726080720966	107.39481762316603	56.41639751170698	103.73020942159542	107.40118504648183	40.60325852580944	15.991591333036341	602.0216707189804	247.83666390785135	26.045073701299792	94.07332668143299	195.9039229809655	30.53058255597935	30.61918320183322	25.93932061646546	80.35950651048697	98.34828151599658	81.0291297574617	75.74549990799053	118.29761449025335	672.3682885138548	79.11301448673984	107.68956946921982	86.39983316311157	56.642400747356305	35.55603986727577	100.79984092829523	266.7344643227729	310.1333883510064	220.18508620635015	65.4026473995029	76.36259114874795	82.3352444571035	58.675324777024116	83.34748893431536	55.07986665717338	57.407713126650094	91.69888564638754	47.967507388013324	617.938501234202	190.39349253393402	100.36897664933954	150.1719278361782	331.33499235807926	48.292598628883034	198.90219766622891	76.54599396746514	54.78756739443009	64.94252720981935	78.30290882491678	50.05841564959026	116.84372024977105	55.37938946937503	50.33472040701258	170.69774673686175	138.00161306885508	84.56064729633974	45.94904730410265	152.28688023309473	114.60046806104077	145.45799547237397
2026-03-09	97.98477438462378	89.57131287147712	72.63892064432069	47.73256466388829	22.10592324075568	30.481863878183297	65.03559385786227	69.698489737751	93.12205021556439	24.676265975619412	80.33937792396681	189.5454232116529	101.68635046587208	52.99088337961345	77.33869552151685	96.71630658244145	17.774102523653323	84.40953051643994	55.85470699342965	94.4071568666364	91.15250509510655	70.97980698826325	66.36037747693861	125.0426452601421	33.90627412289063	48.78299399423692	50.11090266584292	77.3209707825059	241.74643455415514	252.60859490445478	262.3915234380362	51.78340274182308	113.86045966807151	96.52005951174186	104.97347896623369	119.73681592947042	55.68369710795734	85.59281022737466	68.9724801960853	107.57101644708106	56.85334798681052	103.23510364268247	106.58938646855341	40.9809028682514	16.09079593354698	603.859407136834	248.57614597980458	25.949526406008783	94.3866618148376	195.5563697546429	30.40292937003069	30.70905430080675	25.96894886719269	79.85632414757747	98.3652570910061	81.04650152423866	77.0027510221105	118.4426610048923	672.6907970889587	79.14683164522539	107.80449390209037	86.61992619459289	56.71280765822405	35.58829787248066	102.56492137967496	266.03292735181617	310.4010447614407	219.0050720948743	65.34733886698777	76.33523768252827	82.30147614090527	58.69937961263315	83.12741878356394	55.188677911716574	57.41873464560044	91.43299232270549	47.678753388830884	618.1898927069448	190.0738901268303	100.44948771431821	149.64737291467114	331.3893589720084	48.31472964281066	198.18901387217696	76.82386597176968	54.873670705882034	64.87189837053467	78.33803507041738	49.707277893154505	116.67087211829373	55.302447649116225	50.0282820632475	170.1423151408918	138.6296517492713	84.45282425852143	45.920568573926325	152.32880388607862	114.24124355200476	145.72895958921433
2026-03-10	97.86452235466541	89.5824055507288	72.55105440785371	47.69701849222247	22.08991650013858	30.567167710270848	64.61525099997606	69.82924441111183	93.06271501867087	24.739425788713028	80.42597939777443	189.40242657164674	102.28817492776025	52.98050333531454	77.33053779371741	97.28315252828128	17.98762480156055	84.44718545475317	55.96669637696385	94.29312845162875	91.13049754267047	71.25758080126053	66.18568953192633	124.40632476630151	34.19813408598145	48.97670779728936	50.020451485509355	77.5654422088799	240.43284862473382	252.1307134678524	262.61598876979934	51.583605438904705	113.77433460088146	96.17018219117367	105.23861631417154	120.15988135340709	55.571220578514804	85.50965050553303	68.78691453651922	107.289650984771	57.58343516283885	102.44755365239592	106.36168313295835	41.69518242167453	16.265398233802298	604.7832802285732	248.97577898355462	25.9164488795791	95.43832983930356	195.0445041522238	30.28054335933175	30.71412054182183	25.945101989443515	79.69842574566374	98.37374487851086	81.03070468057636	78.54637368000056	118.40584359448717	672.3112493745575	79.0942898460502	107.6830735196487	86.26769243689606	56.76622629310128	35.59002257820811	104.21246099501326	265.0582117227831	310.0164708670485	217.7449295410895	65.34940109242943	76.4504595700239	82.44191009804052	58.647899950359545	83.03207792205541	54.99508816240126	57.40957026469475	91.23197620285666	47.539377457354895	617.7802185702692	189.76012011224327	100.66474248386808	149.51911339825352	331.0347978942073	48.30161187645904	197.56152506352987	76.89468673954696	55.10613543228672	64.84141335763061	78.4399792966833	49.47740489201182	116.49526043048476	54.91097228342042	49.74169344556418	169.4082394796256	138.94367108947938	84.27628166661424	45.76429467819851	151.8015555685276	113.98709592761371	145.61069561491968
2026-03-11	97.58471936825067	89.58795189035463	72.3460228093956	47.571077758074125	22.027690069222125	30.589999412996754	63.7462050593142	69.94430817967701	92.8828017537202	24.71804911414411	80.64821995401417	188.75931112517884	102.43908563282544	53.32431805864848	77.23951434973957	97.41657779001955	18.22403796382959	84.29854008455432	55.855904874883294	94.02126286473039	91.00634984555398	71.47582866967323	66.04410819369754	123.95426483066052	34.34406406752686	48.940082719445456	49.64522597163651	77.45023972016261	239.25735601402707	251.63850736869182	262.7531695557981	52.08555157504317	113.3812659637708	95.81187484802824	105.6708294583553	120.14794528485784	55.4053784319576	85.20659984993449	68.33344063617953	106.71144918012965	57.754762701658684	101.62377835207687	106.17853367463347	42.67100505971422	16.51269923134207	605.2052997822553	249.14570351765622	25.782346868683593	96.17916400412443	194.8929796151744	30.26814986875279	30.70668681204861	25.913849479524004	79.49619697317367	98.38777728544684	80.98362550312999	78.22818867105497	118.19856922766351	671.6997836228256	79.0283346508083	107.54016804644544	85.53684609637772	56.89534497333287	35.54768157718999	106.13123202338554	264.45200320025873	309.77434871477425	216.95717393802522	65.29594688410535	76.4535394163596	82.50229660175464	58.543989342855554	82.91583830795153	54.58222082375434	57.37563207143429	90.65988382286388	47.16468918644112	617.2333710038846	189.45919213619976	100.68236971605513	149.44009106191973	330.72365199886144	48.30472515820023	196.98674855471415	76.94920112734184	55.247291120074024	64.75372212070984	78.45124422597837	49.34272161104497	116.21916875894355	55.39182838109009	49.390936825931504	168.77830797223467	139.43446677032563	83.63368526690087	45.49514248680433	151.38978382674426	113.71094374627756	145.48191488509656
2026-03-12	97.26418433012142	89.60051738804842	72.11170921963921	47.42452737391011	21.89305741406663	30.606370556107752	63.28282390416882	69.15218491259242	92.4051345499558	24.55330804248465	79.21847719502466	186.39982768173005	101.51954205347326	53.7075958884551	76.94766092242838	96.53328965794923	18.282405296306884	83.57895754227715	55.2560106802395	93.73396669847847	90.22111239225941	70.44411779552998	65.85497798600892	122.57771835283026	33.8048369043689	48.437284554302806	49.08261321470009	76.67043617477857	235.08363406170105	248.69072890407247	260.55752349860217	52.568383850265725	111.92273442231509	94.87939857513717	104.62344726091592	119.30769914389376	54.95076279385966	85.31160909855123	68.07211582590227	106.13553263449842	57.52749922497485	100.03189039674156	105.63652712174056	44.27339544367547	16.861349157907362	600.2190439340964	247.1032930430078	25.622226786697752	94.99458078135909	192.68425225875907	30.174113043202077	30.42388574153456	25.883726421280556	78.70964252345206	98.39968393080936	80.89152817514898	77.35409601399428	117.3344988472302	666.2988359032097	78.39512969723032	107.4010349509571	85.0886974012162	56.50694143808245	35.41609847902468	112.26061570651699	261.34613404641846	305.5458505048481	214.8682354065126	64.63026752469428	75.70647551872668	81.4509239966781	58.404093823039105	82.25531295280389	54.30285014271213	57.31462610956969	90.06268803569952	46.50734383028111	612.2358871620986	187.6597260729827	99.28118348473654	148.0455460192411	327.93065839689166	48.296609634153825	195.52219812989614	76.29448581757717	54.69479920078408	64.45387979814788	77.67761033320403	49.19639475632815	115.22394137410069	55.89210407091614	48.815452086061455	166.35515740408607	138.38952800186203	83.14560087319653	45.52219320690314	149.85536859794246	112.27096488461339	143.96467417838812
2026-03-13	97.06486194045134	89.62149053606522	71.96038036665554	47.311920745670875	21.74194077063195	30.495631986733073	62.79623907000433	68.7312781557591	91.94335478108141	24.36984039972133	78.37437150156507	184.409874778365	100.39977041638507	53.46174815479884	76.7292778489095	95.4566434556836	18.306602199545043	82.6921200675253	54.57344181778088	93.54149049035252	89.27751405135432	69.80922091558725	65.71604032357087	121.81506233193271	33.26862557498718	47.775555653005895	48.57130729399555	75.85017933006506	231.92446168417084	246.8095902210792	257.97845352176205	52.93806155403911	110.873037895972	94.17527210251	103.65029708626851	118.35125252604844	54.68057205549917	85.63051692110179	68.00568529332223	105.65311253917304	57.46353675238	99.26594519837079	104.15776780281364	45.222900343297695	16.995674159336982	595.9619084416576	245.33974771779296	25.478486096901122	92.25229145879479	190.8987286074069	30.11733472747262	30.118025024087594	25.844501646004048	77.73448282178462	98.42033528205508	80.86996223820925	75.02204922770026	116.41041730081236	661.7280007152767	77.85674072141789	107.22510701405277	84.65538690861591	56.133523285569545	35.30710166871156	116.07530754808272	259.7238635319983	303.20232283543186	213.70551052552193	63.925944995867646	74.96607650448053	80.52210811650312	58.32926515797951	81.36671973934139	54.03673810541368	57.29390782712371	89.83701570974429	45.87867191514056	608.0468071064399	185.91562506041714	98.20059311565929	146.44492266782368	325.64675620039895	48.297388908263436	194.92291089356135	75.54433000595655	54.27400101030415	64.10108540688644	76.928461996436	48.88133756065919	114.32003190531206	56.23539682305572	48.557348006531704	164.8509109163985	137.34893117622397	83.14192656574866	45.76101649480899	148.90542172572904	111.22301448576373	143.05679997981906
2026-03-16	97.15559228614364	89.63197711007362	72.0213927284938	47.36378126516942	21.76004375720318	30.519545462665853	62.87998064950412	69.290981637694	91.89179000040399	24.37920368527326	79.20986412602667	184.54322474269813	99.79988368231363	53.437134758551764	76.74085199818522	94.89332264336915	18.388513425822325	82.96292328449508	54.79137483955451	93.65520950909227	89.62234619804045	70.42427903689519	66.01636824528153	121.8800500868648	33.47940937562836	47.97861339779201	48.56565433364328	76.27107889232745	232.0755273508745	247.02617877753178	258.20007270814665	53.29062692264944	111.31933526268327	94.30889993675305	104.20247550846628	118.55336521566093	54.78373695548396	86.13530774643957	68.20964120012792	105.66469866460605	57.8885295456236	99.34797275177328	104.11630989627986	45.33322522658049	16.94783688893363	597.1520662813757	245.81310811182618	25.57316352727136	91.17614496645794	191.22409880077376	30.123106183621566	30.144506553486668	25.85388477228181	77.88795903174193	98.43066095767793	80.9081523532355	74.1210252242017	116.52988516407805	662.7864551916227	77.9754284661777	107.30635157221192	84.76475094942515	56.41405740389317	35.310209006963206	115.5526531636898	260.0368280062335	304.3135485026769	213.60211439362035	64.25236306189866	75.36431342924222	80.83937742250937	58.379789134165534	81.59339786405546	54.103045795260556	57.312906596056976	90.09852723353426	45.93933595757028	608.97604027197	186.1015198055992	99.15029579489018	146.78621255461496	326.15566874961354	48.321959911285035	195.3620673242221	75.61531228081031	54.562056962671605	64.06959711628502	77.31329487150902	48.8274809904126	114.30410088307596	56.50509999233841	48.630818244598856	164.79820478681253	137.8150676999284	83.2578224137337	46.027360740690625	149.03297209333329	111.364898508751	143.17503695280016
2026-03-17	97.29859845020073	89.64212228306415	72.12512965282112	47.429044868424555	21.803601094605007	30.65538067963615	63.04208688236925	69.76461618505795	92.03563193867856	24.412771169418857	80.0103428296149	184.8186628474233	99.37994138339315	53.641115673343265	76.9205206035848	94.48166116909668	18.549148489949737	83.22146332071434	55.07693703830753	93.79508064565943	89.91775192592452	70.95501366395541	66.26021354158607	122.44599885935037	33.63910921357102	48.16912962064893	48.542827395703476	76.4765848258024	232.27132995961693	247.9165622891565	258.3712765884483	53.817165573141125	111.74953045482796	94.08826115612067	104.68831584871556	118.68421434611172	54.887742882649206	86.45677206779986	68.12879978707568	105.96703103396318	57.97187936631766	99.61898607071086	104.15497959413602	45.9011363864836	17.058918482613787	599.207167173891	246.6875141389209	25.66431308687787	90.64807385651999	191.56079512792593	30.16503247718676	30.192631771006027	25.911733188142858	78.03866411670104	98.44561612337021	80.93214548203767	72.89051444315554	116.5896190957109	664.1888513751082	78.13920349090135	107.53552670773682	84.93622374131414	56.74683316056475	35.39336858734391	117.19632475079021	261.45110748456204	306.55899593102595	214.41272101516955	64.52453892230676	75.6824122993379	81.3898348904539	58.444130788396244	81.88795412001602	54.22372977629239	57.3273002371154	90.4286161863472	46.174667902491194	610.2833692570787	186.52724610885429	99.7351477448572	147.1901338651981	326.96041799297086	48.38261386677533	195.8574634106462	75.73719105251453	54.825713845105334	64.17943661966595	77.67446970137951	48.859789231778564	114.31595653895009	56.939023842604755	48.795984683822866	164.9901210701641	138.426775182972	83.17841453328288	46.0968617515709	148.4201344231315	111.9228171437798	143.90087296858758
2026-03-18	97.16505773950466	89.65698719744029	72.03054807226016	47.368262363411496	21.731719408691664	30.594464517369346	62.901910445579155	69.43002614062468	91.74891414438811	24.30920025908687	79.66251623292268	184.2406149930476	97.59496947099345	53.26137853064136	76.81231871243693	92.80083195783936	18.434987987040298	82.62174087666577	54.74388996690767	93.650172463943	89.33244926618491	70.50116176972185	65.94824107865436	121.9342573642455	33.45235947739098	47.87383330397681	48.131414308203304	76.09951754107503	231.63560394465222	246.35677205033997	256.48037706375544	54.11003313447095	111.2596834403046	93.08585573675174	104.2620351216234	117.82597481831954	54.49656957670058	86.02056514156595	67.27310579563745	105.83137776063393	57.41253918572231	98.95949456123434	102.78341859955825	46.79953288440391	17.259458783543224	596.0440132744454	245.38594762121826	25.542516116803192	88.65903601273266	189.5265752373028	30.005435511969843	30.017349744755943	25.911662835831685	77.73431695214936	98.45799559220268	80.87068623589188	70.79525569569887	115.97833844800194	660.2463421914604	77.68899414047021	107.54858992247193	84.78351866997347	56.44450155647866	35.35814326278816	119.43316145986776	260.737028351656	306.18132291668485	213.60585849342462	64.1009230256065	75.20193155250098	80.95860457901601	58.35905308035535	81.23201722114082	54.123604618981155	57.285569750515705	89.92274315176735	46.01733425642138	606.7185584078362	185.35932617942714	99.36257280431337	146.2058228530092	325.1071010863292	48.40326677225485	194.83443238891687	75.24989740614008	54.434165821478445	63.9735264458193	77.18002736167608	48.36253659892151	113.47460958661372	57.11676305045277	48.58713266173565	164.43129405558986	137.94547377312662	82.12817821390706	45.93570084954033	146.87903541224932	110.90484042613795	144.0349091405438
2026-03-19	97.15198306286757	89.66441965462835	72.02230833788789	47.347701585758486	21.80422468695081	30.281564343340435	63.19733316773586	69.59563593408187	91.73641462224288	24.334442124782694	79.68991213867814	183.0370097670316	94.7274850406725	52.77657664019861	76.88380141554464	90.0854173522107	18.567399007558237	82.18888404917273	54.44982775017747	93.57283174588751	88.96108928763347	70.33871565048592	65.9549631296592	121.94660179613642	33.43797745292889	47.59270316627063	47.82570738298349	75.89614472634807	229.2665553292597	246.37787180397856	254.97592156410428	54.6757860679679	111.0640572658066	92.44092667819032	104.12880122170037	117.11876362375938	54.258094282368845	85.71365934080251	66.61797150743786	105.99689615570759	56.924252838710764	98.46474789096874	101.07797333786506	46.91608380975566	17.239729048448858	593.5256077114415	244.35652514117555	25.447158517691147	85.80451648048742	187.8780260830069	29.930517934512753	29.859936964968306	25.89712990271809	77.49830776806687	98.46418532661892	80.83016428493812	68.23762800043733	115.58323202917674	657.4663717793239	77.35448776237378	107.49226676299378	84.96507018703753	56.45581324772175	35.38373776908939	118.39658103510966	260.7761527256327	306.8947080892018	213.33054765491545	63.829678279160674	74.89227894763721	80.6250008368713	58.30674478663764	80.79139694675206	54.20483438346518	57.259810250624064	89.48992077021961	45.7886678148562	604.1281695847774	184.38297119518234	99.40628487627778	145.64417882152412	323.8929060119146	48.37973778676219	194.1850079425053	74.88580151679074	54.13869851132516	63.933366997934066	76.88316935100406	47.748603428244934	112.79628001303342	57.661595789142396	48.49258671661001	163.59631566793166	137.938969186368	81.27439336720744	45.76206467342739	145.8467290098356	109.96353242620374	144.77860111568205
2026-03-20	96.74026002508613	89.68283009708956	71.73017119775254	47.18009354495444	21.70738539950568	29.912042433205862	62.46974507507887	68.64494397412102	91.0128873343148	24.168938629835196	78.26712480102853	180.2879140632033	91.89874236774835	51.99045544961591	76.5620980039149	87.39270715022644	18.289527407526677	80.78044666325823	53.21379593990807	93.11424714125431	87.39303930324056	69.08193640800664	65.17436190540577	120.78057094811703	32.808723757592375	46.690804631841374	47.20785376778569	74.60727493885763	225.70645118757906	243.6968781016963	252.10244747638808	54.78600170707965	110.41412396981735	91.53364616990571	102.54399960987362	115.89612039830547	53.85770390998325	83.89272215697352	65.93464951104315	105.42823094528543	55.88537471037101	97.77737211442968	98.8887982228876	47.30700659603994	17.284864486077456	586.8050096662676	241.56995568582215	25.010588498042353	82.45225747730426	185.19921354199172	29.795459162568875	29.52706587933474	25.793214266239417	76.18695143042015	98.4819667782997	80.72175709974445	64.8788142291005	114.34195094500829	651.3836985849745	76.63524406429235	107.03382640517853	84.24807617017892	55.661391654988805	35.23331175563845	119.91329067014271	257.77010303517966	302.79006644694465	211.2120420159343	62.69628750383815	73.6217986535061	79.44639629245908	58.10959683484714	79.35669700853228	53.73974057124919	57.19311465900344	87.89277990415277	45.0243330681947	598.4657876732481	182.91134948919273	97.48814228555099	143.18439409826206	320.75744238584014	48.33411594843481	192.89984650054953	74.01680288852232	53.268205609422346	63.459248653996326	75.5621481825821	47.06645564478653	112.0062294535382	57.90950082120694	48.48976831863216	161.99327959910255	136.3713629501176	80.51392855616231	44.74956833219709	144.6984118071639	108.51893662325813	143.0010406701457
2026-03-23	96.71502823642001	89.69693338960923	71.72079086010675	47.1946190686198	21.757552791915927	29.59844866106094	62.3848893222074	69.15340841894528	91.09214465592693	24.245053764685665	78.97233040588536	180.80218304478524	89.46937164163785	51.91810217549155	76.65242885425238	85.08635296476166	18.21043180984244	81.03180582064279	53.3086782891679	93.0314392139377	87.68145922681559	69.49021747158145	65.09962068048608	121.42936323284758	33.12109771863994	46.88254030115018	47.418927417950464	74.89279838861827	224.3206709673247	244.95837099664894	252.44755552530341	54.96937300014627	110.90255377568016	91.22869137108566	102.89522978540556	115.80125538958242	53.89101015811663	83.35719252990278	65.65722420010165	105.48905214866811	55.55468495955562	97.66368758309375	99.10096191661958	46.13797748014888	16.93743231933267	586.7740868643838	241.5526322618564	24.885835096799497	83.04112736536112	186.1021549887693	29.801130002427016	29.564959827179578	25.73159191247762	76.33999289660656	98.49085750414008	80.7263151038273	63.67440772490181	114.25511625009204	651.7301793706122	76.67344936368914	106.79009893256973	84.16207824622228	55.71320887375905	35.258913568248914	115.23664411436823	258.7331350136836	303.6039718221051	212.04001148648277	62.933362181484505	73.90013272519056	79.9237100786026	58.07941847357591	79.55456920739114	53.67251882993612	57.19401521524391	87.42967013396115	44.80716661039129	598.8517292858428	183.02984008883465	98.15907205830284	143.33434640215836	321.0983867202638	48.262940389988884	192.93203994949351	74.08069758683928	53.451043112328364	63.46369796591418	75.83077196726762	47.111156365484085	112.02724268697418	58.381357542561474	48.70731320594694	162.10356576390674	136.49940980757833	80.30388886914561	44.46032684493156	144.14161770778117	109.08921074326969	143.8483139141744
2026-03-24	96.57060310746782	89.70888310715813	71.62334632727017	47.11338276123861	21.713624799888628	29.52093358193428	62.18375668808124	68.54804820361326	90.89914926277791	24.182012317828672	78.58432880767901	180.9151753846973	88.26968566823103	52.247034028419606	76.56717740930392	83.92317755049606	18.23570906898372	80.91120472916904	53.262449572440396	92.83378143558213	87.51574029456015	69.14378274702119	65.26440232022351	122.19085120260543	33.326654511175434	46.8449280637831	46.904463403799454	74.81296489865484	223.27344125758813	246.25081483182055	251.20261382222202	55.53464186811513	110.9643689288557	91.09603513866783	102.56145308850355	115.03376444405879	53.89813035371652	83.25222755157247	65.51357151167193	105.41251771251765	55.41417567069578	97.02684348637109	99.84062301763596	46.23147004805784	16.908715740049637	584.7528881587543	240.72078176813523	24.774230681639494	83.83056505597158	185.94704307055653	29.852763983452277	29.4144617632602	25.65728937207133	76.19954127862555	98.5099932662302	80.66983250918904	63.31220424392063	114.36620940068079	650.8089678591342	76.56326047896371	106.49418581882392	83.93416946368731	55.501307348256475	35.23330810248383	114.88832251494779	259.85342968945895	304.1754142557791	213.32617334578043	62.79886302128425	73.75629118559333	79.66362200707474	57.98127570407311	79.4271602445647	53.53193240385966	57.15532288472156	86.91115846175597	44.55358292372592	598.0284952581558	181.57359008836264	97.84453541879986	142.7193964066456	320.7681417243897	48.2031693374505	193.47515236000066	73.68402555123214	53.29822014930383	63.34034278788873	75.65205743138772	47.57977671484653	111.25239087473709	59.214406188272925	48.82105047809554	162.631281172969	136.16437012595713	80.16433838598883	44.46859916770504	143.8731312415859	109.15526592461336	145.53298264068096
2026-03-25	96.66925464821634	89.70995989464352	71.71131229327375	47.19567987549235	21.721238059124	29.581279016308937	62.463128496628514	69.06520757348632	91.21460072391825	24.2034481755159	78.92217310134927	181.96578929146975	88.96984191858817	52.72233865422445	76.64530211407579	84.59658709678124	18.497678219184245	81.45183344368608	53.72249141830028	92.97909317140434	88.10192913775859	69.54594380270981	65.59825416914495	123.222268100082	33.84908012424006	47.28094448538276	47.16223078637238	75.36169408873172	224.35683629041517	248.40948792128137	251.37873458445085	55.75314361166987	111.4783850259513	91.54018218115033	102.62928306280646	114.94797353062314	53.98270508469517	83.52534854751475	65.68879640647073	105.56384476324125	55.8455975857141	96.90342113283398	101.22516685549766	46.07057663779845	16.869357831877846	585.6582128782053	241.083138686802	24.73811994134465	86.49028329092525	186.7793610738525	29.95584575973151	29.446992234169162	25.658795290283713	76.7753039339905	98.51956114727525	80.68566240937967	64.26110166419664	114.6609985296861	652.1591836365983	76.7219988918256	106.50577516038852	84.22409614541787	56.1141943235423	35.26851333468918	114.13916095229811	261.6911496591826	306.2407070058192	214.87098767386678	63.138458533957554	74.21563567458378	80.34835534557838	58.02503116258343	79.94408320455774	53.69990518203237	57.16043846567621	86.61750168571197	44.67179191962663	599.242793771656	181.28359069847818	98.22226694646048	143.8116253883814	321.57965802039797	48.178118939965486	194.0767027669144	73.74402464695396	53.735217328680235	63.55397952993069	76.12415875109426	48.29010960986467	111.01905584996621	59.49768885768627	48.90770808511711	163.44231905328138	136.30113342723638	80.29188598986941	44.55164806407713	144.45795844305857	109.71110159023637	147.3024028803991
2026-03-26	96.44519632435231	89.72029824566161	71.54538774453727	47.06966458374227	21.60673757509423	29.58667622843035	62.34791442226445	68.27538637951659	90.90222223695912	24.117884099049455	77.72420147987386	180.3388364181958	87.64992187482143	52.787305343957925	76.44284835318047	83.34329171733593	18.239707678012532	80.90941510441141	53.25242574760229	92.67577629151272	87.50460073831289	68.58139017528069	65.52850864585177	123.03763246312694	33.759762306382726	46.83649046168552	46.88611569836198	74.7802962020807	222.03385637762946	247.30970917060162	248.59188651829965	56.192917020678685	110.95650437210651	91.55905440844626	100.86035686343448	113.3706008400186	53.76766060203997	83.45963853767338	65.53923768077442	105.22628502200149	55.26160875989807	96.53670965088965	101.00666835816875	46.401173099783016	16.94467914482076	579.1108447203526	238.38569318373303	24.65114729672213	85.54514088252317	185.6343247019653	30.04675623100101	29.133931793659286	25.616056885864513	76.35309080976869	98.52923934438958	80.6054311497582	62.51555106098016	112.8246780368157	646.9988728241585	76.11510787486787	106.31817993859269	84.01383869160543	55.69047805166373	35.18050224229576	115.69958154426429	260.45595690966945	303.22573070017523	214.61354101710918	62.56898512635378	73.54166335731142	79.6784272455431	57.88079980675558	79.41525601878277	53.56507290656794	57.109178507130096	86.4117095220552	44.24089664645882	594.5260904893437	178.41527862560628	96.93113316805446	142.7545446888196	319.2091557924256	48.14141046790755	193.7076323893166	72.81627578172893	53.21101534158621	63.33234674433547	75.42610449151393	48.48660181726144	109.59510302874287	60.10814313489782	48.80705304768551	161.94265610867194	134.24453033666506	80.17313415704407	44.632629833430165	144.5024167215293	109.04298975996193	145.7198659909808
2026-03-27	96.3282843499203	89.7401540056433	71.46242547016902	46.96732550171	21.51498148896313	29.772713953448573	61.939229351635156	67.8456895581665	90.49886349885065	24.0414030251717	76.89656652973184	178.12863146593384	88.49495910635602	53.09608530442525	76.24502570857265	84.14664433278907	18.02096353444084	80.28355734468617	52.731445112570675	92.5290006640669	86.78286372364863	67.95030583593136	65.49363588420519	121.99165940172949	33.60649133690718	46.37202254407518	46.3530576965931	74.05429833907746	218.83616494418584	244.60060959018364	244.4632940281928	56.83705528157958	109.71948601173685	90.96880866784618	99.09195211335786	111.80722958871047	53.35516094372018	83.4761228271863	65.62751373784815	104.93111278687965	54.86033662177032	95.41335528320849	101.0063172723461	46.905477754725496	17.172339381675517	570.2441735808794	234.74204855719853	24.484594072250225	85.82256967832214	182.88906176504514	30.00362847408205	28.633108932718315	25.580191834045536	75.63900115439606	98.54876121272213	80.6485636583752	62.97777484384457	111.39314346176722	638.9464273788761	75.1751343512523	106.18087189068306	83.68000741953318	55.45941672968929	35.08368793450237	119.94978924625323	257.60709069848707	298.7758902524314	212.9356309821874	62.07090194122865	72.92663154437837	78.92372824069147	57.84776760967662	78.80147719152029	53.38095945743436	57.13247202028868	85.95502697172097	43.75044748399601	587.1513203911562	175.2336097717875	96.00056643143934	141.89344666081604	315.3076113434784	48.15691357745963	192.61133114827157	71.53146323876486	52.76947289601283	63.06213322629371	74.82368228115735	48.495593541687356	108.00332772897104	60.926595828923524	48.14106962992186	160.1631310328516	131.92927200427005	80.4294778451236	44.80134985934204	143.29478746232715	107.140521064063	144.27066907947477
2026-03-30	96.51391939663984	89.75498758631775	71.60156261911771	46.98007502807668	21.464174857030393	29.914982465005536	62.297579458532425	67.4519699927063	90.37472548111478	23.974276646863196	75.99563891672139	176.133796628963	88.90747940059012	53.27021252831126	76.18959049100508	84.53832231898242	17.74204628900997	80.04451533616145	52.456163306407404	92.78275747314673	86.53022199243955	67.36691469775084	65.52057587667291	121.03158104363818	33.59897435192527	46.05574317511376	45.886527932769205	73.760551421736	214.61719441056948	241.5097240455801	241.9697604174167	57.0604610819519	109.49042309009694	90.95122409710669	97.36875285111253	111.22914961491188	53.19656240545384	84.06157062990175	65.87423507937329	105.11896062927967	54.72427384067032	95.04667779419214	101.41697699554805	47.35679161173775	17.336169690837757	563.6654217513772	232.05214610477114	24.44562135405724	85.65128651762787	181.52140466181945	30.001750340861825	28.33778897868826	25.63474523190314	75.33619750712967	98.56342403287474	80.72399725277158	63.24888765080412	109.44627799919417	633.8655476738131	74.57585224032341	106.44097229177709	84.06782887456151	55.28874271237882	35.05448396664083	124.88989553865396	254.9748252564701	293.90602679125476	211.67541894568353	61.811936413729555	72.58435993112474	78.38342250047269	57.95827711538519	78.70125663164882	53.61469313814101	57.18326138551055	85.88883703322377	43.54022465752535	582.4544443752657	174.12570838931174	95.20528504677435	141.1601251248416	312.6556367264267	48.23237600870052	191.9046951151514	70.69280605175547	52.513806729988836	62.989820198962285	74.49265550215094	48.58934378317278	107.66473454319646	61.039729188875825	48.081151117451164	157.9850078992383	129.5644933324573	80.60697753950515	45.048465838484496	142.9686904230581	106.17933035625025	141.43270545038192
2026-03-31	96.71901490461875	89.76240437665497	71.74923330540847	47.11427457458522	21.552148158495665	29.956268622029135	62.38537534633164	68.09979862550354	90.71006781868239	24.0755115076357	77.09598306309702	178.039188353544	90.79874092099818	53.8506690845902	76.5241317933541	86.34916299054589	17.991543736240825	81.18596158653776	53.26511473425839	92.99263987548937	87.8010301856729	68.28053757958831	65.79536789439115	122.26017910214136	34.335766854307366	46.76770351199536	46.36326404267855	74.72666166667855	216.48031198799958	244.13842983284866	245.1850907799974	56.95017148946228	110.94353002649379	91.83452165548694	98.60963887672814	112.65335501985828	53.60809069674548	84.62562631836884	66.04700370912025	105.54345477142695	55.26719292009102	95.87333737121716	103.28544620041075	46.603574333700905	17.328084692830988	569.8058248893605	234.5736346978934	24.60335152480694	86.82564325881393	183.4627668450699	30.09923523207642	28.70407458120204	25.67651968778995	76.33377105581093	98.57075544295104	80.79599673429595	65.69444352022629	110.60110301937247	640.4638102138597	75.35035364091365	106.5758595284569	84.21793924807177	55.81442102354781	35.212701120283306	126.06994776932697	257.6748668518679	297.7889966719946	213.50341992206052	62.699572103959504	73.58002176243737	79.38234311669143	58.07215613581759	79.91080897988691	53.72669814682929	57.23312162903457	86.52891787574274	43.995112710232405	588.3706548048203	176.59876575471446	96.46764420185397	142.94264953751846	315.8701004677055	48.27494616780241	193.1213386464429	71.66886701513555	53.19845648083914	63.22415623900751	75.55936180869266	49.07257068003854	108.93692812364901	60.7508559579633	48.55265479761718	159.44282133243166	131.0757418444513	80.745059051735	45.157228524711	144.1892173428767	107.35179210073255	142.99934985653863
2026-04-01	96.8543881285789	89.77789637167709	71.83775904772376	47.21685484710706	21.62330117580545	30.006759799295818	62.39228980024102	68.71189806153106	91.06523135807166	24.19439294559031	78.0785892183161	181.08946417188918	92.54937198637799	54.13596495916522	76.78556824653057	88.01458164786084	18.0963454078543	82.37731688335677	54.42883727435576	93.05692403320367	89.1153206958638	69.00023506787034	66.04123863469557	123.17746046171521	34.78315594912634	47.766368616959596	46.536631563575604	76.03084944906193	219.85233098179276	246.22890577335792	247.87085044370963	56.01199103342743	112.17783877423322	92.7618615052337	100.07407221546367	113.6534864393725	53.8863474418786	85.2875255310106	66.1580920034859	105.81233102340879	55.44924549263828	96.16166715972967	105.10074617149444	45.616656093852406	17.214042537150355	576.4334300228052	237.3061273465053	24.805282558668118	87.6778210190554	185.13946447722245	30.06431659827698	29.026930669812444	25.68628039748384	77.45882049494648	98.58571646659271	80.83051637251907	66.91722145493736	112.36973867399288	646.2005940717736	76.02603360146269	106.64330314679681	84.25146764039332	56.21462361297019	35.34977974410161	125.0799720536088	259.7655034942933	301.0130286094348	214.85849096688963	63.66931272434303	74.56939549425579	80.22746840282814	58.107529255042586	81.10113355488485	53.76610099602207	57.251177666323926	87.00619630359402	44.47255673658593	593.6907595313164	178.62689752579473	98.12382149057542	144.93580230782175	318.68578265572773	48.26864907877425	193.96243323923707	72.55355734789981	53.62053713934535	63.45734255431821	76.53988903422913	49.55715364141087	109.76190583428544	59.47633435105196	48.82316043713867	161.51479140352052	132.83399824156157	80.55758049022296	45.320113209499056	145.35489309526648	108.34630620661628	145.11847985990994
2026-04-02	97.03473800960195	89.7954690293444	71.9604025035982	47.243509668426576	21.619361235485734	30.081752854970176	62.70233996847988	68.74963723266983	91.29638673616473	24.244150055558826	78.0231317368436	182.1970758359446	92.51468767165579	54.41676215792734	77.00850296481802	87.97729204463354	18.04901384467422	82.74148818411003	54.76419089975112	93.19684275390652	89.52649427127174	69.00295185400353	66.39098064547278	123.88941611342597	34.977227464919615	48.00862681336261	46.59331654472726	76.28721809000947	220.6749524171659	248.13483862886648	249.21373027556575	55.86848903172836	112.67668031240959	93.0223377655563	100.79130475397207	113.93504628975461	54.04468090782895	85.8355466705346	66.33222364456522	106.17130985984892	55.46079828342852	96.36083235916172	105.69160843730972	45.88985194218988	17.367021497457014	580.0814916227307	238.81704987930732	24.98993490421199	88.28891127246715	185.11766772445105	30.071463032414858	29.1933492918154	25.749209000621804	77.68108947720957	98.61284266933151	80.86742569724586	66.35361118523235	113.37367777815855	649.3625040671368	76.3986865089833	106.89458095572263	84.52716204285291	56.4541135642976	35.4521344399219	131.49998511127706	261.4321291885529	303.86764406545956	215.75408221440185	63.90610945665394	74.81086275567282	80.29449363134572	58.16442899519707	81.49946890756938	53.91763072872392	57.28474563247837	87.83939804803725	44.646278215705074	596.6939210254238	179.99943051338565	98.28191196599084	145.27720443760228	320.3522297067701	48.32356594868888	194.5414659482318	73.0349917171628	53.63717858859357	63.63219376861419	76.76681646535675	49.774653404567744	110.40304382900796	58.977251419300394	49.00309671332031	162.22248359238526	134.25186087615188	80.67596508031656	45.51499320448097	145.48150080788713	108.02201479764408	146.1331763923573
2026-04-06	97.03674385221308	89.81408201833432	71.96784163265848	47.21741409019474	21.60751310675654	30.18392089922581	62.84276429881514	68.92253666443062	91.39735031998666	24.278712219551874	78.47257584766984	182.87017488086292	92.32234246253688	54.58183040452519	77.18792152635433	87.79364632749255	17.945562716099317	83.16000114161557	55.07977115483162	93.1443274438478	89.96821081971791	69.29200327075176	66.55106206956256	124.58315104987705	35.11376059830454	48.28795522186685	46.92165827236363	76.56874561116685	222.72820039071186	249.62015368943324	250.3793108164938	55.954599740473554	113.29582916987667	92.9890245651512	101.57940634427119	114.19997553745543	54.24387327556975	86.05528935699581	66.6366928769701	106.26781435375258	55.46160794298379	96.66541678993242	105.96724129140877	46.40547246462521	17.458510367258782	583.6617785262091	240.30090470039585	25.082261076983926	88.3644568569367	185.6984288939638	30.114406786287994	29.336435998446763	25.775835312383656	78.186724700763	98.6313229154763	80.84658516307606	66.22180376156149	114.339178824382	652.4856648753653	76.76900344125923	106.99604993831053	84.59661935150459	56.57927541007849	35.541958485830094	135.21999377634165	262.68794264603423	305.67922913722197	216.60824990847044	64.26265937310237	75.13020097012156	80.59959743212794	58.13896002677334	81.9741874261968	53.959217814923484	57.26717063728411	88.31987221127449	44.84313956561621	599.5281738916182	180.80020658970062	98.81095415194073	145.89958854692614	321.90655308580693	48.3510243836462	195.2519341459909	73.44618009320054	53.74020489488272	63.71961937576217	77.12374178980728	49.7891898004284	110.75343994428914	58.93991011821953	49.26684147799804	162.99417636650514	135.35485805038064	81.11500585558797	45.52858806342213	145.2819720225959	108.30300721571658	146.59068182410834
2026-04-07	97.0965236289874	89.82829421351286	72.02544379606556	47.21914634563448	21.636165458407568	30.230030556119253	62.825377663323586	68.90464296600437	91.47218132454411	24.32019755569879	78.96570381738961	183.1669599990252	92.68117168903211	54.77291173851748	77.28734302636076	88.1268227059826	17.87389105348423	83.33478038648161	55.27700143740116	93.23564638793952	90.12019854950739	69.53077107507315	66.65082476647073	125.13366231693071	35.137593571246995	48.388070552217606	47.140829441357596	76.69961786173576	222.80658981937938	250.6364394545799	251.02697382865705	56.13085097192135	113.69413727170591	92.95254298325919	102.23315028517271	114.50128247697967	54.25705321493331	86.38716082229674	66.42329257495966	106.37464509191535	55.35273695489033	96.56270793720253	106.25850010127078	46.67620310548155	17.489255412511227	585.4968438529484	241.0727622256862	25.17272805741286	88.72722659741366	184.99939144893503	30.096508126420364	29.45288596797338	25.79882444787884	78.4000907134186	98.64546873923229	80.86563724706537	66.08090310148387	115.31038225887069	654.1914713536983	76.96908118840305	107.10963538175292	84.62645756393589	56.60985293025897	35.6013625436963	136.64999780369817	263.3357163181343	306.4602505549391	217.16914570618835	64.4260493825961	75.3047664701682	80.95461057519483	58.18014438106245	82.0885341427859	53.98001135802326	57.29274211795846	88.623986398606	44.88156886728076	601.1293213208091	181.6088435292253	99.19547799149771	146.12638423928337	322.7931202929035	48.3937853546649	195.47840695336654	73.72245680685418	53.83159498589351	63.80701999977073	77.3270457606263	49.72703813751889	110.95846511984965	59.15811118703945	49.39871386033691	163.2158687008307	136.23058301688954	80.6438943767686	45.584705713839966	145.3260293462589	107.81115631781923	147.03874911517917
2026-04-08	97.25377481498198	89.83540031110213	72.12282169051325	47.40235309530259	21.808558383805835	30.12871767063775	62.938350300167656	70.59003968368577	92.0550451300455	24.59753392799588	81.63291828442723	187.53039467236417	93.15558447122504	54.88325343090425	77.56516885815108	88.58341181075497	18.17215785279192	84.95404943396346	56.69690182648867	93.3841882452393	92.00163522446073	71.53997507611079	67.22335015789358	127.05299143678567	35.73207918003268	49.61473725669963	48.205414949560634	78.35785031270382	227.27254997560766	254.90578991771963	254.53516965358634	55.30634269177122	115.71234115782562	93.88586698113156	104.70744886084807	116.15164984444687	54.78694907755943	86.89350106544524	67.02810212854428	106.63307373614322	56.13773703823618	97.58135320566181	108.31971025571352	46.46700589539214	17.24962782069653	595.1456692409273	245.03077350786265	25.513322112812876	91.16361253576738	188.33905882261206	30.2351971174094	29.870375326515987	25.815157005433562	80.0995586013382	98.65254165111028	80.91445467089596	66.7754521610935	118.14354485868338	663.3970967608335	78.04380573092027	107.17609836104248	84.77816789939959	57.60837037382089	35.72767941027588	130.61499981737643	267.4123344774265	311.53679642004766	220.26947122955903	65.86224801893476	76.9808744460216	83.1320141499021	58.249755418070286	83.72520579209608	54.08805675017862	57.325162105121805	89.57698114485964	45.86078450993433	609.538140885014	184.2485745966439	102.05773808022151	149.26255582813778	327.3491816064127	48.39097303011565	197.77076628185904	74.85599082408139	55.07857062527097	64.12742509998301	79.02363030218815	50.524041529696945	112.05013252330373	58.225953863173046	50.12002648583252	166.39091622297394	138.79343787074947	81.15816697598196	45.86429804734967	146.8853657473482	109.08385803561859	150.16367692575363
2026-04-09	97.36178883571364	89.84387050467217	72.18620103690702	47.420037173872	21.879934747628013	30.122833376029327	62.86830501763754	71.46254990165734	92.5412783633626	24.765249126473527	82.8919672598894	190.09484821508835	93.7677908623215	54.83481137731736	77.74776768713218	89.15170651572905	18.38113050110299	85.63562075580009	57.39699102860078	93.443764960022	92.80460865837294	72.44537587423704	67.64767056234523	128.46961095276782	36.290981606617905	50.20829712566427	48.637707322192426	78.89511930918394	229.30090206299914	257.7817523807348	257.0279760621447	54.73622684210143	116.92356102080734	94.29801314144468	105.89965338550216	117.18540210117851	55.143115957236745	87.55120838794723	67.39968262555143	106.76228805825716	56.48553264265325	98.22067690800668	109.31071496062043	46.383939349063255	17.184814329964965	602.0157057142137	247.85291879738836	25.732846855051456	92.18180474200479	190.76960417937244	30.3439111960338	30.129018153370296	25.828159366669418	80.75204217908707	98.66099143712741	80.94868622827025	67.58272577537096	120.2579182118124	669.9400339761198	78.81489068894646	107.23349977256225	84.74654778636972	58.094340597677046	35.79567106500122	128.78749945092454	269.3909969506273	313.4562491621723	222.1715016670256	66.44638661322715	77.71962804942682	84.16195434057605	58.28945900786327	84.55338735039373	54.0932570433022	57.346277799387074	90.3777811913263	46.20039271273083	615.5724762042257	186.13103168308757	103.04386842975919	150.6569126796939	330.49751255613603	48.40408179093673	199.39733840216	75.64063426702117	55.672151218397204	64.43326134759893	79.79242046725619	50.88287418892074	112.82461536443506	57.404566668525	50.54522747631469	168.8489539000612	140.26441760480833	81.74582009077417	46.18657979454886	147.49642432875223	110.67619110277023	151.98033699803307
2026-04-10	97.33252863416541	89.86283414759976	72.16401192592421	47.36481137258053	21.890926579441448	30.149739327479995	62.73595037564006	72.05283485683452	92.77952742631021	24.87815373804145	83.73522160601891	191.08878305529808	93.98889497339708	54.90433462847801	77.68375551715008	89.3558520371614	18.62524237457493	86.08476670724575	57.88508189430527	93.39516510330202	93.29464594295601	73.05183909068298	67.65274610880934	128.8997682449386	36.81728378731774	50.628669436855574	48.98885373739016	79.17859297978728	229.2570489318902	258.89137973040647	258.5888018738458	54.3919686304013	117.248176537015	94.0233466280954	106.8103766195089	117.3298340767123	55.19637296580099	87.77646250085837	67.25936203421126	106.68533561848405	56.64453023734225	97.93033814882756	110.35069668319107	46.41562537521522	17.07740682165973	605.8897803473412	249.44858464283482	25.877067386571138	93.34090237100239	192.07934402083856	30.211260331293268	30.288277310938078	25.844335573227287	81.21142834662362	98.6848543916594	80.95106964611755	68.33136380321282	121.60418646186324	672.9876866657943	79.1705984206451	107.29121125102722	84.6281414468958	58.54312671973696	35.76203612454162	126.80374957287438	269.9478941051965	314.28623004983615	222.4832117710128	66.8327208945042	78.18830523565092	85.02209350329584	58.2749995082041	85.1150916549332	54.02750162956126	57.34702043045526	90.87645544551667	46.44519566971991	618.3807815591441	186.91293558031333	103.49693268900069	151.74621146680008	331.8727339392008	48.42031405831016	199.39840674990813	76.1668404184227	56.12346154975036	64.59103558102603	80.27618459886247	51.206087439309	113.05279535311597	56.801412057407035	50.47978803930481	169.7446902679017	141.27425286978698	81.5068745839613	46.254010722469744	146.80022174689566	111.54704177941247	153.57152073290325
2026-04-13	97.41585995917255	89.87231596906355	72.23129414045235	47.35690901270628	21.916178812486837	30.21791413548072	62.78170580915792	72.81504123823171	93.15675818947346	24.98302027417209	84.61910997903485	192.14742650079359	93.91444565564385	55.022973817534904	77.7973602414852	89.28292556081703	18.772231172639028	86.58517662754866	58.242521110726855	93.47374756019593	93.82991345609715	73.69732152288054	67.349585487266	129.91949624405135	37.20879944065594	51.01188644572271	49.169426105755626	79.4093686639659	230.81717650451932	261.32181901559386	261.06623626407134	54.348102998061975	118.29290006660321	94.09416614241684	108.2895152445689	117.59572224465498	55.37663458775889	87.44508549847606	66.94215049952751	106.8518803031385	56.80846926600999	98.62016785371065	111.00928694022835	47.03015079185566	17.1737036397117	610.9800464236706	251.52857546350725	25.993482500048266	96.17545225361643	193.1816931896185	30.233517891476712	30.587457022473433	25.881447800651728	81.62850698947392	98.70169538430626	80.98173370611542	68.30568129125484	122.90034838840232	677.8147661844596	79.73633451916044	107.44576889455658	84.69595625201235	58.98464853442903	35.81284942213409	127.63687539678875	272.2244963690045	318.02984903370714	223.7739545183189	67.25908429368765	78.67586343325515	85.74844680657955	58.31678480354053	85.6813365684334	54.077624105796254	57.36702599281552	91.29777056943803	46.617598292623626	622.8282386799626	188.09051625207073	103.98846802296714	152.92121669531411	334.36062234069414	48.467141739848444	200.04277789887985	76.94801752976798	56.56345311069061	64.83982931395052	80.82612635704842	51.48174016130489	113.59933468827674	56.583727574113674	50.88895140795807	170.79444901578677	143.27065609797944	80.98288751781072	46.00660207143995	146.77942148135799	112.4953150181242	155.01010271264303
2026-04-14	97.58489073398081	89.88197402457084	72.35310053091953	47.44166671033263	22.012777859917733	30.18235565782825	63.023577666541854	73.51414522238734	93.55479282154337	25.07418511724962	85.93586343067953	193.32789415859992	94.90722359076138	54.958945175979366	77.97064438465861	90.23146293299641	19.224708115616387	87.21465786333488	58.8452347832687	93.66490951618195	94.50094381911302	74.69464235934066	67.15856120676776	130.73731312446708	37.41442970384848	51.539668961386745	49.43471343434754	79.84628589448295	232.90480407257218	264.3529871445157	264.72563827363723	53.768722748420636	119.09132002841879	94.34268777701897	110.10779320578055	118.95028498097007	55.457159991023005	87.3435296877146	66.74401302442196	107.11087667500675	57.22323296979699	99.43008285874009	111.62072089320988	46.91101617656748	17.176851972443743	619.1181665223821	254.86849000226144	26.214137986169153	97.48772765268711	195.42829471492644	30.229882839476147	31.01647345294814	25.933866028316586	82.21674983262758	98.7101158806297	81.0265342724913	70.1728411033911	124.57517800889843	684.3872414906673	80.51649413335952	107.64391258448532	84.9545989145804	59.46143284875748	35.90105361731705	125.74343693545492	274.4115645907523	322.08247517603326	224.84056765222584	67.80964926354304	79.39629277009436	86.87207572872923	58.40139815433374	86.32366236380653	54.23940027921648	57.401570628854046	91.94574884062722	47.07379853596025	628.8461261759188	190.74543817974632	104.9642352321867	154.22842298388753	337.58384510589394	48.50507241106192	200.53830331711572	78.11695691551876	57.18221254777694	65.10014765868425	81.55820859478398	51.53031214303037	114.73749540810321	55.902442324044145	51.15311103417923	171.6277466636551	145.43111204557175	80.68142712682528	45.92235506709204	147.1954968734915	114.2241856767867	156.2826545057356
2026-04-15	97.59103316606267	89.8917163824026	72.36501538386797	47.4347634851712	22.041320112820195	30.1446780043902	62.940118301044365	73.92332474742415	93.65153428918966	25.119767538788384	86.54950901636516	193.12780663740543	94.90861362643537	54.66543145029437	78.03787346186056	90.23573039838297	19.35121514179257	87.43581251321041	58.85571141629255	93.65760429422379	94.68887599280846	75.18834367112541	66.87075017735849	131.0617870553976	37.344448586055094	51.63547321360353	49.707356488291936	80.02022317795436	233.2349490333564	266.201914714836	269.1058458702171	53.28170596344371	119.796171183643	94.28853138850948	111.73107784678676	120.09436703882488	55.387002465604276	86.97208070079088	66.50166044287505	107.2208512403354	57.43558155753033	100.22004249748528	111.44630481306001	46.989273881130416	17.203425757340035	627.5778515717379	258.3843640196854	26.349078155987407	97.46386504704668	197.13829591703353	30.198537649291296	31.520386537265086	25.945563080076262	82.48128446221223	98.72414515955313	81.03910789552299	71.00641872064085	125.37770359795508	690.3996754328336	81.22483413333015	107.69463695630516	84.89827418873551	59.59544725933968	35.93066749469368	124.16671663667277	275.5249809037746	324.9122397852823	225.0666156132223	67.99066294964261	79.66216997513507	87.56722530332945	58.40939544252332	86.4775240835146	54.212870305623866	57.40902773080886	92.3041312867687	47.321899115392235	634.3911722188188	193.07361630667003	105.21211715832968	154.91181128442423	340.4834813908376	48.51435985970576	200.33043095543286	79.4448615144	57.54642281746757	65.20118161742806	81.84475142263614	51.242212574811084	115.70422744037973	55.468034440220315	51.47882488049294	170.9649582317299	147.6885632249343	80.32843786761185	45.658290570655396	146.87786928635512	115.95498071681132	156.30086552191077
2026-04-16	97.52552756935947	89.90149707669934	72.31710165555702	47.416528013337555	22.021013869581484	30.205433789792757	62.596661323373745	74.30181892888785	93.5538097471339	25.108668025375636	86.93585680310446	192.55058239585117	94.874304982163	54.74563763066476	78.0181013122291	90.19786703024617	19.3247088282205	87.43802573292356	58.663743235612095	93.57066921254159	94.65985242511516	75.60879738487911	66.65288912676519	131.43760129137067	37.403261432920125	51.530117969716805	49.85367824414597	80.08740498497328	230.9196443164829	267.40497347069925	271.5055749126476	53.47231584182928	119.88732433083517	93.84018854581724	113.12202772344222	121.31694365124838	55.34232210987733	86.83569168706536	66.39036421801956	107.02688756474778	57.86958330501028	100.6850220116821	111.48284173758469	47.1748413320447	17.27671306940488	633.3394018600877	260.7459539824989	26.49531124901421	100.25693404940225	198.02312745070427	30.261605174132953	31.79230348286594	25.927224517943404	82.64807097256119	98.73115979901485	81.030662346199	71.12320829220519	125.85870882412402	694.2615442593856	81.6784647351221	107.60396749548656	84.60140836511971	59.61715493460148	35.916488456209144	125.0033564872817	276.72287863548104	326.9309581494771	225.65539337790023	68.04643697408889	79.80504204933511	87.7172750662155	58.383982770700136	86.39699568433542	54.05313048057072	57.412756281786265	92.91081655891169	47.45594963399006	637.8648365976907	195.18364348048345	105.53105781622538	155.6356846949465	342.3261828340907	48.52384252750913	200.49393557048987	80.17866473547149	57.78834431278652	65.12548170837223	81.97808555018526	51.28162874834304	116.91827582956486	55.65549167689727	51.5721722974242	170.21074297084542	149.6752676354164	80.33446887277077	45.689012381274964	146.14380677452522	116.54652493482168	155.78162782931474
2026-04-17	97.67401485279497	89.92112359938483	72.43519267348164	47.5256830587928	22.084952659278045	30.01194903448378	62.78019368353746	75.44506458529354	93.85558300467046	25.18542131584944	88.03367089422801	193.85752844157793	95.45715294884516	54.45023237429234	78.15382223204229	90.7689316840684	19.336388532762594	88.00558436914733	58.97696362830409	93.78195478449345	95.28979178262594	76.5432063706622	66.63763993691775	132.9665881212713	37.38329804434092	51.87294243822754	50.56683851172142	80.53156412578741	231.21428535404223	270.9070002851543	274.5771282766363	52.69938614662264	120.75122594715586	94.39907529097502	114.80631796938712	122.19639373114177	55.41600167688691	86.43695747683347	66.71517493737892	107.22766955141685	58.38460930997584	101.49251253171995	112.20893490687828	46.078877651495986	17.058356610996384	640.4012072777001	263.64296600492133	26.75056814586941	100.94346565141011	200.7924169968365	30.41124768594343	32.17275925486071	25.951916397155294	83.33307250410286	98.74940329428281	81.10502614990614	72.37660277281158	126.87675355146631	700.4111371199272	82.40257160095949	107.69884196307531	84.83892744916142	60.053896833755815	35.97219839070223	120.52167870140453	279.8568006458655	331.0693303930979	227.92221725779777	68.57048258616554	80.43256558033161	88.62188979140853	58.48401409042819	87.02592856726537	54.197856591603724	57.45879475161091	93.96104258731717	47.827975198464756	643.5400537968922	196.69171340283938	106.4505302814037	157.35266290411386	345.48543333599065	48.53342280489226	201.39780854452226	81.16259362872208	58.39280649477217	65.33520942108065	82.60124065106919	51.36579758950355	117.65950870335665	54.97938005475723	51.817446774932804	171.4154758555399	151.8308741741535	80.84559442173695	45.61066524825467	146.86281220073917	118.22648664953974	157.00734528672768
2026-04-20	97.74336042322366	89.93584637610843	72.46974782599864	47.55069095566593	22.13174215300328	30.014701590911322	62.881691156343926	75.77818491105498	93.96751013026491	25.214115305751868	88.17498898104955	194.47620379598428	95.35857754253782	54.32719939332293	78.18770518340395	90.66946568944631	19.466893645348584	88.14158994458343	58.90678435016279	93.84350348477602	95.38338694966258	76.73264368215727	66.52154061054873	134.10856871883877	37.37825256831304	51.88120960717529	50.548418645509145	80.39748830068667	231.31669162721641	273.43912636328025	275.65372221937287	52.37705017475175	120.92190432489629	94.24238051047774	115.5685604434338	122.2487744107369	55.43843907086533	86.09452778016478	66.84793246991016	107.32318154694866	58.64708904829847	101.99125519774475	112.25024229474774	46.11665783514741	17.079178496233055	642.9043084728344	264.6773637397654	26.897886154233532	102.03173419899608	201.58540222400418	30.476227976577672	32.32307014867059	25.95942530062843	83.37969772055729	98.76343837199492	81.12255854614448	72.26330214934524	127.05681549643629	702.7794516166042	82.68505426361452	107.71243520272907	84.94792136618227	60.192508185554665	36.00005335794877	120.92083919811438	282.16436223699526	334.26136502565055	229.57103294530515	68.68365971959645	80.56262296960917	88.7285321759777	58.51442411369554	87.22722057025378	54.26533492727159	57.47690447114237	94.65812978364882	47.8589872940566	645.7610242128992	196.674057995365	106.3902660562292	157.7346505438538	346.9059246758078	48.54789083054672	201.85469650858926	81.54313076821846	58.56045506623374	65.43036487289385	82.77866674277092	51.58142975483479	117.85615587145372	54.66599770560127	52.03938249085996	172.21184254202777	153.0134214010416	81.0666265565716	45.369280301739636	146.53795822439304	118.797600014223	157.68500046318806
2026-04-21	97.59678931195363	89.94812109454836	72.37435450381963	47.479414615406206	22.051404790796074	30.095673434920993	62.73777589128231	75.35346699776382	93.79945178144105	25.126794896528278	87.67900907792712	192.71281808451556	93.96928968679626	53.984448161627284	78.10272176284455	89.35473330248684	19.407480941326636	87.25894347082686	58.12231078470053	93.66851687910676	94.3921748896262	76.28174618800247	66.09862659799897	134.14810302397018	37.05482605222292	51.25254595043823	50.174208941284846	79.44996103877108	226.99603044495586	273.2922560527339	275.1838099622255	52.52173889352822	120.37131440610048	93.45531958873497	115.81983701492979	121.6095327742161	55.324831336580125	85.2474363143988	66.44985277059962	107.16591664017355	58.21208288474494	101.81062622558136	110.95919326041098	46.781606963228	17.239589057381664	642.9285031133703	264.7006508640233	26.759870468169012	101.31586633655859	200.6096261608302	30.48411141718288	32.29343967638607	25.934155628219486	82.59922309733919	98.7802749416127	81.07238767150974	70.37665000655738	126.65341156291541	701.655350808302	82.55278943039124	107.62737009770242	84.76791362498567	59.89353154333885	35.96567151540017	124.58541959905719	282.3290072903726	334.31033949524715	229.75118419726195	67.99105318743494	79.86302230023426	88.31274097202206	58.43159522029992	86.37328054269526	54.14283553919732	57.45160035263662	94.16151957322089	47.47449372332224	644.7382086396527	195.4603963072528	105.15513211258725	156.41674848970035	346.4375509609508	48.535769069448165	201.4492140990212	81.43569273396275	58.29037653519207	65.32260049674966	82.07239687846554	51.46115555124552	117.1641466613128	54.904097180437354	51.98650528656768	171.38633966700996	153.66954486800125	80.90581846627408	44.85402796825263	145.63168052821214	118.63503657937713	157.58520653042217
2026-04-22	97.59208056906274	89.95425845376832	72.36585004243716	47.48320515621384	22.016178050000086	30.17595713982378	62.76801781319487	75.88641977817878	93.83717248495881	25.078291933737773	88.4251254190905	192.14924046315622	93.889643622695	54.04496989990544	78.1233251453383	89.27236787194654	19.602173202291738	86.99001403277671	57.94207198780925	93.63001191855729	94.04907282689318	76.78047956983131	66.02029871159715	134.43608154128196	36.917797700183726	51.121130763305054	50.07710424176059	79.20374028501054	222.86936074249746	274.1989081777341	277.2946790289643	52.88020652867329	119.85939759001313	93.08656940130108	117.46365996254302	121.77657195961783	55.17200772456448	84.89789189377166	66.44845620097364	107.18979654640513	58.06411791942325	101.76531372314224	110.95714713679729	47.21314158586205	17.414794604984777	648.3191099551227	266.8675373460742	26.597331970229526	102.5579346941582	199.89303176937995	30.50281696957777	32.5380925188571	25.940869890220583	82.34213016439224	98.79360655649971	81.06694792511034	70.37332637656971	127.67782577657489	704.6403279920416	82.90935217369172	107.66702901247426	84.7609595285573	59.94344698504833	35.97263716456044	126.99270674777078	282.4660173170613	335.1881897671548	229.53400121728333	67.90771226266278	79.82106040548823	88.74185403703642	58.409788317547424	86.06440211216794	54.140173873114286	57.43894829338374	93.52503087425693	47.352246632779284	647.5336856186545	195.7397654143686	105.37256422523893	156.61151908127596	347.8842723066473	48.54422311199459	201.1969428649403	82.14036986551653	58.43447202003744	65.33667714046467	82.07203370534606	51.430767366076864	117.17602550961148	55.35378389600481	51.915383228000636	170.77460599073154	155.6936057469889	80.95861220554914	44.55694448034214	145.40665294721154	118.53383832753036	157.47550274030874
2026-04-23	97.51135324229504	89.96714997883728	72.29792288498811	47.440748848858874	21.959048230627484	30.245947091030054	62.68093921970778	75.27342534319095	93.6368822935048	24.971737405162344	88.09733977863705	192.50368212122655	93.38982150617173	54.030823878175376	78.07053174381173	88.80618210491858	19.844130691416865	86.53046081277508	57.6251631148763	93.53727692485481	93.50364331652275	76.37014395972034	66.21780240145287	134.55523712073864	36.63205368102448	50.85767307818573	49.74355204458635	78.74920900969278	220.7860673951745	274.1746188837889	276.59323184846653	53.286365242486056	119.05131515853196	92.76837854220327	117.32172332233597	121.686282500805	55.234824739357435	85.5568599178331	66.83315678090673	107.05529408619086	57.47852731298311	101.25765686157112	110.47599101834982	47.997441840904656	17.627397378786334	649.1733184052957	267.2475351525293	26.634206756599138	100.39896627896387	198.24699958830325	30.713940528245914	32.455838633085776	25.968415062908143	81.84374498331917	98.80518569402133	81.04458236099268	69.37666181499384	128.24983207774056	704.7597697089114	82.91855471843766	107.77388697327814	84.66465945177865	59.619817669770256	35.95679664014155	130.85635398423696	282.0225441809916	334.0301910749837	229.47496264477448	67.53858055760092	79.42273341929685	88.38359562813736	58.35966977828055	85.58028531511718	54.08025501211867	57.422808955041475	93.68341768932572	47.22112339268359	647.6186189323741	195.11274159390305	104.8262815022679	155.64672481163407	347.90144096289396	48.58232464498656	201.6799762542475	82.00374435048288	58.087814775887864	65.23207071744913	81.63958588343475	51.40565696795054	116.93840414274518	55.795759822147915	51.67625850853157	171.97597944800248	155.58328358638508	81.66084754564567	45.010110194882984	145.2247192958714	117.89072516352104	158.07359731742
2026-04-24	97.53956257695808	89.98343003092255	72.3276342330214	47.45894368407299	21.969999769915795	30.300841434919324	62.676334630605844	75.52840197213258	93.66822981252389	24.947508106878047	89.00707824503141	192.6958107871758	93.36490892203118	53.920136060181434	78.09752554597813	88.77809105245929	19.890309898320737	86.4927847276766	57.66391517560221	93.58399567067936	93.44738592828091	76.95860103259454	66.51377790971081	134.97740951495916	36.49411788970657	50.89897699624618	49.66177693782052	78.55162171676045	218.09249658821227	274.72465380224605	278.19905122696764	53.410514698269395	118.57332603629723	92.11367764390437	118.90877120706642	121.71066062906462	55.13660601897071	85.99981210002983	67.08480272517016	107.02709391199191	57.453954818600934	101.11382904113712	110.41360509779796	48.14408949650213	17.70869914715684	655.8171279526479	270.0118443584912	26.61818503570924	99.47948191877882	197.97089664473756	30.711235477135652	32.65421936537101	26.001535793783173	81.59455239278263	98.82570380892473	81.07760047615064	69.08333136526059	129.67723079717106	707.5506612216432	83.24639436361336	107.93851056427579	84.69467256036198	59.642636267136105	35.973027226320774	131.62817394036068	281.87536205631613	334.26961213905435	229.1629650260005	67.57728512132977	79.62077527898435	89.23058947056282	58.38363318320766	85.62362349251953	54.10400079707496	57.4490963567932	93.66925401067849	47.09056123857812	650.2269730404058	194.61004358747886	104.92313907266715	155.6110287266178	349.0289675517595	48.649762938948356	201.63919009245578	82.53915702631565	58.46278975793905	65.23801030379292	81.80594177594588	51.44764431039128	115.90002635115775	55.96246464312962	51.368026944085116	171.78076773913796	157.71296747678628	81.88863605309626	45.281078962187586	144.11217654246695	118.04218722775661	158.91095179591701
2026-04-27	97.48019617495365	89.99647957234603	72.2837130515693	47.40890566466833	21.945837249154675	30.383010439139348	62.45016873437031	75.51179391209169	93.6011093825803	24.90634549173248	89.59615615742781	192.52347302054102	92.99745308772458	53.75624875518837	78.12558314652422	88.42404537364175	20.008146091433318	86.33602630548869	57.64385105093587	93.4995707723514	93.29135043484358	77.1784277135629	66.43989142677924	135.31762321451083	36.316536026152114	50.87019047871391	49.52088900296788	78.55670990623179	216.86548504947723	275.2434761931152	279.33136765449945	53.428190164686455	118.536453209799	91.50383360344632	119.8920648943047	121.46462520588973	54.95787133834278	86.21141956930202	66.86969094388391	106.86167241375963	57.0989390029284	101.02191467315646	110.21907061530523	48.488758462850676	17.829349955048144	659.3136543083551	271.4588488149878	26.580636974336553	100.2147394335105	197.2063803292047	30.67543337424898	32.7983182550732	26.01809615922069	81.51433247080539	98.83596286637643	81.08429050296789	68.70666659815764	130.6849899103043	709.5579844194153	83.47993241129888	108.00631125137618	84.49960755093295	59.3305687744372	35.9859738334973	133.1740875805319	281.8862741678065	333.94018021503496	229.36872921710182	67.5619007698934	79.64532568880858	89.67334679826969	58.361297869069645	85.39926368107422	53.993811006447636	57.457330542288204	93.40665611910877	46.985281153346676	652.0682289518436	194.78187421073162	105.20656846821834	155.41945937063312	349.83145460107505	48.70283785985504	201.58413667220447	82.92661052609728	58.50572501812968	65.17787356009958	81.81458816702568	51.399220028120446	115.51504231986598	55.99647012979235	51.40754710241365	171.7030593456432	158.95240048644	81.56347772503446	45.42149384205571	143.1988647604913	117.69469285704237	159.1900721503999
2026-04-28	97.43091687409792	90.00791004374138	72.25195631826512	47.3592456179787	21.90411865204316	30.47384145461606	62.42468649426035	75.34946003587983	93.52859729382922	24.866397919816436	89.34393836924124	191.68177282618848	91.95872562833495	53.58055701004048	78.08622144386757	87.4420222290572	19.89751901434459	86.07047134366232	57.6091665075236	93.41326805219133	93.02639344862297	76.91632796200605	66.52128009449314	135.10527614582963	36.109256782607304	50.68276636667629	49.3754442726021	78.46526748973699	216.33682577669174	273.8959080184326	278.91925438389035	53.78234955316842	118.7201309017745	91.17413512447706	119.29002277308008	121.02874891275931	54.90691227744776	86.42575907053968	66.93507435377789	106.80337191244622	56.74261525341733	100.55595550552354	109.12688836551393	48.99704379746538	17.94967482493618	657.7290622615994	270.8103875422595	26.625859258652653	99.06237154780993	196.03358719829376	30.746114361685038	32.75061481601316	26.026376341939446	81.48901590581285	98.85091524056126	81.0630688659859	67.45333177319992	130.11727522858965	708.8304143288483	83.39281731038577	108.02087870918419	84.44603943220476	59.15730213319028	35.96346497460998	136.38704684202378	280.4304112538251	330.84608192880654	228.99089842202747	67.385518866392	79.42919970963867	89.52585186593171	58.31581891744498	85.09518161470703	53.95824736113397	57.44181338820953	93.70284740769893	46.882639966321776	651.3777118880312	194.4645149862252	105.12828575998807	155.0457205910783	349.2878128718266	48.72453637682693	201.57641587028192	82.76109197569512	58.322825964265036	65.10897157008885	81.59532814113003	51.18658282289812	115.29272700099744	56.47734769001825	51.44716458819413	170.90312726803643	158.21532072661844	81.76594983053481	45.52129570337649	142.93063965563627	117.10768425811102	157.49538855322731
2026-04-29	97.19074301346498	90.01362527943905	72.07443015498217	47.26542297988779	21.809166488497166	30.71824683051848	62.05181697149541	75.03972788170944	93.27318689154352	24.735075028023452	88.94941974614406	190.47060137891455	90.96436342451904	53.49271113746653	77.93548285328144	86.49601264040751	20.08654923342962	85.50916221602061	57.271364869972736	93.14965770773628	92.45608307685055	76.6364781899874	66.06891336267626	134.472605724282	35.66002656940424	50.344339573719004	49.202721525949485	78.08317772069857	214.5403458717443	272.31166250531004	278.4187336372577	54.52674339535862	118.50139998457865	90.56324096311744	119.24869104352246	120.6370055293777	54.876630043142825	85.78305470616829	66.7454187992034	106.47645783732662	56.59922434423796	100.26297836311333	107.86307339418275	49.98769197319558	18.22483741246809	658.942473025331	271.2993740689813	26.520480631828768	100.05118623166864	195.02954231740858	30.850353056391835	32.69183572831908	25.991818236887692	81.06213872072868	98.86330475773181	80.99843430481911	66.14666405554527	130.23713492874793	708.4119112659866	83.34925975992921	107.86378331821514	84.09192382987192	58.8752037246762	35.90389931164581	143.50852586241814	279.0066027216391	328.8698488257314	227.97436156452937	66.97482959310811	79.00337243782715	88.98793203648148	58.19014555796565	84.44124086228516	53.73051604506894	57.39478822486649	93.48242040795103	46.56631998316089	651.0225046256562	194.1166569071751	104.73414104893935	154.18382526135946	348.8071144437258	48.711190917905654	201.61712639217222	82.63342989898038	58.11174562373408	64.95801590589403	81.15777149244002	50.86208642487679	114.95291638746161	57.36918989725522	51.50172903787148	169.98085287962368	158.47529036819202	81.78825598216193	45.290072519046646	142.30062408807203	116.72953182632114	155.88045337085194
2026-04-30	97.13923671058991	90.02140004206328	72.03955348691491	47.31214531257573	21.90493705741997	30.56186408450973	61.74858571658267	75.70967564739769	93.29158841037136	24.742033973972664	89.73135507570875	192.6087671811565	91.16718308555053	53.907644783821155	77.9814590780079	86.6730055572643	20.40047619294772	86.26781810752203	57.920873017261755	93.10604070689548	93.22861374301512	77.25049388625347	66.82391972455102	135.3334479427074	35.82049752237302	50.84005842821692	49.3113598474474	78.86166103442156	216.34706960335262	274.4499138942566	278.44796850319915	55.28866123320177	119.29416846763112	91.33821151549427	119.67748806936865	121.64288936136853	55.08713589864661	86.67038172320133	67.31269276752163	106.37157166158323	56.895092137328945	100.31649055484769	108.463671706857	50.444254922144665	18.3774190495568	662.6275475478217	272.79607985675625	26.709002255916825	102.7405932684222	196.00418918848945	31.20758905718762	32.76723019631286	25.9938892362417	81.75110872804012	98.86949951631708	81.01032555084706	66.40333385882732	131.802290914081	711.7248154962746	83.72530813313844	107.86741946062125	83.87578826991643	59.17284470596603	35.936917841247705	145.29926110015438	280.85948727390553	331.59462289919384	229.17090423197172	67.62287088175913	79.67921078556397	89.49918070940285	58.15672210149259	85.09838227196289	53.60688476203642	57.39582131275063	94.0748627003134	46.89815976269861	653.9975804378281	195.05793935446644	106.01207098223335	155.5595792566563	350.5410846876832	48.723873962370796	203.2173461550705	82.81408280837691	58.42989434201841	64.96991752936303	81.84824533484306	50.95272595169621	115.3894335050101	58.12107451710905	51.63327647572285	171.83279551940169	158.79981712013117	82.48511233556339	45.75150636755555	143.54772720516883	117.29229810920549	157.60503686609002
2026-05-01	97.17737973835159	90.04007318997695	72.0722402749516	47.35180668033571	21.954801216087915	30.468749615802228	61.806232937026685	76.06949465353283	93.38881330918959	24.744052417894537	90.23167103761023	193.00682957446497	91.1885910850116	53.863482731266046	78.05274888714848	86.69650338898371	20.64719854569261	86.56341344829227	58.15195147750295	93.1196211530083	93.54108375749388	77.63686651099783	67.00913164572277	135.93273807047478	35.78224659443846	50.96926932641315	49.21567938966608	79.00357679406625	216.10755579777006	276.17077298716737	279.475800047498	55.29469835341729	119.3799791312765	91.46798347381159	120.69092833033862	122.2004577422077	55.036583238629945	86.87231168069246	67.58644587106551	106.40489441233458	57.11753279351799	100.20824451448439	108.42243338760818	50.404860996838934	18.3737099443951	667.6682659614108	274.86152564615156	26.778650641203043	104.6302949557443	196.22302660108068	31.28286118661383	32.91969069019744	26.036674690142334	81.99203995972319	98.89131180039487	81.02267223587275	67.34666738717733	132.8988718974702	714.3712578457935	84.04760203409852	108.03980027596492	83.91727951093478	59.27390709419395	35.959257870819165	144.04963207595608	281.99965940843714	334.1547028070188	229.4470396403999	67.90719578633855	79.96251112398315	89.74097676827564	58.16803695406661	85.43187775097168	53.62839164554458	57.405689587039376	94.23841249029343	47.01408041540692	656.4498400236016	195.47381678416681	106.42603366006199	156.063809098543	351.96010228036505	48.76408618162485	203.60639188857039	83.24868187660056	58.61887592772307	65.02367031253308	82.14876637469692	50.938542159808065	115.71207743976092	58.102224270273275	51.59478498163584	171.95291967132192	160.14428569629604	82.76447541826997	45.834262628968204	143.75968055815082	117.7130931769172	158.66172558636532
2026-05-04	97.04408842874611	90.05925549757637	71.96572371413595	47.30742075044618	21.93024141309767	30.50676231247875	61.5089952984694	75.91649552622931	93.19777503228033	24.672050241540042	90.58124002930316	191.98807207483014	90.28429416921477	53.78712809964181	77.96154366354494	85.83325230484343	20.675814086078727	86.14968386648012	57.81391748069483	92.9543799734768	93.08730671028991	77.79533144885829	66.81083260752936	135.6015771651202	35.545891287331536	50.70264270458841	48.92284022889066	78.86677863140812	215.01960584077955	276.33469984807584	279.6503145745303	55.48517685920376	118.66864251973982	91.31480228378079	121.34747069593104	122.11176070093784	54.93872847844583	86.52926878590287	67.3922715500347	106.25003555455596	57.02013495755001	99.7641221046543	107.48114848701698	51.39827324133939	18.526855124785442	669.554988693596	275.64977222248984	26.69532984483248	103.37514885116317	195.23861901343096	31.153175092513457	32.96598319299911	26.028937435098022	81.76238884582838	98.90713890190642	80.97959020729184	66.64333491429178	133.45713400781713	714.3811245283655	84.05955998921723	108.0288074560977	83.61929191611192	59.15851230869366	35.912141218734774	145.82981634315382	281.85896056359354	335.7242019894469	228.5344710531101	67.6474760669974	79.75660804001892	89.7324955252511	58.099935301374124	84.79165298681397	53.45779628663948	57.38108270855875	94.0253685071096	46.79204005511557	656.4824578535977	195.2784809628842	106.53301652485521	155.7054122397012	352.0181370776825	48.78419229125188	203.15708540961722	83.39613048908153	58.58376810302169	64.899335919206	81.9412883997508	50.584350959664775	115.565217644441	58.35928436108878	51.4067312511939	171.0280574308758	160.9063179580113	82.5933735733928	45.786863217560274	143.65240802809885	117.47039622835118	159.09038427755766
2026-05-05	97.06590941823048	90.073771425546	71.97635016883555	47.30992413559906	21.917961511602545	30.545667075428828	61.61830532745736	76.605182272392	93.31745441067142	24.679856183086915	91.89427678345041	193.01956399151663	90.20714571131637	54.0548532649088	77.97448902537599	85.76162737312484	20.954412665903135	86.44031281947053	58.029452484243905	92.94056889298841	93.49011026432464	78.653307661685	66.9335573254932	136.3995892417398	35.71406197667358	50.91539110021901	49.04142003815139	79.18915713796969	214.99466620163977	278.74501716036605	280.32653057828077	55.62481537357161	118.65312313975272	91.421584186324	123.07406875250653	122.15183524548846	54.8075447812151	86.52055098841042	67.537295595574	106.36863197405532	56.93170024549864	99.8420601367998	107.78762853427997	51.525779610781996	18.558427638686666	674.8540019151574	277.82496240519026	26.727509587943583	103.60257534110893	195.3281336644303	31.17199312487001	33.05898608807671	26.01536040303485	82.14068538971107	98.91998485622665	80.97775210437834	66.27666928820058	135.450841784182	717.2515669028546	84.3937517048137	107.98443165163283	83.7007668687005	59.43020258073843	35.91772717980196	144.99990725604957	283.42886993023427	338.40531388534845	229.30724407147693	68.04849999638932	80.22464419945283	90.38007604021344	58.08063781670269	85.14073768725464	53.4950324054047	57.37862691030965	94.06625404725597	46.90101918832438	659.0746639853926	194.88209936816085	107.76150719431237	156.48416821701858	353.5440416833725	48.76037464904391	203.8585643722891	83.76423116861304	58.88024197692589	64.97374632874363	82.41390820744377	50.84360904306481	115.25816424214239	58.51742217932369	51.31766921446413	171.27696053916839	163.07310831982596	82.76434196858116	45.763163511856305	143.8814408304557	117.52331456925371	160.65047778331007
2026-05-06	97.2832484408047	90.07610461536089	72.13401859027715	47.44455099602219	22.0157568025542	30.420853328363826	62.00875479080388	77.50602894137178	93.74412301832399	24.815179289358397	94.16124590515294	196.29894367788722	91.52857209271873	54.16898051123858	78.0980614682544	87.03081521244133	21.108671291142485	87.66434738873917	59.073953231868046	93.16468141915045	94.91645710970138	80.2727330849929	66.97026529604739	137.20588287770585	36.104240537286984	51.63973290362513	49.53570940872413	80.43364793543992	218.99971347191365	282.05962711045646	283.19517141707007	54.678403093890296	119.70524656743495	91.73269227016395	125.90002570926109	123.31403865545907	54.73227695298548	86.1708551756017	67.88156665154676	106.69255191842414	57.62757612067412	100.41602900028467	109.6485521211439	50.05997652108924	18.294214162666087	684.5683888970318	281.7961634535717	26.94050650295617	106.32128812831814	197.82406286493	31.166638308956003	33.399882982392846	26.02313640116342	83.22238508377154	98.93133260755668	81.03101701288253	68.20333327080928	138.29682439550896	723.6914267619742	85.14764718419396	108.00112314393165	84.06023374562955	60.128313112878985	35.9788030125084	139.4749521021459	286.28155837820304	342.4956104338852	231.20515096640253	69.18674847231576	81.55098176769516	91.77541857430595	58.179166259425564	86.47653110559021	53.7195067880295	57.416785760452676	94.74021930878423	47.54050974675008	665.0251859966025	196.18247424462731	110.17075451268353	158.6058078633921	356.72888424500655	48.73394899749559	204.91256618272658	84.74160883992175	59.721330934141655	65.24507857819017	83.74828253389767	51.40958986088788	115.95958749216494	57.38744949298216	51.39726081572816	173.6199789878459	166.3513277194833	82.93862468912457	45.42580172663128	144.0455406666927	118.44601397407999	164.36132592778785
2026-05-07	97.27395606854688	90.08712457330545	72.11947282663272	47.47234606991051	22.049805738923585	30.408192968198026	61.95091632057284	77.48938837205307	93.77649189856629	24.88284084249414	94.58394173919757	196.04982431697096	92.28928757223827	53.69811292102456	78.01347394091431	87.74540714845699	20.881616643801223	87.59661995291451	59.08839301302875	93.13419770420413	94.82283731949913	80.54674785963512	66.56951756623658	136.96829788416542	35.894495070279234	51.532247814727604	49.677854551774175	80.71458092572777	220.54808213878886	281.458234575736	285.04874232474594	53.662550545968585	119.55101042971357	91.46202637189839	126.9883810797282	123.77595395907719	54.597867983939025	85.28560001211726	67.77206308041205	106.63398805638005	57.786766652256006	101.01801587343334	109.747444242945	49.50288674382099	18.172106699863317	689.0114588528128	283.6420850226843	26.914092324659237	106.44064284345595	198.47539355404703	31.104906526304173	33.61024842173842	26.01245988606755	83.43777258949319	98.94192744269435	81.0231722332479	69.90166587246519	138.57843539111386	725.7920329610652	85.39032520952861	107.95115361298144	84.02911742213118	60.2070665601016	35.95105807668877	137.2224766614245	285.585481337539	341.57643375698166	230.806127729295	69.16048239045475	81.60840332891594	92.11755624149868	58.17433998090907	86.18491701153533	53.71411206711045	57.411248944069115	94.73324213119875	47.54025533113871	666.9462477834575	196.72810846020428	110.62037710375387	158.83772448833668	357.4957897787533	48.701380397795646	204.4341959941953	85.30513822123041	59.87270846633841	65.27343726883142	83.73476748765196	51.19176773928183	116.32521458348481	56.30430328347838	51.29307277541779	173.36383776052452	167.8208436082768	82.89750829793142	44.96613191189962	143.79037897592445	118.9123380417275	164.0784595947533
2026-05-08	97.38235080649024	90.10248791531484	72.20557991917573	47.515881897259945	22.10642485737683	30.471509623442273	62.136125579720016	78.12700696068474	93.91494501544526	24.95561204874951	96.01307072311441	196.0594656863175	92.8896427180039	53.67977354730427	78.10778830102356	88.30770494751951	20.99248697943235	87.98143833339086	59.38649310685617	93.24183106035402	95.27781651741557	81.44762167151677	66.3099815614386	137.2021665202077	35.9327955545488	51.864119665420446	49.75892735218103	81.27550716818615	221.8113640674413	282.10779465603207	287.1584348830761	53.00662927689054	119.42952743165367	91.12844742056834	129.9197047610555	123.96222243241945	54.37582875210135	84.73937288203518	67.79636326628025	106.8301242161783	57.86139327485847	101.27400732636511	110.52451710438265	49.40894077791636	18.12105319734377	699.3605878248438	287.9076513980609	26.950112950049345	106.41032004843696	199.04468835417197	31.113410218108143	33.83019630864753	26.045960015055257	84.04352084674855	98.96200299747022	81.05372707731732	71.45583400434782	140.96711991723663	729.8470968027982	85.86971170754751	108.10595934433252	84.22440902234489	60.358700287497086	35.98089822474575	135.40623649965755	286.0277717966992	342.249673177319	231.15671071523343	69.72289179947542	82.15845352603023	92.57996876405988	58.21618305197797	86.45243622793564	53.824144732896045	57.42817391051112	94.84277157829469	47.63012827592092	670.6417335108694	196.7968087467037	112.25518824670115	160.00097741750818	359.20704711105634	48.73832447624157	204.75464987698047	85.98106795094724	60.1128907932278	65.35590350990398	84.31430986076934	51.17707016419658	116.28932009081467	55.63935714711029	51.0870652573378	172.83782555750835	171.46373601312277	82.97560580301845	44.53901612074473	143.05283566716145	119.30483235094187	164.5501016845837
2026-05-11	97.30876726115528	90.1200267640539	72.16016682116013	47.458613098288176	22.08524158060492	30.66733344789057	61.97080326837563	78.38121817150449	93.89613599038864	24.94819252950171	96.68787081077596	196.32772936415483	93.28982257970507	54.16892920834452	78.07688914562897	88.68385125305663	21.332159055206898	88.1295169267052	59.63414735604039	93.1383601407727	95.40199267032888	81.87821833697909	66.39715539253571	136.82239673666635	35.85320617266014	52.14376027216335	49.08946276056317	81.57575712413214	223.6906780664355	283.00966209852385	288.1284270362646	53.329845094988244	119.1913185864323	90.79315513728612	132.03958718277386	123.06216590370973	54.21158075788661	84.79679520566603	67.46758623519091	106.79588715081377	58.08745780686283	100.65700412094623	111.83867075311906	50.2366282869074	18.33552621720216	705.5629233069532	290.48443482988984	26.9681232627444	107.97015941386692	198.22057873519145	31.181638351851923	33.945161783474155	26.05785492360429	84.37598176736842	98.97696936372535	81.02959486190085	74.72791700217391	143.2879041358644	732.710383118196	86.20886174366633	108.13962670585767	84.06706901312558	60.499508148509285	35.956963699775216	137.03312008088346	286.452698154209	344.2231489665892	230.61340479609328	69.99913358284317	82.39375618196043	92.49019876801627	58.17318170543234	86.43858231074516	53.732121652336694	57.40709537810712	94.93192961238952	47.7050635276089	673.225468806216	195.1931889192503	113.34259427593847	160.74638409449628	360.44065124107505	48.77614847469305	205.5141352412246	86.30406394373534	60.15821198291761	65.33860773029379	84.58420265987687	51.5019414541686	115.59536652734093	56.03230979914108	50.95427062000191	173.49009502973075	174.46239779171765	82.61507646107954	44.53260391608526	142.46090422274088	119.08781809197484	165.6681553955145
2026-05-12	97.12943932515772	90.13371714789609	72.02934030755273	47.34600386054545	22.000410211384	30.76524536011472	61.58154726407063	77.48476420660185	93.76445898640526	24.895806279094117	95.16629258312236	195.78089196479226	93.30491113726464	54.5713935439916	78.0077705921016	88.69692516876464	21.327464110122982	87.98190323874323	59.600210045818045	92.92934089802307	95.18367379488123	80.84355481668291	66.41609173435378	135.8576629069074	35.68998504433788	52.16493013913343	48.304731609163426	81.6220040808649	224.33088895997557	282.08747265082445	288.56850123785887	53.71344549671287	119.24474910644858	91.32431194364307	131.6412688111135	122.66676410419862	54.24075055350385	84.74164024809669	67.6787127037771	106.5974484277018	57.95710094322634	100.28850114494577	112.43634511166695	51.265811320577725	18.622763032307134	705.6455668780859	290.4906762772496	26.967282685449348	108.0000790965819	197.20194891349416	31.22067337819647	33.972704869398214	26.029819147287984	84.22661469349866	98.98937732102283	80.98797629447581	76.63896002696586	143.64083927496347	733.5848668520667	86.31876345239957	108.06414089809485	83.7088923251663	60.26120770279468	35.93042238638663	140.66656156632064	285.54679890620605	343.19874794520865	229.86102368710914	69.71552443302315	81.96524967301147	91.46758778732845	58.08283909795543	86.0822939324722	53.51946315465956	57.386708470913916	94.97650862943695	47.53253206898023	674.0946374792799	194.46107352456656	112.67629820608447	159.99734518445518	360.63971343792036	48.804738360881686	206.02263921485059	86.34082515424072	59.68241753015509	65.2324027726176	84.1427902642646	51.604875451205395	115.38756516064312	56.42617954251487	51.08647407037693	173.4730061940646	174.62488328306586	82.96265526545187	44.554057924229156	143.55843978226886	118.44156834774523	165.7586458740268
2026-05-13	97.05943630686596	90.1405623398172	71.97867848507519	47.33415953830495	21.94314772501573	30.86394878326781	61.250656368241366	77.36447530398452	93.61057727152294	24.8647465538537	95.3697864587975	195.6864130844469	93.04245495828076	54.84663465346553	77.99272730654884	88.44346380508544	21.574447158210905	88.09527214549466	59.864260601522304	92.82483127664825	95.37952229172772	81.1198479344645	66.2875021965226	135.12198483480137	35.26772201435644	52.452364819322575	48.14236557569988	81.94192245058869	224.8107081518628	281.67613683810754	290.02634656619506	53.89044467218456	118.77849866821452	91.82282339125513	132.3859801697169	123.4374202906247	54.182757021136695	84.35392101516163	67.82874767879284	106.52763275266926	58.676722087213754	99.87425011470921	113.13611841764988	51.31889885486894	18.661381897623293	709.4139394449023	292.0004650917498	26.902867035473697	107.13004061640618	197.75662936397364	31.235269931896084	34.11121892029481	26.020655461400338	84.30479752008918	99.00050607384149	80.98194514797032	77.99447925054348	144.7343982141419	736.0767046662677	86.60744080823103	108.02639799421344	83.43664144456557	60.22624784858972	35.92201165400874	141.35327742622673	284.7658005761499	342.86119953412776	228.92483557402332	69.90118110078892	82.17302782112488	91.17355219444548	58.04258493899236	86.14525386931227	53.36412076800361	57.38143979148723	94.6057050288298	47.34626595819617	676.3890240619055	195.41436702351376	113.36315062892115	159.95042430121197	361.694078520718	48.819033303976	206.20755526416357	86.83321241232544	59.718669244813874	65.10125540242208	84.34442064482761	51.61667532020719	115.73102546972586	56.652724094377554	50.859641377839836	173.10132548472762	175.5291851107712	83.27457104092906	44.30831901643587	144.5336830869352	118.33254335966363	166.62132733154465
2026-05-14	97.00969480748572	90.15383829881485	71.94351709898291	47.36281379320033	21.884819063618707	30.97299669235412	61.197141767494706	77.53289606874031	93.53363641408178	24.82974647638974	96.0083528546429	195.5845014030633	92.56622564808569	54.76716078681577	77.95592786225879	87.9917323603064	21.822603942569806	88.06822017919265	59.71033617234318	92.74308504140029	95.36429880455526	81.37703975092366	66.33661074791951	135.18130033976396	35.10596031137744	52.427995153801916	48.251183093025716	81.84960426118302	224.42676978638062	282.3560432725694	292.6020252118085	54.117074447908685	118.82636404968343	91.96304743781506	133.69721676942876	123.43043728764633	54.182793915841785	84.23899892921168	67.98282095243353	106.45841934264323	58.197095174466256	99.7871235314757	112.91677594466478	51.343245356389545	18.63069113954651	713.832671626748	293.85791382028896	26.870659210485872	103.49001954526364	197.6909138641157	31.26717395978349	34.3650977566562	26.006364260241185	84.38334053250553	99.01099140972349	80.96415143751055	76.75224069338697	145.89424531068423	740.237845741337	87.0899333252581	107.95407500418679	83.35935770958747	59.92025092319623	35.90323032956785	142.17663871311336	285.04134755369995	343.72045572409513	228.9176332411132	69.95927661606828	82.23719445255463	91.55490430156844	57.992954990858486	86.11276899398231	53.31585707589633	57.368957810782675	94.1402205258895	47.06313236874652	680.1816641305621	196.10011258890532	113.66657592481214	159.99149327853567	363.5590296168043	48.801989872813195	206.61697648462086	87.56837012217835	59.74676481344697	65.04056071512706	84.41542016128099	51.42919108417586	116.07672870776332	56.98313275336554	50.89517560835351	173.3582036359185	177.3032125505028	83.55879049482976	44.29888721512711	144.98163188770587	118.2531323365701	167.53615042114342
2026-05-15	96.6801022255202	90.17032964135078	71.71951932219653	47.17955104638044	21.73687078211453	31.02254532798858	60.513398230549114	76.48919583710453	93.0892173464452	24.68569194852202	94.52830438752653	193.54531771813322	91.27311450250964	54.27843780002409	77.7472395964126	86.75086724826843	21.777138114778555	87.31091978197914	58.913569193959674	92.33357483881538	94.520375720637	80.11678830807901	65.73497865276835	134.1132560658781	34.56100055668969	51.83244964904451	48.12059238574626	81.29394657028877	220.64649036194032	279.2880069878472	292.1978326742636	54.72370598616138	118.48057246673625	91.56233426578254	132.80968321381596	122.7813769385009	54.13442483572851	83.08632685718396	67.92644999648044	106.08568168670247	57.23208869441086	99.53856222350151	110.6242357506527	51.92460577145649	18.620345874949038	710.6236722391552	292.5515917978398	26.633034874102798	100.03000962004393	195.9576471786399	31.243756390597312	34.277475712434544	25.94581766631444	83.71251377211215	99.03101602956878	80.90599539648966	72.89612080445715	144.46055038971713	737.8411213569966	86.80405708621304	107.72354705409535	82.70286839947147	59.11290980913229	35.820986578968494	145.2033172203262	282.5994396459906	340.302473345446	227.10018930122067	69.25401803825875	81.34080715669724	90.48638693471977	57.820627580878465	85.26987402946186	52.919225763900315	57.328254845332744	93.21464914233928	46.51156572660959	677.9556697117655	195.4671629228706	112.36328674170295	158.22020342637722	362.1740307996131	48.77895132678746	205.66279732434168	87.40706408940949	59.00315840770005	64.78096913930182	83.50191479255456	50.65612576974907	115.73760217736799	57.82441206454898	50.818607167580076	171.9396151236233	176.57403822105218	83.53317179770785	43.78617189430672	144.44687826074747	117.14790558478896	165.4415829010014
2026-05-18	96.51038878976206	90.17857531261875	71.58295378341272	47.15213819408866	21.70744181500746	31.087117428703763	60.10339215421499	75.87791014389407	92.82299383557611	24.638003406817162	93.7634274012828	192.4362559660002	90.73155847195795	54.23636779527572	77.68193126060865	86.25543469224945	21.525020778580682	87.30662108483722	58.62857948833726	92.10915497311862	94.53624605733998	79.44698592039693	65.72506760397206	133.81268577219686	34.47612749086926	51.66321502837968	47.98029626916707	81.02600923485141	220.2335845364389	276.9430452419705	291.7062619181865	55.579534877846314	118.9830421232607	91.59491453889713	131.79159850388064	122.82929473145748	54.226365402483395	82.810928473758	68.40225087714647	105.80129802718912	56.610507314124376	99.97428294280544	109.58686381648846	52.32956667967356	18.670172594151765	707.4974135121557	291.2698144536074	26.617599094461067	97.36000603072509	195.2550839652965	31.38952689219807	34.19873732215966	25.905833103787103	83.57928316169084	99.04594929896408	80.89662028735616	71.4180616229317	142.71694664261247	736.3840616550608	86.63625476991317	107.54511932172541	82.3255819963666	58.69496274758372	35.77986470366882	147.2466552532295	281.1846227770969	337.11131968053553	226.7366104587158	69.11969624447117	81.11604414231346	90.03607447932278	57.73446387588845	85.49793979183053	52.691504514030235	57.317751003598985	93.29237172082784	46.18078210036534	676.5790921801015	195.87258902979468	111.54664504931827	157.56785012627455	361.29253602968936	48.76259311029314	205.53733890875287	87.15677148562271	58.65129462743401	64.60239481745364	83.25384512210735	50.229925983019065	116.01539990460196	58.80762610673738	51.09808150737402	170.90699475663587	175.26168952068235	84.14193303630509	43.56433915149906	144.48695078808856	116.49072754215034	162.89899121856712
2026-05-19	96.23876830845525	90.19255151128985	71.39672438926496	47.0840952200912	21.613538030916814	31.124378797970046	59.61612822127253	74.94620681144899	92.50891284186032	24.526544122842175	92.65032179390312	190.67386986532432	89.71577771010007	53.929165648126144	77.55656850506018	85.28771719353684	21.229416936836728	86.99414992840494	58.07688205984246	91.81999649290697	94.18506562510554	78.67558799193674	65.76941704173213	133.04650249303202	34.20165055268561	51.32646530227578	47.62514836346537	80.61998017284563	219.07391507095383	274.2929490125868	290.30251755577297	56.21464079097394	118.83004492637644	91.97299437882356	130.77317199363955	122.57516219727171	54.248142875802245	82.96429449810947	68.74391489780174	105.39448446281331	56.40899434920086	99.86214147140272	107.88517156278525	52.905645232536976	18.755086373369828	703.7639655451403	289.7359051516084	26.609881204640203	94.74500164207153	194.10331865501155	31.491938853508703	34.00967559162182	25.8421491873916	83.05406495120675	99.05834070783165	80.86237264367807	69.1590315744053	141.45139934669686	733.2079304857335	86.25894998627494	107.27611877341153	81.87214921351533	58.18713057423132	35.71558733535492	150.10333098354835	279.2693896356187	334.38790471331464	225.41002275865478	68.7895730062688	80.66106848839306	89.10477582608718	57.612707706987194	85.2675322128098	52.415896910335434	57.28788284127703	93.46389673687877	45.88539112647662	673.7426100548945	194.88541408276842	110.67832130395601	156.06036091518806	359.7079898166025	48.720541397675866	205.3260348718569	86.63247052064338	58.17130466234982	64.37165486722292	82.7671012414736	49.4317163789607	115.59261129873653	59.64961116433061	50.92006011709033	169.39083716103278	174.04683749715758	84.54004458211739	43.6507036638843	145.30044408300913	115.51983886873143	160.71555548477184
2026-05-20	96.39293228044832	90.2093929736625	71.50019248638053	47.21308146929853	21.670522334245028	31.03854018328678	59.82508719718412	74.9126328246698	92.6795662842114	24.568164601399115	93.1823119284457	191.1794718589317	89.83788839728636	53.76076354916073	77.7427274593172	85.40885798641685	21.3459058255961	87.5127304817806	58.441953984633145	91.98507911803551	94.76707047124418	78.98927180968907	66.01840221593443	134.00449056536365	34.39519020554202	51.57830795326191	47.82257441061452	80.7780648850068	220.96946791145348	276.3858238715278	291.37750084331617	55.920484152811184	119.59651812969213	92.32558181465592	131.78213958568696	122.63183082397765	54.30741913992749	83.25311282522661	68.78133550065868	105.5978159618754	56.32810481009848	100.50107043052557	107.93519289809184	52.1805714871181	18.587543224831887	707.6948184659295	291.35865997326516	26.783237835901645	94.96250097362366	195.5460517225253	31.552987706783647	34.12471656473181	25.83943625751416	83.41771851075963	99.06946500113261	80.8994404111945	68.94451746566945	142.15439535205937	735.3608927331011	86.52283513107693	107.26795364329756	82.0818570774608	58.312326731207456	35.80001817024093	147.18666762800464	281.13005614593436	337.03849581368854	226.63985635003053	69.22485699873987	81.11379840435278	89.48846884566078	57.679677294045355	86.05279152754747	52.54276443417162	57.31725837620492	94.14421796072455	45.94769472400491	675.795316257916	194.6507148538842	111.0641591260991	156.4829545054456	360.96961075302784	48.69467659788579	205.86421219911205	86.92414923126896	58.330073336423936	64.46602076246887	83.20442769593211	49.369792668240116	115.50548457392881	59.33530553638894	51.10908744685083	169.62264941547733	175.38481553812957	84.45791139017979	43.77773105862672	145.612975337403	116.48331192093798	161.3583880939484
2026-05-21	96.52898948617143	90.21781370484882	71.59123699026057	47.30721288430747	21.694064916206987	30.99562087594515	60.1388295330403	75.06478732908295	92.7991337280432	24.61331070188364	94.10441585191816	191.3676518840557	89.85394557193419	53.77030487028349	77.85532674235391	85.41942914579631	21.733267091264846	87.97889942057779	58.74774472302946	92.0971156698576	95.2499330932881	79.46356519561601	66.285881100643	134.68713602975214	34.5907015633423	51.8673743440626	47.9262865949557	80.89173324816747	221.85236396060955	278.73574335666234	291.8451072331815	55.615544124135084	120.18187265127185	92.8141085037635	133.06569137487475	122.68499881652984	54.28866974452429	83.8020591897129	68.52335055062231	105.80729268552754	55.959832586934006	100.86053582561435	108.54922715583302	51.85100122817819	18.448771345387136	710.3387727583554	292.4593898010857	26.90437621928139	95.33124896093292	196.66516911077437	31.647488421262917	34.17724742726337	25.84293590219458	83.67351227051654	99.0750271477831	80.9130495207828	69.19725720695581	143.19371378931095	737.1686665813943	86.73434084434706	107.26387107824058	82.33871525137688	58.30944362378244	35.861665655555036	144.86333045706874	282.9451397673031	339.9707249576255	227.68594074825745	69.68561728110822	81.55863107473499	89.90252910056476	57.727913521900604	86.70129200400811	52.69442069975183	57.32702327684758	94.57282614344821	46.023846599063006	677.4532001211455	194.85199927264523	111.75707803717064	157.02680897879702	362.0480072808108	48.672066311027855	206.4502640585404	87.10990176407198	58.424413194090874	64.53271588660553	83.62680720123754	49.48758874745013	115.46192121152495	58.84751765161732	51.238356818518184	169.63907586740663	176.78209130177964	83.99260086720903	44.08291345716981	146.27505456323274	117.34345497169946	162.11843354892733
2026-05-22	96.64617046330056	90.23188124817636	71.67115636744474	47.393796948135176	21.700887591160132	30.964211538131266	60.52929750272621	75.71723482054733	92.9469530334552	24.64075130583684	94.5704383641915	191.64068171595363	89.53197232820342	53.656661605673975	77.916505381675	85.11471335219503	22.041639458413187	88.1380970186385	58.83161886725203	92.19244821578818	95.45200817262062	79.69574896743691	66.37524798440353	135.5897151706378	34.54034780620728	52.026737175083056	48.15814299230207	80.95351509210131	223.40174502962117	281.21917477891714	292.3434520540908	55.507473371271644	120.32666172846795	93.41025096819035	134.11697502093347	122.55267015411454	54.400259097115665	84.19000435681934	68.36471024845568	106.01004587889659	55.5670802186379	101.55026684469195	108.84634514529932	51.422496539992416	18.324386054163295	713.1724991721464	293.6234021759335	26.950176810507394	96.07562432787857	197.0059701755044	31.980171594054312	34.23844022669321	25.8495399268053	83.83099975708444	99.10243209195795	80.91000071253984	68.77862890865369	143.8379762794211	739.525220741869	87.00419816265205	107.2666897200285	82.69271120234859	58.403022364259385	35.897347415179865	142.89166431300703	285.16487640220623	343.2134203401409	229.15058756162873	69.80188075359122	81.71153599635187	90.5441028376359	57.74219543892882	86.87792490215054	52.878080787497986	57.32698095299898	94.83626735028855	45.816923604707284	679.629737267604	194.7833681055609	111.83354084964	157.60150873744539	363.43263401149915	48.6365683575403	207.67436603805925	87.23271577461412	58.61114954443313	64.60996298480667	83.77836942093127	49.68036740228952	115.12201666655349	58.78127988293757	51.40725481001593	170.26411038243378	178.37361248438592	83.82900688502053	44.408121615059514	147.46897106823747	118.01252491016614	163.20125321245195
2026-05-26	96.84237997041981	90.24876456817998	71.81432650525556	47.52106381830587	21.758740380663074	30.988304652122274	60.95812638197834	77.12664566955101	93.25073634338776	24.717748852381312	96.98550986202738	193.50198911237135	89.37098570633805	53.66891651145515	78.0788238273121	84.96235545539439	22.455129688618214	88.70041142435832	59.47503642337211	92.43672398582378	96.09418722229664	81.29988940681416	66.54319573902794	137.1287732957681	34.72746264516907	52.42776296620364	48.354071114681304	81.45927860317957	226.23261842545512	285.1425005974664	293.2914007096626	54.75292796981551	120.68497164182187	93.30192342721041	136.8250051496269	123.07248909927407	54.402829209812715	84.58131122992334	67.88516731905206	106.31233495116705	55.64885840765879	101.82513265940652	110.12841472963208	50.71157824130968	18.117192950787704	720.9457771739638	296.8196203994902	27.066607761027623	97.51781170617562	197.71830948960766	32.06777210684161	34.36883292157414	25.896533574242493	84.52121276916722	99.1210593382153	80.95280309064492	69.2493150646784	146.58243265875353	743.1660222361688	87.43252663259555	107.48189756387167	83.07565705381101	58.95054034167559	35.968613130197355	139.9458321565035	288.1685130302047	347.6393944962423	231.18134236479875	70.51493878988154	82.6072252125314	91.96113451818319	57.84767929295074	87.46813725576277	53.12185022346091	57.35649889935105	95.18910688071068	45.898461573471806	682.9358097959114	195.34150552494842	113.66176935670477	159.3481176499727	365.45275194227304	48.657529021299446	208.89558603416634	87.62342652134026	59.327587482787855	64.80955149972755	84.67397474952813	50.12385603390843	114.99680316359901	57.93884054876859	51.44701844199527	171.83514204424424	181.5387883588922	83.17003475354542	44.56086660892136	147.38158026068123	118.48149362573736	166.04043831276894
2026-05-27	96.97979899399897	90.26213481704897	71.92031251410239	47.57975912778086	21.787666775414543	30.92075564332188	61.25527206855264	77.14069633941418	93.56892209625443	24.756247625653547	98.40677928404104	194.05984770559974	88.71049437904793	53.40861024852543	78.13558424641973	84.346179406164	22.771579775034205	88.80424623952291	59.56502523072902	92.57852282054861	96.22833750763269	82.04739801151254	66.3757085872874	137.9132025658528	34.786460814772035	52.33659457209107	48.452035175870925	81.47966981916791	228.14212708382132	287.03450713467066	293.81028165365944	53.91193876212944	120.45496598448516	93.3121937082341	137.9992335318447	123.41681782234211	54.43314411235265	84.4020257016316	68.00609073960416	106.53699251830812	55.37185542758428	101.85756602452747	110.69520025422034	49.855060513477106	17.858596666128715	724.4182926397164	298.26807130814353	27.075597429097797	97.77390524273625	199.3025522667765	32.052518942214746	34.43402926901461	25.93459491212125	84.70852050811877	99.1352977355139	80.97913286856465	68.3746575323392	147.85498280886895	744.9217562352719	87.65166523280169	107.61865721699442	83.36520203154419	59.089392561584866	35.99938987808696	135.4879154679002	289.5013402553367	349.78254209675396	232.12733805251656	70.68788931681577	82.92101372931258	93.05975274493144	57.91025550951248	87.68451571040092	53.29764996524608	57.37618264669701	95.21811148478893	45.89423048156012	684.5640352690494	196.70094227663435	114.12088559387973	159.50668516775977	366.41308251410527	48.6873651271048	209.37741948192692	87.82377151872677	59.71571558587635	65.03128636998096	84.99259269092617	50.439811928087025	115.28711312965106	57.09322436679152	51.25340691081697	172.62065787514945	182.76720454321563	83.30919950567896	44.54352916017357	147.47673983737187	119.76159031872805	167.0064557286501
2026-05-28	97.14680943962644	90.27374090095613	72.04210358371135	47.628865007005665	21.836776007031002	30.90190614197344	61.64717491367085	77.29678478469732	93.85028746414284	24.819304042013783	99.42061757781153	194.3288359011397	88.84024779987553	53.39193673131838	78.21275824869815	84.46808787202731	23.054471032231458	88.87586655848216	59.54099840943189	92.7575574612997	96.30032979507611	82.4707510077094	66.11939192181754	138.35508455929357	34.72215458646316	52.251459593784794	48.57101690128995	81.6333171178359	231.63715698673488	288.80639236128064	295.7068376041735	53.48157744380886	120.0047466336	93.74850026598229	139.5901547908247	123.66843469852458	54.40959573781695	83.81904721360877	67.90349702995833	106.81103394836305	54.999902094285304	102.39378316485163	111.23103442276447	49.65095898293484	17.789297989741605	729.2229402651707	300.2245660495796	27.055477929026438	99.63695262136812	200.47254230770466	32.0842619430312	34.67619737376512	25.987607857977128	84.80710296646173	99.14241693416321	81.01200448359873	68.36732907134538	148.75541804017666	747.8591630297453	88.00490213544381	107.83280807016713	83.72572616835998	59.06920952542134	36.02449047127004	133.13395712359852	290.8884722516918	351.99692290384576	232.80352956092625	70.8984070912692	83.12755627261527	93.46092190469228	57.98087886864784	87.65000855710475	53.51298552034277	57.400795028182486	95.05080912984565	45.912115393367955	687.3423203688997	197.64453089173514	114.97044264435198	159.79442687343067	368.0370618869355	48.73131684089615	209.50442934545566	88.42788078499815	59.71538266476435	65.23969942888696	85.22145885156661	50.687044254448786	115.63606068469858	56.65067712480201	51.08212681051103	172.76469752888332	184.58856595568983	83.30478056948988	44.28332692749889	148.56077287278748	120.655567803407	167.6439825640321
2026-05-29	97.2597984576062	90.29433352420853	72.12266006822287	47.68799436263369	21.89102613370349	30.872582023013088	61.833393136156715	77.25557775611819	94.08879424476673	24.880038526133845	99.93250727523389	193.99112388318704	89.38512405252565	53.30465862750001	78.29037723225923	84.97904286789841	23.280688770815438	88.97078545209264	59.568425153812626	92.90114430071822	96.37076121101461	82.63778791840548	65.89755225363338	138.04952866880694	34.61101053602943	52.25833058119416	48.56550913729048	81.87337929256053	233.31979156709792	288.89629920798404	297.5435280550164	53.039471888408336	120.11978206924141	93.70894022698528	141.60415179726783	123.24302701112752	54.32040226954324	83.37462294152118	67.32350983700064	106.99705826446473	54.86856142922273	103.05689219277738	111.57814843696818	49.30716894459242	17.704649414487502	732.977375894304	301.7565701341648	26.951888477757848	99.63347493739305	200.60011697904764	32.03615620192332	34.86214653844506	26.01896948684989	85.05364456184415	99.1558375259195	81.04814320249272	68.34866545120003	149.4349065908891	750.2631386437789	88.28595555380589	107.9544632697027	83.91580345283234	59.14183399549876	36.06618505497096	131.11197673074457	291.3335183524084	353.448443141376	232.77984705585374	71.0582352228807	83.27055380159084	93.6713827357934	58.04569341686786	87.62291306151135	53.63535704850146	57.427869819389095	94.54949056345798	45.96105685745058	689.517137967653	196.94136029450038	115.5552210170002	159.80925414716455	369.2867041612412	48.767807620887524	209.67194581286455	88.91953350162993	59.705246492904635	65.4219508496974	85.37067434155479	50.7065306263699	115.32341288019109	56.103702743919555	51.15040216563149	172.5034348850471	187.579340045716	82.55274276277228	44.04965296570257	148.40355538170624	120.51005013705506	167.9776995950043
2026-06-01	97.29213448881286	90.30907014345192	72.14666862664073	47.665076435467235	21.871036824786316	31.002187045747267	61.989767094201405	77.60266528186769	94.20165801715876	24.924596442022	101.4956992858103	193.20591960760913	89.01756278920229	53.40410505532715	78.29927186808274	84.62451975548241	23.129507784150395	88.86554638205217	59.217306601564516	92.89254679025169	96.21411672000926	83.56949286667344	65.35767352671903	137.79741600676675	34.44682454291706	52.18761026740372	48.277755407878644	81.9093191933994	231.40124405015052	288.21986286082796	299.58488963785976	53.26240218871101	119.88151960517735	92.93584142086569	144.75359109638782	123.13460936127666	54.11452967175892	82.22493201519418	66.57400162260188	107.08170860610932	54.95190461597855	103.93344487568557	111.62796047947042	49.7719163814759	17.787325126860452	737.0648903397301	303.45053543329334	26.653958994127947	99.54173594281761	199.0579625422582	31.854624045175527	35.04493816790417	26.036117052384906	84.60489768985762	99.17686438063552	81.04299249968386	68.00933181007267	150.6369250361672	752.4899372418113	88.54582888163927	108.03888858675565	84.03348613803726	59.44450937445836	36.07677271852552	133.3059883653723	291.3472706508136	354.1442502572114	232.38145489999718	71.18777087071769	83.53072367813917	94.15683928659787	58.03567553533823	87.36825737304083	53.693590236897215	57.42412282168185	93.50772791722704	45.62052781837373	691.5046016986703	195.46958914383222	116.59761020332432	159.39973663168774	370.3391986382378	48.79089004701603	209.5427371276237	89.50963247347121	59.96934344603728	65.48318459232917	85.56950007360942	50.602225808180066	115.12732457364046	56.328636268810364	51.110065508474925	172.00967490101965	191.43914512051424	81.74261131058536	43.28179021270968	147.5166122855797	119.1028949415744	166.90843597914278
2026-06-02	97.32309208571502	90.31149460541737	72.16853008358405	47.698180765341036	21.8560821102081	31.12668575462412	62.18475056675402	77.76626794366823	94.38088500833524	24.96155816974147	102.46120566097156	193.44458120273035	88.89878078424958	53.75479834675537	78.33314957539879	84.52225896221387	23.407966019760742	89.08876760630929	59.32276653625589	92.92277104527233	96.3916080731394	84.43711688621758	65.55613702581068	138.28229107223103	34.47828363986673	52.53291684329659	48.15387709358776	82.18451036574267	229.653441849294	289.21497293432026	299.9667154488127	53.74385482665531	119.99901404453203	92.02395098387035	147.15732075571344	122.45469100265981	54.016466648623606	82.16315951955998	66.22395149489469	107.11911281745896	55.88268295984474	103.97672075937598	112.34088911424692	50.29305886822819	17.88366233454839	740.8149463905681	305.00094825863886	26.55422196685157	100.8608681239967	198.77413660560177	31.857361918827998	35.036537687467714	26.044690835152416	84.49393901826866	99.18737780799354	81.04041714827943	67.9996648369211	152.23477568947033	754.1157571951244	88.73046830434502	108.07618028580947	84.18093526872566	60.036011629978205	36.0918378973487	135.2879963189166	292.44765265939117	355.77970569501196	233.1833345666978	71.47580529619869	83.96864324165747	94.73536010350401	58.04053521639958	87.45743267211611	53.78667358219373	57.42224932282823	93.19813504626	45.48526314624741	692.9757505563664	193.37950129799032	117.35380540683795	159.2545405570548	371.3428628689236	48.80727211091036	210.39436203305013	89.67994898820045	60.48520196593856	65.59711826662357	85.99187283953908	50.847589268225775	114.01526903730851	56.76680379114346	51.10478975802164	172.65320628595904	194.59116985029618	81.23888225441377	43.29242060379136	146.35903703878594	118.10056932747665	168.16318710578233
2026-06-03	97.23501711219345	90.32259071701532	72.11042623563968	47.63055782041466	21.784132554432663	31.19391042797124	62.13137865556939	77.31641491665833	94.29367965626723	24.911522302338994	102.42702540739008	193.3601156135722	88.41439054471269	53.74265452921264	78.24219734629315	84.05612765005225	23.218079269951172	88.79647044255894	59.030384656677754	92.8195245607221	96.1015543112279	84.30050958446621	65.46800991915535	137.90882284324442	34.024996159532975	52.60175314515904	47.756938851969664	82.27758843482445	227.06273624447124	287.7274510667695	298.04634600565635	54.22137275634523	119.4070463899418	91.74642297118322	147.6100782245364	121.48902228965999	54.00641180636747	81.98427446192844	66.09833820472274	106.99024717411034	55.747055133486825	103.2833585486333	112.16772467797307	50.91007733145296	17.96683078580447	741.7171045429403	305.46684375822565	26.484661985928227	99.59043390941045	197.45884564655088	31.858730855654233	34.81777789219577	26.029412144260778	84.1327269554234	99.1975783693288	81.01937315543854	67.10483196069688	153.41748244922735	752.2770863612341	88.5293882049069	107.99651757210395	84.08728617684329	59.767034974535	36.05052519562259	138.0739984646341	292.0385388541097	354.6960662264122	233.12833415346608	71.29732037270873	83.77550127781116	94.45180557055083	57.98869908097811	86.98044439391938	53.72496368318671	57.41143632218072	92.98929197991711	45.07263149682976	691.274679477402	191.5328979268272	117.56690209306741	158.28850990255086	370.49697769911023	48.815463142857524	210.8350289169157	89.21127423775258	60.31446034271049	65.55116838624147	85.77575590829494	51.02481544710117	112.71861779502144	57.356000925112745	50.80921937241902	172.9053308651475	195.17950368735512	81.14980993213852	43.20402776100212	146.3505466566	117.17120675236137	169.31890586978568
2026-06-04	97.26988282367485	90.3281387728143	72.1306907179175	47.62150373320537	21.767997063349142	31.162851248226342	62.2020247007095	77.28030065901277	94.3483016201258	24.90118713841315	101.75382642439817	194.11317853432516	88.542194356829	53.66750798970398	78.27028003911337	84.16806321467456	23.128122658046877	89.00497045077165	59.00744849288966	92.8270825318259	96.31565066025263	83.82051617528975	65.6310310215894	138.6211060627355	33.81810110711024	52.80920024201311	47.88846965486667	82.40327099353527	229.10117708219656	289.14290033807225	297.5852915331016	54.44040019958375	120.27446512001973	92.99535427733966	146.702812854944	121.00618793316008	54.14755786241225	82.16123131665758	65.96635583942191	107.03894682924266	55.55506519491724	103.38667820620142	112.04649356457247	50.72677862544327	17.908415583637098	740.3720105234233	304.86663110762845	26.587717498091067	98.29521695470523	197.05476309427155	31.967682154511685	34.768275390189686	26.021772798814958	84.32196345329763	99.20761486825815	81.038491356772	67.04241765881524	152.882401502934	752.7755671063983	88.57803333585188	107.96159954532932	84.13399037846071	59.5872471167841	36.06894278885133	137.40700197889907	292.8479742610392	355.2571365067608	233.98297506013148	71.29242468220397	83.74347878831963	94.41866325280472	58.002244056480265	87.22908328094407	53.75807548478183	57.420844198688016	93.71528045040777	44.96631605359066	691.7667647875292	191.42111967874564	117.09345241982473	158.55995014170512	370.9344019354926	48.80020479225396	211.8675800712508	89.09169440037043	60.219119819792745	65.60660454834535	85.74222899784864	51.10846752274492	112.58226269389743	57.670340550446994	51.316810613943886	174.08098421919485	193.94727290080647	81.04607729883293	43.273267084846765	148.59275379705	116.97041859224514	170.2506547171194
2026-06-05	97.04567749582179	90.35068056194426	71.97809560309938	47.58231444289663	21.665700573300548	30.833913760404677	62.06701767567213	75.24989916983841	94.03179775220157	24.75898704760013	97.55015768851744	192.90409292927194	86.98109626288715	52.68261759653656	78.08816202273051	82.69403221768884	22.195526287214356	87.96154589433114	58.02473750633253	92.58427567143053	95.16823182426694	80.91195562792808	65.44628714775759	137.69577642003964	33.270321458096134	51.96372792862374	47.61423490372728	81.08601202264654	229.06236832625453	284.6963738750908	292.5582555077617	53.98259977325379	120.12647129902354	93.89240293823038	140.91556200608528	119.62756753835738	54.12555772454108	82.44704403357292	66.29070736917384	106.72880111237524	54.818315525925414	102.71834062897962	109.76836015508897	50.256121932960895	17.684207334054875	721.962464001946	297.28763989463454	26.668780547751588	93.44260664629792	195.17717707936234	31.87944234983885	34.22458798196008	25.959251610894295	83.34650189876795	99.22745321659977	80.9640584530442	64.30620867681972	148.3533635322287	743.3040433188241	87.45859522017204	107.68361578218614	83.94074015382996	58.55843602787447	35.999999882584845	135.21350312568	289.67392609536336	348.3614173744742	233.11682322342511	69.96524310282074	82.15353108117154	92.2688637919297	57.89061978519814	86.48738252181968	53.61717403389482	57.376157344094985	94.41732497862185	44.46315756903166	683.0321250695458	189.57291030324	113.3017272780276	155.91115488042288	366.1800000400119	48.744186182137724	210.93771154441447	87.42030932787077	59.03496922691298	65.42358349365509	84.12557006533058	50.65939733559121	111.79831442189989	57.29454374934459	51.62521934810964	173.68387895041775	186.91131192647745	81.68484284863521	43.5101000341226	150.17505426668907	115.67504007615187	167.1826241114894
2026-06-08	96.93357483189527	90.3668953041655	71.8919332385614	47.533012842786206	21.594713995146368	30.773915269484565	61.712387622015754	74.36885369868874	93.81460493078828	24.66831092950075	96.5816012136435	192.24984462137425	86.30554675815256	52.1852399963884	78.05105046326955	82.03701473555341	21.569656454154053	87.66641137489995	57.725659921379155	92.41355202028558	94.88969605129363	80.12233676171795	65.11724376308777	137.68014071246122	32.823635384199434	51.812895763628276	47.41211699409997	80.69944674618655	227.9499921465257	283.6969875967251	290.28930536618554	54.02008940689056	120.07712114755864	94.08816924255268	139.6749593477692	118.79424488978415	54.03172341183109	81.98807890155209	66.36394346730177	106.5196205879259	54.19661999745978	102.23917138260504	108.19370842837456	50.55320897673435	17.652104086644137	718.2509158388636	295.7232114268095	26.591168037242493	90.43130240762162	194.53172666223975	31.830400534355462	33.97769430531109	25.90353308541541	82.94753531217694	99.24231242372957	80.94660594771351	62.943105253937205	147.88316369970812	739.399061454334	87.0033034999786	107.4856372367962	83.62751271607513	58.13954478090501	35.98018449634613	135.1817485110822	288.6634706160411	345.8966815876277	232.867112173236	69.64400231923264	81.72101068829085	91.74208646749805	57.82000471681782	86.30843430290203	53.438471736796046	57.35381391679847	94.11973808135194	44.251579242279504	679.500223911726	187.97171210962782	112.45086287607435	154.60164219851222	364.3448675737169	48.716176877079604	210.7402104475002	86.72431863488265	58.59243197063422	65.27326559326309	83.67000854340748	50.10263834980244	111.11804072535423	57.43234801602972	51.61558056028529	173.2117438575331	185.32876387339496	81.82169998877073	43.21915943783767	150.78766904008282	115.29124013084937	166.02244151131111
2026-06-09	96.97615631243201	90.37500267527611	71.92774762514009	47.52816985828275	21.598896418654725	30.699142922217867	61.827064782687565	74.06249005124866	93.89756735797226	24.676806831937874	96.1967339869487	192.2408357018004	85.28277444719151	51.75399313662193	78.07171740082423	81.05350721518882	21.07221607497742	87.54839657490115	57.423285282955206	92.45641742859982	94.75534530958237	79.7622487031246	65.09571218305756	138.3229957712697	32.81258406478038	51.60399960910906	47.47605895481365	80.38249925199952	228.98584507228628	283.65003798781567	287.93698056395215	53.61951507087692	120.54541558476565	94.73121841033884	137.95597180034946	118.25840479352489	54.20406551756105	82.20753661264128	66.77608031519385	106.58719905739068	54.06955481074161	102.4245859964783	107.82712078523221	50.264090373987294	17.51605162370537	712.283935702635	293.29963977102193	26.818186099920077	89.23065059345925	194.72110930279956	31.855092082363278	33.71952380365652	25.90502314976337	82.80722560286581	99.25468587495072	80.95764364158137	60.976551787735204	147.4636384294439	736.3670417134952	86.64636610545804	107.48004319725553	83.71704233826217	58.1045853176986	35.98981377527268	133.24087578142002	289.1523529838018	344.8339761697904	234.14971972187192	69.47345608515343	81.54943204092277	91.51326277720605	57.83896315857981	86.39609947566976	53.48197504991658	57.36733855324787	95.05195735854707	44.30578992631553	676.7496847097693	187.33541202405218	111.81043052250983	153.98659685609204	363.0294589333428	48.70701116803199	211.20110650548838	85.9572101292089	58.430977795619846	65.31082331787178	83.481980742651	50.22590260995982	110.97176297742321	57.037371517780485	51.854045391836976	173.95562626226263	182.836508706717	82.3982386052252	43.30056063017372	152.04613249367424	115.33833857128405	165.41742497928837
2026-06-10	96.96785263131366	90.3839963937904	71.9160718411345	47.481186979922626	21.571231084388398	30.67170547905327	61.70920576170511	73.39255789183527	93.78187160012871	24.666372967055363	94.9107830701345	189.54725958674004	83.02638554512896	51.30647616730999	78.00849206222853	78.92175406535807	20.439527532117616	86.9032342371576	56.60652484362604	92.43346231537413	94.04863975684196	78.8778627854002	65.11452937033738	138.15268593495125	32.747814249187066	51.044728991566245	47.3880290959371	79.64527870925171	226.71895097852595	282.1489478269157	284.1154934558042	53.754682843666004	120.20279202089844	94.59182838241551	135.34357122732317	117.60810712088355	54.041743375845954	82.24326415593	67.52072295788989	106.49801389637112	53.91164851437959	101.85729345600282	106.33212423538954	50.59780255698877	17.473025964440573	702.2455750290519	289.2940459597297	26.9612323321866	87.1803239234386	193.2048921147787	31.803460614851073	33.2611138305392	25.886202599661956	82.1798464745286	99.26581263352028	80.9631624885153	59.31827581757366	145.34492498864773	729.070331159482	85.79158591527785	107.42317284374495	83.64365453094749	57.84706194595867	35.965322002992785	133.7704394165889	287.2942856227603	341.21355790911394	233.26957726816252	68.8771432342271	80.87776243769771	90.65814734929639	57.82377845428991	85.85439129056925	53.43483899590555	57.379038997082915	95.52298032722275	44.42789458168804	670.0784861537128	186.2107281677878	110.39021587160647	152.60200204132727	359.5718888904995	48.69758937002673	210.3667428279395	84.7104776231982	57.98637818003648	65.21688550537144	82.77682563743878	49.70738222844182	110.66500059881903	57.26428359824571	51.85908293761771	171.37279451540866	179.5252566116593	83.37220737634307	43.35112603347065	151.8224055412707	114.1768635300268	163.04142275575748
2026-06-11	97.2447829440748	90.39343328600653	72.11733386368249	47.59633117611854	21.666505434772326	30.62813865871609	62.244001455681655	74.53331126403287	94.17590512989834	24.788400030280613	96.76301253726452	191.15796054288174	83.12819445103128	51.43302705460226	78.2073786605088	79.02587565938802	20.562005053290253	87.7874439923581	57.39617318841458	92.74254521408355	95.13177227099911	80.14692394641104	65.51838529063744	139.7513383898389	33.376989399984154	51.783501504450115	47.58901500573222	80.3995398368036	231.16012703955596	285.55762821033284	284.3160017327849	53.52134433626171	121.11107771210938	95.1119046392058	137.15864016688425	117.78948141688709	54.209075499568485	82.6952633645861	67.94739608587854	106.90597029657422	53.94693791990952	102.15864627023774	107.63385081398383	50.06529875469067	17.35651286777937	708.9163360985103	291.83118130506017	27.11644036958451	90.07016150395563	194.54991767604167	31.910519369925538	33.28638729857038	25.920816792079513	82.83267531245961	99.27631223106678	81.0400262210643	60.06913775619894	147.72467807049574	731.555917532866	86.0802869761936	107.58644527807365	84.14847979232921	58.359566129229336	36.0409991667796	131.30022062382182	289.9390281873567	345.0974405756507	235.19343578984297	69.81937377165457	81.8775408868176	91.54410053011694	57.96418491195941	86.94652853102681	53.74094664333852	57.424401853277786	95.72409468631645	44.903947824901635	672.302335117872	186.35534882510484	112.34010839356691	154.1978668653902	360.9562630487654	48.72191213191278	211.70277296426272	84.825552837478	58.451946490530936	65.47867056640642	83.79061542492056	50.25140954378634	111.06336196322788	56.82009956279473	52.05523765105983	172.81229752625902	181.15188001481403	83.75066362469497	43.40106884559275	152.32545600549864	114.99525015490597	165.28764100434358
2026-06-12	97.324074516471	90.41297183099155	72.1735846869682	47.693515090622746	21.714142609964288	30.646153031445447	62.389733348080085	75.26765508270003	94.41712660669722	24.88367145068718	97.96250755037053	192.27148515425336	83.22409707292775	51.8022049793275	78.30682195964893	79.10793905039714	20.71300268686241	88.4167208059935	58.18541226254225	92.8181796504988	95.76188528100737	81.02945944024654	65.94219511724255	141.2361046807593	33.89399434903993	52.340750157132284	47.959508418393455	80.99926943012055	232.2578055241725	288.5256555358305	284.4112815060409	53.47867258011816	122.3490378489746	95.25795198390955	138.36082185346166	118.08873713788691	54.409681106107485	83.07913040055476	68.28919639499006	107.07551703915625	54.20796984496452	102.51932176182785	109.29942357593723	49.13127074575354	17.208256166860878	714.3572159008177	294.092562088077	27.297419823158954	92.78508075197782	195.3069565186849	32.106766108912964	33.31898062133109	25.943017191205772	83.35634009763606	99.29144591045527	81.06858183611808	60.67956933586314	149.86155320761117	734.7836350359643	86.45352315728626	107.67300245471066	84.29750649772711	58.86374684024943	36.083722468521636	128.3651104644988	292.2853252509049	347.6182698483722	237.19114691103476	70.40956863021205	82.54127898833067	92.29324090836901	57.999855593797086	87.57132487342356	53.82019561170832	57.437205122805885	96.26688590516994	45.29697322580531	675.2641436331547	186.45255386811883	113.51005434937134	155.38295290290995	362.6728947079764	48.72439562589291	213.36624854267825	84.9579309902722	58.90903675234554	65.66346858398447	84.46644800176692	50.99944401444688	111.02892295549088	56.810205802515526	52.51079219589124	174.04440865082483	182.75832068367654	84.21121590658576	43.66277654926122	152.43812625714384	115.55381556817565	167.218214728246
2026-06-15	97.40810430535464	90.42274110348406	72.23129689060323	47.747056617577	21.76771678990646	30.68500831656501	62.39446880111524	76.573826168059	94.70964286267478	25.043869340455895	100.4612533174216	193.99574318747824	84.36704960457911	51.8979839746491	78.40557772787133	80.1839705933138	20.87150168675396	89.00335857194207	59.03853933744789	92.90531327495643	96.37094431897049	82.71973155117796	66.29609832156072	142.0547131069812	34.15199709822602	52.87037584150559	48.60975336996333	81.84963318918136	234.69145616784797	291.19907654721214	287.78719898055954	52.5593359848833	123.1645206029541	95.04397690748212	141.61540848532456	118.92936689047666	54.67077339912308	83.44456397957426	68.2995969767919	107.15044849150195	54.56898507507015	103.25465981279869	111.06970995691393	48.03708617854083	17.049127778254658	728.3834419347838	299.8280651016557	27.326437610859262	94.83754007081313	197.18347703863932	32.11138552638031	33.734460556026875	25.968790623801127	83.90316852293913	99.30889663076474	81.10262359017818	62.07478527828313	153.60152245341496	742.9045433480603	87.40309214504938	107.79001151177916	84.34740742366824	59.5116368326003	36.129503903938556	124.78755477448573	294.482399563929	351.86794229723296	238.08097079438457	71.12143317985212	83.48385055373565	93.88997143685052	58.047289170799914	88.00673940204382	53.86473724066862	57.46336307470861	96.19923885102247	45.498486994372385	682.6526101466554	188.02462440720393	115.56002747986145	157.0674606433495	366.59964620652727	48.740154203327315	214.76753589243287	86.22159168532164	59.78058916169523	65.84898435302739	85.4502840899948	51.532135489889455	111.28011699532357	55.818286113538036	52.847799509810855	175.90404789230695	187.04830401859607	84.27376743815617	43.89720324655444	152.03823121939223	116.81397901211517	168.9909661898066
2026-06-16	97.50930041317537	90.43256577268929	72.31439798753794	47.80353624335881	21.824259472223737	30.580068245196568	62.71316457633887	76.65191476249629	94.8362552997456	25.153330963868086	100.93562848976549	195.38787098338756	85.05852480228955	51.960676405049156	78.45004991129895	80.8419852966569	20.84575069078909	89.40667806526791	59.6820275422591	93.06724251394306	96.83047261724892	82.93486653852844	66.51305083924716	142.0804037336664	34.22599816764328	53.10018883628014	49.00987660868772	82.45481537388756	236.96706597454897	291.25909943083263	288.2961263457485	51.974667687265864	124.4972612170044	94.85698753821372	141.32270363231072	119.25468436076568	54.88902325046486	83.72228198978712	68.33979711510494	107.25186380263574	54.34949307159269	103.43233021157513	112.13485345257806	46.79514297330362	16.8595639272743	728.34165382872	299.8620916328591	27.35581905567377	95.808769425055	197.98673516238608	32.06448182569015	33.81246457671949	25.981677340098805	84.19158593993636	99.32256202387846	81.12952071842894	62.732392333965784	153.86659527211765	744.7263500431708	87.62854421095243	107.8485160403134	84.60373071989076	59.47083573502574	36.15239462164701	120.12877799759443	294.65642194993325	351.73211262810867	238.23348619064933	71.4426364507659	83.80122093116469	94.29082617252682	58.12033953168902	88.29333628427386	54.019862516818684	57.486320209229305	96.283339060521	45.59924387865592	684.3179737744996	189.01975849266447	116.35001343475494	157.5275199945263	367.48881846459176	48.72383877463729	215.36416803166566	86.41435037757293	59.877416162878866	65.95154982421877	85.76829771516341	51.90757012531582	111.47033117222233	55.22856291760886	53.40853606166812	177.4158758748644	186.52460214357538	84.35930345784762	44.17224206517175	151.863079232743	117.38929312544235	169.34400909587987
2026-06-17	97.38236245634354	90.44242576964542	72.22281178673772	47.82187500949679	21.758303022549857	30.54749757779848	63.047710065269044	76.54095753383604	94.70800268039038	25.10039575994918	101.34781531299798	195.92393884862736	84.41926179079321	51.547968970346844	78.32516838826666	80.24099234315267	20.66287511651271	89.32833903263395	59.895308357311194	92.90161747279184	96.82023508792133	82.97743159079742	66.24652709809038	141.1217677237668	34.14799893123375	53.20509510478558	49.03493899098937	82.67740844988323	239.73796566549714	290.19198868026007	286.4822611709211	51.29233414880871	124.97362908262329	94.22849300616741	141.18134845922177	117.87734218038284	54.72529432481739	83.32614114748145	67.68989901531614	107.13039891181592	53.674746535796345	102.36616663166647	111.78742794699215	45.935035628497516	16.699782421400823	724.6536150002976	298.3874056797108	27.073059712468233	95.92438517029117	196.11836758119304	31.745756194522322	33.60197966384803	25.904961251531336	83.93579312255608	99.33433856809157	81.01945319979063	61.67119647215867	154.43276357844164	740.975845920023	87.19773310401138	107.51893117689498	84.80081631819733	58.94915726265447	36.11499468936354	117.17939067726401	292.9987889778963	350.58129679256996	236.5355510787231	71.44447038602749	83.76130153613899	94.47644107088254	58.008865902319116	88.05283040409982	54.09250610276969	57.41383347497598	95.1215393727898	45.24462163415218	681.0034082739685	186.8736716657658	116.75500854843216	157.0974163082983	365.64081731335057	48.60438726756767	214.70169155977814	85.92197316241928	59.75137211342185	65.8705045263672	85.68881728409538	51.74818813882979	110.01459979021273	54.59319381232005	53.53995376081453	178.04743073528377	185.94350682129942	83.45985268717575	44.01384014879682	150.6696301315082	116.19815608420555	169.2613523872954
2026-06-18	97.46190266371865	90.46711589995942	72.27563624004856	47.85084839342027	21.700528311812036	30.65557995802766	63.44857579679468	77.26048044538481	94.86490755967762	25.069032947723613	103.54890765649898	197.4269657622043	83.92963211609973	50.94869380524178	78.40004146952396	79.78549708710368	20.881437748991218	89.44416829561385	60.26324980548665	92.9864875999213	97.05511800172434	84.3037144221077	66.30326385422097	141.90787635455916	34.02400022855633	53.47754755239279	49.307470411022024	83.27370559823262	239.22562650950638	292.5059980022394	287.49377035596837	50.561167989931704	124.92681316802063	93.59924711343527	143.75567514513824	117.63367078501564	54.69702254387842	83.28306950562549	67.31994798177917	107.21724184482397	53.22237349678001	102.24308468912426	111.01371290538084	45.509494742959696	16.599891210700413	731.8452706349144	301.1173783769648	26.9515097909265	95.7371941110245	196.22418470612388	31.55194475528118	33.716288293838076	25.910629582064495	83.76789579833859	99.35997934263953	81.01876743241485	60.590597396845936	156.91387629605674	742.9330523545427	87.42613705981819	107.53109873664084	85.1061157091475	58.8583657864786	36.13537057466224	116.02469671192301	293.8798266178544	353.21972554472245	236.41509151836544	71.78803490614851	84.24167371728825	95.58998139969908	58.03206280345448	88.05177912416906	54.26168235741512	57.412162709167674	94.51606524913905	45.042310893370036	682.6778210803436	186.47273976354697	118.55250351127663	157.17132015366087	366.82042391546435	48.58821009801723	214.57350965928362	86.35934397256706	60.20286691913768	65.98681171142579	86.15116370796565	51.564367354327004	109.41099786263567	53.8313735937821	53.367343213415076	179.01485764059112	188.46631365234893	82.82266926350975	44.08259794610251	149.42326263655488	116.43410001475903	170.27671043437036
2026-06-22	97.36852457404683	90.47946096511643	72.20343091299303	47.825723268975764	21.622047030967053	30.729519562754064	63.26454821333874	77.57023884940139	94.78127351250482	25.043563982101553	105.01945276013426	198.76848318627793	83.42481514252252	50.6242206361414	78.40315336415651	79.29275006943075	21.25571845487891	89.56708536851005	60.85343047525309	92.85138283804659	97.22255869568639	85.15185721105385	66.34163055381947	142.32583301370536	34.007000953511564	53.91377301325694	49.61373428998367	83.7268529517042	237.23146559850318	294.95462863979157	286.15102946509353	50.465583460908235	125.24340536330719	93.53962523518443	145.47783604669021	116.0218372235625	54.668272548184326	83.44653505798853	66.91497505900482	107.11801270707996	53.041187053565785	101.6165412764469	110.30185462163573	44.9718608663529	16.479945910525988	734.5135471826916	302.34849936914645	27.019629636063836	96.51359751327593	194.36209235306194	31.469802867752897	33.563870770454194	25.859654581376486	83.7489495776361	99.37774357756976	80.97890047035781	59.75029862212902	159.15530240584087	742.7395974663339	87.40071348840519	107.31598348086925	84.9338561944175	59.03625381609086	36.135792892311585	114.35734957666463	294.6980920198647	355.22761484755654	236.56795835683897	71.99971889960746	84.63650000561678	96.68868653114836	57.9696599417663	88.04127805085406	54.16421024303861	57.38663669821177	94.7194393323332	44.86615476003951	682.5155462823593	184.0318792201524	119.64125343410511	157.38294706413512	366.8234047067556	48.53657292925764	215.57421515679025	86.03916524189876	60.66316861276708	65.92244104248047	86.5270779782504	51.473950416055104	107.95998501530221	53.78596992372211	53.43897975795265	180.16377800242446	190.19616952148698	82.23286020548534	44.23808776089305	149.45557357901964	115.56075423101233	171.90250774404063
2026-06-23	97.36128712833201	90.49057734535118	72.20677221919183	47.8676269543121	21.558009904643683	30.57247576953621	63.25040192954535	76.16512049281593	94.67069275600826	24.957419465110835	102.3247250067761	197.15423823620537	82.38240574020656	50.039754284745506	78.3703732213849	78.31137595024272	20.962859265586427	88.79854207390346	60.32814536763143	92.84301167048814	96.34627995819476	83.23592845293904	66.35081558208552	142.2907012358566	33.76350070563762	53.301885819982964	49.34186699240394	82.57842662843998	236.44414008684925	294.75267442731763	283.2214955675077	50.52779180674806	125.20170451270829	94.18981078653752	142.41891832852087	114.97591876436914	54.536959913008175	83.67826936004894	67.25748676656295	107.13234772316889	52.4255942134284	101.34827155375079	108.54592776858154	44.57219408979266	16.329973107850883	723.7103563550177	297.95435527539354	27.157797415382994	94.16679860405007	192.3460470920583	31.49270821183055	33.25813358163823	25.834167081032483	82.89447524658172	99.39156572799386	80.98861481647774	57.740149082182675	156.62197035575247	737.2512379421513	86.75968673077486	107.18876108857916	84.90187606473805	58.4844278724009	36.12134798424173	112.80867585644755	293.9839031876667	353.4418866474111	236.51555419062652	70.99829923862208	83.53195315832596	95.61222656635543	57.97299105791929	87.49238356278055	54.15483995428298	57.388688069564864	95.4451688849166	44.563076540786355	677.5810763638359	183.04544247872855	116.65062854810725	155.3777146819699	364.28363533677623	48.515593288359284	215.4703503762467	84.97099100717985	59.95510801854174	65.83635022094727	85.39242616563888	51.055458560688685	107.43880522127415	53.962084388130585	53.56448156293629	178.91812404759895	187.08574040039193	82.70292454854345	44.48955588911352	150.5276830297442	114.53537818362139	170.61393545161016
2026-06-24	97.59437800020116	90.50107175373029	72.37117404294553	47.94799461424101	21.52103128136237	30.42928235650883	63.895445563161346	75.5625597886443	94.76766220442015	24.89477208759692	101.12736265597594	197.10711789739958	80.6362025649275	49.38490361637177	78.34417556332917	76.65068690700613	20.72142940391138	88.33926966366072	59.70254772043681	93.13966074247062	95.83814089462473	82.34296270059062	66.4754070281033	143.0951568313072	33.46175027652487	52.775942909991485	49.485934030259585	81.96921361939577	236.18032962594415	295.3349096013541	281.36704966363664	50.03389636113771	124.75085378223305	94.849906461384	140.65445885908466	114.1179604502998	54.58336795699237	84.03413437484869	67.74374506174827	107.38547165211179	51.92779725930209	101.74413547169962	107.12796342652709	43.60531854147836	16.054986420411037	716.7953332068057	295.13794423925924	27.286370555225677	92.4183983864977	192.26802476673228	31.48084640785619	33.1022685425281	25.865448752003058	82.48223747070297	99.4034168361649	81.0428761338248	54.76007393073978	155.0807529391067	734.3374719984195	86.39429725332688	107.331605123147	85.46678047011316	57.895524711957286	36.114125530206806	109.54933838598745	294.7302633614115	353.57706820163526	237.44581878232498	70.55245619890088	82.92979493853798	94.72099212839257	58.093057189726245	87.11319617592153	54.489668588591684	57.42922638951876	95.81051321443096	44.596538804450795	674.7905992170743	181.93785185459865	115.5053145792294	154.30023887174667	362.9888788256147	48.509942411391556	215.497664506971	84.31216710393173	59.406448052239625	65.89622152770997	84.79015763237999	50.99054933344493	106.814415275432	53.60777215927526	53.54751482931971	179.32254926745182	184.96118990234442	83.29560747690844	44.84857394980578	151.64651668577054	114.6762469836564	169.64520167355897
2026-06-25	97.74050641343067	90.51125899087882	72.47802552855285	47.98323078185195	21.512461136286653	30.397483432893086	64.15470444051621	75.10127958914637	94.81123741324524	24.90259959055139	101.36368056504853	198.13855803317244	80.14810311351843	49.22636828157456	78.34578620695756	76.1803429957394	20.50571515971936	88.45463467924247	59.75767644810903	93.31757207045406	95.9340698369608	82.25648043476797	66.89770336146375	144.41905363538018	33.51087582490794	52.907971912759415	49.45796716771768	81.90960604675843	236.64273897068693	296.7331286288021	278.55635808377144	49.951947646511236	124.34542811181964	95.85495353586778	140.55222790366344	113.24398159844091	54.6114452547413	84.66706871330325	67.93687115758311	107.55629554895629	51.35389801929948	101.9520695669045	106.96898049256042	43.63173985240422	16.0824935153813	716.2148052752779	294.85354853564525	27.429977079065473	90.81419873548518	191.05901543512397	31.593965531808955	32.844518823266	25.905547519006902	82.46611720947257	99.41427860851213	81.07988304371904	53.56003727054567	157.23038654035412	733.409275549991	86.23653156123376	107.4915090435071	85.7344659796855	57.57050977724329	36.12517037008387	109.4296679722906	296.2864115879323	355.36136430101294	238.87733596586952	70.76844993172583	83.01282151101704	94.21074249363964	58.17775608814925	87.36251010578303	54.6423219346767	57.459373708065044	96.0824111482311	44.70327008887091	673.4053093741621	180.3659138423384	115.90265881549361	153.69662822493584	362.5056241051901	48.54582852075926	216.9475627222355	83.5935797372686	59.04727920190106	65.92615718109131	84.85836235500835	51.296536568577935	106.0237962302453	53.68907895073138	53.40450616343915	181.47451468499543	184.6580317797855	83.34358163152064	45.18195070170953	153.34158414854932	113.88857286316609	170.2390131902951
2026-06-26	97.85795080803369	90.5311765230273	72.56597046691314	48.010748005061714	21.532971595975358	30.252241891922615	64.23566978617608	74.72563903163373	94.82319835750152	24.945665487414367	100.70684180840317	197.36928206834403	80.379051861935	49.10736291275994	78.32207446944557	76.37017027716658	20.00285757985968	88.27231550856655	59.51178042376155	93.52489016120359	95.71203385036517	81.7782417432629	67.15885076520453	145.64894942511197	33.66043859909948	52.61398580379182	49.50898427050435	81.7848048544339	236.5742839140544	297.8910394120573	278.2551077528232	49.75097344178589	124.15771466626138	97.3724764627581	139.3511109000739	112.71199095180835	54.669333848684126	85.09353267818483	68.29843740984624	107.64170749737853	50.9169487807679	102.53603615674326	106.61948856781342	43.03131830571871	15.976246700470192	710.9997061044357	292.7484295412601	27.645547697857932	88.67209875739103	191.41450985379245	31.71501159738641	32.82553204041718	25.950055787701693	82.31306043579097	99.42958956060372	81.1477982723478	53.420018024921276	155.58962716910284	730.2967703433549	85.88339105527508	107.66977338161684	85.87323350864158	57.394202642527894	36.111152003279244	107.45483566461209	297.44935813771616	356.3014707247252	240.29503700148945	70.57718379765002	82.74505440174875	93.76668335009131	58.27437342066154	87.13803453287198	54.7383305382612	57.49914181008721	96.95199506386165	44.95663458667178	670.973131982003	180.41841529519263	115.47633093362572	153.21016103629603	361.9068953045482	48.58312734936889	217.16585136844196	83.13538621262845	58.75790588207846	65.9166193925476	84.59300335157644	51.33008057066592	105.92750175281796	53.605472397728974	53.392791488091646	181.09441218868912	182.77846352172867	83.75004933016461	45.5223622984866	156.53514143950903	114.0036164181553	168.51432776213974
2026-06-29	97.93147021602857	90.54607913675778	72.62966492095657	48.02946000106601	21.55314599238465	30.311121365578007	64.34915432057826	74.91781982099265	94.96670629544998	24.99656302172232	100.58342044643791	197.6346379824142	79.9145244050886	48.97334774666317	78.39849451011341	75.95008452823173	19.94142837031314	88.50115943275007	59.52804978829679	93.64334260257445	96.0160167725947	81.74912148198301	67.26442675589328	146.2389873468333	33.750219375843685	52.71199358854142	49.34449228784007	81.82740380050797	237.71370140526938	298.04111601950524	281.8064784369585	49.5754874838324	124.2638587064217	98.43623823137905	139.9305527034549	113.13099700178307	54.834705071314715	85.4867649658014	68.44421687386844	107.78279451407013	50.85347484814763	103.12301762060795	106.10474245285202	42.98829060732713	15.908123426529041	717.1630000248741	295.2421041749269	27.728545104422132	87.5260480054045	192.6822534010173	31.69616699254086	33.12572340241074	25.986985062429948	82.35653098083495	99.44712891726475	81.17186819134969	53.05000916504853	156.93072361873112	734.7306300447243	86.41491635283285	107.85721792860139	85.98692498185986	57.35829516892019	36.143218671317356	107.26741874783339	298.9331751626081	358.69980762798764	241.1134074777955	70.6611085309051	82.88553150385289	94.10150802636402	58.32761639783077	87.4946306697563	54.81585868954076	57.51902586109829	97.12902411274138	45.088317903687454	675.118279858189	182.4809590514049	115.19816455128552	153.34622279109723	364.0513633016882	48.62596957373229	217.39444912172098	83.95023857750563	58.91264625463786	66.02947287376404	84.68491796607142	50.87900474761324	106.72656062982695	53.43443671461156	53.461669791897386	181.6822692657313	183.9861708477784	83.78439890214285	45.603225979565565	158.3311617231725	115.43311695541554	167.8266829240386
2026-06-30	97.77590814268225	90.55353044362303	72.51358200271461	47.994254612959764	21.528518491797794	30.460560987964783	63.84623853724226	75.40390960532054	94.85182238600623	25.007329019100908	101.44171174909786	199.06731899120712	79.66726128701696	48.96594862308744	78.41708935710749	75.7300433322311	20.215714070715652	88.75558078449026	59.740034263044876	93.46091919557433	96.29800930182469	82.29455890993682	66.93221261500719	147.00728816804556	33.75010968792184	53.02099770979805	49.36724583874425	81.87870205284187	239.92649944531047	298.85423720897137	286.0951184909402	49.35274427597382	124.38693042132608	98.4081177423985	142.20527421549698	112.99049773795208	54.936881878308725	85.22838309325226	67.98710782658266	107.54343964595108	50.94173681372225	103.5415083525403	105.97236939537132	42.92166033357079	15.89406177048498	726.3982419557965	298.94636947027595	27.556872802455207	88.01302400270225	192.82113005744225	31.577614784417403	33.46562506790459	25.95653288308265	82.31326381195068	99.45589859559527	81.15426676779398	53.26000519287582	159.1038200613187	739.8254285477528	87.02973906020549	107.71990687689835	85.53670971383032	57.26295648338588	36.15436919283641	106.85371059461983	300.5824170490775	362.03706812063444	241.52259271594852	70.86766364045255	83.22015146359637	94.79096931469567	58.260503145204446	87.90734569986839	54.55938999235339	57.504273443854814	96.36493091013045	44.969158188904274	680.0834014037039	183.04806619562433	115.44408349634588	153.6737598940838	366.5799266459613	48.618357025025325	217.16035169709096	85.00202053387	59.24453113513143	65.96827723888397	85.01037051257673	50.73807872878709	106.75232221554825	53.11530681250598	53.44130318818502	183.20788725737737	187.14204935211185	83.15581792030972	45.30613912808845	158.1931306052386	116.22768976432886	168.84057992637477
2026-07-01	97.62440426665363	90.571133965708	72.40309608558582	47.95233131648965	21.493344214465793	30.490280722864227	63.223375997747105	74.98695465007238	94.7845118094582	24.980228916899087	99.98585526419737	199.03365949560356	79.79362972798114	48.828130027486104	78.42096228109281	75.84502120835188	20.197857187945715	88.68279069742091	59.642176707938454	93.25639572449614	96.18900556643969	81.4622780816774	66.36110676526727	147.0078249922259	33.6450553017246	52.775498244547464	49.288622461608455	81.83435148418461	241.75206808203023	298.6972602060482	286.83558414781385	49.00137290092636	125.30846688912985	98.5290596341387	141.05263405599067	113.96024902156392	55.00121681806061	84.46419002074722	67.7735526925882	107.31121338376656	51.23586779650957	104.3557532607428	105.96618423992199	42.535066082923095	15.837030751728086	725.4066710267264	298.62078300173954	27.48590824876178	87.83651383240581	193.6105619769633	31.58778524407638	33.77043880043179	25.922069275098455	82.64663358444213	99.47316566742654	81.12960454478566	53.420003511965255	157.0854412196242	741.8690741371577	87.28229888190938	107.55098584811714	85.02403875584093	57.020100525628486	36.17271606004125	105.06185361884312	300.60441042883565	362.0172065456688	241.6027346514313	70.52704013321456	82.87366368345835	94.53906986242596	58.18141810702605	87.72965856770763	54.27705331832025	57.49590732129264	96.1762093515496	44.894578941864246	681.8927138854457	185.75221302945278	114.24204220593661	153.7476999543661	367.4601751149728	48.59983555596969	216.76957556778376	85.54289564291156	59.17592119195537	65.910106789608	84.69396317987236	50.76218015724022	108.06591559385811	52.80662916003717	54.01405521958079	183.0382011360129	186.27283742019654	82.95577761249861	44.874676772296176	158.56243139148648	117.0290861236195	167.28100010723034
2026-07-02	97.60308042922526	90.59975689374266	72.37259525348627	47.91648281217549	21.520483447564928	30.41014032328514	62.92674384604152	74.92347763021198	94.8396321559498	25.020818003066243	98.48292931056548	199.72682883227444	80.66681532175424	49.15661300263466	78.48201892130812	76.67751167229117	19.93392863211983	89.12139412800732	59.737432042934074	93.19866676483596	96.74450430909874	80.65113720978401	66.61555475592465	146.48000960304654	33.66752696421679	52.64774935115557	49.424311917449735	81.93217513174073	244.8273508745112	297.75103488818036	284.99761079949286	49.12568645046318	126.53923176609813	100.03453027483303	138.77631702799533	114.30012420560618	55.32284160910355	84.98709607848885	68.42677726182144	107.28395218138523	51.07293382196084	105.32287708813507	106.87309150960942	42.51863358162268	15.853515318643584	718.6324431793788	295.86573512879943	27.614023078848664	87.27825752655447	194.3652785470754	31.86073374752647	33.92783910541609	25.92950234995157	83.06331847068786	99.50162037033436	81.16683016545923	54.22000198486447	153.83490353217536	742.4021274006101	87.35871307010508	107.54594351609958	84.76276324388726	57.04555555761405	36.20644851463977	104.52092848788836	300.0321093892225	359.7842532972485	241.88175825589144	70.58116990791586	82.83011568572331	94.40317903521688	58.191363655563805	88.4288513480628	54.150703172831996	57.5214483811053	96.67668576097988	45.11229038645946	682.488166024754	186.63015009382795	113.10102064520464	154.28373919837446	367.6459505945958	48.620007118194806	217.4650642731497	85.47866980631906	59.051787729156395	65.94503599978447	84.69047600521938	51.26696196582714	108.65294147002476	52.856079091126986	54.71894930168493	183.22762717933458	183.326169381485	83.69523499765555	45.150330100625624	160.83908465326277	116.94585180814764	165.0736131517597
2026-07-06	97.61715682227864	90.60911306601196	72.37218400979978	47.888634625081885	21.529083467251702	30.530069970907707	62.6797816062483	75.36673759440286	94.94117456796513	25.10509550971183	99.33646587598587	201.38841594201614	81.52840735570135	49.42516929428608	78.59137796040991	77.4887573620245	20.026964735676614	89.79069660623999	60.27728726475317	93.19948825912697	97.52725093384625	81.325568604892	66.82277676761076	146.38050773121077	33.89876401616601	52.893874370402	49.65215649278248	82.78108619257935	247.65848744897437	297.93620164819174	286.2718309124417	49.147842309704245	128.06961893480687	100.24726467965284	139.12315912434923	115.08006240797887	55.50328062205666	84.98354971771121	68.4283887834986	107.28513023497973	51.54646713986226	105.72143991735855	107.69154682291995	42.628325808755676	15.976757850056655	720.3500350662518	296.53604749604034	27.61363404461232	86.30912693222254	195.3576423252955	31.9228023290855	34.21133128061332	25.938150337268265	83.88165770946503	99.51584772178828	81.20526414278821	55.165001297608015	153.28287687595096	745.9105973917112	87.77590270814824	107.62283671776659	84.60247766076199	57.57434867114101	36.2576966083941	104.43546348100472	300.4040246653144	360.1014924933508	242.15567710157853	71.14690438144817	83.47179002059603	95.06609910012797	58.20128599953483	89.08767854268375	54.057893624379865	57.54908097155851	96.54027769494306	45.41114473546606	685.6684604537833	187.71294034232415	114.17050925448709	155.4001627510427	369.19017805608695	48.664428989395255	217.94718515171155	86.03596576253453	59.50374001020808	65.98711684632778	85.35253551847883	51.50442214502294	109.25045526260027	52.83606910183791	55.33048104427508	184.14512462482355	183.34110135334015	83.62287079472621	45.05983759669953	161.0908069750689	117.34825778273593	164.80351494990327
2026-07-07	97.4015425835026	90.62369792094543	72.22849999440184	47.77545401603216	21.47374926841589	30.605035138041742	62.082801188255985	74.62336742391042	94.78973248661929	25.093093218417927	98.06823446387185	200.19920522442604	81.46920550890536	49.52964321037546	78.59186207590808	77.42938005430327	19.678482329691334	89.60035013417468	59.95057714983264	92.96239213981738	97.26862653503835	80.55778476020967	66.99638746827804	145.62331355798818	33.80938261843457	52.51693688002522	49.491079161918584	82.47554218076233	246.24233729138172	296.6773140809318	284.93056267301773	49.89392084967634	128.65980946740342	100.92863264500221	137.4915798673504	115.83003211951677	55.647466650750005	85.18677455367983	68.74419317104618	106.89575038970666	51.66323295957957	105.86572102679452	107.06077356404786	43.30447166597452	16.148378772440438	714.5207816932822	294.1840546318092	27.74233433340235	83.68456224540815	195.65381963676884	32.10264986754568	34.24319119877834	25.912878002191263	83.63582854955673	99.53286816631406	81.16501763047614	54.812500191040336	151.22976393846375	745.8842537739806	87.77007339386904	107.50245076855126	84.07764416485365	57.42914592370527	36.26858638708279	106.67773082497501	299.01461914418064	356.9980271304645	241.71018565772286	70.8761407893569	83.10922798759293	94.21524330616751	58.10726531422054	88.95324784067782	53.74971287969481	57.52326256219527	97.04708968365317	45.455572367733026	685.4931657737666	188.67856794948239	113.23025508500722	154.31646015970102	368.93487174288725	48.68173422431188	218.25295048601203	85.91501275797626	59.13584980246732	65.82597495758772	84.9249364298937	51.38922927624682	109.9528796088392	53.57660197950782	55.59140514921273	183.01813421182584	181.15611586221695	83.96420639345686	45.213131078623206	162.45193577513209	117.24013841285233	162.39728664975632
2026-07-08	97.20962138940754	90.63099034841217	72.0824468660974	47.6245739318442	21.421235138358334	30.702517187551145	61.67580000819049	74.00668340677943	94.64002920717684	25.04279771547117	97.65411616382069	198.26960078115832	81.08460122857377	49.45272787044652	78.54284113316888	77.0846889590364	19.36424078337594	89.1701739989721	59.384493057948546	92.7498384954458	96.78931204681605	80.42889390598374	66.99319266602379	144.39777738446284	33.674691766980956	52.2284677533671	49.07054034389874	82.13777261626007	242.79743817694086	294.6964146088253	284.7545269419776	50.66695973819266	128.12990397076226	100.5893163225011	137.54078810262052	115.80501544940682	55.552752490414065	85.07838788719147	68.69709734846253	106.59739606887678	52.256615716850334	105.26785959786991	105.44538769755127	44.16407093125386	16.384189805836918	712.6101222919535	293.37265170555304	27.613341315260747	81.66728188564352	194.89191225979067	32.09336480498866	34.21916029665479	25.885441762936452	83.15291335925102	99.546333680325	81.13497997612674	53.82125101104751	150.77728126122406	744.7189518381622	87.62753318741304	107.38269511083813	83.72135153188972	57.45611005596885	36.23964940997206	109.44386495472384	296.649811403145	354.25734486406037	239.7649744206583	70.52129945961985	82.79824726406014	93.95289371729274	58.01571456628996	88.45710029973344	53.52647539736694	57.50044468136619	96.5073743401176	45.26778709939386	684.4978341075864	187.89368918714354	112.66512677956416	153.22064615651067	368.1289348948811	48.69529254245379	217.44527712288883	85.90948315511118	59.09662668346022	65.71585918289543	84.6063280782281	50.659725416932005	109.52665647922429	54.42403173316211	55.1837717274384	181.47726778950667	181.17233435933113	83.90141090546867	45.121019427251056	162.0665822064137	116.14337700671913	161.21413862517113
2026-07-09	97.1829318800065	90.63959185389359	72.07373609784362	47.64342366941331	21.404917267055144	30.73125870821649	61.50682624310892	74.28834155080182	94.64902079865678	25.042259529732654	97.8220570137951	197.68980069575494	81.31230107205056	49.38446597074572	78.56266888811764	77.29734554763343	19.347120353540998	89.18508547360715	59.429600807538726	92.74252254972485	96.75965770187483	80.72444527452507	66.8715963330119	144.6718043416455	33.74734573090259	52.34423341891988	49.04527040083121	82.28888752883316	241.06999136630247	295.5810564255064	286.5849355901294	50.718480097978166	128.30494984915066	100.26465938195368	138.9853903892009	116.17250818246708	55.55936193246289	84.8991945539473	68.18354775870392	106.4679637815087	52.72330717177966	105.47893101963808	105.14769308583618	44.07687990227244	16.40209494106543	717.5686414682424	295.4193733381281	27.5637173571543	80.8486403324702	195.24095429884065	32.04903797805585	34.361987222302005	25.881590357786585	82.96145500115871	99.55802172907852	81.15465200588564	53.98062520034797	151.8039924982878	747.2834871495498	87.93025981880417	107.35756535937415	83.60743327326908	57.63502600576763	36.244828519683296	109.22693354547715	297.22723419278344	355.62957270058484	239.9274014559346	70.53840165241735	82.88718362958866	94.1051165974159	58.014479597598104	88.32374210543313	53.45930932343933	57.51381029234325	96.38126972010762	45.20389324452115	686.7082066045745	188.56930400519286	112.86756323719419	153.13187611780612	369.3219442540812	48.706975494859705	217.49931855412018	86.40122518961613	59.236713610284795	65.70019185951412	84.67660764262968	50.344743842499206	109.83682219713168	54.46005320483789	55.26394969123385	181.05090501291738	183.1531456342554	83.2788991172851	44.960803063845255	161.80914712127327	116.36829265985371	161.70574027205822
2026-07-10	97.12011050177082	90.66371758832375	72.0396985542929	47.682626065053334	21.431543602094465	30.765628972638517	61.45686427817067	74.78417016504935	94.66831380509011	25.09612766678283	98.06602728619443	197.84989760129542	81.30115099378895	49.58876885878595	78.55287222482053	77.27867384193195	19.2985601767705	89.4025441100946	59.61623053377424	92.69927564864173	96.98982946128898	81.02222248467464	66.89079999756063	144.85365577189697	34.1286720262179	52.517116022814434	49.17263481894588	82.79444529029549	239.9265896162567	295.3999947654876	288.4144160372522	50.87423943863752	128.77247767115736	99.73732923321316	139.85769305837	117.161254854173	55.62644457707129	84.86459819250099	68.14677418452774	106.2798421812817	52.92665411994744	105.86946657793428	105.57384654291809	44.04235192318212	16.421047737561523	721.161731622793	296.91223183507964	27.56865048002979	80.30432123435034	195.62547440283828	32.09632112831015	34.48834567719104	25.879664655211652	83.17572719540357	99.5737725222541	81.14962214552094	53.96531298164371	152.6517978848861	750.1817216021186	88.27111059177514	107.34995959008747	83.54059407804078	57.99573375178518	36.232681899001804	108.96346524685967	297.25172439619644	354.75207272724555	240.46163316204934	70.67662956766375	83.09626744345644	94.54417740881537	57.9891180794387	88.33686266038258	53.42572628647552	57.51058251433569	96.43222726728038	45.37194708002424	689.394325470256	189.8703606207605	113.32378100824553	153.7462511692546	370.5368723955953	48.70300747704411	217.84486649141556	86.85688548299166	59.50637445956134	65.74160212482542	84.9313481023207	50.50080972642539	110.555045925226	54.60729634729199	55.38873830386888	181.2416390298962	184.35829583958864	83.42464014091794	45.0196719329236	161.0179692515546	116.67531912045419	161.4723464543885
2026-07-13	96.90562486148112	90.67578045553883	71.88909671366989	47.607931761164366	21.375285274557974	30.87781437187834	61.17047353618006	74.10708523511256	94.3770989496642	25.044314939653624	96.16301471121244	196.6249457488899	80.23557458136713	49.859812209544344	78.45436503697081	76.26433692096597	18.96427966876855	89.08127312316253	59.19245936783927	92.5094240486861	96.56991549358395	79.75611017422209	66.95040106689555	144.66060779317505	34.11933631828473	52.22855732476171	48.98131786723661	82.42222417102664	237.35221845314788	294.05775495110316	286.42650733503234	51.70712017708243	129.1112373096998	99.47366415884291	138.26384561365765	117.37062834261384	55.659985899375485	85.09730001177783	68.17338556638497	105.93896283868773	52.72832644962216	106.12973298379136	105.10192189816803	45.33570919523363	16.660523678045898	716.0804080477246	294.831649975157	27.620691893457277	78.28715893870837	195.03273842212226	32.19932938739726	34.41166665878595	25.85403787875329	82.83786359770178	99.59155468764072	81.10250958960617	53.06265641452791	151.06897145220867	748.7479958108249	88.10743716234265	107.2369609962156	83.26012324141297	57.837271935707044	36.19222481485735	113.3767330811935	296.28185279868416	351.81054564096655	240.59434197164967	70.13226391102914	82.45256029643525	93.83396309405612	57.89725183451915	87.98930459068933	53.2558223564946	57.47924259688952	96.71051747275152	45.2409738451879	688.0642586823936	190.11162531770447	111.66189050412277	152.82074979117027	369.69299674467266	48.686308273434165	218.09727608018045	86.46034124003098	59.092252781538484	65.5604220340924	84.28012717616035	50.42455533013164	110.8892401867341	55.50601404889014	55.630497768267446	180.5640797078192	182.71349545397402	83.73097012539061	45.20297599636903	160.9062929753867	116.23015376188725	159.94302137172548
2026-07-14	96.94187187898274	90.68677099559167	71.91274522573143	47.60532696456656	21.41672760584588	30.948907414821008	61.04207346852948	73.83354139685315	94.32520337497859	25.062702933388824	96.05650582972731	196.53247409514807	80.24278729068357	50.268538688390336	78.48394597673736	76.26716678201619	19.017139681796387	89.2706361038176	59.373359810872756	92.54314509929422	96.7299574416162	79.73805569746261	67.03520190673879	144.75838159434142	34.41466770137869	52.39427934902636	48.85565870473647	82.7411108648102	236.174903782238	293.90029166012187	287.4758879448599	52.228560088541215	129.65061987555302	98.56683391047613	138.59192189130147	117.7403144764827	55.58845013352563	85.3786518369436	67.97169110472569	105.89193625332824	52.979162995929244	105.96986527119256	105.62596171202347	46.15925245528283	16.870261800875976	717.5106324906592	295.4146500608207	27.656627952038697	78.71357916417841	194.8263667696549	32.072258001193745	34.47822178764493	25.851090251327328	82.96893103591144	99.60044577033403	81.14832739612145	53.11632729173661	151.84001245950276	749.3578541065843	88.1851692342475	107.23009854009999	83.17423962973969	57.96470988142774	36.20146862385934	116.7733656250694	296.1508903885999	351.194030144702	240.7303908954928	70.2790416540009	82.55471413869614	93.60315403237962	57.92555462819708	88.03498127483685	53.22026118435082	57.5081607271557	96.72077921367068	45.2904869988879	688.6958866654156	190.39197141129364	112.08094525206138	152.8071644463664	369.9593371174535	48.67795867162919	217.84523075249257	86.66666353993736	59.02991583473897	65.52892164937042	84.39372569745518	50.416287674831445	110.98656650449986	56.05975064627124	55.8061851634306	180.2651941507846	183.05972776849092	83.30295835981445	45.279735449966736	159.29640057704881	115.9377239756702	160.22659949201508
2026-07-15	97.02926647538004	90.69721774266888	71.98393761530713	47.63876310691707	21.472235949529384	30.969453592969586	60.997603048962006	73.81677222430548	94.37817022996975	25.101429362812574	95.65825398297889	196.44124009933185	80.24139257722655	50.44806634126548	78.5627813990132	76.27358278065654	19.04856980275122	89.63031698379356	59.677604740641456	92.67380948812368	97.13497917857177	79.7090280013192	67.02260202148463	145.1958640759793	34.5373337743954	52.59214013227685	48.7878299627198	82.8805537539383	236.16057963770103	294.44990168943593	288.3852675808284	52.34928065462217	130.59030932742496	98.24841710782596	138.18596033529917	118.95015906929603	55.572305053335086	85.23432408741712	67.89084433165972	106.0510630363321	53.564582260904075	106.05993339853573	105.91798039824806	46.76149573447735	17.020130938584963	717.251745688689	295.3315315733791	27.679554134100403	77.68179034502866	195.88818185894854	32.07816887181269	34.671335167504104	25.854547887504484	83.36446658607096	99.61480189517678	81.20591952691814	52.66316318810463	150.79785962330607	751.149080861886	88.39357949017062	107.25644483889765	83.21035361003587	58.16653806144141	36.23310430704686	119.07668143924369	296.14523889547183	350.6659695401245	241.0971061533128	70.46216029233248	82.74546620020745	93.66176454670739	57.99909513941592	88.46680094015281	53.266689582653925	57.54738862163449	96.86966313588808	45.50524410979551	690.3582277565359	192.37877836922104	111.835470794976	153.3842722256246	370.72092527259395	48.68359336474526	217.16676363064082	87.16942567255657	59.1983666545521	65.55748298044693	84.61522451254595	50.34247649427607	111.9970598025429	56.112947985489136	56.08335800835104	179.92127810566575	182.21403746822983	83.11378997092285	45.084833087532196	158.49145437787988	116.34030287528627	160.31846942374193
2026-07-16	97.06801229652791	90.70739640795554	72.01458233304419	47.62074263744291	21.465202943331587	30.924726376868094	60.97536783917827	73.30838763803165	94.335600007563	25.076496312876014	94.21912638113788	196.0456169979081	79.48069689896484	50.33913593857707	78.59727433598121	75.53679291620718	18.699285092110472	89.5001598651878	59.35241893221038	92.70945189372004	96.94749065740112	78.90951430583539	66.94630238403333	145.91280477968888	34.32366719237348	52.27107044760815	48.73891429471439	82.47027565626603	233.39161489209272	294.63495450682734	285.99227063123453	52.52963986954741	131.18015679994295	98.95920763838564	136.28298260905584	118.74507999241169	55.74085108928961	85.08716326441169	68.69042109771462	106.091132867043	53.852290825276256	106.82496486821319	105.40398989394825	46.80865581096426	16.99006501152881	711.2284424244226	292.85254862360364	27.9636784342377	75.45589685098113	196.90409001394693	32.42835521837705	34.63302895765342	25.84641285213847	83.3522314619808	99.62693906404347	81.23471559231649	51.526581288876535	147.9206278096999	750.0047467297711	88.26341724752672	107.21998496217344	83.21358287191246	58.12536802974414	36.251376906331046	119.18834224550075	296.60104657175935	348.25884231400755	242.87847098437123	70.15969571623461	82.38690470044551	93.02483674112713	58.02596625562104	88.51812184458812	53.28002562323614	57.57195976797057	98.03960222834442	45.59762136825225	689.3641114368618	191.9447831665441	110.49273616042746	152.79946643507793	370.1840099995782	48.686410711303296	217.50936905897277	86.82140335751852	58.96320081384832	65.55206836400276	84.26181300090188	50.499676052313816	112.1385064027363	56.39801146833051	56.31660995815501	179.79419618173912	179.7635586511071	84.18155929210205	45.111468286319806	159.83729518210401	116.7112166537076	158.98672647212487
2026-07-17	97.12201884357646	90.72240013879222	72.05464681837756	47.59684363927809	21.446778603318627	30.897363608050746	61.1566101586028	72.49919503971896	94.28472428967018	25.019734476933614	92.99956258021737	195.51280636272358	79.4653469236035	50.46349420830221	78.54061867433826	75.51839645810358	18.534642965671935	89.2150800851818	58.99591924393722	92.78664885945767	96.59874532870056	77.94475883138449	66.9431524127198	145.70332774384835	34.19683344359885	51.96553514751013	48.82445707106325	81.76013935401193	231.92722987036277	293.95450117919495	282.60755499335164	53.014819934773705	130.54007534821366	99.08460336142915	134.45148886312165	117.64754152208475	55.61416181173465	85.02358117444217	68.97521161697254	106.14078890666603	53.401145794107855	106.54248350222183	104.83199601508936	47.40818456441768	17.120032505764406	702.9173217981488	289.43036366727057	28.120613135270705	74.06294750996322	196.2170443966219	32.53896093438384	34.38910435309429	25.876875020429587	82.92111466287517	99.6478697090237	81.24415833326762	51.15329003408671	145.78814898785777	745.7267691168387	87.75453043162469	107.35065791687774	83.36836904215741	57.86234755857324	36.23595609232568	121.5741706649867	295.97647238255934	346.26598731911315	242.96766261620905	69.84386687056848	81.8833784976837	92.04511032612997	58.05424861548142	88.44402796330968	53.360778879122954	57.584245341138605	98.59978387174057	45.65881129447769	685.3909790582746	189.8412270324908	109.24636808021373	151.6237169821874	368.13506530252346	48.7221554746702	217.21283730048248	86.00303642607372	58.3465696604642	65.5099743065131	83.74073163472829	50.399101408114916	111.2125141571787	56.86859382315451	56.189099122754264	179.3616519238774	177.57444442565122	84.40747199834595	44.97587917794994	160.1565626301145	115.94876323408036	157.9015587316679
2026-07-20	97.02532674356557	90.73485348126135	71.98562495337823	47.53030391497596	21.412719402672497	30.91868207105418	60.89210589106898	71.62959858797471	94.18037178838978	24.996275472109385	92.33478037458134	194.67140409688915	79.36767178333496	50.47600026272044	78.52707279542108	75.43419746611234	18.337321177660186	88.74753943223934	58.58895731789146	92.67681365702376	96.08437251176238	77.57737895792857	66.79657696929935	145.14024572006872	34.21841756103282	51.59776734487323	48.6872281540619	81.36507028735753	230.46588086535718	292.7515273229959	280.9002130435508	53.322410501444466	129.88503553787638	98.60230305400559	133.70074290568192	117.30877137139393	55.4723221473224	84.78179104498476	68.93760657142573	105.96322816304982	53.740573812581275	106.34124144593514	103.99599983859937	47.807720440778176	17.250015833265504	699.1263855084494	287.8541283668384	28.164378184761816	71.95647299204217	195.56352402936562	32.51489710842727	34.25215791995535	25.867440272055614	82.52555595814657	99.66328650856458	81.23401382849904	51.06664478816152	145.03639321951482	742.989300085763	87.44024586766781	107.30679868500137	83.13448283040488	57.88931510619092	36.23315901540112	123.54208640060858	294.66711497545936	344.4902476878769	242.04150190136625	69.4515354860655	81.4719893892227	91.30665092722515	58.009002588380355	87.9581017807271	53.228284871080035	57.5705707754277	98.612201201007	45.57940564723884	682.9256531033561	188.9840900787454	108.62318404010686	150.33714993396478	366.73154937489454	48.72531266165151	216.58180622348343	85.62382503676733	58.08316832937761	65.42983761712374	83.33046026926844	50.09995849519515	110.82427465671435	57.23311549983409	56.015732193823425	178.50210739504416	176.53981620696624	84.35650699526673	44.79392408604528	159.39970770665883	115.15344732138588	156.91472284727928
2026-07-21	96.87307596943904	90.74108015249591	71.87195142322233	47.501998881316105	21.370841818035466	31.1193408829392	60.66120759336164	71.85979746293268	94.13312794131403	24.984545969697272	93.66739018729066	195.19070540537817	80.0938357390796	50.86474154066198	78.5055179040582	76.12709858046827	18.42866081771193	89.09377093682279	59.126300100596126	92.50808837758414	96.50218534035385	78.4386910048432	66.73828863723756	145.5910579186281	34.4542080938709	52.04888367243662	48.73361346667939	81.86753651696978	229.96993994439734	294.2595374652089	282.4245938264629	53.806205708485905	129.9675192948171	98.65615106923912	135.39536962178627	116.83938705898798	55.514241060233466	84.68089643801972	68.61880481159177	105.72635742869288	53.87028690629064	105.66561965485234	104.37299991929969	48.21836484380218	17.45000772589789	703.6791900686778	289.7232067615442	28.2407927605938	71.95323497014218	195.24176109915547	32.53758847730934	34.24362313417201	25.84792568717527	82.71277874201274	99.67595020008307	81.19425834857569	52.0733233096081	147.2462926180582	744.707906878819	87.64213907763273	107.20048796554755	82.90389607828837	58.0284874328562	36.22193572413123	126.1960462520621	295.3983615648781	346.17009637811816	242.1957234848628	69.87383903209525	81.9546836594551	91.97157802708914	57.92698855310131	88.24880720750222	53.08301450585252	57.543916140277325	98.63823484732967	45.634702136973914	684.5157135145687	188.14127599640395	109.81659308816867	150.78182569940427	367.6257691942832	48.70727035975642	217.10242654924173	85.83382032478015	58.41558280665657	65.36022825680405	83.81407580724164	49.985226668862225	110.24641543504663	57.69372144620611	55.96392459910898	178.34161461060802	178.554545554655	83.93363603547516	44.693020697807796	159.51937289629817	114.88550433085896	158.63758298125683
2026-07-22	96.71778798471952	90.75410788630654	71.75575033929671	47.47295569370981	21.34990302571695	31.254670136293818	60.42738457365836	72.08489751076321	93.96647012910428	24.96883739219727	94.13869539882111	195.40535026128282	80.91691680142456	51.54095040595111	78.43068787658964	76.90855051093726	18.484330866619636	89.38188455288406	59.598823191777555	92.31981719904599	96.79609083912223	78.70434611277315	67.11414325050355	145.4228864422242	34.932103970641506	52.41194259915776	48.476807343691256	82.04376886883645	230.4061735854799	293.64211309295604	282.64222855385646	54.423103312006624	130.33876300434213	98.44807446650432	136.1076884730025	116.02969413984556	55.549919526088416	85.49044974488876	68.58940118509275	105.51906631810621	53.720143300557424	105.03781165848085	105.41149843377093	48.61188894961105	17.630003595920137	704.1474563624639	289.91853392276425	28.20463824736233	71.45661702730742	194.38088268580822	32.58861845740467	34.129467664498115	25.81843687312865	82.88638815030325	99.68228204584231	81.14464885812573	52.996660739276706	148.53594995893144	745.1332503144095	87.68823033593551	107.09273284385776	82.6798952742516	58.39714395446521	36.18685172742206	128.93801946392168	295.3601762658375	345.5812945269497	242.47694346850562	70.09496623845973	82.21099966664161	92.40347929064419	57.8364915604862	88.55874884911245	52.92641020702782	57.51077147040722	98.40339934505155	45.56735106848696	684.8918594428312	186.56697588882696	110.1532954759691	151.2636774371045	367.78360298093065	48.69334350812528	217.71609974923024	85.71404456180414	58.55683811048161	65.23679290037468	84.06087701494894	50.28621150947994	109.54385057030652	58.271957234943876	55.908126926629684	178.356110039679	179.3072105214681	83.8811551759407	45.14388316689706	159.17076585488735	114.32746438466776	160.05807219131202
2026-07-23	96.52139246648085	90.76062175321186	71.62343486203116	47.41376971697209	21.2897395682784	31.37233495370599	60.221691706995195	71.74244951832105	93.60694569687635	24.86254865520508	94.13934739423478	195.9276736047625	80.51345870588807	51.8293798508027	78.25040100616592	76.52927601840808	18.427165852926517	88.9359412083268	59.35777646405284	92.10197860684721	96.27804648767635	78.57717153050767	67.19707101490022	144.8904211874207	34.8860520616147	52.380970536639424	48.05340420590325	81.59688519735768	234.18016046217355	292.485607327728	279.7385031929439	54.9265518085912	129.9793790607648	98.86903769101583	135.6638448468528	113.75484874838958	55.45491810655007	85.8402260931475	67.91469952443114	105.2130358140824	53.53507088733926	104.48390598182831	105.28575104794015	49.22133830415123	17.84500153093126	697.6936012281069	287.29906493501494	28.17168748610792	70.49330790330214	190.97544500501348	32.564527124210144	33.74772295273246	25.769162780131218	82.39819590620631	99.69040326046999	81.09011236241247	52.52833105628386	149.06097424704384	740.7423758896266	87.1827000678701	106.89987441753435	82.43448727945979	58.30823689422479	36.10054218146006	134.21401247854288	294.6231881085047	344.8972299050764	241.74636815759266	69.85140386507948	81.91514643976612	91.97805342706037	57.73680351950091	88.08528644237849	52.76414466345044	57.47933707492529	98.12240356046523	45.30367599200715	680.8806831393844	182.5207697437299	110.05164621210565	150.7360486184546	365.7777725598013	48.661853486240375	218.28174067051356	84.70510577699582	58.27313951422518	64.9781185876385	83.76503857461314	50.17291952121946	107.28883965282904	58.65054313163209	55.770616579159565	179.9042207913239	178.77459982860515	83.27373798836098	45.49836560993779	159.99763726093977	111.42422642451162	161.09276442817554
2026-07-24	96.48257047030097	90.77874456190867	71.58695928282222	47.42884111153781	21.279535273335977	31.39116740055905	60.13857488792142	71.28122460657264	93.48143610527411	24.83893385824219	93.01467339194161	196.82883466615078	80.35173057364716	51.93882170030369	78.16025757095406	76.37963968767085	18.103583269786014	88.96296953604816	59.3913821285108	92.0821286772029	96.3090214127835	77.81358729113273	67.313535660038	144.61422457076114	34.763025725631564	52.27548435279237	48.03670233183346	81.5684430564425	237.02105709876255	291.44856843437185	277.2075236911985	55.2132759042956	130.469692887316	99.37951854033213	134.30192364412954	112.87242330607955	55.59384546684925	86.0851139621011	67.93234823633667	105.04520809258807	53.43253635919697	104.55695161762314	105.44787582914586	49.476180092627374	17.897501146935355	690.6056812292878	284.34106078781997	28.408044518200445	69.0016550197663	189.74271975592472	32.795544430635346	33.58681885856838	25.754391494435726	82.5240987160426	99.7093259283307	81.10248644854022	52.559165604435876	147.66618353465475	738.9209926323133	86.95486398046825	106.8084119402125	82.35131498982756	58.2175778434747	36.05738740847905	135.45200745997457	294.5388584585492	343.14647567031164	242.46134936199945	69.69471056901435	81.67244367276392	91.39742057339348	57.731499904281705	88.13783517675566	52.72746455889807	57.48343913682788	99.03278991499823	45.30183761453385	679.1394382493797	181.00174076786104	109.36082219052548	150.41734071547728	364.82971269591627	48.65591987666511	219.14188504472943	84.05078744660338	57.98157669986161	64.91279205138761	83.50731710835149	50.59905016893492	106.61982647314304	58.959127385518194	55.941014313749704	181.03730784439242	177.22479381078693	83.42702249759846	45.725241764929834	160.97391628671988	110.29689485898433	160.5469010129159
2026-07-27	96.57695952103916	90.79276125800511	71.64293642852049	47.49592804783433	21.29431151331594	31.33058392916136	60.37815775951247	71.18061321881366	93.57651059414096	24.866501764936523	92.3573351700919	197.52941519684492	80.56586467647202	51.73027320061571	78.13488876472508	76.57981923348386	17.9567913678642	89.19648492061197	59.447960809128446	92.19590290061316	96.56951162191909	77.58179288262691	67.09176920331001	144.79995591331027	34.78651354946129	52.01274217639619	48.463350860740945	81.78922259633649	240.32431791705704	291.7977705453109	275.20263879872425	54.69663810473569	131.47984919024003	99.93975927016606	133.095961516889	113.19121272115501	55.80558781826349	85.77755759140211	68.27117442334412	105.0995121578663	53.84626734036509	105.40347580881158	105.55393974562762	48.42449522819845	17.618750649761623	686.0078271869095	282.45248229820686	28.476649135931275	68.86082812023471	190.62135987796236	32.98049964756865	33.5663071496211	25.727274329981533	82.90204874766974	99.7237425540091	81.11858407510019	52.74458295480583	146.0902252512141	738.0901349880317	86.85590717944311	106.70808093958867	82.55677626932784	58.664077236556686	36.05054429017703	130.1060047981025	295.27440359450895	343.3151659357418	243.54068749838254	69.76100579720249	81.74563803511242	91.27614482649166	57.76844274694066	88.37857182421767	52.847420633941226	57.485490167779176	99.35414443870029	45.5459192650306	678.3535936364086	181.42008272523913	109.11041140043852	150.6272876062738	364.54521218291904	48.618616981789586	219.92034590371236	83.6736748207138	58.05038536531167	64.96383468536177	83.57310130319918	50.876818480463555	106.96308859057542	58.487141588877265	56.31020785572739	181.87312322151263	175.66081304308878	84.11464955446328	45.535905413104565	161.8754698010748	110.44665375883787	159.86465991807904
2026-07-28	96.73795790993364	90.80472489780138	71.75997910903564	47.56421387132927	21.31660747021998	31.185292422344354	60.73962934057167	70.57030615164317	93.73748549116227	24.914737202963867	90.89866880574908	197.51970485184043	80.1129341692907	51.625998950771724	78.19610649173754	76.13990809086303	17.578396065401826	89.30824154477864	59.10335395497926	92.39133218761127	96.65975581095955	76.69089796719237	66.94088505941868	145.29138115489732	34.83325730878826	51.50137192743149	48.92167596442809	81.56961053522879	242.51032637796212	292.20177223554606	273.3558817772918	54.13331889977995	132.33492581582314	101.39487887214358	131.1229777066867	114.22560742869274	56.1027946720712	85.36377726982215	69.27058553320526	105.28462698957767	54.1281335938886	106.77673866734524	105.84196849952279	47.21386504573985	17.339375057852003	680.3973462106422	280.1496420280097	28.555568144015442	67.47541222906267	192.72068360109057	33.30115528032729	33.63596920286231	25.743313030164106	82.9660237634833	99.73590615859635	81.1613199306165	52.22229185887264	143.4053344884	738.5574881483127	86.90616022424304	106.7919333836127	82.90162192982993	58.82224629039749	36.07168365937074	125.29800133093602	296.1805977933482	342.2755028897459	245.28010937419128	69.59464855900163	81.55276973166754	90.72329275015989	57.856198607357044	88.69345919091742	53.05063292439249	57.51623980434857	99.71805732677203	45.82795993769108	678.7835778240637	183.10656388459222	107.8202050898677	150.05852447940643	364.80693836685015	48.62449022307253	220.94165641132884	83.46014749946823	57.84025806656697	65.0435170741262	83.33648122410935	51.48852673290756	108.13641337487755	57.85848282751969	56.85353494287834	181.93698885685006	173.27568850396625	85.30290735779805	45.361822869516146	164.2488921270999	111.33973236647948	157.39711267388327
2026-07-29	96.63538215320901	90.81566200944756	71.68986504279907	47.50902610985897	21.34266423926038	31.10764655449493	60.067080295285834	69.42515246547002	93.50724677390144	24.91424630991699	88.87933470805032	195.31984998451395	80.06646540617855	51.757653940107545	78.13803127321252	76.08995450319519	17.224198452317612	89.09912046721354	58.50843356928651	92.29607274053416	96.44487958394657	75.42044974653564	66.62544130900622	144.54568447393302	34.566628272924405	50.91568687924309	49.0458370666867	81.2048034365597	239.24838065724276	290.0100352876949	269.3599935009506	54.49165868695052	131.77246626484515	101.91243958865968	128.30648778522811	114.63280417211004	55.97665787985884	84.6518898556142	69.90029215625107	105.07607127677126	54.59906664435641	107.3433711647273	105.63098333423406	47.83753860197149	17.45468737633811	670.7192419529774	276.186194915372	28.495877944078032	66.03270428347665	193.4303414953695	33.43172273598884	33.42105390685108	25.766130544623067	82.6580111188022	99.75190235908333	81.20746050241763	51.996146158318155	139.7766189653914	733.1053126776719	86.30297558941643	106.88845555289033	82.38723903498332	58.79700456914894	36.04786766281525	127.30399944476488	294.1609623488225	338.05897031694326	244.61154363973236	69.18727026338753	80.99740461070681	89.38784953059752	57.84563890023614	88.66636307934543	52.766988978065385	57.55142816023093	99.75626453374734	45.87898012143343	673.8468060018756	183.79009071915158	106.36510437598854	148.766032869586	362.1598320984641	48.681385736536264	219.86465755136754	82.72401219577904	57.3259727680247	64.89132640815686	82.78894526293358	51.49575682043327	108.64334096478252	58.08096336810554	56.66682064831905	179.06173325899144	169.82577149807688	86.04605740814708	44.97200716840065	164.92754664948745	111.35222778602295	153.39798108059398
2026-07-30	96.61873554071583	90.82608585701871	71.67459484439757	47.51617267712187	21.48986887805304	30.973823353541412	59.676551240782565	69.45257791120181	93.50556888255619	25.01243531163574	90.02966750661305	196.279927738839	80.69823361861663	52.23080717940436	78.2223092462254	76.6949787774765	17.447099264305777	90.12456099654622	59.38932954709443	92.26823366640966	97.66243841868227	76.23522639914673	66.81272065450311	144.7607038702673	34.97331467051982	51.59284366850338	49.37291891481308	82.37240217604352	238.55132961084794	290.9189275559568	271.59360148680344	54.93582987753288	132.4812343531257	101.5762187262146	130.63324724954765	113.84140361193393	56.07058525706809	84.34594538557077	69.8451465358892	105.06558538203797	55.049533322178206	107.59168375130896	106.8104905990018	47.69587463240664	17.477343688169057	676.7788409471918	278.61980033854536	28.401585441155227	66.24135061585942	194.6501683062785	33.28866677265751	33.588315497126715	25.767674494723643	83.51400693269211	99.76485575107486	81.24044137181428	52.74807307915908	141.48152542507853	736.4790479403985	86.6895317705383	106.92182405940414	82.1053474227651	59.21560090212818	36.09490627403458	127.39200140084924	294.54703390878626	339.56747954323725	244.3270425718193	70.05094103989688	81.9169266400702	90.06751332731048	57.85025627873135	89.71516625036608	52.61034690602488	57.573979537268784	99.19539682375844	46.21949074736222	676.9440939189066	181.61644275947813	108.2525518828185	149.62196907151176	363.7538967621227	48.70002209190095	219.6944442541994	83.45484057054577	57.70262108860219	64.87924550998663	83.70303204919139	51.449599601622886	107.43661875509633	58.3462868903516	56.73290068060484	178.48678398789417	172.67546662062045	85.47880873337041	44.65301103048939	163.91206128861091	111.74761657855835	153.5448157356095
2026-07-31	96.48671304623682	90.84617128544295	71.57296560457183	47.46515573553359	21.53862321313541	30.94691171491768	59.165620514800466	69.58628956595247	93.44061250524294	25.041843113581542	91.07483512659755	197.26996112283746	80.41911650413253	52.114699778056675	78.26938063629629	76.43248847321091	17.498549250683162	90.30727943015788	59.859608468615576	92.12566727876147	97.95621920934113	76.92261350474914	66.81135910654842	144.84828558991882	35.17165680120229	51.87642175795774	49.586459075936816	82.55620001990653	238.96691846753333	290.68018216176745	273.87446797972984	55.332914709884605	132.74061717656286	100.91811043122254	131.65661996266445	114.41070348443375	56.210762980706896	84.0279722350217	69.51757448864772	104.9813553130893	55.42476627961938	107.83584279118182	106.24024438397356	47.761093825602735	17.51867157705572	682.0263528466428	280.805581931968	28.27016108300437	66.10567591828126	197.46508354278768	33.24690296640688	33.8617522767616	25.75364735173194	83.7070042292855	99.78123921586946	81.25197651476456	52.554036844755316	142.5386447926174	740.8293372026211	87.17702220240781	106.88390855069817	81.69264258345287	59.41893669679163	36.11351034221748	128.2809997848973	294.41104442021344	339.86213942982175	243.94583940114404	70.24835946648165	82.28689731051361	90.97414438948532	57.80307308565474	90.04006298358148	52.36903529993627	57.570391257892204	98.64728184693782	46.124744763329545	680.916535484844	181.53278497837186	108.64127533105768	149.93016330772855	365.51848890840506	48.709340269583286	219.3156974688966	84.28478951745062	58.1704137852679	64.85843073839175	84.07023550701757	50.82429282754484	107.66052815806574	58.77220541111818	56.73604491427703	178.92236996025568	173.91054062232195	84.98655478782779	44.3396433326275	162.92116431129764	113.79124679635925	153.78794131507038
2026-08-03	96.533906755052	90.8626684674285	71.60753916825271	47.53367573763984	21.61030834881624	30.78845543784214	59.04826054426547	70.30314310450945	93.65780625262147	25.076334802945556	91.82241741071088	199.02997720448514	80.27955794689049	51.83808109020021	78.39885810379268	76.31124545730859	17.744274510900663	90.62863818920003	60.35826340178826	92.14772591232995	98.31310868914322	77.51630705755035	66.6206797058621	146.08775516068206	35.1658283243072	52.08321133674254	49.87322946167446	82.82309817889858	242.38099646521198	293.06427320979	277.8875666314665	55.151457965293865	133.30530614687518	100.41405704666596	133.06331059168377	116.41535082668953	56.42256021654974	83.89898443904406	69.26878556585706	105.09689790190598	55.66238390274914	108.69292292146982	106.3401234126899	47.01931034053574	17.38433578852786	690.6838307201964	284.38583845133553	28.209407056699938	66.86783658584962	200.19753810928447	33.270664465381174	34.343120935133726	25.749617827172123	84.02350028358806	99.79787668801285	81.26818109795846	52.507017964613986	143.82597065070323	748.311275046623	88.06403981824492	106.87195458052486	81.62023562888464	59.51414631165265	36.17864237813999	125.20050126573966	296.58645787905203	343.08672462213747	245.29848122400952	70.55654896541856	82.65645295823532	91.7009126793618	57.82665785020042	90.37209371713254	52.34508588727282	57.58947114164141	98.43271074768765	46.012373144604226	687.7652440607814	184.62025143693984	109.22563644482571	151.04745622661818	369.20870734482753	48.69928416372231	219.6489147134522	85.63882801678196	58.55901518120817	65.00493710991853	84.46845210409472	50.80030902668746	109.31738947576139	58.60741046007569	56.956841960922695	180.79571104213954	175.87149955920785	84.64604839000765	44.187924312187775	162.27131213611756	115.87073249852142	154.96273439044535
2026-08-04	96.75610437850256	90.87091705842128	71.7688078836869	47.63261393083164	21.700928062042397	30.739227985949878	59.33483736441789	71.98657063672738	93.99923317391816	25.162838383833616	93.64620931570701	202.15998524530897	80.48977744756634	51.9382055841626	78.58241702797056	76.50062394935742	18.092137522479142	91.32431741613323	61.03518028487851	92.37225239097943	99.0965529712806	78.87815246065995	66.59533970034316	147.97789857643477	35.12291507768094	52.541605668371275	50.20161412048567	83.69154786874617	246.3703840968638	296.9941574789184	284.0807156887801	54.8157287537651	133.89265093720712	100.142029896624	136.751656516545	117.73267693922367	56.52845883447116	83.74449038846734	69.20439247775275	105.47691956252525	55.876192027668516	109.946459934856	107.7450624692844	46.002857379740526	17.14216770352907	706.8901636511139	291.05082938191777	28.139369589751336	69.193916614458	201.7987660028844	33.42639554140641	34.91346758731784	25.772473937389773	84.71175090473349	99.81116978931892	81.3259888949265	53.17350905860094	147.37489175845707	758.8653238026084	89.30540400336074	106.96097881614133	81.89656648387592	59.77587007660269	36.27049451365495	120.49025002251827	300.6204994473385	349.3148924624359	247.71718037030553	71.29918665311943	83.51964798790672	92.90952311214184	57.927832404104116	90.9919741351776	52.53644408194208	57.63379730788125	98.25106911896101	46.136185733068714	697.4634325772656	187.02242125069648	111.06782005346754	153.25301430715675	374.5350329937028	48.70406751215901	221.24390620926516	87.31983743978746	59.24737258083846	65.23658797024247	85.38127118754541	51.28105012796775	110.49467419955062	58.39081002740113	57.31635928917717	183.3480355747807	181.27682186212346	84.72912923650773	43.98797842196303	161.8766533825119	116.95038852709274	157.51682862100392
2026-08-05	96.89202924003253	90.88001190445479	71.85937189838643	47.69203366524492	21.761177226821978	30.719614374444667	59.58170624934762	72.71328653906681	94.14517399052353	25.240719042380675	94.36810282679882	203.71999201230292	82.2598881134316	52.08264916354126	78.65934205890716	78.17531121173926	18.096068951974434	91.83215687701193	61.45816097373808	92.51430078655417	99.56827694340397	79.4190757725663	66.32766862946846	148.19061707386192	35.10645761513442	52.84580359712509	50.255807746888344	84.30577301884574	249.1791343091741	297.9916313517639	286.73263384536665	54.12286452947044	134.3163282151856	100.61101586383934	138.33582734274518	117.70633862219972	56.66040861645433	83.22724473647	69.25219776475528	105.65701217994427	55.943095174600856	110.62822874672487	109.76753169240587	45.368124093923	17.0610836228827	711.7217541888382	293.04474757670107	28.139053157302428	70.82695784946533	202.86938422214533	33.4000931411866	35.16367730562181	25.7839019924986	85.3158745368394	99.82775362634891	81.36980444502184	54.62175437671258	148.70008778596682	763.3742512567729	89.83632626925849	106.98048940807067	82.12403397435983	59.85705124923885	36.311482455802086	117.68512363796812	301.406135954138	351.07520135817106	248.2445154781215	71.7353439063937	83.94625587871899	93.4641075643717	57.9933141665296	91.30690396822357	52.67675704463315	57.66093094153828	98.1602483045977	46.15309195100701	701.6242944136328	186.58150023716465	112.06390880603064	154.88480030543383	376.61465394802326	48.70645918637736	222.1011324869568	87.98052876628046	59.57158896986259	65.36726401685951	85.86762991750317	51.839955529682115	110.50024008439445	57.68108654751404	57.55590570354855	184.5992726091677	183.48506010098362	84.7508027163984	43.664647322553776	162.70539364682236	117.66483049401512	158.2448034706582
2026-08-06	96.82096884364907	90.89450042854575	71.80039060007212	47.67199225071328	21.766403280159036	30.829807454251142	59.443729024942364	73.42664296435763	94.10916231264457	25.259870629588775	94.15405263410253	203.57999722685457	83.14494344636424	52.189641918806764	78.66809952676803	79.02265697916064	18.108034895603915	92.0560778281544	61.58015661296767	92.40658734396068	99.77913740358676	79.37953605522847	66.1838347724979	147.738992924138	35.00822873127326	52.95790164597466	50.18790333938655	84.60288727236232	249.43984028691125	297.7323574239288	287.69390786506614	54.126432798792834	134.44316776970217	100.94050625345287	138.8429167231304	117.69817053180299	56.765886604980096	82.83362358893812	69.25609995049288	105.55866966419089	55.92654751100648	110.62911300007141	110.3787647780877	45.67399124618025	17.145541582559513	712.8139410592628	293.4972730803427	27.99512853787973	72.12347800920531	203.08969089036952	33.416704209143106	35.273796126565784	25.77966728958426	85.61293909947439	99.84101609540102	81.34201052939568	55.23587642541683	148.77863276017092	765.0152506283864	90.03197844224644	106.92524607732635	81.99963905749242	59.85392540489286	36.31715251330144	118.27756319227507	301.2405893393737	351.4358092972496	247.78634312724435	71.83871077155622	84.05979404653723	93.71156504317219	57.95157308363101	91.4543972660942	52.593173596779465	57.64467826984141	97.67862345039455	46.02654673844296	703.1063061423633	186.28119048723465	112.17195379266376	155.87536829236535	377.3652035609257	48.69784362211934	222.22116713459167	88.28589579183163	59.7087452295602	65.36825191199421	86.01597590845861	51.88548336481664	110.65751063667965	57.74871206648163	57.58101529073912	184.43201392909558	184.29952162764025	84.6523560090781	43.36400281471927	163.26421110563774	117.75264611248608	158.70862152292676
2026-08-07	96.86984645185383	90.91666015689984	71.84537428563176	47.69182154955098	21.833753626773856	30.87990387971346	59.4881818800249	73.99332026147569	94.23481415803127	25.353545239110794	94.43702692740283	204.41000136000932	84.54747019730321	52.4318990538858	78.74674278706566	80.35132864216821	18.20401706633223	92.68303769337408	61.98422160177192	92.46196066416783	100.42956961732072	79.684766959499	66.06691586037005	148.06617462369007	34.814113831579014	53.25895150963284	50.27895113563566	85.37644439912062	249.949748024315	299.25340100200344	289.2186885516737	53.8732158653388	134.5515857159058	101.61025251637487	139.85645592015896	117.84408419778626	56.81368938098126	82.93681225223273	69.39805043301011	105.60369472589427	56.24827360291535	111.44955482156891	111.68438132092862	45.73855736015067	17.19777079127976	717.5456729222095	295.44173651575727	27.99257083021916	74.58173946236633	204.54984269860273	33.5242204822571	35.508672736744806	25.802419856950333	86.2064710756161	99.85758843100129	81.38775254863339	56.36793821270842	149.11243039375734	768.179927560287	90.39908019402361	107.00262395419051	82.05650593011339	59.9300011088185	36.34962964715365	118.12878327460433	303.216775992929	355.86232908710133	248.29900957631747	72.27444266605156	84.54057054621784	94.18333150229898	57.98532137763094	91.91218474754905	52.6208150851329	57.68127925943242	97.63113225132032	46.128273140339644	705.9967871043848	186.7299430829728	112.96097689633189	157.12922772528424	379.09207138495503	48.713156735376074	222.74901893106536	88.79822133341582	60.03183996097151	65.45784574359476	86.53434751233478	52.25166921841907	110.77103131931639	57.454474212562104	57.48893866038421	184.55782672773137	186.02521094809748	84.60809939125781	43.327841098521745	164.15626784529934	118.67462093832312	160.2083909616587
2026-08-10	96.71553998618083	90.92774002107687	71.74374350878267	47.622133003779396	21.76783373019601	31.09995178726884	59.12569036628198	74.42666043591362	94.099489445959	25.350914503405495	94.09851453181665	204.56000403693827	85.67873387794847	52.990157595790556	78.72170665964612	81.43066538919933	18.14200849501914	92.79151960962649	62.01223332896213	92.28608744878314	100.4797841983088	79.62238225904638	65.9284583879487	147.7963319407513	34.66705714467135	53.36447636516798	50.209475262642044	85.42322280991186	250.39449071137625	299.2259894414314	289.38656595552436	54.741608237845185	134.31579377348024	102.56012732630268	139.63822704455214	117.82704087819	56.86721380059805	82.51840536317691	69.25902658979606	105.33370008511511	56.589136954045564	112.23977680043289	112.54219142340376	47.06382061122768	17.513885357492907	718.8326509142298	295.9894076865896	27.797949767526575	76.51586820530426	205.34492104412558	33.721828945352186	35.651087772181	25.78892622181013	86.16823416451703	99.87581188517838	81.38080406972685	57.88896903006027	148.7851275503943	769.6475504500654	90.57764144588876	106.93131228227104	81.73767221554498	60.01532022604011	36.336226108977215	122.02439072177482	303.75119500330044	357.48113707773035	248.2118522002681	72.29778957033047	84.58641305020853	94.27502680461629	57.922744917331094	91.97150375072765	52.43626012740532	57.67473272358828	96.95306307390234	45.84413725681533	707.4120898412549	187.38353385838093	112.76548829557805	157.60644583285696	379.88069145419627	48.72571899268804	223.36631549580613	88.94449030537979	60.12352114625724	65.37889388009816	86.60387801031777	52.59402766340875	111.1168389018457	58.63943803401543	57.54753176915695	184.33151040976412	186.06401996379483	84.50152512897851	43.07151332269837	165.9770444451106	119.04081312419086	160.54897392321215
2026-08-11	96.67810919597127	90.93824668900524	71.72272090600266	47.60221373394536	21.754792223679548	31.214975855487445	58.99376673770642	74.75333113348415	94.02687561287208	25.334757102166613	94.37925909696301	204.9900011029418	86.06936648121057	53.21961187894996	78.72403921239142	81.80533284718756	18.171004628979297	92.88076041516481	62.05607203252306	92.25276586184273	100.55489072586339	79.75619082434741	65.93423041467747	147.83578804068816	34.20852857233567	53.502237877408206	50.14973770761497	85.53161109978015	251.00140642746547	299.7159610293095	288.7211150090122	55.410805034449936	134.04789627638854	102.84506228986032	139.74911382745185	117.353519065804	56.96804217251582	82.57420130829743	69.06451466818905	105.2135762693642	56.10456794296516	112.64488992609535	112.71609540652611	47.91249120771345	17.71194260245251	718.2673996758649	295.75376756399794	27.621319282261823	76.61793471300369	205.14246174276593	33.86031747255402	35.63238669004558	25.77720503900565	86.18411555637961	99.88989416280404	81.38230038081069	58.21948413356041	148.55159087480652	769.1494283012046	90.51233909452641	106.91065583595974	81.6427504449307	59.81013127390872	36.329524339889	124.81719566606318	304.5069756754783	359.35456695195114	248.37735706937235	72.40422773194257	84.65422947432302	94.36711240133158	57.91628845903176	92.02111411901618	52.38365550010403	57.68636729258027	96.25216630257617	45.6820688572895	707.0075891100805	186.81695766405375	113.08274491072848	158.05964686662378	379.7862319575669	48.72709442066042	223.83920938364525	88.72292035410591	60.06455865357296	65.32952262364283	86.68356131961201	52.79507024344754	111.01065944115723	59.60470360563076	57.57184442156578	184.76687519999925	185.9685486781865	84.31909142191114	43.19152410214508	166.67324512294593	119.00938208699777	161.17349666619592
2026-08-12	96.71400882161845	90.95344112404364	71.74696149670251	47.592254099028345	21.753250604027272	31.322488080331613	58.86861798799384	75.23666617709364	94.04506164676806	25.326678401547174	95.60463046400885	205.7899987204162	86.69968415613263	53.36414515761463	78.77471262987734	82.39266810206058	18.290502238195703	93.12038051275819	62.41111173037286	92.2807866174448	100.78244643104694	80.38809373370691	66.01211337628405	148.16937412288314	33.87926390469811	53.83111886241016	50.049869235277214	86.00580722835687	251.16502511314678	300.81870439160787	289.31264490684987	55.75040259351891	134.17894691749115	103.02252961905126	141.0045541671439	116.53676014325356	57.0431431718292	82.81709943344559	68.85725809703398	105.21796748648873	55.592284887009924	112.76744465787189	112.70304892396618	48.29031771689384	17.8409709579035	720.6070579922293	296.7098305593427	27.627197498186575	76.82396674615029	204.15123270243765	33.92460072236099	35.60305476470052	25.776318812837786	86.44205625231089	99.90190203745671	81.4078974743409	58.63974275342571	149.757667995997	769.8629526759929	90.60435604018312	106.91532700245253	81.55560144927199	59.78169069798952	36.355815560447425	126.0585993589105	305.3634579305126	361.19548721132713	248.66421106642446	72.76169562256308	84.9974142671908	94.78455794016774	57.93788818703541	92.02097881243778	52.34743878826002	57.7070962286876	96.3627202667666	45.72603465752658	707.6780804437121	185.81997022606984	114.36137215018846	158.7204285968861	380.32751844460375	48.72287643396302	224.54348317082653	88.75199743901584	60.17980320679136	65.32958293657728	87.0328435870521	52.5671041372267	110.45921384533447	60.13703998946089	57.64378849801433	185.0743250511715	187.30420536936668	84.42160015431494	43.35576227995438	167.2355330839339	118.32015124857702	162.2195226861253
2026-08-13	96.86105180460805	90.96103834156284	71.85837836187665	47.63205119807374	21.74750066059518	31.321243887577914	59.03786276596958	75.39333461442573	94.26221588197778	25.352320256986964	96.52731370612551	206.15500149643856	86.37484360394522	53.09862989081903	78.88916448144258	82.08633344067873	18.32525142427363	93.34018903567596	62.62840933503506	92.46360879334154	100.9962227577598	80.83904732461713	65.97605790884515	148.67494279874626	33.64963103682171	54.04055943120508	50.01493438875677	86.34290376676633	250.28295963909292	301.76404274756175	291.1821250657296	55.870202135992855	134.54447528980026	103.04626465693774	142.53227586286883	116.91338052939045	57.120194861671436	82.97854941154702	69.16863072698379	105.4333436370432	55.00614152797762	113.53872110823282	111.95652400421942	48.2001706077145	17.805485707833586	725.9575206953334	298.90104259900727	27.739200708321803	76.47698199978413	203.39061879262508	34.04107004501839	35.753219963527016	25.800745618577096	86.72602919427068	99.91287652532014	81.4753720770142	58.39987130041891	151.11447547749069	772.9080693555745	90.95953046760133	107.03766533228095	81.75014798415748	59.61866288439515	36.4035452161368	125.54429906910369	306.4996305765844	363.11005744843703	249.28555096778254	73.06013476806865	85.25380738383954	95.1971305020663	58.03310348682825	92.0857495685724	52.483068454188604	57.74727637056938	97.0475367386079	45.688018091702745	710.3972067257623	186.99841742504663	115.42068775356103	159.15562445469305	381.83004950550503	48.74529403668366	225.2738701864875	89.19610522585558	60.2024923931906	65.47316396584723	87.29732084137761	52.31873883619147	111.31974821905396	60.41812174033591	57.84916170506185	185.18315861933576	188.9259216544099	84.92984762354419	43.537153143151016	167.48679272604898	118.25492044240374	162.4929553127892
2026-08-14	96.83030999043879	90.97477805139665	71.8296828027645	47.557423456702885	21.719727159826398	31.33562213452382	58.83147906670061	75.39166700203708	94.21722473176038	25.36019447602766	96.90865731082643	206.4974989171646	86.47742271749996	53.11986014194272	78.90678240551621	82.18316610998781	18.267625254373144	93.45009329713486	62.76688716263472	92.42592671112389	101.09311259958302	81.01452488301169	65.94802803889523	149.28643074995907	33.624814755471405	54.14527971560254	49.89746658402682	86.41645081526792	251.60488161398007	303.02965015796053	291.6222514977086	56.26510099170248	134.80724130700952	102.72813415952356	142.93113884696174	117.40168995951944	57.208098147998804	83.09927531612507	69.29431444796455	105.32785117032824	54.818071298046426	113.58936024894064	111.62826352798862	48.392298743798655	17.857742777622846	728.1332708457136	299.79686529364426	27.819989262547132	77.51349252577097	203.06531214289458	34.14394810844669	35.75338000129476	25.803011244652318	86.93301429195955	99.9332754208632	81.49419772673951	58.43993542132762	152.0873967353274	773.6625307715373	91.05234747867371	107.01383159802523	81.5745750296764	59.42865326531769	36.41752997806351	126.07214877161239	307.4416030080188	364.33711795761695	249.9247884233444	73.22930520752065	85.36703888479087	95.12996020952924	58.03105522241803	92.11314913731354	52.387225145063056	57.767366441510276	97.51386922989965	45.58900988508477	711.0884959410062	187.91704013342175	115.9003425034895	159.39817813310825	382.3568887664244	48.75650283804398	225.86800656541172	89.22335397401177	60.099054653016196	65.47070139820681	87.41957640579622	52.30902952856937	111.9493562262262	60.98114987468456	57.90202454759928	185.5966147100585	189.3572174190018	85.22867579541467	43.76186270438801	167.1093402717159	118.09757969752023	163.6829019117657
2026-08-17	96.70073849131315	90.99158900738777	71.74086831788615	47.48528330733093	21.700860322161734	31.43781152502558	58.309044358179406	75.61083441654588	94.02133972183722	25.359183923194493	97.60433018129211	206.4737479327034	86.96370983287107	53.373877748583666	78.86608422643974	82.64658336016969	18.188812932362353	93.42504741150688	62.985288368915015	92.3077852854936	101.06155568943996	81.48226091562694	65.78401539273864	149.2882730532022	33.63240707255992	54.39263955262549	49.73873420754076	86.48822418693084	251.25700776255644	303.148797246949	291.5275869304949	56.782550114381515	134.593623094911	102.50406646941022	143.4805688131293	116.8458454375234	57.13354622060585	83.10963903135355	68.77215722398228	105.06687968672662	54.93903633566872	112.749681955525	111.6641302381154	49.139503024853425	18.03387093104775	728.6217501689505	300.00002566440025	27.77610638664466	78.22174641547338	201.77265393521682	34.081297174340534	35.59362420474894	25.77429977363231	86.85650653562821	99.94347486863472	81.50361055160218	59.00496755807592	153.49735742528088	772.209286626003	90.88433185090912	106.89191412054582	81.14448050800226	59.456079257170565	36.4047603198423	128.1810710288726	307.2545234278375	365.12548341728507	249.29853770532455	73.36875340332088	85.50845535548137	95.19084222634666	58.00520122571097	91.99218247881302	52.165725228171176	57.777411476980724	97.32569071846545	45.42450410330899	709.7684300994093	186.70440019366401	116.54517247244787	159.6591949625502	381.7624745345794	48.75720153804055	225.75696318260822	89.00221424896878	60.18707005111747	65.3556242891913	87.56555449928483	52.154861901735856	111.20265968049591	61.595687013147945	57.63947929955648	185.7086009341308	189.72768860452044	84.67769620459211	43.80969188075846	166.761228363397	117.29550539441442	164.91180923225005
2026-08-18	96.68560484135969	91.00496122122318	71.72624623169699	47.41936131919281	21.676487595162897	31.353905991394626	58.19579529615513	74.85041537721825	93.89367691047916	25.338891812061114	96.20716386994293	204.62687335600015	86.47185659490233	53.52572213845199	78.80613094988979	82.17829122232118	17.96440635174026	92.89252401092922	62.52768217884227	92.29340375114523	100.47077647142896	80.55612908452245	65.8320063230783	148.22305498363235	33.43120330739812	54.00231953217212	49.559367637828	85.61411102535018	251.56251724797744	301.2983671293339	289.1871027914193	57.45127452313314	134.23681398886174	103.2070350657598	141.53528257550997	116.2079225661738	57.120958977612496	83.07982104155568	68.69107891716692	105.00579854697659	54.91951893077381	112.36983990964727	111.01206542423348	49.63868309201656	18.116935846993602	722.6924363637721	297.5692877345439	27.709547295800355	77.3858747336156	200.60632818831152	34.15910065931382	35.40385822969381	25.789788322179923	86.2332535729899	99.9535451430576	81.51825425041046	58.22248309239245	152.07579663256232	768.8791489282358	90.49115045304245	106.95595538180612	81.08322276742886	59.325463182052076	36.37614343506763	129.42053734549097	304.99734838384063	361.60815186489253	247.80557225842398	72.79007814819364	84.87082008496725	94.40589169422802	58.00220769903713	91.65738426919167	52.12936758845082	57.787404545253054	97.05314992466242	45.23725167018477	706.6796557235327	185.36442238687107	114.86258638881182	158.42726136066963	379.9241602409225	48.786981277443125	225.5172984248002	88.38715067306838	59.85679109855678	65.26343683941987	86.92483276111702	51.848831402528084	110.65987018448624	62.44970469736987	57.637748072629805	184.39327904372556	187.56565704640084	84.84926604052848	43.75419019391927	167.92205705279224	116.69989579413104	162.88070930362503
2026-08-19	96.91139449221305	91.01662169337527	71.88773554260631	47.4610291550798	21.78381569699551	31.14695326272612	58.982590793829516	74.81020601014234	94.0626793671048	25.437579069482705	96.17358162979568	203.36343972975789	87.88092875521484	54.20269947864982	78.86526563973982	83.5091437801059	17.897203137723157	92.8312603269978	62.29390853326879	92.50963598812145	100.46538777795081	80.56306438967334	65.92100422965439	147.80503182531226	33.55060073817172	53.826160529025515	49.54968427667767	85.15705398679619	248.7137461117817	301.1161940627138	287.6072080119206	57.790637795624185	133.67840455302462	105.28351783805567	140.267641287755	116.2289612830869	57.17885145230723	83.05991097854151	68.99053991634713	105.33717356548048	55.15475916021113	113.22991812376895	112.13103271211673	49.809203988024876	18.223467885349827	719.0135155451674	296.0542361524282	27.745673306103303	76.68793629869256	201.37316378897998	34.485708776922536	35.41386797287913	25.85722021089465	86.17162709167073	99.96851756664599	81.54545830196304	59.11624070696283	150.09210516442567	768.0170585949772	90.39429501411888	107.2329787590183	81.72728032902694	59.43335002974674	36.40382908752893	130.16527050380017	305.0253618139906	360.74369690412595	248.4281080896612	72.72020005432142	84.8163838584016	94.39078154047338	58.07022807132032	91.8291384541759	52.50297534390803	57.79737162992633	97.40762125749723	45.36862583509239	705.8882897758289	185.34823444783007	114.29129380475747	158.65470886636996	379.47878849448466	48.8116825485116	225.71101127294696	88.11458058555763	59.89127091548933	65.35593869558883	86.86899444452335	52.06412135922302	110.80709649971382	62.82700994145837	57.45751730108541	182.92778728797606	185.49580307154025	85.41191481958064	43.726439350499675	171.46613259133753	117.51463982211435	161.06650669038675
2026-08-20	96.8604404406866	91.02245192945131	71.85925397125433	47.43708615651939	21.812581218859084	31.153476555069116	58.99127060138253	74.84010437836218	93.92920879365983	25.44239945905776	96.57679249336464	201.73172291663676	88.73546254655272	54.90380754877315	78.82056845829764	84.31957051676193	17.763601149244877	92.69063168937781	62.052721707430294	92.429080994549	100.22769282086017	80.80653372071558	65.86550089412407	146.82381107867175	33.63530097943742	53.64808087486432	49.54984175686911	84.77352668822232	242.99933673997288	299.00539317393503	285.92797839560876	58.18531981333943	132.73920380239122	105.47675800350049	139.66882430598687	115.9394814044829	57.08929602644658	82.98495732032544	68.81026858488255	105.25001531057228	55.332378740872166	113.28495723082979	113.12551772934938	50.30375474974974	18.386733561205187	714.6017284757087	294.2677949560969	27.793481413183486	76.1889693700494	200.66158036861108	34.52004173587338	35.23905564476476	25.89591052048639	86.08581354583536	99.97600377844017	81.5391781255909	60.38812027718747	149.08028567547456	764.3640285650667	89.96688475071178	107.37648770104235	81.71196780123222	59.44349691428744	36.38308786834943	132.3526318949665	303.4839333484016	358.29825531241454	247.42014687930327	72.6902468167115	84.80413080249181	94.32406050900622	58.029754386001954	91.80528959451959	52.5062827464169	57.79241407118875	97.57990163216658	45.529312230900686	702.5501934718989	184.75121988504785	114.19564613943928	158.8632507344545	377.5554037687267	48.85836927413373	224.93192165209848	87.59867594341358	59.898529668560094	65.28833998378074	86.87102065976168	52.121994074997254	110.56175900425144	63.10015810793622	57.10333712649485	181.10796713031615	184.19119224621934	85.08722495739775	43.58847564143636	171.59944507984846	116.96911190324468	158.88654008835744
2026-08-21	96.76545581604643	91.04027488440339	71.79040579422092	47.42511465723919	21.841903287957372	31.26173869715126	58.847640305574075	74.78005279953265	93.8872461509803	25.509120681372142	97.18839777256122	201.44586328937305	90.02773112068847	55.726260616427595	78.82297725283047	85.55478571614464	17.676800650916384	93.00031462398579	62.29011093000909	92.29943277022372	100.53884564749063	81.1882667077699	65.63775227811672	146.80150820046867	34.1576506423066	53.79904081890189	49.594920573258776	84.96676517516585	240.03226114342394	299.09200627935036	285.70785516460126	58.32766051702128	133.08960312189873	106.1633782388108	139.56441550992702	116.19473917636255	57.14327128898013	82.24747972827795	68.95513352950182	105.13703158106739	55.49618929414214	113.85247769988754	114.91775840691102	50.63009545348815	18.518366589867732	713.6495580855105	293.85907142824374	27.787640364794868	78.4694846850247	200.71078743772352	34.67609943544157	35.2615375574898	25.860541472401398	86.34290600997824	99.99962527178845	81.52610075102787	61.5540607489453	148.78403169271775	764.0936353762834	89.92770964830511	107.25324247723016	81.56044404465908	59.755146131704265	36.39247929794425	133.49631564230748	303.67540783631017	358.31442611812133	247.7574748678743	72.96455395034793	85.14719021814044	94.77297690977655	57.9747580218584	92.1474835118594	52.41370961051314	57.78496664863148	97.61646982853446	45.61965565768667	702.2277029371213	185.18637806996531	114.65282337489542	159.31188202005927	377.42162278280085	48.8522822475405	225.1445878402094	87.50556050588648	60.11675102507594	65.26939505902905	87.21141975370897	52.70836642226425	110.79790831071946	63.182058042615566	57.19031182801793	180.43741404611512	183.64376049078544	85.25768947454849	43.02314445218791	172.77684961511954	117.36487363961062	157.85645516380762
2026-08-24	96.81726388824782	91.05416072711381	71.8254854898839	47.434053910650846	21.851584235226245	31.25586934857563	59.10629047444231	74.65002472129953	93.93066073418156	25.527640212817417	96.77419919145639	200.86792828775293	91.02386388187745	56.04807636839446	78.86873731415938	86.51239346842388	17.553400478046083	93.06515593870188	62.29445045401822	92.32894612143998	100.60442190821797	80.83913228576972	65.57887446059156	146.5213290514062	34.46382555003514	53.71452094350856	49.472459523689935	84.94838274017081	236.5810033134112	298.14289645022205	284.0990142522225	58.1188301822167	133.61480125577359	106.4816906452843	138.16220500838148	116.59236852006603	57.254197518879714	82.17874016931475	69.43756584922357	105.20944215161768	55.21309479965896	114.24123747665276	116.14388057674653	50.37932728301849	18.494182951611112	709.6171679587709	292.18125995728593	27.864039794519016	79.10974234251235	201.02539188780707	34.80373270111922	35.19785404485818	25.85777909038771	86.42145300498912	100.01640656899968	81.51956206374635	61.87703075594237	147.34301224528465	762.8362158815011	89.78345779046114	107.25162123861509	81.73768814781782	59.89106183538338	36.40705698600826	132.85316117808733	302.84385321014724	356.4242113500763	247.55776117661293	72.92215353157044	85.079279007996	94.71552898223203	57.972087796939945	92.2637174944551	52.51620386531516	57.78124293735285	97.93217442842739	45.70982744737361	701.1288661169981	186.0976903777561	114.29141184003561	158.98223495534214	376.7712056785098	48.84433303356029	225.40022818524142	87.17428904200574	59.98631778853895	65.29951915427039	87.12707599623926	53.021461500927046	111.37447142830895	62.959574553534345	57.60249539154803	179.47880834141694	181.7419470788888	86.06815290377816	42.963837011860555	173.4054002103918	117.70244872166077	156.27321354381786
2026-08-25	97.07156147903602	91.06607419900612	71.99197019245172	47.55295110388499	21.90124263336019	31.132934788728733	59.74857217813913	75.19501129253453	94.21492219448336	25.581422264001482	97.56209883278873	201.06896628010693	91.68693117799927	56.23878847411422	79.00053076645469	87.13619780232717	17.60170004828818	93.44757888487828	62.66951831782942	92.59195185100319	101.00721278516367	81.36456583770908	65.71943753547157	146.34636551447264	34.8369123172539	53.9222610058119	49.85122953296313	85.3141915226733	235.3048601772134	298.2967137280407	284.34374235560347	57.58941577775386	134.27239696577743	106.98084700110894	138.24610341971808	117.32118578591192	57.334349354532634	82.36936886395425	69.44878246684812	105.58277130774243	55.16654686577186	114.1556185857385	117.31693922025804	49.430714361724085	18.332091513952527	709.7986657664949	292.2663807110648	27.927026458538805	79.11487254454718	200.83269563872776	34.8179449180645	35.24093675753652	25.90613773702735	86.88572573955511	100.02479721760531	81.55605712440247	62.098515225383295	147.25647468953684	763.4244861145787	89.8459716015294	107.44581031413176	82.27775673260032	60.10434439425419	36.45881184871702	129.50158135198313	302.4829312437455	356.1485070422257	247.3633150975838	73.26505473209382	85.47931006674214	95.3281815138211	58.079997984773684	92.61111442349707	52.82037877286754	57.81416730607877	98.16438280747542	45.79491425774442	701.6716413104522	187.39181699063585	115.02570698813304	159.65084648157733	376.9846323802705	48.86488502263952	225.5728405330504	87.24341740918646	60.255463200299744	65.4729788764516	87.54407922736767	53.178009040258445	112.09134185429119	62.32643453934041	57.85342703232187	178.70031115313034	181.6350574017491	86.01142096482853	42.97885339667735	174.01354452658262	117.69661849535187	155.79107149358862
2026-08-26	97.12423593971332	91.07699767079212	72.03053099466337	47.54772341571203	21.871294687041424	31.106467356217394	60.00066128743382	75.65250595144305	94.32237732648973	25.568738666485604	97.90104834827913	201.53948039347142	91.29346635193909	56.1255149188198	79.05652835319805	86.7531002744546	17.64085017673198	93.39378761138445	62.73275224668326	92.62912106710316	100.98360593481817	81.60728215591509	65.95971724185688	146.29375770840818	34.93345554827539	53.86613118955145	49.800614766481566	85.30709728721556	235.70558408030593	298.2240099401922	284.24628829205955	57.33470880440427	134.55119939841606	106.64542227985135	138.4930544564411	117.35559258778018	57.38429961623116	82.44968382162557	69.41939092824828	105.72977066363684	55.13327266994648	114.00780959804503	117.39347022048058	49.147100802688215	18.256045909564154	710.2140911840287	292.4287988760402	27.879199836630242	78.5924361196857	200.19134934524277	34.795288758470726	35.25748467515498	25.915394918318363	86.98786103872287	100.03396309244523	81.5593930031192	61.84425768898559	147.26811466410436	763.8034295807269	89.88720012571588	107.47790622518112	82.46345569784313	60.18610240342592	36.489629313030385	128.4257899130521	302.77605729667744	356.0456280328316	247.6792848070927	73.26692296541214	85.51969958903513	95.66781771613907	58.08926008552649	92.54041667830127	52.92287134749334	57.81075301033919	97.96323769890373	45.727457052578266	702.0327811044449	187.5098428214898	115.10785471476964	159.89532375348398	377.13124746454935	48.865351523160584	225.67905942668145	87.2829788461948	60.40001706157565	65.52505984227854	87.60285016055883	53.30107498521711	112.16571182070028	62.19377108741923	57.95398097221562	179.278462156155	182.1309671164019	85.85887515526582	43.085631456029105	173.44595073008819	117.2995726754103	156.0641377365404
2026-08-27	97.13568059192697	91.08245940668513	72.02995208180434	47.505307020356014	21.846360539321495	31.163233334785943	60.03299208170519	76.28125480677622	94.28693252921167	25.532714708303835	98.5005234112001	201.3247405019115	91.2317322604422	56.039072004087636	79.06967653011465	86.68655151051831	17.735425050219018	93.32189380569223	62.664929590138506	92.6030203113836	100.87680128894229	82.01364016243019	65.77985785798899	146.27243580000487	34.94172815560742	53.79306620512729	49.665306772889224	85.40354864360778	234.84716917638343	298.6265008197055	286.70053672415474	57.1573541733203	134.26559756297758	105.90771022439833	140.57652905927523	116.85779659906586	57.25620811194859	82.20484145304911	68.94969714259094	105.77848625344927	55.01663709791269	114.57390449384673	117.28173419471295	49.24714392246227	18.338022992929048	715.2867330920144	294.5179120112623	27.766051219889828	78.92121805984286	198.86067406226982	34.67483172664747	35.54047787224546	25.91007668584375	87.2039296038341	100.0435165804023	81.55609039194046	62.30712907337463	147.81305818654437	766.4966854934885	90.19703710509427	107.45895433329369	82.47196603861883	60.24688840569245	36.49515607192046	129.217892209944	303.0821662215809	357.34297392852517	247.478840706769	73.25289202469826	85.56483484090428	96.12202912784493	58.074028007240784	92.2955913347561	52.91956555655917	57.804075311932294	97.38679310482296	45.628727915937574	704.4825160405037	186.6954502803738	115.43892567891803	160.67133283621465	378.40153071469655	48.855773372053925	225.0453402602157	88.04701081591966	60.64695944326341	65.53130204638342	87.68713675020129	53.14361572442008	111.60487052827006	62.05785356128774	57.81492879482363	178.79960095112438	185.26055954697048	85.19149202099229	42.975225014513576	172.1858965076222	116.46245418438484	156.37537636338737
2026-08-28	96.97258349054357	91.09513900510038	71.91546966272834	47.434347540939726	21.77911536640147	31.286616591099026	59.93571410420709	76.40062572492131	94.15032127559216	25.41576283358307	98.3252624685395	200.4973693354284	89.71586460434219	55.866700156096556	79.01188904630732	85.25327560267127	17.607712296227675	93.10594659767034	62.442082028345624	92.40129882146329	100.68339957635591	81.9168199286272	65.36992847123082	145.66393549033447	34.795864840743164	53.556532949975754	49.61265407309012	85.43677493215546	233.6987997371175	296.80304227996993	286.8335447292649	57.1286763237207	134.4078003073677	105.33885343373237	140.58826758139543	117.23389860470871	57.16253932819109	81.87242118428823	68.81484872388336	105.61444759449807	55.12331832007451	114.78195117880813	116.68586526630179	49.27391108781805	18.364011191288743	715.4854991143666	294.6034689450843	27.60537000844345	78.17060811439408	199.405335505256	34.649326492596195	35.642013609584644	25.852703366725585	87.08696541226861	100.06320497599216	81.47988464299172	61.16356476556915	147.17700638819406	766.9704801979161	90.2621957681233	107.19947838734997	82.35219777150668	60.28972304195756	36.46333540595535	129.4589445790931	301.4753940238764	354.43482314590324	246.60698932311107	73.06632256874562	85.39784634501268	96.0547966073795	57.95717048250223	92.02355479213391	52.83360212947588	57.75103858675228	96.89533136686461	45.44436311873539	704.9543012331425	187.4561235776869	115.37446161875589	160.51536154750187	378.4032647469967	48.78231211632482	224.6488526862602	88.2492057863778	60.66064173945397	65.44037560204913	87.5246482396026	53.040000916409255	112.1118529887444	62.183742454472	57.855014217358104	177.7323963007575	185.3670580327626	85.04158875341606	42.69666363945893	171.34667139834235	116.70743482534672	154.6441624858929
2026-08-31	96.85131631192218	91.10644935484511	71.8234765611005	47.37399216036244	21.755452954502005	31.333307875932814	59.64539306284573	76.36031270987277	94.02256359189764	25.37707563828812	98.28263016615452	199.1486861935931	88.91293260734687	55.88482903617816	79.0176480143646	84.48163734357196	17.45385576664411	92.86797192554415	62.176527311780234	92.24582305575117	100.47170085629318	81.8234116427804	65.25496393043963	144.8315939048352	34.847933183311035	53.408265635754475	49.65632741801478	85.51338563502304	230.89220077187906	294.9836744602975	286.88506460096056	57.65433831444824	134.30890351061743	104.78942564875095	140.85913623210396	116.90194914976647	56.972512645052575	81.3912124231988	68.58242359900223	105.46301984827443	54.921659770388814	114.61597406352516	116.06793110727199	49.90122823372836	18.507005404909506	715.7497075649958	294.7361521971515	27.435795050608444	77.84530237873025	198.9326711095616	34.63161286177662	35.6328430474681	25.814067976697753	86.94348423201322	100.0730491737871	81.44178176851734	60.64678291684219	147.01372749829625	766.0602217884111	90.15016374099525	107.0097390410871	82.11372095606583	60.263361276838154	36.472127145116346	131.57947076366764	299.87433946799285	352.1814466071313	245.4143726522782	72.90320980732203	85.2245617528286	95.90682716721514	57.88384341996205	91.72793340192632	52.69143447233071	57.72949268204802	96.25304364363738	45.092182398601096	704.0182272767274	186.81332027273015	115.41222928349904	160.15790355207125	377.80066191451397	48.755390982478815	224.23162238805196	88.20045433361858	60.53274015073285	65.36026348461832	87.34358480095364	52.744316101515174	111.60285871483119	62.882904018373694	57.680743879308935	176.19648989842563	185.82483303249458	84.73317383227445	42.30920828457322	170.61823621186647	116.52060660334719	153.36425653591522
2026-09-01	96.63971607832437	91.11708270964911	71.67932784964205	47.264508821270084	21.680749815568873	31.461654014260354	59.36212905705763	76.1251560497606	93.82633764311679	25.332870704886247	98.15131340461046	196.91934431749968	87.25146447261875	56.01807713100412	78.88363708701628	82.91581790884652	17.346927768881137	92.28898550500841	61.73548808215965	92.01461608720176	99.9058485970919	81.62670597397809	65.02248242298349	143.61830397146056	34.95396727830102	53.1941325889954	49.618164624534735	85.27169220715996	228.04557243183797	292.39837714714093	285.1972014899334	58.41716930981201	133.70445480706653	104.77971114590868	140.10956842122778	116.46097289641644	56.81339140858586	81.24560544865994	68.506211952089	105.1154782774087	54.66582980890046	113.70298748952625	114.89896723210279	50.972216747479415	18.778502320985027	711.326544456326	292.91447807611485	27.316305270665552	77.01765241006825	197.15633799618706	34.58307365806116	35.433456435843425	25.78826434265796	86.49674364188552	100.09142952463769	81.39481056199304	59.283390542893756	146.1583453775661	762.9766440973306	89.7799959635152	106.90986829984043	81.8276582075251	60.28203502379505	36.41838512102009	136.28973538183382	297.4535729322386	348.25226810337034	243.99666081344378	72.41765409799694	84.83861830927563	96.10132465538491	57.78040170570856	91.11128878348269	52.518269344930005	57.692800769124595	95.86250280936753	44.76609051265504	701.251118032895	185.992826518201	114.7611149469253	159.19563573599658	376.013123926007	48.75173990957437	223.58005985125254	87.74151592413351	60.54863669218771	65.22619421179158	86.94860209285963	52.28789329550857	111.05931052196638	63.63508985708724	57.339509818072436	174.23175172411516	184.62539106458712	84.71308349816847	42.279276078321764	170.816869570777	115.42938975797242	152.01050503797714
2026-09-02	96.56879373862508	91.12738901107456	71.62718528712571	47.1997917183743	21.678326567940687	31.480827007130177	59.259956282679205	76.21257955075922	93.75808230422442	25.350545993922616	98.41065578677788	195.65467185357406	87.0707319311336	56.362876532421005	78.82160980327376	82.73291048030217	17.358464304057268	92.29949153180108	61.83814771234447	91.93887618935284	99.89292292525494	81.77835313957694	64.90124060114019	143.70415625819123	35.58698424950207	53.3420671337311	49.79408292261893	85.4558457984042	225.57846553720805	292.82124362728143	285.2075942752401	58.80858503637573	134.2222301501153	105.23985404707543	139.91978207438342	116.90048461715352	56.82825408441988	81.06280135103896	68.53310475534138	105.00642764578443	54.602915362213906	113.14649191370845	114.96448300569983	51.50293500337838	18.919250893463705	709.9141267203505	292.3133181396199	27.20698457503004	76.6538266627978	196.47316564115994	34.658010980641905	35.358737953029134	25.775362525638062	86.37337182094276	100.1056016946919	81.39625400536175	59.17669511885899	146.13000734454477	763.1206462674153	89.80434658405252	106.88493445509599	81.72446371679966	60.414796427302804	36.386545465783485	138.71986463915908	297.1305798010802	346.9370929139899	244.21872835594064	72.41428282902777	84.88508369077063	96.29801111309285	57.75359845112088	90.92266785975892	52.461563490214026	57.694392327921676	95.40946566859978	44.73304563779725	701.4285070144944	186.98503020245988	115.00555747346266	159.0089506804983	375.97219917003474	48.745010579787184	223.97593538216924	87.62693014224254	60.601499208520615	65.1691044911497	86.97570866972083	52.497666359057995	111.55500773901053	64.17521094416861	57.39807979917293	173.27431549828805	184.0056963257506	84.84212219342018	42.3189078298103	171.55374423363068	115.01848592512879	151.66806379828546
2026-09-03	96.58813832439066	91.14250996574236	71.6509339521566	47.24225082439711	21.786892394688117	31.44541342727114	59.272989234479255	76.31628885985226	93.8732161093876	25.41904931837244	98.83032789338894	196.40733775784173	87.7953642871	56.5601118196773	78.84037414602165	83.41645447721163	17.494231732411933	92.86474591848844	62.441366946992545	91.95083381611197	100.42145993674856	82.03417702755215	64.95562136868533	143.99120013837296	35.96849136181159	53.69603318539582	49.85704054578212	86.2279228992021	225.64840177495168	293.62114732633603	286.98133009660444	58.85929244189392	135.61111507505765	105.64492854941662	140.5648943941253	117.76024368186778	56.95495765439256	81.24139975999213	68.57155268284647	105.02657884364416	54.486457147049336	113.22324748273313	115.45723997697101	51.61539343552708	19.004625523025798	713.4185196590033	293.75590223387246	27.251474884866095	76.34191272104734	197.00657946364637	34.730204831141265	35.581113819043864	25.78387858184979	86.92668758893818	100.11767740374243	81.43187257763205	59.86334717795977	146.6499722391669	767.1877340223796	90.28526426492665	106.942467227548	81.73262751880023	60.54338721206449	36.390500210919086	140.40493048852485	298.05091612124323	348.0129647919559	245.0316969416422	72.83655120455295	85.31736255461382	96.75930371328471	57.765114426366104	91.21738785444	52.473047446400955	57.71512180788174	95.61916535993466	44.961522132253116	705.1628313881065	188.55916549185494	115.97277995743445	159.68417046964368	377.9716342529861	48.7661706036143	224.9751655670612	88.20899577180487	60.737721268689015	65.22512383981314	87.3935283155733	52.438309192712595	112.28128041979824	64.20668887662532	57.87577863860014	173.68320877453465	184.87946559451592	84.77252441458118	42.51740984752234	172.07658525158098	115.61127467032807	152.08584769504117
2026-09-04	96.62272440511525	91.16502787105478	71.67277227392987	47.288418960782536	21.836185684038394	31.44270698066438	59.37321947075525	76.79314275145933	93.94073937183248	25.453300980597355	99.97516531998548	196.89367132032712	87.7626838220168	56.48487082072732	78.82486923243465	83.40322693343003	17.632116095087802	93.1373747902989	62.77280749693377	91.94186283090755	100.75073088390162	82.84208927671553	65.01781159987002	144.40374978842476	36.0192455283179	53.97801575346451	49.88352019659712	86.68396114442527	225.49858595827664	294.43003472273836	288.01808509224753	58.63464614465302	135.90555601164994	105.27246503764776	141.7424462815353	118.0301233668128	56.91394695158593	81.44570064293552	68.44577618883534	105.02670189740802	54.69822849723072	112.47662541983337	115.37362044624918	51.85796870567858	19.007312875953815	715.815064272861	294.7569031433034	27.209271683155706	76.00095819157835	196.71328881629586	34.627406721600906	35.537459375342245	25.783147939606536	87.2483436418812	100.14365468087513	81.43971024511485	59.84167343639199	148.06306900532564	767.7349802924398	90.35617507069574	106.95623422412555	81.80642682702707	60.7296174951924	36.38750894029841	141.18246860119604	298.5908572305435	348.5708897446108	245.53276283849686	73.20728851121203	85.76296747115457	97.33798391840993	57.75093871342719	91.36474785178055	52.518626308039345	57.72548654786176	95.40676209280912	45.1157612950084	705.6784921100689	188.57263541926733	117.19638906318988	160.3611434623609	378.37287156985246	48.77675061552785	225.19607124788607	88.28524205704501	61.03040352680056	65.27800152561946	87.82204263068704	52.31904244425669	111.97163386224287	63.94408082747282	57.88543913924636	174.24170509527514	185.97058606874234	84.39994934107966	42.641479276788516	171.4364630969819	115.1343765014238	153.05346767076276
2026-09-08	96.59019368449123	91.18127263303715	71.65379946704306	47.281576728926424	21.90075027457535	31.301353414038246	59.42826699245771	76.68657229125701	93.91976772668772	25.46048380328696	100.91258189705329	196.95683779639404	86.9963435894752	56.68568415914296	78.79720787061186	82.67661194083611	17.971057780515093	93.01368708997367	62.893779465629976	91.89253557194792	100.62036437383557	83.27104311247885	65.13390579993501	144.06698719889988	36.269622993040784	54.074006961204915	49.486760174592504	86.66198026703685	224.3848825787477	294.1662197539473	288.0768373459284	58.952323301208345	135.23277678512184	103.59123434987856	142.54122130971297	118.22006351446109	56.71950284896191	81.7728495585283	68.19788656853876	105.02676342428995	54.32411463008509	111.1833124047409	115.30680915500935	52.52396077801019	19.15365605650718	716.7136539626024	295.1025726654017	27.16834128591379	76.36548077425597	195.32164074603855	34.382552924399086	35.37577581499046	25.79774958320659	87.03917273646795	100.16162912876764	81.428675465575	59.60583618413838	149.1440070368425	765.8988316989543	90.14230186029904	107.00311863794168	81.83834448651157	60.69880838138526	36.38104466179959	143.60623369024646	297.73912368363114	348.0805345939851	244.55367389971718	73.23803985497125	85.81117505027456	97.63229838620691	57.718935161767305	91.16411297007973	52.53145556429799	57.720703021245335	95.25595138942214	45.032881028973925	703.9713871683157	188.31485927457507	117.74319498935861	160.22551649436406	377.5111580749653	48.79185202285181	224.4007165931813	88.1585359455147	61.071945385226456	65.24972616564176	87.87159641910328	52.010553479208426	111.56264874874839	64.1656782616368	57.49167930167884	174.09709461306727	186.81079352265243	83.93548645032499	42.88716305453195	168.96463810366674	114.43693541257713	154.20116468254935
2026-09-09	96.46431681294874	91.18939501402835	71.56459733483989	47.19835023885286	21.91307312007576	31.31567666887215	59.21904110426108	77.2182861456285	93.81474607647863	25.454130298860278	101.26129125370242	195.77842194995483	87.01317118438604	56.95001599924922	78.71368648535476	82.68330719112117	17.990529004698466	92.42184446051418	62.75538811538335	91.73831719393294	100.02018127139044	83.26052155623942	64.9519512215007	143.12639673665697	36.21481142022645	53.91200348060246	49.07837917176891	86.23099165939733	221.79039508576057	292.02456190334084	287.6166199669095	59.416162184661786	134.25638778220934	102.49561793787873	142.7956121807354	118.2200323675821	56.458283147503415	81.6414258473794	67.63894419979673	104.94215368480123	53.83205739133649	110.07165574460677	114.97840534044413	53.052860592252166	19.376828218988454	716.1390230262231	294.8808151412946	27.014023128613633	76.35273855607329	193.2108234247771	34.10139075052962	35.17505526589367	25.775116475563255	86.55458621564608	100.1755983473428	81.40820064782656	60.162918702420754	149.59961429722983	763.2051836717428	89.82592693112608	106.90156084484974	81.62025256552141	60.61290440431568	36.343028205533585	146.78811745547478	295.4836212900577	345.3026116573441	242.69511850503437	72.9391912836868	85.50106176830134	97.54577489500775	57.64313037690416	90.57501073919025	52.40840318192927	57.70335764465587	94.68980430799232	44.80144036189907	701.5219179493922	188.02626508650627	117.74159642656407	159.71852454356875	376.06287579041236	48.78959132514661	223.64469423409065	87.87539910679055	60.91305742466889	65.14604991143416	87.56198076570399	51.58257013560031	111.01429175108318	64.54488289302543	57.175223882406804	172.7133117108305	187.23089724960747	83.22142822272109	42.75686544755406	167.45476930818103	113.32489394530224	153.85155890377467
2026-09-10	96.08749364207007	91.19844201385011	71.29080925701956	47.027052545573895	21.819438247659953	31.617838372583048	58.63599645850261	76.47414475128105	93.38409575552447	25.386314455155237	100.24064623720278	194.0892079232196	86.26158666030825	56.60531233617246	78.49272275927893	81.97665191709379	17.905264349761342	91.72592161990553	62.33318035529909	91.30244335648796	99.26509170381046	82.42026169364706	64.50597439004723	142.02837781168785	36.21740632046479	53.59600112994967	48.59418989106024	85.64549460899553	219.92880502579044	289.48756171338914	285.94768376275164	59.513081397506674	133.57819083934686	101.69280866376359	141.82780639554346	118.31501801484575	56.188520769918696	81.34071338145337	67.34947087919524	104.42689120397287	53.31602831419852	109.14582848265495	113.23920267022206	53.900240110579205	19.7134137280245	712.045677284596	293.18659287338164	26.837713392309745	74.3863683625093	191.44041079686122	33.911207155049965	34.99977242969976	25.70892359422694	85.95229234488359	100.18756876595656	81.29327268719453	58.83145935121038	148.4446740919743	759.5790017479808	89.3984638012564	106.61578133795221	81.03810785014352	60.33395235474573	36.23457295591621	152.58406116914364	292.90514072315386	341.49081388531266	240.94941166950937	72.34087631200941	84.80227725255887	96.76567385497458	57.44576219467767	89.88643954317911	52.038144004294715	57.62490842132696	94.00025570013874	44.41571957059797	698.1925995996961	188.25628134696407	116.7757969925789	158.42198352422577	374.18164541473743	48.74431539218756	222.49027772007267	87.49906658830739	60.369498301567845	64.8654024276409	86.84318902176801	51.055019885305036	111.07400988921347	64.54560810300686	56.92233064542704	171.4030807211379	186.11750093193263	82.88426605227852	42.48325106789324	166.2415905867077	112.51942252807103	152.2142239709303
2026-09-11	95.86420427953112	91.21792294173952	71.12900524496486	46.95138103963265	21.772620811452047	31.803919071850608	58.42832308887044	76.43207207046474	93.13393859431497	25.342462571205548	100.4153212875467	194.60960640301604	86.13079333015412	56.427991861445605	78.37228453637775	81.84332550078322	17.912632213027642	91.80295943666175	62.4353108044806	90.99980108498227	99.38254585190523	82.49513069423564	64.27798872090253	141.85301794637127	36.09370377058396	53.66800140420823	48.58209479294223	85.98274715190988	219.34260685859834	288.81252170142113	286.1873275991493	59.591539783226	133.90409328344296	101.22640539999702	142.28390594435376	119.10250870224709	56.24745862714685	81.13535684331458	67.33473528700972	104.14934724383214	53.13801369933559	108.84291469909115	112.64460286098993	54.12802799901519	19.75170732177592	713.0907707712042	293.633137134933	26.79417617705087	72.47318296055153	191.68520173632123	33.880598999888264	35.06197804224246	25.6209489186955	86.0211443413871	100.2035217792185	81.21088728964219	58.475729141547575	148.25657013924888	760.987895649381	89.55923251097977	106.22788883792143	80.79185818532567	60.19997712341779	36.18531588164463	153.742027532814	292.7475837893113	340.9387052825001	240.99753298319217	72.42577110278205	84.89185746783217	96.78928910644237	57.29724671318356	89.84140931626729	51.86297459003798	57.56574629440371	93.9925556759971	44.24786070082633	699.4753586377387	189.3994190548297	117.43789773335	158.34265222353866	374.7721734153765	48.65300333818362	222.71436188249726	87.71549475045252	60.30232956460228	64.70518122480678	86.91301907143088	50.88581110537224	111.65206384353252	64.65035226927687	56.98521317427602	171.655527482151	186.78437455043897	82.85973937989903	42.28191827381478	165.485571904682	112.61558818664294	152.06442552306282
2026-09-14	95.70771783190423	91.22766340568421	71.02319326579297	46.88361707926457	21.699312992090768	31.88695919260255	58.418198257081706	75.74103756111128	92.94915237210866	25.22109223988744	98.78766247482804	193.25980503256272	85.43039834354386	56.00154971795425	78.27721816540567	81.19166320815529	17.736315839485012	91.5064792605672	62.023983222064516	90.80861636280363	99.03127307854051	81.44756611005727	63.83399405527548	141.30200488383016	35.82185150382225	53.289000625810175	48.506047549059005	85.92137388113072	217.9308096548851	287.98626268176525	285.06815110426214	59.44576951014327	133.91204572619415	101.74820102153171	140.7569508359464	120.34125526665089	56.20734938498455	80.3526782690694	67.81236810126853	104.0006189038985	53.2290066970799	109.38145643401823	111.50730280378599	54.35659555773513	19.765854004210716	710.7662716160709	292.672647669029	26.693087615502975	70.70159163286365	191.5675993422817	33.97442578168241	35.138035148440565	25.576961580929783	85.77557156034199	100.21648409517566	81.15473334819023	57.65786464706773	146.10587753788616	759.9915674535968	89.439616102902	106.02394426637282	80.69861006190112	60.07948837860343	36.13584222121782	155.2010155974617	292.1303684327416	339.57860557093755	240.8025537230414	71.98441570275821	84.39291588601569	95.9210651464829	57.19308746791991	89.42487793694224	51.79530641733344	57.52619742698701	93.7557268431255	44.11893118964656	698.4909141821506	192.18694555036407	116.48894932443866	157.27990002534355	374.2544796520242	48.59263211647951	222.2888902307994	87.66886264011885	59.89945007588024	64.54548459433698	86.39892668049083	50.572261936963464	113.17203259315298	64.39952458434547	56.907042927470044	170.56501502281378	185.42478767805153	83.36407760620928	41.89833103937321	166.29800750995818	112.6087927810656	149.6834044729572
2026-09-15	95.6095428148779	91.23751944698273	70.96032328694922	46.819806891683065	21.607770357129368	32.06348043553467	58.265169456299645	75.01051817020408	92.74232215773401	25.135545738473994	97.87383077965035	192.08990160075402	85.21519917177193	56.03173112728767	78.15501609564228	80.98583099372608	17.588158186771317	91.17323779922891	61.6293851046846	90.65821443140182	98.66563806514915	80.77378229208918	63.476996493580124	140.67600396779397	35.665924912677724	53.07949977884747	48.04802385082345	85.56068541468645	215.96540482744257	286.5631386651014	283.88907127967013	60.012885670598976	133.5510240838002	101.95410234182054	139.7634775542037	120.78562931179223	56.0282657569454	79.7913408130015	67.72618374545848	103.91629837406839	53.06950327224601	109.25072959030012	110.84865262259612	54.982136508725965	19.93292719284022	707.2864256029573	291.2284136782645	26.606544036633323	69.50079734231073	190.16379692455882	34.01637815878554	35.05618493261872	25.544989617674364	85.42778669569833	100.22296525315423	81.11170276418301	57.5939317131823	144.78093559511495	757.7527417346109	89.17980713592365	105.90697259095009	80.54242789472009	59.72674446395992	36.07632107398781	158.53050810390664	291.0839372681286	337.5897330833203	240.30182770380586	71.66897329327364	83.98880871205081	95.208529857177	57.12107605207519	89.08194580440862	51.696738825732155	57.50143909130112	93.5232987548147	43.854465671117225	696.4526714465441	192.82208758231093	115.79947496739511	156.38919470261317	373.0779539373402	48.56735220631104	221.98158805973566	87.32087388597739	59.50338066232977	64.3959989805181	85.96719405313604	50.534935060888955	113.41372549457454	64.96997637298328	56.77827427135221	169.4812150919733	184.47531040396717	83.27350379944252	41.458362754794024	166.6594026197252	111.62255740127499	147.8939025538614
2026-09-16	95.5405273278491	91.24244746763199	70.90896031901173	46.837780871989	21.517090516089098	32.09173968370972	58.38594547644084	74.61025862733837	92.67373523658185	25.038078312047055	97.50691508464939	191.66495354695905	84.8725989755344	55.48054146696415	78.11382778048716	80.65291534427516	17.454078940797768	90.84661722114765	61.38236528183449	90.53816788464621	98.31781964292614	80.44189145122037	63.23349908602346	140.06800534083058	35.3479618459873	52.884749202778224	47.754011467648056	85.27034438581002	215.61770454995175	285.2415760464179	283.31453075702257	59.44144230124187	132.56051570400948	102.00205269678918	139.5467396926292	120.51281358778088	55.809512517144576	79.64567040650076	67.52309172014135	103.95877098268849	52.68975232276851	108.77036525291373	110.12932814235275	54.860100160490916	19.866463214950386	705.6364073815568	290.56125884108536	26.483272323492443	68.55539897633115	188.84190059850988	33.79429328166328	34.98529156298905	25.47911502520681	85.29389517890385	100.23618126549313	81.05529062159346	57.321965475121424	144.1034881222645	754.9674658380086	88.85490295761026	105.64848599029926	80.54899257284833	59.262872125168435	36.06643507312672	157.35025313642598	289.6085274719549	336.2206325328711	239.04585708920763	71.37658564566026	83.64707998468751	94.9417550103756	57.050184937658685	88.74589080991916	51.687290006127796	57.46912240819939	93.09975362545423	43.627233598498066	693.9573537896783	192.4858576339289	115.36973870440067	155.99375354027143	371.70168143644355	48.49094386438599	220.80268367830533	87.14687950890666	59.28538364476351	64.37099601125514	85.611583934527	50.33212092705092	113.02126246652554	64.31081483138911	56.25551401250716	168.86950616659212	184.09545091731562	83.02952075958454	41.238378612504434	166.8948868567376	110.78021180610625	146.94923246589553
2026-09-17	95.76510237852416	91.25488309660896	71.06263827107813	46.91659780293786	21.526639320849725	32.055870070736695	58.900103170349325	75.01013114472387	92.93797998401358	25.068900110308196	98.3684592207915	192.09247890971	85.4112979618883	55.61227047408266	78.24257139146428	81.1714588928407	17.59203924151705	91.11830830539805	61.61683800590748	90.73725029364147	98.62390997405096	80.97094572561019	63.416748780072275	139.7840026704153	35.398981304463376	53.037373914743604	47.88200489459063	85.58517295584446	214.74885471638214	285.33578436109957	285.5772635474566	59.32072153209066	132.4202572416532	102.43102665357037	141.03337198254508	120.39140511542365	55.84922571047659	80.01283382995936	67.42154570748278	104.33348476502589	52.67987524585691	108.52018094799007	110.52466315564902	54.77519053739878	19.78823114971152	710.9050567181221	292.725041651988	26.486636047305304	68.82769872522613	189.04595029925494	33.708052097374605	35.174616377808	25.481100328765514	85.5419480472156	100.2477712662915	81.08691044751548	58.14598334791228	145.2024169737299	757.8392321865824	89.20245300468403	105.67924253738596	81.00047132304526	59.33243627620726	36.12112342035242	156.33012534750986	289.8329960357821	337.369456281084	238.79123909147881	71.67429288386529	83.98004176236329	95.51437649810772	57.12935768184204	88.94694671721544	51.956441786511164	57.47788548388485	93.05155909422126	43.70361618889747	696.5947047268704	192.2029507896207	116.11486965737612	156.67937951671774	373.048411519003	48.4772662894928	220.78060667069565	87.7441970481545	59.54069063219621	64.55746150660414	85.97779285227327	50.40491010341804	112.50109830479597	64.2049069274133	55.96922200259147	168.71324124247576	185.96812035611873	82.98700464248759	41.31203560446999	167.53064197573207	110.9627072214125	147.00102156742042
2026-09-18	95.69304465850036	91.2710725297498	71.00495576273633	46.92607806101483	21.48151557564703	32.14293480648651	58.86124543283091	75.30506480942248	92.93078198419428	25.05944967368437	98.80422854228051	192.08124311696437	86.00064714988946	55.35613447410188	78.21236159294894	81.70073112488714	17.576019353729716	90.85915338975957	61.49542118496058	90.61256740756292	98.30695391891024	81.31547469385978	63.2933734745088	139.34199828344984	35.21949110999536	53.0186869573718	47.951002676177154	85.42258754603746	214.29442552713638	284.71789523230757	287.5836299426736	59.120359850517985	131.9351270949477	102.46051225866995	142.33668568609676	119.45070362582706	55.87405476502833	79.62141859344648	67.01577315891717	104.2918263058528	52.87493747034057	108.04509032140714	110.17233142523662	54.93819532057927	19.724115498561815	715.8020461813267	294.6610285164237	26.353317680329898	68.94384814190994	188.6979782013853	33.56076356699785	35.284262916076855	25.432204369705023	85.34097371843202	100.26851987997192	81.0428944632597	59.03799182654403	147.08471373588839	759.7646173139943	89.42122619716623	105.47461959022618	80.96227560903239	59.30921778715148	36.12362056332562	155.0750663358643	289.29711325226606	337.71405553312013	237.74794498519253	71.52714506864163	83.92002118635742	95.91718809646596	57.059311561868284	88.57847290084405	51.90677542816769	57.447377800536174	92.5813367980872	43.50680878109424	698.2874341505446	190.7688490520369	116.00243452351228	157.03968670660106	373.7666526589156	48.42628001059113	220.50578948036735	88.20269544790537	59.7753444768647	64.56613767468879	85.92889505284562	50.082955845166055	111.47354491045462	64.06745170894591	55.81611010102718	169.00411970571054	187.67355907942655	82.62300366401723	41.05601742076527	167.63932153718244	110.87435135240547	147.26650962404224
2026-09-21	95.78157329360565	91.28913886497256	71.07576203053809	47.01062356419882	21.48889335453494	32.10146808988876	59.172279973495534	75.97753316765069	93.1262071847241	25.109418631092673	100.44711244008556	192.9956233895369	85.98032311718106	54.848067313344885	78.2719255779686	81.68536464691623	17.688009295395133	91.15457516900088	61.78771150800763	90.72462247941623	98.683475738752	82.53773841504513	63.31168765278174	139.29100188830694	35.35474639423108	53.28434309721617	48.22550133808858	85.71629484113396	215.2172124583924	285.1489409022866	292.2868100885243	58.385180688198446	132.28756324229806	102.82025628192287	145.11833979129057	121.06535196550142	56.09022562470167	79.3857100596627	66.86288612169491	104.46515753769202	53.437468735170285	108.31754332964888	110.0261643393273	54.6876187784537	19.582058016309716	728.6360084422258	299.9655087650478	26.406658382401275	69.60692239248817	189.42398604893484	33.50696144963662	35.75865710806284	25.45764500101462	85.6254886902707	100.2838799961383	81.04581551776266	59.33399644732963	149.6123565627684	766.6323086569971	90.22561248823155	105.57730994770098	81.2170768303951	59.68460958022125	36.154684808640354	151.61753499898686	289.7670106056252	339.5548884843335	237.5449014476744	71.91357406019972	84.50500876212402	97.12359496376033	57.089071598194884	88.90923538230679	52.056224322970564	57.44707757214309	92.79235068053774	43.588403475019774	704.619699741288	193.95468362025673	116.99121894022294	158.029845489531	376.9536540882468	48.42040776652603	220.71179519184383	89.56580618952886	60.45767193325657	64.6649810687897	86.53944828936227	49.896477464819355	113.11177245522731	63.26372539670928	55.85805581345304	169.4920577166248	191.2617825914711	82.27150091648127	40.85800863408869	168.3246580220092	111.55217735466954	147.49325542237267
2026-09-22	95.84576558967392	91.29817203258393	71.11614715906788	47.077836806513474	21.502560538351453	32.000733854209514	59.29327041887667	76.31376734676479	93.18909159895384	25.14932048345405	101.47355622004278	193.86781444135048	86.15516247411787	54.81403304632088	78.2967293905468	81.85768171310656	17.759004609550594	91.51728621120942	62.00885552512198	90.78563200997178	99.07673847972757	83.21886997046201	63.30084428415454	139.49549941827456	35.58237388376105	53.51217238784149	48.25775112680796	86.16314772574276	214.6086062291962	286.17946617868233	295.2734099270747	57.822589504865824	131.48377795903966	103.24012997201612	147.17917264222731	121.34767460945969	56.24303837997779	79.19285502983135	67.06644138238066	104.55182315361164	53.84373436758514	108.61377349587913	110.9630829326031	54.27325465595048	19.47102931333064	738.048015207441	303.87275377217236	26.423329458229446	70.28846180659565	190.0419948555221	33.48998051119526	36.02082902705388	25.460387975971177	86.05774327702011	100.29654586354766	81.0622296582954	60.031997994782984	151.4561798072631	770.0061567699048	90.62280456564898	105.56865375314737	81.31957509732646	59.766804301829374	36.170216931297716	147.84876841502077	290.6201386035939	341.65424477927615	237.6225941564544	72.31178657233619	84.97250560176514	97.62179885517118	57.108933610987094	89.16961784374129	52.12597059044036	57.45689526190162	92.803676560972	43.664202576743286	707.7858325366597	194.59433857526508	118.03561038563882	158.9149242706444	378.6319326349437	48.412565943809895	220.67543952707427	90.29731502103397	60.77883520368883	64.71440276584016	87.0147230765659	50.213238122058115	113.32088561726209	62.521862088003076	55.32902752525679	169.88103099454287	193.76589343196602	82.50075213670743	40.69400370669278	169.10732870582882	111.94108959286211	147.82162465942852
2026-09-23	95.45934748599907	91.3126564203447	70.83740097211206	46.951832679379784	21.379658183604437	32.230366469341085	58.67311111581041	75.88188214750349	92.69809957144957	25.025077760342747	100.95177826260928	193.47890538962054	85.45258123705894	54.59201598910282	78.02539411421871	81.18883917808648	17.58950234292227	90.95364280042892	61.60942730479732	90.33280318760308	98.44836908727589	82.71943559558257	62.83542160801966	138.8177494039615	35.361186636704744	53.221086346508635	48.153875181934254	85.58157386287138	214.26430219907076	284.04973980320835	295.216706794592	57.831294828726854	130.27689264162922	103.00506330754126	147.46458632111364	120.70883715214195	56.23992930046253	78.40142782009146	66.8932213015419	103.9977362228019	53.50686626826523	108.32688720570323	110.38654024559843	54.467434060152975	19.5405149618411	739.6290185900486	304.50638421030493	26.281664423938942	69.52423197141306	188.51099529153058	33.384989645246065	36.01041451352694	25.366970912118887	85.54887209627373	100.30786460657852	80.97073580082738	59.09599892109755	151.6880889881042	768.9080771642493	90.4964036561155	105.18932565587056	80.72841013777456	59.488901418492816	36.02890843818304	148.33938512303774	289.72062228031257	341.0354048603412	236.71059669980923	71.86589237064075	84.47125341123413	97.17090003793714	56.90458162788124	88.58980998998588	51.75252043621139	57.39701147372425	92.1268367546071	43.44210189872321	706.7854943933298	193.77717264456612	117.28280458246785	157.97246152497064	377.9548975918859	48.344876645611	220.13467868687698	90.23849363112245	60.4494170677868	64.3909233067482	86.4673606227556	50.246618450677495	112.94044158792792	62.44593050994392	54.93451422039207	169.99051854902925	194.5529448849283	82.46537622094161	40.22200185334639	168.95366587879332	111.29554555937051	147.45581049865956
2026-09-24	95.03694760774563	91.31491661959618	70.518668442599	46.86887974911372	21.288268308415986	32.500183463552375	57.79088600224114	75.53094122633964	92.21377680598846	24.89831635362108	100.35589019941987	192.4344523896345	84.98628894006268	54.31600845231508	77.78519232688475	80.74442111492215	17.279750828138383	90.53182170539024	61.30971281316526	89.85725089800076	97.96418622210474	82.20971627191238	62.52771141436139	138.2988740916292	35.005594081291825	52.990542334020915	47.856938277612635	84.98578662625991	213.51214835295335	282.85487173265886	295.53834607307726	57.9356478721271	129.5884432690568	103.18253195894641	147.3672952967873	120.93941766054363	56.213523915367986	77.72571543592463	66.65161248182564	103.35228455427205	53.16343298154472	107.73844436579107	109.68826905468399	54.870323246507155	19.670257099450822	740.3644970879931	304.82319942937124	26.185832288263416	68.22711613829442	187.3504988664684	33.24249405968358	36.03520794340898	25.255407758305537	85.12943559037319	100.31352397809394	80.91003144411486	58.357998926491156	151.93404083194272	768.0440349200153	90.39320228582142	104.74466435381419	79.91491383963924	59.169951578997384	35.91353068088351	150.71469073046418	288.8720146313672	340.9358085092722	235.56262714629133	71.45794771119928	84.02062655302917	96.76545032414435	56.71270684482441	88.32990484240506	51.2720007271389	57.352117873702944	91.6484174617762	43.21105072047977	705.9811261029149	194.90858296534947	116.31140046017924	157.0162295417822	377.5415662275836	48.29631680180941	219.50098649920022	90.29899153602021	60.15970799983578	64.04513587822763	86.02867848032312	49.963309377926635	113.46521972584873	62.52296449203251	54.73225649984447	169.41026019004198	194.63147579939775	82.0826865845919	39.79100123184898	169.41183049799042	110.80777262709736	147.05290219757197
2026-09-25	94.91044920670484	91.3359899565266	70.44898189586004	46.847354150679905	21.292472472079087	32.495092571009586	57.19194034609127	75.71047030799403	91.9716154232579	24.859796986014643	100.7529458626494	192.9522268051688	84.93814416485556	54.07300514168489	77.65015689342285	80.70221238851576	17.254875185187355	90.69091008975568	61.57985564364318	89.77393947487928	98.21209265328869	82.3798596618351	62.45385624123831	138.29443368888099	34.877797040645916	53.19027086183468	47.8584694439821	85.33289346571785	213.66107295577353	282.412436476681	296.36917914005426	57.687823249418045	129.899224991462	103.53126460618219	148.16365100532724	120.6597074569808	56.3146248116879	77.53285588690763	66.63580761420383	103.05942779959696	52.89171595671475	107.68922187771975	109.50913544286934	54.71340945650553	19.58512854972541	742.4322485439966	305.68160398714656	26.122915877102898	67.4435599002019	187.33525309534357	33.22624657207812	36.14760313247109	25.234547827517027	85.24471810036238	100.33629308645908	80.93950134827813	58.24899915806979	152.42701950044403	769.6970052529764	90.59660266878961	104.64233263467077	79.4583686324661	59.02997548432291	35.860810445422224	149.52234628075945	288.86151390748046	340.9959041325658	235.5213114369152	71.64897202454495	84.20031190322356	96.94772378878116	56.71145405412607	88.47995104791151	51.02178260539074	57.37951009346769	91.31920766277287	43.15552459730043	707.4740530416918	194.52928843091692	116.86569931456228	157.20311446571532	378.1777655356668	48.311278670680096	219.64699288338917	90.57399909442611	60.15985392362394	63.877218436550336	86.18933847722211	49.88165430749359	113.21260940516069	62.28148270377993	54.78612832621618	169.92012643291162	195.45074003592936	82.07134207159282	39.65049977669109	170.0559137231163	110.68388509284556	147.396453845368
2026-09-28	94.6130309998368	91.35150861962072	70.23976118108432	46.78671227736632	21.239685828629874	32.55254659068058	56.57187082307005	75.51523500140912	91.43258505537895	24.746065370753904	100.2414746097915	192.1561137077602	83.24907086172465	53.73150226566666	77.42334886297118	79.10110619425788	17.03243732556487	90.53545367158682	61.564927440351866	89.4980918687873	98.07104647923224	81.99993120420856	62.23692834950099	137.83221440303424	34.52889867291085	53.13513634644468	47.474234798284996	85.1864471906226	211.46053373130474	281.21621274517645	295.43959445283963	57.67891070918168	129.5246094439732	103.82063260826688	147.74182916477298	119.60485525436931	56.240932477255086	77.19142718051435	66.70790319675035	102.54459121913442	52.715858436121046	107.44460941298097	108.74956665331943	54.94075204575765	19.477564694479405	739.4811389204358	304.4858062660342	26.066458052992367	65.95678056045251	186.44762532696865	33.11812244680566	36.04880194770527	25.174229251282927	85.00236011829642	100.35266344996782	80.90438583649258	56.59949996050462	151.80350608811264	767.6534953022694	90.33830224992215	104.3661644862807	78.88150136335219	58.771987711643874	35.74997385674432	149.7661703937977	287.70076122620117	339.51795633874383	234.66565449775447	71.47948479156935	83.98515427314499	96.51286335923433	56.61115915596929	88.42997415066475	50.69251094686041	57.35831888950728	90.95460200033175	43.042762451238104	705.5420191966272	192.4796405533491	116.4278485891659	156.67155692768188	377.0088809367787	48.2697083203254	219.01349888310085	90.30700000497673	59.92492627516646	63.52962598768435	85.96966923861106	49.67582776409836	112.19630485516824	62.19074058895051	54.488063476462585	169.35006260610425	194.99036940761312	82.17567042544485	39.450249888345546	170.65795411497612	109.84194254642279	147.05822753303556
2026-09-29	94.43940810856097	91.36924338451739	70.11024085055192	46.76636868140777	21.188343433113765	32.49127344792818	55.98069668778014	75.51761582223776	91.1332160506387	24.68422710523779	100.2957365419563	191.76305441247385	82.94453512568654	53.36575113283333	77.22034142367309	78.81055141866214	17.021218777223353	90.25772851426021	61.482464483115386	89.32030447931552	97.76552278185244	81.9449652969285	62.04846447992628	137.3711090325718	34.38944933645543	53.01256786804656	47.20711671249699	84.89822390048708	210.38026839153127	280.1131112554007	295.2698002781776	57.30945466794533	129.00730746856863	103.73531706707288	147.81091702379274	119.23242793236044	56.19414902366172	77.19571206437827	66.40895190355096	102.2573038493133	52.407928455121066	106.92230546942994	108.16478424218707	54.78207112175578	19.283782423533648	738.7055657981085	304.1578964191499	26.023228797614347	65.37339073798992	185.84881266348432	32.984060460463375	35.97940089755869	25.134091668793317	84.64618051691188	100.36583444104836	80.91175331253339	56.03974975137048	151.5267530440563	765.9267537546503	90.1391523456642	104.18808331125558	78.39885004691047	58.58899297081217	35.654802602200284	146.55808824865665	286.8903738992334	338.94898061077816	233.79782358676786	71.32974254837256	83.77257591586937	96.19643030632615	56.561011706890895	88.13998631239292	50.42828481608157	57.36765889543723	90.74230038981432	42.85138114932511	704.0010205846418	191.9298227180808	116.30892551528608	156.10577510690734	376.13444535120186	48.2636383398502	218.45174913637464	90.12350122319148	59.77246260352561	63.33095984442811	85.74483294083873	49.387913119109726	111.83315303793569	61.86537075223893	54.249030898997894	169.24003374445837	194.74518470380656	82.01283444978297	39.580124486409105	170.6939749212576	109.49597203615085	147.01411437686934
2026-09-30	94.32270469514962	91.3731211429423	70.00562091355721	46.761182692754666	21.16267223535571	32.51063611361253	55.339849000018	75.38880897923411	90.76460607219434	24.6881132703313	99.6878691865055	190.51152445965488	82.56226771543116	53.05287640565007	77.04417263444397	78.45527494639163	17.010609388611677	89.8688659355969	61.26123269932137	89.16165141568315	97.3227600176352	81.55248447951894	61.80423292660865	136.7055511593523	34.444724668227714	52.8212844680809	46.94355850883639	85.00411225541933	208.78013053365626	279.00156295191914	295.0899019701435	57.13972794432423	128.0036537342843	102.92765990682746	148.01545912224793	118.75121228771343	56.03657532054668	77.04285572701335	65.91947610436337	101.99915058188321	52.298963540915025	106.3161522769513	107.5773910529783	55.09453440120992	19.2918908302971	739.2377926646793	304.3989555337937	25.90161474212993	64.8166964371102	185.3594038903359	32.75702961988013	35.954700601367236	25.104045536850272	84.5330893429286	100.37241993658864	80.93537647316123	55.27487403645184	151.5533774375555	764.2783793187314	89.94957724094733	104.11404211339146	77.93342236842594	58.44249720256917	35.57740130110014	146.109045955383	285.6901820668042	338.38948359152187	232.41391118303238	70.96987157936206	83.37128856828625	95.7032146953994	56.516004281790174	87.46999468207537	50.18164118733766	57.37232889840221	90.18614882161614	42.68569080354439	702.4305029681021	191.2599095279857	116.05946153693992	155.67788755345367	375.18721779278843	48.27532045166338	217.26587548371467	90.11675091677152	59.54123198840831	63.06748034946015	85.3524160126557	49.04395694102459	111.4015771293194	61.682685376119466	53.8245162124384	168.11001473599873	195.24759235190328	81.30641646195204	39.510061556559045	169.55698654510144	109.16798418702074	146.88205718843466
2026-10-01	94.37135143204748	91.39156240252584	70.04780862572392	46.775591804141	21.116335965089966	32.68031729386681	55.09492373706955	75.22440326891393	90.5123041042124	24.609056978488404	99.51393276219807	190.2157613143001	82.58613416289137	52.85643812653109	76.97208708016143	78.46263808354738	16.925304770599784	89.2694320522711	60.93061558672123	89.23082723372048	96.6363784829387	81.38624285011103	61.55711714994983	136.8377761900277	34.35736256299569	52.59064253921623	46.651779559593976	84.87705612770966	208.41006190989452	279.0107759827955	295.3549485436655	57.41986435363184	127.02182732490583	101.92883010600161	148.91272834042084	118.04060705938406	55.983287812861235	76.9914290842098	65.42473820476957	102.01457468059004	52.204482075633294	106.13807568071198	106.84869689978017	55.567267658368635	19.42594514811974	740.6339109807772	304.9844814290062	25.74580744735891	63.883348600024824	184.79970469174998	32.70851473364612	35.97735030068362	25.127022577690273	84.02154573957954	100.39121179934901	81.01768747364116	55.14743724710776	152.15168871877773	764.1341847765532	89.93478770494633	104.2120198359926	77.8217107264493	58.171749089565836	35.53870065055007	148.06452511392197	286.125089812699	339.3747344715422	232.44695345528572	70.58993533191736	82.92564596260992	95.24410917875439	56.578001835719306	86.47999627292245	50.12582044108094	57.4311652884345	89.67807349528073	42.3728460884177	702.3902392770199	190.09495110188348	116.16472909000316	154.88894682848465	375.18360523428487	48.34266014953775	216.98293621597844	90.17337713685257	59.285615383852594	62.8837405561998	84.90620754856417	48.79197892827597	110.67078978536283	62.19134306952946	53.64225764845553	168.37500706282358	196.52879495524851	80.81820914650336	39.59503093086741	167.8784917466718	108.98899087280725	148.11102676316264
2026-10-02	94.31067571602374	91.41078135385081	69.99390553356508	46.81779620724628	21.13316779181012	32.79515857063946	54.867461563358994	75.8422011766933	90.32615174693042	24.6145289088609	100.4019668388627	191.3428812675016	82.31806860732459	52.98821852920793	76.9410453711354	78.20631751589478	17.0576526523287	89.4247169416629	61.22530802224245	89.14041514273914	96.82319030958459	81.8731217302313	61.65855773574152	137.67889023124434	34.66868105261601	52.82032088813839	46.585890008678824	85.32852745350327	208.10002759801367	280.2653824982337	297.0274803753484	57.65493187164014	126.7259138150408	101.39441535817659	150.42636539091353	117.93530444521937	56.041643143491164	77.22571408434123	65.28736986532424	101.92228825582237	51.722241877050045	106.17903845070755	107.324349975769	55.723634363241935	19.432972841088677	745.1069640353105	306.83724193520624	25.692903418503676	63.54667384224874	185.11484868376562	32.714257977174626	36.15867522663575	25.113511479579998	84.17077271720188	100.41560712037763	81.03384526269949	54.94371946278728	152.6908422231584	766.8870997124953	90.26739308953371	104.16101022317208	77.65085704169144	58.150875078840535	35.52935055415687	147.71726011555472	287.557540023537	341.54736784612265	233.2134745914124	70.85996629266766	83.18782145542605	95.7740550166233	56.55400030750809	86.42999676317021	50.02290930501313	57.44558218645358	89.58903674764036	42.16642258644518	704.9651086521818	190.13747188883235	117.13736485017736	155.26947036248453	376.58679773432993	48.36133060882649	217.10646597175875	90.67168765289894	59.4228083785718	62.79686982033623	85.16810392686997	48.825989769313765	110.49539474009353	62.50567138217684	53.56612966346116	169.16250200553287	198.16939625692112	80.67410396290012	39.71251638096105	167.02924221122652	109.5144958941673	149.760515212636
2026-10-05	94.22033648472086	91.42539189762853	69.93695139349153	46.803898561386816	21.13658359072928	32.962579819377346	54.54373139203106	76.46110150387399	90.33307404241052	24.65226472145926	101.57598341943135	191.66143849752035	82.10903506660175	53.21910964607369	76.9605243640345	78.01315860535951	17.17382678392802	89.5373592337709	61.402654926648566	89.03020665584222	96.97159652808331	82.726561780643	61.83427802863736	138.34944725185264	36.264340831483786	52.990160367775246	46.577944851751525	85.76426220087274	207.54001166277635	281.8226936905231	299.4637371359164	58.027466698759525	126.8729552290536	101.43220828943986	151.64318300063255	118.42265405366437	56.16582202950926	77.4278556688796	65.29368645854103	101.87614504343853	52.00112032817346	106.969520293469	108.04217605599973	55.721817791972526	19.34148642054434	750.6534881211709	309.11861791584533	25.61145205257459	63.54333737888804	185.69742373153125	32.717129598938875	36.43933822366944	25.096755701643026	84.25538452754625	100.4328020343099	81.05692354687709	55.03686026545125	152.92542294263387	770.8585584011696	90.74369715511841	104.07050679005283	77.3804288260215	58.501937859854834	35.53467573484211	145.8536328043594	289.25377611528415	344.5736869748191	234.04673973711243	70.99498177304281	83.53390935442201	96.96702933936633	56.53199931452065	86.35499777123354	49.851454805094455	57.45279063546312	89.36951913675964	42.05321060657708	708.6425579882002	191.40373502888883	117.76868318802813	155.61473853817586	378.5934019189228	48.375664999237465	217.51822932377002	91.36584260574634	60.01640449446168	62.79843452869839	85.50905120049553	49.16299488465688	111.05269767522255	62.97783607255815	53.7230653657882	169.63125405452425	199.54969446635118	80.85705243921373	39.84125880083209	167.199618664207	109.9672470315563	150.6552591321969
2026-10-06	94.29016854753621	91.43769442293535	69.97847401827897	46.826948517753955	21.16329206239345	33.00129036745234	54.46186623007315	76.8805522778159	90.64153549532635	24.741132322582658	101.73299140453989	192.14572169016643	82.27951600742196	53.484554823036845	77.11526050355045	78.19158067597077	17.356913849727682	89.69867992206123	61.581326624090885	89.0801019546301	97.11079826404165	82.88828241620041	62.377138098791335	138.59972667768415	37.15717003427217	53.180079649830006	46.65397219699393	85.95713186337582	207.90000308480614	281.5813450142069	301.6318624644426	58.31373258644031	127.29147715676314	101.40110551801095	152.2915927210194	118.56632656906851	56.3529114725183	78.30392798702769	65.5868418559795	102.00807221654348	52.11056077443829	107.60475907861927	108.88108863835143	55.825909048574154	19.4007427525085	755.1567306328511	310.93931384073517	25.675725911846378	63.66666914720769	186.78370942435936	32.78356403652998	36.68466926442261	25.108378270438212	84.33269409482781	100.44640055939128	81.09346040014753	55.24343051419535	152.95771421789897	774.9742926283192	91.23184918791077	104.1252535476143	77.33021380265919	58.79596900622136	35.61233718077555	145.38181823323438	290.16189171975145	346.0068447081127	234.66336925820465	71.05249119169719	83.67195345650788	97.54351604297418	56.56599889432087	86.46749980114411	49.820727860310896	57.48139447849816	89.64975972096771	42.05660598993405	712.4212850976157	192.21686690409285	117.69934022072306	155.9673729311973	380.56670523192236	48.39783158409139	218.26411191530298	92.00292099769739	60.318201713173224	63.00421680658552	85.65452712612668	49.446497213446605	111.35134960055072	63.363918036279074	53.8665318436607	170.60562794278945	200.7748472331756	81.32852774548577	40.5006293241221	167.14480750104883	110.84362412612971	151.19763231268047
2026-10-07	94.30008305306498	91.448846753704	69.98923700913949	46.82847517440432	21.141646450813425	33.03564503113828	54.315932199509234	76.72027491820482	90.71076713731162	24.755566390173165	101.10649738073674	190.31285870885273	81.69475830888676	53.23727825075182	77.14763040436311	77.62578911728227	17.333456657835033	89.24434041879428	61.04566247281204	89.09505128249083	96.65539760614192	82.46414166586388	62.24356935457145	137.83986425436942	37.28358494084214	52.790040587854456	46.38198640367274	85.63356471098479	205.75000459416088	279.64067861061903	302.39593306327595	58.286865453986756	126.73073766285422	101.86555367453282	152.2257981915644	118.65316221641902	56.40145611772888	78.60696582456853	65.75342001246241	102.0540353453323	51.87528008204336	107.63238137036433	108.42554492952728	55.90295429540524	19.405371299960304	756.4433555508006	311.4396581410707	25.537862765188326	62.77333510766147	186.89885849635937	32.716782781204444	36.77733409815369	25.119188715602405	83.97634842070492	100.45820089004721	81.12673203112845	54.531715104509786	152.97885710894948	776.0971316657221	91.34592413619171	104.18262570569192	77.2376052228628	58.67493533929232	35.636168514093825	144.6459109476719	288.5709513530398	344.12341747124384	233.41668371357497	70.65624666396383	83.26097596531449	97.22675985254178	56.587999752336216	86.01374867986894	49.772863167215995	57.51569685777935	89.16988108118699	41.93330368161253	713.3806559765422	192.20843192616752	117.04466980518575	155.2486858552471	380.7983520056096	48.428915334282024	218.23705931458508	92.21145958332136	60.08410009364716	63.067108937350376	85.22226402082701	49.21324837784147	111.3056758683906	63.36195932331532	53.808265921830355	169.22281214034004	201.08242331141201	81.51426234686397	40.825315425000504	167.9774025298213	111.10181236824064	149.7588198184496
