	AGG	BIL	BND	BNDX	BWX	DBMF	EDV	EEMS	EMB	EMLC	EMXC	EXI	GLDM	GUNR	HYG	IAU	ICLN	IDEV	IDMO	IEF	IEFA	IEMG	IGF	IJR	ILF	IMTM	INDA	IPAC	ITA	IWM	IWY	IXC	IXG	IXJ	IXN	IXP	JEPI	JXI	KXI	LQD	MCHI	MOAT	MXI	OILK	PDBC	QQQ	QQQM	REET	REMX	RXI	SCHD	SCHG	SCHP	SCZ	SGOV	SHY	SLV	SPMO	SPY	SPYM	TIP	TLT	UEVM	USHY	USO	VB	VBK	VBR	VEA	VEU	VEXC	VGIT	VGK	VGLT	VGSH	VNQ	VNQI	VOO	VOX	VPL	VSS	VTI	VTIP	VTV	VUG	VWO	VWOB	VXUS	XLB	XLC	XLE	XLF	XLI	XLK	XLP	XLU	XLV	XLY	XMMO
2021-09-01	98.4721450805664	76.58312225341797	73.14069366455078	47.501617431640625	27.046527862548828	20.654125213623047	116.94874572753906	55.01768112182617	88.11026000976562	23.068796157836914	55.955230712890625	114.55136108398438	36.08000183105469	30.991127014160156	66.34246063232422	34.54999923706055	22.004602432250977	59.496238708496094	31.156513214111328	100.74559020996094	65.75238800048828	56.1525764465332	40.583168029785156	103.88427734375	20.629987716674805	33.25991439819336	45.52378845214844	56.77445983886719	101.19569396972656	213.15951538085938	157.7838897705078	19.980209350585938	69.28369903564453	82.72761535644531	58.41657638549805	82.85236358642578	40.393096923828125	55.11321258544922	55.5023193359375	110.72442626953125	64.8231201171875	72.21649169921875	79.37823486328125	24.247825622558594	10.097554206848145	368.9643859863281	151.3846893310547	25.087156295776367	102.59394836425781	160.53602600097656	21.396169662475586	19.178312301635742	25.383867263793945	67.11979675292969	83.64167785644531	74.60208129882812	22.3700008392334	59.84236145019531	421.2201843261719	49.396209716796875	105.87586212158203	124.81539154052734	40.78907775878906	30.037246704101562	47.93000030517578	210.70823669433594	285.8698425292969	156.51991271972656	45.199684143066406	54.6882209777832		58.50955581665039	59.36192321777344	75.3857192993164	52.63320541381836	90.2503662109375	48.688777923583984	386.0751647949219	142.7564697265625	71.18229675292969	120.63284301757812	217.21517944335938	42.72001266479492	124.91128540039062	49.855655670166016	45.14525604248047	60.56608200073242	56.73051452636719	38.49131393432617	81.46730041503906	19.760801315307617	34.886566162109375	96.27806854248047	76.433837890625	63.23865509033203	29.651920318603516	124.24800872802734	87.92227935791016	84.17158508300781
2021-10-01	97.71826653241011	76.5905012792922	72.54021557382318	47.03465857838959	26.327078502969623	20.090615178228497	113.13575373077313	53.398291927501155	85.66991549258303	22.32561538973243	53.84370480248631	109.66446520677488	34.840729910429495	31.210214060566937	66.14507594863316	33.348719762103244	20.388143869631755	57.34209695882661	30.298969906606697	99.29683491886817	63.24525679298549	53.40771249699754	39.730431365296866	102.34254620238465	18.795522332567913	31.920410594243652	45.689691541946104	56.38334303908876	101.44258961432408	208.01902590050625	149.83326606423333	22.250605015341172	68.64873301410941	78.35408296629677	55.314839198305165	77.78708709694925	38.97381078585627	50.81727103857401	53.31776414956036	109.46935083404378	59.882064055662156	69.76313113810306	73.8982383298642	26.507715283468784	10.731734650086853	349.57890911339706	143.4391843148965	23.58844495094928	92.37223040653586	156.4914369566534	20.916314456316137	18.250203691403744	25.239485714480217	64.32561998515241	83.63896192851828	74.54363800792584	20.642335652089912	57.655887689493305	405.41991443584817	47.5517795560133	105.24115809164518	121.64262672328435	39.161847877290214	29.98927402575123	52.84112707783826	205.4127978111505	275.0482399494338	154.343430410707	43.466705602140856	52.535314880341126		57.99639970164681	56.10799108268221	73.54560846600178	52.58699931647002	84.73128090395485	46.32277825620202	371.4431529093871	135.24141925147578	69.83842061732042	115.43154065259095	209.3971004330756	42.725268539032	121.46233168072783	47.48971337147525	43.11900604308423	59.05672618897318	54.471546293666535	36.27809389635481	76.78725368725812	22.2586956729174	34.870971216159774	91.90691921559977	72.78630140941841	60.642051445316554	27.528823787330097	117.80201768807649	86.79947696179451	81.86083026759796
2021-11-01	97.48793459413582	76.5814200513639	72.39516654334558	46.79693249574943	26.172852196240743	20.9250918166395	115.54936514258074	54.19773791797322	85.70756826418861	21.928437698760895	54.164432583342524	113.9245622609084	35.62104798076025	32.99726703505797	65.82554641838355	34.08423612529594	23.763598642732717	59.436642761652905	31.938620304451014	98.63257686574335	65.27994997122136	54.400088995639535	41.422114124627676	105.65685402475471	17.773082890868576	33.48984426211285	45.90875755632899	56.42990568478687	100.99523285697103	216.90994171232177	161.22519425364666	24.023186688563715	72.37130090362497	81.38167551801037	58.47126253816788	77.97697827763508	40.39603744763325	53.386404002474336	54.755163431737046	109.3721141002161	62.641215385045086	71.7582287598459	76.9993670687472	28.392909861362813	11.267834304629345	374.2734265168239	153.57482617744637	24.947129926655904	104.75373625082419	171.23832898485156	21.636949388925824	19.632335644320815	25.45819877280384	65.84825085491215	83.64028140476155	74.26420479154226	22.218530659219205	60.9972135387438	429.23861805366965	50.35231726134566	106.09438723995518	123.30481578035841	39.198143883527244	29.923093802566193	57.41665256119032	215.18348949388943	289.6174789954943	160.9382899666828	44.9356510837227	54.145554417270766		57.51095585589641	58.867320520123734	74.24336659146871	52.403885632895864	90.10618634393403	47.375415313314896	393.3784307373194	134.73603357820426	69.84704690710885	119.24154954875127	221.26595276596024	42.96912139831477	127.04454506273	50.8317423972178	44.0453476355247	59.033915104801835	56.20445070507255	38.60689864615923	76.16496389430138	24.36230169260789	36.96985357025007	97.00001924144408	77.59172079427026	62.46405079557016	28.865842744411687	122.89868150260817	97.06164642213612	87.81660167707717
2021-12-01	97.71453518002295	76.57193799042176	72.54532555324575	47.24188589809104	25.988337485921267	20.146725162512247	120.15010007559754	52.66883145169924	84.4347010763609	21.281557612411	52.56337485707448	109.25697204909821	35.37226747334353	31.574520843261	65.12198510866081	33.844703262107934	21.723885523786162	56.38811025406045	30.85978302313139	99.62824114294605	61.93467741059649	52.13140226048368	39.112493864063595	102.0793456875005	16.615705385224903	31.807173452732485	44.34374644491316	53.60169775931935	93.78943981655597	204.3978882619772	163.85098988276388	22.28526526663927	67.60871486466623	78.93799191195639	60.290730436439205	74.69758599393207	39.766675182930776	52.1551843998959	53.57677078012523	109.24867023461316	58.250611533927014	69.17426599068699	75.01149205181733	24.335578618367368	10.3322514309437	379.8312238660676	155.91058097808715	24.427647364851378	108.36917483921468	167.05860620469414	21.25174590255476	19.593581573441035	25.640748112488943	61.79486415780388	83.64249209298929	74.24764231760437	20.907483772764863	59.455341125242825	425.7517457632644	49.960315669831935	106.89717429509446	127.22268904733505	37.81775531268655	29.598662392074406	48.347538271760584	203.30870765647828	267.913427173721	154.52287580393585	42.66708795206308	51.59151250769759		57.739809036234895	55.71076455674096	76.39346873215453	52.39411662500096	87.59915385766746	45.44327183768268	390.2514312566988	125.49937864153395	66.59897760750803	113.30530707282517	217.38633727962937	43.03312071873981	123.48260246214562	50.89358470215171	42.44871281331618	58.303760585731	53.515456234735254	38.402019441956945	71.25534683966961	22.937226540540387	34.91094237001798	93.59564243553004	80.78015499981494	61.85821089830485	28.508699475609284	120.08322347803545	97.46138159632072	85.37065185670005
2021-12-31	97.44530844188759	76.56455315447622	72.35910521953305	46.92375755051023	25.90636022342686	20.560019419477833	116.95524028982952	54.49787077080719	85.93600815297447	21.578425237897388	54.42222181388813	114.8266242798703	36.18458413635323	33.688045030612905	66.5748275033978	34.63421948433441	19.89800252925442	58.7622355328363	32.155912812780954	99.25178123711457	64.57269726694008	52.8916347221317	41.35974226450634	106.61813924326998	17.47654451280409	33.18020763277978	45.324711141886056	55.14396877806295	98.91803033304842	209.92297694987067	169.30380850984855	23.0816734182919	70.43571584971679	84.76203692075242	62.70900318980464	76.64073740735691	41.995554738722234	56.30102061617374	57.95541737228086	109.37438709273084	56.271246163360615	72.6297683672106	79.7155111601834	27.372997936255018	10.98377037650738	387.9549833437274	159.16181057468083	26.24562899019964	105.17103013565969	169.3622980350324	22.693280113346514	20.113003581688368	25.768769413694415	64.08429062650042	83.64979906137059	74.0785413804041	21.381784228149492	61.10289120203369	446.3287248045556	52.35184725008183	107.42809798710525	124.6628636321995	39.667879078918574	30.233716286873012	54.599713828041914	210.7818379244961	274.2098641319052	161.81409355640926	44.47332388968262	53.39801594888277		57.53057774978606	58.617589071081355	75.02588732771159	52.2827036003515	95.99414956432628	46.77295778427661	409.02910785048005	129.87546906017292	68.47105059124513	117.34705331769223	226.36247357478715	43.20581429634949	131.41012567458046	52.27497963163454	42.99391328846536	59.3959487363791	55.38968483313103	41.11247261567402	74.27026535921621	23.5855037468524	36.04407028682195	98.30803089651471	84.22793157819788	67.74618668461851	30.913991439131706	130.4608016285502	98.28437877093242	87.1238301840279
2022-02-01	95.4700418233823	76.55949839675344	70.85325494934528	46.28103590201772	25.31706551602091	20.69933713314773	111.39669493683417	52.597466626666275	83.1429311601149	21.654827498456516	54.20178479591216	108.35051746088465	35.778854225366786	35.70516814385496	64.9154279177375	34.25225741794535	17.409118339802216	56.61600608231033	30.47070884657225	97.01671944750876	62.0276868645763	52.46480476700652	41.102301143736035	98.65075246616742	19.150807533171765	31.35496992328508	45.17139928063639	52.31116377666613	97.67379145897601	189.27844565107966	154.5728897992914	27.244981396823633	71.90620821305546	78.72416452329963	57.284560298739834	73.40737796164007	40.4766115585675	54.502223012422746	56.43014162751011	105.47267278671521	55.97934480406103	70.7303815409432	77.72269054567906	30.970908433421158	11.832254997219028	350.37202153589016	143.81732134329954	24.48591333978432	96.2460094041899	157.00170834145365	22.10379325589333	18.107242635314307	25.1607769770131	60.176386806597804	83.65503386575969	73.57345535907217	20.94244909336784	57.16681700160245	420.8552255050113	49.395360841811716	104.83930426061728	119.81585012125238	39.00466561159645	29.461752337789807	62.32139506790806	193.91591288974837	238.05961222099472	154.8965035357137	42.79770720428317	52.107712886033354		56.5820943509148	56.634189030252436	72.24449363042041	51.91207590746863	87.64595382321266	45.6287644579811	385.71486395765976	120.9473242799849	64.96559478568285	110.61860726141084	211.60385758530225	42.87617128648705	130.10813875363962	46.908117505624	43.06311846043246	57.46779339529273	53.8067453235936	38.571260033943005	70.00710808677184	28.45520185482163	36.14850479235022	94.23511340881387	77.4702070862675	66.81638563307999	29.646837474423357	121.15459976464696	88.20752918160395	79.6002867619888
2022-03-01	94.48822946654869	76.55901328654107	70.1081803028331	45.86393787703764	24.99192895280665	21.511852628693546	108.67474686877684	50.67069173123521	78.0606447842332	20.749073888568816	52.24366327585939	104.40880198613776	38.24113056695905	37.64540123409532	64.05939226351573	36.58322092156427	18.97391040623856	54.44883901224456	28.85619953571586	97.01861640772333	59.443207791249336	50.37808225235335	41.33276215888786	98.87569922544102	20.02168312176793	29.87917652059867	42.792366436357355	52.07731675581975	105.64936389029309	189.0661734104568	146.53933412953938	28.09782855799788	68.42681759286677	77.91376003335888	54.187520973637405	68.23014507116523	39.81267066990302	53.5095538704536	55.57906513413798	103.00414761989913	52.885844742569056	69.3789279485146	78.09897515858022	34.25413957789584	12.828778415695735	333.25403898694793	136.8094187917296	23.932935998285878	101.95334914130136	146.0858528173109	21.442535152995546	17.30462058487329	25.464149097186016	57.84789841484412	83.66189683334376	73.3041635236869	23.022328099056722	55.255563934479696	405.81997604161904	47.601983803931745	106.10781566655042	118.059360707384	38.624615016328335	29.065209255125264	69.25271404546794	193.22222441272658	235.47069763854222	155.03461604857165	41.27565485635683	50.1611614633387		56.463708673113004	53.03823443590845	71.25214460966919	51.72332737215203	85.00988041556352	44.67034102813945	371.9240737589811	113.13492903178394	64.64878699374734	107.53028452179701	204.90469052474975	43.44705707213904	127.43447232630515	44.57195577957868	41.44684234579564	54.25963652754022	51.8886724693544	37.47680539371788	64.47536567761084	29.874135169814945	34.90983838103887	91.88975412299311	73.47640690595993	65.92267797732053	29.18269865930461	119.72300506141183	84.2263060297448	81.13563746334384
2022-04-01	91.62351255462474	76.58287349163946	68.01035983400325	44.56520036368789	23.871130443107504	22.98738593353191	101.7791436038555	52.05488723888348	77.70687343490575	20.55373054478979	52.51367734894524	108.21888578048265	38.30904390609655	40.73118097884392	63.42701288949289	36.65328600076822	20.270459192549318	55.763046304215756	30.142599751128987	92.47929363176726	60.625623952660256	49.67659409223006	44.44907681948398	101.4231005614935	22.865635406746197	31.155764647262846	44.65824463288168	52.938388007945434	107.53722462613625	195.6958821188632	155.4863534879747	30.516785603013737	70.48373385264117	82.65394083465922	56.394417461521925	69.2670783810914	41.533815044919606	57.602895931759804	56.15094300145686	100.30768111742294	48.77338049459962	71.64092534868891	83.70127599254909	37.57469350318895	13.824909669501967	353.4147923728318	145.05851015951714	25.532141605412598	113.14611223500685	149.02268145894496	22.426782397718824	18.409077233276303	24.95003398529793	58.63053975919751	83.68034339612508	72.14849379121489	22.838065955534457	58.190741733347544	427.31944165036464	50.147877333857394	103.9876526241411	111.55052073635537	38.82827781656628	28.779232048408502	74.94954098163156	200.29451342295525	243.59415656531317	160.98938320092674	42.207629285176274	50.68251471162717		54.33252805854974	54.12980875941955	67.51158653676075	50.913425261339825	91.56838524455002	45.51752228805793	391.6763434025817	115.49519879740858	65.37045009130435	109.5526689798166	215.00012962352557	43.032657285483005	133.51875594365552	47.01142115229449	40.78765872601117	53.92776028049691	52.588433352454174	40.59844913078617	66.05720757019947	32.99845924909427	35.65694453299633	96.16616958816743	77.03224121424374	67.55305913599318	32.671362123353155	127.86524030478878	89.46487474247022	83.94231594668625
2022-04-29	88.54333529219784	76.5809185985475	65.66041784488894	43.44982902202089	22.34031058689375	25.10460209338124	89.8801431795278	49.36067624030955	73.08136237023157	19.446593210302233	49.059174530400455	99.99196570078198	37.68412759892094	38.66139238574911	61.09826848982533	36.04821286648807	17.86974382508746	51.8432413747433	28.273089938678233	89.23944620281654	56.294893454029555	46.025077793333054	43.08861686921441	93.69149396455958	19.676204437885666	28.591880034373517	43.56739638738422	48.915639699136854	100.73106526163038	177.02586606142955	137.94502053740615	29.88238561056456	64.31522889812132	79.13410367958325	50.33918433066844	61.064220258187525	40.41627050080141	55.69771104302018	56.47104219017494	94.00259071027364	44.372597127767634	66.65916462772827	77.81062482225602	38.37348424771665	14.542585322337766	310.10471639653645	127.3749740733917	24.447295804516973	90.00961093929396	135.30102276835393	21.654736144056695	16.156536337942395	24.5241910202473	54.352392157257526	83.70355904630516	71.94458304152617	21.305848484192843	53.884717039624235	393.59721718830195	46.186746804030236	102.23062245157205	101.76101337138758	36.70149881829319	27.72935636309198	77.16702791967306	184.6306229483811	217.69026516018914	151.4624441461992	39.210890652421014	47.10116770966951		53.307278328977084	50.51620124470783	61.8878685720799	50.76620005479309	88.70840696021901	42.55044136516781	360.73247572007944	98.88019438601182	60.558590793656684	101.06397255178932	197.18155094432572	43.08295643370301	128.12052429709553	41.41756388914645	37.79482794577786	50.73370661930524	48.85212669367518	39.07808054041269	56.99561737187193	32.40601177339778	32.48401838781914	89.97236273842543	69.24567510514927	69.53255283159622	31.55668719241332	122.34764378574295	80.30537272335005	79.95805743449071
2022-06-01	88.84962593372447	76.60493335738495	65.87959662824922	43.0481903515283	22.283017316928525	25.159050558277443	86.26966899026252	47.962324913717666	72.99593675649035	19.611465893616906	48.44844396322628	98.96792596714828	36.67311747559956	40.41031599892908	61.60360195754356	35.07051444212968	18.574599565707672	52.20373060944864	28.98547555896438	89.46384825713665	56.66133694061095	46.06502056144199	44.4966881937138	94.0757901845218	21.15228729428094	28.827868261568984	40.99392066082561	49.307593987108206	98.35604942898351	174.2453786325683	131.79014175957442	34.13744699253138	65.14682363952521	78.75165748311926	49.23594332519964	61.356084501533545	39.7687517332468	56.92992998425031	53.88969222438471	94.98504114673518	45.89018748932822	65.42049067875274	78.52768992395107	41.98128965604943	15.245758368803296	297.31919599352364	122.10402982724118	22.780851878784606	92.78895432568375	130.02798473381273	22.10777952821368	15.31148387362606	24.191758308214986	53.99154269640666	83.74343691329139	72.24995576164545	20.10722664023237	53.70134104398609	386.01651441032016	45.315440407513556	100.82653421528475	99.2160974338286	36.496781198174816	27.949686783526335	85.23915289231024	181.3369821452416	207.3001648576727	151.80127559381702	39.46859826490319	47.454972369520426		53.490060416222306	50.95385077061934	60.48743895144109	50.978086349477735	82.3617386933771	41.41155160847384	353.84810457756805	97.71969740603134	61.16337380190746	100.74773590232691	192.66779510047172	43.192167899947464	128.84313096569596	39.30165352266419	37.75606324411581	50.82180707953447	49.120691012817495	39.08466402994085	56.785484564824515	37.70269751742903	32.46648117686438	88.0414968508349	67.55808355637623	65.50928484685531	32.45310881973019	121.98175003907339	73.30259406681364	77.68336314185854
2022-07-01	87.75516067710913	76.65409194817339	65.02003143313955	42.32434518973389	21.364083557574833	25.758923919882633	84.29707400661957	43.45652841239226	68.97239933779355	18.870485622840743	43.09381666985772	90.9868162584971	35.94476416580748	34.81739575016377	57.72282580611433	34.373447664067385	18.175792178304306	47.847687830733335	26.328179365892545	88.9608105407079	52.0869483254801	43.79482203688485	41.56412753057853	86.9818207084644	17.567926255229757	26.539002037027235	39.071181561119985	45.78088581567484	96.0179900792977	162.00122240876323	123.30164668517486	29.157768061848227	59.47235392408936	77.04332795870232	44.65874631812426	57.60474976168992	38.69217497357505	53.74833646221408	52.68962145455676	92.21317869078962	50.4548119685902	61.33607406243593	67.22580634980977	40.133463631502664	14.217859471098713	275.38161498177817	113.04036738791692	21.22436509203114	82.24667537994836	122.32229760620254	20.577850496659735	14.366856969406179	23.679861654663526	48.88830578416304	83.80133087337805	71.93202999076385	18.62737407306453	49.85356661768555	359.6696450422772	42.185549134046255	98.65233409749086	97.62565105504589	33.91347185123816	26.13322896842181	81.71203017221069	167.04619678532225	194.18170842239925	138.20464029862632	36.17095918921991	44.18524138767548		53.27950670115824	46.508533489638026	59.52527901991051	50.74638484496148	77.4070283811518	38.53480603329769	329.6009589964479	90.79192807154388	56.22776930004231	91.01651559509716	179.35625652524772	42.74881138486428	120.05775563949595	36.637076227017424	36.574928475117204	48.081392363559274	45.62820196137441	34.11783894803042	52.30670312849919	31.480873969992786	29.560056260148926	82.34453170435545	61.99708500019598	64.86340130658567	31.134051172440664	120.21557235565321	67.28398481056723	69.51731064476107
2022-08-01	89.81867371678833	76.68844084964178	66.50206340234261	43.6761091426966	21.78069496737524	24.84287805282966	87.63995929396394	44.710702470326154	70.92926996208062	18.848642941832015	45.02159306730201	98.41796164170214	34.97836544895202	35.48584775336491	61.08939799907766	33.4446602093924	20.656747701873847	49.98699019522348	27.368434904044086	91.49229413473483	54.52948178502259	43.660725374254355	42.55618495206235	94.62611435777364	18.07918327568026	27.240303345196118	42.167758915787346	48.26839453668265	99.95830697385824	176.51295737734634	135.52729960723397	30.320947209653063	61.28380637325152	78.80313380836802	49.766060492196246	57.76816296286969	40.10315219298906	55.46927955658944	54.631047287825375	95.73141319506072	45.09296803932458	66.45891815522481	68.62493948741678	37.82055385852324	13.551057028787193	305.1508293062146	125.3071582922569	22.568666856743086	86.99994747842163	134.2419927011447	21.197939551484673	15.891539763929735	24.425538613530637	51.73737691390136	83.8750663756876	72.13610590475608	18.544479394136395	52.84312857961547	386.524961051791	45.354488659011956	101.72030746097687	101.089540009171	33.68854927495036	27.62690593920406	76.30378606158206	181.64252578728414	213.21975633782048	149.33934351336657	37.76388811913394	45.40634054362424		54.22136321006475	48.37307279920789	61.645157507332414	50.90308622752967	82.38647598931874	39.62427325768365	354.26430062676735	93.11648623989164	59.1386708469485	95.4970942135677	193.049162491554	43.252828514321344	124.65005084272815	40.65049577314389	36.222903412294	49.7395885067145	46.95996914497073	35.570573006315584	53.777449091664984	33.23198519768894	31.084816625828857	89.04483965342995	69.33227685135662	66.87532762799482	32.33198922993583	122.89685564969477	77.70372319422646	76.67573954915818
2022-09-01	86.97703158118402	76.83968956278869	64.46309311729915	42.085651573508564	20.577194234182343	25.76177937184385	81.07027016922234	45.132396592026176	69.19028215624192	18.71507552221199	44.58980067337848	94.64567162393456	33.9250930667734	36.16675551503207	58.847371790739615	32.416781675795846	20.87490905627395	47.17412640293358	26.2606710701466	87.61956071975962	51.274979323727834	43.25407521149245	41.94086665893135	90.8276800326467	19.085902150415187	26.018420938060252	42.77135312217797	46.16984476145536	98.28212711727994	173.6968098316614	130.87111597597524	31.41657544480717	60.02372625652112	74.68903884924417	47.03000875701453	56.016153391415315	39.37284806440344	55.37994158619031	52.879545289264684	91.58621220186868	44.664002464935955	63.61819217592558	66.42876249077386	36.238916803474815	13.51413050526016	293.1676260237341	120.39129316480907	21.348558130036103	89.25337922587471	129.30814778774626	20.82472039662078	15.295908317655767	23.815885158892748	48.62202883966026	84.04267875243632	71.56117253559084	16.630865936806007	51.998507750019186	376.0026513353038	44.11762494353483	99.13191957892208	94.6847575216454	33.44871819743187	26.763291669862898	72.86953502634682	177.92278007095877	208.9777394484353	146.21410552914352	35.635615752565485	43.485955532098494		52.600920382640666	44.87451367792519	57.90177311461101	50.509488352868466	78.5963525015506	37.43348723942449	344.47716269101727	90.53015596948634	56.55684410548917	91.41019343373694	188.14371233914773	42.69595034705638	122.77326404702168	39.168579302292784	36.14716543275144	48.5403269142715	44.981392438140645	34.67355654579036	52.26714605082344	34.68445371233135	30.920811251981227	87.72358205855582	65.81716253201483	65.68749670924711	33.06898963318144	117.69225015131784	75.70938688220158	75.10134338453057
2022-09-30	83.53858164366454	76.98948181685985	61.94218974960343	40.825986586675015	19.30163831394386	27.065112089301298	74.0513127699629	41.13554560079491	64.76123935317202	17.899654364627196	40.43187980408295	85.35727261708577	32.91470109100773	33.33366396076947	56.586682061160644	31.461067375169716	18.289619855479614	43.01608929603823	24.150933018286587	83.74670294049474	46.67196934206797	38.734017243598984	37.42423863985659	82.37647611855702	18.4291475115869	23.863891717979417	40.445174238475715	42.41105739537956	89.27794448227334	158.03050453911607	118.71720788385511	28.46594671266304	55.46527877707811	71.59666194137898	41.74328467405436	49.54081670437705	36.90377804636549	49.28444072201239	49.03008921578119	86.30737365450481	38.86653180066155	57.658798242749505	61.438361016944384	32.39552376069916	12.668260540426589	264.7144047022963	108.73588793359943	18.686882444058654	79.5798247837514	118.01236223990088	19.316174193543716	13.874853754665637	22.36330476708608	43.64742464058919	84.22220700125754	70.74752736601664	17.411523233341434	48.48816946547528	343.09144716156527	40.25457424063888	93.0955158025533	88.0241596028248	30.4273688050663	25.69831823172838	65.8251161750282	161.91565156271557	191.47374706201856	132.495573297283	32.36948983657514	39.573654019445996		50.965999355036445	40.747491581436456	53.95275228973118	49.93973940677939	68.23906506408905	33.020463144126836	314.4380625059033	79.76291138976815	51.34469366863174	81.98670032595601	171.7246680719739	41.522034410919176	113.41421319775884	35.3699096775783	32.71009194490229	45.52230956878869	40.814523426056034	31.543571180539608	46.2707441721422	31.575938694744522	28.59111003640153	78.84767362420351	58.65054795851849	60.73374711959745	29.640630343653243	114.14922978300173	69.93227613903406	67.85035483781598
2022-11-01	82.48567118123532	77.12048407669747	61.20141873998581	41.09639403739805	19.40828810987948	27.181656913909812	67.51679540631935	41.58703657957582	65.24810196900792	17.866324033973335	42.14709375721186	94.33653022545047	32.666997743097824	36.993149159660796	58.600550629542504	31.231550774684408	17.889609477072653	45.6441090226942	26.044269359639372	82.54380211526194	49.463611687606075	38.25862990548396	38.95799042288546	91.87331562151208	20.19960250135177	25.489924652558358	41.90859520743084	43.034157754902694	103.75296492967524	174.03868128081427	122.54776355313857	34.28790010644719	60.280725116021166	77.17089369342224	44.08017968722708	48.63972707142498	39.246709244948754	50.13532324391547	51.42013903961352	85.81401579140962	33.18118386780053	60.747016638788416	65.53027241491483	35.54027365924065	13.368502465873455	270.20971331844055	110.95851443308185	19.456493446522572	82.60153413704356	119.25571649367583	21.277007699111135	14.23615184092447	22.552371449301212	45.84935704740518	84.40134826699271	70.62672762774656	17.886627461047144	54.60317657971036	365.53601508060484	42.89895064250969	93.86321667839083	82.76336850670968	30.860012533895468	26.537267666844794	72.62886201273727	176.6718086507322	203.590614220413	147.21286768659735	34.36047378994185	40.99520084835873		50.56708322767639	44.3554159367099	51.07564627726087	49.85464299528853	70.29111347938803	32.825253767541916	335.0541486172546	80.84406709195049	52.55291315005468	85.46934978479436	183.22403052065	41.880814395616824	125.48149021676863	36.17659527249598	31.924009753808008	45.86654398996263	42.30720774951572	34.324192428459284	46.209594017572236	39.517291023568646	31.754096443135904	88.63009012525669	61.835545000373024	65.13111992557734	29.58604403378822	124.01844951482389	69.3285771146262	75.91774587314232
2022-12-01	85.72396245236047	77.36556061812404	63.551282109166486	42.16326904659603	21.027830642703115	24.867445101098873	75.22015926295865	45.09106026198263	71.38812246453824	19.146506501672135	45.77651078177359	103.64535663833772	35.36325819105051	39.80751265125053	60.193174189070746	33.80351986300256	19.7902990994922	51.001536079737555	28.374253156727622	85.7559108012437	55.6938113016095	43.013905068749004	42.19725293573982	95.11421574842544	20.050618461885456	27.968707559764532	43.609995378873975	48.24910844982924	108.2628440788562	177.14898808865848	127.45725913654847	35.157656157602624	65.75509407939609	81.70560664562574	47.44684497804451	52.98392039327812	41.28086600461274	54.18578720017863	55.69519796290284	91.5164977100346	41.653226243723594	65.85801851650272	75.14314606764262	34.64229772168346	13.297307748745808	284.06706128475906	116.68822432927266	20.659713569486517	87.49646407352441	129.27907218264326	22.682381987540623	14.765675787809483	23.0130155171116	51.07647181459261	84.66745324758638	71.14963695610803	20.47464300947844	56.09459598621856	384.3673926172071	45.09391963102192	95.81378438209336	89.49114464636017	33.818993365717915	27.23280566394714	69.7412892098153	183.611871714221	208.20914918124248	154.6430967849992	38.46895491570656	45.93327975656926		51.94740536030525	50.13792179929288	55.0613664526158	50.2152834065883	74.31004183308988	36.457521798111564	352.30606817522994	84.5500904784551	58.988877547157	94.3735217053131	192.0267363235257	42.10509913065145	132.49086813313585	37.751105847914715	35.757550951682994	49.97163334474555	47.358349730027236	38.09912247580378	48.98247051335204	39.847281019946855	33.730853153702554	95.55379086861711	65.50997360809762	68.88989007905238	31.47202591126084	129.6025223280493	70.05318295070268	77.8110139904849
2022-12-30	84.944908766223	77.6333988628522	62.99369044451049	40.999550809243374	20.847536990754218	24.981195425276486	71.70533488237353	44.216898288242746	70.07524226169326	19.305823253659767	43.94207106365736	101.07220908280713	36.060139650424226	38.79534010088027	59.16630914264699	34.46458731680799	18.826653136202975	50.04713425626205	28.311858471660234	84.33242000816783	54.84123811542838	42.520698276101506	41.1051951633005	89.21077189128472	19.34003145997604	27.655798220288034	41.48588510956553	47.632507843195654	108.43016907502533	166.36863082500471	118.04578949460024	34.15507049654703	64.09181511959244	80.61442859631842	43.74345635447291	51.01285142173157	40.61676111410757	54.23818212396145	54.717449633666455	89.97774806747756	43.79814954787558	62.56598442432153	72.83290341987916	34.41151294482004	13.006913665842848	259.92931714454505	106.74696166818423	19.990008356451487	73.01250247661329	120.66498104302845	21.977037870515574	13.62313324868433	22.7027598467264	50.479124880194384	84.96319959905254	71.24637352518923	21.948483213257777	54.58005301952569	364.2750981057389	42.753239898583956	94.43143991641662	86.30574910251242	33.88921132656541	26.816237139652394	69.37708765834584	173.49185605653656	195.45175997825282	146.68933151548833	37.71817922018351	45.17778767124287		51.5203442673069	49.393771316482784	53.31398278618089	50.30070549000176	71.10061536008872	36.038842154989084	333.83118171490037	78.64942804501668	58.07813974709758	92.30029641138562	181.64687269639677	41.97185618626138	128.67425749843147	34.75929614127341	35.41423889967132	49.16985105428412	46.57471758702097	36.25466028383512	45.82125175226156	38.5752492870984	32.137472948895336	93.0747145523381	60.49570252009479	67.6294006859656	31.59816059680183	127.67353520513139	62.39500410458856	73.39627057759373
2023-02-01	87.83475872636002	77.86077354934552	65.11825805463374	41.95485759574739	21.71350566223052	24.307460013002117	79.097718871241	47.3493979510378	73.43539090711113	20.303216843585197	47.18872996898113	107.30092730674583	38.52702717595321	40.944391885582505	61.66788267267647	36.81516205564508	19.705898446122156	54.57166142933595	29.404005387341982	87.44137449183091	59.783337052239446	46.53128488965909	43.27611929336177	98.01599195559281	21.349808938547007	29.052373150763867	40.239192026019495	51.586724266119084	111.23098141239142	183.7180295029727	128.6988224420628	35.06869665840677	69.69730924619358	80.09858983377629	48.96729009549131	58.58908411112483	41.25002673040622	54.21801767178843	55.35239554853091	94.73394472482467	50.06145690459219	70.58485596942305	80.88064489055365	33.93241220442114	13.057546071994013	290.8012199614148	119.43695613346702	21.91216822340766	92.25804129303188	139.12541956703495	22.424847754259854	15.107854978109831	23.244785478732005	54.935346437593964	85.24783714564728	71.80008836870428	21.930507079942224	54.06812335019534	388.75795048171733	45.627783888884224	96.67343919799421	92.83894133500198	35.609886928895165	27.959484163510147	68.28916491301655	192.0413751871258	220.4986019622705	160.25263931815448	41.19306798637513	49.2352763096423		52.79468113571625	54.21074099845971	57.09138520454454	50.683542112858305	78.35935318336799	38.818627235572855	356.32462662211276	91.32144405443917	63.0396899595505	100.86301240977065	195.12691562447762	42.355629755060846	132.22596168353732	38.71515356418773	38.519026268519596	51.45801935530914	50.74949322218848	39.35618665196792	53.04610488001566	39.482511945016356	34.31161365078826	96.52183925417916	66.93849898971973	66.82042277637376	30.84698300994789	125.42066893788653	72.30758744941332	76.79535908050084
2023-03-01	85.00333408459113	78.12874042022028	63.03576541283575	41.21369526311311	20.589200441399797	24.519726532266198	73.07508173794788	45.89400656458439	70.5501709702302	19.67797298818533	44.71028413393963	106.09204333159352	36.32466062425382	38.46035578086351	60.1552595185526	34.69301129333938	18.359455095226018	52.85739093697785	29.05742641266325	83.9619370313425	57.969708995392345	43.512980194545136	41.6282289184893	96.73555574970811	20.221042333329493	28.46143772674846	38.73390531872249	48.68676229429727	112.31653555498917	180.13589798466364	125.98967689176868	33.958931332158805	67.90116044325576	76.69993999755195	48.06195368193072	55.814817673380205	40.35827132956189	51.4744628419141	53.93572502532609	90.16266234438231	44.928851097695286	67.96220582918966	76.32879993140358	33.51359927603527	12.67694595500403	286.356157795548	117.59448941862087	20.753963579379537	82.40817092663184	133.25517317473705	21.722357950171787	14.797274143555372	22.77228060664525	53.094522249444395	85.55284137365393	71.12254806234243	19.244253236981223	52.16220271975273	377.6968817619794	44.327886041710585	94.73331482867103	87.3688799757906	34.46025348168186	27.35185712477699	67.4528172072958	187.29713773929876	214.2639445711212	156.72044827058477	39.79148146680101	47.17094020350686		51.247433653085984	53.285875419864084	53.781314157648616	50.224767968738625	73.51606406663109	36.394559479101865	346.19424449788437	86.99026707455508	59.535743295000316	97.66385097003895	190.28026635725234	42.09481409712467	128.20959784697698	37.77884875497123	36.148075399808455	49.491908610289286	48.68129965829686	38.16823095840077	51.15115715881342	37.554043200220704	33.55895571499167	95.84325707023548	66.36438316453044	65.11705955251024	28.955962162977915	119.79236172877309	70.04623100820902	76.07718558964997
2023-03-31	87.27656682397355	78.44632297094589	64.74053657490339	42.28153537923202	21.51668468685999	22.65896773814683	77.00570012041882	45.8291730296955	71.56724390537967	20.260623496275503	45.35058757979707	107.20664512738095	39.14328980036665	37.64076329878436	60.9496199959734	37.40396288885927	18.517333451394276	53.58459703057078	29.134931490014868	87.2527550111918	58.92821335131647	44.11811782700868	42.4028639574621	90.60918261112013	19.97287003159856	28.766380054870872	38.68260122589879	49.84266260174865	111.58311563285307	169.50539497685244	135.06326926221834	32.96522524467409	62.55886226456078	78.62776525821306	52.55976302059824	59.62441271668155	41.07550383605365	54.01177728655292	56.37266144770247	93.43879523655137	45.777847270245495	70.40192127975614	76.45994909384984	32.601244836662744	12.48859506477067	310.8023332044437	127.67851116816732	20.056413663777246	77.71598676669743	137.05922001865122	21.285965409242912	15.85147086751261	23.416506136264367	52.82412253618844	85.91097379435091	72.32434516004399	21.887830296980628	52.50735709114676	387.9956320717496	45.546294378833736	97.42256021992041	91.46593559883301	35.04746806120119	27.7524776970606	65.51395125314895	178.09061593690865	209.27320453369202	146.02706060698364	40.37090700015789	47.885143729932636		52.872662815139165	53.94704843573757	56.31169704343649	51.084313302197714	71.11201452402483	35.29983171566837	355.619069491353	92.0395059669068	60.868962949115385	97.37253065797317	192.91730483401454	42.88172024627142	126.44663648407806	40.33712087189045	36.551566803192216	50.315020624230684	49.42910481677119	37.26134382859139	55.11801533298234	36.78573464957126	30.203836152048904	95.35548025711685	72.8961601736563	67.53168678248991	30.24348067201458	121.30310281815116	71.40274338029411	73.1544275203248
2023-05-01	87.47184400363889	78.72520948676862	64.90318271816511	42.23678174826204	21.34984724937673	22.91825789919108	76.21314163614534	46.36421915226214	71.60241031272594	20.280720313843215	45.82558612785007	108.74032682005338	39.3946655448583	38.02985024810279	61.35953180620048	37.617128103674794	17.74787232200055	55.357857583620365	30.020371123682636	87.5657125068254	60.94647649206512	43.870944528869146	43.640921547228096	88.73546930713043	20.529701081335737	29.90753127271249	40.58035945176677	50.3638284347542	111.15904395932836	167.84757657639517	138.11935710604905	34.24256695195439	65.03262826216593	82.14746324705956	52.69310667237557	61.08353295078649	42.18378131334567	56.22841731516144	58.95784646394518	93.58003132900754	43.60002452013576	71.59738248731901	76.47426479763415	33.08244611287128	12.439588611101552	314.58234237797603	129.20212380617025	20.46681053175054	75.15537699681457	137.2009197702725	21.248830296523433	16.186037683251847	23.409346971095452	54.20265826557362	86.2172418114726	72.44621032260743	22.922863950170303	54.3118160986655	396.52484251852354	46.54347065662584	97.36446085094076	90.912126762153	35.98462432234543	27.94025716204674	66.72746075392656	177.64500684769308	209.22753190793057	145.49999960828345	41.66170585604066	48.9464250571659		53.107233611693374	56.508213389152175	56.11551859997602	51.170353547467045	71.89601318826294	36.61023883156335	363.4568759253501	94.68132562117626	61.53273746052373	99.32911083549943	196.31033228932196	42.93813484066294	129.42468689584013	41.062692651467714	36.318184347328234	50.33777804719563	50.52852478345905	37.53109364339513	57.172779287131604	37.772590866627525	31.221872922189227	95.09877128294835	73.32078495849059	70.27836156667945	31.0711192515373	126.09910938442258	71.27462373886651	73.40435041456749
2023-06-01	86.98239304494844	79.03751507531462	64.52384493808853	42.40685883697726	21.029911305739788	22.95410203706824	74.5741487889134	47.24191110864182	71.45558627198648	20.424462690025074	46.80894343121368	106.87294247236262	39.065726086833095	34.955807520137625	61.002045990037104	37.308561838803534	17.61754559098494	53.75077346488453	29.03346061792369	86.88579566160674	59.2483298643075	43.638554044441555	41.41379290919916	88.18758565908217	21.070582517910644	28.86976877317409	41.54291349652408	50.10233084135456	106.9252497741658	168.1758968333371	147.26097565683153	31.686377387062265	63.032926245337244	79.11095035996605	57.99536411464647	62.97829611259446	41.6457020052532	53.12039607636982	55.11994647954607	92.7760966590847	40.38550539330738	72.72543000691824	72.30770286917475	31.099916661341698	11.843415662108569	342.727802347255	140.77846717526842	19.808803140513263	76.9548699853905	138.14099234846245	20.50115384173693	17.402779685162535	23.22425641932373	52.483517791764505	86.60444906985562	72.2877811932352	21.696608379748564	51.7763001603914	402.1590816948522	47.194491868572705	96.60123090781528	89.54514702802095	35.31233709255808	27.842907914588316	62.304718804331486	175.93978285272232	210.77416258939604	142.19966282154556	40.618046079825234	47.9306778239285		52.7936122806183	54.20669472084509	55.28453236465658	51.05812172616257	69.50414054913607	34.54485618688928	368.63781385388506	98.32342959609143	61.701058301825405	97.11323198547728	199.02863319622315	42.732481072294306	124.96878000748723	43.65260671646183	35.8009562319022	50.16646986291879	49.43087068963687	35.430756458899864	60.20641826241813	34.71306517009458	30.283070652437488	93.03784722423943	80.57475577093632	66.1429236995271	29.069483930672945	120.91392379122493	74.11735524373668	71.73422582341848
2023-06-30	86.70984938874041	79.36527470327692	64.38228867080328	42.466270322735376	21.078562269071224	23.756672661060747	75.22192043455165	49.02514640003773	72.87814321709159	20.847858423928656	48.183606083041624	114.56330003294218	38.00301303594351	36.186822812161	61.7401253781876	36.295813595703784	17.38122534908642	55.18696779510268	29.916722094529177	85.92404448890744	60.72065474800614	45.01440754542677	42.3379482064168	94.15780068824989	23.21589721555859	29.901322028662126	43.15400383784987	51.445679637514026	113.42208253119561	179.1371349679186	154.87781254620205	33.11362176398221	65.80014238629307	80.80859921683793	60.4848202030543	64.31819612992133	42.68559338093803	54.40915598675605	56.31921785508257	93.34427701362104	41.409620527094106	76.52543782117255	76.3429070229848	31.624183304238805	11.997515683173717	359.85408079422274	147.8719022503592	20.381193542949006	78.96355388940515	149.84657317782802	21.372210898909444	18.316411827864712	23.137590289503258	53.293112372329375	86.97358338097072	71.92723186801636	20.842344846682707	54.13378429929955	422.89126278270237	49.63563965400272	96.20218093038083	89.73709875828726	36.056258815658275	28.194075395641455	63.08824779731442	188.5775275912399	223.6668140138575	153.6284730674248	41.706953488905384	49.287479128381555		52.21070038313227	55.55105010715408	55.31859336668441	50.810341386089064	73.0646405219938	35.000917450480415	387.7428812104302	102.23633910448963	63.215328070099446	99.42406424109171	209.77314062727243	42.62906039487468	131.21064706931745	46.02759404413495	36.96352827709005	51.159142951332164	50.809589365625165	38.62668905074759	62.403211906848114	36.36581487584683	31.762476759363466	101.74367267916176	84.34838618985223	67.68656851128831	29.569648011041117	124.99146585519208	82.02559837166326	77.30535802874108
2023-08-01	86.34156336991647	79.69799922127744	64.09041590294633	42.341880801459354	21.21916034289939	23.73235929593411	71.60299063182012	51.98181357358949	73.84550545244197	21.14626410696928	50.006509142255226	117.92073264185404	38.74767850612598	38.31479731641317	62.379894178141384	36.993652410784776	17.355755587799536	56.81954340963509	30.874586707215162	85.01314332364694	62.52179438637417	47.40573130134881	42.92180847252547	99.3778990717301	24.052004282800517	30.461352920663852	44.22384250047831	52.90396320484477	114.71576039823486	190.1219159162376	161.07985140468608	35.13162133262679	69.30005153728148	82.02124784947489	62.047049826807246	67.80069548985048	43.51498592151291	55.09801397950794	57.359989964876235	93.06111918552807	45.281196644059605	80.01172346576345	80.02012722620387	36.17343269239228	13.024679291278064	375.4439517585782	154.29207273244526	21.099450650546896	77.31296072660894	153.95754161343953	22.336291511423685	19.066837366385627	23.09269015289732	55.37633607157413	87.34452204547605	72.07865077699947	22.4105159228332	55.37344881648232	438.71908978602585	51.50815698678547	96.00861651633844	86.89434591384637	38.423959103731086	28.527981085995087	72.65487690841407	198.34791375934472	233.4587277940469	162.5216798621376	42.99186842120547	51.06707955863918		52.004807584624075	57.24639844764621	53.73451768651346	50.91793840376364	74.97763948264242	36.77285342478627	402.2750540202939	108.1411742344078	65.25122095116414	104.06398558737037	218.3142165943394	42.78060876346245	136.34352169421595	47.793250371403	38.86968240679954	51.74064319691637	52.66092672581361	40.10490384069776	66.02293188109721	39.21125118747873	33.556330980443285	105.51598860575783	87.23899552695612	69.19953910939114	30.268973704777288	127.01060982515051	83.86944885851055	81.0685433821523
2023-09-01	85.81877479985395	80.08064140754155	63.68541606063172	42.406047720513016	20.69930813715658	23.79372372828952	68.16155918943986	51.42544047874732	72.83967044979099	20.737157634760823	47.9304797479496	114.63610056302447	38.474803217437255	37.38045318134674	62.744566625999134	36.731265457236084	15.401836997443386	55.01344700267618	30.9258193697179	84.30130281891408	60.51711724720793	45.28987017641204	41.25641194588414	96.12456637907052	22.66486276883193	29.65217673399543	43.81307904344838	51.45007212835141	113.60767637895074	182.449849796403	160.20639877810962	36.32479964176753	67.03676161890449	81.7825234326474	60.62255588992222	66.41778768786003	43.562985052591316	52.33718982153495	55.43449286450969	92.04687032632684	42.12029024691447	77.4006938187182	77.00472422082669	37.473688848464164	13.097928603056529	369.803573512772	151.95548189331254	20.43810587411162	68.4113613788535	148.57622437359066	22.071422739272656	18.89858725983482	22.900862881614863	53.73997234736146	87.76965551977554	72.36790112729787	22.307574120946484	57.04003049740885	432.64602406167296	50.81419881974867	95.21196341556731	84.04735725302699	37.29399772729509	28.715524029321422	75.5293134503145	192.54028751839883	225.84727064901597	158.15609598741105	41.58019205259159	49.29043268406008		51.88276478755792	55.2360520844972	52.17340826429991	51.135000734404024	72.60720581129513	35.42059183715896	396.77316199315453	105.25043590674976	63.15688865975929	100.93123083449038	214.7945393551845	42.86993737362714	133.58951671974324	47.34794249848566	37.23076710309125	51.0661333298768	50.83624268988795	39.106970344721006	64.83482490442358	40.5093153709464	32.82153874933184	103.62424705285471	85.82398474060358	66.38793617275405	28.55848883577407	126.67523527667223	82.60753614293426	81.17549292160231
2023-09-29	83.92114735551078	80.39395653397995	62.32650885319678	41.7611082857109	19.935165052258036	24.79980883686158	61.26563021250893	50.17075426833376	70.59696533545917	19.797697526009514	46.32073990496926	108.72316715960875	36.984728034657124	36.97467117299325	61.700270705410176	35.296455686256024	14.002923318468003	52.9907342580922	30.63089266633319	81.9917119937507	58.271458689852324	43.583878518967886	39.40639027672189	90.07772988513409	21.774431317013555	28.605137809890714	43.98637747597817	50.2089558767672	103.802590068595	170.9267484132537	151.65851249465925	37.19493441300639	65.51247766854677	79.0709481873915	56.57903661354278	64.55624944530817	42.273231758999124	49.7081485248512	52.83902539885237	89.31954806243284	40.00040032187365	73.02959889341932	73.54894478465158	39.48654289361504	13.285724514507061	351.65853067670815	144.51368688115213	19.08883888162255	63.28921559055683	140.88658065632453	21.16782550226375	17.920813722283192	22.544817872173002	51.31425820401863	88.1224032731303	72.32911393243612	20.58589565680239	56.17671880689708	412.5639465204391	48.44869337095105	93.72165388215899	78.18196727820337	36.64811661621745	28.27166333063601	81.27086334144657	181.00169875528906	210.27887997557204	149.77436399910675	40.02715980022087	47.546054301617446		51.11822781330915	52.712729435564235	48.840226794432496	51.096627684780344	67.16094525930646	33.95550563261078	378.3183814434435	101.8826067398642	61.37401635745788	96.67037945028697	204.5714699549115	42.80801046988827	129.37064010078228	44.6573411677312	36.01932985693719	49.50345726975105	49.01829839151472	37.04777874619783	63.375141996558085	41.401397585570294	31.792914639572366	97.39152427552195	80.23621744475281	63.596047913038205	27.195338342989977	122.91724260204411	78.2360053379813	78.85338028676354
2023-11-01	83.04672330415235	80.76427510361616	61.67324513401779	41.814023601713856	19.759760781426124	24.5833118386668	57.151028505657166	48.081367528671855	70.10957446337619	19.86189992519786	45.091369820561354	104.40338638719092	39.352917775288255	35.39386331342039	61.30069412397405	37.57005725132061	12.36168163824815	51.32644620320936	29.929653502765735	80.92958553006126	56.55850146477645	42.31181125261139	38.29997739562431	84.88598443364774	21.51849628168112	28.212576338677877	42.99607053657107	48.88781590875875	107.3844167591279	159.28456375109158	151.36863753103404	35.49694460829182	63.49643871795749	75.99604979482166	57.065642128560725	63.75754364740872	41.81199177025704	49.97877466143104	51.979947628701424	87.70137016385235	38.81489002726673	69.46946716991587	71.49614381700874	37.79524889112886	13.01909866961988	347.3178714460691	142.76950546557052	18.25863914937876	54.81150016248745	134.19904874698832	20.321180710419164	17.768971907479134	22.49467232080621	48.821871687960495	88.53418876972195	72.68459701044651	21.02920727531206	55.3133280012993	404.59206441163553	47.52476263468874	93.4758881173035	74.77643561485894	35.62331281701603	28.10423725115216	75.38629696632287	170.73465351663495	195.617433377883	142.7531941971751	38.766499085710976	46.15034647276064		50.917337875629855	51.24488940787057	46.939244966643585	51.35250900546379	64.74519060780169	32.728226208141706	371.0866674708294	100.6486282813785	59.54462788523694	92.12395691016079	199.59437063935522	43.062881703788705	125.53635900351722	44.17215263594428	34.9972982560058	49.03196204956217	47.51730180019641	35.83072556650082	62.83680855685917	38.73245294861725	30.878614008851315	94.25052301468065	81.03625192407117	62.41325988236912	27.381536997025602	118.52384921708182	74.42789844457792	75.10896504933068
2023-12-01	86.71856686444195	81.13074871470623	64.39303956856597	43.24882812771539	21.03411960199397	23.276208536935336	65.13547280674396	52.57778759484246	74.61512350182655	20.99804282674794	49.30231470801673	115.43996943552942	40.715826127527684	36.881101222303016	64.26620716628196	38.86554207917122	13.713389124609733	55.82713143945496	32.85856950055238	84.47919097183924	61.43099445670088	45.590480937281335	41.90175073130062	93.14844683215688	24.074813182936285	30.55034573172654	45.7411641027755	51.87490041848944	117.57714351868444	176.07506437981772	166.74106914060417	35.61541932694499	69.95804477873831	80.06855374961465	64.3584621313579	68.65102933798248	43.76147853440629	53.38515370435363	54.4209532305147	94.15702084635265	39.419017977980786	76.87115500066284	78.33447504818673	35.897694802884374	12.670187075925881	383.0875986962639	157.44218682628934	20.340333364645087	55.084229384032184	146.9940555989441	21.685247007371064	19.67416292448774	23.056151062279024	53.573195124277355	88.94196243612238	73.45312345414459	23.131444164768276	60.449592523098644	441.0372535298195	51.799004313940486	95.8075604602513	82.0040065406755	38.12176577633311	29.423558145891857	70.08796436813905	188.5305992808517	217.71031997935725	156.7248317068831	42.23726020259371	49.94948813484448		52.449143085542566	56.41373912440629	51.089418253269166	51.89786966181986	73.30731324308954	36.04496866806245	404.55053190007925	109.03494804038203	63.7034824783567	101.2302070013294	218.43364042377414	43.486954709737006	134.2083089707581	49.13037404931271	37.399495201659654	52.1639983420767	51.45529249275853	38.99947598545209	67.6274014179441	38.543543884787404	34.27328129127889	103.17508601521169	90.90167318736572	65.16025921742511	28.858693572861075	124.80783332682027	82.89963426904252	82.22265270540908
2023-12-29	89.60082629753737	81.46523116347811	66.48692308471774	44.59822118636512	21.917140291372554	22.796454012149557	72.5993559218287	54.09743805868166	77.55435734804585	21.48849243958785	51.98674238667435	123.02937204765729	40.95581895472805	37.90206136507476	66.21595161137965	39.07301367925293	15.033101135113093	58.58351608337066	33.990066303441154	87.34691752990358	64.48108196576949	47.07125449352341	43.51735434448015	104.25617503321297	25.667010046875127	31.385479530554814	48.460610260006234	54.389375738740604	124.33911097758909	196.31337032995125	173.4662206167037	35.7200487437766	73.70106134988376	83.29259292458994	67.12848386818003	70.9755408207379	44.5452998498224	54.44960640795567	55.77109747496698	98.29456231463753	38.337227413052815	82.7213255090323	83.14154613629672	34.84410654677272	12.31336792723429	404.28061441090153	166.17497360334255	22.11653383399498	59.160550070222435	153.90032090748508	22.990039485538666	20.5394955944995	23.59025941081319	56.980371875955186	89.30737475275092	74.14545026667179	21.936998348496118	64.26759047288202	460.5839093984526	54.09804654259051	98.00874238389318	88.58873411306043	39.54916664947936	30.332798106233724	67.41990852597033	206.48175227733313	239.67542103242974	170.97811661234505	44.35275590484044	52.125374527070505		53.676777025001975	59.17942500968077	54.99533731989111	52.41235095272819	79.74689409442597	38.51331423294517	422.51340316159354	114.62822453914427	66.84258250570355	106.50493666312384	229.59632879085427	43.898085670751286	140.75164782287135	51.2313641200728	38.42818701936099	54.38710286450937	53.75516309732626	40.7489084743184	70.49709785871904	38.687681190435015	36.07278482126313	109.88605462047961	94.73244255343317	66.76233617838437	29.1866202719711	130.04266654441497	87.69646941727643	88.49571291906665
2024-02-01	89.52066567217207	81.84433077862155	66.41790677572132	44.25401378131855	21.31137945834264	23.48227902967541	69.97450780115611	53.413082586753085	76.76111758441716	21.269766299702827	51.17027756353454	123.4509132321743	40.52912719902015	35.876564188124554	66.39012085293	38.672452536938266	13.545788506245584	58.5548989334095	34.96684118722709	87.34958026308445	64.46092343856412	45.5429254648497	42.204704549991526	100.73546773735757	24.79379372430656	32.53299712077446	49.61496269370693	54.876369361707944	120.90356894075549	189.6404642219642	180.57635929947077	35.42825303972991	74.649453116871	85.87275095217	69.577902693781	74.49629219107389	45.65031805507086	52.87948043666222	56.53049218251779	97.99046088651244	34.94211150753212	82.0950917836573	79.05638142619634	36.00332288473098	12.375558327211612	415.60591385675923	170.88027603878098	21.300919400097104	45.88055704362999	150.82622665579558	23.20183777212279	21.316621643413356	23.625543973890636	55.86136910512833	89.74135036977935	74.4304535799919	21.10793823149015	68.70469039051589	472.35057330156667	55.494092220777304	98.1585736280738	86.72238140098045	39.23726131657417	30.467092818654262	70.37564290412274	202.3361699891943	234.4522818758574	167.67946511320716	44.179352426257395	51.66358634923761		53.799439994745654	58.81615783142496	54.04968024874388	52.615019461914315	76.41541918410968	36.94659325003363	433.4142613153031	120.28074645830866	66.80436577888936	103.9100224144969	234.29403188877404	44.06120256107512	142.9079662609183	52.97332970369072	37.41106984517924	53.819671056485	53.24011587178891	39.498824326628764	74.31327105974489	38.409472659233415	37.25185130876535	110.04435981589623	98.40704801985468	68.46565400982568	28.62825588317117	134.94049400229122	84.63728712029413	93.01891673825973
2024-03-01	88.25573038961514	82.19179984395396	65.51350233639734	44.03498594415646	21.029332001452556	24.255095911343428	67.56153851813497	55.02324434313094	77.19501899387399	21.13849923242057	52.81221056091542	130.02439156164547	40.860336864390845	35.76928711744783	66.4514999029701	38.973448656086106	13.467278606902918	60.033138665295795	36.908899455955606	85.61170728837303	66.17410848056284	47.364818465374455	42.037483859163586	102.92575670273965	24.901921583820737	34.38371007059685	51.21385706636204	56.79725602428505	125.49468226975723	198.46960112987236	190.97381954994174	36.13917814549846	77.51102943885867	88.2948660953568	72.76072245465083	77.79598669970444	46.49123245820729	51.87966776332003	56.37120938494388	96.13229897669727	37.4131704622737	84.50367875759454	80.41231297327633	37.23214091348591	12.254817003648395	435.23838651190704	178.95707428891575	21.22692998909484	50.55718355205953	160.92638649547865	23.500324923536247	22.601880004167338	23.41137185711559	56.66672542239664	90.12457448237747	74.17372672889478	20.92099709960297	76.31099405179106	493.85008096708293	58.01488686182096	97.29679712204643	84.37342799869639	40.738192541883585	30.50367319673962	74.18127117123561	211.94263898305124	250.80346126998114	172.8491172260172	45.3466642534519	53.28080297889821		53.048127292609564	60.133242529751	52.611725133059295	52.42498873983882	77.2034106574416	36.655903202185954	453.1324188200383	124.49323080899921	69.2680080822453	105.51356310399902	244.99755319862268	44.0475671032032	147.13525761586027	56.14852352375071	38.8117148480869	53.937801744020724	54.79448657936495	41.615635108995065	77.05729402528279	39.75448170129239	38.65296757160216	116.76315680047504	102.46574883716383	69.18083986687418	28.54072878521223	139.49361955703665	90.01904968727102	105.07671427604113
2024-04-01	88.54975779615847	82.53245458426383	65.73400968825283	44.403618585941715	20.993606587301503	25.537294762232204	67.13224835810234	55.34740130299675	78.46657005168912	20.93390524302319	53.97961226127927	134.34614191302572	44.098514529913324	38.05749774336801	66.9447292423574	42.05930999130478	13.413385495925588	61.67858872799516	38.86626716855804	85.69583418974578	67.9255905217851	48.175732724834134	43.84043030472519	105.15461821999475	24.869464499167705	35.77930484663845	50.989336292864564	57.75584008069157	129.13536103863584	203.02777386027125	193.41490483904255	39.119337434526514	80.84748700544624	89.11583563017258	73.75304016584715	80.35085301684425	47.264026586427065	54.65407852414364	57.245535704541226	96.80348128354447	37.99161701477045	86.92544846343067	84.89228408007828	39.29500475456497	12.792425587348584	438.81935166132314	180.4538239106597	21.496828137285174	49.264645347900384	161.6016822878543	24.379403582167203	22.960676977166194	23.470751761937805	58.205745409061166	90.50243226759795	74.29677888256782	22.742721855599896	78.80505724574041	507.2009207428041	59.589179262942714	97.48745049373096	84.06441681940454	40.713938897169086	30.766735524566343	78.8702893725318	219.2777182003016	255.61892783762067	180.90431317551332	46.64881918489829	54.63449828778836		53.094606363808566	62.067841599963614	52.55906004846865	52.5194948133585	77.4875258803909	38.10310934549885	465.46289149392686	128.15051884446984	70.68263770525195	108.25855535008844	251.71782348182236	44.22387201859394	153.62294278078832	56.75010337901604	39.2894638452569	54.81080364694972	56.15115111192023	44.15979885399811	79.58909549140402	43.7061904396318	40.33089318941177	121.16295420228917	102.75965897687007	71.05950991642052	30.316480659531614	140.80077348390262	89.6507364561758	112.81929746121818
2024-05-01	86.89179770658457	82.88818479494492	64.53368964601962	43.945066902693895	20.387333180074627	26.4599514356124	62.49031202209163	55.90099055757234	76.99597266513095	20.602129054972153	53.06550363094673	130.60203588771677	45.82476082070206	38.458953925449975	66.4352479523869	43.71104999452724	12.77368814382569	59.8975417034471	37.1882272160617	83.63891061587742	65.93697261784291	48.307042304990574	43.833270296788	100.76012217760056	24.25363855007154	34.53823350178399	52.00833330479834	55.3368823683831	128.05752050111195	191.5585353303802	185.78544234163274	39.23431057050911	78.58920797671783	86.10418025790898	69.29577096330374	78.28557878390531	46.15170078478694	55.59191193375388	56.609520937012086	94.43610107020667	39.98930019608311	83.22654176181346	82.85230880160172	38.94831643537393	12.929350201613136	418.9582967653806	172.27105004014012	20.34126893681561	48.88725646467009	154.7623870693309	23.46088185350243	22.067026412336148	23.204593498832082	56.41387999693772	90.90779401992187	74.13886494263426	24.37338375895804	74.62419219966334	488.2575130151219	57.36566946066051	96.35386146506082	79.85443390054614	41.57477710457242	30.57380828587167	77.52183103627898	207.36062067484286	239.72238981166103	172.12872494300998	45.248498777748004	53.47907624717293		52.26660204321296	60.69708911450131	50.13822288479081	52.41297915708988	72.48307557568295	36.91348778054953	448.08275624271505	124.11529159909843	67.70384378832148	106.47505860498926	241.60147854340642	44.24163686937909	148.4522415858889	54.44861241542831	39.69372638339902	53.91013992586187	55.02097826409623	42.52235901749947	76.33260542089542	43.25693635300612	38.972222843399926	117.74812763675752	96.59331517045398	70.47377506296668	31.2360500092068	134.67390936250555	85.93934375480117	107.39348164874346
2024-05-31	87.95761474806463	83.24854227960225	65.32447536562093	43.979855557120786	20.59390288376484	26.416423653368856	64.15494883879066	56.771271597392605	78.45236471457658	20.98571067487959	53.80201404762808	134.12311206574685	46.28874432964058	39.26439839352318	67.109965996787	44.136508084605325	14.415004820030763	62.495025818558446	38.30061574421167	84.70166259264185	68.87109460969396	49.45608615413093	46.15318261142931	104.55782812039155	23.946672277354672	35.9678807557442	52.74959657611093	56.750009320533884	132.82068915125757	199.34555458125521	198.5607016046397	39.18732267337165	81.89712218249649	88.06151916035421	75.55875909133935	82.1041490420553	46.95210131505601	59.19454955114482	57.93588536007202	95.99570100910438	42.03368840552886	84.19090163817702	85.067740119109	38.443475459419396	13.022158609466404	446.6641048863453	183.89713352881907	21.000986353037852	49.88642782230811	155.0333716110821	23.685418161002257	23.4659554084857	23.521022586334688	59.101191603571635	91.30429461797532	74.5154421585805	28.201774327999942	80.20561988645612	511.16558092658215	60.055977266925865	97.66793499605893	81.4937251449532	43.783897344551164	30.915020085710054	75.4171273427944	213.77754865828783	246.98276852297232	177.32027901929627	47.05817390250461	55.40559139274222		52.80297950818954	64.14013150153501	51.167625215188856	52.69127539127841	74.73314828326576	37.69705626598141	469.07654016410754	130.19778748336284	69.0698184101719	110.75264156156075	252.20313934591468	44.59853341042373	151.67291330498924	58.00731994201861	40.74485682207926	54.884378326479634	57.026562270463415	43.406828981782894	80.50950191216637	42.669422546178474	39.82338135053284	118.85566953514203	104.0750301884764	71.8752283600539	33.49129379619825	137.06621332792074	85.88245692298247	112.58096576825638
2024-07-01	88.79063483175182	83.6019862204407	65.9470006953098	44.245524991559265	20.40008178493946	27.136758052018056	65.65659170200854	57.655815517945385	78.51963501223761	20.63627137647068	56.02430389605495	131.25327931876052	46.117499988928444	37.6661465576197	67.61013458072166	43.971512914470715	13.026087798497514	61.537280952729084	38.52924019881034	85.75425775889977	67.8582978739004	50.49858811642207	45.08166337354088	102.13368916658982	22.359342620562373	35.99180668429156	55.50330943762036	56.58827866506342	130.25229674673295	196.77483629201402	213.92095487573738	38.624079102462986	81.18240554228103	89.96129090706701	82.04462301426008	84.92882796383509	47.215298481375235	56.768992307679575	57.307638496283225	96.70631605893522	40.4167477534073	84.0051310198968	81.7051755397903	40.326115694538856	13.023132638430967	475.3689092657991	195.49201332280853	21.262503449228703	41.13480619048545	157.0481453795225	23.82496827678463	25.097307375768338	23.72888190519714	57.52108269214212	91.69908741976909	74.94725542094992	26.690334452614223	86.33928431531247	531.2075114935217	62.41934861688826	98.52261110764503	82.95508507620647	43.830907728188265	31.133948170094392	80.51862897176554	210.45126028946004	246.08701377050193	173.32578716566502	46.49819352316968	55.19421527807699		53.357637598089276	62.81414274474312	52.00835269417419	53.009325323326976	76.388783570366	36.6995224424322	487.5954590710191	134.8212149291532	69.18112074957199	109.67880366265479	260.78785860896375	44.865206780752274	152.59600967029178	61.99537094088693	41.310944958232525	54.93455488964345	56.709517563915654	42.04010713660965	83.31393075365074	42.49800694570914	39.77555909937102	117.66534515756442	112.04879498842898	72.07624427169453	31.948717079131605	140.00587613293254	89.76914413096816	111.53564778562101
2024-08-01	91.10103025507141	83.97723383160799	67.60518972751792	45.204409259586015	21.138147002818677	25.733539248995662	68.87262983758554	57.32557045834901	80.4561746106494	21.108193457962646	56.25097576986457	134.85360856289813	48.21270018842635	37.76861963642234	69.02409124371763	45.96054171303993	13.59399618563726	62.36991318408307	38.43426193234349	88.42579320191922	68.63859966816166	50.223833965119304	46.956351275799136	112.16659707883429	22.188833390308	35.79804861388236	56.52045734767721	57.47032957795338	139.88163913569412	214.535049643028	205.2862393723288	38.67238411680009	84.84985664484022	93.24655268823757	77.45322047757114	83.11143322086599	48.06198127662192	60.58148059434163	59.099077695129004	99.36390515696668	39.1967151802118	88.3069210158838	83.36348334406242	38.33613500261824	12.40108146578753	457.50758486364373	188.14787954587004	22.746454590130455	39.25932108837481	156.5858409560433	25.24354968830947	24.39546044041076	24.149278502628945	59.41234835888709	92.11359701137695	75.88808847824778	26.04027538845597	83.32134745533708	531.0634866881572	62.38730580191779	100.25908499272134	86.33738903644718	43.43429935907759	31.77847628238643	76.3809213213203	223.16897051277118	254.65679953759366	187.10094056321682	47.095308156829056	55.678393731753545		54.70632774117216	63.32390507924232	54.126578642852664	53.67520811816628	83.42516137780629	38.24285900784035	487.3604164984936	132.99231002144057	70.05492026693148	111.52532725084558	262.37542788080134	45.28313205922474	159.01568529599933	59.82283701184362	41.24874631766066	56.19910194144627	57.27705357168704	43.959783065778396	83.34513735731258	42.801299760633384	41.935598962955886	122.51596583877313	105.22575638990503	73.81046165717359	34.303268115761504	144.87452994027296	90.49746645969618	115.9852095163304
2024-08-30	92.5416531815617	84.33600617987756	68.67534930205667	45.492725606430504	21.909861378703514	25.099143950228452	71.33913578276528	58.326524512804724	82.42420240401668	21.80768206344831	57.54950844988306	140.10494855368663	49.732054625019515	38.129585114520566	70.21607972012748	47.413788557586024	13.836282691217159	65.41437723720541	39.96561004817733	89.83775795539465	71.92117441114728	51.318148608457214	48.9929959376509	111.89013612967833	23.486582833145874	37.24064423320243	57.04706323508394	60.2164627230251	144.83988575156474	213.9787310516041	211.6854460182584	39.00122007041402	88.79181893422505	97.79235139556533	80.02138986841061	85.25388785083769	49.45853710093801	63.253662825839726	61.872007317849466	101.45373308882618	39.73959483177296	92.35623894377841	85.45810265902942	37.45278818917318	12.340903856413387	468.9215777112337	192.90756796276716	23.943039367850528	38.35127490507597	161.42704090659151	25.849902653884037	25.08867747984383	24.417913319301924	61.618758446429	92.50996201940283	76.5453355338924	26.618003532988862	87.36716761635273	546.9914889719851	64.27362485309075	101.34826903059653	88.67107901418152	44.37355519028091	32.32177065767953	75.34100702797193	225.55354164929778	257.67416789961146	188.91191862840964	49.18145260436988	57.91948625997765		55.42161699321255	66.34244127181005	55.46283636993909	54.132279656945244	87.0597904780434	40.37054271265157	502.0798737402966	135.62830507762578	72.77783212578836	114.72539246484192	269.78666342007665	45.57894370069766	163.85377132979158	61.76275473761559	42.143868567355376	57.62442675729722	59.467786707991635	44.8965224848132	84.8427305623112	42.41644779114344	43.87380152589259	126.68279575683727	108.42614462889958	77.58796395108521	35.612691663998554	150.69126857327643	91.23817702091009	116.12053561527276
2024-10-01	93.77879083365248	84.72143099501773	69.60304021206096	46.14092715989875	22.354507243548507	25.47246023201386	72.88670751017418	60.14510328568293	84.15952064360702	22.395830732256414	58.036703323251174	144.78310554034329	52.538615631679434	39.16074043120527	71.39850477037544	50.0747588094913	14.151462437615901	66.16275722650336	39.54853156129117	91.07179347449932	72.57846791046967	54.37917781033457	51.16827907938555	112.27825500192893	23.490024519342604	37.39584183524756	58.073645344448494	61.554908044213164	148.42131144431008	214.54267387852536	216.40436580364178	38.00266070756122	89.78004135575353	94.85621951469177	80.5039634545014	89.89145443300944	50.51102621173004	67.05297289704902	62.49109710492391	103.50694454401201	49.17436130552296	93.83495282415589	89.66317517210493	35.745544611175696	12.480700309091663	479.52013663540504	197.23652296711498	24.72537969312109	43.82319810262672	172.75878609046453	26.169261759534276	25.622712045352763	24.782659337682105	63.04046954194894	92.94223163747208	77.18067275239889	28.634149606735114	88.89327713642486	557.6982936445145	65.55651095560663	102.84234381419563	90.24721319012194	46.87963815199555	32.82625134762247	71.14044020278551	229.39868718496223	263.1222072282709	191.69600454812826	49.65473498387421	59.46204562930107		56.06727800266957	66.47059786401755	56.49886474198279	54.60008569631704	89.84760213923022	42.59056552531828	512.1093906381183	142.28298101938418	73.83248589027066	117.9683853655211	274.91402363601645	46.06951339810915	166.8783502568313	62.94680957198321	45.431155683704276	58.83026810891484	61.0587901907647	46.36280212392556	88.11761348577559	41.67775271421722	43.79629472826642	131.7009473415361	110.16878913095435	78.51764041322025	38.221830267656415	148.23043145635148	98.32430618487464	118.24243776196761
2024-11-01	91.10432848704902	85.0634190799232	67.65384996877373	45.70030603185624	21.19847032060554	24.45438578508975	66.49606204649766	57.972806977927554	81.99652190686874	21.353534286529637	56.068868688383446	141.4989491745666	54.41266164364827	37.681771364726565	70.8028086027187	51.856716420326656	12.734588730334039	63.235655193549896	38.713565712522836	87.57088740951177	69.12632501397269	52.63348758449783	50.17371097157563	110.8795984099674	22.173806579347904	36.234594388264014	54.51404260998501	58.26427290013763	143.65441570602172	214.74565827948877	219.49209170881934	37.52784874117264	90.83494828582532	90.97031897583511	80.32616996977913	90.08015170792689	50.36783058643389	64.51934433269095	59.90176288541086	99.73871088593408	47.20542650927053	92.40580391120051	84.80599009963288	35.923247641435886	12.484659386642626	483.9950460425929	199.08518988970857	23.70399909259706	45.54427520893179	168.56550415148888	26.196435382870483	26.014084474610957	24.232362541292765	59.36634850322427	93.3283144328463	76.64747755942348	29.955414755852196	90.2093758977586	559.8816206437175	65.80327315982868	100.56675137359952	84.29718605196896	45.00015412752867	32.57178321555913	72.05820844764165	230.318065018974	265.8759189769352	191.44095399383394	47.42789681059496	56.9915264719641		54.561269968036655	63.38589108592005	52.96143671011869	54.22619866873532	87.12353349178639	39.65765468603159	514.0256686579505	145.6875114188141	69.9561738631497	112.77085869621733	276.32848413325235	45.78980452854717	165.39413547375545	63.96823249562497	44.132976155547965	57.36486802213031	58.55699971301897	45.042401804490694	90.11014524283732	41.521926748240645	45.31365141654118	130.82688522403492	111.30733805495086	76.06104471297218	37.28406060918654	142.71990288114387	97.99810809580455	119.83231422351474
2024-11-29	92.00307564042367	85.35014458141036	68.30089187698356	46.31472082786804	21.17365780882249	24.57205264801456	68.26301620845108	56.9021042465648	83.31521022791449	21.2830725388368	54.828848624176416	146.72965082902033	52.49714793232687	37.280460763753744	71.77903479018612	50.0413043769227	11.967192852849825	62.90353408358784	39.64164826843604	88.38062316683288	68.19037371516856	51.12662685696682	52.168841570414145	122.22338992832698	21.25913375848069	36.21714013471146	54.35019751047501	59.20399147666143	152.91437535263793	236.1394345635042	228.5390372264584	39.22866062956295	96.65058040440405	89.25202624289739	82.34456805867012	92.40229532868608	52.23842183741785	66.26765460244496	60.86355777962112	101.28640113978055	44.890193435394956	95.67648076848899	82.93690061912253	35.856326192987254	12.348371033828155	502.983952735124	206.91941292729476	24.40990694411185	43.928114103426054	178.03028705267585	27.42071404298518	27.458317787049314	24.353365423539408	59.22910849850496	93.64960485753296	76.81670949688383	27.792611321658082	94.93546881413666	586.970493661644	69.00568758184991	101.04853870973218	85.96159977391319	44.3577611389803	33.02471469186668	71.78009764679152	252.89093309479966	297.5344510493517	207.29514917793455	47.11703814848866	56.25309307312793		54.88139113827896	61.56798699429079	53.97315866404726	54.35394465322042	90.85528141630903	39.136403322527116	538.7271541724394	151.95479880103807	70.4563685687553	112.06144022947397	291.8835319955698	45.99475059209012	173.89907203801158	67.3106758659803	42.99913697387748	58.267648373955765	57.91113654710449	45.52278573237257	95.72730501243433	44.913616949488386	49.69113314106534	139.7834442945532	115.30386391452942	78.53847598350335	39.07047170774447	141.8363657489988	108.72149186606147	133.205690148899
2024-12-31	90.70765195267498	85.69620568593436	67.35156847911821	46.09640144615546	20.632827466805523	24.37930938586518	63.041087943951645	55.97821022848114	81.75213656904174	20.895005545194667	53.616336577822395	138.89406585008982	51.8838818250776	34.61624906947892	71.33719789394908	49.423487867493705	11.20050423434996	61.37350808874915	38.458255234114844	86.671247483435	66.75833447635765	50.478169323837335	49.90956481508657	112.7736381004294	19.746652059635124	35.35569172976827	52.78808743389559	57.8860168367776	144.73397793440748	217.53349759794207	235.69148628759535	36.04768347276515	92.85126047312178	84.12586168081756	84.43749194155035	93.68702893343526	50.3320999315999	61.744129560913365	58.361677850844885	99.07611662285916	45.7275393383495	91.72547842645395	76.42781445405285	36.95279999332119	12.440537086557244	511.4244358028251	210.3967457260052	22.611848404795904	38.65167657215087	181.5470624026558	25.677660954236057	27.926993725476237	24.019372815149154	57.97656027985325	94.02215624793465	77.02044443908288	26.500672888795275	94.27937187834966	578.0015879952282	67.94581955512143	99.55826994927726	81.26284858322035	44.630678851908556	32.82466593672108	74.86563541067139	235.2779369450523	278.850160475615	191.55216614196178	45.84719838826431	55.20881745991542		54.36468851573663	60.39155186306267	51.39433067657538	54.50119746937975	83.15161779225107	37.794883394356134	530.7061607840208	153.30075567454838	68.27428253710292	109.82212205335998	285.43435413183147	45.95424617558983	163.5060282689562	68.49895788803371	42.814083584885815	57.211222939297684	56.71416425376806	40.807170832126104	95.27323502023253	40.36811492653251	47.19530589682364	129.43365836884044	116.11088566609415	75.20597391740785	36.103666799033334	133.81063432699787	111.58393082180694	122.29962757851251
2025-01-31	91.2402206131836	85.99380407226325	67.76647618588164	46.15704155803564	20.662696543183934	24.68480132707984	63.05688081743922	54.60888149455765	83.11821028616428	21.323689295185737	54.408244348385544	145.06123630227376	55.23877714173911	36.323057688754474	72.35664574312398	52.631065000277175	11.092670050789755	64.13181808921183	40.346324428933656	87.24062669561499	69.90739781454916	51.150441395807206	51.00995262342243	115.98685843517373	21.573686067718363	36.983482938017744	50.83636623235504	59.00013257253158	154.88675827714874	223.00697424823446	237.03620598340416	37.52807093122806	98.62234488666881	89.30513412244866	82.94952779630653	99.6336592961325	51.48077778323933	63.01707820369884	59.28234097516062	99.69702142660941	47.20433828346021	94.42933238407501	80.10539355788566	37.73090719644752	12.824431519038278	517.8424105217539	213.03290523309448	22.959460822370197	40.113672079715265	188.51946889686633	26.232071131565146	28.285200052312007	24.315218163119305	59.71260371194664	94.36278058296784	77.3516801627898	28.391504484732263	98.63633101661131	591.2627564587757	69.506741947134	100.83726622051151	81.70180358715945	44.21224466868689	33.29517161504273	78.03072476626814	244.37270502243882	289.9226635135145	198.73342131064797	47.91138239269994	57.08911361446096		54.699869255298495	64.1998532579454	51.71261988391569	54.740164909424166	84.702507447101	38.2972990050363	542.8854828947653	162.86280427541823	69.92972122416367	110.58821303507416	292.9570306713552	46.37695007305196	170.51419779581292	69.31132868651481	43.05291687644104	58.077439904525185	58.60886350900137	43.04908740482639	99.88747497601042	42.15840060771777	50.16487785791203	135.66078711342175	114.67690721434342	75.57978902038604	37.04737327811246	142.4321485400248	114.36909274625927	128.99315965349368
2025-02-28	92.98925657500799	86.27575012224969	69.03659189518027	46.53215990464743	20.95344966018036	24.207346292194845	67.19184205387111	54.177154552181534	84.5742943710656	21.52611156537537	53.25518128971312	144.55501534813615	56.96842551312144	36.169980172385365	72.92494221612682	54.2707036776985	10.997000800006557	65.50837354966148	41.391313154933385	89.35725465670725	71.66479842126786	52.04577415534957	50.895356074994346	109.22888152386453	21.421763330609686	37.70842762380308	48.482769200100954	59.26598700327852	151.82834400695253	210.71206109575184	228.57916682716444	38.01450955135534	100.34954400525005	90.60812508969013	81.77817940449324	98.90486586962639	51.89840593373819	64.44769202929419	61.77574882104085	101.7440319979795	52.6848079486885	90.59599873667254	80.76019015464618	36.75089295300812	12.934191826150899	504.1415086401456	207.46540069334085	23.536269858915315	39.4416210069063	185.13233458946092	26.6474041228725	27.05002353910082	24.766562467266706	60.234427711917576	94.67436573045237	77.84456765703248	28.52283774456047	97.96851072692048	580.9784294253916	68.29457951773192	102.7082864651334	85.61110381633334	44.1884554129186	33.567072479399705	75.05502672051307	231.8191653985878	271.136634401793	190.59173337930403	48.996884705247254	58.40980877406837		55.61982000613735	66.68322141010381	53.99281397694742	55.09467897274437	87.36949973975507	38.67735493049368	533.470135544165	157.1856047803228	70.56135763311497	111.22889757894531	286.12019489006957	46.87120089707751	170.77491629043556	66.99705000714273	43.775426218466905	59.11024572329484	59.83266071676856	42.85010159423814	99.51824283249327	42.86436768400577	50.2842677609496	132.66927573106204	112.01815741815636	78.92347805886102	37.6466829361934	143.89616332588156	106.0616187711963	120.08421029817578
2025-04-01	93.27540009192096	86.57766666514931	69.2540171387976	46.105035249029726	21.13412095514842	23.798783907209405	66.2172361575615	54.180717977646964	83.96030567656801	21.741053169726904	53.40578372246386	143.35369652358526	61.51818641557651	37.341234538806276	72.31943587950633	58.599781393500365	11.24815149450708	65.7993629460371	42.18500112166511	89.98715166829257	72.10201148627759	52.24891576104021	52.23858487862182	102.7697346336244	22.43410421431802	37.84264070088197	51.2663847391032	59.17849626152647	153.04946314873214	197.24828619049237	211.24746906246685	40.03439834176842	99.40457013184901	88.26847894902343	75.44056778434884	94.17003382691033	50.39900827040285	66.30982172823113	61.77227925617253	101.55815192603544	53.09868828568624	86.78873218420404	80.47887018636473	37.07620214782226	13.092897815783346	469.4406727979655	193.14355545140825	23.020295896177164	39.2949219111254	174.9074901518313	26.382157534153617	25.083293657904388	24.99339045305055	60.8263789618348	95.01395166374544	78.26059126019604	30.797839568835823	92.02460467766949	551.7293848219064	64.86332959972265	103.63735440268196	85.17936105090958	44.96156447706876	33.26418661090943	76.62076405462624	218.40325821631933	251.690315269714	181.55485598911707	49.15890890170917	58.681564859415545		56.06270938079078	67.28996510838478	53.864577343806765	55.3842917811676	85.42265472307203	38.775587787057276	506.6789927014281	147.30831892158238	70.2728137917534	111.44982071909374	271.0882923731591	47.35437786393876	167.1078655732123	61.92237622705095	44.06573325613256	58.81179407644345	60.090510185723375	41.8722818339302	94.9418259938268	44.729788353667395	48.65107143796384	129.18876990297088	103.20637415344741	78.12914049731647	37.72531100237033	140.69130943824334	98.38782392858684	113.38244247091026
2025-05-01	93.43448930011525	86.87369046221984	69.3601244849216	46.77972164518789	22.24987142821829	23.681210225966257	64.01666315442554	55.01938612997061	83.76265319246227	22.411441400179033	54.60587871959754	145.76836949258617	64.75521789992574	36.362188385776946	72.40932687375644	61.66910181897782	11.537095037097835	67.89321649697777	44.29451786184824	90.60908480123888	74.46939586373574	52.10655863715651	53.86778744461952	98.4551241262294	23.418811812516317	39.795721895942194	53.50573300558637	61.20693572963451	156.20874627592724	192.436640187841	213.76245827176996	35.544961633948915	99.4130754116152	85.75591974999796	76.48029159601757	94.6516357833122	49.26875009933178	68.5040753340798	63.469321161736616	101.06726551356438	50.184813004577414	84.5689770545967	80.2875425372239	32.1472995543935	12.063527003576574	474.4331403178071	195.16460620914623	22.942239012905606	37.05685520120461	174.48391487656244	24.409669088273958	25.359237852317953	24.9974214757628	63.257760604336525	95.35075704012587	78.79230919160261	29.59700248422515	93.89026886767527	546.5504726689903	64.24846061196271	103.6484181817225	83.76392986749565	44.63992672594097	33.272454160994926	64.91315250586844	212.2030142613434	246.93258596566375	175.0239401274815	50.706918550309666	59.90544720988899		56.60548239019388	69.35685369552922	53.12677188301271	55.76949901142104	83.45597925377369	40.88393104115618	501.91558626310484	145.24906707337496	72.59589448624047	114.91677940168266	268.5736184087024	47.70661645837396	161.00884674609608	62.99970653590098	43.814588758095084	58.68639367621826	61.37512822496811	40.60243802160303	93.78204842329075	38.81557244728836	47.57584698432123	128.87900424476703	104.6207400030903	78.03242434398527	37.88801013146427	134.55358580708457	97.74669874849809	114.24614495855167
2025-05-30	92.82997236724901	87.16361046063943	68.89183712659168	46.79711912497933	22.22643033688035	23.72995138298274	60.728442071078995	59.11285756284617	84.53300517484226	22.748447939665837	57.40282936379834	157.679599994355	65.4076558074006	37.54645065027039	73.49591823439036	62.29941135844648	12.370666593793398	71.42793714016204	47.21396215356832	89.56945971327487	78.19410237949818	54.919287364179425	56.13409799079553	103.40502441535521	24.031454947597027	42.05917688732996	54.38969096865139	63.81644131169	175.01493212779164	202.25883028332686	230.64369761208167	36.14817175076104	104.75570055017758	83.38524755057671	83.12833002305547	101.38455558651334	50.20485658672706	70.34771729043977	64.66114319075032	101.12795937857027	51.84135198524608	88.4244495570453	83.29832121325144	32.87393369462805	12.145620446056355	515.3914559361624	212.09674676846237	23.505799782841873	36.0111899169724	185.48068151519468	24.784784340137023	27.368068406018384	24.833383780695133	67.11668515661731	95.6709159245178	78.64948337735078	30.103657513922805	103.86794397083082	579.402694180139	68.12115464030089	103.02222024926209	80.99727746056172	47.334374428366395	33.77052459042251	67.30047383247238	224.08021565741717	262.20226531058074	183.97503004265224	53.38333388433041	62.84337410872669		56.20557462759671	73.12943665083387	51.54329711517671	55.67584101060692	84.1741522303063	42.04106979520009	532.0696127738318	156.7785199182524	76.05606865430369	122.40486877357114	284.78343804618135	47.55786741540675	165.91908533387732	68.36114191690675	45.84007173504344	59.201073369680614	64.50621254154107	41.9821373140167	99.49037827880711	39.13223129952684	49.7188547568979	140.0887489473596	114.60790077897133	79.12097286463485	39.0673185515826	128.9101644242153	105.86743997531666	122.91088675578584
2025-07-01	94.26186079125597	87.47422700476	69.97729047296116	47.034871782543625	22.805517072772737	24.350657410079975	63.21035894442997	62.467446818814885	86.83805161052825	23.41529360404936	61.5654978904573	162.57013855634625	65.77966868892422	38.97500539494605	74.79590043987626	62.61871120028425	13.002358367597978	73.29502289540898	48.650407995946615	91.05900273712986	80.30175257935984	58.47140793380762	57.22570802111656	108.22956034736256	25.174132675407648	43.29433265616693	55.725107550164736	65.6139773334711	184.84788157754224	213.83104190593951	243.27226219852577	38.14903806442514	108.33601960215377	85.16815308390203	90.57964548453846	107.91420503395955	51.51822316803723	72.0049375607814	63.99486430969176	103.43768216537825	54.20021444435474	93.19850071984348	84.32064764697701	34.83979200340487	12.59841245009334	544.4841923451346	224.05099470755084	23.68612175972499	39.81729444489859	185.91447870263033	25.59237827108701	28.821273748104293	25.119919391148066	70.0717320809423	96.01978044617606	79.11529429768083	32.78532584368294	110.1482148151159	607.9249527337013	71.48025101042724	104.12324235441503	83.35841984973432	49.751587265426224	34.396145548965066	73.67217967178188	234.0138041882093	274.58760455854394	191.8897186028085	55.12505789750081	65.07148265847984		56.89824880741463	74.86282974745889	52.941496437772145	56.014165672531206	85.20657290879346	44.09706221921842	558.3832491014483	167.5715660036373	79.1686604353564	129.13130247568174	298.90114510993146	47.80578853319929	172.82887867788796	72.08763683691211	48.15342545790875	60.71583764629246	66.89956636975072	43.45588934577137	105.98566244281704	41.10767444579804	51.37140350082602	145.04677109779186	124.83018986186207	78.64077636725835	39.43999005891993	132.6917036271955	107.70914982546344	127.34386779507895
2025-08-01	94.54081787641665	87.8005379751719	70.18618281046551	47.048576961109056	22.1945175188757	24.186257860462987	62.669556011571636	62.19782249661182	87.59822941637886	23.272185128919524	61.26286181970488	164.83621761584655	65.85646057656183	39.1167474413067	75.03798815545136	62.701352538404926	13.395575645820811	72.57268658714246	48.60698713132165	91.20158715420368	79.2495939791321	58.767177130840324	57.397960368918575	108.01114106134071	23.998281000795792	42.73708850485358	52.80444543748726	65.62137988276524	195.3259302860925	215.12962121599836	251.75280419229958	38.72678044750995	108.03380036412048	82.7738956404558	94.03790810556038	108.89748207813805	51.358366046575696	73.4045281940474	62.73294596997376	103.89233904527077	56.12687473756979	95.46764975291424	83.06903692204274	36.837863317461085	12.791956809086045	556.7988135359047	229.15575500019253	23.500682202107058	49.027379523426895	185.4307118273365	25.42697035638813	29.72086533395212	25.25373311561875	70.33886964153874	96.38295640382724	79.30677618063757	33.65878126953744	113.19250191993308	619.2225556525143	72.81794362706289	104.66164937210965	83.03367985489386	50.49583812361115	34.524198173416316	78.50968233615265	236.45930322848898	279.2698576487792	192.91079550715074	54.60515737813892	64.70541198330716		57.03269217967184	73.38004565067025	52.854130806401955	56.161907633482265	85.38728687033094	43.44211726119036	568.7138083535415	170.29132811921644	79.36019735264864	129.21665446666898	304.4005722220734	48.091078403782035	172.41789142141857	74.5897612272615	48.436708018788124	61.25935731248369	66.53244224596158	42.90918089603625	104.90039447705158	41.73723122516204	51.025461030163754	148.73704856847758	129.28498517299275	77.54912957111782	41.28965197203502	129.06291657653304	108.62634361436483	128.85587051215305
2025-08-29	95.27441986625549	88.08802703396296	70.69704794558022	47.02316676760587	22.401799407229557	24.6101489214848	61.71485930559389	64.3622929514567	89.01008153452949	23.70093230186721	62.271000309758705	167.55689563241842	67.89515725302772	41.506625017411864	75.89475867409917	64.62515693325753	14.2688759383874	75.89411443581176	50.61029852779406	92.13478148419695	82.76407545402458	60.671401819690374	58.70715197029466	116.21965075874527	26.040447843065976	44.46136534813314	52.33206362378967	69.4893968342549	197.62492531544075	232.21328033186518	258.186854016178	40.37543122756736	112.76124982539682	86.22393097806379	95.13856397220437	114.77967096334594	52.4152314107869	73.42038196150912	64.04479395554296	104.65110901891359	59.81010325256448	97.21258843994138	88.4397851516537	35.596504634733144	12.724419442076307	569.2177178266436	234.27953035632612	24.388029635204784	61.042582390030944	196.0237220494474	26.66716921830163	30.460437889831233	25.557948904123307	73.23998952978089	96.70684750623958	79.76593065068859	35.72258038478524	115.77516687143078	637.3679574543698	74.96617105798583	105.90617732768956	82.66705597297904	53.041532518916895	34.94908463609829	74.87690484870896	248.4774715667721	291.2753713410259	203.87894133011133	57.02342534032641	67.38704966820485		57.5814680059559	76.148906098412	52.78343425560257	56.48494821829487	87.79072242895538	45.0819340452595	585.488608572052	177.72533388676646	83.4546525109602	135.243364821518	314.17165483542925	48.60145042959141	178.50329700118064	76.30234497125772	50.1905989505954	62.19816522517417	69.3492087502838	45.046150692415964	109.63065091227693	43.294724421290965	52.849290568608765	150.2209924208468	131.01238690239245	78.0065280445161	40.87591023546166	134.19706160837524	115.19813059904925	130.59077919193558
2025-10-01	96.44075301716978	88.4100200635819	71.55082437107825	47.28509957115969	22.46400816177566	26.009162492358772	65.23804247701453	65.91536211564919	90.64444089558566	23.999647744301633	66.10151607967974	170.6222864412874	76.15973319503982	42.661312922279386	76.59276345373439	72.4936298336935	15.472524550171297	77.6438057028888	51.749624052286066	92.93137600641435	84.40878628125374	64.44037202138858	59.34498051479081	117.38756786996066	27.599799870136085	45.622972620763136	52.293882926282535	70.46856083247116	207.68410393856578	239.64558516627417	272.96908211387074	40.574589889859496	113.64475917846092	88.2997693510753	102.37256794141624	119.40356968181374	52.71504289287479	75.88896445213378	62.64023926743582	106.67327389863232	64.61013536091532	98.25323394165824	90.51087572748204	35.169677438548305	12.938067178424909	598.2090598975933	246.21193257175509	24.655106189049675	65.62001474152359	204.84335685946516	26.441872114765744	31.815043666276807	25.692563167479836	74.2100223271662	97.05347446485014	80.06733256117343	42.4998077324709	119.70685588618412	659.2444833221615	77.5327906037964	106.4546328925016	85.54768296318863	53.70297054892535	35.31755167682863	73.9074093558896	251.20175239492374	297.0099348170142	204.87782297486882	58.49925080319446	69.73065438488698		57.84206437728275	77.68793794886446	54.375305944570385	56.70862699251599	88.02812557765823	45.528320797385746	605.6274243126006	185.05622557055352	85.69141091665227	138.2903552193717	324.6125608826826	48.61097015034886	182.68270455038535	79.67410275417744	53.04792492839658	63.26658008425677	71.73447544203279	43.7050672128081	116.05850633124768	43.5999151394128	52.812447699853166	151.88038228991704	140.60599652971283	76.14660915001267	42.52864368751362	138.1356489737468	119.23076939534326	134.19966570934523
2025-10-31	97.05508806065222	88.69911237983824	71.98432679766239	47.735885093801826	22.26228791995932	27.019302435184628	67.00246119384192	66.84393282939408	92.20818143330717	24.097191330705442	70.50761918205338	172.3905981774557	79.17923945957509	42.53301855157426	76.58282074054421	75.36676494523644	16.9893315652241	78.28150310843176	51.7596839695529	93.53233147867525	85.26649525863183	66.73405698976319	59.40316725687041	116.72790090998987	28.316365080267076	45.50228206362638	54.20567001040821	71.73169063374226	215.5186561234384	243.82413068331178	283.54778543471826	40.29518477651372	111.75380460793508	89.97830321606192	109.52413363561068	119.64804830405717	52.90561887204349	78.23663268241461	62.347011368435126	107.06040708025895	62.99670438747428	100.21630931130653	89.03398221608495	34.31921345358653	13.043370620010304	625.9200580023933	257.6329345148123	24.373704848719314	69.25161734687494	204.01769853180753	25.859693126111438	33.201620464787815	25.76840855776598	74.0341906433824	97.38422335883843	80.30370242441934	43.870051627614515	121.1366700870822	675.0367243366726	79.40862294300847	106.74403586176348	86.98215366801543	54.77301628931629	35.3223561387597	72.18756497753377	251.65727588703902	302.06571224937613	202.71889514721627	59.520204734906294	71.01664325171683	77.05293606369275	58.10466797655056	78.23538390983123	55.21646011212506	56.8761167349424	86.09548366315626	45.253719744108025	620.2003886462585	185.54066813431854	89.13951313625986	138.32035367330798	331.6967624902419	48.630290050012405	182.28489689139943	82.76478705376576	53.954544147732335	64.4468327487142	72.95541720909962	42.44469735909583	113.6721373005831	42.73635881841179	51.5697259294432	153.19977269797795	149.6092975868945	74.6437654563749	43.54900070196233	142.0457130741957	118.19459661969705	135.17095389469358
2025-12-01	97.2995183936546	88.96388087896818	72.19296874950437	47.59030485589342	22.064147952961157	27.368343757272733	65.72733712776676	65.99005785837628	92.49496069757703	24.3783008773903	69.16471283376202	168.63394024005163	83.28621997320641	43.70613406846538	76.97909568423697	79.25607003252382	16.492502707263462	78.59541068241506	51.87109993512274	94.12203255510941	85.25828287410016	65.27751726925139	60.76816808178001	118.6340571782088	29.806848175024086	45.78941014906097	54.46506459327124	71.2118696896516	201.0147060943076	243.55256720299408	276.4493926289093	41.509733370988826	113.46479201838285	96.54640702276927	102.97905377503953	119.98880468849521	53.838833803338474	78.8745768885777	64.22237508707967	107.29893620205749	61.19897590356804	101.29765886360178	91.66375226129543	33.695950934324685	13.185259372505598	612.7592063832697	252.24250515081798	24.570555624115457	72.02379261383604	201.7754603742344	26.554545365460925	32.482524847013686	25.76798698712698	74.33697704843097	97.69370080649914	80.61525967424593	50.913403513789724	118.02207149182956	672.3567635481998	79.09102361716961	106.74045407185818	86.35061148182173	54.70071450449389	35.49618734669539	70.76944013629338	253.3784225143497	299.6547484222758	206.50770715274138	59.629392817713054	70.74996381158027	76.10710555059927	58.45392376359844	78.61173280648102	54.94893704697358	57.10937461857155	87.31155045764342	45.34565430871265	617.7960901400172	187.88395958069634	87.99028076968	138.21629768264683	330.5741950535889	48.73769497646482	185.37718990707077	81.0065082169543	52.96445120814686	64.56668272309807	72.69202740093493	43.6721482972416	113.33025356052808	44.02226680547773	52.09034171635079	150.37486710290693	141.80710123172213	76.94372693997593	43.39094364619901	153.85225304525886	116.80893586503348	136.90121774133345
2025-12-31	97.34819292289276	89.25673857088185	72.20158107588868	47.45260497592767	22.20081122928059	27.86901788375709	63.786631973163935	66.88535685663324	93.10015895180727	24.76171540244887	72.15283793578507	174.85900271629293	86.01107358235612	45.17919395010323	77.48596821440162	81.79678805532097	16.421288237556162	81.44455963791795	54.6440597475223	93.80353844387737	88.18801048885744	66.70441507268603	60.68441410053793	120.21839201828021	30.12911825718385	47.539422350548435	53.86516173479848	72.63741221145459	215.31686339896098	246.13567103771524	277.47127957484474	41.347600951448015	119.56884791551863	96.77388927090455	105.33436078450008	120.49786525780513	54.386700686036875	77.7011872958448	64.02918792863474	107.05986788413489	59.946832586620694	103.97479583018045	96.14747315659528	32.943439057454015	13.32269124365827	615.3537503056239	253.31202507988795	24.50383615188136	74.19084020414283	205.0324614464958	26.86690884060634	32.66756743297991	25.680488054705492	76.63839301016654	98.01778926416137	80.89227604520899	66.15935857793784	119.2458141067471	679.4972308995265	79.92598513046195	106.36918227202403	84.91308403834536	54.6600652735744	35.73280898322725	69.3623762934369	257.13157243116655	303.3835013689211	209.99364344122364	62.01376859813818	73.06258744703976	78.14620047358963	58.44469492139504	82.0033947443482	54.264327046559906	57.3086842704668	86.30798057086409	45.91747480469385	624.3464533972478	192.66486304024275	90.62500850105455	142.52353627948676	333.9266346959517	48.76609227823849	188.85677641881568	81.43246901196488	53.59058853954611	64.91313975470344	75.01073112562304	44.98499118392218	116.81960211032853	43.836456327104514	54.37209832350807	154.67619850766124	144.3109246435938	76.45241655100901	41.90918700682147	153.3533559728549	119.431846494051	138.73433550651103
2026-01-30	97.49963005003042	89.51363213589676	72.28630112677372	47.67814511326171	22.54255704694136	29.333697185419894	63.588935541628786	71.89303371588535	93.33293085848734	25.326392002891673	80.09321531405857	186.5660943234485	100.57193219976352	50.59336379400927	77.91865525892227	95.60293920147963	18.3268856108741	85.51578771630244	56.9951460497883	93.45245612511201	92.82020522199971	72.6638682289856	63.52295549735955	126.33139845297467	35.40171786669662	50.47375169998607	51.65819235484362	77.06353251542092	232.50921295140813	259.93302682858973	272.98811804488327	46.49335721664649	120.07501683052422	97.90429483151976	108.0555204573563	124.32319812796192	55.47146623854229	80.53645996239372	66.97684243933487	107.2671019304253	62.702817102735864	105.26736838364333	106.44480318473944	36.52860489646951	14.67510107187017	623.7011226644299	256.75565361228473	25.106867214037717	90.51421812092163	206.51993544048156	28.86211446484395	32.07130886885278	25.798111861238286	81.23612364552864	98.29793950992224	81.01379919353644	89.52127897028875	119.12202518276425	687.6712215248048	80.89129004503573	106.81234004741025	84.80350998650647	58.95472416737594	35.95326759492119	78.43095009513772	268.94140713153655	315.80435686149787	220.26109076289018	65.89119265932952	77.55195667561537	83.51620091159413	58.34311456550169	86.00724300731932	54.168719837903154	57.40196515208929	88.06421472673995	48.108002998311406	631.818531304091	197.21294702542167	99.09247813933408	152.88306167846127	338.61862313304925	48.98214823572014	196.3500680754325	80.4310116916646	56.849005076354814	65.0891268972195	79.61114164544816	48.98612007626627	118.12244202009524	49.59538523727318	52.73645792595323	163.99907300742555	145.12788818798083	81.3752549714492	42.378487369336355	152.80002898061556	120.67239952677471	140.4339165173793
2026-02-27	98.90858122560181	89.7545510671304	73.32848385231135	48.33686701738532	22.69984205979617	31.051038150840867	67.06241822972456	74.65862733471607	94.78110740663999	25.612594684867545	87.10257238778166	198.25774777723004	103.26635748915282	54.24962509945004	78.01637669853491	98.22363378845981	18.49614809218184	89.21072362100426	58.89327203174301	95.49121745375056	96.69958847695582	76.197400971993	68.26442250112193	129.23504921257057	36.2429760549416	52.20827624517672	52.467761916437134	82.36077937236891	242.41167543405842	261.3600770678268	263.0051318702551	50.68388753722418	118.77696880540469	100.23214249171335	107.61289553817446	120.75809479128256	56.90554213725442	87.74347393674368	72.34212610414677	108.68244810465816	59.107965461293404	106.71666181820196	114.81772648009418	37.826667244346766	14.810933071286456	606.707654934399	249.76790305560326	26.66886035975839	98.16646113007442	204.25636119655942	30.890920920367602	30.748448179395872	26.074170452711666	84.4153487774776	98.56983221948798	81.42788887879124	82.3659991919278	118.91693607451576	682.388359416776	80.31002147696809	108.00991045399911	88.07529365305761	60.086978785607876	35.976380161019776	80.96499637536894	275.2401129177905	320.0870717747699	227.19915245909488	69.48593601855688	81.15176014372359	87.76192541131584	59.24769367041463	88.36212294879596	56.09039482613947	57.70031387089514	92.81173890758878	50.690262661543514	627.1367147874339	189.81514992872533	108.55720700249796	158.60165108485177	336.6704485017715	49.15815850598496	203.85514282420806	76.98772457912222	58.11228227314559	66.04952450818442	83.20289352458433	52.55652275887013	116.19384896801378	54.38406411714581	51.106850876756845	175.33267158055236	139.4976629009552	87.79213102437527	46.46093223657367	156.96723606337616	116.15114634814019	149.2466844620693
2026-04-01	97.19778087218089	90.0362868739053	72.09366815594333	47.331982986467516	21.667290061062385	30.006759972581378	63.248915724621185	68.71189806153106	91.51252039989441	24.329610073580408	78.0785892183161	181.08946417188918	92.54937198637799	54.13596498837147	77.1271960736481	88.01458164786084	18.0963454078543	82.37731688335677	54.428837261928905	93.37791239766088	89.1153206958638	69.00023506787034	66.04123863469557	123.17746046171521	34.78315594912634	47.766368616959596	46.536631563575604	76.03084944906193	219.852330980989	246.22889678548748	247.87085044370963	56.01199103342743	112.17783877423322	92.7618615052337	100.07407221546367	113.6534864393725	54.21518619548735	85.2875255310106	66.1580920034859	106.26890210541919	55.44924549263828	96.16166715972967	105.10074617149444	47.73501169658851	17.214042537150355	576.4334300255812	237.30612841289857	24.80528244230856	87.6778210190554	185.13946447722245	30.06431659827698	29.026930655524076	25.74364838903186	77.45882049494648	98.88133746808948	81.07113564707038	66.91722145493736	112.36974121929019	646.2005940525623	76.02603360150908	106.64330314679681	84.5907878367715	56.2146221058906	35.56884904343824	125.0799720536088	259.7655034851778	301.01302811038175	214.85848815088622	63.66931272971998	74.56939549425579	80.22746840468889	58.30200932109183	81.10113355313587	53.98682791072655	57.433781192674395	87.00619631147788	44.47255673658593	593.6907595313164	178.62689753835485	98.12382149057542	144.93580230782175	318.6857788198986	49.20129367093264	193.96243323923707	72.55355704832985	53.62053711060622	63.78673814081256	76.53988904308213	49.55715363442691	109.76191083956944	59.47633434402	48.82316043407778	161.51479140352052	132.83399823807457	80.55758049022296	45.32011514585321	145.35489309425571	108.34630524772189	145.11847239793627
2026-05-01	97.52191276927819	90.2992125609824	72.32896962994081	47.4672606788451	21.99946440192086	30.46874961580231	62.65481325112481	76.06949465353283	93.84750965953963	24.882344003368058	90.23167103761023	193.00682957446497	91.1885910850116	53.86348259666812	78.40003034298877	86.69650338898371	20.64719854569261	86.56341344829227	58.15195147750295	93.44081963518596	93.54108375749388	77.63686651099783	67.00913164572277	135.93273807047478	35.78224659443846	50.96926932641315	49.21567938966608	79.00357679406625	216.10755579777006	276.17077293781756	279.475800047498	55.29469835341729	119.3799791312765	91.46798347381159	120.69092833033862	122.2004577422077	55.372442728642945	86.87231168069246	67.58644587106551	106.8640217611775	57.11753279351799	100.20824451448439	108.42243338760818	52.7455718349791	18.3737099443951	667.6682659614108	274.8615259278626	26.778649708829946	104.6302949557443	196.22302660108068	31.28286118661383	32.91969069019744	26.094825972503646	81.99203995972319	99.18784309337812	81.26386604518444	67.34666738717733	132.8988715361328	714.3712578457935	84.04760203409852	108.03980027596492	84.2552513276232	59.27390709445153	36.18210450110994	144.04963207595608	281.9996594084371	334.1547028010814	229.44704741870285	67.90719578633855	79.96251112398315	89.74097676827564	58.36271655730512	85.43187775097168	53.84855682483979	57.58878160347583	94.23841249029343	47.01408041540692	656.4498400236016	195.47381678416684	106.42603366006199	156.063809098543	351.9601029469719	49.70630455047454	203.60639188857039	83.24868176882529	58.61887614357161	65.36119029676172	82.14876637469692	50.938542159808065	115.71207451353686	58.102224270273275	51.59478498163584	171.95291967132192	160.14428569629604	82.76447541826997	45.83426135306448	143.75968055815082	117.71309102378626	158.66172328032704
2026-06-01	97.63707517372059	90.56899239485493	72.40366650190632	47.781292654514196	21.915528108166093	31.002187045747267	62.84086574625095	77.60266528186769	94.66435246480094	25.063895207766787	101.4956992858103	193.20591960760913	89.01756278920229	53.40410300838187	78.64763990373305	84.62451975548241	23.129507784150395	88.86554638205217	59.217306601564516	93.2129636246108	96.21411672000926	83.56949286667344	65.35767352671903	137.79741600676675	34.44682454291706	52.18761026740372	48.277755407878644	81.9093191933994	231.40124405015052	288.2198604870904	299.58488963785976	53.26240218871101	119.88151960517735	92.93584142086569	144.75359109638782	123.13460936127666	54.444759340926346	82.22493201519418	66.57400162260188	107.54375327715432	54.95190461597855	103.93344487568557	111.62796047947042	52.08323391981024	17.787325126860452	737.0648903397301	303.45052016891657	26.65395846385527	99.54173594281761	199.0579625422582	31.854624045175527	35.04493816790417	26.094267406009966	84.60489768985762	99.4742599389499	81.28424887278706	68.00933181007267	150.6369211698103	752.4899372418113	88.54582888163927	108.03888858675565	84.37192906675264	59.4445105516501	36.3003473559169	133.3059883653723	291.3472706508136	354.144265035438	232.38144157883215	71.18777087071769	83.53072367813917	94.15683928659787	58.22991454470309	87.36825737304083	53.914023541663774	57.60727321497894	93.50772791722704	45.62052781837373	691.5046016986703	195.46958914383222	116.59761020332432	159.39973663168774	370.3391995029132	49.7336271192562	209.5427371276237	89.50963245467004	59.96934308843872	65.82309241261052	85.56950007360942	50.602225808180066	115.12732447691837	56.328636268810364	51.110065508474925	172.00967490101965	191.43914512051424	81.74261131058536	43.28179061666964	147.5166122855797	119.10289110455972	166.90844388139809
2026-07-01	97.97052678539592	90.8318089229723	72.66100425559262	48.06924873931199	21.537069094177603	30.490280722864227	64.09141249166152	74.98695465007238	95.25006360654882	25.119839138126274	99.98585526419737	199.03365949560356	79.79362972798114	48.82813002802901	78.7698672942441	75.84502120835188	20.197857187945715	88.68279069742091	59.642176707938454	93.57806840027322	96.18900556643969	81.4622780816774	66.36110676526727	147.0078249922259	33.6450553017246	52.775498244547464	49.288622461608455	81.83435148418461	241.75206808203023	298.6972602053777	286.83558414781385	49.00137290092636	125.30846688912985	98.5290596341387	141.05263405599067	113.96024902156392	55.336861670866696	84.46419002074722	67.7735526925882	107.7742520415589	51.23586779650957	104.3557532607428	105.96618423992199	44.510316175503746	15.837030751728086	725.4066710267264	298.62078300366767	27.48590824899072	87.83651383240581	193.6105619769633	31.58778524407638	33.77043880043179	25.979964156514388	82.64663358444213	99.77144383422346	81.37110985462303	53.420003511965255	157.08544119724877	741.8690741371577	87.28229888190938	107.55098584811714	85.36646969500902	57.02010068777922	36.396884672373304	105.06185361884312	300.60441042883565	362.01720645827703	241.60273470893412	70.52704013321456	82.87366368345835	94.53906986242596	58.37614208549479	87.72965856770763	54.499881742288906	57.67928782458881	96.1762093515496	44.894578941864246	681.8927138854457	185.75221302945278	114.24204220593661	153.7476999543661	367.460175207407	49.53887962773469	216.76957556778376	85.5428959410803	59.175921190105285	66.25223106177643	84.69396317987236	50.76218015724022	108.06591559978796	52.80662916003717	54.01405521958079	183.0382011360129	186.27283742019654	82.95577761249861	44.87467677231092	158.56243139148648	117.0290861473664	167.28100008480962
2026-07-31	96.82879786313747	91.1076380756162	71.82791704754399	47.58088435572816	21.582439039317144	30.94691171491768	59.97794457675306	69.58628956595247	93.89956581619967	25.181797021736404	91.07483512659755	197.26996112283746	80.41911650413253	52.114699778056675	78.61761733432667	76.43248847321091	17.498549250683162	90.30727943015788	59.859608468615576	92.44343705911736	97.95621920934113	76.92261350474914	66.81135910654842	144.84828558991882	35.17165680120229	51.87642175795774	49.586459075936816	82.55620001990653	238.96691846753333	290.68018216176745	273.87446797972984	55.332914709884605	132.74061717656286	100.91811043122254	131.65661996266445	114.41070348443375	56.55378347447598	84.0279722350217	69.51757448864772	105.43433764679054	55.42476627961938	107.83584279118182	106.24024438397356	49.979032647150824	17.51867157705572	682.0263528466428	280.805581931968	28.27016108300437	66.10567591828126	197.46508354278768	33.24690296640688	33.8617522767616	25.811166391697448	83.7070042292855	100.08044413015409	81.49384765803592	52.554036844755316	142.5386447926174	740.8293372026211	87.17702220240781	106.88390855069817	82.02165365128135	59.418936696806256	36.337312674493546	128.2809997848973	294.41104442021344	339.8621394298217	243.94583940114404	70.24835946648165	82.28689731051361	90.97414438948532	57.996533252043065	90.04006298358148	52.58403024751533	57.75400845050213	98.64728184693782	46.124744763329545	680.916535484844	181.53278497837186	108.64127533105768	149.93016330772855	365.5184889084052	49.650501443131475	219.3156974688966	84.28478951745076	58.17041378526789	65.19509015526793	84.07023550701757	50.82429282754484	107.66052815806574	58.77220541111818	56.73604491427703	178.92236996025568	173.91054062232195	84.98655478782779	44.3396433326275	162.92116431129764	113.79124679635926	153.78794131507036
2026-09-01	96.98234546685343	91.37933158148796	71.93466133918945	47.3797502480987	21.72485501966994	31.461654014260354	60.177152384854075	76.1251560497606	94.28718597053174	25.47445193436988	98.15131340461046	196.91934431749968	87.25146447261875	56.01807713100412	79.23460588909319	82.91581790884652	17.346927768881137	92.28898550500841	61.73548808215965	92.33200340502877	99.9058485970919	81.62670597397809	65.02248242298349	143.61830397146056	34.95396727830102	53.1941325889954	49.618164624534735	85.27169220715996	228.04557243183797	292.39837714714093	285.1972014899334	58.41716930981201	133.70445480706653	104.77971114590868	140.10956842122778	116.46097289641644	57.160092047545746	81.24560544865994	68.506211952089	105.5690408008495	54.66582980890046	113.70298748952625	114.89896723210279	53.33927548020668	18.778502320985027	711.326544456326	292.91447807611485	27.316305270665552	77.01765241006825	197.15633799618706	34.58307365806116	35.433456435843425	25.84586067562523	86.49674364188552	100.39156719403212	81.6371050682239	59.283390542893756	146.1583453775661	762.9766440973306	89.7799959635152	106.90986829984043	82.15721794166382	60.28203502379505	36.64407550750956	136.28973538183382	297.4535729322386	348.25226810337034	243.99666081344378	72.41765409799694	84.83861830927563	96.10132465538491	57.973785533624515	91.11128878348269	52.73387638180977	57.87680871102274	95.86250280936753	44.76609051265504	701.251118032895	185.992826518201	114.7611149469253	159.19563573599658	376.013123926007	49.693719519258636	223.58005985125254	87.74151592413351	60.54863669218771	65.56476569827257	86.94860209285963	52.28789329550857	111.05931052196638	63.63508985708724	57.339509818072436	174.23175172411516	184.62539106458712	84.71308349816847	42.279276078321764	170.816869570777	115.42938975797242	152.01050503797714
2026-10-01	94.53855849132373	91.5230560122609	70.17249462909214	46.83259886233509	21.137861677538048	32.68031729386681	55.47482265592304	75.2251051732108	90.73520924140408	24.678046260660683	99.51393276219807	190.2157613143001	82.58613416289137	52.85643812653109	77.14347788948459	78.46263808354738	16.925304770599784	89.2694320522711	60.93061558672123	89.38460037058886	96.6363784829387	81.38624285011103	61.55711714994983	136.8377761900277	34.35736256299569	52.59064253921623	46.651779559593976	84.87705612770966	208.41006190989452	279.0107759827955	295.3549485436655	57.41986435363184	127.02182732490583	101.92883010600161	148.91272834042084	118.04060705938406	56.15426813731423	76.9914290842098	65.42473820476957	102.23463245871359	52.204482075633294	106.13807568071198	106.84869689978017	56.846512861539	19.42594514811974	740.6339109807772	304.9844814290062	25.74580744735891	63.883348600024824	184.79970469174998	32.70851473364612	35.97735030068362	25.155056237585633	84.02154573957954	100.54169963655112	81.13815153004047	55.14743724710776	152.15168871877773	764.1341847765532	89.93478770494633	104.2120198359926	77.9786489114881	58.171749089565836	35.64894056586223	148.06452511392197	286.125089812699	339.3747344715422	232.44695345528572	70.58993533191736	82.92564596260992	95.24410917875439	56.67257850569883	86.47999627292245	50.22882739809627	57.52015831959059	89.67807349528073	42.3728460884177	702.3902392770199	190.09495110188348	116.16472909000316	154.88894682848465	375.18360523428487	48.80904681078102	216.98293621597844	90.17337713685257	59.285615383852594	63.04742482703648	84.90620754856417	48.79197892827597	110.67078978536283	62.19134306952946	53.64225764845553	168.37500706282358	196.52879495524851	80.81820914650336	39.59503093086741	167.8784917466718	108.98899087280725	148.11102676316264
