	AGG	BIL	BND	BNDX	BWX	DBMF	EDV	EEMS	EMB	EMLC	EMXC	EXI	GLDM	GUNR	HYG	IAU	ICLN	IDEV	IDMO	IEF	IEFA	IEMG	IGF	IJR	ILF	IMTM	INDA	IPAC	ITA	IWM	IWY	IXC	IXG	IXJ	IXN	IXP	JEPI	JXI	KXI	LQD	MCHI	MOAT	MXI	OILK	PDBC	QQQ	QQQM	REET	REMX	RXI	SCHD	SCHG	SCHP	SCZ	SGOV	SHY	SLV	SPMO	SPY	SPYM	TIP	TLT	UEVM	USHY	USO	VB	VBK	VBR	VEA	VEU	VEXC	VGIT	VGK	VGLT	VGSH	VNQ	VNQI	VOO	VOX	VPL	VSS	VTI	VTIP	VTV	VUG	VWO	VWOB	VXUS	XLB	XLC	XLE	XLF	XLI	XLK	XLP	XLU	XLV	XLY	XMMO
2021-09-30	97.25614434245948	76.36972735851026	72.19048247669471	46.900254911763824	26.239265703269755	20.09441210569737	111.1704052679811	53.247795678851986	85.30438111678353	22.13850092734628	53.78622850560475	109.71335842685413	34.70145511490772	30.977453293861128	65.79857768223661	33.207432877451126	20.400263184741085	57.40164708083281	30.339427518467527	98.75419718574655	63.36108527033265	53.395254788784534	39.62779688182033	101.7624259887001	18.638857331194103	31.964992772526827	45.59476277107739	56.58038423098687	100.80363578268296	207.08339239157525	149.61821822004563	21.990723210585497	68.44778109509392	78.56197526038802	55.31160174897419	77.58314017012448	38.716366030654996	50.86986607295944	53.45539011667696	108.76275905388624	60.057207618412704	69.56299433725636	73.8095913037469	25.140470696090052	10.631272838096438	349.5836702789771	143.44947362084076	23.516945814142577	92.50474217529893	156.8717983312192	20.854292693252557	18.21459181654001	25.137207430978084	64.40330139485073	83.39206651385588	74.29774186686328	20.45466414446095	57.651424805475166	404.6940108383246	47.46382249791764	105.02267856551116	120.79623393891887	39.13876064939936	29.797669936893914	52.422268263866016	204.7556016146035	274.6826365028546	153.59527477668178	43.51496746458915	52.570159415014054		57.71775784964722	56.09717246864136	73.07007307802614	52.403599666420355	84.49696465602469	46.38657114271054	370.80586969802835	134.4211967302573	70.10547088829568	115.44390168923076	208.78550985613685	41.87626188505667	121.24520298105912	47.42176277483786	43.10462505934748	58.78574496185068	54.501143800878204	36.16936094411293	76.3208011090768	21.93724478481595	34.731861450827104	91.79866080390839	72.53639151405976	60.82243578173228	27.57337912475337	118.21957527156832	86.90693688934063	81.65675102592418
2021-10-31	97.16177123002237	76.35991397223515	72.15174702384283	46.72315614211083	26.16532274081054	20.835896587133554	114.18363904534951	53.975905614226356	85.45932574200167	21.87790855490571	54.17978474250317	113.51075216819014	35.60209657187106	32.97815107692989	65.5946227055613	34.068473776469816	23.38858777161764	59.19755904035477	31.80561271490997	98.27850575925513	64.99428164978957	54.38562835629757	41.26092382902574	104.37913508944261	17.81038874341773	33.35290274576792	45.76275591063797	56.17526160748792	100.71632282584727	213.88545491351329	160.85168367100675	23.9472940580592	72.25596322412628	81.1181171051885	58.33229486227092	77.88066884517501	40.197299540858765	53.28385172712039	54.6373078838314	108.9762950994062	62.49508875273764	71.52623524876535	76.91506272319131	27.079996072864542	11.25761785888292	372.5251734432033	152.8785917910504	24.95770788731658	104.64937424783288	169.2222614145231	21.612373168658383	19.574612325661867	25.479069140388578	65.63432648392022	83.3880512180656	74.05889219767961	22.207061776201463	60.997350218753944	428.20073156792614	50.21978362202033	106.43910402028354	123.03993677224607	39.20763738814701	29.759977239494855	57.30330634309753	212.7631427041423	286.1171330948573	159.3110513254386	44.763819158278935	53.969610562021025		57.31376541027841	58.64074582855705	74.08094808128271	52.247684460248045	90.0115339183609	47.47173938337326	392.36771917439813	134.417449680714	69.61523492845676	119.03590346333978	220.4238603838027	42.19273203724172	126.81255551276274	50.688590299195944	44.00052987748809	58.82886754469722	56.01893157489823	38.58590803043875	76.05306237631125	24.206858097463495	36.97494845706084	96.78940596464078	77.46351371213085	62.4166056086764	28.840516630858772	122.57735713161074	95.90426080994268	86.75031311083228
2021-11-30	97.27202957606525	76.34943752495617	72.20111649934837	47.06387852797533	25.868368244177624	20.426777627863476	117.35776319644697	52.79159989621221	83.71344574894371	21.157016359688825	52.42082190406926	110.39857521337147	35.3845343363355	31.909096713185928	64.88048174636928	33.84940637162798	22.14514598937322	56.82701197903028	31.041987132118336	98.99433625476487	62.35274848783769	52.165605462431195	39.43517422994158	103.7041845036292	16.740006459163936	32.06369844003591	44.356054660585656	54.03352950018012	95.75354159363584	208.32038711822076	165.49073335006645	22.559546101393522	68.30337284674027	79.37524245997281	60.59627610553817	75.90905025784751	39.860109464267026	52.488644656567025	54.124089878438895	108.64943363734693	58.68723197036988	70.08225936358106	75.62206449793703	23.861996428203366	10.496018214286735	383.941616856957	157.55010644070273	24.752798913734072	109.88457244676385	168.59008699475908	21.430354943570734	19.849998763202482	25.617239745313057	62.187916195218136	83.3941358341859	74.0258451122904	21.24496785070551	60.2674338525419	430.14972193372625	50.48055181725605	107.04079055606869	125.75058238771669	37.846594392118085	29.43924423664243	49.655075627993824	206.99645169361844	272.94775118900316	157.29992587395142	42.944614879018644	51.85076995146226		57.45225153206542	56.03374622231544	75.56626746335324	52.22393593677952	88.78397502242578	45.81221683416088	394.326752732514	128.11300528619893	67.00710567675222	114.00593302602624	220.0623098763398	42.29401340389731	124.7438411672748	51.56968913447566	42.52258484254145	57.78572235474831	53.81615356046822	38.868843038576	72.68268333133162	23.22300595400631	35.37161014253596	94.99984883492296	81.37322448635193	62.4400789027871	28.668347001668536	120.78149824607081	98.66486415405333	87.18256920935906
2021-12-31	97.101033746082	76.34480431406605	72.10226730534804	46.80962664101969	25.853769154016867	20.560017882518146	115.3712262691092	54.49787299683354	85.51598602556035	21.458498882767707	54.42222087176009	114.82662048814208	36.18458413635323	33.68804306147763	66.27994548835977	34.63421948433441	19.898000722915775	58.76223868784857	32.15591674680188	98.91061113150616	64.57269923109644	52.89163426686034	41.35973989965288	106.6181380565356	17.476543694622936	33.18020498319553	45.32471106562534	55.143968137152626	98.91802494968798	209.92298481778886	169.30382992323467	23.081671169049653	70.43571974971144	84.76204244910838	62.7090029725925	76.64073469992405	41.74083737935101	56.30102159907371	57.95541444323719	108.90450438207984	56.27124632211029	72.62977156568904	79.71551325707921	26.158256272825557	10.983770511826787	387.9549472864958	159.16180497042942	26.24563068333302	105.17103287659971	169.36230701938598	22.69328054348486	20.113004886422985	25.711344346711208	64.08428575601656	83.39972823558159	73.85869149251006	21.381784228149492	61.10289352806938	446.32873749971685	52.35184648184602	107.42810103154534	124.16279798564271	39.66787852190886	30.047511230345883	54.599713828041914	210.78184126573052	274.20988392700315	161.81406774873153	44.47331744903124	53.39801093517529		57.33867443363217	58.61758368938387	74.71914771368358	52.11648009048482	95.9941480290839	46.772956835062146	409.0290590698644	129.87546002980858	68.47104101961733	117.34704250319675	226.36246494027924	42.38682054187016	131.41012863509377	52.27498080411768	42.99391419325774	59.08922367874802	55.3896890883159	41.11247007085056	74.27026011947723	23.585503710951954	36.04406731438609	98.30803337959549	84.22793510136631	67.74618373474463	30.913989911434015	130.46079148806263	98.28436738592805	87.12382399219443
2022-01-31	95.14103970593493	76.34129247666127	70.61709808984146	46.22487047197416	25.221254041498327	20.74001709295527	110.2608567490342	52.204169736481774	82.58734095833148	21.450124279194757	53.7268799569744	107.34884910379188	35.777709671436696	35.251085248169545	64.5016840986865	34.23451437812703	17.196337806317395	56.12798484222839	30.147477927456347	96.71727299483334	61.50939269600228	51.947544667042436	40.821139764043096	97.79176599635387	18.898029293466863	30.983324437131724	44.86866220873365	52.03206943914259	96.82350797242083	186.80731953886763	152.45714361450223	26.794054883681774	71.1399568898535	78.27548485372556	56.593391681537014	72.43311896352955	39.992077240320484	54.38378070352339	56.24612138363287	104.91815898229979	55.306095324949986	70.13066413260398	76.97010003007566	29.514029708710705	11.787895757078466	345.5340400706544	141.83032448383238	24.418839474996673	94.5273258827992	154.97311756832863	21.977137617988173	17.82631608313769	25.152776639538033	59.62904978778899	83.40327352067237	73.3627402068553	20.944897652678065	56.47196570913701	416.5768382023691	48.874835312710076	105.05864709612112	119.59742595604081	38.70346683247534	29.217468098047117	62.11279135651924	191.31371115574075	233.8198315130278	153.30020805378072	42.42703664776246	51.63471230194838		56.40079245882033	56.070040395381	72.07167852626392	51.758737540085555	87.33464526289733	45.48376521747194	381.82662358426626	119.16322618854099	64.58824059753016	109.51084637850403	209.24493484893904	42.09695397394056	129.24212368695868	46.192153148195096	42.637238905189015	57.06242781117709	53.33747964764791	38.123206502751984	69.13026396514422	27.907674560069736	35.782172554525395	93.36071909175772	76.54238646949605	66.6884107424397	29.663733076924366	120.54053575632032	87.06247030598462	78.33016063715957
2022-02-28	93.7111637500545	76.33035743888304	69.54154323685043	45.43061106661804	24.92810799904633	21.28865926502506	105.90534842771035	51.01282966376945	78.4633230823231	20.984473927291248	52.88013601991566	105.29144529604454	37.81226296497279	37.43899988686092	63.786041610317454	36.17644016466174	18.640918983985305	55.11637508357278	29.3362002803184	95.94484117832917	60.2409160069964	50.87768426477232	41.56079454831242	99.39542017899443	19.930254448343412	30.33531052132895	43.36087117837877	52.410516537622684	104.71673252108793	190.03183936422263	147.1474389194733	27.896023165348915	69.92563010726633	77.9870424825691	54.651390820967706	68.51961067388429	39.699303539616054	53.786430451762925	55.92590824770191	102.06237327628963	53.0764038811689	69.57252186621785	78.33181807733419	31.57590983199264	12.526258321509124	334.6502306026188	137.43521354138343	24.053264908257955	102.90215115836557	147.7746103655149	21.59904844666572	17.365901757463167	25.194162391868154	58.489872985625894	83.40779795517835	72.96825776860473	22.5046552825861	55.758254901047465	408.0657181546461	47.86301198774038	105.24854711396608	116.29421835452106	39.0021681078623	28.89718925825551	66.68542839611166	194.23414233490982	235.8712378711055	156.22023026725032	41.75989064214878	50.72954989413863		55.9667569487744	53.97102332579867	70.19005863956478	51.47838599715392	85.26970290825737	44.964784959470485	373.94088172020867	113.59526299662514	65.05023358244028	108.3181446797048	205.9764164665845	42.43324397647595	128.2036406468198	44.76179553859252	41.833313560101345	54.538498679613085	52.47215705092287	37.88640555156486	64.71898726050799	29.46256733551083	35.61006097023231	92.14360879187258	74.05844439209147	66.17111539043796	29.16474783224944	119.84288267018714	84.54081478588498	81.60254773487125
2022-03-31	91.33988807245137	76.3612106064562	67.79545545725719	44.42994474442144	23.85944557293303	22.971987678980575	99.81695100974942	51.734756897453835	77.1315639959409	20.401295113874966	52.370077301294884	108.83804009291572	38.418087049253636	40.45547899494531	63.17582748466707	36.76657108600909	20.170305521948677	55.71809505754892	30.12151798274744	92.3580704019707	60.538748039129445	49.42165794121213	44.20470561627186	101.25073212149847	22.608294033974573	31.16080009525178	44.31800370057782	52.897978255967445	107.44266317832859	195.28785262581482	155.9828695034131	30.436426155744854	70.6526244728222	82.4194165573432	56.71586860973966	69.09212817057724	41.235518379073355	57.19807077199222	55.840279510256686	99.68138421224775	48.30514351100183	71.65626245701569	83.17116137826002	35.96475651530332	13.848320001414873	354.75138061746384	145.57345235377608	25.375204784080815	111.1362591639188	149.59873546129324	22.437605688354303	18.438535626534737	24.9729442376422	58.581364264438555	83.42953752111579	72.00642735310292	22.93613213995075	58.32826323329799	428.212836555116	50.24852882139267	104.33485539235568	110.66262740976234	38.592618403962824	28.610608833957613	75.7290837943178	200.22199686492922	242.96250425357073	161.09813234599463	42.1580256886249	50.581604444905736		54.286804440256915	54.02443976969059	67.0530226825025	50.80344795574366	90.83853113134364	45.27864270646687	392.5030211115693	115.55016412924152	65.33473332497508	109.27427430305657	215.33259008414723	42.3336432229095	133.69928538025087	47.11749995518181	40.53596704437048	53.496265943539214	52.47706146698881	40.509681414595846	66.09974355142285	32.946837705172925	35.9336418184511	96.85971202528353	77.42238645100626	67.19362419516114	32.38489095838288	127.55719433001588	89.84389860893559	83.93041977013048
2022-04-30	88.2305280278583	76.361151092661	65.42734353431251	43.34415219738525	22.294955418719837	25.104603561362595	88.66282397067991	49.36067732512352	72.72416430712005	19.33851150571029	49.05917624480405	99.99196948502933	37.68412759892094	38.66138291959609	60.82762392766061	36.04821286648807	17.86974425791621	51.84323979032455	28.273088661912734	88.93269138213512	56.29489501394552	46.02507701297909	43.08861577721236	93.69148110084615	19.67620369030785	28.591881584453514	43.56739638738422	48.915636989832315	100.7310634575242	177.0258411001954	137.94505096902628	29.88238657893816	64.31522370010349	79.13411040232872	50.33918629801941	61.0642178819793	40.17112517239268	55.69771450267968	56.471045378130775	93.59872581854427	44.37259674608337	66.65916006552021	77.81062427304616	36.67057270106355	14.542585339599094	310.10472459730926	127.37496096270877	24.44729489032464	90.00960998564378	135.30102527173187	21.65473558686501	16.156537449745823	24.46953990710606	54.35239338894518	83.45332375914107	71.73104280222793	21.305848484192843	53.884720377566694	393.5971980756797	46.1867486417335	102.23062752120434	101.35283918742716	36.70150087857604	27.558569840491845	77.16702791967306	184.630607725962	217.69026422706781	151.46246124319734	39.2108866881153	47.10116430115564		53.12947318690226	50.51619690644925	61.634851679822816	50.60478427423026	88.70840466964694	42.55044018342783	360.7324599692364	98.88020544573456	60.55859521778741	101.06397737727589	197.18155281910185	42.26628932821612	128.12055212524672	41.417566379098965	37.79482791737808	50.47171710134768	48.852126072898685	39.07808347684086	56.99561017272635	32.40600645245949	32.48401935815346	89.9723577986164	69.24567888064512	69.53254390183218	31.556689997905252	122.34762059292242	80.30537324650125	79.95805996343537
2022-05-31	88.8236051569648	76.38763636064249	65.85169629002402	43.0701699193695	22.394539565949877	24.923341281870663	85.55407035121848	47.85083407897655	72.73668482313465	19.56070690901335	48.40408745253389	99.13577397741182	36.64623418825967	40.434030765177454	61.420789924473226	35.05102873167146	18.651854139582134	52.374516852689794	29.02005511721846	89.61320373474055	56.89983063240827	45.96525944231105	44.52640392502525	94.02996245062536	21.23547841549451	28.85222958140404	40.92338056725668	49.357690832669945	98.31636671143842	174.40921324787286	131.58975923862351	33.93800231867471	65.38018882889264	79.38136152509875	49.17505121517507	61.37927890188681	39.59034087770567	57.1877495137754	54.189313236150554	94.91671982330878	45.65064995909961	65.5734163250797	78.7036902790647	39.95248816524983	15.185959559281384	296.90192559440936	121.97145452313228	22.839413990083216	95.9775507422477	129.58077106046397	22.16739408182549	15.291522774119318	24.214306373326636	54.22478166977055	83.49199048312603	72.12318223368217	20.084454119698137	53.702915990579896	386.4023754312509	45.35542885462207	101.13953140292438	99.36798051624041	36.395649159960605	27.804174190235667	84.93830486909313	181.63968848940937	208.028599825245	151.93532938253963	39.60178534301427	47.547584149134515		53.50027256328325	51.287614877854	60.58493752076276	50.88171546917614	82.64253273947185	41.590247181983784	354.23045894422467	97.84879997354543	61.183336343886154	100.80747809117253	192.81275836424354	42.44670333722051	129.2012557502167	39.268381847546195	37.66792348661578	50.63038395812111	49.23290589443739	39.26799992735526	56.89304893211781	37.397372964411545	32.62604382921794	88.14126284351326	67.38810763055379	65.89697436403583	32.511512007764296	122.97541159798249	73.05393595658782	77.71873400150739
2022-06-30	86.92763855244839	76.43304496248774	64.42196707987945	41.989354124965075	21.238385971580428	25.875920655885015	82.2220557305995	43.809848793733266	68.11340125138942	18.760029947228674	43.4792146234815	90.78576042728734	36.01952939973019	35.07158478145459	57.254644775005644	34.44689609107422	18.040494041247534	47.89084345249347	26.35669691701301	87.93056985760573	52.14417262219504	44.030156196560654	41.33366879079337	86.77822471362829	17.688344381840132	26.581294101601763	39.02013640715209	45.78686666049454	95.1285227040819	161.6342686551521	123.2187434288823	29.210890002629966	59.39895351229683	76.6625887614712	44.92528179862643	57.65346865312438	38.243539453853955	53.08545903831947	52.440444566622915	91.12318633460855	50.41442767217265	61.303297477464454	67.6741083024757	38.460956174067285	14.33029115252281	275.72445224585385	113.1660961091347	21.136320881741703	82.54929424213162	122.15396780534802	20.535468978142227	14.357593649423409	23.45711789556777	49.01491558139999	83.54982424767213	71.56775590816594	18.944748680186677	49.809481179493034	358.8496452550904	42.0995595839732	97.94649633050234	96.3441513256255	34.07603068664331	25.88886720587732	81.75406217547605	166.56272556311615	193.98631911849458	137.69054552328268	36.20923770844896	44.26625317909365		52.786189742619996	46.60443642532212	58.74820287393206	50.48924449462251	76.83437713201438	38.632491984808	328.8535152189678	90.70816848101062	56.27319054859895	91.31011428339032	178.98836762902596	41.78454351942965	119.62425832710503	36.62779437543703	36.739189659423815	47.511914112145625	45.71441043238316	34.1470978406443	52.25832499453539	31.483986694622104	29.451488307991227	82.01076001918992	62.20986251628726	64.36615715517554	30.652608244634038	119.53824252284593	67.07484282336188	69.1513538707619
2022-07-31	89.2430879574272	76.46226915877247	66.06422745593642	43.391464335066296	21.606555295018378	25.07237318642854	85.10934308397037	44.64190533998772	70.18770511470741	18.645228298583937	44.969629386677255	97.62895577544398	34.786732728958725	35.3770042000452	60.65676989766725	33.25931935066957	20.452880952662852	49.73841207488755	27.1978172608013	90.77271958275853	54.21276668467176	43.81563588132218	42.40805311104949	94.0100174348297	18.103854898526514	27.134027115037537	41.73509974075437	47.89875090804844	98.82353490721091	175.71963789367044	134.59635919061213	30.248072332013358	61.14363849131503	79.08652802168824	49.480072573577026	57.84004856584174	39.84767330928082	55.09431237721428	54.310897080940414	95.03527113077347	45.768605975604174	66.09652055532793	68.40736754364278	36.63587494052588	13.659095332001357	302.9558398477923	124.40014422493222	22.52062223709691	86.13659486713073	132.81831383379807	21.109926034630842	15.774203696422882	24.29587604878621	51.39733432736841	83.60831501452458	71.89846604596752	18.298957872745444	52.69073167061155	384.6376485695997	45.12554187664845	101.3955335883887	99.48410183284142	33.73660773576553	27.397300864959853	77.47757486974615	180.6815253429927	212.1015323259258	148.53847042186814	37.56594139308949	45.26922251161404		53.90997672246494	48.12967314685514	60.718124964412326	50.71911795163581	82.24480545975152	39.50038996577852	352.5303564390338	93.06196223555204	58.73290191156507	95.18120836615925	192.0799073203039	42.39340705188943	124.38571469706794	40.33150914225745	36.3253658477411	49.22144185127477	46.833095357569285	35.4980755092504	53.795915813859565	33.15601856808355	31.05852169582959	88.24153836188151	68.87897901959586	66.42616618215071	32.08923763734796	123.27872376643444	76.52325559671444	76.16294822607054
2022-08-31	86.9874235238722	76.60570874953332	64.4884436894403	42.10549633036955	20.602951691974262	25.53081099451183	81.15890227595975	45.2406505856805	69.12737724321494	18.68092894707762	44.858180961887015	95.3330874715125	34.1901862861347	36.75630975047279	58.68399236878999	32.67356350417959	21.097716433672314	47.67051603023915	26.53812228209977	87.791255451485	51.80927715726989	43.45849321976587	42.175474999788854	91.89027336578965	19.26125836498224	26.345755964068942	42.63509821212937	46.529648679081745	99.36679107245652	175.46771231634045	131.38636368441985	31.952686374088294	60.32196198998189	74.5798466048449	47.466222604306104	55.96286254678702	39.16709547707181	55.42870324492443	53.07411357410811	91.74419615910853	44.81118820220874	63.99921297444702	67.50197616090506	35.51891620729784	13.756687428627464	294.4605616057596	120.95066120776819	21.471666170996514	91.323185086653	129.95256173445344	20.880636979181624	15.377250553703266	23.914346446518326	49.13478407077983	83.77689688081506	71.38512486281957	16.881732712845412	52.29893387820455	377.1619284783718	44.255857082610895	99.77583088078006	95.39022981394481	33.53538484896685	26.62646477174555	74.78907310445146	179.5454666195518	211.0017224380445	147.47375808877075	35.99570642557416	43.856607365941755		52.59173558736208	45.40854425183808	58.29505619440586	50.37321007641433	78.85148689285883	37.740908086581484	345.5690176506022	90.45239132146936	56.99326866420681	92.22076801007856	188.95411353980455	42.001738675911064	123.02911930514475	39.35583043656476	36.288220531939125	48.455712923819036	45.35652941622991	35.12056214887002	52.12190597599263	35.31499055657938	30.991087848689908	88.11408823312186	66.36340773932037	65.74657412360325	32.95599248949025	117.16715690390254	75.76919380359246	75.69082899599012
2022-09-30	83.24343456280104	76.76852585836771	61.72232482892574	40.72668948169345	19.262453304634924	27.06511389311239	73.04839305735237	41.135544626726386	64.444713020663	17.800173776312363	40.4318817974672	85.357267757581	32.91470109100773	33.333664739999335	56.3360323898496	31.461067375169716	18.289619299707333	43.01609444855013	24.150932469510785	83.45883715451212	46.6719701523346	38.73401801348927	37.424241403368285	82.37649404825756	18.429145275251017	23.863891038989735	40.445174238475715	42.411057394389395	89.27794019559602	158.03051780218078	118.71721531112948	28.46594666205604	55.465279870769166	71.59667208068515	41.74328905254053	49.5408193620199	36.67994399435898	49.28444434226364	49.03009008009472	85.9365717519587	38.866528672730276	57.658798102378	61.438360219712266	30.957894664759387	12.66826028627578	264.7144535225479	108.73588472079452	18.686886046386384	79.57982788286796	118.01236621917695	19.316173452875226	13.874853616319285	22.31346772307176	43.647427004206904	83.97041280881032	70.53755384996506	17.411523233341434	48.488169113264526	343.0914522028771	40.254574217075785	93.09550828635003	87.67106443052472	30.42737717443911	25.540043261685206	65.8251161750282	161.9156452693256	191.47376459149297	132.49557758783493	32.3694824349813	39.573652339423425		50.79599132441205	40.74748846435327	53.73216519127929	49.780965551155134	68.23906028903399	33.02046280831493	314.4380849583332	79.76291303040429	51.344694156336885	81.98669530766894	171.7246491288736	40.73495658963617	113.41421317920222	35.369911732759306	32.710089015553024	45.287234720845674	40.81452724629352	31.54357085559358	46.270745894736905	31.575933964422592	28.591110814696062	78.84767290047157	58.6505498464233	60.733745054057955	29.64062800828232	114.14923663652222	69.9322703412682	67.85035410896793
2022-10-31	82.16542002774241	76.89470013160178	60.98024576557349	40.99061809795292	19.36218719654618	27.20647005874292	66.17658809074047	41.357521818252664	64.50342713652726	17.75720707121446	41.90293493739086	94.074020324718	32.613994265492515	36.72593144443674	58.28954302721809	31.17310063384147	17.84723941024997	45.48885597612036	25.935740874570076	82.35115396225848	49.299014553451244	37.984553496434124	38.75342657638855	91.38688515331825	19.94780438752943	25.403848452353216	41.7816107334652	42.78767076435948	103.32386051251589	173.28164855643274	123.36499602921992	34.058317082836076	60.045137279907664	77.03108523489574	44.18704335054602	48.81121787020411	38.94325687014905	49.97278852958585	51.342795811011335	85.18014475645516	32.78934596488451	60.954490207921424	65.25214474891527	33.80551711791275	13.309573801910437	271.74214725652143	111.58678759895659	19.406337903092307	81.41808715661391	119.11690382815456	21.199358269703175	14.322778212858115	22.49738297250621	45.68969392244636	84.14175070871696	70.478081359056	17.72325568503374	54.473439437965865	365.98748632984217	42.9484286897643	93.8707588272317	82.15600654627181	30.809240616912327	26.359751574677105	72.13772127889251	175.88256019957572	202.80909898012496	146.48700770396806	34.24215702700094	40.823952282199606		50.468479375952214	44.24900247425943	50.75966443132113	49.7318187073896	70.08647052886266	32.726740282440375	335.3906017854194	81.39881922334658	52.273561239469025	85.0917618147655	183.2905856478363	41.10871769636553	125.0757452942371	36.37388253905945	31.722999720644246	45.3909859370867	42.13483809996511	34.29763293728472	46.576242603351446	39.19482265254307	31.634688668285257	88.37752407193396	62.030775080141645	65.11434692574923	29.47329100433724	123.71385572056803	69.78605823610829	75.5571379921807
2022-11-30	84.9371303301957	77.13094789231086	62.966878651156634	41.90361108873838	20.71120994152934	25.089615569828105	72.51105177366755	44.723049398486545	70.09588081455223	18.91076644327912	45.50984800299189	103.07063299098806	34.91651500881001	39.65013383745021	59.595860348203075	33.37704018376879	19.715151715744884	50.57859735708855	28.218993472807334	84.8397007126967	55.19940359964834	42.674041197007305	41.91099420694856	94.66508429750616	19.92999505421946	27.820630476087807	43.39080908660537	47.91287837031116	107.8110130383431	176.28399804307352	126.38958606783766	35.174596986019374	65.52097602497355	81.08497655595932	46.945815851230314	52.35734172660504	40.943347270740794	53.84537299918643	55.32421872322605	90.3558243961704	41.14119593816269	65.19974997690566	74.41553584457549	32.83070913826938	13.245114480950479	281.2821837967739	115.54915970290102	20.571045710529766	86.5726324236003	128.0653406667109	22.571472828847753	14.615924848458457	22.772242114135153	50.60282622141881	84.39222075596098	70.81067742075567	19.96928647672055	56.05827182883569	381.9456697014823	44.80833424523533	95.00801055939192	87.65884136798955	33.67990639414542	26.93817181082653	69.03258147138841	182.52228960761178	206.25802329460646	154.1253362537139	38.13375926374831	45.55099470926534		51.506959612135795	49.62356963349067	53.9847868111819	49.968776574296285	73.92601753143705	36.40543019487378	349.9924192312208	83.56751385242035	58.555879030439314	93.49778208249484	190.7169486971166	41.17006201415405	132.00114291714667	37.35802024876841	35.48588064148869	49.106284612156045	46.97268526297012	37.87913765426981	48.37990913507663	39.86357649400923	33.68907689283756	95.16223824265339	64.8343827430881	68.741521996503	31.3270581604318	128.7140508630855	69.50585995236625	77.89750256054755
2022-12-31	84.64480448648663	77.41060611055073	62.77008006387484	40.89982232029293	20.80521254699837	24.9811962937814	70.73416114550338	44.21689793103917	69.7327257577646	19.198524176957942	43.942071690037835	101.07221646355904	36.060139650424226	38.795337984845325	58.904232427840206	34.46458731680799	18.826651995186204	50.04713730076915	28.311859247746405	84.04252508491209	54.84123752739553	42.52069631368587	41.10519558431709	89.21077177119125	19.340031455069262	27.655797163342605	41.48588510956553	47.63250795620404	108.43017163584264	166.36864191546988	118.04579038045567	34.15507271754642	64.09181492566628	80.6144281522831	43.74345571799304	51.01285323662885	40.37040674018286	54.238186835826966	54.717452513996236	89.59118374066972	43.7981470724529	62.56598330856151	72.83290194119441	32.88442022943384	13.006914066439169	259.9293438405235	106.74695683745253	19.990009648922218	73.01250247691524	120.6649797132862	21.977038283113277	13.62313172956329	22.652163008795718	50.479120076865506	84.70919104454937	71.0349238379244	21.948483213257777	54.58005492217782	364.2750892299184	42.75324362442547	94.43143279900673	85.95957386228713	33.88921249064403	26.651075143727414	69.37708765834584	173.4918598968199	195.4517752214074	146.6893564544519	37.71817953747848	45.17779258927104		51.348485492348885	49.39377053317919	53.09600566976579	50.14077632835864	71.10061192955607	36.038842960302816	333.83118772859734	78.64942167265754	58.078134559241064	92.30029813683102	181.6468695787258	41.17624841654239	128.67424964196036	34.759291120078814	35.414240548064654	48.91593062406332	46.574724597928444	36.25465939922953	45.82124906126755	38.57524555403215	32.137475453392426	93.07472033102346	60.495702298231535	67.62940275922946	31.598161768082417	127.67353309717173	62.395002195102556	73.39627705135882
2023-01-31	87.16638237494635	77.63055492534451	64.63357922056773	41.78587162726407	21.5504546448979	24.316061715432518	77.22069348911441	47.02566011879932	72.42505183581547	20.058863058233044	47.06448529166825	106.53417340392885	38.264053436379065	40.957510232623754	61.00416127720784	36.560324416465946	19.521351612820073	54.31204132398038	29.41652985862686	86.7673436519606	59.47411587496525	46.34630883778087	43.074683812335536	96.73645521760974	21.323777297334185	29.031521569984	40.672410999060475	51.420179736349986	110.82860615886935	181.39799749937544	127.30643808355552	35.37107472715937	69.39597025735105	79.93025101941986	48.32337734759297	58.16744011734917	40.91801524666845	54.09921303612373	55.056111369303366	93.74237566906693	49.79968982640445	69.56315600144127	80.30997460368324	32.83816761351939	13.1656388277833	287.01516610616056	117.87144608636392	21.763772495436896	91.14709454895437	137.62439876126314	22.30825457345499	14.921745463951062	23.11924322560524	54.593740554513545	84.98212332336763	71.50152943960374	21.781014236178393	54.20161143607372	385.6885666670896	45.26789468750684	96.40665937118145	91.79115974977515	35.60601361833221	27.61087609887888	69.21832921568154	189.52407995193107	217.06514484551067	158.40693533683464	40.98333718774104	49.00991276083464		52.44837879570107	53.850835842744644	56.47321591770491	50.46025203783454	77.7541823428503	38.67579052638557	353.48666643838396	90.4291899590098	62.789230776468706	100.15051714525673	193.37820496096165	41.482875515945	131.7509166540931	38.23161879839467	38.39104183980698	50.785662970984845	50.51114223780171	39.04643479183299	52.624224272496626	39.91530555441266	34.20579706694976	95.84451527856976	66.03395954922374	66.37881590970267	30.782986305184817	124.91597003517622	71.22000269266738	76.30961367393193
2023-02-28	84.9516983820223	77.89733619097527	62.99818661949387	41.204487641193055	20.55035983490148	24.45704876898659	72.43107098452656	45.60380302438459	70.46873947483829	19.491931893037673	44.46817889970722	105.73645206775365	36.16932170627132	38.129641657575576	59.957335545978665	34.54602243409087	18.22412162740291	52.766537904475705	29.00932789338042	83.97120389342697	57.87952174491971	43.15747557842976	41.689814244156246	96.64735470483222	20.09174330591323	28.41374622262949	38.61313915917351	48.63534924886769	112.03677917890406	180.0399201485318	126.53954781352445	33.75777960971037	67.92927448357824	77.04424762025681	48.21433046861371	55.818059334177974	40.243009899089444	52.138592201482254	54.208910975585304	90.07136181694898	44.22532153605345	68.10084861160406	75.66417295951383	31.74361338512689	12.554704198206126	287.6404294360524	118.13456134128765	20.9004562775108	81.36086699974805	133.4071976840379	21.761632945014476	14.853737228366612	22.744568220942863	52.93191036191655	85.28623576515919	70.98145639828678	19.198505558435105	52.23331622416465	378.88474684569246	44.46724370630534	94.83070130449279	87.40630891694877	34.26627675891966	27.20713362954851	66.83563471976736	187.17686858476674	214.12487406779348	156.64696361482243	39.722575021150575	47.01137462728053		51.20580459721394	53.209048777531365	53.83515603050701	50.10950026590079	74.08346339756372	36.525786904621285	347.2583951255706	87.38728098479312	59.43061585442129	97.28946294947794	190.26898664925946	41.29720847909571	128.49752582269355	37.94473118817753	35.86865952352143	49.42961135024841	48.51347097667073	37.94601122030582	51.36716851174895	37.307473955405726	33.604210971763436	95.64324708376526	66.66026941300001	65.53300431461189	29.35913668811672	120.26624908453995	70.480394222238	75.98367075931577
2023-03-31	86.96823946162385	78.22119965814332	64.51074435819447	42.17869435272596	21.473000624736883	22.658968178396478	75.96276072557188	45.82917438758038	71.21744777290371	20.148020947619212	45.350586125144346	107.2066458342008	39.14328980036665	37.64075673283595	60.67964035574358	37.40396288885927	18.517330923732125	53.58459330435167	29.13493082416869	86.95280103071549	58.92821611543074	44.11811756948522	42.40286479301206	90.60918321954257	19.972869838657267	28.766380202519528	38.68260122589879	49.84266216879405	111.58312156135864	169.50541390259642	135.06323663926162	32.96522443308885	62.558865782572745	78.62776415184692	52.55976094654372	59.624410704898466	40.826364664056925	54.01177837110941	56.37266414064686	93.03733851355949	45.77784850905468	70.40191857853864	76.4599457184008	31.1544784332108	12.488595062325828	310.8023895982682	127.67849477124602	20.056414265262315	77.71598676669743	137.05922682600632	21.285964812854903	15.851473888932603	23.364327999842814	52.82412401069347	85.6541264061375	72.10969801312736	21.887830296980628	52.50735911654895	387.9956047763385	45.546296945146935	97.42257277349535	91.09904888236971	35.04746339599745	27.58155056432103	65.51395125314895	178.09062899862374	209.2731971223725	146.02707407605413	40.370906063192116	47.88514323008884		52.69629648548036	53.947046921610706	56.08146955351237	50.92190271867132	71.11201680289625	35.29983381183587	355.619075435898	92.03949629053449	60.86896582399884	97.37251617327045	192.9172824418007	42.068868773539826	126.44662271476928	40.33711929516476	36.551562622893414	50.055193352744496	49.42910774856925	37.26134399195287	55.118016799626744	36.78573421632675	30.203837156786122	95.35548347560024	72.89615892065542	67.53168926572192	30.24347976424157	121.30310083343083	71.40273523671134	73.15443972235306
2023-04-30	87.53740980102278	78.49363477066919	64.94971197026149	42.15712024413844	21.404630362931318	22.792123025567374	76.391710953481	46.29758774104332	71.43799555584431	20.260822650134674	45.77667980831792	108.22875676870873	39.48933185265604	38.067106670987656	61.15214067760565	37.71425574958592	17.912400666360174	55.331127188755104	30.05059444717194	87.678680908161	60.912756497653646	43.82805687060909	43.58104620592049	88.50375291389156	20.49051007255178	29.900170411474186	40.41335485934408	50.37551506174955	110.90927348821292	167.39442957683949	137.55815724671342	34.29868876088435	64.91078392032296	81.87299575472284	52.39131906945821	60.78278126726596	41.772077587626256	56.13185721584617	58.825584684059635	93.80348730282324	43.56883817347494	71.33730624428821	76.38891516433803	31.688121089395967	12.468915129980918	313.266807094199	128.67653374763418	20.45551185227786	75.52361410105102	137.1350356311738	21.18862893543308	16.11718619472064	23.449777622939287	54.12932832517373	85.95072671208845	72.30327323571456	22.955728510692172	54.190422852939435	395.21729515783824	46.380533502578814	97.77957745208491	91.63129962143336	35.959888703751815	27.813862504466606	66.90491845609532	177.07345432297623	208.4545700717207	145.06934143798793	41.629908289817095	48.92328223316862		53.093849469201416	56.422686305520386	56.47543007803146	51.0575287885605	71.81835641035674	36.59915139074754	362.20297973829224	94.09518892959542	61.51991242147907	99.1296721646859	195.6406746110012	42.186098880211176	129.0093879433077	40.90878421456583	36.27318639778119	50.23002715524931	50.49144172041285	37.42112577138148	56.72930823783388	37.8737065246424	31.147798955802045	94.54984615332694	72.90288662830923	70.08900990288494	31.052918448125705	125.56470279008546	71.41777841093881	73.22006133688734
2023-05-31	86.40474433318809	78.78057273511821	64.10791171364808	42.19953920670571	20.87480599058874	22.992693920253984	72.99572944880371	46.88375360635095	70.81500554791447	20.239418159113114	46.62765736570232	106.4929663112118	38.88145217366619	34.855984611048925	60.55055358158258	37.12712199914027	17.509332309733836	53.544850853605574	28.891725839458132	86.31237045495084	59.02543197024137	43.381416916419894	41.39487033750973	88.1180525990456	20.9166224639878	28.77376010809555	41.33761608606574	49.75496877221123	106.4299647452668	167.71501463333456	146.3134746594274	31.64640073670077	62.81801629847772	78.85684582537814	57.62691507093127	62.4989679839022	41.300970253988005	53.13643930520773	55.25020904440505	92.06514860343248	40.06813168049622	72.32918516732099	71.95068030175369	29.600191096066567	11.815761428749774	340.3200196434535	139.7749639825172	19.778054030220755	76.55562162361302	137.3401734720417	20.50303549757877	17.268100213370104	23.12984484976369	52.25507487187737	86.30892008360871	71.98969798157236	21.443215996557676	51.66807114052627	400.4441983567109	47.00401679880868	96.4551156265184	88.67921214784784	35.2031348295414	27.586951249323803	62.05943837160243	175.53654271639937	209.77423803997846	142.14041492886594	40.4427127204596	47.71154078356712		52.486987237038264	54.093018349717276	54.759963705602004	50.83179312549949	69.35885338979207	34.46797024133588	367.04339436293407	97.66853805968749	61.26954533139353	96.53835372770007	198.16367930883735	41.879593164321435	124.72187407884212	43.365066375898394	35.592293116491575	49.72242159987967	49.205848736103235	35.31967069532729	59.72768971995791	34.72200963606967	30.197347479562367	92.75876616011817	80.06729249693336	66.26439400681502	29.14176752798517	120.43064703143632	73.70212997110329	71.67036452415755
2023-06-30	86.40351087555118	79.137515958876	64.1537532533992	42.36298090683523	21.035771895318504	23.756671437959547	74.20313241607892	49.0251487460786	72.52193938249695	20.73199322162788	48.18360591744315	114.56329828225381	38.00301303594351	36.18682194439176	61.466653438825816	36.295813595703784	17.381226486113356	55.18696360861101	29.91672040159861	85.62866539731847	60.72065313292448	45.01441025387459	42.33794788992944	94.1578077295722	23.215897967631605	29.901322381310948	43.15400383784987	51.44568038835047	113.42208309548128	179.1371150494102	154.87781480218018	33.11362252458198	65.80014417031282	80.8086060656078	60.48482108780995	64.3181924194859	42.42669807219781	54.409156384089776	56.31921517097144	92.94323066289928	41.40962003212246	76.52543503594991	76.34290700318368	30.220778964803674	11.997516153606218	359.854028905806	147.87189032270572	20.381194964063425	78.96355388940515	149.84658207698237	21.37221140972131	18.316411746180826	23.086032282126414	53.29311428852697	86.71357182550773	71.71376645502713	20.842344846682707	54.13378245878237	422.89123931472557	49.63563997731759	96.20218108717714	89.37713039608823	36.05625593899927	28.02043541546072	63.08824779731442	188.57753692183806	223.6668274241126	153.62846584151873	41.70695123776474	49.28747878444874		52.03654315372438	55.551048246931174	55.09241796589581	50.64880188356361	73.06464189621923	35.00091625008388	387.74291269559683	102.23634317321056	63.215327722058085	99.42407083569961	209.77316310124215	41.82099551822661	131.2106521157529	46.02759673404755	36.96352732410212	50.89496276241241	50.80958785153418	38.626685174458096	62.403220404598855	36.365819864856334	31.762476673102277	101.7436690891409	84.34838638757051	67.68656711569803	29.569643865052072	124.99145465210228	82.02559267551834	77.30534982334946
2023-07-31	86.29453775675921	79.45230921171236	64.03462074116939	42.32184697212966	21.295773475152192	23.647025471198056	71.50121083875254	52.21299900081647	73.75441963814693	21.129254282228906	50.18187934865342	118.15995768506133	38.91535518119726	38.47818545139763	62.20080041074979	37.14730466898167	17.48781072004835	57.097688184626854	30.97150454644817	84.96200958548019	62.8365511646585	47.57187777939748	43.21872053108386	99.32973767418426	24.229786201123197	30.600913305027476	44.28717398411093	53.250094279371986	114.39734061528198	189.8155332387392	160.9298342069592	35.111112997377724	69.40615911240818	82.36556733160697	61.93942612583465	67.67443177798935	43.24366282659081	55.48914414419738	57.584848801646665	93.04612609317795	45.426946252065804	80.12713003151163	80.37919846775554	34.41563904254101	13.038029163043118	375.0586104969209	154.14456069752055	21.184003994541754	78.07638379452645	154.53018418109573	22.370158693673105	19.05192341904855	23.107064086821435	55.6484214844355	87.06855648758417	71.88368857462626	22.53103093013905	55.341438573251324	438.755366505855	51.50173399218404	96.28883626924129	87.26338735872002	38.63245198822608	28.38537895047201	72.34975473235548	198.15844961388882	233.21170132267002	162.32219598336286	43.19644315934065	51.28967600774863		51.911459105989955	57.52482844860785	53.92748022324601	50.76252048020077	75.0208282496514	37.04662243654162	402.35635647622297	107.8838471987763	65.6067634239548	104.57208524584576	218.25105990695036	41.991571797720276	136.41683346257628	47.76973222100539	39.027105856661024	51.62309335641518	52.906068551429044	40.114868391919146	65.84675539052772	39.1098382005602	33.53808413203182	105.24976876986472	87.0077730232275	69.40936972867148	30.491143039644964	127.59592257285072	84.11299898834466	80.97298414991246
2023-08-31	85.67046526516484	79.82847786962164	63.56019764747799	42.303076389376315	20.715279422925615	23.76975771239033	67.81454024841578	51.348433910334464	72.55864669520932	20.661527143116125	47.89674977875146	114.4216680741774	38.43960811334131	37.144664516217034	62.38649967294788	36.702532592938965	15.443804658971272	54.975340471389416	30.837070490954186	84.1834487262545	60.509947865436004	45.135225467932436	41.32838912224783	95.5120601916409	22.671043560340458	29.644886288929825	43.70392069065653	51.15116983316044	113.43198565834447	181.16237981734918	159.84275139274473	35.94769691633501	66.85416371770324	81.85942166368899	60.326080935170886	66.41033521200745	43.23892339488282	52.591302726756204	55.67565576807174	91.89847517914026	41.71818907698908	77.09573702128927	76.56432161059301	35.20962062684215	12.998904237474957	368.88335623074653	151.5503242347039	20.441094913421033	68.02199491346872	148.58404058515254	22.0328875177126	18.84358792250733	22.892857831941775	53.62992595753703	87.48067723039807	72.14420627462717	22.445148165599026	56.78989487683797	431.6929590972826	50.699094328844495	95.39679363466561	84.22071288786874	37.26397542966811	28.511684203934138	74.1386287316837	191.26933786516412	224.19209904285538	157.08682033373668	41.53589848437213	49.2117133054002		51.75316109438087	55.3912701825887	52.25990579643411	50.962501640179276	72.56885800160308	35.42484391306825	395.83111234060596	105.33005039224702	62.80988424930792	100.78837798328946	214.13641929621275	42.05135759318618	133.37091420987525	47.20058492213215	37.116558691751216	50.853997661009174	50.749873874763324	38.833134031376204	65.01231168266342	40.04894650751495	32.67670462183857	103.32882622154438	85.37730084277139	66.71643985039546	28.70744562214768	126.8114891331859	82.6115566295257	80.74589190785443
2023-09-30	83.62465686864905	80.16323019005542	62.10527963509031	41.65953879132087	19.894691767857545	24.799808950193857	60.43586243156766	50.17075222254738	70.25190009720929	19.687660060029415	46.320742309237446	108.72317250814288	36.984728034657124	36.97467213441245	61.42696411780551	35.296455686256024	14.002923422943162	52.990734697332854	30.630892491866714	81.7098581963291	58.27145943626519	43.58387597551535	39.40639212269248	90.07772164274323	21.774432250646143	28.605138627146776	43.98637747597817	50.20895695741007	103.80258787270013	170.92676358911154	151.65852215898565	37.19493275688023	65.51248636987982	79.07095460501381	56.579035500494356	64.55624685552507	42.01683664860442	49.70814794610655	52.83902594340945	88.93580695919036	40.000402187779244	73.02960134045456	73.54895362746728	37.734231946738106	13.285724603913886	351.65855982544065	144.51368501965842	19.088838414201327	63.28921559055683	140.88659027558873	21.167822198541273	17.92081189027526	22.49457826443476	51.31426097497501	87.85893460633325	72.1144728076499	20.58589565680239	56.17671778506775	412.5639776919236	48.44869814449842	93.72165473479643	77.86834057940199	36.64812403216847	28.09753769487886	81.27086334144657	181.00171000116572	210.27887852326097	149.77435499822397	40.02715829913567	47.54605582692374		50.94771793628629	52.71272452037058	48.640534298115185	50.93417976158901	67.1609413427021	33.955504753555154	378.3184268113077	101.88259736215234	61.37401736380451	96.67038437228096	204.57146959688362	41.996557879083724	129.37063303929222	44.65734464456958	36.01933290262664	49.247826234948164	49.01830316026076	37.04777466717528	63.375136307875195	41.4013956949458	31.79291008861785	97.39151742679613	80.23623123798153	63.59604502825244	27.195336244556984	122.91722612986271	78.23600695865717	78.85337729695706
2023-10-31	82.32721112657059	80.51602397775406	61.17311069478494	41.59764165625815	19.69142562697205	24.687329454608623	55.76626304134399	47.87747115151949	69.28497866317966	19.65300320801449	44.79135144142917	103.878971053958	39.46583387210971	35.39836971703194	60.69771753612993	37.68011541816857	12.422086764444527	50.98983123240592	29.664312372774184	80.24748392924909	56.1753150293384	42.12814990890964	37.99746515196171	84.52751598523379	21.234323538275262	28.008677066297388	42.903868978415574	48.40829632241076	106.49294306866395	158.52799100820766	149.78308498884837	35.528221654454185	63.12011255036962	75.75837502534735	56.409229360402314	63.18659798891601	41.250572191067135	49.56577648177675	51.80870831681715	86.76577310723786	38.89724489006442	69.30108382831878	71.20908288602996	36.37311338653444	13.044546893969928	343.6594584789905	141.22301413875124	18.120785603664405	55.11306303859795	133.15196413466975	20.281366655805034	17.5946025083702	22.357038422827124	48.51071348949574	88.2535735782281	72.3919916941653	21.08841523726963	54.85591602607065	401.56992064301755	47.16279670393354	93.12856232950023	73.8121102125281	35.51588979197443	27.790847131825487	76.02259393264576	169.9481915482213	194.97736742655098	141.94241773671865	38.50545856548104	45.87020524745481		50.57092459267057	50.987105083082	46.35660849483176	51.13478762765464	64.2715233155248	32.45883200034299	368.26906506648965	99.78965265150472	58.95804391884249	91.60574203310102	198.17239076579364	42.18607939352721	124.98337362305139	43.73126106818923	34.881317399213	48.43392706664977	47.227388014504925	35.73534988742162	62.23634429870957	38.80821085213071	30.667157938339297	93.86346145107012	80.04335941541157	62.32976078304421	27.161200298611426	118.33209274417943	73.75760130632062	74.39294920624137
2023-11-30	86.01883578240165	80.87765740935464	63.88858152687304	43.002949860747634	20.888923423636843	23.430696140814312	63.53954310521523	52.28353275320623	73.70794014827597	20.81707880554836	49.052140838604885	114.35002464083115	40.36165256023115	36.62804510562133	63.683209026002196	38.52108507386979	13.481508194655385	55.494410661058865	32.64336105751864	83.80510039804436	61.10731196474586	45.461696328251	41.62251515501067	91.72403889178376	23.84739652986629	30.38422153755917	45.41560533567795	51.56045083802279	116.39060513462404	173.2959515226133	166.67499209536078	35.550176961627834	69.41501427336294	79.72294748059987	64.22826568057648	68.77064031423205	43.36990214480283	53.06905943251861	54.21261573139424	93.17658271501719	39.63292479104596	76.11385233291607	77.6088274680184	34.64484311030253	12.744487667817705	382.7717457196724	157.3085707693932	20.062508828587344	54.58575231664835	146.1517831108658	21.515667494752197	19.650619982857243	22.935429854312098	53.2963687984729	88.65014055707942	73.1112690487794	22.932888405830496	60.333274678476755	439.3175217892445	51.59873057939727	95.53143420349414	80.98266140485761	37.8856532652397	29.107010065201994	70.93593087250858	185.6047264834537	214.1173291931682	154.36126248398278	42.007934638868264	49.72291591169612		52.09207872375638	56.13990583070822	50.488283888103574	51.646459448385514	72.17781060751477	35.76549158943463	402.9854856076523	108.9897008844504	63.36684117146154	100.57768957974193	217.26609624748235	42.59757923847173	133.28614801846834	49.052391729606285	37.305628220890995	51.529717325251795	51.20409547766104	38.650200256826	67.72169332575548	38.416757072037626	34.0200730196656	102.0646957732774	90.74598626601875	64.91050070158019	28.670720914121723	124.21280575295191	82.3562748585912	81.3647612404298
2023-12-31	89.2842985338491	81.23144666793314	66.25092740322113	44.48974396843656	21.872645867748147	22.796454096761988	71.61609570873402	54.09744304072014	77.17529464375643	21.369064736013776	51.986740287020105	123.02937365929705	40.95581895472805	37.90206393752762	65.922644788047	39.07301367925293	15.033101151273456	58.58351279120612	33.9900626266253	87.04668784867768	64.4810800154562	47.071253694389895	43.517353740704905	104.25617407932606	25.667010543592973	31.385478415358634	48.460610260006234	54.389376150108816	124.33911027159336	196.3133853328542	173.46621045962502	35.72004816942932	73.70106353177653	83.29259159872288	67.12847527376462	70.9755408990631	44.27510657528411	54.44960653392451	55.771098207965906	97.8722365343423	38.33722516827925	82.72132550073623	83.14154408744969	33.2978145278712	12.313367926084448	404.2806158454787	166.1749731649542	22.11652986517698	59.160550070222435	153.9003261639483	22.990038933525792	20.539493483588103	23.537685879358193	56.98037267770015	89.04037671112908	73.92540063186794	21.936998348496118	64.26759365187156	460.5839370126648	54.098042005773564	98.0087463438696	88.23337471857226	39.54916985540218	30.145982007327063	67.41990852597033	206.48174347226967	239.67540539328598	170.97810943945223	44.352754066090775	52.12537905895103		53.497725616776314	59.179425791511584	54.77048814140541	52.24571581313454	79.7468969446781	38.513313709878375	422.51339319692903	114.62822645658943	66.84258238253537	106.50493500506803	229.5963267392491	43.065966440404054	140.75163851238898	51.231363220533886	38.428189370354104	54.106245849533366	53.75516300765013	40.74890616246592	70.4970914658682	38.68768283640881	36.07278464196141	109.88604983994304	94.73245060556592	66.76234324005162	29.18662013729395	130.04268377985045	87.69646865416622	88.49570893980115
2024-01-31	88.80527585667579	81.58387279735027	65.88187821054291	44.04828145598448	21.172926121721282	23.409425546288116	67.67073710059012	53.244282763651626	76.05227893862036	21.07462775082805	50.95641682426694	122.68121310351876	40.308254398040305	35.6569266052732	65.94889240412121	38.4549056842281	13.362334941462482	58.33942743135117	34.794351642341965	86.55415904073186	64.20285407970957	45.410375647777485	42.0162438809151	100.81048278635808	24.604498060901847	32.334777054224745	49.3607122831658	54.62827524052522	120.25748155034984	189.54853804423345	180.1438157247581	35.46484883417781	74.71302958630912	85.42531840094513	69.51772281230119	74.63919633764489	45.16941851009604	52.505953188763044	56.05211031972025	97.06889776749372	35.049314750188486	81.94432632854506	78.64676724975823	34.95363028116897	12.484501740482795	415.35665214625215	170.74014821507473	21.21161121396218	46.38884541050218	149.9905311467648	23.150311895557508	21.267705645042916	23.511084413725488	55.67975209131294	89.44238864372622	74.12134276956971	21.00587737850764	68.22150016532227	471.00280036105613	55.32865763972973	97.89220741123572	85.17005839632435	39.168214750304436	30.223564298500257	71.68128611342127	201.9703062214433	233.62712495080171	167.64649580332758	43.99129499762668	51.47549844010858		53.429875167524706	58.59705433935486	53.15645209686744	52.39349143242348	75.97326980884928	36.88543286027581	432.1639295297772	120.49744208704905	66.46170457788669	103.6434509520435	233.61355731837733	43.213670041424315	142.4094821185236	52.83697519497306	37.35757551640613	53.33914683466848	53.05822372461708	39.2645939686886	74.39102639782422	38.52108991912779	37.26416713630361	109.37949183063874	98.38125118982049	67.81139583398127	28.356199339905015	134.00808252661463	84.15792633238212	91.96442268581654
2024-02-29	87.68438583389155	81.9329716265811	65.10581809662501	43.87699040588884	20.9631127613631	24.132754386173293	66.18010111358201	54.75554603435107	76.50922743932682	21.00312237009063	52.54877911411652	129.5770625377697	40.42067449172115	35.51628279769781	66.00308483450662	38.546895786293305	13.320928692567325	59.720974269697265	36.6478276210965	85.05233103752641	65.84039674628359	47.13038889027853	42.05115948749603	102.55846753349469	24.87364479427393	34.12091571426134	50.88064076846626	56.372774893132686	125.32255034690476	197.06196652146156	189.6460947776229	35.885394839247354	77.32178798192191	88.02607582466833	71.94847197324972	77.38928489533095	46.1346457784677	51.9229272724391	56.39357802931921	95.42036253661767	37.20006874043817	84.23055545220079	79.93127795826206	35.32259168551339	12.224600781283604	431.23041422155154	177.28540949566164	21.11836300399631	49.085199928826086	160.06524034021203	23.41225367805186	22.429508347376863	23.290980455153523	56.35994936220934	89.83168439165284	73.86210679499811	20.671994122912	75.40861813052084	491.1013107137627	57.682034492855124	97.00676514063824	83.5872292147607	40.4387060234712	30.264095079374016	73.40254325799857	210.70178782528075	248.69822421903172	172.17818568143048	45.10275507346172	52.98959315212073		52.73635800583796	59.90035720024466	52.13653470817727	52.200450046760736	76.5054288091154	36.49448991960494	450.55623992551824	123.94565073441285	68.76525007674749	104.88494157813258	243.61501208489196	43.141574006496086	146.59890256858228	55.76310338779522	38.60057912110743	53.47408624214334	54.49461956539744	41.41600884297339	76.62535241563901	39.49367429299526	38.656248278606036	116.34676296981891	101.29106362194838	69.19531284825116	28.596510776455105	139.15850832133867	89.63983155650727	104.14386653214613
2024-03-31	88.5435792097183	82.27603714829061	65.71315715959491	44.38626604431474	21.056730179384363	25.317226566504416	67.01445096777907	55.197274382120156	78.29466478614965	20.88186978379603	54.00024232606721	134.81963683266616	43.677028602062975	37.87096478154649	66.78462435375212	41.6586208981369	13.36729481120085	61.78690970650524	39.09632888560418	85.76077629821617	68.06823707924546	48.07983708492853	43.81026031047132	105.27341926355771	24.985041849668928	35.976021735915594	50.858509621861934	58.015190543165595	129.39169940952212	203.30576846444512	193.42313446614523	38.85999999118192	80.93661164267829	89.37916309029832	73.67732480173521	80.00884181369001	47.02448458746069	54.66650256312586	57.36903892265807	96.79517906094958	37.64488727406504	86.99093446348243	84.78041455106333	37.32490852968285	12.719640641555078	438.46301437248513	180.29433971324175	21.56371859238298	48.722283859863275	162.10245202546633	24.381394131050286	22.962308468262695	23.483593479447446	58.32320693725184	90.20875300134166	74.15332916931993	22.625443100848234	78.88613629527677	507.2170814005294	59.58612317235111	97.75740948370891	84.4148893224287	40.568510253896065	30.647992914565986	78.0705805761183	219.57440379250863	256.26188275300694	181.0438043487022	46.725046309524714	54.68651278318396		53.06921201154121	62.096699051618046	52.739669861554844	52.39636113434527	77.80550436965542	38.092132503365306	465.3730370435186	127.82488442439595	71.0455826508322	108.11263839198409	251.53383307473896	43.42678990015985	153.5476564933732	56.774483511620836	39.171949012536835	54.676736021803165	56.171097766337155	44.10700158211047	79.27510060543275	43.384264450421156	40.32594160279604	121.42780511575195	102.64852471806292	71.23633801151334	30.27005792907665	141.14326817673285	89.93040733830277	112.81659294964538
2024-04-30	86.48562265153672	82.6360406903127	64.22450314871992	43.815798237830975	20.36389626946309	26.55795186672234	61.319249848420654	55.82553766632127	76.60047141561573	20.46369812819546	53.139946904705106	130.86763056545067	45.849522404343574	38.72952655142507	66.0533632354805	43.73210136234549	12.781588467556622	60.10369466240141	37.255943086659535	83.24129015460397	66.15505792614925	48.34245488303333	43.86980789288998	100.94931293698502	24.308764288044415	34.649101727846066	51.98311253244824	55.439399122542554	128.0040074428522	192.0561392962221	186.69884241801097	39.754449250150934	78.75583763148381	85.9748326736147	69.89784179086439	78.35896125842176	45.99712351632523	55.405163572609716	56.728773066245	93.90557617388679	39.94076231970605	83.49661684882224	83.08890919397982	37.848340234988264	13.067163118375198	421.866901502472	173.45709305617072	20.408492921520924	48.97322050990658	155.60950425527807	23.532950515409706	22.179466254602985	23.151796937110365	56.57286598096267	90.61369610054257	73.86342702661415	24.47676706015241	75.03499363859675	490.5147204494448	57.6423185106684	96.35242538833549	79.3302944368213	41.54665110105866	30.348066344318298	79.11366176738218	208.11783010689805	240.5386538966295	172.67582692607817	45.38766756941417	53.60769121032281		52.041926400964726	60.90570106289495	49.82117566560284	52.21357844178301	72.68833434891907	36.900835737175825	450.1436910931856	123.81773963030582	67.83390127006098	106.62249678484974	242.65955924193725	43.39813077072487	149.08049562336316	54.70568613602718	39.71738663283341	53.61719186851068	55.16038455671355	42.540140425531554	76.36449455603176	43.91154078959755	39.081842055912276	118.24473198223181	97.50226561361056	70.74797099362385	31.057539675596733	134.5377392607778	86.42483261139996	107.69267561019927
2024-05-31	87.64687822413458	83.00962969749548	65.09259526139991	43.87288981323819	20.552090866877027	26.41642437283484	63.28605280502091	56.771268691126124	78.0689112291893	20.86908219102559	53.80201157085707	134.12309916217433	46.28874432964058	39.26439920789563	66.81271352335065	44.136508084605325	14.415005047972933	62.4950216377037	38.30061532252507	84.41051014822621	68.87109193543756	49.45609056805687	46.15318048390229	104.55782928499929	23.946672219677296	35.967882783173195	52.74959657611093	56.75001224248976	132.82069810210535	199.3455354216208	198.56069557580244	39.18732270949326	81.89712350740437	88.06151772623573	75.55875468556755	82.10414324126717	46.66731507248273	59.19454991372022	57.9358835383441	95.58326155556948	42.033689659076295	84.19090163817702	85.06773288287242	36.737456264211964	13.022158609466404	446.6641601950514	183.89711648128667	21.000986143693325	49.88642782230811	155.03338306286412	23.685417216999014	23.465956937338433	23.46860855536275	59.10118683834787	91.03133667666293	74.29429126994748	28.201774327999942	80.20563437418002	511.1656601540989	60.055971038839694	97.66792892418034	81.16683813026857	43.78390004351814	30.7246184665014	75.4171273427944	213.777531450833	246.98276983347466	177.3202749846532	47.058174342682584	55.405595875755		52.62683947157052	64.14013107865239	50.95842411701167	52.523757102817676	74.73314942112731	37.69705482988746	469.0765432939113	130.19781122726775	69.06981332088273	110.75263864275784	252.20314604563782	43.753134438072806	151.67292426166154	58.00731866524565	40.74484999416982	54.60095941338035	57.02655922784002	43.406830143353154	80.50950874854067	42.669421702749744	39.82338257566008	118.85567528215235	104.07502038153682	71.87522113145143	33.49129345151203	137.06621282656226	85.88244995152792	112.58096788948455
2024-06-30	88.8300608382651	83.33717456618882	65.96701935457017	44.234956692022585	20.40026124447328	26.880828061742438	66.06042317304693	57.51537987388627	78.45431358932302	20.556233529599425	55.93146920897213	131.61625374799556	46.02500089338423	37.650552090596946	67.35567193404111	43.883024455650414	13.14474379358459	61.49839336081606	38.48818008375749	85.89784964957488	67.80765741741578	50.42078681802673	45.11642415751226	102.28003302759025	22.42071660183823	35.87694814493926	55.230144876217274	56.60135651972966	130.6610590399438	197.19263159378926	213.06528175924163	38.49860729797019	81.07463031129406	90.17897873699624	81.6638645597427	85.03796835984777	47.04118956052584	57.0098854428586	57.583540408008076	96.7419448990296	40.420644232410574	84.45026448119984	82.03864304680442	38.157718660024216	12.941615733099727	474.3158495366923	195.04082987321965	21.294797742284658	41.11177928160567	157.14333145276157	23.853415627614673	25.021802357440286	23.735278703850206	57.59129776285061	91.39526392978385	74.75166716233574	26.53066852375872	86.13275675756316	531.0060650150031	62.39047590391036	98.78606052303483	83.75621998725994	43.83377834612979	30.960563730174787	79.49725702800373	211.07918562138514	246.69852381554094	174.02984143867917	46.469114204396135	55.14428072642859		53.326489822023774	62.68917146508845	52.45303385648827	52.858491297322196	76.54149329079317	36.71774695677407	487.34217249754414	135.14328899280392	69.23291548269584	109.64793658417841	260.65257836434114	44.01944325776766	152.87465434168595	61.84623004237469	41.25200532021668	54.84216241065518	56.66895077748153	42.39899252359523	83.58306901317454	42.43886723291422	39.72260229070381	118.31695084867636	111.62689290744414	72.46123208811309	32.15453646896371	140.48565427849314	89.72963486237103	112.16512952168156
2024-07-31	90.43577398918339	83.71872799450674	67.12340114089994	45.000977020912146	21.028908630712145	25.984256781068588	67.16447087150078	57.51499008037694	79.95774030597347	20.98240862651872	56.479591637525175	136.07925492008073	48.025398850973794	38.07114468320954	68.72607409115268	45.78108403643142	13.630826193953196	62.95758138389358	38.90614304074778	87.72681467159228	69.29359322879331	50.399291888081954	46.89376014135077	113.4895319984216	22.405475405516274	36.29758240703877	56.658819358440354	58.226287619740106	140.15040198365082	217.6927719231255	206.1323124052444	38.967275982500645	85.60445314940797	92.84129094016153	78.33619710792856	82.70235865405374	47.74136986549237	60.080419597943006	58.96482679794973	98.5900674739627	39.3346712344222	88.56628801565432	83.82194260526926	36.63976947597075	12.415828512324573	460.5992389879812	189.3825685359546	22.661458723727684	39.755378474357045	158.30597157920192	25.353345653861002	24.492374058150162	24.043917844566657	59.98148060765212	91.81777515198524	75.55064217215752	26.050550090266434	83.57836649858235	532.9885211588315	62.59900453619495	100.0295957653389	85.31157882154596	43.571240215509526	31.582545382275857	76.47184172711326	225.39827216723828	257.4310384084909	188.76999217268417	47.52223050110431	56.103229624473286		54.33059964424805	63.830499354266216	53.466634887496284	53.42641184798535	82.94194764969981	38.462315246721175	489.0617487057193	132.41334068342107	70.84003926295136	112.34185308327204	263.58432438291265	44.37242555048118	159.5545415358041	60.04665759741795	41.41057646931375	55.8160214269554	57.700610391720545	43.92778649703314	82.82769640445444	43.260112395292175	42.18659664360608	123.23321628377086	106.51703764015676	73.54436989003918	33.84743452224831	144.22525537322815	91.25005372477372	116.97812366836817
2024-08-31	92.21472777458578	84.09397785645727	68.43158181071055	45.38207515395436	21.86538154506409	25.099143042769363	70.37293969524495	58.32652174086667	82.02133472397497	21.68647870974794	57.54951043091575	140.1049450090033	49.732054625019515	38.129585546139566	69.90506114707748	47.413788557586024	13.83628307512372	65.41437626587614	39.96561010412548	89.52893769574631	71.9211732190558	51.31814821498935	48.99299794561726	111.89013699791383	23.48658240190111	37.24064298549496	57.04706323508394	60.21646080581098	144.83988920576573	213.97873829877608	211.68544676125103	39.00122054437688	88.79181880803095	97.79235322229886	80.0213839260469	85.25389157907294	49.158557801439805	63.25365901471061	61.87201039756433	101.01785233294018	39.73959691476198	92.35623894377841	85.45810624207417	35.790735923515726	12.340903856413387	468.92154602846756	192.90758488267608	23.943038057381216	38.35127490507597	161.42703714236688	25.849904661918522	25.08867865851326	24.363499764549303	61.618758766724795	92.23339873635709	76.3181469218612	26.618003532988862	87.36716678999557	546.9915945731617	64.27362711287464	101.34826533850023	88.31539766971993	44.37355566554306	32.12270811020997	75.34100702797193	225.55354837123437	257.674141568643	188.91192922562988	49.18144989558968	57.91948832625897		55.236750099357515	66.34243891524731	55.236072235201874	53.96018487491102	87.05979092245427	40.37054271847062	502.07988899053004	135.6283071136484	72.77782786110515	114.72539075996859	269.7866553538271	44.71496376976313	163.85378264721817	61.76275270385032	42.143869746868546	57.326854945981836	59.46778728284136	44.89651846215626	84.84272733488584	42.416451461303865	43.87380097596832	126.68279925523188	108.42615109329228	77.58796578535048	35.61269320135659	150.69126826703118	91.23817412491744	116.120527158909
2024-09-30	93.35260440947458	84.46182065179794	69.27501314925242	45.91226299387093	22.32587314094082	25.471120133707714	71.60423455097008	60.20247906599512	83.57629214001925	22.330945332923058	58.53461976887361	144.85132050730573	52.387232636649884	38.86772045547359	71.08646749459277	49.93951853450994	14.241486368097286	66.36576108279496	39.672147223198024	90.62632901949053	72.87883194757171	54.297274689767235	51.1106110233539	112.80645229248357	23.532791374883008	37.53317609291522	58.38517902507863	61.62673409073942	147.26241965383784	215.70383648732377	217.95373236317303	37.55341211455728	90.13135074524526	95.08114963580971	81.35240393400333	89.59452410963479	50.17004684371196	66.81194091675275	62.660922408865346	102.84496792759413	47.82789565421952	94.10295008190552	89.74803453673596	33.75198809905006	12.38167439900608	482.59232168298973	198.5005597688939	24.77853614060866	43.25111345989211	172.83224284238977	26.13604438261212	25.783147338195988	24.688085558072206	63.182149792653576	92.64014300786977	76.94500513350906	28.688299289764174	89.2357833052977	559.6027697235861	65.78661071953941	102.67537469572441	89.62625226884704	46.78665671442787	32.62819129329071	70.17087979521946	230.36791100056647	264.3597258153247	192.33457705335158	49.843389663023125	59.55878745262579		55.830305139132605	66.90088701032911	56.11479894209668	54.412664898986634	90.01181141538775	42.54196337967569	513.8999838776888	141.95880676040156	73.9167693636515	117.96607221469034	275.8654834155204	45.165859907008645	166.82913802039548	63.330229746807326	45.25493541887259	58.44396053607147	61.15945525492363	46.43328391760564	87.88980391447663	41.105595830112186	43.85518055773967	131.45090953980153	111.46114369896878	78.63161759605902	37.98732841428445	148.4133544231293	98.52165289434167	118.37219245293626
2024-10-31	90.98071709241827	84.79357153664728	67.55639647630099	45.620659399611334	21.21562368809927	24.5114522620801	66.17293981494844	57.828744253342244	81.87510392779838	21.31512364615939	56.181719965185664	141.88773578383578	54.65532511835123	37.79978664738552	70.54554051204875	52.093433908768546	12.71690659791907	63.33090829819779	38.71765493882611	87.56389767687887	69.204751913024	52.691668608403134	50.54885798118722	111.13196157828526	22.456866798319453	36.288215078283386	54.56212757836846	58.32047320085375	144.45900475840597	215.04237376314381	220.26875934688871	37.64554587239975	90.9721913663574	91.01391018250564	80.8686721499619	90.23939786239995	50.10976845472021	65.08712728356178	60.017416031027935	99.64802957951964	47.227567186743215	92.44197891615102	85.0965144490741	34.32572141275849	12.509311105743748	485.44386553940126	199.68465213393154	23.915502181663477	44.9021261624925	168.41536526146388	26.24621902297632	26.094829851115662	24.235712591709444	59.450287444679574	93.01716356478558	76.4358931629192	30.37082859617705	90.4408800343459	561.6040775957865	66.00661820570589	100.78649512739932	84.49507528842163	45.071587641679955	32.396103503251915	72.09642025221689	230.79593428409572	266.1751498023714	191.9684762069898	47.493248601184646	57.082644901963604		54.49015175513955	63.483557321077626	53.06309820748031	54.06957918425934	87.97347895789986	39.71402486255668	515.5846904242596	145.6800505987164	70.04811560510716	112.97382148785438	277.0832740405682	44.94878389612731	165.72981736723776	64.18387769444314	44.20058076305476	57.2554983167709	58.65764253031568	45.241824074201205	89.99019127674762	41.62670648735289	45.37635867476386	131.1633734545427	111.93401587908468	76.15430952259192	37.67026579996592	142.67797938680013	97.6086613440485	120.09339161938351
2024-11-30	91.67804847366315	85.10519677364215	68.05844790373521	46.20207023761445	21.130670278549427	24.572053666976505	67.33848230549896	56.902105051115846	82.90799198582405	21.16478988008302	54.82884912895242	146.7296614900792	52.49714793232687	37.2804584958404	71.46108987536053	50.0413043769227	11.967192660073172	62.90353366498539	39.641645578088855	88.07681694845229	68.19037625213417	51.12662671286589	52.16884082201732	122.22339494099629	21.259132915203338	36.21714461406683	54.35019751047501	59.20399333392243	152.9143791120199	236.13941553699271	228.53903674641933	39.2286578147031	96.65058547889251	89.2520266600203	82.34456694996767	92.40229529713801	51.92158262380741	66.26765689016936	60.8635575691533	100.85123643541398	44.8901928294922	95.67648076848899	82.93689762807729	34.265118447059336	12.348371033828155	502.9839768677655	206.91941308904444	24.40990659659257	43.928114103426054	178.03028120766072	27.420717112246493	27.458320214235123	24.299095119559357	59.2291089411343	93.36962899431575	76.58873139026683	27.792611321658082	94.93546655602424	586.9704235341171	69.0056944433997	101.04853973415803	85.61678093159213	44.35776298299341	32.821319704577604	71.78009764679152	252.89095726711602	297.5344576916922	207.29514995068976	47.11703570593512	56.25309190947106		54.69832369624543	61.56799072449085	53.752489411693446	54.18113919314334	90.85528233104439	39.13640321452234	538.7271864359831	151.95480812468736	70.45636464417919	112.06144829647187	291.8835486962845	45.122889432575924	173.899067510506	67.3106775989961	42.99913527834012	57.96674902737996	57.91113442387011	45.522783099283444	95.72731061344058	44.913615150571225	49.69113009357959	139.78343766978423	115.30386724863877	78.53847016978149	39.07047359924821	141.83638044585032	108.7214951676612	133.20569147601074
2024-12-31	90.38719399716564	85.45027054682342	67.11249522116807	45.98427105869723	20.59093875083623	24.379309855573297	62.18727645193777	55.97821024520531	81.35257116337499	20.778877173555298	53.61633664405386	138.89406613545793	51.8838818250776	34.61624492294779	71.02121334760876	49.423487867493705	11.200504705996996	61.37350760941614	38.45825229015925	86.37332539782638	66.75833448008414	50.47816872171176	49.90956687173568	112.77363439714762	19.74665095643402	35.35569227026309	52.78808743389559	57.88601683485036	144.73398348802402	217.53349976747802	235.6914806616428	36.047683469726095	92.85126047312784	84.12585988387815	84.43749388233874	93.68702749267922	50.02681410958822	61.74412978447917	58.36167713382099	98.65046428052032	45.72753455796139	91.72547842645395	76.42781399621907	35.312934951227746	12.440537086557244	511.42442114409573	210.3967505463272	22.611848778530756	38.65167657215087	181.54706070380422	25.677660835097353	27.92699450969193	23.965847621345333	57.976562247236025	93.74107643821485	76.79187232356418	26.500672888795275	94.279371909577	578.0015512867952	67.94581861697728	99.55826804227472	80.9368683385936	44.63068295186062	32.62250376709022	74.86563541067139	235.27794533649848	278.85017352432055	191.55216100013746	45.84720001093266	55.2088247994498		54.1833390498948	60.39155426663339	51.18419363055652	54.32792043627806	83.15161485416526	37.794883390647165	530.7061203779368	153.3007625878185	68.27428226166603	109.82211934705684	285.43434117177276	45.083154142262586	163.50601999696875	68.4989524150374	42.814083924413936	56.91578039197422	56.71416431388465	40.807169848002474	95.27323121480751	40.36811231698399	47.19530829042307	129.43366167929614	116.11088032125367	75.2059721172022	36.10366573144207	133.81063090162957	111.5839289236967	122.2996304230706
2025-01-31	90.9178813566635	85.74700133311752	67.52592981394972	46.044773029238975	20.620748901692597	24.684800591977556	62.20285148655384	54.60888141240483	82.71196013843442	21.205177426556393	54.40824597052034	145.06124464743363	55.23877714173911	36.32305806615081	72.03614457395071	52.631065000277175	11.092670053582353	64.13182204004545	40.34631962126182	86.9407398867807	69.90739781454917	51.15044190593858	51.009952942486045	115.9868562577453	21.573683925959152	36.983482522906684	50.83636623235504	59.00013257253157	154.88676521530348	223.0069720152597	237.03620490281722	37.52807093122805	98.62234488666881	89.30513507914807	82.94952213564247	99.6336555707608	51.16852478239219	63.01707885761483	59.28234061754298	99.26869268514314	47.20433740916204	94.42933238407501	80.105395516151	36.056504517801	12.824431519038278	517.8424036200574	213.03290739296708	22.959459286043007	40.113672079715265	188.51946098562868	26.23207368303964	28.285201452854558	24.261034642894295	59.71260542111098	94.08066511807098	77.12208924601356	28.391504484732263	98.6363310404401	591.2627754403753	69.50673734673428	100.83725635194648	81.37406657370744	44.212249694856844	33.09010958339287	78.03072476626814	244.37270687093297	289.9226664609592	198.7334354084949	47.91138466491029	57.089116952640936		54.51740652669917	64.19985592559388	51.50118692827256	54.56612914182324	84.70250149997054	38.2972990050363	542.8855244009218	162.86280306511293	69.92972194868871	110.5882085292966	292.95700715375983	45.49784300165396	170.51420461016136	69.31133199258832	43.05291520210891	57.77752579804414	58.60886229327622	43.049088186663475	99.88747876050883	42.1584005676284	50.164874037607284	135.66079521802678	114.67690748574609	75.57978209733248	37.04736953157899	142.43214275406365	114.36909647484377	128.99316585304882
2025-02-28	92.66073584705802	86.0281644291675	68.79154125668971	46.41898205045422	20.91090932804291	24.207344320889142	66.28181878320393	54.17715333215608	84.16091424203535	21.406475513144187	53.25517990043031	144.5550230110742	56.96842551312144	36.169978383191726	72.60192874361442	54.2707036776985	10.997000915461456	65.50837454947292	41.39131369739779	89.05010278585044	71.66479842126786	52.04577604796536	50.89535600514576	109.22888388605823	21.421764143544706	37.70842775060041	48.482769200100954	59.26598700327852	151.82833324166262	210.71205079037225	228.5791608049105	38.01450955135534	100.34954400525005	90.60812556654368	81.77817940436603	98.90486893841448	51.58362132781448	64.44769105203974	61.77574852316246	101.3068832196017	52.68480862657326	90.59599873667254	80.76018589221933	35.11997764772474	12.934191826150899	504.141537125914	207.46541614049403	23.536267793690023	39.4416210069063	185.13233458956222	26.647402976673938	27.050024073005986	24.711371022190473	60.23442758526097	94.39132709268507	77.6135316456127	28.52283774456047	97.9685134506025	580.9784198610942	68.29458095258565	102.70828784655698	85.26768272571869	44.18845792937634	33.36033271211408	75.05502672051307	231.81915010129794	271.13665152788946	190.5917386378401	48.99688287367478	58.40980781148009		55.43428755146318	66.68322133627976	53.7720578060045	54.91952166336965	87.36950205619034	38.67735493049368	533.470112431379	157.1856057408924	70.56135802226368	111.2288925964919	286.120228155994	45.982726250881065	170.77490710819004	66.99704381239873	43.77542419104722	58.804998922618125	59.832662289835554	42.85010326969622	99.51824341582856	42.86437058380221	50.28426946061329	132.66927026526173	112.01815919459649	78.92347398784767	37.646685245313265	143.89616011138153	106.06161832990202	120.08421624153902
2025-03-31	92.67391960390512	86.31398359436415	68.8274388402602	45.91567452495225	21.052766569638905	23.797817410217377	64.55782413738253	53.965486446404036	83.384615810371	21.61202045303456	53.40364540592942	143.4756974231058	61.24637191562567	37.293374700478694	71.92795491930521	58.33956217664917	11.245219634335278	65.94955314226051	42.15060278859626	89.37776171698377	72.2908454823208	52.277152074262474	52.067223074262444	102.84029057542746	22.36463478277881	37.85666711180981	51.48277024114586	59.43918017564083	152.9932868620137	198.0949058309631	211.20152705378047	39.89449553607591	99.53000360598318	88.92481285693879	75.45918422265652	94.20369685949474	50.0611658219747	65.98255076386617	61.52522556987937	100.83915781849936	53.18481191398582	87.09958198315415	80.56660432251405	35.23529528592448	13.045917358556439	469.46392733818925	193.14801975932286	22.980511334739976	39.7684212453465	175.0920168030329	26.353603771167045	25.08190267502325	24.888539054632282	61.08150005618479	94.71247774534649	77.98055060257983	30.965679976905044	91.97861518465287	551.6420739069706	64.8413373666674	103.42657753522764	84.1604572323657	44.95941377850998	33.03373898354777	76.16152627819778	218.67673802714722	252.2995669213385	181.61114726989896	49.25388019901195	58.782714389824214		55.755494318414776	67.44347876431198	53.2706743026762	55.17847264217396	85.23342688189359	38.764962652971974	506.4511975389126	147.40272471530523	70.51526935635528	111.68866597742603	271.09409576636443	46.420183281919506	167.09530563238013	61.88445479452467	44.09102669769126	58.38871653250978	60.20083151762341	41.77446784220496	95.11541359320546	44.51476468022986	48.65190605621052	128.9872806042498	103.25222121728135	77.73411645387962	37.54181647383422	141.7071232110884	98.21187606339458	112.95170029560319
2025-04-30	93.18866688989144	86.60960743198468	69.17518008418142	46.682679714325026	22.290671240602823	23.769539256803085	63.46338290223184	55.0746960987553	83.43334959799672	22.2830283469775	54.473219277332134	144.99115715283773	65.59043763090617	36.477593845297484	72.09638633394536	62.47820302760408	11.578304968625808	67.95054466427547	44.292814374724216	90.38002445621163	74.51282737200272	52.05986550283661	53.86555308437005	98.17989711071847	23.49569725273308	39.81105653232979	53.4714650956454	61.29883926322409	155.00290976632857	191.85799900747043	212.16395295961613	35.65934694343493	99.29623596727336	86.44866159628899	75.63183209833076	94.10714687777346	48.858020299047446	68.43036359387732	63.60530628238436	100.85035730655397	50.23363690018839	84.4952005081192	80.5467257828603	30.88859776348954	12.113450796703928	470.5312566565258	193.6668021827254	22.852879911935204	37.33500099078814	174.54820926906115	24.45553085411049	25.166681481406695	24.95946769009912	63.314045023523704	95.04883178770572	78.5973743458334	29.804005578801863	93.1903033337987	543.7433929231698	63.906571973223514	103.73717741271456	83.65307540048325	44.685918732590956	33.0842796342667	65.30630836867047	211.68853982145595	245.9509265648479	174.80754575921418	50.77247181201378	59.92098377483468		56.46345067352796	69.42170798764218	53.05180400353246	55.61828956558662	83.15257433679918	40.79557204324986	499.3321553676337	144.39786898336	72.7595685263673	115.1415436135897	267.2935487709958	46.81261442590135	160.96767604218584	62.43782211020064	43.76331668255098	58.45598535707669	61.40250007066384	40.5867743517103	93.3653937205581	38.99773378809454	47.47935044922317	127.97508977604173	103.57125033922836	78.18392958683802	37.8288575018704	135.9603987743105	97.5076025907111	113.81845084704496
2025-05-31	92.5020163444822	86.91345537873154	68.64729929300739	46.68329022583637	22.181305709111662	23.729950832856225	59.90595047411452	59.11285806869661	84.11983234133368	22.622016325976226	57.402830605921906	157.679588908595	65.4076558074006	37.54645179539031	73.17037698389159	62.29941135844648	12.370666569956807	71.4279426740242	47.213960527849	89.26155731686073	78.19410237949818	54.91928856541087	56.13409733473881	103.40502278020168	24.0314550948143	42.05917805265854	54.38969096865139	63.81644131169	175.01493624077335	202.2588299262121	230.64370124630528	36.14817175076104	104.75570055017758	83.38525013547032	83.12832842908209	101.38455583234446	49.90033861681309	70.34771102083548	64.66113717715672	100.69347414896777	51.84135058654558	88.4244495570453	83.29832174793934	31.415076487661413	12.145620446056355	515.3914967794585	212.0967338486629	23.505798588850396	36.0111899169724	185.4806796087028	24.78478374212169	27.36806935486684	24.778043310594875	67.11668288759759	95.38488915347436	78.41606473168959	30.103657513922805	103.86794144757891	579.4026857535282	68.12115298028294	103.02222916787403	80.67238058546681	47.33437700527153	33.56253882876881	67.30047383247238	224.08022268375603	262.20227960969294	183.97503005929553	53.383328342860935	62.84337505364487		56.01809310112333	73.12943782800397	51.332556873083576	55.498835145915834	84.17414374547015	42.04106979520009	532.0695854644591	156.77853258279168	76.05606967397094	122.40486914485302	284.783425883783	46.65637371254706	165.91909923631187	68.36114480928961	45.84007220308902	58.895359336536465	64.50621795789262	41.98213720017043	99.49038018990136	39.132232666728534	49.71885671891113	140.08875488600086	114.60790452974078	79.12096755269165	39.067316131791856	128.9101636416504	105.867434234462	122.91088836847844
2025-06-30	93.88674498116077	87.20724157092936	69.68843564852295	46.88771074359623	22.69892620499633	24.326830699307653	62.01049702501943	62.50477461346624	86.19206690915354	23.23557851807108	61.39928725162327	162.47891541112824	65.46934103995781	38.802103709320576	74.4264080311161	62.31742423162319	12.921891074707737	73.18956361326347	48.73368424265743	90.74042943402193	80.18627645998922	58.349317537489625	57.12319948740992	107.32508465740209	25.010866805935674	43.342251578535695	55.61021494774158	65.6001699379383	185.83520177600238	212.45519680871334	243.70453214071466	38.06156489838153	107.85844820088957	84.55707032763534	90.80608810820023	107.84837237147805	50.97961816159065	71.66624718624502	63.62066429083332	102.78122322857266	54.15731058484383	92.20369547044868	83.76846967129407	33.18612387737743	12.576765886819981	545.1668247581857	224.3558923022436	23.593547474971512	40.02750270815657	185.1880691726229	25.299424681815616	28.872280265372584	25.04464890753074	69.89439797991406	95.7136764025868	78.90242448231902	32.84065214512955	110.65852834050617	606.4817945769524	71.31428543781486	104.0772652925634	82.7438327871297	49.79164279786319	34.1604278532038	73.41435903838797	232.4769384161405	274.2554901493509	189.91175978291096	55.01774727681268	64.94528986128975		56.73129250764395	74.66212041961026	52.589325733111	55.850478039689335	84.79055069648435	43.91884443965755	557.0630949929524	167.51684293836166	79.12527711347622	128.78603471385583	298.1364463705482	46.8991183824962	171.55574411864055	72.22936465265937	48.005154753849226	60.2565007138258	66.76038495157991	42.88020074203223	105.89930125735637	41.02142099905541	51.07040956358824	144.3584663261811	124.9759746565197	78.03507333431814	39.31243625833493	131.53246445378295	107.36763346915788	127.07034979070858
2025-07-31	93.79313709171663	87.52485347764662	69.63471083481389	46.8415862383827	22.016634647333206	24.300937555358093	61.244026980750036	62.46962252168181	87.03740873675923	23.06631641833837	61.515908423345316	166.1015123801306	65.252922068651	39.35671031923964	74.70955448774868	62.11270416128251	13.401543862137228	72.9247158256521	48.80947368654681	90.35551891074203	79.6360516667603	59.12612446315097	57.35126055106958	109.34710723833177	24.1150040168183	42.838475949591334	52.888889654271395	65.6053848876008	196.0882066130572	218.10264679548993	254.22457025751362	39.0623255434574	108.99345827218626	83.21666792886084	94.99063213682271	109.16642220539299	51.40032108070229	73.070820914462	62.659182650396744	102.99012133456289	56.783852324590065	96.36707745993003	83.68260661996439	35.77171430319709	12.915722662056366	562.9462247873199	231.67305948024935	23.614831389135734	49.57953932029129	187.3762450723163	25.609760918415198	30.05467116378353	25.133704914880532	70.37063192343618	96.07333799784645	78.88154505591697	33.727562386487	114.28187978342544	625.061631256201	73.49656788199358	104.3596336124798	82.0821213274424	50.767466288067595	34.31309900417564	79.55936558783263	239.19771927026028	282.4070251433143	195.03912031117613	54.89896655371135	65.03747376293728		56.56581647457637	73.92252387925772	52.26257163902956	55.84842969087978	85.9059760525198	43.44902334074009	574.0965166082133	171.18825174749807	79.51802501535589	129.59327790744126	307.3507147700226	47.101154917916105	173.70761224232865	75.39837017946644	48.688437727784994	60.848238483944556	66.87007188129277	43.42917195003187	105.34308729777734	42.217872062420966	51.614890538538425	150.03560284948054	130.8550153592786	77.61108010561317	41.14782451617092	129.73818082524883	110.27629315190543	129.94557688443254
2025-08-31	94.93781756782505	87.8352143951364	70.44610680250779	46.90878999889861	22.356315556363683	24.610147606258533	60.879012088768306	64.36229305393267	88.57501832985231	23.569205952890936	62.271000309758705	167.55689563241842	67.89515725302772	41.50662725986598	75.55858574874847	64.62515693325753	14.2688759383874	75.89411443581176	50.6102977424392	91.81807085280006	82.76407545402458	60.67140253122447	58.70715197029466	116.21965131567427	26.040448725638477	44.46136765763811	52.33206362378967	69.4893968342549	197.6249336476373	232.21330326054203	258.1868626890896	40.37543122756736	112.76124982539682	86.22393097806379	95.13856465252006	114.77967012968034	52.097307661138565	73.42038196150912	64.04479395554296	104.20149583143278	59.81010323770567	97.21258843994138	88.4397851516537	34.01682723903154	12.724419442076307	569.2177312840633	234.27953717374203	24.388029279315305	61.042582390030944	196.02372766137412	26.66716669098999	30.46043984084048	25.50099163412495	73.23999286821879	96.41773080808183	79.52919581608103	35.72258038478524	115.7751627531199	637.3679624312431	74.96616919708374	105.90617271230403	82.33544239973637	53.041530402585856	34.733839046241016	74.87690484870896	248.47748292887067	291.27536873431234	203.87894133011133	57.02342281163453	67.38705248383398		57.38939679525428	76.14890992371893	52.56762408771206	56.305369202665595	87.79072511181619	45.0819340452595	585.4886648309862	177.725337406113	83.4546525109602	135.24336228882066	314.1716366674696	47.680175720052205	178.50329545763145	76.30234785827697	50.19060072096694	61.87697461018002	69.34920970995904	45.046153555827644	109.63064674626054	43.29472496333047	52.84928987734541	150.22099315036954	131.01239264003226	78.00652634195464	40.87590943175985	134.19707074837365	115.19812599160758	130.5907842513103
2025-09-30	95.95961541939914	88.1427252183538	71.19568126568669	47.14725176640576	22.384044997736027	25.937861453628166	64.2737807200424	65.65867934697226	90.08321694073967	23.841789072987787	65.74974694207432	170.19951367847324	75.7594688314859	42.71248396349128	76.17192687010521	72.10726241396904	15.229825787964662	77.27422181837525	51.560086141936864	92.44439808469245	83.96971794824967	64.09538923389871	59.188164307169515	117.11578089812296	27.770032880180025	45.489865776398375	52.19776646291663	70.4469559544931	206.64258522123893	239.24007918217134	271.6042732106524	40.688494049738516	113.85365867674605	86.25894727148655	101.57340596216798	119.83164593062946	52.299118399773974	75.43579633590818	62.688593921834524	105.98772589025779	64.20115078746258	97.38002592775007	90.37085728992504	33.86347364827845	12.967286548011925	595.9892565163408	245.29605793342307	24.56913390395775	64.48838916322296	204.16083755458396	26.28669588851198	31.67614420462549	25.611869449068674	74.03071656177542	96.75142224761589	79.76977353564781	42.089615617529695	119.8652831949444	657.1736982103232	77.28355188274045	106.35655757800438	85.07724356023066	53.53811664935701	35.05666307148659	74.67481932213076	250.7900714246303	296.6049203071784	204.32591267337045	58.18951520281398	69.34101944885967		57.55917265877366	77.04867842170614	54.07307357963555	56.48857866188828	87.83328231465902	45.406708733443374	603.683641853867	186.27197338452032	85.54660204570688	137.91146731815383	323.6328370540023	47.66112366736158	182.235229811791	79.37772811189765	52.79207305239804	62.8659012243145	71.36379015660938	43.85717535992786	116.8345273697528	43.768158060117244	53.06373435216528	151.69903112306207	139.62819977845476	76.1333093334485	42.25311701181709	135.15932277255507	118.87346494179572	133.94642757656138
2025-10-31	96.71220069328749	88.44455086880433	71.72881271663877	47.61977660133342	22.21708807153145	27.019302435184613	66.09499834091547	66.84393335326642	91.7574975135507	23.963264727069124	70.50761918205338	172.3905981774557	79.17923945957509	42.53302045816709	76.24359348861508	75.36676494523644	16.9893315652241	78.28150310843176	51.75968254170549	93.2108204699472	85.26649525863183	66.73405484029978	59.40316725687041	116.72790526911797	28.316366700475555	45.502283963103935	54.20567001040821	71.73169063374226	215.51866128482737	243.82412236782298	283.54777446079544	40.29518477651372	111.75380460793508	89.97830321606192	109.52413363468756	119.6480478236258	52.58472480889627	78.23663268241461	62.347011368435126	106.60043156285629	62.99670349106076	100.21630931130653	89.03398221608495	32.796216391732486	13.043370620010304	625.9200388760071	257.6329384217578	24.373705356851833	69.25161734687494	204.01770468718433	25.859692950123012	33.20162060639775	25.71098402721664	74.03418670826075	97.09307435383054	80.06535806181796	43.870051627614515	121.13667318476237	675.0367035792506	79.40862253222414	106.744033999739	86.63324071420672	54.77301962174035	35.10480347249171	72.18756497753377	251.65727022727174	302.0657122493759	202.71889514721627	59.52020536015392	71.01664326015916	77.05293258444904	57.910847436370545	78.23538038148979	54.99070468232903	56.69529037292885	86.09548553926196	45.253719744108025	620.200398147774	185.54066756750044	89.13951313625986	138.32035379418798	331.69675773820495	47.70847154124549	182.28490577093186	82.76478284528328	53.954544792955495	64.11404333905821	72.95541696818118	42.44469566058132	113.67214116602297	42.73635818759887	51.5697259294432	153.19976485993303	149.60929304242327	74.6437647824697	43.549002250331846	142.04571668628955	118.19459685205202	135.1709566729643
2025-11-30	97.15986938184606	88.69304883892141	72.07904179619713	47.5438881408097	22.041581649237454	27.45733914113238	65.47664435405201	65.85654814097553	92.16212770762961	24.248782765684652	69.16415772318813	169.19863609533763	82.71243933606128	43.445240526810196	76.66146823919968	78.7021425064539	16.606736218970283	78.51982374520122	51.93739816628819	94.05616776475887	85.2053780040597	65.18462010240235	60.821603039780726	118.58202639433148	29.73523543490688	45.80365469927148	54.60012735548778	71.28142065371728	203.28868954145543	243.95553471085975	276.10359029270904	41.25328479617687	113.4057803258282	97.1564279371401	102.67750463859184	120.01483703736338	53.53470295476364	79.32974307158902	64.04639659749918	107.08633342594499	60.90213628974627	101.31802738296528	91.21243799427054	32.084725848474406	13.124750197953091	611.2346301287083	251.5852778729241	24.631622651654595	72.11059639710567	201.25963992728197	26.512043470573907	32.44352547634213	25.758054362840607	74.26528712850879	97.37993841140184	80.40625099409388	49.30680656981578	118.1120367875996	671.7043794661704	79.01510324070074	106.96547065055383	86.56308533510494	54.60865089986659	35.28311358843058	70.47888271399303	253.2387204462098	299.67418190314544	206.212740965639	59.58281219892316	70.69742292538962	76.10291027247077	58.35813771369569	78.50811366643433	55.05032656187023	56.94595318597712	87.62384838434053	45.499593376946784	617.1956901583266	187.69950273499677	88.0222866980514	137.889397375539	330.2664040341832	47.82394200343379	185.38984946233057	80.88080435124891	52.88909971551177	64.32559660960234	72.6160371269567	43.545777572502985	113.21526224599637	43.65029822761339	52.11175566780901	151.02131374328135	141.16983560134042	76.71530883313298	43.75409010935725	154.96680424557675	116.28131204315576	137.0546693607413
2025-12-31	97.00427399386972	89.0005772782848	71.9453070728908	47.337184501237076	22.155738117896707	27.86901788375709	62.922721183710976	66.88535685814436	92.64511398923133	24.624096265229046	72.15283793578507	174.85900271629293	86.01107358235612	45.17919502996222	77.14273740205311	81.79678805532097	16.421288237556162	81.44455963791795	54.64406090968014	93.48109465122074	88.18801048885744	66.70441507446145	60.68441410053793	120.21838906915465	30.12911845121158	47.5394223510059	53.86516173479848	72.63741221145459	215.31685298107027	246.13568283339163	277.4712750834547	41.347600951448015	119.56884791551863	96.77388927090455	105.3343607845143	120.4978652554741	54.0568224574901	77.7011872958448	64.02918792863474	106.59989706603281	59.94683258751285	103.97479583018045	96.14747315659528	31.481496821105225	13.32269124365827	615.3537489312756	253.31202554545513	24.503836052111716	74.19084020414283	205.0324614465017	26.866908840611472	32.6675665480348	25.623262305796654	76.6383930082988	97.72475585995251	80.65219210399688	66.15935857793784	119.24581410299268	679.4972467556444	79.9259812864195	106.36918440337135	84.57247009494625	54.66006418132036	35.51272965990077	69.3623762934369	257.13157231923026	303.3835013689211	209.99364344122364	62.01376541563306	73.06258853412986	78.14620594822128	58.24974255730709	82.00339473691106	54.0424638877119	57.12647821636706	86.30797788118626	45.91747480469385	624.3464533607503	192.66485817154393	90.62500850105455	142.52353629265252	333.9266184215196	47.841693321485266	188.85677213419393	81.43246898409923	53.590588540122695	64.57792735395122	75.01073113283604	44.98499114987436	116.81959833473384	43.836456157285994	54.37209832350807	154.67620044164073	144.310925264724	76.45241511945089	41.90918698818877	153.3533581416977	119.43184331216095	138.7343393894837
2026-01-31	97.1551724315592	89.25674289741193	72.029724499824	47.562178091673175	22.496791111955876	29.333697185419894	62.72770333806992	71.89303371588535	92.87675640062211	25.185632565986786	80.09321531405857	186.5660943234485	100.57193219976352	50.59336373014558	77.57351502682197	95.60293920147963	18.3268856108741	85.51578771630244	56.99514750713462	93.13122425013745	92.82020522199971	72.66386822898562	63.52295549735955	126.33139862628516	35.401717866696806	50.47375169998607	51.65819235484362	77.06353251542092	232.50921245971807	259.9330064501571	272.98809610059084	46.49335721664649	120.07501683052422	97.90429483151976	108.0555204573563	124.32319812796192	55.13500766007079	80.53645996239372	66.97684243933487	106.80624553632302	62.70281710273587	105.26736838364333	106.44480318473944	34.90756491975846	14.67510107187017	623.7010703441234	256.755661605303	25.10686720403318	90.51421812092163	206.51993544048156	28.86211446484395	32.07130925268417	25.74062197118646	81.23612364552864	98.0040693334391	80.77335272806611	89.52127897028875	119.12202518276423	687.6711891146779	80.89129003923313	106.8123427341906	84.46333417495626	58.95472488457332	35.731832962748754	78.43095009513772	268.94140713153644	315.80435686149787	220.26109076289018	65.89119435996517	77.55195446943694	83.5162009779488	58.148499731412855	86.0072430073193	53.947249022191144	57.21946968553495	88.06421616469217	48.108002998311406	631.818531304091	197.21294408271416	99.09247813933408	152.8830616784613	338.6186268871078	48.053658572654435	196.35006319219855	80.43101084278587	56.849005076354814	64.75300524979025	79.61114164544816	48.986119532486626	118.12244168387691	49.595387280518345	52.73645792595323	163.99908374057082	145.12787500039553	81.37525965924546	42.37848748654838	152.8000298130163	120.672397411287	140.4339088312942
2026-02-28	98.55914505560592	89.49695735024295	73.06820366253741	48.21929824984264	22.653762225991592	31.051038150840867	66.15414135235234	74.65862733471607	94.31784254094549	25.470243292402035	87.10257238778166	198.25774777723004	103.26635748915282	54.24962855876032	77.67081185910155	98.22363378845981	18.49614809218184	89.21072362100426	58.89327181045481	95.16297302552012	96.69958847695582	76.197400971993	68.26442250112193	129.23504873817848	36.2429760549416	52.20827624517672	52.467761916437134	82.36077937236891	242.41167352647602	261.36006675408896	263.0051341716278	50.68388753722418	118.77696880540469	100.23214249171335	107.61289553817446	120.75809479128256	56.56038680182572	87.74347393674368	72.34212610414677	108.21551524079717	59.107965461293404	106.71666181820196	114.81772648009418	36.14801591274371	14.810933071286456	606.7076994838817	249.76790849838403	26.668860353595637	98.16646113007442	204.25636119655942	30.890920920367602	30.74844612260344	26.016065360480614	84.4153487774776	98.27513818746048	81.18620833901352	82.3659991919278	118.91693607451576	682.3883589437188	80.3100213149325	108.00991269498462	87.7219984846908	60.08697798466456	35.75480311189764	80.96499637536894	275.2401129177905	320.0870717747699	227.19915245909488	69.48593134297155	81.15176057467436	87.76192602086658	59.05005957919867	88.36212294879596	55.86106436870357	57.51686637536958	92.81173768386276	50.690262661543514	627.1367147874339	189.81515758785838	108.55720700249796	158.60165108485177	336.67045325670426	48.226329856153995	203.85514320187914	76.9877238109832	58.11228227314559	65.70844159864507	83.20289352458433	52.55652231398794	116.19384324745153	54.384062562452186	51.106850876756845	175.3326758829048	139.49765945407609	87.79212932473506	46.46093200233171	156.96724662963982	116.15114960801255	149.24668184038163
2026-03-31	96.71901724072498	89.76239771777036	71.74923011926438	47.114271461824245	21.55214796127379	29.956268968600256	62.38537594330886	68.09979862550354	90.71006951496794	24.07551091806177	77.09598306309702	178.039188353544	90.79874092099818	53.850669086548464	76.52413095730054	86.34916299054589	17.991543736240825	81.18596158653776	53.26511473425839	92.99263637642653	87.8010301856729	68.28053757958831	65.79536789439115	122.26017910305802	34.335766854307366	46.76770351199536	46.36326404267855	74.72666166667855	216.48031198799958	244.1384271196051	245.1850975852011	56.95017148946228	110.94353002649379	91.83452165548694	98.60963887672814	112.65335501985828	53.608090265632235	84.62562631836884	66.04700370912025	105.5434677037338	55.26719292009102	95.87333737121716	103.28544620041075	46.60357482907192	17.328084692830988	569.8058245317654	234.5736368099557	24.603351524752476	86.82564325881393	183.4627668450699	30.09923523207642	28.70407458120204	25.67651810161709	76.33377105581093	98.57076352152019	80.79599201391594	65.69444352022629	110.60110048057257	640.4638102954177	75.35035364091365	106.57585908731613	84.21793655682774	55.81441788853477	35.21269952659178	126.06994776932697	257.6748668336369	297.7889956738885	213.50341429005368	62.69957210340725	73.58002176709954	79.38234311669143	58.072154272490316	79.9108089763889	53.72669893370754	57.23312338160251	86.52891824493432	43.995112710232405	588.3706548048203	176.59876935497658	96.46764420185397	142.94264953751846	315.8700944039768	48.274944470004826	193.121333501235	71.66886674475597	53.19845642336088	63.22415957029963	75.55936182639863	49.07257068003854	108.93693050154874	60.7508559515606	48.5526547914954	159.44282132548415	131.07573787657606	80.74506181565626	45.15722852728646	144.18921731873152	107.35179209351278	142.999350192482
2026-04-30	97.13923696960784	90.02139799487847	72.03954764423575	47.31214427631417	21.904937440245295	30.561864084509892	61.74858571658295	75.70967564739769	93.29158783405448	24.742033787915233	89.73135507570875	192.6087671811565	91.16718308555053	53.907644783821155	77.98146306412633	86.6730055572643	20.40047619294772	86.26781810752203	57.920873017261755	93.10604018559329	93.22861374301512	77.25049388625347	66.82391972455102	135.3334479427074	35.82049752237302	50.84005842821692	49.3113598474474	78.86166103442156	216.34706960335262	274.44991379555694	278.4479685013907	55.28866123320177	119.29416846763112	91.33821151549427	119.67748806936865	121.64288936136853	55.0871329618389	86.67038172320133	67.31269276752163	106.3715702294954	56.895092137328945	100.31649055484769	108.463671706857	50.444252327287394	18.3774190495568	662.6275475478216	272.7960804201783	26.709002255916825	102.7405932684222	196.00418918848945	31.20758905718762	32.76723019631286	25.993888189110585	81.75110872804012	98.86949980760662	81.01032594661689	66.40333385882732	131.8022901914062	711.7248154962747	83.72530813313844	107.86742282705382	83.87578893964522	59.17284482486823	35.93692112294758	145.29926110015438	280.8594872739055	331.594622887319	229.17090452978852	67.62287206288715	79.67921078556397	89.49918070940285	58.15672291765406	85.09838227196289	53.60688627607627	57.39582206631329	94.07486438600016	46.89815976269861	653.9975804378281	195.0579404236556	106.01207098223335	155.5595792566563	350.5410860208977	48.723873962369986	203.21735994217096	82.81408259282654	58.429894773715496	64.9699167278906	81.84824533484306	50.95272595169621	115.38943528195652	58.12107451710905	51.633276475722845	171.83279551940169	158.79981703264318	82.48511555609272	45.75150636755555	143.54772720516883	117.29229810920549	157.6050475128025
2026-05-31	97.25979503184548	90.2943306735737	72.1226587255994	47.68799551770553	21.891025061276814	30.872582023013088	61.833393136156715	77.25557775611819	94.0887958950625	24.880038580896162	99.93250727523389	193.99112388318704	89.38512405252565	53.30465862750001	78.29038151719088	84.97904286789841	23.280688770815438	88.97078545209264	59.568425153812626	92.90114492006177	96.37076121101461	82.63778791840548	65.89755225363338	138.04952866880694	34.61101053602943	52.25833058119416	48.56550913729048	81.87337929256053	233.31979156709792	288.89629446050895	297.54352136625766	53.039471888408336	120.11978206924141	93.70894022698528	141.60415179726783	123.24302701112752	54.32040509479842	83.37462294152118	67.32350983700064	106.99705462342138	54.86856142922273	103.05689219277738	111.57814843696818	49.307168798419596	17.704649414487502	732.977375894304	301.75657012298944	26.951888477757848	99.63347493739305	200.60011697904764	32.03615620192332	34.86214653844506	26.01896917253116	85.05364456184415	99.15583609230873	81.04815186824592	68.34866545120003	149.4348988581753	750.2631386437789	88.28595555380589	107.95445924642877	83.91579983452836	59.14183381505512	36.06618396653448	131.11197673074457	291.3335183524084	353.44844218025105	232.77983567231274	71.05823276143263	83.27055380159084	93.6713827357934	58.0456923749406	87.62291306151135	53.635359566009704	57.42786785393538	94.54949200712599	45.96105685745058	689.517137967653	196.9413610349174	115.5552210170002	159.80925414716455	369.28670589059203	48.767807620887524	209.67194958054318	88.91953346402758	59.70524577770752	65.42195449822557	85.37067434155479	50.7065306263699	115.3234126867469	56.103702743919555	51.15040216563149	172.5034348850471	187.57934055068193	82.55274389532909	44.04965296570257	148.40355538170624	120.51005013705506	167.97770014072586
2026-06-30	97.77591049004279	90.55353137231398	72.51358154769741	47.99425262827371	21.528518491797282	30.460560987964783	63.84623853724226	75.40390960532054	94.8518222951376	25.007329026192263	101.44171174909786	199.06731899120712	79.66726128701696	48.96594862308744	78.41708124796746	75.7300433322311	20.215714070715652	88.75558078449026	59.740034263044876	93.46091415070211	96.29800930182469	82.29455890993682	66.93221261500719	147.00728816804556	33.75010968792184	53.02099770979805	49.36724583874425	81.87870205284187	239.92649944531047	298.8542372076303	286.09511849032583	49.35274427597382	124.38693042132608	98.4081177423985	142.20527421549698	112.99049773795208	54.93688193884422	85.22838309325226	67.98710782658266	107.54344067423133	50.94173681372225	103.5415083525403	105.97236939537132	42.921660466053176	15.89406177048498	726.3982419557965	298.9463694741322	27.556872802455207	88.01302400270225	192.82113005744225	31.577614784417403	33.46562506790459	25.956533888684415	82.31326381195068	99.45589194018521	81.1542723504221	53.26000519287582	159.10382001656785	739.8254285477528	87.02973906020549	107.71990687689643	85.53671186479447	57.26295875586017	36.15436685153278	106.85371059461983	300.5824170490775	362.03706794585094	241.52259283095418	70.86766362532829	83.22015146359637	94.79096931469567	58.260503145203955	87.90734569986839	54.55938978377289	57.50427335318271	96.3649307731394	44.969158188904274	680.0834014037039	183.04806634383596	115.44408349634588	153.6737598940838	366.5799268308296	48.618357025025325	217.1603516975584	85.00202113020747	59.244531131431266	65.96827641756107	85.01037051257673	50.73807872878709	106.75232222740796	53.11530681250598	53.44130318818502	183.20788725737737	187.1420493520539	83.15581790404121	45.30613912808845	158.1931306052386	116.22768976432886	168.8405798815333
2026-07-31	96.4867153474809	90.84617059216811	71.5729622605707	47.46515326832592	21.53862321313541	30.94691171491768	59.165620514800466	69.58628956595247	93.44061251708817	25.04184144447232	91.07483512659755	197.26996112283746	80.41911650413253	52.114699778056675	78.26938349800852	76.43248847321091	17.498549250683162	90.30727943015788	59.859608468615576	92.12567359424781	97.95621920934113	76.92261350474914	66.81135910654842	144.84828558991882	35.17165680120229	51.87642175795774	49.586459075936816	82.55620001990653	238.96691846753333	290.68018216176745	273.87446797972984	55.332914709884605	132.74061717656286	100.91811043122254	131.65661996266445	114.41070348443375	56.210760354207174	84.0279722350217	69.51757448864772	104.98135531308955	55.42476627961938	107.83584279118182	106.24024438397356	47.76109435644936	17.51867157705572	682.0263528466428	280.805581931968	28.27016108300437	66.10567591828126	197.46508354278768	33.24690296640688	33.8617522767616	25.753646107952697	83.7070042292855	99.78123873714262	81.25197561240526	52.554036844755316	142.5386447926174	740.8293372026211	87.17702220240781	106.88390855069817	81.6926370085328	59.41893669679217	36.113510075870494	128.2809997848973	294.41104442021344	339.8621394298217	243.94583940114404	70.24835946648165	82.28689731051361	90.97414438948532	57.80307308565474	90.04006298358148	52.36903561068418	57.57039157129587	98.64728184693777	46.124744763329545	680.916535484844	181.53278497837192	108.64127533105768	149.93016330772855	365.5184889084052	48.709340269583286	219.3156974688966	84.28478951745076	58.17041378526789	64.85842656961526	84.07023550701757	50.82429282754484	107.66052815806574	58.77220541111818	56.73604491427703	178.92236996025568	173.91054062232195	84.98655478782777	44.3396433326275	162.92116431129764	113.79124679635925	153.78794131507036
2026-08-31	96.85131500056652	91.10644369985411	71.8234765610989	47.37399454401046	21.755452954502005	31.333307875932814	59.64539306284573	76.36031270987277	94.02256359189765	25.377075638287323	98.28263016615452	199.1486861935931	88.91293260734687	55.88482903617816	79.01765216158176	84.48163734357196	17.45385576664411	92.86797192554415	62.176527311780234	92.24582305575419	100.47170085629318	81.8234116427804	65.25496393043963	144.8315939048352	34.847933183311035	53.408265635754475	49.65632741801478	85.51338563502304	230.89220077187906	294.9836744602975	286.88506460096056	57.65433831444824	134.30890351061743	104.78942564875095	140.85913623210396	116.90194914976647	56.972512645051324	81.3912124231988	68.58242359900223	105.46301984827443	54.921659770388814	114.61597406352516	116.06793110727199	49.90122823372862	18.507005404909506	715.7497075649958	294.7361521971515	27.435795050608444	77.84530237873025	198.9326711095616	34.63161286177662	35.6328430474681	25.81406797669716	86.94348423201322	100.07305096192621	81.4417817685169	60.64678291684219	147.01372749829625	766.0602217884111	90.15016374099525	107.0097390410871	82.11372093556682	60.263361276838154	36.47212678748107	131.57947076366764	299.87433946799285	352.1814466071313	245.4143726522782	72.90320980732203	85.2245617528286	95.90682716721514	57.88384341996205	91.72793340192632	52.691435369551016	57.72949268204816	96.25304364363738	45.092182398601096	704.0182272767274	186.81332027273015	115.41222928349904	160.15790355207125	377.80066191451397	48.755390982478815	224.23162238805196	88.20045433361858	60.53274015073285	65.36025632722408	87.34358480095364	52.744316101515174	111.60285871483119	62.882904018373694	57.680743879308935	176.19648989842563	185.82483303249458	84.73317383227445	42.30920828457322	170.61823621186647	116.52060660334719	153.36425653591522
2026-09-30	94.322704695149	91.3731211429396	70.00562091355721	46.7611826927558	21.16267223535571	32.51063611361253	55.339849000018	75.38880897923411	90.76460607219434	24.6881132703313	99.6878691865055	190.51152445965488	82.56226771543116	53.05287640565007	77.04417263444594	78.45527494639163	17.010609388611677	89.8688659355969	61.26123269932137	89.16165141568315	97.3227600176352	81.55248447951894	61.80423292660865	136.7055511593523	34.444724668227714	52.8212844680809	46.94355850883639	85.00411225541933	208.78013053365626	279.00156295191914	295.0899019701435	57.13972794432423	128.0036537342843	102.92765990682746	148.01545912224793	118.75121228771343	56.03657532054668	77.04285572701335	65.91947610436337	101.99915058188321	52.298963540915025	106.3161522769513	107.5773910529783	55.09453440120992	19.2918908302971	739.2377926646793	304.3989555337937	25.90161474212993	64.8166964371102	185.3594038903359	32.75702961988013	35.954700601367236	25.104045536850272	84.5330893429286	100.3724199365895	80.93537647316123	55.27487403645184	151.5533774375555	764.2783793187314	89.94957724094733	104.11404211339146	77.93342236842594	58.44249720256917	35.57740130109997	146.109045955383	285.6901820668042	338.38948359152187	232.41391118303238	70.96987157936206	83.37128856828625	95.7032146953994	56.516004281790174	87.46999468207537	50.18164118733809	57.37232889840221	90.18614882161614	42.68569080354439	702.4305029681021	191.2599095279857	116.05946153693992	155.67788755345367	375.18721779278843	48.27532045166338	217.26587548371467	90.11675091677152	59.54123198840831	63.06748034945674	85.3524160126557	49.04395694102459	111.4015771293194	61.682685376119466	53.8245162124384	168.11001473599873	195.24759235190328	81.30641646195204	39.510061556559045	169.55698654510144	109.16798418702074	146.88205718843466
2026-10-05	94.22033648472078	91.42539189762819	69.93695139349153	46.80389856138696	21.13658359072928	32.962579819377346	54.54373139203106	76.46110150387399	90.33307404241052	24.65226472145926	101.57598341943135	191.66143849752035	82.10903506660175	53.21910964607369	76.96052436403474	78.01315860535951	17.17382678392802	89.5373592337709	61.402654926648566	89.03020665584222	96.97159652808331	82.726561780643	61.83427802863736	138.34944725185264	36.264340831483786	52.990160367775246	46.577944851751525	85.76426220087274	207.54001166277635	281.8226936905231	299.4637371359164	58.027466698759525	126.8729552290536	101.43220828943986	151.64318300063255	118.42265405366437	56.16582202950926	77.4278556688796	65.29368645854103	101.87614504343853	52.00112032817346	106.969520293469	108.04217605599973	55.721817791972526	19.34148642054434	750.6534881211709	309.11861791584533	25.61145205257459	63.54333737888804	185.69542483016406	32.717129598938875	36.43933822366944	25.096755701643026	84.25538452754625	100.43280203431001	81.05692354687709	55.03686026545125	152.92542294263387	770.8585584011696	90.74369715511841	104.07050679005283	77.3804288260215	58.50188826879038	35.53467573484208	145.8536328043594	289.25377611528415	344.5736869748191	234.04673973711243	70.99498177304281	83.53390935442201	96.96702933936633	56.53199931452065	86.35499777123354	49.851454805094505	57.45279063546312	89.36951913675964	42.05541168689935	708.6425579882002	191.40373502888883	117.76868318802813	155.61473853817586	378.5934019189228	48.375664999237465	217.51822932377002	91.36584260574634	60.01640449446168	62.79843452869796	85.50905120049553	49.16299488465688	111.05269767522255	62.97783607255815	53.7230653657882	169.63125405452425	199.54969446635118	80.85705243921373	39.84125880083209	167.199618664207	109.9672470315563	150.6552591321969
