	AGG	BIL	BND	BNDX	BWX	DBMF	EDV	EEMS	EMB	EMLC	EMXC	EXI	GLDM	GUNR	HYG	IAU	ICLN	IDEV	IDMO	IEF	IEFA	IEMG	IGF	IJR	ILF	IMTM	INDA	IPAC	ITA	IWM	IWY	IXC	IXG	IXJ	IXN	IXP	JEPI	JXI	KXI	LQD	MCHI	MOAT	MXI	OILK	PDBC	QQQ	QQQM	REET	REMX	RXI	SCHD	SCHG	SCHP	SCZ	SGOV	SHY	SLV	SPMO	SPY	SPYM	TIP	TLT	UEVM	USHY	USO	VB	VBK	VBR	VEA	VEU	VEXC	VGIT	VGK	VGLT	VGSH	VNQ	VNQI	VOO	VOX	VPL	VSS	VTI	VTIP	VTV	VUG	VWO	VWOB	VXUS	XLB	XLC	XLE	XLF	XLI	XLK	XLP	XLU	XLV	XLY	XMMO
2021-10-05	97.19319915771484	76.3633041381836	72.14669036865234	46.73444747924805	26.189241409301758	20.080318450927734	110.36177062988281	53.21454620361328	84.84066009521484	22.079336166381836	53.573585510253906	109.43035125732422	35.0	31.81517791748047	65.64170837402344	33.5	19.879953384399414	57.111602783203125	30.172983169555664	98.72793579101562	62.88325881958008	53.02241134643555	40.169315338134766	102.83946990966797	18.441848754882812	31.80912208557129	46.101341247558594	55.472103118896484	102.02389526367188	207.7701873779297	148.80377197265625	23.050939559936523	69.54409790039062	77.39036560058594	54.7564582824707	77.52501678466797	38.784420013427734	51.357643127441406	53.215576171875	108.60639190673828	59.07296371459961	69.75585174560547	73.80571746826172	26.581119537353516	11.141255378723145	346.8565979003906	142.3146209716797	23.523765563964844	90.97784423828125	155.27134704589844	21.02015495300293	18.092876434326172	25.26963996887207	63.67180252075195	83.39408111572266	74.30388641357422	20.920000076293945	57.7085075378418	405.0794982910156	47.51844787597656	105.55863952636719	120.03337860107422	38.95305633544922	29.732202529907227	55.630001068115234	205.00279235839844	271.2451477050781	155.3704071044922	43.264095306396484	52.294315338134766		57.74272155761719	56.10179901123047	72.65377044677734	52.4189453125	84.39761352539062	46.1026725769043	371.0735168457031	135.05459594726562	68.75418853759766	114.87691497802734	208.77731323242188	42.035499572753906	122.1947021484375	47.152198791503906	42.94374465942383	58.53703308105469	54.20165252685547	36.5498161315918	76.71314239501953	23.083419799804688	35.386322021484375	92.53470611572266	72.36161804199219	60.5755500793457	27.794034957885742	116.28739166259766	86.35160064697266	81.54779815673828
2021-11-05	97.82999420166016	76.35496520996094	72.6834716796875	47.137332916259766	26.321104049682617	20.913240432739258	116.2070083618164	54.7274169921875	86.35700988769531	21.95101547241211	54.60946273803711	115.82929992675781	36.13999938964844	32.77952575683594	66.18435668945312	34.560001373291016	22.725297927856445	60.07744598388672	32.43082809448242	99.31271362304688	65.96460723876953	54.077327728271484	41.729881286621094	111.21453094482422	17.66586685180664	33.793540954589844	46.56710433959961	57.127357482910156	104.7345199584961	227.3138427734375	166.2072296142578	23.95168685913086	72.06129455566406	81.51460266113281	60.41123962402344	79.14240264892578	40.163455963134766	53.42020034790039	55.97208023071289	110.3421401977539	60.40336227416992	73.66836547851562	77.2044448852539	26.953746795654297	11.115922927856445	386.86279296875	158.7377471923828	25.276987075805664	106.46000671386719	176.50949096679688	21.998939514160156	20.13941764831543	25.63150978088379	66.53510284423828	83.39241027832031	74.19261932373047	22.350000381469727	61.518287658691406	438.21728515625	51.389705657958984	107.09593200683594	124.97441864013672	39.01996612548828	30.021522521972656	56.54999923706055	221.59384155273438	295.58587646484375	166.94558715820312	45.3732795715332	54.45034408569336		57.71827697753906	59.44239807128906	75.21630859375	52.346431732177734	90.53009033203125	47.60816192626953	401.5302429199219	137.33450317382812	70.50895690917969	120.28206634521484	226.09144592285156	42.27037811279297	128.71580505371094	52.13939666748047	43.86605453491211	59.43022537231445	56.53586196899414	39.75975036621094	77.48130798339844	24.433868408203125	36.726173400878906	98.7043228149414	80.50994110107422	63.948150634765625	28.92128562927246	122.48249816894531	101.29736328125	92.08120727539062
2021-12-03	97.84074401855469	76.3465805053711	72.6628646850586	47.28899383544922	25.938688278198242	19.96050453186035	121.71566772460938	52.97705841064453	84.94037628173828	21.18449592590332	53.25485610961914	110.55085754394531	35.459999084472656	31.7305850982666	65.26464080810547	33.93000030517578	20.54449462890625	56.385108947753906	30.857177734375	99.94656372070312	61.9919548034668	52.0626106262207	39.186424255371094	102.04450225830078	17.064653396606445	31.817459106445312	44.461849212646484	54.136131286621094	94.54560852050781	201.83847045898438	160.93756103515625	22.559621810913086	67.93830108642578	78.9206314086914	59.36549377441406	73.98870086669922	39.834510803222656	52.78424835205078	54.17280578613281	110.0733642578125	56.33181381225586	69.20904541015625	75.0823974609375	23.15468406677246	10.279948234558105	371.8482666015625	152.64321899414062	24.59612464904785	102.8624267578125	164.19679260253906	21.427282333374023	19.157663345336914	25.667627334594727	61.73715591430664	83.39494323730469	73.97687530517578	20.850000381469727	59.40803527832031	424.08477783203125	49.75724411010742	107.2911605834961	129.35862731933594	38.299346923828125	29.596904754638672	48.0	201.486083984375	262.71380615234375	154.5429229736328	42.76680374145508	51.68443298339844		57.69355773925781	55.60029602050781	77.47286987304688	52.17991256713867	88.71090698242188	45.73247146606445	388.5999450683594	124.74763488769531	67.29188537597656	113.00057220458984	215.67124938964844	42.22177505493164	124.54019165039062	49.907718658447266	42.28001022338867	58.59880065917969	53.53228759765625	38.62336349487305	70.84275817871094	23.125356674194336	34.89995193481445	94.81700134277344	79.5703125	62.69547653198242	28.99873924255371	120.1869888305664	95.73046112060547	84.38225555419922
2022-01-05	96.1280517578125	76.3465805053711	71.36323547363281	46.564231872558594	25.482276916503906	20.555004119873047	110.45545959472656	53.8328971862793	83.85542297363281	21.25374412536621	54.32666015625	115.43921661376953	35.959999084472656	34.03927230834961	65.54889678955078	34.40999984741211	18.855056762695312	58.7653923034668	32.273841857910156	97.48497772216797	64.75135040283203	52.23933410644531	41.313785552978516	105.79015350341797	17.058427810668945	33.061649322509766	46.26688766479492	55.39634323120117	101.26781463623047	204.9502716064453	163.71746826171875	24.291563034057617	71.97750854492188	82.14723205566406	60.587162017822266	74.52066040039062	41.60594940185547	55.72932815551758	58.19349670410156	107.15609741210938	54.1432991027832	72.14987182617188	80.46167755126953	26.531740188598633	11.0817232131958	373.4505615234375	153.37872314453125	25.766862869262695	105.91365051269531	169.120849609375	22.843196868896484	19.208871841430664	25.303625106811523	63.969573974609375	83.39490509033203	73.72476196289062	21.0	60.47566604614258	439.61602783203125	51.57318878173828	105.63008117675781	119.91426086425781	39.46908187866211	29.72257423400879	55.43000030517578	206.59767150878906	260.8052673339844	162.0701904296875	44.50053024291992	53.3211555480957		56.857688903808594	58.70988464355469	72.39643859863281	52.02925109863281	92.78467559814453	46.329444885253906	402.955078125	125.94384765625	68.55970001220703	116.09610748291016	222.11724853515625	42.244441986083984	132.73524475097656	50.063690185546875	42.54018020629883	57.87025451660156	55.251747131347656	41.1898307800293	72.3094253540039	25.14533042907715	36.97588348388672	98.74141693115234	81.2608871459961	68.39966583251953	30.618623733520508	126.43283081054688	97.6697998046875	86.06586456298828
2022-02-04	94.24656677246094	76.32992553710938	69.95581817626953	45.679046630859375	25.245882034301758	20.937719345092773	106.77637481689453	52.755332946777344	82.1535873413086	21.694210052490234	54.16511154174805	107.525146484375	35.939998626708984	36.381500244140625	64.02040100097656	34.38999938964844	17.264188766479492	56.773494720458984	30.527219772338867	95.6939468383789	62.14814758300781	52.522274017333984	41.34862518310547	97.66747283935547	18.97040367126465	31.56955909729004	44.9687614440918	52.7025032043457	98.60108184814453	187.05389404296875	153.86541748046875	28.02292251586914	73.20028686523438	78.99456787109375	56.927268981933594	71.87939453125	40.363624572753906	54.49845886230469	56.4167366027832	103.24444580078125	56.12196350097656	69.91930389404297	77.56597900390625	30.73917007446289	12.040268898010254	347.9118347167969	142.71063232421875	24.337759017944336	95.74616241455078	156.9439239501953	22.07585334777832	18.0848388671875	24.78200912475586	60.34651184082031	83.3999252319336	73.15739440917969	20.790000915527344	57.86355209350586	421.14459228515625	49.42898178100586	103.47586822509766	116.79607391357422	39.232879638671875	29.00609588623047	64.91000366210938	192.90966796875	236.2279815673828	154.36508178710938	42.93329620361328	52.21484375		55.971553802490234	56.58856201171875	70.5198745727539	51.59819793701172	87.25932312011719	45.574073791503906	385.9820556640625	117.97468566894531	65.47442626953125	111.015625	211.650390625	41.89788818359375	130.84901428222656	46.724266052246094	43.0711784362793	56.82913589477539	53.910099029541016	37.82257080078125	67.63388061523438	29.27037239074707	36.97588348388672	93.2283706665039	77.05107879638672	66.935546875	29.694992065429688	122.43496704101562	88.55062866210938	80.27498626708984
2022-03-04	94.15376281738281	76.35664367675781	69.86982727050781	45.92973709106445	24.688129425048828	21.750988006591797	107.36204528808594	49.35059356689453	74.75365447998047	20.11653709411621	50.3237419128418	103.48887634277344	39.099998474121094	38.826316833496094	63.312660217285156	37.400001525878906	18.280839920043945	52.163414001464844	27.481382369995117	97.33061981201172	56.552581787109375	48.47258377075195	41.44443893432617	98.93287658691406	20.561229705810547	28.637723922729492	41.12392044067383	51.51704025268555	105.2534408569336	187.3179168701172	144.45144653320312	29.230377197265625	66.18904876708984	78.41282653808594	52.90818786621094	66.55979919433594	40.16095733642578	54.00088119506836	54.873287200927734	101.9639892578125	49.88917922973633	69.3569107055664	78.81075286865234	37.63132858276367	14.308048248291016	327.78594970703125	134.5931396484375	24.30332374572754	99.33358001708984	139.28546142578125	21.82288360595703	16.959583282470703	25.608320236206055	55.21455001831055	83.415771484375	73.0407943725586	23.639999389648438	54.700843811035156	405.6297912597656	47.612491607666016	106.95869445800781	117.985595703125	37.505638122558594	28.691234588623047	79.45999908447266	191.48301696777344	230.0204315185547	155.2704620361328	39.589874267578125	48.13800048828125		56.48031234741211	49.21976852416992	71.29539489746094	51.53646469116211	87.44210052490234	43.61183547973633	371.7786560058594	110.24378967285156	63.835384368896484	104.26799774169922	204.05764770507812	42.76423645019531	129.5616912841797	43.6317253112793	39.85040283203125	52.2247314453125	49.86771011352539	37.795265197753906	63.186397552490234	31.95951271057129	34.32947540283203	93.48912048339844	72.29572296142578	66.91789245605469	30.740036010742188	122.63858795166016	82.40393829345703	80.29418182373047
2022-04-05	90.41345977783203	76.34828186035156	67.10930633544922	44.203086853027344	23.61138916015625	23.536996841430664	97.2776870727539	52.737220764160156	76.57069396972656	20.25751304626465	52.46881103515625	105.57693481445312	38.16999816894531	40.291839599609375	62.76972198486328	36.4900016784668	20.72832679748535	55.37307357788086	29.90380096435547	90.8092269897461	60.176300048828125	49.913848876953125	44.32760238647461	98.90225219726562	22.615110397338867	30.819143295288086	45.56332015991211	52.5384521484375	106.06031799316406	191.7769317626953	154.88259887695312	30.270122528076172	69.37357330322266	82.74771881103516	55.9273567199707	69.86833190917969	41.28764343261719	58.016456604003906	56.43467712402344	98.65885925292969	49.39451599121094	71.04412078857422	83.1013412475586	36.2696647644043	13.972946166992188	351.3484802246094	144.23277282714844	25.369043350219727	113.88148498535156	147.9250030517578	22.314111709594727	18.379619598388672	24.622018814086914	58.469181060791016	83.42577362060547	71.77582550048828	22.360000610351562	57.55916976928711	424.64666748046875	49.82178497314453	102.81529235839844	108.2657470703125	38.998313903808594	28.452877044677734	74.80000305175781	196.73045349121094	240.18800354003906	157.43698120117188	41.934532165527344	50.46051025390625		53.60924530029297	53.71874237060547	65.5439682006836	50.639617919921875	91.39598846435547	45.82585906982422	389.2911376953125	116.19427490234375	64.80973815917969	109.19929504394531	213.32467651367188	42.025264739990234	132.3046417236328	46.85654830932617	41.02189636230469	53.12523651123047	52.40311813354492	40.372066497802734	66.96739959716797	32.57401657104492	35.00071334838867	93.9963607788086	76.45344543457031	67.76188659667969	32.909820556640625	127.37495422363281	88.95118713378906	82.14418029785156
2022-05-05	87.3527603149414	76.37332153320312	64.7820053100586	43.01942825317383	22.097795486450195	25.45056915283203	83.81920623779297	47.9923210144043	72.13194274902344	19.103076934814453	48.08892059326172	99.13567352294922	37.29999923706055	39.042686462402344	60.331512451171875	35.66999816894531	18.0643310546875	51.084835052490234	28.058639526367188	87.77713012695312	55.38502883911133	45.25404357910156	42.916507720947266	93.26426696777344	19.112308502197266	28.210168838500977	42.23377227783203	48.516700744628906	100.1600112915039	175.41368103027344	135.17857360839844	31.52788734436035	63.79623794555664	77.96244812011719	49.811363220214844	61.40702819824219	39.67401123046875	55.0396842956543	55.22325134277344	92.57030487060547	44.04314422607422	66.17312622070312	77.33641815185547	38.053714752197266	14.93149185180664	304.54736328125	125.26654815673828	23.32775115966797	89.6570053100586	131.24337768554688	21.742605209350586	15.76970100402832	24.085342407226562	53.01264190673828	83.4599609375	71.68423461914062	20.780000686645508	53.69028091430664	389.6038818359375	45.70755386352539	100.54627990722656	97.37632751464844	36.178123474121094	27.33462142944336	80.4800033569336	183.2405242919922	212.798828125	151.72174072265625	38.62895965576172	46.44601058959961		52.76567840576172	49.587188720703125	59.34237289428711	50.58729553222656	84.46192932128906	41.5454216003418	357.2116394042969	99.53780364990234	60.134742736816406	98.84532165527344	194.98333740234375	42.03360366821289	128.13449096679688	40.455204010009766	37.110897064208984	50.12804412841797	48.13581466674805	39.17081069946289	57.75449752807617	34.53403091430664	32.39023971557617	89.85714721679688	68.5406265258789	67.90364837646484	31.272836685180664	120.858154296875	77.0381088256836	79.40990447998047
2022-06-03	88.21355438232422	76.38251495361328	65.4054183959961	42.59540939331055	22.099416732788086	25.62598419189453	84.39964294433594	47.901763916015625	72.74944305419922	19.58207893371582	48.24150085449219	100.01191711425781	36.75	40.80012130737305	61.03884506225586	35.150001525878906	19.099807739257812	52.293888092041016	29.05485725402832	88.65621948242188	56.71690368652344	46.182472229003906	44.7282829284668	95.06285095214844	21.17365837097168	28.925674438476562	40.99509811401367	49.024375915527344	100.28536224365234	176.72686767578125	132.1659698486328	34.73936462402344	64.85187530517578	77.88739013671875	49.27742385864258	61.360679626464844	39.6645393371582	56.88162612915039	53.81440353393555	93.97979736328125	46.687355041503906	65.69650268554688	79.72008514404297	41.975074768066406	15.77314281463623	297.9310607910156	122.27547454833984	22.6617431640625	93.8580551147461	130.84506225585938	22.082111358642578	15.385309219360352	24.33834457397461	53.986392974853516	83.50252532958984	71.93921661376953	20.229999542236328	53.932098388671875	386.5251159667969	45.3787727355957	101.56080627441406	98.10761260986328	36.5855827331543	27.624099731445312	89.47000122070312	183.44619750976562	210.8431396484375	152.9846954345703	39.54473876953125	47.545631408691406		53.096981048583984	51.17094802856445	59.7940673828125	50.75886917114258	82.09764862060547	41.26758575439453	354.3482360839844	97.76242065429688	60.82765579223633	101.3548355102539	193.31166076660156	42.4417724609375	128.50296020507812	39.547916412353516	37.922767639160156	50.55815124511719	49.22663879394531	39.58645248413086	56.801761627197266	38.389732360839844	32.27914810180664	89.2778549194336	67.70873260498047	65.40509796142578	32.4558219909668	120.51466369628906	73.58489990234375	78.58191680908203
2022-07-05	88.12596130371094	76.43515014648438	65.26841735839844	42.39377975463867	21.228052139282227	25.578144073486328	84.74844360351562	42.65016174316406	68.61132049560547	18.501821517944336	42.24626541137695	89.71784210205078	35.11000061035156	33.409358978271484	57.62506866455078	33.58000183105469	18.045711517333984	46.784202575683594	25.64041519165039	89.70843505859375	50.943748474121094	43.21959686279297	40.66404342651367	87.25084686279297	17.089527130126953	25.87700080871582	39.132137298583984	45.366519927978516	93.91081237792969	163.71322631835938	124.83936309814453	27.952075958251953	58.692020416259766	77.03678894042969	44.75264358520508	58.3600959777832	38.39969253540039	52.553565979003906	52.594337463378906	92.48582458496094	50.30526351928711	62.1695671081543	64.91175842285156	35.09038162231445	13.19364070892334	279.747314453125	114.81180572509766	21.129802703857422	78.6681900024414	123.2146224975586	20.47165870666504	14.618829727172852	23.725252151489258	47.75178527832031	83.56014251708984	71.86066436767578	17.729999542236328	49.583282470703125	361.1703186035156	42.3564567565918	99.08207702636719	98.89490509033203	33.2430419921875	26.04069709777832	74.77999877929688	168.12997436523438	198.07901000976562	137.97012329101562	35.35505294799805	43.318382263183594		53.530216217041016	45.07802963256836	60.238304138183594	50.698020935058594	77.76109313964844	37.73383712768555	330.93267822265625	92.83626556396484	55.633792877197266	88.83834075927734	180.36537170410156	41.92351150512695	119.16163635253906	37.28303527832031	36.12044143676758	47.81155776977539	44.703365325927734	33.40330505371094	53.56797790527344	30.22869873046875	29.56625747680664	81.43952941894531	62.56018829345703	64.94108581542969	30.537446975708008	120.19371032714844	69.0019760131836	69.1875
2022-08-05	88.45066833496094	76.50791931152344	65.53650665283203	43.483821868896484	21.608278274536133	24.956228256225586	84.89876556396484	45.132877349853516	71.29981994628906	18.80387306213379	45.562889099121094	99.06562042236328	35.220001220703125	35.40237808227539	61.08256530761719	33.68000030517578	21.239723205566406	49.67660903930664	27.134708404541016	89.83097839355469	54.20167541503906	43.93515396118164	42.3863525390625	94.98050689697266	18.451396942138672	26.824260711669922	42.42205047607422	47.67194747924805	100.75474548339844	180.73533630371094	138.6453094482422	29.147335052490234	61.70256805419922	78.17024993896484	51.1041259765625	58.09830093383789	39.92839813232422	55.82655715942383	54.16255569458008	94.31974029541016	44.869544982910156	68.1081771850586	68.49832153320312	33.965511322021484	13.068952560424805	313.6629943847656	128.8118133544922	22.303678512573242	89.79861450195312	135.14169311523438	21.3173828125	16.38397216796875	24.041671752929688	51.42499542236328	83.66541290283203	71.52059936523438	18.329999923706055	52.879310607910156	390.96539306640625	45.87593460083008	100.33749389648438	98.85395812988281	33.76384353637695	27.60655403137207	71.54000091552734	184.4608917236328	221.43972778320312	149.22718811035156	37.555362701416016	45.24325180053711		53.362613677978516	48.195037841796875	60.382102966308594	50.47087097167969	81.830322265625	39.10566329956055	358.1946716308594	95.05509948730469	58.53581237792969	95.32861328125	195.81932067871094	42.058624267578125	124.37167358398438	41.82270812988281	36.3930778503418	49.72837829589844	46.82200622558594	35.463706970214844	54.52301025390625	31.694599151611328	31.35306739807129	90.20475006103516	71.293701171875	66.62822723388672	32.662742614746094	122.54296112060547	79.20716857910156	76.03861999511719
2022-09-02	86.60234069824219	76.64102935791016	64.14429473876953	42.09162521362305	20.43097496032715	25.96883201599121	79.20320129394531	44.851985931396484	68.81950378417969	18.65003204345703	44.10393524169922	93.05364990234375	33.959999084472656	35.935604095458984	58.45010757446289	32.470001220703125	20.320383071899414	46.411563873291016	25.912900924682617	87.33204650878906	50.39634323120117	42.71870803833008	41.582611083984375	89.10148620605469	19.346336364746094	25.664533615112305	42.48150634765625	45.414817810058594	96.79145812988281	170.5902862548828	128.64720153808594	31.42687225341797	59.61764907836914	73.7970199584961	46.00930404663086	55.190582275390625	38.66077423095703	54.69428253173828	52.086700439453125	90.70819091796875	43.702816009521484	62.54132080078125	65.53668212890625	34.00202560424805	13.326123237609863	287.75103759765625	118.2169418334961	21.025455474853516	87.29685974121094	127.48247528076172	20.580230712890625	15.018434524536133	23.735483169555664	47.581974029541016	83.80593872070312	71.46873474121094	16.56999969482422	51.317039489746094	370.8908386230469	43.52648162841797	99.07035064697266	93.74699401855469	33.132476806640625	26.562877655029297	71.43000030517578	175.26828002929688	205.18072509765625	144.36097717285156	35.05461502075195	42.85041046142578		52.520347595214844	44.04195022583008	57.3661994934082	50.43655014038086	77.24823760986328	36.961097717285156	339.7843322753906	89.04898834228516	55.60725021362305	90.0888442993164	185.47584533691406	41.872833251953125	121.49527740478516	38.47330856323242	35.715877532958984	48.2178955078125	44.33260726928711	34.19435501098633	51.419151306152344	34.678428649902344	30.60855484008789	86.48843383789062	64.42229461669922	64.771484375	32.8255615234375	116.52066802978516	74.95541381835938	74.15432739257812
2022-10-05	83.59263610839844	76.77932739257812	61.981285095214844	40.9304313659668	19.547266006469727	26.503036499023438	72.43216705322266	42.514244079589844	65.48552703857422	18.090633392333984	42.13752746582031	89.85919952392578	34.06999969482422	35.74406433105469	57.885215759277344	32.58000183105469	18.472209930419922	44.96535873413086	25.33385467529297	83.7593765258789	48.771793365478516	40.3037109375	38.19099044799805	86.61956024169922	20.085643768310547	24.96515464782715	41.242828369140625	43.842735290527344	93.40863037109375	166.34060668945312	123.2969741821289	31.623239517211914	58.125858306884766	74.46763610839844	44.070735931396484	51.15156555175781	37.85889434814453	49.87325668334961	49.79328918457031	87.06299591064453	40.45584487915039	60.97802734375	65.08383178710938	33.720272064208984	13.489776611328125	275.38653564453125	113.05024719238281	19.01347541809082	83.4356689453125	121.5665512084961	20.14378547668457	14.476015090942383	22.393678665161133	45.311912536621094	83.99605560302734	70.62492370605469	18.989999771118164	51.0837287902832	358.03021240234375	41.996646881103516	93.37918090820312	87.43155670166016	31.343725204467773	26.177806854248047	71.94000244140625	171.25628662109375	202.61517333984375	140.0926055908203	33.8494758605957	41.29072570800781		50.933616638183594	42.874534606933594	53.54798126220703	49.8347053527832	69.36543273925781	33.60968017578125	328.17523193359375	83.04998016357422	53.12493896484375	85.30008697509766	179.51193237304688	40.97908401489258	118.45692443847656	36.86516189575195	34.01472854614258	46.03614807128906	42.58610534667969	33.291603088378906	48.18772888183594	35.512489318847656	30.021150588989258	82.81946563720703	61.73268508911133	61.55401611328125	29.827268600463867	118.76345825195312	70.86618041992188	72.29894256591797
2022-11-04	81.77239227294922	76.97093200683594	60.67561721801758	40.796875	19.440319061279297	27.244544982910156	64.76386260986328	42.95823669433594	65.66529083251953	17.981088638305664	43.1615104675293	95.50365447998047	33.380001068115234	37.6771240234375	57.8449592590332	31.90999984741211	18.15944480895996	46.393821716308594	26.571176528930664	81.4971923828125	50.361026763916016	39.999595642089844	39.34803009033203	90.1331787109375	21.011716842651367	25.930118560791016	42.66978454589844	43.9393424987793	104.01705932617188	170.1301727294922	116.96276092529297	35.04680633544922	60.93868637084961	76.6495361328125	42.258811950683594	47.570674896240234	38.99433898925781	50.43939971923828	51.388702392578125	85.16310119628906	36.80189514160156	59.12876510620117	67.275634765625	35.72956085205078	13.996323585510254	258.49102783203125	106.10888671875	19.312898635864258	88.58078002929688	118.71817016601562	21.18167495727539	13.545642852783203	22.27392578125	46.5184440612793	84.2151870727539	70.26902770996094	19.260000228881836	54.771217346191406	357.3275146484375	41.93031692504883	92.94683074951172	80.52730560302734	31.748964309692383	26.158239364624023	76.81999969482422	172.97930908203125	195.91925048828125	145.86477661132812	34.966270446777344	42.03646469116211		50.13612365722656	45.1849365234375	49.79625701904297	49.591400146484375	69.39945220947266	33.34052658081055	327.42730712890625	76.35920715332031	53.6748161315918	87.20525360107422	178.90591430664062	40.92743682861328	125.34085845947266	34.45393371582031	33.45315170288086	46.07469177246094	43.393978118896484	34.88264465332031	43.756568908691406	40.080894470214844	31.72381591796875	89.64643096923828	58.815948486328125	64.55490112304688	29.720943450927734	122.43242645263672	66.42193603515625	76.1424560546875
2022-12-05	85.58365631103516	77.1729736328125	63.44093322753906	42.11499786376953	20.972026824951172	24.812715530395508	76.16110229492188	45.19630432128906	70.58059692382812	18.995800018310547	44.84701156616211	103.33431243896484	35.08000183105469	39.17570877075195	59.635746002197266	33.5099983215332	19.903356552124023	50.65256881713867	28.022127151489258	85.38322448730469	55.428916931152344	43.031768798828125	41.60027313232422	93.27104187011719	19.53311538696289	27.647581100463867	43.056251525878906	47.54899597167969	109.61730194091797	174.1196746826172	126.0479965209961	34.06498718261719	64.43451690673828	81.6650619506836	46.88604736328125	53.124324798583984	40.971065521240234	54.0927619934082	55.486019134521484	91.66265869140625	43.15110397338867	64.7623519897461	75.06468200683594	32.378299713134766	12.858539581298828	280.9141540527344	115.41926574707031	20.39611053466797	86.31504821777344	128.4636993408203	22.386789321899414	14.56684398651123	23.103532791137695	50.72789001464844	84.47016143798828	70.84806823730469	20.440000534057617	55.3840446472168	379.39288330078125	44.536163330078125	96.33683013916016	90.45985412597656	33.66160583496094	26.945755004882812	67.72000122070312	180.2103271484375	205.40676879882812	151.27906799316406	38.18370819091797	45.7030029296875		51.708709716796875	50.16726303100586	55.50807571411133	50.00410842895508	73.11331176757812	36.24045944213867	347.802734375	84.07564544677734	58.038326263427734	93.91741943359375	189.35955810546875	41.28893280029297	130.72239685058594	37.26976013183594	35.886600494384766	49.396514892578125	47.131465911865234	37.97220993041992	48.924652099609375	38.41926574707031	32.780967712402344	94.87982177734375	64.70774841308594	68.48121643066406	31.28917121887207	129.57376098632812	68.47499084472656	75.8901138305664
2023-01-05	85.35145568847656	77.44432067871094	63.268218994140625	41.305877685546875	20.758039474487305	24.805803298950195	73.80126953125	44.476051330566406	70.14106750488281	19.27359962463379	44.168609619140625	101.18021392822266	36.400001525878906	38.56813049316406	59.65306091308594	34.790000915527344	18.399845123291016	50.43157196044922	27.98849105834961	85.06768798828125	55.30823516845703	43.71430587768555	41.37020492553711	89.44615936279297	19.18194007873535	27.327220916748047	41.18337631225586	47.19515609741211	108.90016174316406	166.1324005126953	115.53846740722656	33.45719909667969	65.22745513916016	80.03907775878906	43.00028991699219	52.80942916870117	40.11606979370117	53.60813903808594	54.413063049316406	90.55093383789062	47.707008361816406	62.959716796875	73.28311920166016	30.836124420166016	12.42794132232666	256.0751953125	105.2492904663086	19.902942657470703	74.6626205444336	123.76123046875	22.038068771362305	13.322290420532227	22.715980529785156	50.522335052490234	84.76350402832031	71.0319595336914	21.389999389648438	53.64101791381836	361.8585510253906	42.46553421020508	94.76001739501953	88.69486236572266	34.05506896972656	26.985448837280273	64.77999877929688	173.5893096923828	195.2373504638672	147.07228088378906	37.97722244262695	45.77558898925781		51.637577056884766	50.35172653198242	54.6419677734375	50.14665603637695	70.81124114990234	36.586402893066406	331.69708251953125	81.31867218017578	57.56843948364258	92.8310775756836	180.63424682617188	41.08503723144531	128.81150817871094	34.20772171020508	36.509033203125	49.236385345458984	47.17769241333008	36.16996765136719	47.577213287353516	38.061954498291016	32.58171844482422	93.05879211425781	59.07746124267578	66.79145812988281	31.08515739440918	126.33882904052734	62.50601577758789	72.12838745117188
2023-02-03	87.13179016113281	77.6950454711914	64.60746002197266	42.04041290283203	21.426342010498047	24.17856788635254	77.55961608886719	47.02458572387695	72.9514389038086	19.971237182617188	46.53840637207031	107.9255599975586	37.029998779296875	39.78091049194336	61.48747253417969	35.369998931884766	19.254329681396484	54.25119400024414	28.79275894165039	86.5400390625	59.44459533691406	45.646080017089844	42.772125244140625	101.314453125	20.49323844909668	28.598670959472656	39.69697189331055	50.83101272583008	110.40779113769531	188.429443359375	131.67105102539062	33.89649963378906	69.51514434814453	79.53592681884766	50.34465789794922	60.46487045288086	40.8204231262207	53.35624313354492	54.87984848022461	93.9678955078125	48.23025131225586	71.91535949707031	79.28236389160156	30.584026336669922	12.516332626342773	299.73651123046875	123.12310028076172	22.095788955688477	89.65261840820312	140.12869262695312	22.523984909057617	15.51030445098877	23.02194595336914	54.64241409301758	85.05475616455078	71.41832733154297	20.56999969482422	52.861236572265625	393.3057556152344	46.16854476928711	95.90328216552734	91.86764526367188	35.104270935058594	27.846988677978516	64.4000015258789	195.92257690429688	225.3800048828125	163.20730590820312	40.927513122558594	48.750606536865234		52.35816955566406	54.12655258178711	56.486228942871094	50.42820358276367	79.2403335571289	38.734439849853516	360.4183044433594	95.2688980102539	62.1728401184082	100.21087646484375	197.7509765625	41.39349365234375	131.98545837402344	39.7626953125	37.76826477050781	51.132606506347656	50.259971618652344	38.82803726196289	55.837738037109375	38.07524108886719	34.44568634033203	97.44548797607422	69.115478515625	66.42045593261719	30.330366134643555	124.7035903930664	73.3128433227539	77.02786254882812
2023-03-03	84.9443588256836	77.95428466796875	62.976261138916016	41.13458251953125	20.55371856689453	24.53084945678711	73.30071258544922	46.67748260498047	70.75505065917969	19.661293029785156	45.441104888916016	108.59820556640625	36.83000183105469	39.629310607910156	60.50861358642578	35.189998626708984	18.779617309570312	53.76036071777344	29.507661819458008	83.70088195800781	58.98302459716797	44.394508361816406	42.40602111816406	98.24833679199219	20.383962631225586	28.885190963745117	39.7266960144043	49.669307708740234	114.52217864990234	183.1780242919922	128.8645477294922	34.827816009521484	68.52989196777344	77.64673614501953	49.45473098754883	57.25634765625	40.6383056640625	52.25871276855469	54.449676513671875	90.57112884521484	46.36676025390625	69.93701934814453	79.04238891601562	33.16283416748047	12.967133522033691	293.373291015625	120.49431610107422	21.056608200073242	83.88650512695312	135.5152130126953	21.988603591918945	15.198083877563477	22.94763946533203	53.820186614990234	85.35897064208984	70.91173553466797	19.549999237060547	52.861236572265625	385.52264404296875	45.24517059326172	95.72604370117188	87.94246673583984	35.09579086303711	27.472732543945312	69.86000061035156	191.01644897460938	219.65670776367188	159.14117431640625	40.50604248046875	48.05853271484375		51.052825927734375	54.08214569091797	54.00291442871094	50.05549621582031	74.92236328125	36.708648681640625	353.2165832519531	89.12965393066406	60.72213363647461	99.22330474853516	193.68826293945312	41.499237060546875	130.123291015625	38.775291442871094	36.862342834472656	49.503456115722656	49.57701110839844	39.381980895996094	52.537357330322266	38.651065826416016	33.8808479309082	98.222412109375	68.32081604003906	65.64222717285156	29.588956832885742	121.39545440673828	70.8714828491211	77.90450286865234
2023-04-05	88.18610382080078	78.28852081298828	65.39879608154297	42.387786865234375	21.587587356567383	22.210948944091797	78.63709259033203	46.01979064941406	71.80299377441406	20.225738525390625	45.51487731933594	105.32975006103516	40.099998474121094	38.323909759521484	60.612937927246094	38.31999969482422	18.209964752197266	54.037010192871094	29.57362174987793	88.51960754394531	59.38246154785156	44.03173828125	43.19180679321289	89.12811279296875	19.75353240966797	29.207530975341797	39.330318450927734	50.00630187988281	111.75987243652344	166.6974334716797	135.35708618164062	34.60816955566406	62.80992889404297	81.24475860595703	52.15386199951172	60.46487045288086	41.176998138427734	55.70424270629883	57.25956344604492	94.49839782714844	45.09996795654297	69.87911987304688	76.05199432373047	33.02488327026367	12.816865921020508	309.7503356933594	127.18172454833984	20.11448860168457	75.9939956665039	135.88851928710938	21.423452377319336	15.86594009399414	23.601810455322266	52.74771499633789	85.72716522216797	72.49299621582031	22.940000534057617	54.094024658203125	390.2589416503906	45.788909912109375	98.40071105957031	93.6687240600586	35.14097595214844	27.57150650024414	70.23999786376953	175.69627380371094	206.47288513183594	144.0436248779297	40.66736602783203	48.17683792114258		53.400691986083984	54.42734909057617	57.63975524902344	51.18144989013672	71.23373413085938	35.69575881958008	357.7659606933594	93.15663146972656	61.12110900878906	97.38284301757812	193.47409057617188	42.282772064208984	128.14161682128906	40.256900787353516	36.4901008605957	50.46363067626953	49.709930419921875	37.31846618652344	55.990421295166016	38.62031555175781	30.151199340820312	93.04104614257812	72.42435455322266	68.46735382080078	31.188297271728516	125.6617202758789	70.40267181396484	72.62979888916016
2023-05-05	87.63243865966797	78.53926849365234	64.97698211669922	42.27540588378906	21.562633514404297	22.838178634643555	75.40613555908203	46.98805236816406	71.43501281738281	20.4956111907959	46.400089263916016	108.46556854248047	40.04999923706055	37.50907516479492	61.080528259277344	38.2400016784668	17.687776565551758	55.68802261352539	29.944873809814453	88.06092071533203	61.29086685180664	44.35823440551758	43.72758102416992	88.37071990966797	20.913528442382812	29.825353622436523	41.02482986450195	50.85761642456055	108.9807357788086	167.48471069335938	139.21148681640625	32.99153518676758	64.20570373535156	82.43142700195312	53.366519927978516	60.44611358642578	41.816280364990234	56.414939880371094	59.02604675292969	93.19644165039062	43.9525032043457	70.86346435546875	76.89188385009766	29.99634552001953	12.259995460510254	316.5841979980469	130.07046508789062	20.6732234954834	77.70851135253906	138.03253173828125	20.827863693237305	16.294279098510742	23.497364044189453	54.66922378540039	86.03688049316406	72.51190948486328	23.56999969482422	53.58041000366211	395.07489013671875	46.36234664916992	97.91259765625	90.99036407470703	36.409854888916016	27.769962310791016	63.029998779296875	176.32395935058594	209.06961059570312	143.49522399902344	41.936527252197266	49.3119010925293		53.36753845214844	56.66507339477539	56.16278839111328	51.1939811706543	72.2435302734375	36.92694854736328	362.01690673828125	92.7614517211914	62.29513931274414	100.3635025024414	195.5374755859375	42.282772064208984	127.74469757080078	41.28538513183594	36.671417236328125	50.24357986450195	50.90786361694336	37.2436637878418	56.115478515625	35.908077239990234	30.586395263671875	94.66781616210938	73.89503479003906	70.1767578125	31.057823181152344	126.03913116455078	71.51531982421875	72.71783447265625
2023-06-05	86.4781494140625	78.8494644165039	64.12865447998047	42.156524658203125	20.978256225585938	22.889728546142578	72.91881561279297	48.175540924072266	71.52365112304688	20.42311668395996	47.61725997924805	109.54558563232422	38.90999984741211	35.76300811767578	61.175846099853516	37.15999984741211	17.75423812866211	54.40291213989258	29.3653507232666	86.14468383789062	59.89728927612305	44.57589340209961	41.78095626831055	89.99913024902344	21.89699935913086	29.17171859741211	41.77793884277344	51.17686462402344	109.03925323486328	172.4098663330078	149.8013458251953	32.38530349731445	64.06886291503906	80.52325439453125	58.48117446899414	63.701560974121094	41.86223220825195	53.60813903808594	55.429019927978516	92.24197387695312	41.593318939208984	74.07707977294922	74.31682586669922	30.460403442382812	12.030176162719727	347.9690856933594	142.92767333984375	20.167701721191406	79.98814392089844	141.9760284423828	20.769187927246094	17.714706420898438	23.13144302368164	53.1498908996582	86.39937591552734	71.9710464477539	21.639999389648438	52.90205764770508	408.9292907714844	48.006195068359375	96.39848327636719	88.5445327758789	36.05190658569336	27.859376907348633	64.02999877929688	180.1471710205078	215.04690551757812	145.81906127929688	41.13542556762695	48.60923767089844		52.41133499145508	54.56998825073242	54.757869720458984	50.8370361328125	70.85072326660156	35.285362243652344	374.9416198730469	99.65302276611328	63.0085563659668	98.3344955444336	202.66395568847656	41.9300537109375	127.32011413574219	44.36758804321289	36.54450225830078	50.289005279541016	50.160282135009766	36.70600128173828	60.91603088378906	35.52316665649414	30.87021827697754	95.36229705810547	81.0773696899414	66.68519592285156	29.438121795654297	123.39736938476562	76.51006317138672	73.47123718261719
2023-07-05	85.8729019165039	79.1883544921875	63.716190338134766	42.154457092285156	20.913644790649414	23.783321380615234	72.91993713378906	49.7835578918457	72.46864318847656	20.745624542236328	48.549373626708984	114.11161804199219	38.0099983215332	36.36448669433594	61.340946197509766	36.290000915527344	17.309724807739258	54.897117614746094	29.802770614624023	84.75444793701172	60.41572189331055	45.38956069946289	42.534305572509766	93.86756134033203	23.352054595947266	29.6776123046875	43.45561218261719	51.470367431640625	114.0667495727539	178.85621643066406	156.4142303466797	33.22610092163086	66.2830581665039	80.25154876708984	60.467926025390625	65.01795959472656	42.55380630493164	55.0360107421875	56.57108688354492	92.2286376953125	41.79036331176758	76.66340637207031	76.02729797363281	30.865766525268555	12.109728813171387	363.54669189453125	149.35992431640625	20.738384246826172	81.6834945678711	151.2945556640625	21.5355224609375	18.480365753173828	22.97007179260254	53.18655014038086	86.77621459960938	71.58708953857422	21.209999084472656	54.27172088623047	425.8533630371094	50.00818634033203	95.69274139404297	88.1825180053711	36.437686920166016	27.989315032958984	64.62999725341797	188.76039123535156	223.60569763183594	153.88827514648438	41.56998062133789	49.214324951171875		51.6734504699707	55.08991241455078	54.36067581176758	50.572906494140625	74.45025634765625	35.512386322021484	390.4649353027344	103.75023651123047	63.24919128417969	99.9781265258789	211.22377014160156	41.76122283935547	131.968505859375	46.43576431274414	37.262939453125	50.945674896240234	50.776947021484375	38.11697006225586	63.404693603515625	36.53137969970703	32.149112701416016	101.97117614746094	84.41990661621094	68.33039093017578	30.241825103759766	124.64430236816406	83.70378112792969	77.53807067871094
2023-08-04	85.69876098632812	79.54710388183594	63.62024688720703	42.173343658447266	21.037662506103516	23.66303825378418	68.01551818847656	51.08881378173828	73.02839660644531	20.79685401916504	48.679405212402344	115.83898162841797	38.5099983215332	37.679725646972656	61.90686798095703	36.77000045776367	16.34435272216797	55.487606048583984	30.37678337097168	84.57771301269531	61.08519744873047	46.32373046875	41.66459274291992	98.21934509277344	23.22365379333496	29.76834487915039	43.7137451171875	51.775936126708984	113.01139068603516	186.9335479736328	156.8672332763672	35.017757415771484	68.1834716796875	80.77770233154297	59.46764373779297	66.09467315673828	42.91592788696289	52.78702926635742	56.39540100097656	91.83419799804688	44.43122100830078	77.94691467285156	77.91460418701172	35.044166564941406	12.962713241577148	365.2747497558594	150.09539794921875	20.595666885375977	76.5495376586914	151.5546417236328	21.958948135375977	18.546911239624023	23.010900497436523	54.4044303894043	87.16776275634766	72.0501708984375	21.65999984741211	55.02170944213867	429.389892578125	50.42076873779297	95.88146209716797	84.4201431274414	37.798004150390625	28.2749080657959	73.79000091552734	194.93783569335938	227.49258422851562	160.66482543945312	41.95152282714844	49.91557312011719		51.92030334472656	55.879241943359375	52.386329650878906	50.88189697265625	73.09451293945312	35.983909606933594	393.5626220703125	105.77961730957031	63.74951934814453	102.17007446289062	213.7457733154297	42.054378509521484	134.4677734375	46.430843353271484	38.08330154418945	51.141868591308594	51.468902587890625	39.263343811035156	64.64771270751953	39.24492263793945	33.17544174194336	103.38479614257812	83.80300903320312	68.35785675048828	29.021808624267578	125.43058013916016	83.518798828125	80.4192886352539
2023-09-05	84.8985366821289	79.8906478881836	63.01154327392578	42.04144287109375	20.364885330200195	24.041093826293945	65.29177856445312	51.53921890258789	71.70282745361328	20.30983543395996	47.70415115356445	113.51663208007812	38.20000076293945	37.38040542602539	62.13854217529297	36.47999954223633	15.120917320251465	54.579166412353516	31.014564514160156	83.33110809326172	59.990516662597656	45.133121490478516	40.668052673339844	93.94357299804688	22.25635528564453	29.41449546813965	44.03144454956055	51.51530456542969	112.2101058959961	179.86712646484375	160.8260955810547	36.854190826416016	66.47773742675781	80.89249420166016	61.095550537109375	66.17023468017578	43.12363815307617	51.24199676513672	54.49983215332031	90.75161743164062	41.99421691894531	76.96256256103516	76.33715057373047	36.85911178588867	13.249987602233887	371.1950378417969	152.53717041015625	20.19428062438965	69.97884368896484	147.98081970214844	21.914531707763672	18.98809242248535	22.766733169555664	53.286529541015625	87.54254913330078	72.07295227050781	21.59000015258789	57.07685470581055	431.7250671386719	50.70861053466797	94.83746337890625	82.03308868408203	37.3151741027832	28.407806396484375	77.76000213623047	189.90614318847656	223.72348022460938	155.51463317871094	41.25202941894531	48.95022964477539		51.46998596191406	54.418521881103516	51.03862762451172	50.911582946777344	71.80042266845703	35.31155776977539	395.9793395996094	104.9292221069336	63.22190856933594	100.42195129394531	214.1676788330078	42.045501708984375	132.50735473632812	47.50349426269531	37.1262092590332	50.28546905517578	50.485595703125	38.65257263183594	64.64771270751953	41.18640899658203	32.633758544921875	102.17176055908203	86.5791244506836	65.49168395996094	27.97414207458496	125.23163604736328	82.66192626953125	80.01748657226562
2023-10-05	82.98332977294922	80.26996612548828	61.606201171875	41.51776885986328	19.84064483642578	24.676918029785156	57.63233184814453	49.53537368774414	68.92787170410156	19.338626861572266	45.65145492553711	105.9162368774414	36.11000061035156	35.41676330566406	60.79801940917969	34.470001220703125	13.008577346801758	51.953765869140625	29.90068244934082	81.0357666015625	57.240234375	42.8434944152832	37.30698013305664	87.44047546386719	20.672731399536133	28.216869354248047	43.842811584472656	49.160621643066406	101.01963806152344	165.73826599121094	152.8061981201172	34.919212341308594	64.32701110839844	78.5583267211914	57.05520248413086	64.39460754394531	41.47016525268555	47.4388427734375	51.85528564453125	87.61321258544922	39.08464813232422	71.80921173095703	71.73625946044922	34.90891647338867	12.631242752075195	352.67724609375	144.9053192138672	18.766769409179688	58.48492431640625	138.69471740722656	20.677688598632812	18.03217124938965	22.2625675201416	49.9600944519043	87.9724349975586	72.25052642822266	19.25	55.67287826538086	409.3886413574219	48.079345703125	92.73208618164062	75.52608489990234	35.84526443481445	27.801456451416016	73.98999786376953	176.18865966796875	204.9566650390625	145.67832946777344	39.2470588684082	46.68690872192383		50.80768966674805	51.88539505004883	47.31936264038086	51.034786224365234	65.88554382324219	33.512794494628906	375.35809326171875	102.07965087890625	60.01249694824219	94.27178955078125	202.546630859375	41.89548110961914	126.36984252929688	44.88566970825195	35.44409942626953	48.300804138183594	48.063499450683594	36.47372817993164	63.46624755859375	38.76130676269531	31.271432876586914	95.34725189208984	81.0232925415039	61.805335998535156	25.809608459472656	122.38741302490234	77.7855224609375	77.52350616455078
2023-11-03	84.18955993652344	80.58422088623047	62.46037673950195	42.18532180786133	20.227455139160156	23.980947494506836	59.5574836730957	50.18799591064453	71.64713287353516	20.333959579467773	47.072547912597656	108.49767303466797	39.52000045776367	36.41248321533203	62.65738296508789	37.72999954223633	13.065924644470215	53.44361114501953	31.087141036987305	82.18546295166016	58.80536651611328	44.089054107666016	40.106361389160156	89.96114349365234	22.73572540283203	29.169530868530273	43.8328857421875	51.11986541748047	111.06676483154297	168.77542114257812	156.8318328857422	36.074825286865234	66.44065856933594	77.68778991699219	59.624549865722656	66.21746063232422	42.549015045166016	51.763099670410156	53.16831588745117	89.3653335571289	40.07612228393555	72.67774963378906	74.32778930664062	35.97958755493164	13.073204040527344	361.54608154296875	148.60824584960938	19.41701316833496	56.93324279785156	140.77540588378906	20.9884033203125	18.46397590637207	22.747108459472656	51.33247375488281	88.32942962646484	72.75181579589844	21.219999313354492	57.39522171020508	419.2159118652344	49.235111236572266	94.73200988769531	77.37476348876953	36.73285675048828	28.726348876953125	74.8499984741211	179.58148193359375	205.38916015625	150.21728515625	40.417789459228516	48.023956298828125		51.39924240112305	53.06998825073242	48.433746337890625	51.377227783203125	68.97003173828125	34.85749816894531	384.5323791503906	105.28903198242188	62.39617919921875	96.64793395996094	207.3203887939453	42.42343521118164	129.57679748535156	45.967987060546875	36.30791473388672	50.0135498046875	49.43647766113281	37.19602584838867	65.26301574707031	39.42537307739258	32.245079040527344	97.43795776367188	84.27640533447266	63.38181686401367	28.283117294311523	121.1983642578125	78.14153289794922	78.014404296875
2023-12-05	87.0475845336914	80.93585205078125	64.59290313720703	43.5469856262207	20.971487045288086	23.104534149169922	66.6744155883789	52.311336517333984	74.7068099975586	20.769519805908203	49.023067474365234	115.70463562011719	40.04999923706055	36.08362579345703	64.17838287353516	38.220001220703125	13.754108428955078	55.460350036621094	32.604705810546875	84.8153076171875	61.07615661621094	45.023216247558594	41.67365264892578	94.35322570800781	23.865665435791016	30.221994400024414	46.93047332763672	51.15580749511719	118.66575622558594	178.35121154785156	166.33352661132812	34.91025924682617	69.87069702148438	80.14631652832031	63.968902587890625	67.60584259033203	43.48624038696289	53.244136810302734	54.21318817138672	94.64524841308594	37.89857864379883	77.17488098144531	76.97564697265625	33.393829345703125	12.410262107849121	380.7978515625	156.51502990722656	20.618160247802734	51.73223876953125	146.8634490966797	21.81300163269043	19.596538543701172	23.09657859802246	53.168373107910156	88.72847747802734	73.34097290039062	22.1200008392334	59.98363494873047	440.3459777832031	51.7199821472168	96.20208740234375	83.80240631103516	37.81447219848633	29.32828712463379	67.58000183105469	190.383056640625	219.75021362304688	158.25204467773438	41.95438003540039	49.56248092651367		52.51923370361328	56.32307815551758	52.09504699707031	51.8014030456543	74.48123931884766	36.079959869384766	403.9495544433594	107.47063446044922	62.69757080078125	100.43518829345703	218.38851928710938	42.6918830871582	134.22352600097656	48.98170852661133	37.033897399902344	52.20893478393555	51.084068298339844	38.357364654541016	66.54779815673828	37.81978988647461	34.31648254394531	103.61414337158203	90.48821258544922	64.97674560546875	28.72661781311035	125.47896575927734	83.27230834960938	82.83509063720703
2024-01-05	88.28667449951172	81.31832122802734	65.47154998779297	43.99603271484375	21.4403133392334	22.87429428100586	68.48418426513672	53.89176559448242	75.37916564941406	21.146650314331055	51.25257873535156	120.42355346679688	40.52000045776367	37.46354293823242	65.18382263183594	38.65999984741211	14.259143829345703	57.7111930847168	33.745574951171875	85.98637390136719	63.48057174682617	46.394554138183594	43.538185119628906	99.93290710449219	25.2916316986084	31.255104064941406	48.73740005493164	53.70491027832031	121.68721771240234	187.6063690185547	168.5691680908203	36.00154113769531	73.59151458740234	85.06847381591797	64.08985137939453	70.3425064086914	44.1234245300293	55.14491653442383	55.67936325073242	95.98355865478516	37.436378479003906	80.81489562988281	80.85529327392578	33.80811309814453	12.321870803833008	391.08404541015625	160.78201293945312	21.72772979736328	55.62102127075195	148.6735382080078	23.051128387451172	19.93952178955078	23.328285217285156	55.748165130615234	89.14107513427734	73.81790924072266	21.209999084472656	63.595577239990234	453.09259033203125	53.24207305908203	97.2679672241211	85.5652847290039	39.45964813232422	29.839542388916016	69.02999877929688	199.2917022705078	228.41807556152344	166.3692626953125	43.67243576049805	51.40531921386719		53.091060638427734	58.16331481933594	53.275970458984375	52.16311264038086	77.9374008178711	37.69694137573242	415.6408996582031	113.0363540649414	65.83516693115234	104.44547271728516	225.32809448242188	42.96625900268555	140.87368774414062	49.59328842163086	38.00902557373047	52.77998352050781	52.966758728027344	40.09434509277344	69.7616195678711	38.885623931884766	36.21309280395508	107.44995880126953	90.5403060913086	66.89054870605469	29.78181266784668	132.9299774169922	84.33979034423828	85.76530456542969
2024-02-05	88.05257415771484	81.6528549194336	65.36324310302734	43.829952239990234	20.900522232055664	23.590499877929688	66.4887924194336	53.24382400512695	75.4604721069336	20.90657615661621	51.39353561401367	123.40902709960938	40.15999984741211	35.12612533569336	65.63663482666016	38.29999923706055	13.170438766479492	57.913814544677734	34.84395980834961	85.56430053710938	63.819984436035156	45.5914306640625	41.58058166503906	98.64056396484375	24.612838745117188	32.428653717041016	49.75007629394531	54.5291633605957	121.03870391845703	186.33462524414062	184.84559631347656	34.9547233581543	74.32321166992188	86.23353576660156	70.51359558105469	76.5869369506836	45.31816482543945	51.55681610107422	56.546852111816406	96.24388885498047	34.67351150512695	81.70072937011719	76.90625	33.52761459350586	12.183732032775879	422.3313903808594	173.63909912109375	20.82468605041504	42.36469268798828	151.42015075683594	23.05414581298828	21.800508499145508	23.287729263305664	54.97426986694336	89.53046417236328	73.91807556152344	20.469999313354492	71.53276062011719	476.9421691894531	56.03665542602539	96.93089294433594	83.91498565673828	38.906890869140625	30.077177047729492	68.18000030517578	200.06239318847656	233.08953857421875	165.18692016601562	43.765098571777344	51.2844352722168		52.96028518676758	58.1265983581543	52.40132141113281	52.250221252441406	74.31094360351562	36.44551467895508	437.52587890625	123.40780639648438	66.5701904296875	102.19244384765625	235.86375427246094	43.002540588378906	142.3048553466797	54.14304733276367	37.295589447021484	52.944244384765625	52.81810760498047	38.49703598022461	76.13352966308594	38.25652313232422	37.17238235473633	110.84422302246094	99.67696380615234	68.46968078613281	27.788053512573242	136.09266662597656	85.41468048095703	95.44007110595703
2024-03-05	88.46576690673828	81.98784637451172	65.65519714355469	44.186370849609375	21.114219665527344	24.209440231323242	68.132568359375	54.999839782714844	77.22213745117188	21.04742431640625	52.784324645996094	130.04661560058594	42.220001220703125	35.73588180541992	66.24250030517578	40.290000915527344	13.363130569458008	60.06901168823242	37.243804931640625	85.91796875	66.1959228515625	47.07627868652344	42.199256896972656	102.31659698486328	24.66573143005371	34.69325256347656	51.3485107421875	56.92866897583008	126.51187896728516	197.78028869628906	188.0989532470703	36.22911071777344	77.60646057128906	87.8896484375	72.05804443359375	76.7485122680664	46.24311065673828	52.470149993896484	56.282833099365234	96.36518096923828	36.53440856933594	84.22193908691406	80.58885192871094	35.32655334472656	12.23898696899414	429.82281494140625	176.72044372558594	21.280771255493164	46.971839904785156	158.48971557617188	23.579341888427734	22.312097549438477	23.513036727905273	56.531280517578125	89.89649200439453	74.02690887451172	21.670000076293945	76.8209457397461	491.1085510253906	57.69985580444336	97.95121002197266	85.34123992919922	40.59189987182617	30.38425636291504	73.44999694824219	211.96961975097656	249.43963623046875	173.79437255859375	45.358917236328125	53.21864700317383		53.10569381713867	60.03571319580078	53.17424774169922	52.325199127197266	77.67642974853516	36.454586029052734	450.60467529296875	122.48439025878906	69.41720581054688	105.50243377685547	243.52870178222656	43.329002380371094	147.38919067382812	55.38045883178711	38.60041809082031	53.97278594970703	54.72271728515625	41.89606857299805	75.85267639160156	39.88211441040039	38.75520324707031	116.63956451416016	101.09319305419922	69.3893051147461	28.881853103637695	138.57699584960938	88.06771087646484	108.67406463623047
2024-04-05	87.69441986083984	82.38716125488281	65.07034301757812	44.25019454956055	20.94947624206543	25.74846649169922	64.32168579101562	55.92949295043945	78.16041564941406	20.99277687072754	54.35367202758789	134.0658721923828	46.060001373291016	39.069583892822266	66.33905029296875	43.95000076293945	13.170438766479492	61.26633071899414	38.533912658691406	84.68711853027344	67.37013244628906	48.43038558959961	43.81520080566406	103.3362808227539	24.92137908935547	35.49090576171875	51.64635467529297	57.23089599609375	129.3319549560547	198.98326110839844	192.24827575683594	40.6712760925293	80.4957046508789	87.1097412109375	73.04177856445312	81.1490707397461	46.766334533691406	54.39933395385742	55.90566635131836	95.5870361328125	37.930084228515625	85.30245208740234	85.19446563720703	38.89297866821289	13.233577728271484	434.7537841796875	178.76878356933594	21.163894653320312	50.017730712890625	157.98680114746094	24.033687591552734	22.852664947509766	23.34427261352539	57.87638473510742	90.33596801757812	74.04468536376953	25.030000686645508	79.0580825805664	503.5617370605469	59.16533279418945	97.19924926757812	81.99871826171875	41.105438232421875	30.44748878479004	82.4000015258789	216.00502014160156	251.09674072265625	178.3692169189453	46.33027267456055	54.43315505981445		52.63850784301758	61.614437103271484	51.35771560668945	52.3267822265625	76.1803207397461	37.551849365234375	462.08111572265625	129.27517700195312	70.09554290771484	108.31175994873047	249.45748901367188	43.44417953491211	152.17282104492188	56.4802131652832	39.576107025146484	54.645301818847656	55.96334457397461	44.26029586791992	80.12642669677734	45.40298843383789	40.027706146240234	121.55583190917969	101.68865203857422	69.55392456054688	30.321029663085938	137.34170532226562	87.56912994384766	112.39881134033203
2024-05-03	87.5210952758789	82.71880340576172	64.96752166748047	44.10517501831055	20.783512115478516	25.766250610351562	62.821083068847656	57.19720458984375	77.89631652832031	20.855571746826172	54.22210693359375	132.70359802246094	45.619998931884766	38.77275466918945	66.91441345214844	43.52000045776367	13.343860626220703	61.072914123535156	37.836509704589844	84.31876373291016	67.305908203125	49.9058952331543	44.766300201416016	102.86579132080078	24.912565231323242	35.20668411254883	52.351253509521484	57.00193786621094	130.53321838378906	196.50146484375	190.8720245361328	39.032772064208984	79.58577728271484	86.32981872558594	71.67439270019531	80.1986312866211	46.208011627197266	56.85042953491211	57.14088821411133	95.40147399902344	42.506378173828125	83.86177062988281	83.97644805908203	36.512447357177734	12.846792221069336	429.82855224609375	176.75662231445312	20.806119918823242	50.85103988647461	157.6773223876953	23.717334747314453	22.625049591064453	23.33975601196289	57.830322265625	90.7125244140625	74.20238494873047	24.219999313354492	76.47358703613281	496.6265563964844	58.34062576293945	97.19947052001953	80.8904037475586	42.529232025146484	30.706993103027344	75.12999725341797	211.35733032226562	244.8385772705078	175.1465301513672	46.190467834472656	54.7318229675293		52.58029556274414	61.64212417602539	50.73711395263672	52.45171356201172	73.78437042236328	38.26824951171875	455.76800537109375	126.95603942871094	69.74996948242188	108.79387664794922	245.91705322265625	43.571205139160156	149.4725341796875	55.85572814941406	40.994911193847656	54.46711349487305	56.31772232055664	42.71450424194336	77.8834228515625	42.85231018066406	39.04555130004883	118.75079345703125	99.7676773071289	71.00433349609375	31.833358764648438	135.0498046875	87.11375427246094	110.31242370605469
2024-06-05	88.9458236694336	83.06712341308594	66.02526092529297	44.26535415649414	20.779115676879883	25.970748901367188	66.59477996826172	56.43657302856445	78.93038177490234	20.79158592224121	54.090545654296875	134.17218017578125	46.66999816894531	38.28114318847656	67.34855651855469	44.4900016784668	14.509642601013184	63.126792907714844	38.701290130615234	85.9605941772461	69.7001953125	49.67243194580078	46.38224792480469	104.47891235351562	23.21999168395996	36.4627571105957	52.73845291137695	57.3682746887207	135.27915954589844	199.57696533203125	203.89187622070312	38.0496711730957	81.91219329833984	90.0849609375	77.97025299072266	84.14298248291016	46.88417053222656	59.42267990112305	58.78156661987305	97.20439910888672	42.269020080566406	84.81573486328125	84.2333755493164	35.090824127197266	12.662609100341797	457.51458740234375	188.12939453125	21.301502227783203	48.360694885253906	156.6908721923828	23.77208709716797	24.05999183654785	23.753828048706055	59.461036682128906	91.11042785644531	74.5882797241211	27.399999618530273	82.44840240478516	519.3360595703125	61.0281982421875	98.87328338623047	84.33794403076172	43.427005767822266	30.942644119262695	71.88999938964844	213.28982543945312	247.5135955810547	176.53445434570312	47.57916259765625	55.93585205078125		53.27409362792969	64.96464538574219	52.74005889892578	52.730255126953125	75.86267852783203	38.29545211791992	476.6856689453125	133.19229125976562	69.87138366699219	110.78729248046875	255.7622833251953	43.90692901611328	152.34339904785156	59.49716567993164	40.760013580322266	55.14034652709961	57.5207405090332	43.224998474121094	82.46652221679688	41.6070556640625	39.77736282348633	118.90554809570312	106.30392456054688	72.81031799316406	33.24797058105469	139.80621337890625	86.71713256835938	111.85753631591797
2024-07-05	89.341552734375	83.4507827758789	66.32917785644531	44.35009765625	20.602685928344727	27.276126861572266	65.86143493652344	58.80525588989258	79.3249282836914	20.860519409179688	57.605125427246094	132.86801147460938	47.34000015258789	38.17865753173828	67.88812255859375	45.150001525878906	13.198357582092285	62.84065628051758	39.542972564697266	86.38814544677734	69.3279800415039	51.660709381103516	45.75120162963867	101.69824981689453	22.976682662963867	36.979835510253906	56.253028869628906	57.985408782958984	130.65272521972656	196.04470825195312	221.0201416015625	38.665836334228516	82.4828109741211	89.7048110961914	84.62351989746094	87.55179595947266	47.04191970825195	57.6927490234375	58.11823654174805	97.67325592041016	40.717994689941406	84.19273376464844	83.27146911621094	38.98680877685547	13.22436809539795	490.4994812011719	201.732666015625	21.478679656982422	42.163551330566406	161.2347412109375	23.676633834838867	25.85141372680664	23.859397888183594	58.759117126464844	91.5275650024414	75.0102767944336	28.479999542236328	88.67994689941406	540.4713134765625	63.5289306640625	99.27958679199219	83.89018249511719	44.59822463989258	31.1982421875	81.30999755859375	209.98825073242188	246.73121643066406	172.0672607421875	47.48679733276367	56.3729362487793		53.62002944946289	64.082275390625	52.53175354003906	53.033504486083984	76.73223876953125	37.488372802734375	496.1794128417969	138.74771118164062	70.9462890625	111.96006774902344	264.88494873046875	44.184051513671875	152.87039184570312	63.903099060058594	42.12446594238281	55.45450973510742	57.934532165527344	42.13661575317383	85.43975067138672	42.04384994506836	40.15719985961914	117.65432739257812	114.90819549560547	72.95462036132812	32.15568923950195	139.02548217773438	92.8902816772461	111.26063537597656
2024-08-05	92.06853485107422	83.79952239990234	68.31462860107422	45.4704704284668	21.69560432434082	24.048181533813477	72.10745239257812	53.958255767822266	79.88311004638672	21.14784812927246	53.112728118896484	128.21112060546875	47.720001220703125	36.1065788269043	68.05843353271484	45.47999954223633	13.07228946685791	59.440582275390625	35.46521759033203	89.98004150390625	65.43492126464844	47.82316589355469	45.85449981689453	103.76053619384766	21.17583465576172	33.162025451660156	54.46595764160156	53.78262710571289	133.26776123046875	197.34278869628906	192.91444396972656	36.81486892700195	79.6681900024414	90.89764404296875	71.95709991455078	80.19610595703125	46.10561752319336	59.719051361083984	58.52805709838867	100.00003814697266	38.73453903198242	84.92281341552734	79.73231506347656	35.28889083862305	12.15610408782959	430.40301513671875	177.2014923095703	22.196475982666016	36.35911560058594	147.209228515625	24.279157638549805	22.941335678100586	24.330778121948242	56.18933868408203	91.9135971069336	76.18062591552734	24.860000610351562	78.26496887207031	504.1631164550781	59.23526382446289	101.259765625	89.84420013427734	41.35772705078125	31.289888381958008	73.22000122070312	208.3295135498047	237.773193359375	174.72488403320312	44.77756881713867	53.118289947509766		55.3521614074707	60.96202087402344	56.159610748291016	53.86732864379883	81.46426391601562	37.143775939941406	462.4675598144531	126.7930908203125	65.22376251220703	105.5076675415039	248.3953094482422	44.56865692138672	152.5176239013672	56.26826095581055	39.521156311035156	55.87893295288086	54.55039596557617	42.19893264770508	80.13383483886719	40.34062194824219	39.480499267578125	117.05255889892578	97.64828491210938	73.25631713867188	33.895992279052734	141.355224609375	83.99872589111328	108.74987030029297
2024-09-05	93.1021499633789	84.17169189453125	69.09437561035156	45.64514923095703	22.073680877685547	24.94483184814453	73.20230102539062	57.65480041503906	82.3854751586914	21.779281616210938	56.496238708496094	136.95013427734375	49.83000183105469	36.83790588378906	70.17485809326172	47.5099983215332	13.751118659973145	64.27376556396484	38.97245788574219	90.65390014648438	70.71902465820312	50.434959411621094	49.31964874267578	108.32843780517578	23.239120483398438	36.273860931396484	56.828861236572266	59.61827850341797	140.37271118164062	206.83901977539062	205.76812744140625	37.3636474609375	88.20747375488281	95.95989990234375	76.09709930419922	84.36114501953125	48.91202926635742	64.12199401855469	62.378456115722656	102.23966217041016	39.23994064331055	91.42538452148438	82.635009765625	33.69492721557617	11.962712287902832	455.7801818847656	187.49607849121094	24.018577575683594	36.35911560058594	160.51300048828125	25.425790786743164	24.380277633666992	24.444509506225586	61.141998291015625	92.3388671875	76.59454345703125	26.229999542236328	84.44117736816406	535.5698852539062	62.935020446777344	101.69661712646484	90.83908081054688	43.768436431884766	32.24472427368164	69.88999938964844	218.91236877441406	249.06466674804688	183.95010375976562	48.28640365600586	56.95613479614258		55.70817184448242	64.8974838256836	56.64111328125	54.17108154296875	87.3264389038086	40.78017044067383	491.51776123046875	133.8545379638672	71.63936614990234	112.65107727050781	263.736328125	44.75180435180664	161.69955444335938	59.98504638671875	41.63397979736328	57.54077911376953	58.53615951538086	43.6418342590332	83.29791259765625	40.64393615722656	43.453678131103516	123.43902587890625	103.2979736328125	78.40406036376953	35.95057678222656	148.72000122070312	91.82545471191406	110.40401458740234
2024-10-04	92.36880493164062	84.5409164428711	68.54946899414062	45.78828811645508	21.71832275390625	25.130054473876953	69.29512023925781	59.82368850708008	83.06704711914062	21.849964141845703	57.02698516845703	144.54928588867188	52.540000915527344	39.57660675048828	70.83773040771484	50.08000183105469	13.731722831726074	65.62255096435547	39.05778121948242	89.29899597167969	71.92334747314453	55.187103271484375	51.319854736328125	112.06948852539062	23.573951721191406	36.86836242675781	56.68986511230469	61.45989227294922	150.02493286132812	214.61544799804688	217.65359497070312	39.8192138671875	90.3065185546875	93.52574920654297	80.80879974365234	91.03858184814453	50.273258209228516	66.51757049560547	61.4635124206543	101.82769775390625	54.35423278808594	93.45987701416016	88.26679992675781	35.971527099609375	12.920465469360352	482.4373474121094	198.44613647460938	24.291366577148438	45.65003967285156	172.84140014648438	26.255210876464844	25.80194091796875	24.462839126586914	62.3941764831543	92.73477172851562	76.57771301269531	29.360000610351562	90.24361419677734	560.055419921875	65.82456970214844	101.78114318847656	87.45329284667969	47.74245071411133	32.50666046142578	76.3499984741211	230.21961975097656	265.05206298828125	191.59515380859375	49.211387634277344	59.4314079284668		55.19865417480469	65.43917083740234	54.858238220214844	54.15370178222656	88.12673950195312	42.39432907104492	514.135986328125	143.65606689453125	73.68222045898438	117.43605041503906	276.08148193359375	45.02388000488281	167.37806701660156	63.319854736328125	46.4114875793457	58.06852722167969	60.99590301513672	45.82525634765625	88.74578857421875	43.84016418457031	44.29043960571289	131.9510040283203	111.36278533935547	77.21888732910156	38.399658203125	146.53038024902344	97.44346618652344	119.23616027832031
2024-11-05	91.17750549316406	84.86355590820312	67.70687866210938	45.649322509765625	21.35401725769043	24.379228591918945	67.0206069946289	58.34318542480469	81.92081451416016	21.438547134399414	56.685794830322266	143.2145538330078	54.36000061035156	38.23470687866211	70.82637023925781	51.810001373291016	13.09168529510498	63.870994567871094	39.208404541015625	87.48651885986328	69.74808502197266	53.43333435058594	50.59677505493164	113.60855102539062	22.388463973999023	36.5246696472168	54.356746673583984	59.14511489868164	144.77700805664062	219.59034729003906	220.74986267089844	38.182167053222656	91.60411071777344	90.8394546508789	80.75951385498047	90.31256866455078	50.365596771240234	64.27349090576172	60.3102912902832	100.18190002441406	48.661338806152344	93.02182006835938	85.40267944335938	35.4050407409668	12.699445724487305	487.2783508300781	200.44485473632812	23.96624755859375	47.469913482666016	170.8029022216797	26.40718650817871	26.22093963623047	24.185550689697266	59.8991584777832	93.10926818847656	76.44133758544922	29.75	91.031005859375	563.6915283203125	66.24459075927734	100.60771179199219	85.16790771484375	45.607810974121094	32.517147064208984	74.7300033569336	234.3155517578125	271.39678955078125	194.37010192871094	47.92852020263672	57.6748161315918		54.43559646606445	63.76725387573242	53.380577087402344	54.05657196044922	88.37691497802734	40.072837829589844	517.50390625	146.4497528076172	71.01435089111328	113.77791595458984	278.5712890625	44.894874572753906	166.37164306640625	64.44959259033203	44.85055923461914	57.32721710205078	59.2776985168457	45.107810974121094	90.92343139648438	42.42399215698242	45.31885528564453	132.52552795410156	112.15369415283203	76.65966033935547	37.00649642944336	142.8680877685547	99.78402709960938	122.36021423339844
2024-12-05	92.10677337646484	85.18374633789062	68.37775421142578	46.4361457824707	21.31190299987793	24.61442756652832	68.87828063964844	57.78681564331055	83.47207641601562	21.241737365722656	55.76646423339844	147.31613159179688	52.130001068115234	37.14795684814453	71.66834259033203	49.66999816894531	11.782516479492188	64.15199279785156	40.92171096801758	88.45423889160156	69.65473175048828	51.905860900878906	52.202571868896484	120.51971435546875	21.239177703857422	37.286373138427734	55.37934494018555	60.3233757019043	150.9934539794922	233.15377807617188	236.27102661132812	38.489112854003906	96.58456420898438	88.64775085449219	85.04737091064453	94.70687103271484	51.65644836425781	65.2203598022461	61.03462600708008	101.56006622314453	45.19029998779297	95.45542907714844	82.36499786376953	34.14739990234375	12.312660217285156	516.5817260742188	212.5360565185547	23.83619499206543	42.029457092285156	182.88746643066406	26.93756675720215	28.263872146606445	24.395896911621094	60.216880798339844	93.45084381103516	76.74424743652344	28.559999465942383	96.59187316894531	592.9757080078125	69.71212768554688	101.43675994873047	86.85501098632812	45.09312438964844	32.92753219604492	71.47000122070312	250.99124145507812	297.32000732421875	204.34642028808594	47.91908264160156	57.26872253417969		54.88348388671875	63.04402542114258	54.43463134765625	54.27013397216797	88.71976470947266	39.0753288269043	544.4578857421875	155.97781372070312	71.32543182373047	114.36882781982422	294.4966125488281	45.21738815307617	171.35597229003906	69.4376220703125	43.85725021362305	58.32957458496094	58.985042572021484	44.42888259887695	97.66139221191406	43.56257247924805	48.908668518066406	137.21893310546875	118.589599609375	78.47000885009766	38.10686111450195	140.2107696533203	112.11136627197266	132.16598510742188
2025-01-03	90.31503295898438	85.49445343017578	67.05070495605469	45.90576171875	20.463035583496094	24.59463119506836	61.8223762512207	56.20625686645508	81.69725036621094	20.769447326660156	54.131080627441406	139.1432647705078	52.279998779296875	35.01924514770508	71.30797576904297	49.790000915527344	11.407755851745605	61.44686508178711	38.41435623168945	86.29759216308594	66.83070373535156	50.669761657714844	50.577701568603516	113.5533676147461	19.658836364746094	35.395965576171875	53.369998931884766	58.01808547973633	144.91366577148438	220.4387664794922	236.45301818847656	36.99913787841797	92.97110748291016	84.62370300292969	85.04483795166016	94.13636016845703	50.26824188232422	62.477073669433594	57.9903450012207	98.3677978515625	45.08254623413086	91.41101837158203	76.00830078125	36.422569274902344	12.562301635742188	514.2119140625	211.51727294921875	22.762510299682617	39.302642822265625	181.44493103027344	25.770648956298828	28.117013931274414	23.924636840820312	58.036338806152344	93.80736541748047	76.82875061035156	26.979999542236328	95.5545425415039	580.5448608398438	68.24235534667969	99.48580169677734	80.7538070678711	44.494869232177734	32.781158447265625	77.91999816894531	237.77926635742188	283.7218933105469	192.5513458251953	45.956275939941406	55.26240539550781		54.17584228515625	60.27254104614258	51.053932189941406	54.34605026245117	83.68421173095703	37.84113693237305	533.1653442382812	154.84133911132812	68.67184448242188	109.99310302734375	287.0693359375	45.11640930175781	164.23992919921875	68.87985229492188	42.76522445678711	57.1084098815918	56.78605651855469	40.26568603515625	95.82989501953125	41.49891662597656	47.34392547607422	129.88458251953125	116.72421264648438	74.80606842041016	36.70356750488281	134.88563537597656	111.2794418334961	124.30927276611328
2025-02-05	91.60675048828125	85.79930877685547	68.00885772705078	46.39675521850586	20.87592315673828	24.58529281616211	64.50113677978516	54.944820404052734	83.54639434814453	21.32756996154785	54.88317108154297	144.094482421875	56.72999954223633	36.39217758178711	72.32093048095703	54.02000045776367	11.182538986206055	64.65088653564453	40.87718963623047	87.70740509033203	70.48136138916016	51.48857116699219	51.37930679321289	116.49404907226562	21.77825927734375	37.45145797729492	51.279998779296875	59.52394485473633	155.93585205078125	225.32037353515625	237.03915405273438	38.02584457397461	99.08622741699219	90.40526580810547	83.869140625	100.27339935302734	51.3846321105957	63.706825256347656	59.54590606689453	100.20697784423828	47.094207763671875	92.31871795654297	80.47938537597656	35.52779769897461	12.870342254638672	522.4122924804688	214.92593383789062	23.18753433227539	40.36328125	187.7951202392578	26.249624252319336	28.385074615478516	24.47238540649414	60.19959259033203	94.13740539550781	77.20674896240234	29.350000381469727	100.51520538330078	592.5784301757812	69.67324829101562	101.75598907470703	83.45581817626953	44.51485061645508	33.23798370361328	76.08999633789062	244.76156616210938	292.4247131347656	198.0255126953125	48.25408935546875	57.479820251464844		54.794647216796875	64.63268280029297	52.644996643066406	54.634056091308594	85.78916931152344	38.73848342895508	544.1536865234375	163.17770385742188	70.52317810058594	111.88225555419922	293.8185119628906	45.64741134643555	171.2005615234375	69.51324462890625	43.25934600830078	58.301475524902344	59.03291702270508	43.111724853515625	100.3727035522461	42.80836868286133	50.35467529296875	134.19058227539062	115.95183563232422	75.55097961425781	37.327362060546875	144.09735107421875	112.90023803710938	129.4398956298828
2025-03-05	92.54539489746094	86.07050323486328	68.6811752319336	45.7610969543457	21.120893478393555	23.77294158935547	65.28091430664062	54.99296188354492	84.08251190185547	21.785158157348633	53.74539566040039	146.86911010742188	57.900001525878906	35.963138580322266	72.56890869140625	55.16999816894531	11.055241584777832	67.3224868774414	42.849327087402344	88.90132141113281	74.05615997314453	52.9720573425293	50.778099060058594	106.1479263305664	21.429731369018555	38.73378372192383	48.93000030517578	60.404727935791016	151.1780548095703	204.76258850097656	224.830078125	36.58085632324219	99.81927490234375	91.97761535644531	80.22351837158203	99.01129913330078	51.28417205810547	63.89897537231445	62.47343826293945	101.17350006103516	54.635501861572266	90.20732879638672	82.5678482055664	33.51821517944336	12.754827499389648	497.7815856933594	204.7593231201172	23.7353458404541	40.775753021240234	185.2511444091797	26.343538284301758	26.627763748168945	24.65334129333496	61.733890533447266	94.44049072265625	77.67974090576172	29.770000457763672	95.87997436523438	571.826171875	67.23287963867188	102.475341796875	84.47288513183594	44.917396545410156	33.32674789428711	71.41999816894531	226.00210571289062	264.6611633300781	185.32003784179688	50.28382873535156	59.908409118652344		55.41604995727539	69.4297866821289	53.355865478515625	54.96878433227539	88.21224212646484	39.120330810546875	525.3303833007812	156.46339416503906	71.77018737792969	113.196044921875	281.4760437011719	46.01072311401367	168.11550903320312	66.02544403076172	44.57697677612305	58.74934387207031	61.30858612060547	42.61317825317383	99.34469604492188	40.65916442871094	48.9223747253418	130.99046325683594	109.70343017578125	78.73117065429688	36.8988037109375	145.29129028320312	104.15081024169922	116.59358215332031
2025-04-04	93.68882751464844	86.39164733886719	69.5469741821289	46.305992126464844	21.55476951599121	23.22614860534668	67.21482849121094	51.04494857788086	81.96654510498047	21.4279842376709	49.714969635009766	128.87811279296875	60.150001525878906	33.558990478515625	70.30260467529297	57.2599983215332	10.859400749206543	60.343997955322266	38.293331146240234	91.07194519042969	65.95833587646484	48.41563415527344	49.60431671142578	92.73303985595703	21.137723922729492	34.67937088012695	49.189998626708984	53.282684326171875	134.34100341796875	178.3671112060547	189.4838104248047	34.57499313354492	88.7464599609375	82.63140869140625	66.43138885498047	86.24590301513672	46.03738021850586	63.86054611206055	60.28020095825195	101.51649475097656	48.59080505371094	77.66729736328125	72.73344421386719	31.9301815032959	12.215755462646484	419.7348327636719	172.97161865234375	21.474641799926758	34.038719177246094	160.29071044921875	23.956321716308594	22.43111228942871	25.033464431762695	55.80636978149414	94.80398559570312	78.26539611816406	27.079999923706055	81.33988952636719	497.0354309082031	58.45480728149414	103.98917388916016	86.78608703613281	41.84386444091797	32.20069885253906	67.91999816894531	196.89234924316406	225.5281982421875	164.35643005371094	45.12035369873047	54.01646423339844		56.53387451171875	62.01466369628906	54.830535888671875	55.464508056640625	79.5818099975586	37.23972702026367	457.49371337890625	132.4806671142578	63.567501068115234	103.26118469238281	244.24652099609375	46.58663558959961	152.18682861328125	55.31169509887695	40.85936737060547	57.556697845458984	55.328556060791016	37.87520980834961	85.65571594238281	37.65801239013672	43.222930908203125	115.77490234375	90.45330810546875	75.3271255493164	35.74121856689453	131.82154846191406	90.299072265625	102.11036682128906
2025-05-05	92.40585327148438	86.66755676269531	68.6178970336914	46.54520034790039	22.244518280029297	23.6210880279541	61.388614654541016	57.22696304321289	82.8828125	22.418954849243164	56.87910079956055	149.46726989746094	65.91999816894531	36.35237503051758	72.27410888671875	62.790000915527344	11.515470504760742	69.12891387939453	45.26351547241211	89.44874572753906	75.93363952636719	54.09912109375	54.49985885620117	100.23949432373047	23.219470977783203	40.66670608520508	54.31999969482422	62.17576217651367	160.09523010253906	195.84056091308594	216.95216369628906	35.297489166259766	100.76451873779297	86.44996643066406	78.30684661865234	97.32530212402344	49.536094665527344	68.83719635009766	63.903385162353516	100.03158569335938	51.894981384277344	85.54058074951172	81.3324203491211	29.854284286499023	11.984724044799805	482.5555114746094	198.61761474609375	23.29741859436035	37.210819244384766	176.7483367919922	24.449092864990234	25.79031753540039	24.792837142944336	64.47846984863281	95.12043762207031	78.35810089111328	29.479999542236328	96.31939697265625	554.3153076171875	65.18030548095703	102.91719055175781	81.84248352050781	46.090179443359375	33.132423400878906	62.369998931884766	216.5413818359375	253.61251831054688	178.0001678466797	51.66093063354492	61.314945220947266		56.038516998291016	70.84664916992188	51.99876403808594	55.46188735961914	84.60057067871094	41.61188888549805	509.0589904785156	149.27357482910156	73.92735290527344	117.80864715576172	272.5078125	46.62397384643555	162.61126708984375	64.10639190673828	45.39821243286133	58.071529388427734	62.85977554321289	40.99744415283203	95.88765716552734	38.489967346191406	48.34709930419922	132.17811584472656	106.86556243896484	78.23614501953125	38.14857864379883	134.6084442138672	98.45013427734375	118.14608764648438
2025-06-05	92.71111297607422	86.97663879394531	68.844970703125	46.59876251220703	22.285320281982422	23.86557388305664	60.748477935791016	60.192787170410156	84.55262756347656	22.81563949584961	58.43148422241211	158.74217224121094	66.4800033569336	38.04184341430664	73.35720825195312	63.290000915527344	12.582804679870605	72.1047592163086	47.97572708129883	89.48658752441406	78.86363983154297	56.1124267578125	56.66611099243164	104.25728607177734	24.03898048400879	42.80705642700195	54.18000030517578	64.14569091796875	178.94924926757812	205.28114318847656	232.81455993652344	36.35270309448242	105.16276550292969	83.95960998535156	84.92626953125	102.92281341552734	50.161556243896484	70.0477294921875	64.17391204833984	101.16224670410156	53.44016647338867	89.0431137084961	84.56806945800781	32.39856719970703	12.408281326293945	521.1456298828125	214.39825439453125	23.56324005126953	38.42859649658203	181.77761840820312	24.856578826904297	27.638872146606445	24.77764320373535	67.87106323242188	95.45977783203125	78.4548568725586	32.45000076293945	104.50080871582031	583.373291015625	68.59221649169922	102.90969848632812	81.40328216552734	48.074729919433594	33.6507682800293	69.93000030517578	225.93447875976562	267.19305419921875	184.11264038085938	53.959747314453125	63.58729553222656		56.0894889831543	73.86060333251953	51.76538848876953	55.53288269042969	84.53440856933594	42.537872314453125	535.6917724609375	158.99061584472656	76.87905883789062	124.5981216430664	286.7613830566406	46.61463928222656	166.13131713867188	69.16362762451172	46.581417083740234	59.25601577758789	65.32524871826172	42.578006744384766	100.55193328857422	39.14501953125	49.53034591674805	141.08163452148438	117.11763000488281	78.17855072021484	38.76240921020508	129.70703125	103.46924591064453	124.22010040283203
2025-07-03	93.66653442382812	87.29637145996094	69.52202606201172	46.87726593017578	22.702987670898438	24.393415451049805	61.608760833740234	63.29289245605469	86.7007827758789	23.399477005004883	62.71699905395508	163.92681884765625	66.04000091552734	39.86444091796875	74.68865203857422	62.869998931884766	13.686495780944824	73.7292709350586	48.52885818481445	90.2468032836914	80.66820526123047	59.11029815673828	57.29910659790039	111.21914672851562	25.684484481811523	43.24641799926758	55.790000915527344	65.79081726074219	185.6990966796875	220.211669921875	247.25018310546875	38.82640075683594	109.54651641845703	85.0304946899414	92.38239288330078	108.05746459960938	51.59490966796875	72.0022964477539	64.45694732666016	102.94103240966797	53.703338623046875	95.5647201538086	86.15028381347656	33.75890350341797	12.822211265563965	552.9776611328125	227.5330047607422	23.86478042602539	41.109657287597656	187.942626953125	26.172414779663086	29.26767921447754	25.026588439941406	70.63600158691406	95.79943084716797	78.76296997070312	33.5099983215332	111.39029693603516	616.9549560546875	72.55351257324219	103.94113159179688	82.19844055175781	50.37104415893555	34.28617477416992	75.19000244140625	239.2594451904297	279.9406433105469	196.9430694580078	55.47474670410156	65.52738952636719		56.45693588256836	75.24742126464844	52.27530288696289	55.745384216308594	85.91846466064453	44.3611946105957	567.047607421875	168.75234985351562	79.64710998535156	130.3059844970703	303.7082824707031	46.8624153137207	175.1453094482422	73.27384185791016	48.651851654052734	60.60383987426758	67.40735626220703	44.662139892578125	106.34764862060547	41.950706481933594	52.19245529174805	147.12339782714844	127.66027069091797	79.4398193359375	39.519248962402344	132.66622924804688	109.5110855102539	129.54135131835938
2025-08-05	94.72547149658203	87.58180236816406	70.31578063964844	47.07427215576172	22.311473846435547	24.241962432861328	63.03605651855469	62.64338684082031	87.73584747314453	23.28446388244629	61.6341552734375	164.94512939453125	66.91000366210938	39.6417350769043	74.91648864746094	63.689998626708984	13.44898509979248	73.284423828125	49.198486328125	91.47798919677734	79.94424438476562	59.22731018066406	58.191829681396484	108.996337890625	24.247928619384766	43.446807861328125	52.40999984741211	66.6156005859375	196.31271362304688	218.01036071777344	252.16810607910156	38.55562973022461	108.27613067626953	83.12910461425781	94.19381713867188	110.63211059570312	50.9577522277832	74.28436279296875	63.08988571166992	104.15774536132812	56.784996032714844	95.515380859375	84.29304504394531	33.94246292114258	12.523797035217285	557.0040893554688	229.2028045654297	23.778696060180664	50.66524887084961	185.4279022216797	25.58867835998535	29.705398559570312	25.327512741088867	71.15837097167969	96.14497375488281	79.25165557861328	34.349998474121094	113.59809875488281	619.5496826171875	72.86909484863281	105.17325592041016	83.80294799804688	50.994911193847656	34.42076873779297	75.0199966430664	237.468994140625	279.6125183105469	194.17031860351562	55.16450881958008	65.28494262695312		57.099952697753906	73.75698852539062	53.28837585449219	56.09914016723633	86.12844848632812	44.00798416137695	569.1473388671875	171.96263122558594	80.6042709350586	130.66282653808594	304.8224792480469	47.28604507446289	172.77597045898438	74.55205535888672	48.788021087646484	61.37419509887695	67.18424224853516	43.25437927246094	105.63892364501953	41.21803283691406	50.73040008544922	148.49205017089844	129.23020935058594	77.78683471679688	41.71638107299805	129.72900390625	108.37246704101562	128.3016815185547
2025-09-05	95.85187530517578	87.93822479248047	71.12263488769531	47.111812591552734	22.47999382019043	24.96136474609375	63.12995910644531	64.85364532470703	89.60627746582031	23.679250717163086	62.824302673339844	166.74447631835938	71.18000030517578	41.336238861083984	75.89241027832031	67.76000213623047	14.52767562866211	76.10826110839844	50.642967224121094	92.77467346191406	82.86903381347656	61.21650695800781	58.094791412353516	117.16958618164062	26.378662109375	44.41059875488281	52.47999954223633	69.80924224853516	196.89906311035156	234.7128143310547	259.57489013671875	39.31958770751953	111.61822509765625	87.00084686279297	94.55015563964844	118.48186492919922	52.095401763916016	72.33387756347656	64.52530670166016	105.73115539550781	60.21015167236328	97.21238708496094	89.04914855957031	33.254554748535156	12.629685401916504	572.7020874023438	235.713134765625	24.48651123046875	59.828006744384766	197.78451538085938	26.449928283691406	30.64052963256836	25.649124145507812	73.27687072753906	96.50901794433594	79.758544921875	37.209999084472656	115.8851089477539	638.5612182617188	75.09786987304688	106.59252166748047	84.34059143066406	53.01175308227539	34.88771057128906	72.62999725341797	251.36947631835938	295.4609069824219	205.94471740722656	57.16167449951172	67.63179016113281		57.773094177246094	76.04103088378906	53.71195983886719	56.46226501464844	88.25685119628906	44.99124526977539	586.5071411132812	183.52955627441406	83.92048645019531	135.8611602783203	315.066650390625	47.7473258972168	177.99240112304688	76.69234466552734	50.548519134521484	62.577247619628906	69.62872314453125	44.950531005859375	112.89348602294922	42.10977554321289	52.07470703125	148.61019897460938	130.59144592285156	78.17350769042969	40.306358337402344	135.01605224609375	116.392333984375	132.55625915527344
2025-10-03	96.2404556274414	88.1987533569336	71.38844299316406	47.221595764160156	22.423458099365234	26.223186492919922	64.55867767333984	66.27867889404297	90.4050521850586	23.909530639648438	67.16542053222656	172.7158660888672	76.91999816894531	42.81513977050781	76.22193908691406	73.22000122070312	15.81418514251709	78.85474395751953	52.159889221191406	92.69292449951172	85.75521087646484	65.26315307617188	59.783199310302734	118.54786682128906	27.352436065673828	45.95647430419922	52.45000076293945	71.56430053710938	209.02487182617188	243.3574981689453	273.496826171875	40.431678771972656	113.96355438232422	91.25680541992188	103.75572967529297	118.78191375732422	52.65768814086914	76.86876678466797	62.513763427734375	106.48039245605469	65.31354522705078	99.75788116455078	91.33875274658203	32.8767204284668	12.851090431213379	600.3591918945312	247.1178741455078	24.779672622680664	72.03519439697266	205.752685546875	26.481111526489258	31.953941345214844	25.620603561401367	75.1728744506836	96.82344818115234	79.87998962402344	43.52000045776367	119.08236694335938	662.0672607421875	77.8809585571289	106.38984680175781	85.4178237915039	53.69913101196289	35.09206008911133	71.70999908447266	254.475341796875	301.0890808105469	207.06744384765625	59.48114776611328	70.78299713134766	75.005126953125	57.681358337402344	78.93852233886719	54.26154708862305	56.568077087402344	88.08806610107422	45.73584747314453	608.2927856445312	183.57313537597656	87.30608367919922	139.62913513183594	326.244873046875	47.67022705078125	183.77696228027344	79.90076446533203	53.5677604675293	63.10818099975586	72.77776336669922	44.132484436035156	114.9664077758789	43.22264099121094	52.886043548583984	152.6648406982422	141.63351440429688	75.94578552246094	43.22224426269531	142.43978881835938	117.96142578125	134.50257873535156
2025-11-05	96.2557373046875	88.490966796875	71.40107727050781	47.526206970214844	22.03542709350586	26.822628021240234	64.4446792602539	66.76338195800781	91.21725463867188	23.9461612701416	70.36517333984375	170.7484588623047	78.87000274658203	42.131813049316406	76.03260040283203	75.05000305175781	17.912189483642578	77.6845932006836	51.73762130737305	92.7532958984375	84.70306396484375	66.37476348876953	59.540611267089844	117.03739929199219	28.817914962768555	45.559505462646484	54.29999923706055	71.35331726074219	208.945068359375	242.21905517578125	280.1733093261719	40.08354568481445	112.19477844238281	90.29134368896484	107.239990234375	117.55265808105469	52.4597282409668	78.03905487060547	62.2403564453125	105.71700286865234	62.18281173706055	99.53096008300781	87.63410949707031	32.56005096435547	13.072494506835938	620.365234375	255.3378448486328	24.32615089416504	62.636741638183594	203.3859100341797	25.669578552246094	32.86008834838867	25.593521118164062	73.1220932006836	97.15912628173828	80.03717041015625	43.650001525878906	118.76505279541016	670.3478393554688	78.85038757324219	106.28404998779297	85.32357025146484	54.632598876953125	34.986061096191406	71.02999877929688	250.547607421875	299.744873046875	202.44851684570312	59.13045883178711	70.58809661865234	76.7877426147461	57.749202728271484	77.59943389892578	54.23365020751953	56.67301559448242	86.02606201171875	44.77168273925781	615.7667236328125	182.45428466796875	88.78568267822266	136.64280700683594	329.39886474609375	47.67022705078125	181.50341796875	81.98857879638672	53.57753372192383	63.71649932861328	72.47557067871094	41.85366439819336	112.03273010253906	42.498291015625	51.78342819213867	151.46852111816406	146.79205322265625	73.91162109375	43.193077087402344	143.2659912109375	119.54840087890625	135.4960174560547
2025-12-05	96.7226791381836	88.7920150756836	71.74604034423828	47.33802795410156	22.065744400024414	27.288860321044922	63.50407028198242	65.88121795654297	92.22040557861328	24.31275749206543	70.13104248046875	172.1622314453125	83.19000244140625	44.08416748046875	76.88134765625	79.13999938964844	16.6949520111084	79.59938049316406	52.58216857910156	93.3279800415039	86.21854400634766	65.75070190429688	60.16163635253906	120.07808685302734	29.560298919677734	46.395423889160156	53.970001220703125	71.9383316040039	201.90277099609375	248.24783325195312	278.8479309082031	41.80486297607422	115.07759094238281	95.2369155883789	105.42857360839844	122.00505828857422	53.695552825927734	77.21009826660156	63.75388717651367	106.59916687011719	61.495819091796875	103.7833251953125	92.53760528564453	32.55165481567383	13.370909690856934	622.5548706054688	256.28326416015625	24.3743953704834	70.8567123413086	204.3424835205078	26.770946502685547	32.850128173828125	25.643875122070312	74.91169738769531	97.5009765625	80.35545349121094	52.95000076293945	119.83599090576172	678.3712768554688	79.79014587402344	106.46722412109375	84.86785125732422	55.034122467041016	35.38531494140625	71.91999816894531	256.7747802734375	305.05194091796875	208.6463165283203	60.43580627441406	71.62113189697266	76.44316101074219	58.0726203918457	79.58866119384766	54.080780029296875	56.90966033935547	86.60419464111328	45.09625244140625	623.2999267578125	192.67257690429688	89.29186248779297	139.3964385986328	333.7491760253906	47.82280349731445	186.5503387451172	82.00018310546875	53.186458587646484	64.30278778076172	73.47960662841797	43.307395935058594	115.69734954833984	44.647029876708984	52.84666061401367	152.8329315185547	145.8518829345703	76.36431121826172	42.099273681640625	150.74105834960938	118.75491333007812	137.6617431640625
2026-01-05	97.05548858642578	89.04974365234375	71.96613311767578	47.36680603027344	22.125675201416016	28.105531692504883	62.75211715698242	68.17124938964844	92.70243835449219	24.720169067382812	74.97541809082031	179.76564025878906	88.0	46.23579788208008	77.37003326416016	83.70999908447266	17.084144592285156	82.9972915649414	55.90209197998047	93.53377532958984	89.94750213623047	69.1445541381836	60.97191619873047	121.88553619384766	31.073575973510742	48.97267150878906	54.290000915527344	74.30772399902344	225.91244506835938	251.02708435058594	275.8971862792969	42.780372619628906	122.10809326171875	96.88090515136719	106.56249237060547	121.07954406738281	54.13161849975586	77.99681091308594	63.512081146240234	106.64362335205078	62.257381439208984	104.8499984741211	98.1647720336914	31.81418228149414	13.529999732971191	615.8923950195312	253.52052307128906	24.550992965698242	79.70999908447266	206.4355010986328	27.239940643310547	32.62294006347656	25.660303115844727	78.07102966308594	97.77621459960938	80.71985626220703	69.08000183105469	119.7010269165039	682.3900146484375	80.28189849853516	106.51736450195312	84.51207733154297	56.1461067199707	35.61503601074219	70.22000122070312	262.4196472167969	310.5889892578125	213.90277099609375	63.35040283203125	74.850341796875	80.06525421142578	58.289817810058594	83.48527526855469	54.00801467895508	57.17183303833008	86.26647186279297	46.34000015258789	627.0269165039062	193.40989685058594	93.37999725341797	144.9832763671875	335.96502685546875	47.88222122192383	191.7427520751953	81.14704895019531	55.11928176879883	64.60427856445312	76.78485107421875	45.9893798828125	116.68630981445312	45.978763580322266	55.451759338378906	158.5846710205078	144.10020446777344	75.88793182373047	41.826942443847656	153.1411590576172	119.55674743652344	140.32791137695312
2026-02-05	97.40072631835938	89.30701446533203	72.24340057373047	47.63328552246094	22.280643463134766	28.93799591064453	62.94448471069336	70.94380950927734	93.09285736083984	25.083633422851562	79.21031188964844	187.25132751464844	95.20999908447266	49.7946662902832	77.41602325439453	90.52999877929688	18.0615234375	84.72127532958984	56.03944396972656	93.54681396484375	92.07271575927734	71.29727172851562	64.01902770996094	127.3802490234375	34.77634048461914	49.31873321533203	52.95000076293945	77.11738586425781	225.61318969726562	254.106201171875	259.9677734375	47.33861541748047	119.3277587890625	97.68378448486328	101.9080581665039	121.30796813964844	55.18103790283203	80.48323822021484	70.06390380859375	107.06763458251953	59.70429992675781	103.69000244140625	105.34201049804688	34.27432632446289	14.119999885559082	595.0036010742188	244.95126342773438	25.39352798461914	81.66000366210938	202.28887939453125	30.226476669311523	30.360363006591797	25.7569522857666	80.41828155517578	98.0577392578125	80.93445587158203	66.69000244140625	115.32728576660156	672.3683471679688	79.0814437866211	106.90413665771484	84.85472869873047	57.886085510253906	35.66685104370117	76.69000244140625	266.3712463378906	303.3411560058594	223.412841796875	65.2821273803711	76.71441650390625	83.16246795654297	58.38859558105469	84.9937515258789	54.19779968261719	57.34233474731445	88.30839538574219	48.43000030517578	617.7472534179688	190.11190795898438	98.87000274658203	150.15521240234375	331.0669250488281	48.056339263916016	199.42625427246094	76.23452758789062	55.866966247558594	64.88249206542969	78.71067810058594	49.85967254638672	115.16021728515625	51.19538116455078	52.64607238769531	167.0372314453125	135.1425323486328	85.27704620361328	42.2187614440918	152.94361877441406	116.78398132324219	141.11402893066406
2026-03-05	97.8711929321289	89.5542984008789	72.58032989501953	47.7696418762207	22.08376693725586	29.978574752807617	64.85859680175781	69.01593017578125	93.420166015625	24.71592903137207	79.74712371826172	190.1243133544922	100.37999725341797	52.626033782958984	77.36101531982422	95.5199966430664	17.742380142211914	84.4454345703125	55.96095657348633	94.24745178222656	91.1478500366211	70.3250732421875	66.36600494384766	126.61654663085938	33.719818115234375	48.82435989379883	50.369998931884766	77.36471557617188	239.4384765625	255.02993774414062	263.58856201171875	51.54166793823242	114.82203674316406	96.2267074584961	105.30400085449219	119.95723724365234	55.868560791015625	85.50542449951172	68.40371704101562	107.46525573730469	55.81011199951172	103.79000091552734	107.55952453613281	40.053382873535156	15.800000190734863	606.84326171875	249.82379150390625	26.128293991088867	93.4000015258789	196.46176147460938	30.509511947631836	30.868696212768555	25.911592483520508	80.19144439697266	98.3332748413086	80.98551940917969	74.2699966430664	118.93561553955078	676.02978515625	79.53780364990234	107.54231262207031	86.41179656982422	56.50749206542969	35.60135269165039	96.30999755859375	268.5104675292969	312.4233703613281	221.54039001464844	65.17314910888672	76.14924621582031	82.64134216308594	58.625732421875	83.1130599975586	55.07380294799805	57.380828857421875	91.96440887451172	47.7599983215332	621.4254760742188	191.462890625	99.83000183105469	149.69857788085938	333.14910888671875	48.24013137817383	199.30804443359375	77.13662719726562	54.68063735961914	65.10074615478516	78.14484405517578	50.185489654541016	117.37007141113281	55.38239669799805	50.6109733581543	170.69801330566406	139.67617797851562	83.79560089111328	45.941070556640625	152.0250244140625	115.82991027832031	146.4974822998047
2026-04-02	97.21509552001953	89.81303405761719	72.08303833007812	47.27015686035156	21.615421295166016	30.15674591064453	63.01239013671875	68.7873764038086	91.52754974365234	24.29390525817871	77.9676742553711	183.3046875	92.4800033569336	54.69755935668945	77.23143768310547	87.94000244140625	18.00168228149414	83.10565948486328	55.099544525146484	93.3367691040039	89.93766784667969	69.00566864013672	66.74072265625	124.60137176513672	35.17129898071289	48.250885009765625	46.650001525878906	76.54358673095703	221.49757385253906	250.040771484375	250.55662536621094	55.7249870300293	113.17552185058594	93.2828140258789	101.50853729248047	114.21660614013672	54.2030143737793	86.3835678100586	66.50635528564453	106.53028869628906	55.47235107421875	96.55999755859375	106.282470703125	46.16304397583008	17.520000457763672	583.7295532226562	240.32797241210938	25.17458724975586	88.9000015258789	185.0958709716797	30.078609466552734	29.35976791381836	25.812137603759766	77.90335845947266	98.63996887207031	80.90433502197266	65.79000091552734	114.37761688232422	652.5244140625	76.7713394165039	107.14586639404297	84.80286407470703	56.693603515625	35.55449295043945	137.9199981689453	263.0987548828125	306.7222595214844	216.64967346191406	64.14289855957031	75.05233001708984	80.36151885986328	58.2213249206543	81.8978042602539	54.06916046142578	57.31831741333008	88.67259216308594	44.81999969482422	599.6970825195312	181.37196350097656	98.44000244140625	145.6186065673828	322.0187072753906	48.378482818603516	195.1204833984375	73.51641845703125	53.6538200378418	63.807044982910156	76.99374389648438	49.99215316772461	111.044189453125	58.47816848754883	49.18303298950195	162.93017578125	135.6697235107422	80.79434967041016	45.70987319946289	145.6081085205078	107.69772338867188	147.14788818359375
2026-05-05	97.08773040771484	90.08828735351562	71.98697662353516	47.31242752075195	21.90567970275879	30.584571838378906	61.72761535644531	77.29386901855469	93.4371337890625	24.687664031982422	93.20731353759766	194.05105590820312	90.12999725341797	54.32257843017578	77.9874267578125	85.69000244140625	21.23301124572754	86.73094177246094	58.24498748779297	92.92676544189453	93.89291381835938	79.51128387451172	67.05628204345703	137.19760131835938	35.882232666015625	51.12813949584961	49.15999984741211	79.51153564453125	214.9697265625	281.15533447265625	281.00274658203125	55.76445388793945	118.63760375976562	91.52836608886719	124.80066680908203	122.19190979003906	54.676361083984375	86.51183319091797	67.68231964111328	106.48722076416016	56.843265533447266	99.91999816894531	108.09410858154297	51.653282165527344	18.59000015258789	680.1530151367188	280.0001525878906	26.759689331054688	103.83000183105469	195.4176483154297	31.190811157226562	33.1519889831543	26.00178337097168	82.51898193359375	98.93282318115234	80.97591400146484	65.91000366210938	137.4445343017578	720.1220092773438	84.72794342041016	107.94005584716797	83.78224182128906	59.7018928527832	35.923309326171875	144.1699981689453	284.998779296875	341.08642578125	230.08001708984375	68.44953155517578	80.69268035888672	91.02765655517578	58.06134033203125	85.48982238769531	53.53226852416992	57.37617492675781	94.10713958740234	47.0099983215332	661.6668701171875	194.4857177734375	108.98999786376953	157.26292419433594	355.0699768066406	48.73655700683594	204.56004333496094	84.13233184814453	59.17671585083008	65.04815673828125	82.88652801513672	51.102867126464844	114.95111083984375	58.675559997558594	51.228607177734375	171.52586364746094	165.2399139404297	82.93531036376953	45.739463806152344	144.1104736328125	117.57623291015625	162.2105712890625
2026-06-05	96.82147979736328	90.37320709228516	71.82550811767578	47.543128967285156	21.563404083251953	30.504976272583008	61.932010650634766	73.21949768066406	93.71529388427734	24.61678695678711	93.34648895263672	191.69500732421875	85.41999816894531	51.69772720336914	77.90603637695312	81.22000122070312	21.262929916381836	86.91812133789062	57.04202651977539	92.34146881103516	94.02081298828125	78.0033950805664	65.26154327392578	136.77044677734375	32.72254180908203	51.118255615234375	47.34000015258789	79.76875305175781	229.0235595703125	280.2498474121094	287.5312194824219	53.52479934692383	119.97847747802734	94.7894515991211	135.12831115722656	118.24894714355469	54.10355758666992	82.73285675048828	66.61505889892578	106.41865539550781	54.081565856933594	102.05000305175781	107.49022674560547	49.785465240478516	17.459999084472656	703.5529174804688	289.7086486816406	26.74984359741211	88.58999633789062	193.29959106445312	31.791202545166016	33.68090057373047	25.896728515625	82.37104034423828	99.2472915649414	80.88961791992188	61.56999969482422	143.82432556152344	733.83251953125	86.33915710449219	107.40563201904297	83.74748229980469	57.529624938964844	35.931053161621094	133.02000427246094	286.4998779296875	341.4657287597656	232.25067138671875	68.6380615234375	80.56358337402344	90.11906433105469	57.778995513916016	85.74568176269531	53.47627639770508	57.33146667480469	95.11936950683594	43.959999084472656	674.2974853515625	187.72471618652344	109.51000213623047	153.26235961914062	361.42559814453125	48.688167572021484	210.00784301757812	85.74891662597656	57.8508186340332	65.24056243896484	82.5089111328125	50.2103271484375	111.01436614990234	56.91874694824219	51.93362808227539	173.28677368164062	179.8753662109375	82.32361602783203	43.74693298339844	151.75735473632812	114.3796615600586	164.11460876464844
2026-07-02	97.58174896240234	90.62837982177734	72.34209442138672	47.88063430786133	21.547622680664062	30.329999923706055	62.63011169433594	74.86000061035156	94.8947525024414	25.061405181884766	96.9800033569336	200.4199981689453	81.54000091552734	49.4850959777832	78.54307556152344	77.51000213623047	19.670000076293945	89.55999755859375	59.83268737792969	93.14093780517578	97.30000305175781	79.83999633789062	66.87000274658203	145.9521942138672	33.689998626708984	52.52000045776367	49.560001373291016	82.02999877929688	247.9026336669922	296.8048095703125	283.1596374511719	49.25	127.7699966430664	101.54000091552734	136.5	114.63999938964844	55.644466400146484	85.51000213623047	69.08000183105469	107.2566909790039	50.90999984741211	106.29000091552734	107.77999877929688	42.502201080322266	15.869999885559082	711.8582153320312	293.1106872558594	27.742137908935547	86.72000122070312	195.1199951171875	32.13368225097656	34.08523941040039	25.936935424804688	83.4800033569336	99.53006744384766	81.20404815673828	55.02000045776367	150.58436584472656	742.9351806640625	87.43512725830078	107.54090118408203	84.5014877319336	57.07101058959961	36.240177154541016	103.9800033569336	299.4598083496094	357.5513000488281	242.16078186035156	70.63529968261719	82.78656768798828	94.26728820800781	58.20130920410156	89.12804412841797	54.024349212646484	57.54698944091797	97.17716217041016	45.33000183105469	683.0836181640625	187.50808715820312	111.95999908447266	154.8197784423828	367.83172607421875	48.64017868041992	218.16055297851562	85.41444396972656	58.92765426635742	65.9799575805664	84.6869888305664	51.77174377441406	109.2399673461914	52.9055290222168	55.42384338378906	183.41705322265625	180.37950134277344	84.4346923828125	45.42598342895508	163.11573791503906	116.86261749267578	162.86622619628906
2026-08-05	97.0279541015625	90.88910675048828	71.94993591308594	47.7514533996582	21.821426391601562	30.700000762939453	59.828575134277344	73.44000244140625	94.2911148071289	25.318599700927734	95.08999633789062	205.27999877929688	84.02999877929688	52.22709274291992	78.73626708984375	79.8499984741211	18.100000381469727	92.33999633789062	61.881141662597656	92.6563491821289	100.04000091552734	79.95999908447266	66.05999755859375	148.40333557128906	35.09000015258789	53.150001525878906	50.310001373291016	84.91999816894531	251.98788452148438	298.9891052246094	289.3845520019531	53.43000030517578	134.74000549316406	101.08000183105469	139.9199981689453	117.68000030517578	56.7923583984375	82.70999908447266	69.30000305175781	105.83710479736328	56.0099983215332	111.30999755859375	111.79000091552734	44.73339080810547	16.979999542236328	716.5533447265625	295.0386657714844	28.138736724853516	72.45999908447266	203.94000244140625	33.3737907409668	35.41388702392578	25.795330047607422	85.91999816894531	99.8443374633789	81.41361999511719	56.06999969482422	150.02528381347656	767.8831787109375	90.36724853515625	107.0	82.35149383544922	59.938232421875	36.35246658325195	114.87999725341797	302.1917724609375	352.83551025390625	248.7718505859375	72.17150115966797	84.37286376953125	94.01869201660156	58.05879592895508	91.62183380126953	52.817073822021484	57.68806457519531	98.06942749023438	46.16999816894531	705.78515625	186.1405792236328	113.05999755859375	156.51658630371094	378.69427490234375	48.7088508605957	222.95835876464844	88.64122009277344	59.89580535888672	65.49794006347656	86.35398864746094	52.398860931396484	110.50580596923828	56.97136306762695	57.79545211791992	185.8505096435547	185.69329833984375	84.77247619628906	43.34131622314453	163.5341339111328	118.3792724609375	158.9727783203125
2026-09-04	96.65731048583984	91.18754577636719	71.69461059570312	47.33458709716797	21.885478973388672	31.440000534057617	59.47344970703125	77.2699966430664	94.00826263427734	25.487552642822266	101.12000274658203	197.3800048828125	87.7300033569336	56.409629821777344	78.80936431884766	83.38999938964844	17.770000457763672	93.41000366210938	63.104248046875	91.93289184570312	101.08000183105469	83.6500015258789	65.08000183105469	144.81629943847656	36.06999969482422	54.2599983215332	49.90999984741211	87.13999938964844	225.34877014160156	295.2389221191406	289.0548400878906	58.40999984741211	136.1999969482422	104.9000015258789	142.9199981689453	118.30000305175781	56.8729362487793	81.6500015258789	68.31999969482422	105.02682495117188	54.90999984741211	111.7300033569336	115.29000091552734	52.10054397583008	19.010000228881836	718.2116088867188	295.7579040527344	27.167068481445312	75.66000366210938	196.4199981689453	34.52460861206055	35.493804931640625	25.78241729736328	87.56999969482422	100.16963195800781	81.44754791259766	59.81999969482422	149.47616577148438	768.2822265625	90.42708587646484	106.97000122070312	81.8802261352539	60.91584777832031	36.384517669677734	141.9600067138672	299.13079833984375	349.1288146972656	246.03382873535156	73.5780258178711	86.20857238769531	97.91666412353516	57.73676300048828	91.5121078491211	52.564205169677734	57.7358512878418	95.1943588256836	45.27000045776367	706.1941528320312	188.5861053466797	118.41999816894531	161.03811645507812	378.77410888671875	48.787330627441406	225.41697692871094	88.36148834228516	61.32308578491211	65.33087921142578	88.25055694580078	52.19977569580078	111.6619873046875	63.68147277832031	57.89509963989258	174.80020141601562	187.06170654296875	84.02737426757812	42.76554870605469	170.7963409423828	114.65747833251953	154.02108764648438
2026-10-05	94.12999725341797	91.44000244140625	69.87999725341797	46.790000915527344	21.139999389648438	33.130001068115234	54.220001220703125	77.08000183105469	90.33999633789062	24.690000534057617	102.75	191.97999572753906	81.9000015258789	53.45000076293945	76.9800033569336	77.81999969482422	17.290000915527344	89.6500015258789	61.58000183105469	88.91999816894531	97.12000274658203	83.58000183105469	62.0099983215332	139.02000427246094	37.86000061035156	53.15999984741211	46.56999969482422	86.19999694824219	206.97999572753906	283.3800048828125	301.8999938964844	58.400001525878906	127.0199966430664	101.47000122070312	152.86000061035156	118.91000366210938	56.290000915527344	77.62999725341797	65.30000305175781	101.83000183105469	52.279998779296875	107.76000213623047	108.76000213623047	55.720001220703125	19.25	756.2000122070312	311.3999938964844	25.530000686645508	63.540000915527344	186.2760009765625	32.720001220703125	36.720001220703125	25.079999923706055	84.33999633789062	100.44999694824219	81.08000183105469	55.130001068115234	153.16000366210938	774.8300170898438	91.22000122070312	103.9800033569336	77.11000061035156	58.852901458740234	35.540000915527344	143.99000549316406	290.95001220703125	347.6000061035156	234.8800048828125	71.12999725341797	83.87999725341797	98.16000366210938	56.5099983215332	86.27999877929688	49.68000030517578	57.459999084472656	89.1500015258789	41.944400787353516	712.3200073242188	192.6699981689453	118.4000015258789	155.9600067138672	380.6000061035156	48.38999938964844	217.92999267578125	92.05999755859375	60.61000061035156	62.79999923706055	85.8499984741211	49.5	111.61000061035156	63.45000076293945	53.880001068115234	170.10000610351562	200.92999267578125	81.04000091552734	39.970001220703125	167.3699951171875	110.41999816894531	151.5500030517578
