	AGG	BIL	BND	BNDX	BWX	DBMF	EDV	EEMS	EMB	EMLC	EMXC	EXI	GLDM	GUNR	HYG	IAU	ICLN	IDEV	IDMO	IEF	IEFA	IEMG	IGF	IJR	ILF	IMTM	INDA	IPAC	ITA	IWM	IWY	IXC	IXG	IXJ	IXN	IXP	JEPI	JXI	KXI	LQD	MCHI	MOAT	MXI	OILK	PDBC	QQQ	QQQM	REET	REMX	RXI	SCHD	SCHG	SCHP	SCZ	SGOV	SHY	SLV	SPMO	SPY	SPYM	TIP	TLT	UEVM	USHY	USO	VB	VBK	VBR	VEA	VEU	VEXC	VGIT	VGK	VGLT	VGSH	VNQ	VNQI	VOO	VOX	VPL	VSS	VTI	VTIP	VTV	VUG	VWO	VWOB	VXUS	XLB	XLC	XLE	XLF	XLI	XLK	XLP	XLU	XLV	XLY	XMMO
2021-09-30	97.19319915771484	76.37164306640625	72.12979888916016	46.85957336425781	26.224868774414062	20.14238739013672	110.68523406982422	53.320091247558594	85.21736907958984	22.114158630371094	53.68868637084961	108.80988311767578	34.91999816894531	30.96078872680664	65.74803924560547	33.40999984741211	20.263702392578125	57.111602783203125	30.147321701049805	98.75369262695312	63.027549743652344	53.40286636352539	39.574405670166016	100.93521881103516	18.5537109375	31.750757217407227	45.356117248535156	56.261924743652344	100.19757843017578	205.63624572753906	148.43434143066406	21.986419677734375	68.09453582763672	78.12749481201172	54.86297607421875	77.30570983886719	38.45160675048828	50.584190368652344	53.153533935546875	108.44707489013672	60.296199798583984	69.05819702148438	73.4779281616211	25.188993453979492	10.665002822875977	347.4194641113281	142.5374755859375	23.32801628112793	92.3739242553711	155.64871215820312	20.70226287841797	18.083106994628906	25.142494201660156	63.981361389160156	83.3916015625	74.31166076660156	20.520000457763672	57.03623962402344	401.3757019042969	47.0706901550293	105.00414276123047	120.4990463256836	39.076133728027344	29.780487060546875	52.560001373291016	202.90577697753906	272.2265319824219	152.23150634765625	43.289825439453125	52.36302947998047		57.724754333496094	55.770286560058594	72.9160385131836	52.40614318847656	83.7802505493164	46.324790954589844	367.68011474609375	133.72463989257812	69.708984375	115.06626892089844	207.1540985107422	41.878360748291016	120.26685333251953	47.06136703491211	43.10750961303711	58.759925842285156	54.287471771240234	35.816368103027344	75.97340393066406	21.846210479736328	34.44110870361328	90.77195739746094	71.95201873779297	60.30397415161133	27.48426055908203	117.3567886352539	86.04473876953125	80.57105255126953
2021-10-31	97.18470764160156	76.36333465576172	72.18051147460938	46.652130126953125	26.107023239135742	20.9818058013916	114.58971405029297	53.75109100341797	85.35330963134766	21.812610626220703	53.82148742675781	113.55122375488281	35.459999084472656	32.813350677490234	65.5436782836914	33.93000030517578	23.651905059814453	59.14580154418945	31.78938865661621	98.31623077392578	64.94596862792969	53.982208251953125	41.18669509887695	104.51262664794922	17.533044815063477	33.318275451660156	45.495845794677734	56.15269470214844	100.44749450683594	214.3787384033203	161.8223419189453	23.78791618347168	72.1394271850586	81.49594116210938	58.54245376586914	77.963623046875	40.21175003051758	53.162384033203125	54.642578125	109.02295684814453	61.823028564453125	71.63196563720703	76.60922241210938	26.96653938293457	11.212185859680176	374.74053955078125	153.81570434570312	24.894001007080078	105.75302124023438	169.52755737304688	21.614116668701172	19.691280364990234	25.42303466796875	65.56348419189453	83.38993072509766	74.06234741210938	22.09000015258789	61.23974609375	429.53765869140625	50.36359786987305	106.16924285888672	123.46932983398438	38.86314392089844	29.761016845703125	57.150001525878906	212.94577026367188	287.2294006347656	159.1658477783203	44.68737030029297	53.79752731323242		57.3065071105957	58.575374603271484	74.29399108886719	52.248226165771484	89.75629425048828	47.303775787353516	393.55950927734375	134.68414306640625	69.53692626953125	118.75863647460938	221.0072784423828	42.173179626464844	126.8145751953125	50.950565338134766	43.667789459228516	58.74034118652344	55.849327087402344	38.53734588623047	76.15361022949219	24.102548599243164	36.94640350341797	96.94157409667969	77.83557891845703	62.41515350341797	28.78791618347168	123.36753845214844	96.4496841430664	87.0443344116211
2021-11-30	97.44792938232422	76.34660339355469	72.3278579711914	47.14558410644531	25.946012496948242	20.483783721923828	118.71916961669922	52.61642837524414	83.74650573730469	21.2069091796875	52.23667907714844	109.04139709472656	35.220001220703125	31.603696823120117	64.77745819091797	33.68000030517578	21.985881805419922	56.402198791503906	30.78876304626465	99.38997650146484	61.949520111083984	51.98479080200195	39.10020446777344	101.97055053710938	16.631221771240234	31.775768280029297	44.26622772216797	53.547969818115234	94.2956771850586	205.09100341796875	164.7779541015625	22.273021697998047	67.400146484375	78.68736267089844	60.48870086669922	74.91160583496094	39.53042221069336	51.99360656738281	53.437164306640625	108.89363861083984	58.22472381591797	69.20903778076172	74.96162414550781	23.046375274658203	10.269816398620605	382.22357177734375	156.8580780029297	24.51952362060547	109.95916748046875	167.0178680419922	21.170734405517578	19.752338409423828	25.623411178588867	61.84032440185547	83.3924331665039	74.02006530761719	21.059999465942383	59.45713424682617	426.08636474609375	50.018436431884766	107.087646484375	126.89128875732422	37.596012115478516	29.384763717651367	47.90999984741211	203.8151397705078	269.69049072265625	154.3540496826172	42.61248016357422	51.486873626708984		57.56416702270508	55.71080017089844	76.2419662475586	52.21833419799805	87.86306762695312	45.40339279174805	390.66943359375	126.07756805419922	66.38867950439453	113.37930297851562	217.77955627441406	42.21367645263672	122.9587631225586	51.313873291015625	42.40068054199219	57.82829666137695	53.472206115722656	38.32455062866211	71.4781723022461	22.894689559936523	34.83571243286133	93.49030303955078	81.30017852783203	61.57419204711914	28.297420501708984	119.59696197509766	98.02721405029297	85.35897827148438
2021-12-31	97.09837341308594	76.34660339355469	72.10340118408203	46.79327392578125	25.903770446777344	20.568559646606445	115.48744201660156	54.5301399230957	85.55781555175781	21.46387481689453	54.41641616821289	115.11296844482422	36.36000061035156	33.75718688964844	66.257080078125	34.810001373291016	19.928186416625977	58.765380859375	32.1619873046875	98.86913299560547	64.55244445800781	52.929019927978516	41.45315170288086	106.5438003540039	17.521482467651367	33.18381118774414	45.424591064453125	55.13731384277344	98.94766998291016	209.74964904785156	168.7603302001953	23.067344665527344	70.4292221069336	84.76504516601562	62.509334564208984	76.20735931396484	41.804405212402344	56.48005294799805	58.0858154296875	108.85645294189453	56.45473098754883	72.55022430419922	79.86134338378906	26.050460815429688	10.95703411102295	386.6280822753906	158.61582946777344	26.352272033691406	105.91364288330078	170.03126525878906	22.719520568847656	20.028352737426758	25.72910499572754	64.11869812011719	83.40325927734375	73.8629150390625	21.510000228881836	61.04045867919922	445.7919616699219	52.27544021606445	107.5191879272461	124.33599853515625	39.52309799194336	30.050878524780273	54.36000061035156	210.73764038085938	274.1739501953125	161.9343719482422	44.45698165893555	53.38214111328125		57.32337188720703	58.6068229675293	74.78845977783203	52.12349319458008	96.3907241821289	46.841705322265625	408.48492431640625	129.2230682373047	68.37564849853516	117.54389953613281	226.04000854492188	42.40944290161133	131.5105438232422	52.12158203125	43.05376434326172	59.08761978149414	55.382423400878906	41.23078918457031	73.82041931152344	23.577733993530273	36.0076904296875	98.53654479980469	83.9402847290039	68.0115737915039	31.03923988342285	130.38441467285156	98.17401123046875	87.33348846435547
2022-01-31	95.15775299072266	76.34660339355469	70.61454772949219	46.14856719970703	25.225706100463867	20.650676727294922	110.02650451660156	52.9273796081543	82.67083740234375	21.53892707824707	54.407440185546875	108.02851867675781	35.7599983215332	35.32151412963867	64.49806213378906	34.220001220703125	17.65013885498047	56.54733657836914	30.475589752197266	96.77998352050781	61.93195724487305	52.68144226074219	41.148284912109375	98.85842895507812	19.022682189941406	31.307788848876953	45.45431900024414	52.348506927490234	97.35919189453125	189.75057983398438	155.59829711914062	26.865785598754883	71.53764343261719	78.9007339477539	57.800987243652344	73.67732238769531	40.34896469116211	54.90874481201172	56.52442169189453	104.9464111328125	56.30183410644531	70.8630142211914	77.30110931396484	29.664846420288086	11.814269065856934	352.80963134765625	144.805419921875	24.656295776367188	95.90664672851562	157.7405242919922	22.098339080810547	18.23772430419922	25.213621139526367	60.21491241455078	83.40325927734375	73.35343933105469	20.799999237060547	57.15495300292969	422.2802734375	49.54133224487305	105.30553436279297	119.46959686279297	38.977657318115234	29.18999481201172	62.47999954223633	194.14044189453125	239.0009765625	154.79063415527344	42.74174880981445	52.101593017578125		56.4178581237793	56.511268615722656	72.02006530761719	51.74647521972656	88.27299499511719	45.895320892333984	387.0767822265625	121.34918975830078	65.03618621826172	110.72607421875	212.34315490722656	42.1289176940918	130.0980682373047	47.214778900146484	43.2365608215332	57.12461471557617	53.81425857543945	38.427764892578125	70.27574920654297	28.004398345947266	36.01691436767578	93.81504821777344	78.19525909423828	67.00609588623047	30.028881072998047	121.44474029541016	88.81473541259766	79.43948364257812
2022-02-28	94.06758880615234	76.3299331665039	69.81096649169922	45.56865310668945	24.943265914916992	21.292526245117188	107.25484466552734	51.01673889160156	78.09905242919922	20.48813819885254	52.6483039855957	105.72606658935547	37.959999084472656	37.63810348510742	63.94397735595703	36.310001373291016	19.495168685913086	54.86857223510742	29.19358253479004	96.48568725585938	59.92549133300781	50.603538513183594	41.94964599609375	100.21685791015625	20.090700149536133	30.225801467895508	43.35353088378906	52.36577224731445	107.72763061523438	191.71188354492188	148.03402709960938	28.173852920532227	69.32079315185547	78.27208709716797	54.84977722167969	68.71914672851562	39.850990295410156	54.31513595581055	55.79756164550781	102.70948028564453	52.7132682800293	70.06230163574219	78.52825927734375	31.91501808166504	12.609161376953125	337.0180358886719	138.4821319580078	24.04505157470703	104.56365203857422	148.04830932617188	21.671100616455078	17.500194549560547	25.41733741760254	58.434085845947266	83.40910339355469	73.03646087646484	22.6200008392334	55.9893913269043	409.81585693359375	48.07130432128906	106.20661163330078	117.51864624023438	38.819000244140625	28.98411750793457	67.4800033569336	195.81881713867188	238.27125549316406	157.3076934814453	41.609867095947266	50.5074462890625		56.16147232055664	53.52252197265625	70.81302642822266	51.538204193115234	85.19873046875	44.914207458496094	375.5399475097656	114.25699615478516	65.0186538696289	108.56751251220703	207.0629119873047	42.57445526123047	128.5962371826172	45.0496826171875	41.62617492675781	54.32478332519531	52.280941009521484	37.94086837768555	65.04903411865234	29.984079360961914	35.518978118896484	93.02349853515625	74.3813247680664	66.06234741210938	29.456483840942383	120.26946258544922	85.20355224609375	82.35891723632812
2022-03-31	91.42220306396484	76.36498260498047	67.88964080810547	44.553382873535156	23.889659881591797	22.797876358032227	100.4080581665039	51.6143798828125	77.24254608154297	20.426830291748047	52.21750259399414	108.1963119506836	38.470001220703125	40.34352493286133	63.12090301513672	36.83000183105469	20.257654190063477	55.34697723388672	29.973102569580078	92.56744384765625	60.115760803222656	49.11804962158203	44.301475524902344	100.53309631347656	22.697265625	30.941303253173828	44.166099548339844	52.58161926269531	106.81229400634766	193.93099975585938	154.89230346679688	30.31205177307129	69.89259338378906	82.21290588378906	56.315670013427734	68.5152587890625	41.19416427612305	57.4752311706543	55.7347412109375	99.73734283447266	47.56875228881836	71.20616912841797	82.96892547607422	35.577064514160156	13.746947288513184	352.7496032714844	144.66978454589844	25.265247344970703	111.66294860839844	148.25692749023438	22.319766998291016	18.318408966064453	24.934741973876953	58.19721984863281	83.43245697021484	72.01266479492188	22.8799991607666	57.98019790649414	425.22100830078125	49.90632629394531	104.21465301513672	111.12047576904297	38.31610107421875	28.595579147338867	74.12000274658203	198.6749725341797	241.4237060546875	159.86297607421875	41.89091491699219	50.259788513183594		54.35485076904297	53.606842041015625	67.44501495361328	50.80772018432617	90.53550720214844	45.10521697998047	389.7699890136719	114.59066772460938	64.95008087158203	108.70791625976562	213.8130340576172	42.25267791748047	132.8169403076172	46.76225662231445	40.271121978759766	53.54301071166992	52.13258361816406	40.2624397277832	65.52876281738281	32.78417205810547	35.47281265258789	96.22013854980469	76.869384765625	67.2391357421875	32.503841400146484	127.17073822021484	88.9752426147461	83.1069564819336
2022-04-30	87.94281005859375	76.35665130615234	65.19261169433594	43.21682357788086	22.224653244018555	25.21137237548828	87.76634979248047	49.359649658203125	72.0889663696289	19.293729782104492	48.914642333984375	99.1543197631836	37.66999816894531	38.491336822509766	60.48227310180664	36.040000915527344	17.734861373901367	51.60673141479492	28.162588119506836	88.6534652709961	56.050960540771484	46.20015335083008	42.55067825317383	92.64923858642578	19.493209838867188	28.46320915222168	43.244529724121094	48.74808883666992	99.1669921875	174.7334747314453	135.64654541015625	29.75025177001953	63.60270309448242	78.42221069335938	49.79194259643555	60.57293701171875	39.68220138549805	55.02223205566406	56.084716796875	93.0556869506836	45.38323974609375	65.79183197021484	77.59244537353516	36.609622955322266	14.534045219421387	304.7906188964844	125.21800994873047	23.959165573120117	89.96855163574219	133.88926696777344	21.4002685546875	15.89211654663086	24.390979766845703	54.12675476074219	83.455810546875	71.65483856201172	21.040000915527344	53.0359992980957	387.89971923828125	45.51028823852539	101.93960571289062	100.64866638183594	36.58988571166992	27.38810157775879	77.16000366210938	182.343017578125	214.79342651367188	149.73184204101562	39.0475959777832	47.00455856323242		53.0124397277832	50.25857162475586	61.249446868896484	50.56241989135742	86.83454895019531	42.24870300292969	355.5311584472656	97.45695495605469	60.45926284790039	100.65287017822266	194.28839111328125	42.208534240722656	126.45378112792969	40.74137496948242	37.92277526855469	50.05543518066406	48.74668502807617	38.837379455566406	56.26823806762695	32.23090362548828	31.94589614868164	88.894775390625	68.40035247802734	68.78965759277344	31.10696029663086	120.95095825195312	78.33668518066406	78.94776916503906
2022-05-31	88.61164093017578	76.3816909790039	65.7335433959961	42.92583084106445	22.345991134643555	24.964204788208008	84.22552490234375	48.23680877685547	72.67347717285156	19.560636520385742	48.8518180847168	99.508544921875	36.459999084472656	40.49859619140625	61.46806335449219	34.869998931884766	18.713855743408203	52.502647399902344	29.15880584716797	89.2016830444336	56.99365234375	46.48310089111328	44.527950286865234	94.38255310058594	21.233407974243164	28.97802734375	41.0545539855957	49.26613235473633	98.51141357421875	175.07354736328125	132.867919921875	33.9008674621582	65.66120910644531	79.26667785644531	49.568668365478516	61.7962646484375	39.653526306152344	56.916534423828125	54.41563034057617	94.79013061523438	46.57942581176758	65.78230285644531	78.925537109375	40.14780044555664	15.204248428344727	299.9549255371094	123.27574157714844	22.895278930664062	96.17098999023438	131.71759033203125	22.23488998413086	15.43427848815918	24.168394088745117	54.38115692138672	83.49337005615234	72.0820541381836	19.84000015258789	53.8609619140625	388.7753601074219	45.63239288330078	100.92813873291016	98.38072204589844	36.5894889831543	27.84715461730957	85.47000122070312	182.26828002929688	208.67343139648438	152.5213165283203	39.69301223754883	47.77254867553711		53.36311340332031	51.472206115722656	60.007537841796875	50.844749450683594	82.76599884033203	41.5454216003418	356.4512023925781	98.63102722167969	61.16973114013672	101.45137023925781	193.80001831054688	42.433441162109375	129.50054931640625	39.645484924316406	38.09736633300781	50.607025146484375	49.48843002319336	39.29412841796875	57.33530044555664	37.39899444580078	32.83457565307617	88.48365020751953	67.93120574951172	65.98101806640625	32.447086334228516	122.75190734863281	74.3255844116211	78.09089660644531
2022-06-30	87.23551940917969	76.44102478027344	64.64099884033203	42.18667221069336	21.30817222595215	25.83328628540039	83.03142547607422	43.52907943725586	68.20108032226562	18.747325897216797	43.27930450439453	90.58477783203125	35.880001068115234	34.676849365234375	57.13467025756836	34.310001373291016	18.055187225341797	47.680320739746094	26.220550537109375	88.43148040771484	51.959083557128906	43.88148880004883	41.29114532470703	86.37226867675781	17.540891647338867	26.4967041015625	39.013221740722656	45.660736083984375	95.86345672607422	160.42628479003906	122.28125	28.925357818603516	59.07844924926758	76.64009857177734	44.51885223388672	57.20074462890625	38.203914642333984	53.17277908325195	52.41303253173828	91.3560791015625	50.477115631103516	60.74925231933594	66.93147277832031	37.78596115112305	14.058670043945312	273.2352294921875	112.07793426513672	21.025461196899414	81.94406127929688	120.97592163085938	20.4659423828125	14.216767311096191	23.4151668548584	48.78850555419922	83.56094360351562	71.65365600585938	18.639999389648438	49.44992446899414	356.7167053222656	41.837501525878906	97.7837142944336	97.12678527832031	33.88497543334961	25.82625389099121	80.3499984741211	165.19403076171875	191.9416961669922	136.78321838378906	36.05314254760742	44.1130485534668		53.01895523071289	46.37750244140625	59.195037841796875	50.544185638427734	76.60086822509766	38.43711471557617	326.9924011230469	89.92887878417969	56.16465377807617	90.89021301269531	177.8478240966797	41.750370025634766	119.28825378417969	36.29301834106445	36.63053512573242	47.541259765625	45.55964660644531	33.84941864013672	51.82981872558594	31.013696670532227	29.268451690673828	81.9650650024414	61.6436767578125	64.43228149414062	30.858657836914062	119.55048370361328	66.27351379394531	68.74300384521484
2022-07-31	89.44962310791016	76.46858978271484	66.18061065673828	43.544395446777344	21.743789672851562	24.90839195251465	85.01566314697266	44.92447280883789	70.65833282470703	18.732709884643555	45.30916213989258	99.19754028320312	34.9900016784668	36.00554275512695	60.962039947509766	33.45000076293945	21.125991821289062	50.27106475830078	27.53026008605957	91.05034637451172	54.784393310546875	43.88148880004883	42.73964309692383	94.95247650146484	18.34244728088379	27.320022583007812	42.29322814941406	48.28672790527344	100.33910369873047	177.37258911132812	136.92684936523438	30.94876480102539	61.7385139465332	79.09590911865234	50.159202575683594	57.84586715698242	40.0162467956543	55.782325744628906	54.40730285644531	95.41634368896484	44.94190216064453	66.83085632324219	69.39498901367188	36.89650344848633	13.731361389160156	307.531005859375	126.27253723144531	22.79931640625	87.32518768310547	134.73204040527344	21.265954971313477	16.05545997619629	24.45187759399414	52.0237922668457	83.60188293457031	71.94730377197266	18.700000762939453	53.36037826538086	389.56585693359375	45.6966667175293	101.99803924560547	99.48799133300781	33.70681381225586	27.540307998657227	78.05000305175781	182.71615600585938	214.41590881347656	150.22232055664062	37.96184539794922	45.605262756347656		54.033668518066406	48.69550704956055	60.745582580566406	50.740997314453125	83.20075988769531	39.869712829589844	357.0728759765625	93.26663970947266	59.16400146484375	96.27088928222656	194.47096252441406	42.51469039916992	125.32141876220703	41.02647399902344	36.340301513671875	49.57976150512695	47.21925354003906	35.93281173706055	53.835384368896484	34.010536193847656	31.371681213378906	89.7542724609375	69.93590545654297	66.49433135986328	32.5395393371582	123.4285888671875	78.49373626708984	77.38180541992188
2022-08-31	86.72832489013672	76.61672973632812	64.32923126220703	41.97378158569336	20.520484924316406	25.58611297607422	80.63963317871094	45.16912078857422	68.7450942993164	18.63370704650879	44.62046432495117	94.41058349609375	33.970001220703125	36.28525161743164	58.33526611328125	32.459999084472656	21.02173614501953	47.325416564941406	26.290868759155273	87.54141998291016	51.46466064453125	43.344818115234375	41.80342102050781	90.84929656982422	18.918325424194336	26.080615997314453	42.63014602661133	46.31064224243164	98.31878662109375	173.82040405273438	130.01412963867188	31.50371551513672	59.968135833740234	74.0615005493164	47.00294494628906	55.742210388183594	38.838985443115234	54.87119674682617	52.73029708862305	91.19023132324219	44.94190216064453	63.485023498535156	66.67787170410156	34.75235366821289	13.536535263061523	291.74798583984375	119.88060760498047	21.3037052154541	90.82762908935547	128.80662536621094	20.685945510864258	15.226823806762695	23.798870086669922	48.95831298828125	83.78248596191406	71.36453247070312	16.579999923706055	51.7838134765625	373.6708679199219	43.84728240966797	99.23977661132812	94.95816802978516	33.3459587097168	26.469772338867188	73.11000061035156	177.95101928710938	209.301513671875	146.0956573486328	35.7526969909668	43.60093307495117		52.50205612182617	45.06045913696289	58.03529739379883	50.359039306640625	78.19828033447266	37.63832473754883	342.3294677734375	90.03407287597656	56.76628494262695	91.77085876464844	187.2201690673828	41.86438751220703	121.96566009521484	38.974815368652344	36.173213958740234	48.20298385620117	45.10060501098633	34.681854248046875	51.934871673583984	34.91263198852539	30.757461547851562	87.21106719970703	65.5909652709961	65.26245880126953	32.711151123046875	116.30628204345703	74.96504974365234	74.90804290771484
2022-09-30	83.13341522216797	76.7751235961914	61.63832092285156	40.759456634521484	19.22209930419922	27.06116485595703	72.41365051269531	41.100730895996094	64.22505950927734	17.724912643432617	40.12579345703125	84.7518539428711	32.97999954223633	33.3321533203125	56.153316497802734	31.530000686645508	18.093101501464844	42.86260223388672	24.043128967285156	83.3963623046875	46.502723693847656	38.443260192871094	36.94563674926758	81.91279602050781	18.45918083190918	23.77886962890625	40.41044235229492	42.103782653808594	88.50721740722656	157.02859497070312	116.98233032226562	28.45578956604004	55.097354888916016	71.17119598388672	41.08982467651367	49.03856658935547	36.37450408935547	48.44021224975586	48.587669372558594	85.73716735839844	38.49320602416992	57.18417739868164	61.46101760864258	30.647052764892578	12.609161376953125	261.0107116699219	107.19104766845703	18.731664657592773	78.6681900024414	116.31751251220703	19.152019500732422	13.700297355651855	22.185100555419922	43.59595489501953	83.98179626464844	70.51361083984375	17.5	48.1718635559082	339.1264953613281	39.78879928588867	92.55858612060547	87.13826751708984	30.108205795288086	25.450103759765625	65.27999877929688	160.91824340820312	190.46295166015625	131.59486389160156	32.227474212646484	39.38199996948242		50.76182556152344	40.69641876220703	53.44328308105469	49.76486587524414	68.13314056396484	33.13215255737305	310.83905029296875	78.9569091796875	50.943180084228516	81.86021423339844	169.93881225585938	40.631351470947266	112.4380111694336	34.904212951660156	32.5261344909668	45.169410705566406	40.63302230834961	31.455434799194336	45.83338165283203	31.57543182373047	28.402685165405273	78.1141357421875	57.74161911010742	59.95475769042969	29.021005630493164	113.3536376953125	68.8131332397461	67.71776580810547
2022-10-31	82.070556640625	76.89688110351562	60.92472457885742	40.98172378540039	19.260892868041992	27.324281692504883	65.8328857421875	41.390682220458984	64.1202163696289	17.707721710205078	42.01971435546875	94.41058349609375	32.40999984741211	36.73719787597656	58.043296813964844	30.979999542236328	17.90354347229004	45.400108337402344	25.992572784423828	82.18376159667969	49.19559097290039	37.8797607421875	38.92407989501953	91.99333190917969	20.155681610107422	25.413997650146484	41.81757736206055	42.72734069824219	104.05589294433594	174.5576629638672	123.32634735107422	34.20158767700195	60.18381881713867	77.37683868408203	44.24608612060547	48.55238723754883	39.11320114135742	50.120941162109375	51.48841857910156	85.09822845458984	32.18017578125	61.00662612915039	64.93891143798828	33.594242095947266	13.248191833496094	271.4508361816406	111.48063659667969	19.471420288085938	80.68846893310547	118.9468002319336	21.29987907409668	14.309088706970215	22.48829460144043	45.52640151977539	84.1470718383789	70.42491912841797	17.6200008392334	54.71376419067383	366.6892395019531	43.03898620605469	93.87332153320312	81.94097137451172	30.520845413208008	26.253931045532227	71.52999877929688	176.85842895507812	203.8645782470703	147.3881378173828	34.18629455566406	40.7225456237793		50.392982482910156	44.12673568725586	50.6624641418457	49.69675064086914	70.52124786376953	32.45492172241211	336.0716552734375	80.96990203857422	52.22917556762695	84.85907745361328	183.72555541992188	41.099578857421875	125.63224029541016	36.338218688964844	31.599109649658203	45.175724029541016	42.0179328918457	34.26287078857422	46.13963317871094	39.45832061767578	31.7893009185791	88.96751403808594	62.16047286987305	65.35453796386719	29.583616256713867	124.24815368652344	69.5763931274414	75.9483413696289
2022-11-30	85.19618225097656	77.13922119140625	63.158199310302734	41.97789001464844	20.827592849731445	24.90839195251465	72.4658432006836	45.28691101074219	70.58142852783203	19.04157066345215	46.179100036621094	103.83374786376953	35.13999938964844	40.15110778808594	60.034950256347656	33.599998474121094	20.055002212524414	50.998592376708984	28.422698974609375	85.1524429321289	55.667301177978516	43.43426513671875	42.31569290161133	95.67608642578125	20.35023307800293	28.037105560302734	43.83909225463867	48.29551315307617	108.62731170654297	178.40438842773438	128.5836181640625	35.33708190917969	66.11502075195312	81.8823013305664	47.83097457885742	53.255218505859375	41.15424728393555	54.34928512573242	55.76703643798828	90.7552261352539	42.517982482910156	66.34471130371094	75.3998031616211	33.389610290527344	13.419638633728027	286.5003967285156	117.71028137207031	20.783605575561523	89.27938079833984	130.20700073242188	22.755815505981445	14.883514404296875	22.903669357299805	50.9423828125	84.40016174316406	70.9135513305664	20.43000030517578	56.4469108581543	387.0740051269531	45.38898468017578	95.59390258789062	87.80062103271484	34.04471969604492	27.13812828063965	70.2300033569336	184.6261444091797	209.39895629882812	155.58299255371094	38.476200103759766	46.07586669921875		51.664947509765625	50.07908248901367	54.071834564208984	50.03178787231445	74.85552978515625	36.7266731262207	354.57244873046875	85.13005828857422	59.10260009765625	94.46427154541016	193.22288513183594	41.31475830078125	133.16275024414062	38.01858139038086	36.118350982666016	49.462646484375	47.495445251464844	38.272857666015625	49.29791259765625	39.96251678466797	33.96908950805664	95.91706848144531	66.09319305419922	69.35272979736328	31.643564224243164	130.1166534423828	70.61016082763672	78.42333984375
2022-12-31	84.45454406738281	77.41891479492188	62.64907455444336	40.82387924194336	20.795122146606445	25.01201629638672	70.27198028564453	44.101539611816406	69.62254333496094	19.218080520629883	43.7721061706543	100.88652801513672	36.189998626708984	38.764312744140625	58.98017883300781	34.59000015258789	18.84607696533203	49.958580017089844	28.292322158813477	83.88533020019531	54.71352005004883	42.353904724121094	40.93266296386719	89.28577423095703	19.240779876708984	27.60478973388672	41.36174774169922	47.59421157836914	108.80288696289062	166.78286743164062	118.27629089355469	34.25672912597656	64.11448669433594	80.58020782470703	43.84132385253906	51.09259033203125	40.34560775756836	54.129913330078125	54.58695983886719	89.34754943847656	43.60367202758789	62.64126205444336	72.60012817382812	33.23094177246094	13.064364433288574	260.6763000488281	107.03765869140625	19.999814987182617	72.94811248779297	120.58345031738281	21.97987174987793	13.659097671508789	22.637304306030273	50.4776496887207	84.72119140625	70.99699401855469	22.020000457763672	54.661468505859375	364.76763916015625	42.817745208740234	94.33460998535156	85.50020599365234	33.75254821777344	26.69171142578125	70.11000061035156	173.83560180664062	196.1961669921875	146.7488555908203	37.63645553588867	45.06554412841797		51.28678512573242	49.241477966308594	52.84117889404297	50.111995697021484	71.08704376220703	36.0974235534668	334.2466735839844	79.02246856689453	57.98292922973633	92.30137634277344	181.90924072265625	41.16434860229492	128.76564025878906	34.83875274658203	35.31319808959961	48.812137603759766	46.476768493652344	36.16067123413086	46.04215621948242	38.744083404541016	32.195743560791016	93.04930114746094	60.66677474975586	67.4610824584961	31.487125396728516	127.67340850830078	62.56415557861328	73.34595489501953
2023-01-31	87.2671127319336	77.63899993896484	64.72459411621094	41.787899017333984	21.53681182861328	24.204343795776367	77.42388916015625	47.22554397583008	72.3550796508789	20.04296112060547	46.90724563598633	107.05398559570312	38.279998779296875	41.00260543823242	61.14295959472656	36.59000015258789	19.691064834594727	54.411834716796875	29.427234649658203	86.88935852050781	59.533355712890625	46.13582229614258	43.09358596801758	97.77661895751953	21.41787338256836	29.055316925048828	40.61854553222656	51.504974365234375	111.53609466552734	183.15890502929688	128.0500946044922	35.33740997314453	69.6246109008789	80.14350891113281	48.48656463623047	58.22265625	41.07120895385742	54.17490005493164	55.39240646362305	93.95774841308594	49.18494415283203	70.06246948242188	80.59296417236328	32.88247299194336	13.214630126953125	288.4198303222656	118.46165466308594	21.893239974975586	91.24261474609375	138.5207061767578	22.43669319152832	15.016157150268555	23.083147048950195	54.64241027832031	84.9919204711914	71.54801940917969	21.829999923706055	54.411170959472656	387.7069091796875	45.5021858215332	96.29327392578125	92.0355453491211	35.39376449584961	27.665693283081055	69.31999969482422	191.489990234375	219.09906005859375	160.0653076171875	41.035125732421875	48.98428726196289		52.50578689575195	53.94891357421875	56.61430740356445	50.484657287597656	78.48188018798828	38.55979919433594	355.2715148925781	90.88784790039062	62.76753234863281	100.39041900634766	194.50650024414062	41.49042892456055	132.35240173339844	38.456512451171875	38.257469177246094	50.781272888183594	50.51158142089844	39.40525817871094	52.84437561035156	39.833717346191406	34.41744613647461	96.49803924560547	66.28297424316406	66.72811126708984	30.857379913330078	125.33326721191406	72.02918243408203	77.02786254882812
2023-02-28	84.94084930419922	77.9074478149414	62.999061584472656	41.161338806152344	20.525840759277344	24.384780883789062	72.49476623535156	45.52652359008789	70.40739440917969	19.469160079956055	44.297698974609375	105.68975830078125	36.2400016784668	38.05982971191406	59.99031448364258	34.619998931884766	18.228952407836914	52.62696075439453	28.908926010131836	84.04741668701172	57.72258758544922	42.94340896606445	41.53986358642578	96.59732818603516	19.980487823486328	28.32109832763672	38.44839096069336	48.543087005615234	111.57498168945312	180.00230407714844	126.31316375732422	33.5889892578125	68.00076293945312	76.51702117919922	48.124725341796875	55.72713851928711	40.148677825927734	51.691951751708984	53.9279670715332	90.04055786132812	43.93414306640625	68.04552459716797	75.71973419189453	31.929725646972656	12.578207015991211	287.38214111328125	118.04143524169922	20.862863540649414	81.2907943725586	133.13185119628906	21.691808700561523	14.829316139221191	22.78154754638672	52.926456451416016	85.30107879638672	70.97142791748047	19.219999313354492	51.92742919921875	377.95892333984375	44.3598747253418	94.99042510986328	87.5712890625	34.041622161865234	27.20897102355957	67.20999908447266	187.07643127441406	214.01170349121094	156.4520263671875	39.60929489135742	46.8361701965332		51.22453689575195	53.02518844604492	53.933128356933594	50.106834411621094	73.87950134277344	36.44670104980469	346.3954772949219	87.18891143798828	59.262420654296875	97.23023223876953	189.8348388671875	41.32297897338867	128.06846618652344	37.90886688232422	35.71181106567383	49.396026611328125	48.35489273071289	38.092533111572266	51.32849884033203	37.069766998291016	33.62666702270508	95.66426849365234	66.55599212646484	65.18071746826172	29.030683517456055	119.51583099365234	70.49850463867188	75.67393493652344
2023-03-31	87.18433380126953	78.2183609008789	64.6847152709961	42.21320724487305	21.492637634277344	22.597597122192383	76.81305694580078	46.01979446411133	71.58472442626953	20.213665008544922	45.487205505371094	108.14348602294922	39.11000061035156	37.86724853515625	61.18073654174805	37.369998931884766	18.77961540222168	53.96561813354492	29.33818817138672	87.17486572265625	59.338077545166016	44.24939727783203	42.593544006347656	91.55182647705078	20.06454849243164	28.93802261352539	39.00331497192383	50.16592025756836	112.21817779541016	171.27696228027344	136.60581970214844	33.17604446411133	62.955909729003906	79.13720703125	53.16114044189453	60.09899139404297	41.06703186035156	54.37281036376953	56.70124816894531	93.50572204589844	45.79762268066406	71.24948120117188	77.22415161132812	31.529582977294922	12.569368362426758	314.66253662109375	129.26748657226562	20.336206436157227	78.13953399658203	138.95140075683594	21.464527130126953	16.043182373046875	23.432823181152344	53.18562698364258	85.66561889648438	72.14098358154297	22.1200008392334	52.84391403198242	391.9728088378906	46.018280029296875	97.71127319335938	91.80919647216797	34.979061126708984	27.8249454498291	66.44000244140625	180.2803192138672	212.0583038330078	147.57594299316406	40.65835952758789	48.167823791503906		52.7962760925293	54.33820343017578	56.45017623901367	50.95198440551758	72.28707122802734	35.42506790161133	359.24664306640625	93.17591094970703	61.2475471496582	98.07414245605469	194.973876953125	42.1425666809082	127.47703552246094	40.85138702392578	36.626094818115234	50.32728576660156	49.727943420410156	37.7111930847168	55.769142150878906	37.071739196777344	30.41610336303711	96.2565689086914	73.78264617919922	67.93087768554688	30.454936981201172	122.14254760742188	72.6571273803711	73.8724136352539
2023-04-30	87.68609619140625	78.50231170654297	65.06505584716797	42.30137252807617	21.438640594482422	22.82099151611328	76.93611907958984	46.549591064453125	71.77800750732422	20.32581901550293	46.01280975341797	108.71189880371094	39.4900016784668	38.261226654052734	61.30437469482422	37.709999084472656	17.763731002807617	55.47383499145508	30.071640014648438	87.88513946533203	61.042327880859375	44.05894088745117	43.72758102416992	88.99555969238281	20.669761657714844	29.94264793395996	40.74736022949219	50.40534973144531	111.12602996826172	168.20472717285156	138.71987915039062	34.546661376953125	65.2730712890625	81.97575378417969	52.90687942504883	61.41242218017578	42.01115417480469	56.17203903198242	59.01689147949219	94.07051849365234	43.80562973022461	71.99256896972656	76.66114807128906	31.956804275512695	12.50749397277832	316.2606506347656	129.92356872558594	20.655485153198242	76.1568374633789	137.67835998535156	21.291425704956055	16.264741897583008	23.439834594726562	54.37429428100586	85.95795440673828	72.31700134277344	23.0	54.375057220458984	398.2344970703125	46.735076904296875	97.7618637084961	92.11981201171875	36.0146598815918	27.894210815429688	67.5	178.1404571533203	209.39292907714844	146.16302490234375	41.7295036315918	49.07767105102539		53.18009948730469	56.5848274230957	56.74128723144531	51.06801986694336	72.51339721679688	36.87455749511719	364.9591064453125	95.3349609375	61.626827239990234	99.61834716796875	197.07553100585938	42.1857795715332	129.73843383789062	41.27556610107422	36.481040954589844	50.447391510009766	50.664676666259766	37.659767150878906	57.62587356567383	38.10113525390625	31.381088256835938	95.13398742675781	73.69471740722656	70.41316223144531	31.035327911376953	125.98251342773438	71.8408432006836	73.39295959472656
2023-05-31	86.68270874023438	78.79683685302734	64.307861328125	42.3619499206543	20.882097244262695	22.949878692626953	73.67952728271484	46.8784294128418	70.9247055053711	20.212631225585938	46.4093132019043	105.8223876953125	38.95000076293945	34.50047302246094	60.54945755004883	37.20000076293945	17.412445068359375	53.180274963378906	28.686227798461914	86.6210708618164	58.61021423339844	43.15201187133789	41.343414306640625	87.5091552734375	20.7117862701416	28.535995483398438	41.322105407714844	49.429874420166016	105.95783996582031	166.8318328857422	146.4877166748047	31.190401077270508	62.47239685058594	78.85240936279297	57.75749206542969	62.47255325317383	41.281341552734375	53.17631912231445	54.97138214111328	92.40647888183594	39.693111419677734	72.24348449707031	71.34488677978516	28.944494247436523	11.69428539276123	341.19403076171875	140.1173095703125	19.848424911499023	75.8694839477539	136.903076171875	20.417116165161133	17.301130294799805	23.150386810302734	52.00592041015625	86.32007598876953	72.04442596435547	21.610000610351562	51.3806037902832	400.07281494140625	46.964447021484375	96.59258270263672	89.3421630859375	34.98330307006836	27.58794403076172	60.630001068115234	174.63111877441406	209.3145751953125	141.16201782226562	40.172298431396484	47.40211868286133		52.61600875854492	53.6873893737793	55.158172607421875	50.87035369873047	69.64070129394531	34.342323303222656	366.7168273925781	97.82168579101562	60.91339111328125	96.13491821289062	197.91612243652344	41.912418365478516	124.39418029785156	43.409507751464844	35.40220260620117	49.82780838012695	48.89028549194336	35.074310302734375	59.877037048339844	34.27893829345703	30.04713249206543	92.13726043701172	80.26630401611328	66.07599639892578	29.213167190551758	120.60468292236328	73.66284942626953	71.13277435302734
2023-06-30	86.36351013183594	79.1597900390625	64.16397094726562	42.36454391479492	21.05294418334961	23.7403621673584	74.42316436767578	49.250423431396484	72.69979095458984	20.7725772857666	48.28001022338867	115.39755249023438	38.09000015258789	36.34634017944336	61.627323150634766	36.38999938964844	17.58690643310547	55.52394104003906	30.094331741333008	85.53376007080078	61.06711196899414	45.14228439331055	42.53430938720703	94.68470764160156	23.257892608642578	30.122188568115234	43.38611602783203	51.614166259765625	114.00810241699219	180.2907257080078	156.14833068847656	33.34256362915039	66.32013702392578	81.3038330078125	60.987674713134766	64.58349609375	42.5700798034668	54.65203857421875	56.5803337097168	93.1550521850586	41.45677947998047	77.00116729736328	76.85357666015625	30.42299461364746	12.0257568359375	362.7024230957031	149.0363006591797	20.488628387451172	79.65290069580078	150.9573974609375	21.50295066833496	18.472970962524414	23.100605010986328	53.60462951660156	86.72686004638672	71.68814086914062	20.889999389648438	54.486000061035156	425.9974365234375	49.99860382080078	96.26431274414062	89.5361099243164	36.096073150634766	28.098167419433594	63.54999923706055	189.89657592773438	225.5000762939453	154.59861755371094	41.95153045654297	49.551292419433594		51.9771614074707	55.979042053222656	55.165985107421875	50.62656784057617	73.56109619140625	35.09326171875	390.5896301269531	102.73554992675781	63.42202377319336	100.06868743896484	211.23333740234375	41.81541442871094	132.02423095703125	46.40952682495117	37.08063507080078	51.00987243652344	51.05918884277344	38.934471130371094	62.71089172363281	36.648765563964844	32.03506851196289	102.50605773925781	85.12496948242188	67.91831970214844	29.679441452026367	125.74320220947266	82.67166137695312	77.9300765991211
2023-07-31	86.35026550292969	79.46537780761719	64.08784484863281	42.310726165771484	21.259553909301758	23.65443992614746	71.47188568115234	52.44922637939453	73.953125	21.154003143310547	50.21195983886719	118.24769592285156	38.97999954223633	38.72285842895508	62.31486129760742	37.20000076293945	17.472213745117188	57.1863899230957	31.105682373046875	84.97636413574219	62.9217414855957	47.83488464355469	43.313419342041016	99.92015838623047	24.370710372924805	30.693788528442383	44.438499450683594	53.348716735839844	115.03417205810547	191.30438232421875	161.6040802001953	35.42087173461914	69.52769470214844	82.23177337646484	62.09583282470703	68.06863403320312	43.274009704589844	55.346839904785156	57.486507415771484	93.2052001953125	46.14545440673828	80.36918640136719	80.63756561279297	34.813941955566406	13.073204040527344	376.70306396484375	154.87107849121094	21.17544937133789	78.22573852539062	155.41744995117188	22.403099060058594	19.126115798950195	23.111665725708008	55.71318435668945	87.07910919189453	71.90619659423828	22.690000534057617	55.44442367553711	439.9418029785156	51.629722595214844	96.30384826660156	87.25808715820312	38.70221710205078	28.44553565979004	73.16999816894531	199.3107452392578	235.06031799316406	163.00157165527344	43.26876449584961	51.4182243347168		51.93097686767578	57.603065490722656	53.93408203125	50.77518081665039	75.05767822265625	37.09285354614258	403.44049072265625	108.83338165283203	65.7234878540039	105.00511169433594	218.97193908691406	42.01884841918945	136.5861053466797	47.967655181884766	39.2591667175293	51.760467529296875	53.044010162353516	40.27346420288086	66.28584289550781	39.49777603149414	33.57457733154297	105.46700286865234	87.32335662841797	69.3651351928711	30.418703079223633	127.0885009765625	84.58499908447266	81.21309661865234
2023-08-31	85.80513763427734	79.86007690429688	63.66461944580078	42.39940643310547	20.747426986694336	23.73177146911621	68.13617706298828	51.382957458496094	72.58807373046875	20.63264274597168	47.62055206298828	114.39952087402344	38.47999954223633	37.1717643737793	62.4293098449707	36.75	15.369426727294922	55.015220642089844	30.887012481689453	84.35526275634766	60.5333366394043	44.931640625	41.166316986083984	95.75839233398438	22.35051918029785	29.623178482055664	43.654178619384766	51.40745162963867	113.51953125	181.58079528808594	160.71775817871094	36.03899383544922	66.84855651855469	81.50473022460938	60.70328903198242	66.6613540649414	43.274009704589844	52.35734939575195	55.553951263427734	92.05965423583984	41.61430358886719	77.39683532714844	76.75967407226562	35.60842514038086	13.037846565246582	371.11651611328125	152.4195098876953	20.426193237304688	67.6609115600586	148.96339416503906	22.06850242614746	18.9437255859375	22.922128677368164	53.78640365600586	87.50675964355469	72.20124053955078	22.389999389648438	56.756412506103516	432.7918395996094	50.82375717163086	95.5212631225586	84.516357421875	36.91551971435547	28.532453536987305	75.05999755859375	191.93984985351562	225.2742919921875	157.44949340820312	41.5609016418457	49.1596794128418		51.849098205566406	55.271366119384766	52.4387092590332	51.01418685913086	72.52230072021484	35.48619079589844	396.8712463378906	105.7313003540039	63.0490608215332	100.98351287841797	214.7430419921875	42.08991622924805	133.3342742919922	47.44609451293945	36.94390869140625	50.893775939941406	50.71321487426758	38.94386291503906	65.26441955566406	40.14794158935547	32.67177200317383	103.37523651123047	86.00628662109375	66.6271743774414	28.55466651916504	126.19795989990234	83.1098403930664	80.8113021850586
2023-09-30	83.58314514160156	80.17878723144531	62.08622741699219	41.658226013183594	19.91482925415039	24.83157730102539	60.361507415771484	50.1879997253418	70.17219543457031	19.70714569091797	46.283050537109375	108.44970703125	36.65999984741211	36.94232177734375	61.4219970703125	34.9900016784668	13.973944664001465	52.943965911865234	30.516902923583984	81.70746612548828	58.21731185913086	43.58533477783203	39.21853256225586	90.06619262695312	21.879709243774414	28.5616397857666	43.902381896972656	49.969482421875	103.77134704589844	170.9517822265625	151.78009033203125	36.96168518066406	65.30040740966797	78.84530639648438	56.72177505493164	64.51737976074219	41.948814392089844	49.358707427978516	52.7614631652832	88.78482055664062	40.113189697265625	73.18922424316406	73.70808410644531	37.53574752807617	13.214630126953125	352.2643127441406	144.78744506835938	19.118988037109375	63.532676696777344	141.1800079345703	21.140771865844727	17.943342208862305	22.481754302978516	51.323387145996094	87.88302612304688	72.14422607421875	20.34000015258789	56.05649185180664	412.26263427734375	48.40681457519531	93.69026947021484	77.7963638305664	36.55854034423828	28.096158981323242	80.86000061035156	181.2108612060547	210.53005981445312	149.8789520263672	39.98790740966797	47.501956939697266		50.97937774658203	52.78749465942383	48.604461669921875	50.95580291748047	67.25447845458984	33.99304962158203	378.04388427734375	101.99239349365234	61.0810432434082	96.68434143066406	204.4330596923828	42.00108337402344	128.95970153808594	44.72307205200195	36.03223419189453	49.163570404052734	48.987979888916016	37.082733154296875	63.340675354003906	41.11281967163086	31.662805557250977	97.22695922851562	80.43449401855469	63.43712615966797	26.943492889404297	122.4635238647461	78.51219940185547	79.04530334472656
2023-10-31	82.27033233642578	80.5243148803711	61.142276763916016	41.59628677368164	19.634077072143555	24.7370662689209	55.52426528930664	47.81647872924805	69.33780670166016	19.670629501342773	44.77836227416992	104.44795989990234	39.369998931884766	35.23406219482422	60.78127670288086	37.59000015258789	12.435091018676758	51.190673828125	29.808706283569336	80.13238525390625	56.416961669921875	42.074180603027344	38.16762924194336	84.8720932006836	21.229143142700195	28.13067626953125	42.929420471191406	48.68429946899414	107.58062744140625	159.13197326660156	150.38885498046875	35.42087173461914	63.43706130981445	75.84149932861328	56.68254852294922	63.374568939208984	41.493812561035156	49.79752731323242	52.030975341796875	86.6434326171875	38.741798400878906	69.7247085571289	71.37006378173828	36.03327178955078	12.975973129272461	344.98834228515625	141.7622528076172	18.233932495117188	54.816444396972656	133.56036376953125	20.3341007232666	17.671920776367188	22.329530715942383	48.90581512451172	88.27045440673828	72.38451385498047	20.979999542236328	54.93891906738281	403.3129577636719	47.37626266479492	93.0125732421875	73.54617309570312	35.35226058959961	27.834026336669922	75.0199966430664	170.64891052246094	195.67755126953125	142.6241912841797	38.63425827026367	45.98174285888672		50.5394287109375	51.156402587890625	46.21257400512695	51.132408142089844	64.81887817382812	32.648345947265625	369.8323059082031	100.37315368652344	59.21792984008789	91.941162109375	199.0240936279297	42.181827545166016	125.55642700195312	43.934749603271484	34.865150451660156	48.45948791503906	47.34040451049805	35.907222747802734	62.51957702636719	38.74766159057617	30.88960838317871	94.33068084716797	80.4737548828125	62.561309814453125	27.290971755981445	118.46826171875	74.18130493164062	74.83333587646484
2023-11-30	86.0489273071289	80.90135192871094	63.918968200683594	43.02431106567383	20.82929039001465	23.44822883605957	63.31193923950195	52.27457046508789	73.66304779052734	20.767841339111328	49.11595153808594	114.80255889892578	40.380001068115234	36.567787170410156	63.752052307128906	38.540000915527344	13.582061767578125	55.51485824584961	32.67829132080078	83.78199005126953	61.112342834472656	45.471988677978516	41.72800827026367	91.88984680175781	23.959823608398438	30.36716079711914	45.689453125	51.560237884521484	117.37316131591797	173.776123046875	166.58018493652344	35.60900115966797	69.73163604736328	80.09849548339844	64.28272247314453	68.49364471435547	43.438262939453125	53.08871841430664	54.35188674926758	93.2061996459961	39.547950744628906	76.60549926757812	77.81131744384766	34.26774978637695	12.675437927246094	382.3120422363281	157.10435485839844	20.166601181030273	54.404579162597656	146.006103515625	21.615812301635742	19.640949249267578	22.953208923339844	53.22290802001953	88.6727523803711	73.1459732055664	23.1299991607666	60.3310432434082	440.153076171875	51.70071792602539	95.59536743164062	80.84481811523438	37.78548812866211	29.13567543029785	70.13999938964844	186.34805297851562	214.8845672607422	154.9723358154297	42.03670120239258	49.76396560668945		52.10750961303711	56.14994430541992	50.42573547363281	51.671016693115234	72.65010833740234	35.713218688964844	403.7474060058594	108.48872375488281	63.37342071533203	100.55354309082031	217.76290893554688	42.61134719848633	133.94305419921875	49.03591537475586	37.3371467590332	51.499603271484375	51.23966979980469	38.904991149902344	67.39787292480469	38.470211029052734	34.26875686645508	102.66468811035156	90.8512954711914	65.14268493652344	28.69461441040039	124.90821838378906	82.31636810302734	81.29365539550781
2023-12-31	89.230712890625	81.24723052978516	66.19149780273438	44.40981674194336	21.85516357421875	22.77703094482422	71.22671508789062	54.286163330078125	77.01351928710938	21.365781784057617	52.07013702392578	123.1191635131836	40.90999984741211	37.83310317993164	65.7873764038086	39.029998779296875	15.001004219055176	58.63221740722656	33.99478530883789	86.94247436523438	64.53551483154297	47.235042572021484	43.445838928222656	103.62809753417969	25.61780548095703	31.438467025756836	48.45941162109375	54.501686096191406	124.39924621582031	194.8485107421875	173.2661895751953	35.60102462768555	73.71347045898438	83.49900817871094	67.07054138183594	70.92227935791016	44.30879592895508	54.473899841308594	55.90566635131836	97.75025177001953	38.68014144897461	82.61576843261719	83.03439331054688	32.90916061401367	12.248197555541992	403.67169189453125	165.92088317871094	22.056110382080078	58.954254150390625	153.82823181152344	22.978689193725586	20.503007888793945	23.522048950195312	57.02878952026367	89.06114196777344	73.95309448242188	21.780000686645508	64.2588119506836	460.2484130859375	54.05433654785156	97.92388153076172	87.86680603027344	39.62887954711914	30.087873458862305	66.6500015258789	205.51507568359375	238.2735137939453	170.2284393310547	44.38594055175781	52.20504379272461		53.47871780395508	59.18212127685547	54.57084655761719	52.27063751220703	79.51215362548828	38.621910095214844	422.2333984375	114.42633819580078	67.01676940917969	106.65213775634766	229.29104614257812	43.066009521484375	140.76077270507812	51.154850006103516	38.58164596557617	54.0257453918457	53.84938430786133	40.6648063659668	70.36199951171875	38.49990463256836	36.0692024230957	109.91852569580078	94.65131378173828	66.90910339355469	29.227991104125977	130.3118896484375	87.36412811279297	88.3019790649414
2024-01-31	89.0958480834961	81.59390258789062	66.08348083496094	44.148956298828125	21.185739517211914	23.334077835083008	68.38748931884766	53.28138732910156	76.07960510253906	21.045501708984375	50.801513671875	122.34622192382812	40.34000015258789	35.49567413330078	65.8638687133789	38.4900016784668	13.30532169342041	58.22696304321289	34.89934158325195	87.00560760498047	64.0951919555664	45.24589920043945	41.894535064697266	99.55956268310547	24.53350067138672	32.401153564453125	49.531654357910156	54.584110260009766	120.51791381835938	187.24717712402344	178.27967834472656	35.300628662109375	74.63276672363281	85.54026794433594	68.7527084350586	73.69758605957031	45.09857177734375	52.544708251953125	55.96223831176758	97.31742095947266	34.69249725341797	81.09719848632812	78.41925048828125	34.61325454711914	12.450798034667969	411.0153503417969	168.9431915283203	21.116575241088867	45.401004791259766	149.2731475830078	23.011890411376953	21.039306640625	23.594144821166992	55.56391143798828	89.45194244384766	74.18746185302734	20.90999984741211	67.88304138183594	467.5785217285156	54.943965911865234	98.25186157226562	85.8940658569336	38.97816848754883	30.20374870300293	70.91999816894531	199.97569274902344	231.3747100830078	165.9814453125	43.90409469604492	51.34022521972656		53.622955322265625	58.457027435302734	53.59525680541992	52.45882797241211	75.48975372314453	36.85358810424805	429.0193176269531	118.88790893554688	66.41202545166016	103.3143310546875	231.85243225097656	43.27458572387695	141.9847412109375	52.25897979736328	37.21110534667969	53.36473846435547	52.92959976196289	39.08177185058594	73.48019409179688	38.30244445800781	37.18197250366211	108.8578109741211	97.20838165283203	67.73584747314453	28.360336303710938	134.13389587402344	83.5091781616211	91.66456604003906
2024-02-29	87.78207397460938	81.95645141601562	65.18276977539062	43.91106033325195	20.957185745239258	24.18291664123535	66.59429168701172	54.67117691040039	76.67617797851562	20.99976348876953	52.47422409057617	129.78573608398438	40.540000915527344	35.56034851074219	66.06377410888672	38.650001525878906	13.401667594909668	59.74665069580078	36.71768569946289	85.193603515625	65.86566925048828	47.01091003417969	42.143856048583984	102.76652526855469	24.76270294189453	34.15231704711914	50.79253387451172	56.48906707763672	125.65699768066406	197.78030395507812	190.17555236816406	35.9105224609375	77.43760681152344	87.58152770996094	72.23512268066406	77.49935913085938	46.16082763671875	52.04144287109375	56.31112289428711	95.43722534179688	37.01862335205078	84.44583129882812	80.23677062988281	35.26369094848633	12.211359977722168	432.7306823730469	177.88211059570312	21.162185668945312	50.32423782348633	160.4626007080078	23.434457778930664	22.49003791809082	23.337291717529297	56.429935455322266	89.8516845703125	73.89999389648438	20.729999542236328	75.68285369873047	491.9800109863281	57.786888122558594	97.222412109375	83.95957946777344	40.27779006958008	30.27702522277832	73.36000061035156	211.51683044433594	249.90283203125	172.70663452148438	45.10872268676758	52.96756362915039		52.80657958984375	59.861324310302734	52.34795379638672	52.22325134277344	76.9835433959961	36.48179244995117	451.3586730957031	124.33123016357422	68.85896301269531	104.9368667602539	244.13763427734375	43.18389892578125	146.72073364257812	55.95144271850586	38.50654602050781	53.57411575317383	54.47187423706055	41.62510299682617	76.8501205444336	39.55607986450195	38.69763946533203	116.67814636230469	101.7816390991211	69.15705871582031	28.660320281982422	138.3763427734375	90.10022735595703	104.94770050048828
2024-03-31	88.57431030273438	82.29263305664062	65.73667907714844	44.40302658081055	21.038543701171875	25.49951934814453	67.3326644897461	55.26277160644531	78.20770263671875	20.860183715820312	54.099945068359375	134.96441650390625	44.04999923706055	38.09562683105469	66.7837905883789	42.0099983215332	13.469109535217285	61.828155517578125	39.101139068603516	85.81822204589844	68.08566284179688	48.187583923339844	43.9721794128418	106.120849609375	25.071247100830078	35.96765899658203	51.219444274902344	57.98188781738281	129.90304565429688	204.6768341064453	193.1691131591797	39.096492767333984	81.27430725097656	89.69019317626953	73.59265899658203	79.97052764892578	47.13099670410156	55.0330810546875	57.54634475708008	96.90791320800781	37.72120666503906	87.51216888427734	85.09931182861328	37.502540588378906	12.77311897277832	438.2479248046875	180.19903564453125	21.723499298095703	49.19400405883789	162.35812377929688	24.52646827697754	22.939254760742188	23.5040225982666	58.34625244140625	90.22797393798828	74.15383911132812	22.75	78.83206176757812	508.0687255859375	59.698970794677734	97.85102844238281	84.6168441772461	40.57114791870117	30.65233039855957	78.7300033569336	220.87489318847656	257.35491943359375	182.4094696044922	46.75899124145508	54.74115753173828		53.06943130493164	62.14973831176758	52.86193084716797	52.38835144042969	78.48551177978516	38.213836669921875	466.16375732421875	127.86228942871094	71.0108413696289	108.33029174804688	252.09576416015625	43.42875671386719	154.30462646484375	56.71417999267578	39.24724578857422	54.62295913696289	56.233787536621094	44.31755065917969	79.29136657714844	43.70408248901367	40.55730438232422	121.83636474609375	102.58511352539062	71.45348358154297	30.549036026000977	141.66659545898438	90.0418701171875	113.03849029541016
2024-04-30	86.37921905517578	82.64828491210938	64.1534652709961	43.77991485595703	20.276744842529297	26.610902786254883	61.16952896118164	55.84497833251953	76.32133483886719	20.39114761352539	53.019256591796875	130.27850341796875	45.400001525878906	38.3924560546875	65.88135528564453	43.29999923706055	12.7465181350708	59.792701721191406	37.12981033325195	83.13230895996094	65.86566925048828	48.234275817871094	43.68592834472656	100.23485565185547	24.136802673339844	34.509883880615234	51.97398376464844	55.27099609375	127.85502624511719	190.661865234375	185.5650634765625	39.260345458984375	78.42256927490234	86.00244903564453	69.3331298828125	77.70845794677734	45.83214569091797	55.368595123291016	56.64113998413086	93.76513671875	39.75299835205078	83.16089630126953	82.587158203125	37.58894729614258	12.984930038452148	419.07989501953125	172.2982177734375	20.29239273071289	48.82044982910156	154.61158752441406	23.419235229492188	22.031286239624023	23.11863899230957	56.35622787475586	90.62394714355469	73.82633209228516	24.049999237060547	74.53768157958984	487.5835266113281	57.30247116088867	96.19651794433594	79.15446472167969	41.42452621459961	30.295757293701172	78.37999725341797	206.57437133789062	238.6001434326172	171.4580535888672	45.16525650024414	53.3691291809082		51.99302673339844	60.56231689453125	49.746089935302734	52.19099807739258	72.25060272216797	36.835453033447266	447.4764404296875	122.77583312988281	67.62982940673828	106.2534408569336	241.14480590820312	43.37158966064453	148.26927185058594	54.34477615356445	39.62308883666992	53.46745300292969	54.928199768066406	42.28511428833008	75.60159301757812	43.29207992553711	38.86259841918945	117.54170227050781	96.67440795898438	70.64875030517578	31.056249618530273	134.5703125	85.99244689941406	107.05492401123047
2024-05-31	87.82135772705078	83.02625274658203	65.2315673828125	43.90586471557617	20.56524085998535	26.353063583374023	63.59359359741211	56.586822509765625	78.30965423583984	20.855562210083008	53.470333099365234	134.87747192382812	46.130001068115234	39.468448638916016	66.95780944824219	43.9900016784668	14.422931671142578	62.82285690307617	38.46883010864258	84.62884521484375	69.21398162841797	49.11211013793945	46.55768966674805	105.28549194335938	23.85470962524414	36.169368743896484	52.629241943359375	57.0477294921875	133.9302215576172	200.26795959472656	198.16908264160156	39.59714126586914	82.3812255859375	88.59253692626953	75.07808685302734	82.23258209228516	46.84269332885742	59.730228424072266	58.32896423339844	95.84083557128906	41.604408264160156	84.32901763916016	85.33719635009766	36.567745208740234	12.938883781433105	444.86090087890625	183.33566284179688	21.18224334716797	49.51966094970703	155.68508911132812	23.89984703063965	23.367259979248047	23.525527954101562	59.45181655883789	91.05595397949219	74.3575439453125	27.760000228881836	80.01129913330078	512.2454223632812	60.17438507080078	97.90599822998047	81.43966674804688	43.3535270690918	30.804492950439453	74.81999969482422	214.7875213623047	246.9904022216797	178.6258544921875	47.27159881591797	55.47850799560547		52.73532485961914	64.46627044677734	51.159400939941406	52.569801330566406	75.54502868652344	37.81483459472656	469.9652099609375	130.63934326171875	69.3576889038086	111.10252380371094	252.61961364746094	43.8071174621582	152.712890625	57.781898498535156	40.47812271118164	54.7608757019043	57.13838577270508	43.668701171875	80.844970703125	43.14393997192383	40.09511184692383	119.46656799316406	103.51603698730469	72.37051391601562	33.83893966674805	137.802001953125	86.16383361816406	112.78263092041016
2024-06-30	88.5990219116211	83.35775756835938	65.8060531616211	44.183650970458984	20.370372772216797	26.95332908630371	65.18296813964844	57.62650680541992	78.12686920166016	20.558168411254883	56.107662200927734	131.6112518310547	46.09000015258789	37.63485336303711	67.27876281738281	43.93000030517578	12.917129516601562	61.48250198364258	38.62641143798828	85.65874481201172	67.8155746459961	50.47267150878906	44.99994659423828	102.78722381591797	22.406564712524414	35.939453125	55.37934494018555	56.79786682128906	130.30734252929688	198.01622009277344	212.59634399414062	38.61003112792969	81.16614532470703	90.03453063964844	81.63679504394531	84.81012725830078	47.01689529418945	56.689064025878906	57.289066314697266	96.41234588623047	40.21259307861328	84.3095474243164	81.902099609375	38.17103576660156	12.938883781433105	473.64398193359375	194.73788452148438	21.395858764648438	40.726806640625	156.89443969726562	23.904117584228516	24.97467803955078	23.699142456054688	57.600379943847656	91.4190673828125	74.76224517822266	26.56999969482422	86.0147476196289	530.3174438476562	62.31190872192383	98.65155792236328	82.91950225830078	43.75187683105469	30.93410873413086	79.58999633789062	211.50149536132812	247.3145751953125	174.4858856201172	46.489646911621094	55.15950012207031		53.26494598388672	62.56431198120117	52.00968551635742	52.867008209228516	76.96194458007812	36.79011154174805	486.7295837402344	134.97772216796875	69.4758529663086	109.70967102050781	260.3975524902344	44.04302978515625	152.94667053222656	61.700748443603516	41.27555465698242	54.62801742553711	56.68428421020508	42.33315658569336	83.39527893066406	42.533817291259766	39.74151611328125	118.28520965576172	111.62694549560547	72.20037841796875	31.96337127685547	140.31552124023438	89.50440216064453	112.23538208007812
2024-07-31	90.74234771728516	83.73356628417969	67.35525512695312	45.12322998046875	21.154878616333008	25.949081420898438	67.81779479980469	57.79624938964844	80.21172332763672	21.034284591674805	57.07438278198242	137.028076171875	48.56999969482422	38.33804702758789	68.8613510131836	46.29999923706055	13.722024917602539	63.44013595581055	39.421382904052734	88.14047241210938	69.81343841552734	50.859256744384766	47.01893615722656	114.04312133789062	22.44276237487793	36.756893157958984	57.007568359375	58.978118896484375	141.29046630859375	218.4824676513672	208.2456817626953	39.19601821899414	85.97486114501953	92.9438705444336	79.55694580078125	83.29122924804688	47.959739685058594	60.50495147705078	58.95693588256836	98.9557876586914	39.59276580810547	88.85550689697266	84.40940856933594	37.177520751953125	12.524471282958984	465.6957702636719	191.4281768798828	22.739425659179688	40.094642639160156	159.1279754638672	25.38582992553711	24.734439849853516	24.124954223632812	60.543941497802734	91.82843017578125	75.6441650390625	26.389999389648438	84.57886505126953	536.7391967773438	63.01293182373047	100.35570526123047	85.92943572998047	43.686038970947266	31.644174575805664	77.73999786376953	226.40087890625	258.4676208496094	189.5999755859375	47.891300201416016	56.56105422973633		54.51919937133789	64.1478500366211	53.84368896484375	53.50007247924805	83.07222747802734	38.630977630615234	492.3741455078125	133.2001495361328	71.75174713134766	113.20201110839844	265.3230285644531	44.44961166381836	160.19305419921875	60.593788146972656	41.77547073364258	55.99562072753906	58.1695442199707	44.16914367675781	83.52183532714844	43.495086669921875	42.283966064453125	124.09901428222656	107.96080780029297	73.3977279663086	34.14460754394531	144.0508575439453	92.00211334228516	117.90672302246094
2024-08-31	92.06853485107422	84.12016296386719	68.33302307128906	45.351993560791016	21.80050277709961	25.151060104370117	69.73826599121094	58.3997688293457	82.02957153320312	21.63701820373535	57.49139404296875	141.0906982421875	49.59000015258789	38.15052795410156	69.92689514160156	47.279998779296875	13.85779094696045	65.57572174072266	40.18830490112305	89.32664489746094	72.06338500976562	51.34955978393555	49.1412239074707	112.26992797851562	23.465356826782227	37.37926483154297	57.305416107177734	60.3697624206543	145.7606658935547	214.79327392578125	212.44766235351562	39.019290924072266	89.29515838623047	98.19039916992188	80.18779754638672	85.39285278320312	49.33418655395508	63.48759460449219	61.959110260009766	100.80677795410156	39.88837814331055	92.78820037841797	85.75949096679688	35.40792465209961	12.285033226013184	470.8363952636719	193.72027587890625	24.00016975402832	38.20772171020508	162.33688354492188	25.985279083251953	25.170331954956055	24.31699562072754	61.67464065551758	92.26160430908203	76.31887817382812	26.350000381469727	87.77515411376953	549.2803955078125	64.53176879882812	101.15757751464844	87.74359130859375	44.28364181518555	32.13463592529297	74.33999633789062	226.42025756835938	258.43798828125	189.71469116210938	49.283546447753906	58.01906967163086		55.16807556152344	66.46228790283203	54.92493438720703	53.95914840698242	87.40914916992188	40.42650604248047	504.1596374511719	135.9153289794922	72.88501739501953	114.920166015625	270.978515625	44.69686508178711	164.80789184570312	61.95479202270508	42.18105697631836	57.33534240722656	59.57019805908203	45.19499588012695	85.01138305664062	42.59447479248047	44.217384338378906	127.59313201904297	108.71573638916016	77.79122924804688	35.78640365600586	151.33859252929688	91.82054901123047	116.53811645507812
2024-09-30	93.2956314086914	84.47533416748047	69.232666015625	45.919132232666016	22.312471389770508	25.446666717529297	71.50619506835938	60.15373992919922	83.68211364746094	22.30620574951172	57.91788864135742	144.91946411132812	52.130001068115234	38.981258392333984	71.11361694335938	49.70000076293945	14.245691299438477	66.34378051757812	39.61319351196289	90.56159973144531	72.86625671386719	54.131072998046875	51.11325454711914	113.21167755126953	23.44725799560547	37.50931167602539	58.10959243774414	61.77996826171875	147.8901824951172	216.3194580078125	218.37802124023438	37.6519889831543	90.23973846435547	95.19377899169922	81.35093688964844	89.9208984375	50.246063232421875	66.98152923583984	62.66437911987305	102.78553009033203	48.54690933227539	94.37490844726562	89.92546844482422	33.7426643371582	12.367916107177734	483.1798400878906	198.7330780029297	24.79298973083496	44.174983978271484	173.05593872070312	26.21799087524414	25.829214096069336	24.68848991394043	63.26323318481445	92.6516342163086	76.90901947021484	28.40999984741211	89.2101821899414	560.8177490234375	65.94178009033203	102.67250061035156	89.49798583984375	46.6351203918457	32.63478469848633	69.91999816894531	230.78390502929688	264.64630126953125	192.78578186035156	49.815093994140625	59.49751663208008		55.782039642333984	66.78233337402344	56.05812454223633	54.38300704956055	90.26712799072266	42.5394172668457	515.1316528320312	142.5189666748047	73.89904022216797	118.14892578125	276.48175048828125	45.15473175048828	167.3301544189453	63.41234588623047	45.26681137084961	58.51948165893555	61.118629455566406	46.40789031982422	88.2770767211914	41.308937072753906	43.97026062011719	131.88287353515625	111.5951156616211	78.66905975341797	38.14936447143555	148.83021545410156	98.5252456665039	118.58573913574219
2024-10-31	90.94576263427734	84.80885314941406	67.53255462646484	45.58696746826172	21.230377197265625	24.36113739013672	66.37723541259766	57.94712829589844	81.63932037353516	21.311656951904297	55.823333740234375	141.14913940429688	54.38999938964844	37.60155487060547	70.42837524414062	51.84000015258789	12.70378303527832	63.00926208496094	38.549434661865234	87.49393463134766	68.87985229492188	52.44330596923828	50.455909729003906	110.26909637451172	22.26177215576172	36.00448226928711	54.42624282836914	58.208072662353516	142.74107360839844	213.25421142578125	216.98866271972656	37.624088287353516	90.53550720214844	90.50003051757812	79.51751708984375	89.96866607666016	49.882286071777344	65.06886291503906	59.76704788208008	99.51756286621094	46.96396255493164	91.7660903930664	84.5636978149414	34.70222091674805	12.561308860778809	479.0021667480469	197.03121948242188	23.696855545043945	44.62516784667969	167.1746063232422	26.267616271972656	25.715164184570312	24.232576370239258	59.30110168457031	93.03040313720703	76.42923736572266	29.809999465942383	89.38734436035156	555.8133544921875	65.326416015625	100.77626037597656	84.61598205566406	44.7037353515625	32.358516693115234	73.08000183105469	229.25645446777344	264.1216735839844	190.88461303710938	47.258785247802734	56.79651641845703		54.448604583740234	63.10037612915039	53.12193298339844	54.07048797607422	87.23721313476562	39.592220306396484	510.2503662109375	145.39111328125	69.87366485595703	112.65230560302734	274.4019775390625	44.95016098022461	165.02011108398438	63.24553298950195	44.05591583251953	57.11162567138672	58.39027786254883	44.968177795410156	89.8785629272461	41.68061828613281	45.09571075439453	130.3151397705078	109.85516357421875	75.9393310546875	37.738494873046875	141.92112731933594	96.8140869140625	119.52195739746094
2024-11-30	91.95613861083984	85.1232681274414	68.25405883789062	46.346107482910156	21.277341842651367	24.61442756652832	68.0627212524414	57.23044967651367	83.12964630126953	21.207834243774414	54.75235366821289	147.41355895996094	52.70000076293945	37.36530685424805	71.58660125732422	50.25	12.015257835388184	63.38392639160156	39.96150588989258	88.38719177246094	68.75849151611328	51.208126068115234	52.305870056152344	122.47498321533203	20.967695236206055	36.45035934448242	54.38652801513672	59.79454803466797	153.7508544921875	236.8653564453125	229.43336486816406	39.279727935791016	97.05207061767578	89.65631866455078	82.6028060913086	92.83452606201172	52.03361129760742	66.5649185180664	61.14900207519531	101.29981994628906	45.1235466003418	95.8253402709961	83.23289489746094	34.188323974609375	12.340288162231445	504.6326599121094	207.58877563476562	24.43999481201172	44.01215744018555	178.8397674560547	27.477249145507812	27.559755325317383	24.35152816772461	59.78702163696289	93.39683532714844	76.65552520751953	27.920000076293945	95.30255126953125	588.9584350585938	69.2432632446289	101.27816772460938	86.2974853515625	44.29103469848633	32.89402770996094	71.61000061035156	253.4527130126953	298.5968933105469	207.59181213378906	47.447444915771484	56.57930374145508		54.83502960205078	61.99203109741211	54.13267517089844	54.23289489746094	90.95280456542969	39.365509033203125	540.299072265625	152.458740234375	71.07090759277344	112.81177520751953	292.787841796875	45.15288162231445	174.32742309570312	67.57454681396484	43.109901428222656	58.129005432128906	58.25811004638672	45.63747024536133	96.08920288085938	44.94581604003906	49.810970306396484	140.20828247070312	115.5347671508789	78.8775634765625	39.164730072021484	142.4429168701172	109.30859375	133.3682861328125
2024-12-31	90.39896392822266	85.4664077758789	67.10668182373047	45.990142822265625	20.559152603149414	24.426557540893555	62.12510299682617	55.98478317260742	81.27735900878906	20.733562469482422	53.46577453613281	138.46678161621094	51.9900016784668	34.66647720336914	71.02803039550781	49.5099983215332	11.143370628356934	61.29474639892578	38.348304748535156	86.39104461669922	66.64105224609375	50.303707122802734	49.881065368652344	112.5666275024414	19.696516036987305	35.26396560668945	52.63999938964844	57.86655044555664	144.07115173339844	217.0304718017578	233.7211456298828	36.2956657409668	92.6528091430664	83.95960998535156	83.73081970214844	93.13439178466797	49.878108978271484	61.631622314453125	58.25121307373047	98.58926391601562	45.539302825927734	91.48995208740234	76.1847915649414	35.60044479370117	12.504544258117676	506.9239196777344	208.53465270996094	22.63972282409668	38.31074142456055	180.37843322753906	25.65795135498047	27.670238494873047	23.98033905029297	57.89338684082031	93.76063537597656	76.84748840332031	26.329999923706055	93.70045471191406	574.7880249023438	67.56610870361328	99.5418701171875	80.79082489013672	44.3498649597168	32.63039016723633	75.55000305175781	234.64454650878906	277.5963134765625	191.33485412597656	45.78394317626953	55.10882568359375		54.22258377075195	60.291534423828125	51.14633560180664	54.36473846435547	83.33806610107422	37.7647705078125	527.6906127929688	152.3345489501953	68.1442642211914	109.7821273803711	283.8857727050781	45.107086181640625	163.21803283691406	67.877685546875	42.66834259033203	56.838409423828125	56.58441925048828	40.72549819946289	94.78230285644531	40.640193939208984	47.09059143066406	128.94509887695312	115.1249771118164	75.07347106933594	36.04169464111328	133.536376953125	110.52568054199219	121.882080078125
2025-01-31	90.86540985107422	85.7655258178711	67.50794982910156	46.102657318115234	20.578378677368164	24.716014862060547	62.05170822143555	54.48261260986328	82.65572357177734	21.137292861938477	54.401058197021484	144.8886260986328	55.47999954223633	36.172889709472656	71.99431610107422	52.869998931884766	11.133578300476074	64.0138931274414	40.254398345947266	86.92369842529297	69.77020263671875	51.04545211791992	50.75901794433594	115.71247100830078	21.627544403076172	36.970584869384766	50.9900016784668	58.860984802246094	155.20233154296875	222.4523162841797	236.72125244140625	37.16075134277344	98.49787139892578	89.28215026855469	82.6341781616211	100.07107543945312	51.1265754699707	63.0631217956543	59.1497688293457	99.1613540649414	47.04561996459961	94.2722396850586	79.88128662109375	36.003448486328125	12.812585830688477	517.890625	213.0333251953125	22.970298767089844	39.88206481933594	188.14735412597656	26.136926651000977	28.24608039855957	24.277423858642578	59.61827850341797	94.09708404541016	77.13809967041016	28.510000228881836	98.66111755371094	590.2247314453125	69.3890380859375	100.90583801269531	81.1886215209961	44.045711517333984	33.073848724365234	78.0199966430664	243.78501892089844	289.2429504394531	198.22824096679688	47.81367492675781	56.990264892578125		54.53108596801758	64.11972045898438	51.44203186035156	54.57966232299805	84.71330261230469	38.299354553222656	541.9109497070312	163.42344665527344	69.67904663085938	110.38628387451172	292.49603271484375	45.535621643066406	170.3521728515625	69.18579864501953	43.01713180541992	57.76546096801758	58.49520492553711	42.976192474365234	100.23564147949219	41.5795783996582	50.150062561035156	135.39431762695312	114.27832794189453	75.42681884765625	37.08451843261719	142.56369018554688	114.37818145751953	128.88735961914062
2025-02-28	92.89844512939453	86.0431900024414	68.96382904052734	46.509498596191406	20.866291046142578	24.14643669128418	66.87715148925781	53.58708953857422	84.41781616210938	21.336589813232422	52.62690734863281	144.92784118652344	56.540000915527344	36.08708572387695	72.69285583496094	53.869998931884766	10.878984451293945	65.42098999023438	41.4433479309082	89.3572998046875	71.47698974609375	51.47893524169922	51.02621841430664	109.2155990600586	21.10004234313965	37.7531852722168	48.099998474121094	58.984107971191406	153.42807006835938	210.8326873779297	228.88320922851562	38.158931732177734	101.00564575195312	90.9814682006836	81.40908813476562	98.87641906738281	51.79438781738281	64.5234603881836	62.048316955566406	101.51282501220703	52.069908142089844	90.62171173095703	80.61666107177734	35.13250732421875	12.860715866088867	503.88970947265625	207.35545349121094	23.60311508178711	39.096405029296875	185.0749969482422	26.803730010986328	27.0844669342041	24.797321319580078	59.92323303222656	94.4094467163086	77.70523071289062	28.309999465942383	98.42443084716797	582.73193359375	68.4971694946289	103.08258819580078	85.81401824951172	43.57826232910156	33.4074821472168	75.22000122070312	232.01763916015625	271.0345458984375	190.95831298828125	48.895565032958984	58.17095947265625		55.573143005371094	66.68449401855469	54.091896057128906	54.98102951049805	87.84738159179688	38.49028015136719	535.0553588867188	157.42678833007812	70.08191680908203	110.52053833007812	286.9714050292969	46.06662368774414	171.73081970214844	67.09874725341797	43.33685302734375	58.980560302734375	59.58023452758789	42.961673736572266	99.86359405517578	43.17367935180664	50.84185791015625	133.41746520996094	111.66410064697266	79.34236907958984	37.72258758544922	144.56329345703125	106.39236450195312	120.55009460449219
2025-03-31	92.87400817871094	86.3246078491211	68.97227478027344	45.95878219604492	21.082319259643555	23.75273323059082	65.23502349853516	53.54856872558594	83.44690704345703	21.622041702270508	53.118656158447266	142.53558349609375	61.88999938964844	37.254703521728516	71.90354919433594	58.959999084472656	11.182538986206055	65.49705505371094	41.877994537353516	89.66285705566406	71.73301696777344	51.9894905090332	52.1713752746582	102.47378540039062	22.183303833007812	37.65889358520508	51.47999954223633	58.946224212646484	152.00360107421875	196.3820037841797	209.78175354003906	39.99367904663086	99.3659439086914	89.06729125976562	74.82917022705078	93.47159576416016	50.091922760009766	66.377685546875	61.884071350097656	101.04335021972656	52.86679458618164	86.82320404052734	80.13621520996094	35.63870620727539	13.120626449584961	465.6636657714844	191.57093811035156	23.031597137451172	38.8214225769043	173.83255004882812	26.495994567871094	24.88591766357422	24.978458404541016	60.542667388916016	94.72277069091797	78.04767608642578	30.989999771118164	91.42832946777344	550.2625732421875	64.65917205810547	103.78325653076172	84.78024291992188	44.672157287597656	33.02173614501953	77.33000183105469	217.423828125	249.93942260742188	181.03208923339844	48.89080810546875	58.407108306884766		55.87698745727539	66.96477508544922	53.60710525512695	55.213382720947266	85.5740737915039	38.62392807006836	505.04937744140625	146.2382354736328	69.89530944824219	110.85617065429688	270.16827392578125	46.48583221435547	167.50833129882812	61.40555953979492	43.89495849609375	58.439857482910156	59.80683898925781	41.814476013183594	94.70930480957031	44.68183898925781	48.70891571044922	128.66384887695312	102.41157531738281	78.40895080566406	37.812889099121094	142.27723693847656	97.5461196899414	112.53705596923828
2025-04-30	93.27433776855469	86.6182861328125	69.24547576904297	46.749420166015625	22.298702239990234	23.75273323059082	63.33687210083008	55.06037139892578	83.234130859375	22.29348373413086	54.70961380004883	145.69259643554688	65.26000213623047	36.29478073120117	71.98779296875	62.16999816894531	11.525261878967285	68.09259796142578	44.4669189453125	90.60979461669922	74.63457489013672	52.18214797973633	53.812767028808594	98.12278747558594	23.454959869384766	39.92182159423828	53.56999969482422	61.408626556396484	155.78631591796875	191.8241424560547	212.98406982421875	35.27847671508789	99.41417694091797	87.05547332763672	75.9554672241211	94.26160430908203	49.08359146118164	68.5585708618164	63.8744010925293	100.76991271972656	50.204017639160156	84.91900634765625	80.48918914794922	30.143535614013672	11.97509765625	472.1681823730469	194.37969970703125	22.946155548095703	37.13225555419922	174.3609161376953	24.46804428100586	25.263580322265625	25.014820098876953	63.37301254272461	95.0683364868164	78.68189239501953	29.600000381469727	93.44404602050781	545.4916381835938	64.1085433959961	103.9139633178711	83.62684631347656	44.661983489990234	33.02173614501953	63.560001373291016	211.93307495117188	246.1571502685547	174.9001922607422	50.85297393798828	60.02471160888672		56.599952697753906	69.53998565673828	53.084102630615234	55.681644439697266	83.48529052734375	40.95320129394531	500.9512634277344	144.5629119873047	72.85665130615234	115.47837829589844	268.1826171875	46.866661071777344	161.43788146972656	62.64254379272461	43.88526153564453	58.33461380004883	61.50185012817383	40.79804992675781	93.71754455566406	38.48997116088867	47.682125091552734	128.8111114501953	104.14258575439453	78.56256103515625	37.83687210083008	136.8788604736328	97.44731903076172	114.0901870727539
2025-05-31	92.70826721191406	86.93289947509766	68.7785873413086	46.75320816040039	22.196134567260742	23.715118408203125	60.18256378173828	59.066162109375	84.2025375366211	22.60211181640625	57.12015151977539	157.77154541015625	65.23999786376953	37.494686126708984	73.24993133544922	62.15999984741211	12.406546592712402	71.51529693603516	47.32137680053711	89.48661041259766	78.28522491455078	54.60967254638672	56.30347442626953	103.25775146484375	23.81290626525879	42.13759994506836	54.310001373291016	63.9089241027832	175.97073364257812	201.8750762939453	230.60678100585938	36.05800247192383	105.0180892944336	83.71544647216797	83.03924560546875	101.41986083984375	49.96367645263672	70.68180847167969	64.94686889648438	100.97792053222656	51.33132553100586	88.43140411376953	83.31303405761719	31.23236083984375	12.071361541748047	515.505126953125	212.14529418945312	23.591724395751953	35.81627655029297	185.13372802734375	24.799720764160156	27.390409469604492	24.830305099487305	67.30880737304688	95.4046401977539	78.4815444946289	30.0	104.09569549560547	579.7730712890625	68.16942596435547	103.25730895996094	80.94187927246094	47.014163970947266	33.595096588134766	67.1500015258789	223.73818969726562	261.90179443359375	183.64617919921875	53.45958709716797	62.8073844909668		56.1331901550293	73.2120361328125	51.52076721191406	55.547142028808594	84.42098999023438	42.165565490722656	532.4193115234375	157.04916381835938	76.18453979492188	122.45003509521484	284.95263671875	46.68931198120117	166.19918823242188	68.41349792480469	45.58248519897461	58.945404052734375	64.4681167602539	41.98954391479492	99.56999206542969	38.98245620727539	49.833492279052734	140.19815063476562	114.528564453125	79.52264404296875	39.28512191772461	129.24903869628906	105.6181640625	122.9637451171875
2025-06-30	94.0574951171875	87.22386932373047	69.82168579101562	46.91143798828125	22.76999282836914	24.355552673339844	62.436973571777344	62.86635208129883	86.46643829345703	23.331037521362305	61.59513473510742	163.50172424316406	65.5199966430664	38.83805847167969	74.59663391113281	62.36000061035156	12.973965644836426	73.5358657836914	49.0167350769043	90.92012023925781	80.58132934570312	58.53498840332031	57.44466018676758	107.49151611328125	25.269906997680664	43.5994873046875	55.68000030517578	65.88672637939453	187.468017578125	213.01541137695312	245.40846252441406	37.9947509765625	108.29566955566406	84.81375885009766	91.4024429321289	108.71565246582031	51.1329460144043	71.94377899169922	63.841766357421875	103.08073425292969	54.07627487182617	92.53577423095703	83.9884262084961	33.1085090637207	12.552675247192383	548.4244995117188	225.7240447998047	23.62565803527832	39.852603912353516	185.59555053710938	25.359012603759766	29.058765411376953	25.08795166015625	70.3071060180664	95.7259750366211	78.94073486328125	32.810001373291016	111.3506851196289	609.5653076171875	71.6856689453125	104.22625732421875	83.09821319580078	49.95709228515625	34.22560119628906	73.11000061035156	233.13063049316406	275.34722900390625	190.39195251464844	55.27114486694336	65.18797302246094		56.811397552490234	75.00546264648438	52.800315856933594	55.87508010864258	85.00221252441406	44.05571746826172	559.9597778320312	168.94004821777344	79.45375061035156	129.61158752441406	299.6658020019531	46.92266845703125	172.3274688720703	72.68032836914062	48.10717010498047	60.41154861450195	67.01934051513672	42.9219856262207	106.82996368408203	40.880611419677734	51.38783264160156	145.2526092529297	125.80717468261719	78.27017211914062	39.432342529296875	131.9710693359375	107.59026336669922	127.56781005859375
2025-07-31	93.8092269897461	87.53489685058594	69.63619995117188	46.858272552490234	21.926156997680664	24.24196434020996	61.3552131652832	62.090824127197266	87.05699157714844	23.00177764892578	61.282962799072266	165.58775329589844	65.1500015258789	39.06076431274414	74.69792938232422	62.0099983215332	13.270853042602539	72.38505554199219	48.6723518371582	90.3801498413086	79.02723693847656	58.82752227783203	57.328216552734375	108.46522521972656	23.987611770629883	42.7120361328125	52.63999938964844	65.3592529296875	195.3785858154297	216.56912231445312	254.427978515625	38.89409255981445	108.53997039794922	81.82868194580078	94.8966064453125	109.8868179321289	51.16012191772461	73.19210052490234	62.259883880615234	102.98822021484375	56.36298751831055	95.515380859375	82.78956604003906	35.730037689208984	12.870342254638672	561.716552734375	231.160888671875	23.396093368530273	48.337730407714844	185.52651977539062	25.359012603759766	30.063533782958984	25.111555099487305	70.0459213256836	96.08562469482422	78.86810302734375	33.31999969482422	114.53865051269531	623.6046142578125	73.31287384033203	104.23577117919922	82.15117645263672	50.24894332885742	34.309104919433594	79.58999633789062	237.62640380859375	280.765869140625	193.5747528076172	54.505245208740234	64.58670043945312		56.56174087524414	73.21501922607422	52.322513580322266	55.840755462646484	85.07856750488281	43.16791915893555	572.7651977539062	172.7726287841797	79.2023696899414	128.92684936523438	306.5282287597656	47.069522857666016	172.61997985839844	75.46221923828125	48.4378662109375	60.85466766357422	66.41792297363281	42.88288879394531	105.7275161743164	42.037479400634766	51.38783264160156	149.67359924316406	130.53184509277344	77.11984252929688	41.36869812011719	127.7022705078125	109.61998748779297	129.343017578125
2025-08-31	94.92589569091797	87.85942077636719	70.43986511230469	46.92202377319336	22.379589080810547	24.56380271911621	60.6134033203125	64.3107681274414	88.62095642089844	23.582027435302734	61.91706085205078	166.94219970703125	68.4000015258789	41.636409759521484	75.52359771728516	65.0999984741211	14.240684509277344	75.76011657714844	50.53774642944336	91.86974334716797	82.54084777832031	60.5436897277832	58.5605583190918	116.09752655029297	26.127986907958984	44.41059875488281	51.97999954223633	69.29135131835938	197.187255859375	232.146240234375	257.25531005859375	40.586402893066406	112.85929107666016	86.36048889160156	94.49076080322266	114.83283996582031	52.09724044799805	73.12383270263672	64.12494659423828	104.06298065185547	60.170902252197266	97.17292022705078	88.52833557128906	33.975799560546875	12.754827499389648	567.0751342773438	233.38729858398438	24.467378616333008	61.93946838378906	195.52621459960938	26.71787452697754	30.361982345581055	25.50747299194336	73.10274505615234	96.45136260986328	79.56807708740234	36.189998626708984	115.32078552246094	636.4005737304688	74.85132598876953	105.9164047241211	82.16161346435547	52.80482864379883	34.725303649902344	74.83999633789062	248.39854431152344	291.36456298828125	203.85540771484375	56.9193000793457	67.26327514648438		57.434547424316406	75.97328186035156	52.50165939331055	56.33838653564453	88.03732299804688	44.96260452270508	584.6538696289062	177.9881134033203	83.16635131835938	135.2825164794922	313.7356262207031	47.70967102050781	178.6456756591797	76.03252410888672	50.120548248291016	61.897499084472656	69.23101806640625	45.10694885253906	109.6451644897461	43.570316314697266	52.977455139160156	149.67359924316406	130.38780212402344	78.08650207519531	40.71681213378906	134.55589294433594	114.72401428222656	130.1959228515625
2025-09-30	95.99549102783203	88.14958953857422	71.21841430664062	47.16902160644531	22.421504974365234	25.985313415527344	64.27554321289062	65.83275604248047	90.01288604736328	23.84752082824707	65.85821533203125	170.7880096435547	76.44999694824219	42.73704147338867	76.19270324707031	72.7699966430664	15.319374084472656	77.52985382080078	51.81439971923828	92.4679183959961	84.2783432006836	64.27830505371094	59.3077278137207	117.3138198852539	27.853784561157227	45.68928527832031	52.060001373291016	70.42303466796875	208.735595703125	239.52642822265625	272.689697265625	40.373653411865234	114.01241302490234	87.30625915527344	102.16207122802734	119.62399291992188	52.38899230957031	75.73748779296875	62.855533599853516	106.01649475097656	64.62654876708984	97.78462982177734	90.86708068847656	33.513633728027344	12.9281005859375	597.5623168945312	245.9236602783203	24.66387939453125	64.64017486572266	204.19454956054688	26.374839782714844	31.774707794189453	25.620603561401367	74.21520233154297	96.75881958007812	79.79700469970703	42.369998931884766	120.04422760009766	659.0694580078125	77.49516296386719	106.36300659179688	85.11201477050781	53.647682189941406	35.064056396484375	73.75	250.94235229492188	296.3395690917969	204.67462158203125	58.370628356933594	69.5550537109375		57.57168960571289	77.43447875976562	54.10206985473633	56.51027297973633	88.08807373046875	45.57356262207031	605.4061279296875	185.88018798828125	85.50525665283203	138.21356201171875	324.4652099609375	47.66259765625	182.75778198242188	79.59706115722656	52.97136688232422	62.811973571777344	71.6080093383789	44.014617919921875	116.92218017578125	43.431678771972656	53.03371047973633	152.48687744140625	140.21080017089844	76.27671813964844	42.39581298828125	136.8826446533203	118.84418487548828	134.34361267089844
2025-10-31	96.5863265991211	88.45904541015625	71.64781951904297	47.64210510253906	22.198833465576172	26.993898391723633	65.6702880859375	66.84093475341797	91.79135131835938	23.947105407714844	70.48223876953125	172.32040405273438	79.19000244140625	42.4149055480957	76.18421936035156	75.38999938964844	17.1204891204834	78.07141876220703	51.73762512207031	93.1256103515625	85.03125762939453	66.56977844238281	59.1912841796875	116.29696655273438	28.364774703979492	45.474578857421875	53.970001220703125	71.66020965576172	215.2492218017578	243.75347900390625	283.3222351074219	40.33496856689453	111.7159423828125	89.79875183105469	109.42755889892578	118.80126953125	52.51919174194336	78.00979614257812	62.006004333496094	106.17494201660156	62.38890838623047	100.36959838867188	88.60694122314453	32.901859283447266	13.072494506835938	626.1281127929688	257.70635986328125	24.32615089416504	69.23628234863281	203.83953857421875	25.84347915649414	33.23847579956055	25.706417083740234	73.72185516357422	97.1126937866211	80.06330871582031	44.0099983215332	120.67886352539062	674.780029296875	79.37467193603516	106.70599365234375	86.28749084472656	54.37326431274414	35.07805633544922	72.55999755859375	251.64303588867188	302.413330078125	202.5171661376953	59.40321731567383	70.81224060058594	76.87487030029297	57.89299774169922	77.91964721679688	54.80589294433594	56.69331359863281	85.92971801757812	45.000789642333984	619.8991088867188	184.8108367919922	89.19451904296875	138.02932739257812	331.63336181640625	47.7179069519043	182.04237365722656	82.79016876220703	53.743743896484375	64.14583587646484	72.7485122680664	42.074668884277344	113.40571594238281	42.84345245361328	51.5569953918457	153.30751037597656	149.57278442382812	74.24253845214844	43.31460952758789	141.87916564941406	118.98799896240234	135.11849975585938
2025-11-30	97.17134857177734	88.71343231201172	72.07576751708984	47.55494689941406	22.07456398010254	27.50770378112793	65.39476776123047	66.30776977539062	92.24722290039062	24.293777465820312	69.43841552734375	170.30357360839844	83.45999908447266	43.82059860229492	76.75281524658203	79.41000366210938	16.813705444335938	79.07716369628906	52.34223937988281	94.04580688476562	85.75521087646484	65.42891693115234	61.190208435058594	119.32779693603516	30.03272247314453	46.17594909667969	54.709999084472656	71.65061950683594	204.58604431152344	246.2481231689453	277.8614501953125	41.51475143432617	114.2469482421875	97.25653076171875	103.43898010253906	120.6209487915039	53.79747009277344	79.83350372314453	64.41789245605469	107.16361999511719	61.04436492919922	101.8593978881836	92.12489318847656	32.282901763916016	13.236141204833984	616.3540649414062	253.66600036621094	24.760372161865234	73.46902465820312	202.52792358398438	26.655014038085938	32.66093063354492	25.746604919433594	74.94071960449219	97.40100860595703	80.4146728515625	51.209999084472656	119.11212158203125	676.0958251953125	79.52305603027344	106.93763732910156	86.52247619628906	54.661869049072266	35.33338928222656	71.06999969482422	255.3536376953125	302.73199462890625	207.57737731933594	59.97795867919922	71.11436462402344	76.44120025634766	58.3475341796875	79.1131820678711	55.0196418762207	56.95329666137695	88.010986328125	45.649932861328125	621.2535400390625	189.32589721679688	88.41578674316406	139.38673400878906	332.5133056640625	47.82280731201172	186.6679229736328	81.46080780029297	53.088687896728516	64.37992858886719	73.05069732666016	43.90657043457031	113.9786376953125	43.971290588378906	52.50209426879883	151.95297241210938	142.37969970703125	77.25	44.05839157104492	155.05889892578125	117.26713562011719	138.39688110351562
2025-12-31	96.90025329589844	89.01077270507812	71.85943603515625	47.30805587768555	22.135499954223633	27.808223724365234	62.530887603759766	67.0582504272461	92.53904724121094	24.634300231933594	72.25157165527344	174.30795288085938	85.37000274658203	45.075721740722656	77.13089752197266	81.16999816894531	16.38602066040039	81.25361633300781	54.51876449584961	93.3299560546875	88.01907348632812	66.684326171875	60.50843811035156	119.19768524169922	30.06642723083496	47.43022537231445	54.04999923706055	72.42801666259766	214.15199279785156	244.50135803222656	276.236328125	41.36948776245117	119.09113311767578	96.54389190673828	104.87451171875	120.39424133300781	53.91497039794922	77.60214233398438	63.88760757446289	106.37330627441406	59.67449951171875	103.55999755859375	95.6700668334961	31.37652015686035	13.25	612.2249145507812	252.01593017578125	24.44322967529297	73.91999816894531	204.10861206054688	26.771465301513672	32.51329803466797	25.602313995361328	76.46344757080078	97.73726654052734	80.65168762207031	64.41999816894531	118.60758972167969	676.635009765625	79.5874252319336	106.27561950683594	84.22217559814453	54.432804107666016	35.50584030151367	69.16000366210938	255.46722412109375	301.1877746582031	208.7190399169922	61.88427734375	72.93669891357422	78.33966827392578	58.202415466308594	81.8984375	53.88248825073242	57.12320327758789	86.04283142089844	45.84000015258789	621.74267578125	192.3470001220703	90.4000015258789	142.28314208984375	332.4253234863281	47.843528747558594	188.13742065429688	81.04901885986328	53.59400177001953	64.50861358642578	74.88880920410156	44.77497100830078	116.65657806396484	43.841129302978516	54.108192443847656	153.89210510253906	143.4525604248047	76.21170043945312	41.81714630126953	152.90411376953125	118.6722412109375	137.7804718017578
2026-01-31	97.1427993774414	89.27378845214844	72.01466369628906	47.55282211303711	22.440073013305664	28.928085327148438	62.376983642578125	71.56986999511719	92.82738494873047	25.09225845336914	79.34947967529297	186.68466186523438	96.01000213623047	49.78483581542969	77.5996322631836	91.19999694824219	18.101415634155273	85.02666473388672	56.686954498291016	93.11642456054688	92.53514099121094	71.98176574707031	63.516109466552734	125.99169158935547	34.91457748413086	50.1196174621582	51.7400016784668	76.89974212646484	231.79766845703125	257.90045166015625	271.6081237792969	46.7663688659668	120.008056640625	97.90184783935547	107.00196075439453	124.9827651977539	55.15829849243164	80.4733657836914	67.27716064453125	106.74014282226562	61.98916244506836	104.75	104.35204315185547	35.29017639160156	14.520000457763672	619.7592163085938	255.13473510742188	25.148605346679688	85.62999725341797	205.86868286132812	29.104084014892578	31.895328521728516	25.74728775024414	80.6451187133789	98.0196304321289	80.81721496582031	75.44000244140625	119.15430450439453	686.6071166992188	80.75811767578125	106.82678985595703	84.19318389892578	58.20304489135742	35.73847198486328	79.5199966430664	267.29229736328125	311.885009765625	219.8551788330078	65.57929992675781	77.07137298583984	82.74950408935547	58.173274993896484	85.70880889892578	53.81489181518555	57.24964904785156	88.28895568847656	47.939998626708984	630.7545776367188	198.13836669921875	98.80999755859375	151.3861541748047	337.68035888671875	48.10470199584961	196.76657104492188	80.00072479248047	56.29563903808594	64.72866821289062	79.0779800415039	48.64527130126953	118.9952621459961	50.057918548583984	52.79426193237305	164.1304168701172	143.36288452148438	81.93150329589844	42.365692138671875	152.84486389160156	120.4213638305664	139.59153747558594
2026-02-28	98.69525909423828	89.51217651367188	73.1680908203125	48.28096389770508	22.66445541381836	31.187625885009766	66.50337982177734	74.63062286376953	94.33808898925781	25.4862003326416	87.16315460205078	198.6836395263672	104.13999938964844	54.70039749145508	77.59867858886719	99.06999969482422	18.171226501464844	89.2725830078125	58.7668571472168	95.4163818359375	96.73636627197266	76.14830017089844	68.40727233886719	128.63987731933594	36.02046585083008	52.11688995361328	52.27000045776367	82.45970153808594	243.1092529296875	259.6485900878906	261.6335144042969	51.11741638183594	118.0953369140625	100.81600952148438	106.63240814208984	121.42715454101562	56.734901428222656	88.1299819946289	72.6925277709961	108.21099090576172	58.67115020751953	106.93000030517578	115.3703384399414	36.498069763183594	14.920000076293945	605.228759765625	249.16615295410156	26.69651222229004	99.86000061035156	204.05889892578125	31.00726890563965	30.639448165893555	26.046899795532227	84.54077911376953	98.29212188720703	81.24701690673828	84.98999786376953	118.75669860839844	680.6734619140625	80.12316131591797	108.18048095703125	88.09449005126953	59.746482849121094	35.705039978027344	81.94999694824219	274.4427795410156	319.312255859375	226.56643676757812	69.58142852783203	81.126708984375	87.4395523071289	59.16801452636719	88.32415008544922	56.068687438964844	57.56675720214844	93.0437240600586	50.709999084472656	625.6190795898438	190.83705139160156	108.93000030517578	158.8810272216797	335.8955993652344	48.26914978027344	204.16439819335938	76.56513977050781	57.92060089111328	65.71900939941406	83.1976547241211	52.73277282714844	116.98360443115234	54.833282470703125	50.80855178833008	175.73780822753906	138.2612762451172	88.30863952636719	46.754093170166016	158.23797607421875	116.13800048828125	149.31358337402344
2026-03-31	96.92412567138672	89.7697982788086	71.89690399169922	47.24847412109375	21.640119552612305	29.997554779052734	62.47317123413086	68.74762725830078	91.04541015625	24.17674446105957	78.19632720947266	179.944580078125	92.69000244140625	54.43112564086914	76.85868072509766	88.16000366210938	18.24104118347168	82.32740783691406	54.074066162109375	93.20252990722656	89.07183837890625	69.19416046142578	66.07015991210938	123.48877716064453	35.07255935668945	47.47966384887695	46.84000015258789	75.6927719116211	218.34344482421875	246.7671356201172	248.40042114257812	56.839881896972656	112.39663696289062	92.71781921386719	99.85052490234375	114.07756042480469	54.01961898803711	85.18968200683594	66.21977233886719	105.96794891357422	55.81011199951172	96.69999694824219	105.15391540527344	45.8503532409668	17.31999969482422	575.9462280273438	237.09512329101562	24.76108169555664	88.0	185.4041290283203	30.19672203063965	29.07036018371582	25.718294143676758	77.33134460449219	98.57809448242188	80.86799621582031	68.13999938964844	111.75592803955078	647.0621337890625	76.1248550415039	106.71074676513672	84.36804962158203	56.17555236816406	35.370914459228516	127.25	260.3749084472656	301.6719665527344	215.33140563964844	63.58720779418945	74.57568359375	80.38126373291016	58.186031341552734	81.12035369873047	53.83870315551758	57.282981872558594	87.16899871826172	44.45000076293945	594.286865234375	179.0718231201172	97.7300033569336	144.7251739501953	319.0845642089844	48.3175163269043	194.33798217773438	72.64492797851562	53.88310623168945	63.458492279052734	76.62606811523438	49.5557975769043	110.20912170410156	60.461978912353516	49.02415466308594	160.90061950683594	132.5869903564453	80.88314056396484	45.2659912109375	145.4097442626953	108.52425384521484	144.5659942626953
2026-04-30	97.08773040771484	90.02916717529297	72.00466918945312	47.358863830566406	22.000707626342773	30.405481338500977	61.44535446166992	76.37962341308594	93.30998229980469	24.748991012573242	90.51329040527344	194.74693298339844	91.37000274658203	54.32257843017578	78.02745056152344	86.8499984741211	20.71440315246582	87.02647399902344	58.57038116455078	93.06242370605469	94.00114440917969	77.86450958251953	67.57892608642578	136.1942901611328	35.9809684753418	51.335777282714844	49.41999816894531	79.64014434814453	218.15379333496094	276.5881652832031	278.4772033691406	56.05057907104492	120.0869369506836	92.1131820678711	120.10628509521484	122.64877319335938	55.29764175415039	87.55770874023438	67.87996673583984	106.26668548583984	57.19095993041992	100.37000274658203	109.06427001953125	50.900814056396484	18.530000686645508	666.3126831054688	274.29278564453125	26.897523880004883	105.43000030517578	196.9788360595703	31.5648250579834	32.842620849609375	25.99595832824707	82.44007873535156	98.87567901611328	81.022216796875	66.66000366210938	133.36744689941406	715.0377197265625	84.10135650634766	107.87106323242188	83.65965270996094	59.296810150146484	35.96993637084961	147.08999633789062	282.7123718261719	334.31939697265625	230.36744689941406	68.27091217041016	80.35504913330078	90.01042938232422	58.123294830322266	85.75553131103516	53.48325729370117	57.3968505859375	94.66731262207031	47.22999954223633	656.97265625	195.9992218017578	107.29000091552734	156.93533325195312	352.2750549316406	48.73655700683594	204.81756591796875	82.99473571777344	58.748043060302734	64.98181915283203	82.5387191772461	51.043365478515625	115.8259506225586	58.872955322265625	51.76482391357422	173.6847381591797	159.1243438720703	83.18196868896484	46.21293640136719	144.79483032226562	117.85506439208984	159.32962036132812
2026-05-31	97.37279510498047	90.3149185180664	72.20321655273438	47.747127532958984	21.945274353027344	30.843257904052734	62.01961135864258	77.21437072753906	94.32730102539062	24.940771102905273	100.44439697265625	193.65341186523438	89.93000030517578	53.21738052368164	78.36800384521484	85.48999786376953	23.506906509399414	89.06570434570312	59.59585189819336	93.04472351074219	96.44119262695312	82.80482482910156	65.67571258544922	137.7439727783203	34.4998664855957	52.265201568603516	48.560001373291016	82.11344146728516	235.00242614746094	288.9862060546875	299.3802185058594	52.59736633300781	120.23481750488281	93.66938018798828	143.61814880371094	122.81761932373047	54.23120880126953	82.9301986694336	66.74352264404297	107.1830825805664	54.737220764160156	103.72000122070312	111.92526245117188	48.963375091552734	17.6200008392334	736.7318115234375	303.28857421875	26.848299026489258	99.62999725341797	200.72769165039062	31.988052368164062	35.048095703125	26.050329208374023	85.30018615722656	99.16923522949219	81.08428955078125	68.33000183105469	150.1143798828125	752.6671142578125	88.56700897216797	108.07611846923828	84.10588836669922	59.041526794433594	36.107872009277344	129.08999633789062	291.778564453125	354.89996337890625	232.7561492919922	71.21806335449219	83.41354370117188	93.88184356689453	58.11050796508789	87.59581756591797	53.757728576660156	57.4549446105957	94.04817199707031	46.0099983215332	691.6919555664062	196.23818969726562	116.13999938964844	159.82408142089844	370.5363464355469	48.804298400878906	209.83946228027344	89.41118621826172	59.69511032104492	65.60420227050781	85.51988983154297	50.726016998291016	115.0107650756836	55.55672836303711	51.21867752075195	172.24217224121094	190.5701141357422	81.80070495605469	43.81597900390625	148.246337890625	120.36453247070312	168.31141662597656
2026-06-30	97.62035369873047	90.56097412109375	72.39749908447266	47.959041595458984	21.50389289855957	30.610000610351562	63.34332275390625	75.88999938964844	94.7369384765625	25.01809310913086	102.30000305175781	200.5	79.41999816894531	48.95854949951172	78.43567657470703	75.51000213623047	20.489999771118164	89.01000213623047	59.95201873779297	93.27848815917969	96.58000183105469	82.83999633789062	66.5999984741211	147.7755889892578	33.75	53.33000183105469	49.38999938964844	81.93000030517578	242.13929748535156	299.6673583984375	290.3837585449219	49.130001068115234	124.51000213623047	98.37999725341797	144.47999572753906	112.8499984741211	55.039058685302734	84.97000122070312	67.52999877929688	107.30408477783203	51.029998779296875	103.95999908447266	105.83999633789062	42.85503005981445	15.880000114440918	735.6334838867188	302.650634765625	27.38520050048828	88.5	192.9600067138672	31.459062576293945	33.80552673339844	25.926082611083984	82.2699966430664	99.46466827392578	81.13665771484375	53.470001220703125	161.27691650390625	744.9202270507812	87.64456176757812	107.58259582519531	85.08650207519531	57.000667572021484	36.16551971435547	106.44000244140625	302.2316589355469	365.37432861328125	241.93177795410156	71.07421875	83.55477142333984	95.48043060302734	58.193389892578125	88.32006072998047	54.302921295166016	57.48952102661133	95.60083770751953	44.849998474121094	685.0485229492188	183.61517333984375	115.69000244140625	154.0012969970703	369.1084899902344	48.61074447631836	216.92625427246094	86.05380249023438	59.576416015625	65.9070816040039	85.33582305908203	50.59715270996094	106.77808380126953	52.79617691040039	53.420936584472656	184.73350524902344	190.2979278564453	82.52723693847656	45.00905227661133	158.0550994873047	117.02226257324219	169.85447692871094
2026-07-31	96.35469055175781	90.86624908447266	71.4713363647461	47.41413879394531	21.58737564086914	30.920000076293945	58.65468978881836	69.72000122070312	93.37565612792969	25.071250915527344	92.12000274658203	198.25999450683594	80.13999938964844	51.998592376708984	78.31645202636719	76.16999816894531	17.549999237060547	90.48999786376953	60.32988739013672	91.98310089111328	98.25	77.61000061035156	66.80999755859375	144.9358673095703	35.369998931884766	52.15999984741211	49.79999923706055	82.73999786376953	239.38250732421875	290.4414367675781	276.15533447265625	55.72999954223633	133.0	100.26000213623047	132.67999267578125	114.9800033569336	56.3509407043457	83.70999908447266	69.19000244140625	104.89712524414062	55.79999923706055	108.08000183105469	105.66999816894531	47.82631301879883	17.559999465942383	687.2738647460938	282.9913635253906	28.138736724853516	65.97000122070312	200.27999877929688	33.20513916015625	34.135189056396484	25.739620208740234	83.9000015258789	99.79762268066406	81.26351165771484	52.36000061035156	143.59576416015625	745.1796264648438	87.66451263427734	106.84599304199219	81.27993774414062	59.44815444946289	36.132118225097656	129.1699981689453	294.2750549316406	340.15679931640625	243.56463623046875	70.4457778930664	82.65686798095703	91.88077545166016	57.755889892578125	90.36495971679688	52.127723693847656	57.566802978515625	98.09916687011719	46.029998779296875	684.8889770507812	181.44912719726562	109.02999877929688	150.2383575439453	367.2830810546875	48.718658447265625	218.93695068359375	85.11473846435547	58.638206481933594	64.83761596679688	84.43743896484375	50.1989860534668	107.88443756103516	59.198123931884766	56.73918914794922	179.3579559326172	175.14561462402344	84.49430084228516	44.026275634765625	161.93026733398438	115.83487701416016	154.03106689453125
2026-08-31	96.73004913330078	91.11775207519531	71.73148345947266	47.313636779785156	21.73179054260254	31.3799991607666	59.355072021484375	76.31999969482422	93.89480590820312	25.338388442993164	98.23999786376953	197.8000030517578	88.11000061035156	55.902957916259766	79.02340698242188	83.70999908447266	17.299999237060547	92.62999725341797	61.910972595214844	92.0903549194336	100.26000213623047	81.7300033569336	65.13999938964844	143.99925231933594	34.900001525878906	53.2599983215332	49.70000076293945	85.58999633789062	228.08560180664062	293.164306640625	286.93658447265625	58.18000030517578	134.2100067138672	104.23999786376953	141.1300048828125	116.56999969482422	56.78248596191406	80.91000366210938	68.3499984741211	105.31159210205078	54.720001220703125	114.44999694824219	115.44999694824219	50.52854537963867	18.649999618530273	716.013916015625	294.86883544921875	27.266220092773438	77.5199966430664	198.4600067138672	34.61389923095703	35.62367248535156	25.775432586669922	86.80000305175781	100.08289337158203	81.40367889404297	60.130001068115234	146.85044860839844	765.1499633789062	90.03813171386719	106.81999969482422	81.875244140625	60.06108474731445	36.480918884277344	133.6999969482422	298.2732849121094	349.9280700683594	244.2217559814453	72.74009704589844	85.05127716064453	95.75885772705078	57.81051254272461	91.43231201171875	52.54926681518555	57.70794677734375	95.61075592041016	44.7400016784668	703.0821533203125	186.17051696777344	115.44999694824219	159.80044555664062	377.19805908203125	48.72846984863281	223.81439208984375	88.15170288085938	60.40483856201172	65.28014373779297	87.16252136230469	52.448631286621094	111.09386444091797	63.58206558227539	57.506473541259766	174.66058349609375	186.28260803222656	84.42475891113281	41.9217529296875	169.88980102539062	116.33377838134766	152.0843505859375
2026-09-30	94.20600128173828	91.37699890136719	69.9010009765625	46.75599670410156	21.137001037597656	32.529998779296875	54.69900131225586	75.26000213623047	90.39599609375	24.691999435424805	99.08000183105469	189.25999450683594	82.18000030517578	52.7400016784668	76.86800384521484	78.0999984741211	17.0	89.4800033569336	61.040000915527344	89.00299835205078	96.87999725341797	81.16000366210938	61.560001373291016	136.0399932861328	34.5	52.630001068115234	46.68000030517578	85.11000061035156	207.17999267578125	277.8900146484375	294.9100036621094	56.970001220703125	127.0	102.12000274658203	148.22000122070312	118.2699966430664	55.87900161743164	76.88999938964844	65.43000030517578	101.74099731445312	52.189998626708984	105.70999908447266	106.98999786376953	55.40699768066406	19.299999237060547	739.77001953125	304.6400146484375	25.780000686645508	64.26000213623047	184.8699951171875	32.529998779296875	35.93000030517578	25.073999404907227	84.41999816894531	100.3790054321289	80.95899963378906	54.5099983215332	151.5800018310547	762.6300048828125	89.76000213623047	104.04000091552734	77.4679946899414	58.125755310058594	35.5	145.66000366210938	284.489990234375	337.8299865722656	231.02999877929688	70.61000061035156	82.97000122070312	95.20999908447266	56.47099685668945	86.80000305175781	49.93499755859375	57.37699890136719	89.62999725341797	42.52000045776367	700.8599853515625	190.58999633789062	115.80999755859375	155.25	374.239990234375	48.28700256347656	216.0800018310547	90.11000061035156	59.310001373291016	62.80400085449219	84.95999908447266	48.70000076293945	110.97000122070312	61.5	53.400001525878906	166.97999572753906	195.75	80.5999984741211	39.439998626708984	168.4199981689453	108.83999633789062	146.75
2026-10-09	94.58999633789062	91.51000213623047	70.22000122070312	46.97999954223633	21.170000076293945	33.150001525878906	55.25	76.16000366210938	91.16999816894531	24.84000015258789	99.0199966430664	189.75999450683594	82.98999786376953	53.880001068115234	77.2300033569336	78.87000274658203	17.280000686645508	89.20999908447266	60.189998626708984	89.4000015258789	96.5199966430664	81.4000015258789	62.75	137.5500030517578	38.150001525878906	52.29999923706055	46.029998779296875	85.26000213623047	206.64999389648438	278.94000244140625	300.6600036621094	59.880001068115234	127.55999755859375	103.16999816894531	149.83999633789062	117.31999969482422	56.77000045776367	79.56999969482422	67.4000015258789	102.41000366210938	52.54999923706055	108.73999786376953	109.08000183105469	57.18000030517578	19.65999984741211	751.27001953125	309.3900146484375	25.690000534057617	60.970001220703125	189.25999450683594	33.040000915527344	36.7400016784668	25.18000030517578	83.93000030517578	100.51000213623047	81.19999694824219	54.779998779296875	151.16000366210938	778.5700073242188	91.63999938964844	104.41999816894531	77.9800033569336	58.763999938964844	35.70000076293945	148.1999969482422	289.4800109863281	344.739990234375	234.42999267578125	70.3499984741211	82.81999969482422	96.33000183105469	56.70000076293945	86.02999877929688	50.18000030517578	57.56999969482422	90.6500015258789	42.150001525878906	715.5900268554688	190.36000061035156	115.37000274658203	155.1199951171875	381.94000244140625	48.459999084472656	220.58999633789062	91.97000122070312	59.7599983215332	63.34000015258789	84.81999969482422	49.43000030517578	110.37999725341797	65.08000183105469	54.72999954223633	169.25	198.77999877929688	83.43000030517578	41.40999984741211	170.80999755859375	112.8499984741211	148.7899932861328
