	AGG	BIL	BND	BNDX	BWX	DBMF	EDV	EEMS	EMB	EMLC	EMXC	EXI	GLDM	GUNR	HYG	IAU	ICLN	IDEV	IDMO	IEF	IEFA	IEMG	IGF	IJR	ILF	IMTM	INDA	IPAC	ITA	IWM	IWY	IXC	IXG	IXJ	IXN	IXP	JEPI	JXI	KXI	LQD	MCHI	MOAT	MXI	OILK	PDBC	QQQ	QQQM	REET	REMX	RXI	SCHD	SCHG	SCHP	SCZ	SGOV	SHY	SLV	SPMO	SPY	SPYM	TIP	TLT	UEVM	USHY	USO	VB	VBK	VBR	VEA	VEU	VEXC	VGIT	VGK	VGLT	VGSH	VNQ	VNQI	VOO	VOX	VPL	VSS	VTI	VTIP	VTV	VUG	VWO	VWOB	VXUS	XLB	XLC	XLE	XLF	XLI	XLK	XLP	XLU	XLV	XLY	XMMO
2021-09-30	0.0	0.0	0.0	0.0	0.0	0.0	0.0	0.0	0.0	0.0	0.0	0.0	0.0	0.0	0.0	0.0	0.0	0.0	0.0	0.0	0.0	0.0	0.0	0.0	0.0	0.0	0.0	0.0	0.0	0.0	0.0	0.0	0.0	0.0	0.0	0.0	0.0	0.0	0.0	0.0	0.0	0.0	0.0	0.0	0.0	0.0	0.0	0.0	0.0	0.0	0.0	0.0	0.0	0.0	0.0	0.0	0.0	0.0	0.0	0.0	0.0	0.0	0.0	0.0	0.0	0.0	0.0	0.0	0.0	0.0		0.0	0.0	0.0	0.0	0.0	0.0	0.0	0.0	0.0	0.0	0.0	0.0	0.0	0.0	0.0	0.0	0.0	0.0	0.0	0.0	0.0	0.0	0.0	0.0	0.0	0.0	0.0	0.0
2021-10-31	-0.006023241369814514	-0.000626518090780337	-0.0024753699255143148	-0.011301875109870707	-0.004718740964966628	0.047319753680736196	0.19229464689685755	0.04646608987920899	0.009887820276196635	-0.01663074365372097	0.025115316176226088	0.2423391031526762	0.057476550372570046	0.12767906462533746	-0.013016886280036033	0.05494934671665419	0.19070760146040583	0.1146106732213866	0.09356829335564498	-0.030356621355815606	0.10422584248789235	0.06320276518218293	0.10422239544446939	0.1669929310596217	-0.05287101547797306	0.0885729169501758	0.010720857676642482	-0.025854118058606445	-0.005572318366932905	0.43409324431627283	0.716892374044869	0.12486392286228351	0.24302977505928994	0.163126287939167	0.19277359245874665	0.018986861269479505	0.09451010939623643	0.15405425713773865	0.07542682664276298	0.013626684133919298	0.15557961212795135	0.12528926177027416	0.19818315585437177	0.12377615433249503	0.039971966077355606	1.4640708883943716	0.601741288008293	0.09194549533108613	0.7750402008558581	0.7881776985236684	0.04837895588771346	0.08679340508282962	0.02181692790925922	0.07856024902979471	-0.0002578972419769343	-0.015245102073163253	0.11183352514738373	0.21352854653418946	1.5001427320663425	0.17587885805197628	0.09039352492909529	0.14318610437763937	0.004394831636653862	-0.00240557701149271	0.3114971165009536	0.511020232046917	0.7297184757984269	0.36476818969345004	0.07969797396197578	0.08930984193536347		-0.025781449233494413	0.16232436924227614	0.06451015436089165	-0.009949718459728274	0.35192571296289543	0.0692522877105148	1.376018839130802	-0.0002409353864550212	-0.03128530357980708	0.22923155181551919	0.7427309107487872	0.020196020267184166	0.3552936527988663	0.20848062322118038	0.057174242795917964	0.0027522150705124203	0.09686110261956742	0.15421753652080952	-0.01708744460001981	0.14484140650417315	0.1431492834388564	0.31849585107361233	0.31443496249094094	0.10173568993122899	0.08086520554459468	0.278101806224447	0.5741868303867819	0.3250588425548244
2021-11-30	-0.0024343553829999105	-0.0016536635199008742	-0.0007393015796037616	0.00397657436736381	-0.026369609243404854	0.048281492973260356	0.5048690216696764	-0.002531448982086888	-0.09587197768058331	-0.07215038650986116	-0.07276959976461513	0.18236513143343927	0.07647340860275448	0.13249728799148727	-0.06603790573418108	0.072404386466593	0.2204541767761236	0.028894557149318413	0.09836430923118371	-0.002043056266024905	-0.004725025730465408	-0.04231676995979683	0.04733089132040731	0.21945184266855677	-0.15142684549171634	0.056969912606222126	-0.07291818951519759	-0.1773249253116967	-0.3254739488655241	0.3272782901156461	1.4230668340547663	0.10773330163861601	0.12981699857786452	0.1452217319575675	0.4475369572796615	-0.09597450195160717	0.12705816256728097	0.1914374713111397	0.08582468881366026	0.0005633845158126852	0.0015748755057359148	0.10481333411254126	0.2290434396676619	-0.010779434282836748	0.014235608996910685	3.030206915610197	1.2441107639810478	0.1314689768490359	1.5525230846016278	1.1987337413216892	0.06443946990811185	0.15402041067652872	0.043115462589360616	-0.09643940874824239	-1.5442134233580867e-05	-0.026074844749789463	0.11441263602622313	0.28910281260504916	2.4827203988181097	0.29313693698190035	0.18050480836348926	0.3980895887337101	-0.07994850846749728	-0.024250240463671274	0.0016060993366420334	0.4353483340835964	0.30673321642560036	0.44509819232705466	0.009194337886514175	0.005182401936203857		-0.0316938425304977	0.08881447758737294	0.19620358214283667	-0.017158173767164726	0.47491588682871677	0.002963169735735391	2.28823946271943	-0.40271334245413526	-0.21562767129788654	0.03936929895771982	1.1445589142182462	0.03821360637374937	0.42653086311655897	0.3839776869787693	-0.00443616299398741	-0.062244136132627546	0.011697341764042898	0.26049878719008346	-0.24195183299920928	0.16491525964998688	0.12272077816698242	0.3864959524142978	0.7438261431471165	0.16143435183440488	0.116139093919424	0.32258979426400625	1.0788435190393124	0.5386043805685403
2021-12-31	-0.010949350236317514	-0.002500263171280494	-0.0059151721156613345	-0.0028651679445206354	-0.03941783977964087	0.05463852879131298	0.5459539519904633	0.07568111317157467	-0.04190608537970411	-0.08372470379345032	-0.002473993939323689	0.4168348847245711	0.13512341898899308	0.2415068084729795	-0.006319100133433491	0.12934398410783843	0.08319755111139168	0.09682906513978401	0.16686440589872462	0.010542611667705388	0.06867987152313049	-0.059950252554648385	0.131666776022417	0.4259091785520086	-0.1577919166644675	0.10509638945246844	-0.059560003827640005	-0.19163954413518422	-0.3062147104396122	0.34371058882608396	2.0295486309249564	0.12413922492678614	0.18728438684440696	0.46945654487812316	0.7171272503238485	-0.11613002086231017	0.26031698892826444	0.44734255432720693	0.3319813325556661	0.008589189658117447	-0.2495756578998305	0.24853696802192007	0.4966398679126191	0.051733276921980514	0.02836196659584243	4.098858373693181	1.6801648767248534	0.24410973556088936	1.652336629458452	1.4379748186536743	0.15146762152452253	0.20431875824065626	0.06006259926361519	-0.0800068950932	0.0004940429124139882	-0.042070503523566914	0.11824711413524913	0.3734870707252507	3.9918646333311187	0.4696177721206295	0.2516227929551251	0.4344261369362916	-0.012220434629865846	0.002208094227209246	0.12212985177101904	0.6045132569733005	0.10372163435551007	0.7583510595356893	0.06187809314370292	0.05070755210766219		-0.040855896182139986	0.20240588412200644	0.21380698517063546	-0.027571593027249944	0.9853596824709302	0.02240689814103075	3.669963134132182	-0.5204696924798218	-0.2258784489018626	0.13091393962664324	1.7341757938087157	0.05329272838843417	0.8724658694780414	0.517506738283085	-0.012860929227080308	-0.016398050794857226	0.05787700269714423	0.455696187463624	-0.268303412031119	0.19127968640053677	0.14579222960090008	0.6183699709921066	1.153735904499512	0.5284138333317883	0.2750225330600175	0.9499046447354899	1.3105480515999393	0.6384998424010837
2022-01-31	-0.14075081305907217	-0.0031138696062233974	-0.10360603046683337	-0.044298154695298034	-0.0857350120973984	0.06690322257264633	0.21411994783152938	-0.02591531348828226	-0.19249184373659028	-0.08673162455588113	-0.0025449431618922054	0.062811885657236	0.13822166588093704	0.3957776587672861	-0.08184627630669893	0.13215888331186326	-0.18073432841989193	-0.03432679209805288	0.07206065451624385	-0.12204564422150707	-0.08478857890814312	-0.1280204287057859	0.14260706082643249	-0.03214500560304359	-0.06196840892566162	-0.01101968017167796	-0.07689158104613385	-0.38825980002806576	-0.4103053103027892	-1.1417143800628655	1.2186658477987118	0.3640171449704525	0.2571512378856566	0.23234143411288743	0.45513049936803335	-0.39075559007379396	0.21749482295190126	0.46012723801068184	0.3586574822963503	-0.24127844312408225	-0.45529176889352085	0.16501296727442138	0.4610175286893756	0.30198553146417273	0.08685855040383686	1.8270115481487594	0.7513070725133908	0.18426696676140103	0.9399521585166031	0.5864540886477378	0.1517702415341672	0.07818835659521958	0.031604573129429665	-0.34961314241359776	0.001012140682615245	-0.0813505464524882	0.0857855311525996	0.10926709961445646	2.8116327014753324	0.33158073255683673	0.13060209898275743	0.14085356754065664	-0.03047582889028485	-0.03423989650947687	0.6697446279726746	-0.5670912795948125	-2.6091551727396096	0.36803033920372574	-0.03927760760042366	-0.03627673265160471		-0.10408545665747747	0.09938075740156338	0.04359412108577826	-0.05535997497351236	0.6968813822079041	-0.049069863762029306	2.5909022868357794	-1.248518757970328	-0.4671774970668675	-0.31956932937224103	0.9121757011692682	0.04119681299700864	0.964105417193724	0.18335056149864187	-0.04032065134645059	-0.11597443491687781	-0.04755875337287067	0.3614021440652104	-0.5975769650923801	0.4724659085985867	0.13495792819143718	0.4125464404466703	0.8546642678554341	0.6614202717717989	0.27932622295974463	0.6566764939165579	0.664163781360095	0.10302548581947385
2022-02-28	-0.30561548477035166	-0.00401702837158311	-0.22778814608242168	-0.1185089341956656	-0.12862336967027097	0.10560174592355753	-0.2863701957539018	-0.16447765101626033	-0.5392421713499516	-0.11319514068222816	-0.0563736546049357	-0.2957350743407833	0.2618299091976008	0.6093062855984209	-0.17018422343138012	0.2500381047074228	-0.24521228635610196	-0.17976101443523182	-0.043894136780126686	-0.24771882867752798	-0.2576762149320223	-0.231869409133865	0.1882213502960587	-0.2169956173041686	0.06818116388888595	-0.1251217956612889	-0.179494834161227	-0.46520816905772266	0.05207645348224313	-1.8070341333662558	0.295405748808816	0.5639677657822904	0.20810435168979646	0.05083181557774141	0.1389920883370519	-0.7908218663068505	0.1589753214971684	0.4030425316438855	0.3341991831211877	-0.5669946533743723	-0.7014087696303453	0.06692524850263906	0.49826820413671324	0.5735283433734681	0.16570420187309287	-0.41103901592012004	-0.1605021007426053	0.11228331140899164	0.9674173971992095	-0.44653942602074326	0.11892670132322208	-0.035542106532091416	0.014395221218542358	-0.5719497616397595	0.0015712761844128907	-0.12650424180739395	0.15950161615368252	-0.10986179784249525	1.356750970631674	0.16021200024937876	0.058532801697749715	-0.2638831297776757	-0.02098737118460254	-0.07559598624825206	1.267166386206502	-1.0875705651533678	-4.03849662933233	0.28602758780939297	-0.14345067381310495	-0.14690901554490987		-0.16549875753779436	-0.10561802053849646	-0.1866381315487929	-0.08751555597659685	0.3420394923316381	-0.12452141456665874	1.2528768113938846	-1.9897800762774387	-0.5623030948735819	-0.6614688194988829	0.13022042862009475	0.052568401226165684	0.8987610151517309	-0.12993334987955357	-0.10672142958166733	-0.3329427707104164	-0.16664452077038333	0.26543553576642076	-1.051585128659912	0.7209515999294613	0.10886278668651006	0.18028378508153808	0.45689973679359974	0.6737882465167242	0.23382418135721428	0.3889095277533623	0.0550119420969678	-0.032822580484388464
2022-03-31	-0.5431980689460221	-0.002376716961195485	-0.4043382229668997	-0.22227599774370116	-0.21631222385665186	0.2310117451627945	-0.9762718083058517	-0.19647081368038152	-0.811339939272043	-0.16021661443081028	-0.11945941117981204	-0.2800139038448495	0.36271681155055224	0.9002719234276806	-0.25480511701448677	0.3470197128394443	-0.17532560026550786	-0.22315260754229135	-0.06503632717360833	-0.5415083972788073	-0.3331266019074376	-0.37681623010575493	0.374273079671364	-0.20436261349963525	0.31789939973975434	-0.13765998253018877	-0.1724513220210509	-0.45509716116556376	0.5153892571841082	-1.7896887078154216	0.25214035413001534	0.818923428324825	0.2105121365076673	0.2148465225966365	0.06085834865561168	-0.9604494069978222	0.2100439325823814	0.5600835208962579	0.29318201947345	-0.8915834198357115	-1.1205448185098854	0.13329726060351046	0.8000399792907892	0.9913757950528408	0.290043675360845	-0.5322678598037065	-0.21361308080840957	0.14390108880379915	1.44598235412254	-0.962304281596978	0.1444021193889315	-0.037621362765193817	-0.011653293180927587	-0.6731613109365655	0.003220201890558277	-0.20889394852614315	0.22353570797671915	-0.07943213007542099	1.6318000594198745	0.1933813208894648	-0.04963896315264393	-0.8650706003791876	-0.03976008864972838	-0.1155367057906995	2.146930178114278	-0.9744169824623077	-4.257573957435318	0.525866791067591	-0.17574347948640145	-0.21790489692347392		-0.3016868724484515	-0.22618129706362106	-0.5221142525400547	-0.14570387280577027	0.4505919873469464	-0.14507586699149955	1.5076634561861244	-2.21583853601155	-0.5708686321518236	-0.7787459794782909	0.21973857081428827	0.05011590793686027	1.1533948224111412	-0.1717986065899108	-0.22529531212673454	-0.5167966072256767	-0.23212781197472646	0.35536995050429077	-1.187946053914018	1.0574003226840099	0.10595638342134217	0.321858424458102	0.3902861416116006	0.7066253528268325	0.39630375157005937	0.6870824823725623	0.00035996721726394565	0.028726586819667277
2022-04-30	-0.8597651050203549	-0.0011925393272358637	-0.6432306976370231	-0.3440546191980448	-0.35863444340854556	0.43234263679779467	-2.069785811470205	-0.357122961251983	-1.2168147325001408	-0.2479000591680218	-0.3635110932074277	-0.8207664916297087	0.3577451992599353	0.9154687983071876	-0.4429928206777408	0.3415235174577024	-0.268903723112702	-0.485486992890971	-0.19357484278272924	-0.9137363227077256	-0.6326304423990051	-0.6629064170198449	0.397787858581565	-0.6689631940759189	0.27072059587956654	-0.3021920327372447	-0.20564348943185887	-0.6751643257413966	0.35154306894797616	-2.842152640179864	-0.9528556460538009	0.8956432009066893	-0.2062695159166592	0.09381649060557512	-0.40283623980181665	-1.5234204740381738	0.16067980307209495	0.5283532069323041	0.2889862208191927	-1.432649941280499	-1.5700754763303686	-0.15291632795205218	0.5990327077533169	1.2417182070773618	0.39565413825208084	-3.4511966269504657	-1.4059835405085055	0.0948884162802881	0.30516908030055423	-2.153507866976321	0.10129060316945371	-0.18361041605566603	-0.05985846003075335	-0.9673354495737057	0.005589161517208656	-0.26601669141678347	0.14605831874835934	-0.3415866412196775	-0.521830923751053	-0.05888098760045185	-0.2506322499515578	-1.7906358396790354	-0.16972040348846892	-0.2010835085815985	2.6672698018819263	-1.8449620586559539	-5.762255491687716	0.027436088336758035	-0.3743771288405256	-0.4725108332403429		-0.44356531138162303	-0.5142826374049568	-1.0503544213550682	-0.18643239902941267	0.35154504996843894	-0.3239506163461515	-0.46811064743071595	-3.29067104639644	-0.8463884745378851	-1.3322922721135937	-0.9051580526732987	0.041071098254449004	0.8858628338764536	-0.5550492085882476	-0.4619801717171713	-0.7955876781066518	-0.49169991240565214	0.2975261993534508	-1.7844764451627948	1.172062410324076	-0.12330166292285405	-0.05091203064571159	-0.20266584944995136	0.8329723810294744	0.42136519988476395	0.4980069754493135	-0.6510338794029168	-0.1913578552927263
2022-05-31	-0.9710057478609857	0.0013354723367903715	-0.7289989452468947	-0.4181473640042477	-0.42072395864237655	0.5220538339363396	-2.8407966722733535	-0.534027321244771	-1.3997894777969015	-0.27390430568017105	-0.5378794284983253	-1.1701923414655968	0.26647241196587657	0.9825568971765672	-0.49750902250465545	0.25351192009706575	-0.26269123729964994	-0.5890031210402711	-0.21661616376934092	-1.0515055002710867	-0.7459863506779242	-0.8080101229840615	0.48027096287499865	-0.9027897660143631	0.3259370007627351	-0.3721197769959268	-0.38267881748264615	-0.7440724206644103	0.07661159802273723	-3.5050568886642752	-2.075111330118383	1.1487624506806575	-0.3910711093764233	0.02569630582088317	-0.7503145263471157	-1.767518585323772	0.08145008352496663	0.5696038051026013	0.12156274476714296	-1.6054793102980032	-1.6789849566087258	-0.39515756614825626	0.4911552970359765	1.535518699543334	0.479839849424636	-5.956112085472048	-2.430165805571156	-0.04570303028708306	-0.06241762909545878	-3.1533185586923036	0.09989647727863166	-0.32129902113720293	-0.10344986536141514	-1.10309014968146	0.009223201415796897	-0.261104760190133	0.009707230374110087	-0.5006312930792658	-2.333691722604453	-0.27052712727380485	-0.4340404569954957	-2.399452586084176	-0.2610043968621083	-0.2274597043533772	3.333151514964087	-2.478097561990957	-6.984489521872641	-0.2625567149557001	-0.4529790880921985	-0.5771741433155744		-0.4830385158034949	-0.6180016046493704	-1.3905564500339789	-0.18330790263989813	-0.12440056075622363	-0.47911199617797606	-2.124736297640274	-3.8356400498514063	-0.9281858302629611	-1.6196349184526433	-1.8506469671603312	0.044086441326368506	0.7280448485844957	-0.9043177649917454	-0.592399625188698	-0.9143087216923809	-0.6025597923304773	0.2528934993001615	-2.059634679785699	1.4920832088905558	-0.25292336093590817	-0.4037308107676662	-0.6906969775226526	0.6281276669238278	0.4718101867399578	0.38483703053900564	-1.4948682888288318	-0.46539281766552343
2022-06-30	-1.104352905166013	0.00578106042131536	-0.8309598287264819	-0.5090035866263685	-0.5084503029850167	0.6082698786963103	-3.3770245226653266	-0.8721591597055462	-1.7263699385042632	-0.3245387216112009	-0.9306919804299725	-1.8569517123482706	0.1515261431665051	0.621068270510178	-0.7679798161320295	0.14290080390598875	-0.28258708663440013	-0.9062480977434745	-0.3894701759601187	-1.1835089997456258	-1.0771260058977075	-0.9749741068892802	0.2987864202070357	-1.4620462040259423	0.11581626528602249	-0.5397778268424446	-0.5924452482860408	-0.9690223029528349	-0.3030493556282519	-4.529331015036988	-3.2105839269553207	0.9360650764280511	-0.8695640946012962	-0.19503249118437516	-1.201942992761557	-2.05280783428126	-0.06141547778489964	0.29624688036316715	-0.10566387306045338	-1.860990727759163	-1.3424127347091566	-0.799458334714893	-0.3146889608057427	1.5330267438228722	0.44942476158324235	-8.56556543782098	-3.506800813792682	-0.24229610195127438	-1.1637689660961617	-4.082475367945413	-0.01236661566666325	-0.45023293786542173	-0.17366226914527608	-1.4542577055671897	0.014659708647062418	-0.2774415005733064	-0.1512059310790147	-0.8224388307868025	-5.130233791446344	-0.5997332094533729	-0.7299649791070966	-2.838661031400735	-0.45117988032519274	-0.35275272491333154	3.3485969742356305	-3.694895764691256	-8.229261081105761	-1.3453500098698612	-0.6926441465361273	-0.8189497774136445		-0.5243901205848788	-0.9474065201906217	-1.6421124527120203	-0.19516190209976833	-0.794899241968422	-0.7376645426788051	-4.694192751506323	-4.401065629544882	-1.2353818445342082	-2.3111025832613192	-3.2333385338409366	0.0006308707156940652	-0.03454196145099209	-1.2432766719210862	-0.699198335934017	-1.1335343039765533	-0.8618676518444	-0.12061973100260492	-2.403476777425655	1.224725368598405	-0.5243796086785539	-0.9990055321186648	-1.2977258455319802	0.35932641875354276	0.35487966623797396	0.06488331080132825	-2.330479542659048	-1.1616584218019448
2022-07-31	-0.9732843820829338	0.010149643262993311	-0.7397802823764015	-0.44599063512107884	-0.5092086669133338	0.5743177250693108	-3.3333869816187556	-0.9806454594053204	-1.694481592971738	-0.3434458814906771	-1.0282994852770253	-1.7453168420851122	-0.011257258573080187	0.37020067819166713	-0.6748867352754555	-0.01363657463149881	-0.12419154841581104	-0.9347133983291336	-0.4226278734671055	-1.0135226499194794	-1.0894464766963925	-1.0348614864234342	0.23300222327300624	-1.2683216987607384	0.003025023502997687	-0.5784728070190215	-0.5156570814288106	-0.9151171602711299	-0.2885110408639591	-4.001924553281981	-3.02718810522807	0.8082835175767971	-1.0120221577693842	-0.17120234489532105	-1.130550060231813	-2.0946009374039076	-0.04821632090695527	0.22935432344247875	-0.1272445955835077	-1.6589356617103395	-1.3417038967612425	-0.7039167603441863	-0.764369068632132	1.3201732518619669	0.35952281179526935	-7.994893109804446	-3.2730109469674193	-0.2661019253158193	-1.578749578175056	-3.754798579513175	-0.047401044716624124	-0.4158885893576405	-0.15463376793393097	-1.4341964145225083	0.0209497771694967	-0.24905918654118542	-0.28721368342495657	-0.7951729234106959	-4.981581801409573	-0.5831065743897088	-0.6553540521020196	-2.7487071112087977	-0.5659698550798344	-0.31417697193479177	2.8782152848472187	-3.3421079264061424	-7.35193134363476	-1.26387127721448	-0.7160329986080756	-0.8587094054004595		-0.4462690527250084	-1.0026333133871699	-1.5782451719109591	-0.17562096079435496	-0.8344347493531805	-0.8016411975778719	-4.559909151625256	-4.333729510927054	-1.1946082832066436	-2.361209898280131	-3.092491521054445	0.01143920601645454	-0.22108497703511154	-1.1502923623417518	-0.751139295602584	-1.093565345126558	-0.9027281387070736	-0.2673932121826448	-2.3729629550401876	1.084518349739129	-0.5641599980142498	-0.9238961137276013	-1.1884887596198226	0.2928691294645003	0.34867592475927744	0.09000739863387852	-2.127272195337206	-1.089208488105134
2022-08-31	-0.972853487591655	0.02150325349579279	-0.7360085318260079	-0.46036830452600364	-0.541799692644181	0.5460541660520709	-3.357358718264263	-0.9521621716056902	-1.6357648928067738	-0.3310879170041916	-1.0356450382419389	-1.7183713773893106	-0.154861012853853	0.2695077654630056	-0.7002762980159318	-0.15231581262120886	0.025132487126485026	-1.0284300973453098	-0.46130366406068957	-1.032503741258949	-1.1842066536794484	-1.031239301953795	0.15924698430433315	-1.2067011098765037	0.004489710410562842	-0.6185688310411503	-0.3779389374593032	-0.9093199056807804	-0.2281378605458656	-3.435454145753761	-2.9508145930204304	0.7811754211806345	-1.0978641222666772	-0.43724345426103406	-1.151698943545217	-2.1085159085695384	-0.08358562561491212	0.18799295839838237	-0.21680577576421078	-1.6365861247387286	-1.3131014378445998	-0.7382257859123691	-1.07007106667073	1.0288101392166342	0.28529123492388064	-7.722668108587113	-3.159739707542805	-0.3350381226220206	-1.436111460749549	-3.5114456702985395	-0.08337841840442634	-0.39579432341398735	-0.1581919403737635	-1.4756698237197137	0.03442690359545826	-0.24743123954958457	-0.4490579768010729	-0.7576106996640358	-5.10618973726042	-0.5978730999146924	-0.6743913397595349	-2.7871830482309257	-0.6173826440408156	-0.3196554312856504	2.2227662286708583	-2.9899390730364863	-6.400003861818277	-1.2142765280099548	-0.7877959237269557	-0.9219659061947015		-0.45218587706249946	-1.1518235160664956	-1.596776787554718	-0.17377158988862818	-1.0363557328112978	-0.9061538320837026	-4.682873579662766	-4.180193326744811	-1.2031388756987915	-2.4372888047707253	-3.032011340638988	-0.008185287767924099	-0.4267324782505113	-1.0874554940248233	-0.7402228787615963	-1.0487074940630587	-0.9680929155721609	-0.37405538006918687	-2.308957925859125	1.0599605347919416	-0.5622201984361501	-0.8362028222479527	-1.219474923215745	0.18121794547239545	0.3750354583242741	-0.2988381952281609	-1.9298572624121508	-1.013852737898655
2022-09-30	-1.1470927219832263	0.03783193824334491	-0.8615061059289293	-0.5273748649485954	-0.6128997874506537	0.5902524789091226	-3.680285411665122	-1.1373405048339613	-1.7907532164972717	-0.3575136788103277	-1.2590342808832593	-2.232120899367709	-0.32189071505941597	-0.03884403349520538	-0.8209422838776868	-0.3121820613768006	-0.059472759811424025	-1.3208546236291019	-0.6106040186212791	-1.2527937525190276	-1.4974377162581352	-1.2643626332927442	-0.2043707889981864	-1.7002322402341281	-0.049485518401954864	-0.7641122163664462	-0.4055807094527819	-1.1073735274682108	-0.8201985356122304	-3.9630882775227025	-3.5424590156423204	0.48550788300784675	-1.3987231930076682	-0.7728002023461709	-1.4638222833804861	-2.389463852681713	-0.2626439961487591	-0.24907877230396025	-0.522937943294559	-1.884915110417536	-1.583796479136446	-1.121226753838601	-1.5962520491898504	0.48137588689281685	0.14843364851255125	-8.990343208845829	-3.6801204580516296	-0.538660148531486	-2.028601852591298	-3.9048062578785654	-0.20307867880040145	-0.4553299608176017	-0.25317590750065777	-1.755974620790881	0.053211430406587434	-0.2834255052858454	-0.4933344821606803	-0.9320274940143072	-7.081117761779249	-0.8300314745715461	-1.0725459700565327	-3.129141915055342	-0.8104738899449608	-0.37187109858093703	1.0801292331237802	-3.702398964300145	-6.612675595418317	-2.072423018813385	-1.0155292395976647	-1.1777101152269736		-0.5399096695484973	-1.4732641113628424	-1.798901946126791	-0.19843300466751906	-1.7878162517162277	-1.217491262205885	-6.492400899536901	-4.486791267819328	-1.4888439257461132	-2.9842891194408434	-3.918225781239755	-0.10168545979611979	-1.1596279432725713	-1.2364361140751159	-0.9147715443375859	-1.1540836365780416	-1.2388136898254603	-0.6533161388264033	-2.488630018973554	0.7303619877745469	-0.6818085277210848	-1.3265411386662416	-1.6656240741838155	-0.22985793482680106	0.1526754843535606	-0.7286572707139416	-2.0663984966826847	-1.408545492972913
2022-10-31	-1.2489267216505695	0.05399616087841106	-0.9303141896996219	-0.5178185842042218	-0.611099822037277	0.5873115343554509	-4.086221989719227	-1.1679938078878678	-1.7648969480770624	-0.35258202332745703	-1.2269000522372009	-1.859831553679232	-0.4319056422550532	-0.02618686882529153	-0.718621623011491	-0.41723463337519756	-0.13515480717047412	-1.2646453181916733	-0.5537762008218422	-1.3790611351859767	-1.4322661984255163	-1.3770951990095877	-0.34210318564022635	-1.3298019894182391	0.014753501883228687	-0.7097138069460276	-0.30944935848902755	-1.133416954387103	-0.24805923666720764	-3.0537013984629997	-3.408589084323147	0.6153133306841925	-1.2131731220840258	-0.5953848603181958	-1.4174451314768692	-2.4543308486869515	-0.21861494118276598	-0.4746531350831561	-0.5419013584800108	-1.9632296437651222	-2.0327429255880762	-1.0851938961568424	-1.5990509437648541	0.27384334381684994	0.08954732091685735	-8.789439587544381	-3.6005396593268957	-0.5911666728682733	-2.1794264889602037	-3.8352421887008203	-0.14849634387241734	-0.43615228320043353	-0.2860064526550242	-1.6867545691811707	0.0728008978122116	-0.29017292287497654	-0.47439227553517765	-0.6028818123569413	-6.460652804196714	-0.7571159176061297	-1.2092134567624455	-3.4956017591604676	-0.8576809877759576	-0.3281500569404139	0.6644838621227018	-3.019931623536775	-5.559453910804148	-1.6010427511832772	-0.9758432943838922	-1.1848917721749852		-0.579380161668164	-1.3615430246210147	-1.9999091142913477	-0.20330619567147723	-2.045091474862595	-1.356863722555126	-5.925538224344606	-4.268915237190537	-1.510148834408855	-2.939704271727008	-3.504767545243044	-0.1316600433765733	-0.8241164787557891	-1.1891092890583232	-1.0289764972137356	-1.1366434601271673	-1.2471121179838383	-0.62059661046806	-2.4130398479041686	0.9500208824988361	-0.52234980903211	-0.9509155461675602	-1.6368706723110262	-0.20706684206558457	-0.013368737762790461	-0.3569774149175967	-2.037221410680687	-1.0817649176931416
2022-11-30	-1.051513609824616	0.07610959061783998	-0.7837256953437017	-0.4181723171820242	-0.4825827863478951	0.4095265018747716	-3.670800772252999	-0.8969107992297265	-1.2698732434183708	-0.2510916557798252	-0.89719166739525	-0.9296075950863636	-0.33330134660670874	0.15719723544659714	-0.5215640551634955	-0.32244542519643127	-0.053531390537496004	-0.8229732919324855	-0.33765848253792563	-1.2071312032135197	-0.9211740816642022	-1.0582197207040673	-0.21357242400404158	-0.8000626433474705	0.051631847818690096	-0.4752726849142537	-0.12266645395767584	-0.7446545982040176	0.4143309370386721	-2.066016130739621	-2.922817463879772	0.717936028507558	-0.6725344565474045	-0.19249418804793472	-1.1254639453795123	-2.101901163501589	-0.053366516395159574	-0.35154743647463316	-0.27215019603150914	-1.5478313265027657	-1.6444190098624585	-0.7253354299872776	-0.9286140181047495	0.045671419968493776	0.037373929305509646	-7.498226054769329	-3.0699497700431353	-0.5164419259267282	-1.8289131618671153	-2.969852209145804	-0.01981503725849118	-0.37752753843591325	-0.2717030628742784	-1.2150317024453061	0.09675285950790768	-0.2525523002197957	-0.2922951496187358	-0.2548181065386532	-4.6740033105196535	-0.5483045406682899	-1.1489615928524846	-3.147103409157582	-0.6501920521227933	-0.24124093551225323	0.1237586025808648	-1.9596470776646449	-4.258624255267849	-0.7228396930441408	-0.639556187512579	-0.8113250778868231		-0.4980422111421392	-0.8615442113615934	-1.7896024654351539	-0.17679876381967896	-1.847340127956937	-1.1245430868537203	-4.290689454761184	-3.690000341221044	-1.0195290164954902	-2.181668126279088	-2.5545664939120023	-0.13988435820923806	-0.1369071167056335	-1.0197769431515105	-0.7938955935855705	-0.8100664415177898	-0.8631712979926638	-0.3398292207296983	-2.080309052376938	1.056722289817181	-0.2582871905569356	-0.22523401100906626	-1.345032870066103	0.038858975925974315	-0.006398055949646597	0.20710587611206177	-1.909612941033504	-0.6599166373648864
2022-12-31	-0.870029510769466	0.10339257236734645	-0.6473676623762772	-0.38865485628149177	-0.3603712610578278	0.2587123628875012	-3.271627429982013	-0.6959528805713067	-0.8839123913949467	-0.14908191925363012	-0.7264450669479818	-0.39800295551020515	-0.18230594444873877	0.19645166576717754	-0.4017729338090139	-0.1778789053072815	-0.053376399961816534	-0.5197107039861129	-0.1720461691041466	-1.0642461526885643	-0.5546863883250728	-0.7921832393204631	-0.17733692516821398	-0.7537063717406203	0.0327969630872898	-0.30394355619304303	-0.11283987618236768	-0.4595543948047487	0.8507732094623421	-1.900703081190791	-2.9607885112652674	0.6602030651457844	-0.3768010474958441	0.04229956736082541	-1.0727090450957268	-1.8137099597263404	0.015113929405531551	-0.23761932999697188	-0.1277663266441536	-1.2203272566407515	-1.111354079330816	-0.6187235619653582	-0.5550198860002611	-0.11794253818376221	-0.01902988426062957	-7.545736984339847	-3.092097214195232	-0.4761206410385914	-2.372703177234719	-2.6875910450677267	0.02310904364195611	-0.3784565320575367	-0.2531920132751351	-0.8344260295197077	0.1262068168438125	-0.1954341119611558	-0.03384403962397858	-0.10803894723053675	-4.385528556805549	-0.5138579728235466	-1.0751961673266899	-2.8212023545234173	-0.4623017891991106	-0.18650311150903842	-0.24715231881148103	-1.713701128082132	-3.770817362767957	-0.5960496512930411	-0.4084112826237205	-0.5423314000486603		-0.4204985664517018	-0.5000853136874834	-1.5909789950626485	-0.13575422073784837	-1.7958840930645779	-0.9270281859611318	-4.025601585084978	-3.358992830511255	-0.6628524001538838	-1.6240931102387393	-2.3646944561005476	-0.13724667637429305	0.08074954286806457	-1.0091761276099342	-0.5951124023036152	-0.5542526656266085	-0.5856795343803745	-0.24976780820187003	-1.8775023274586022	0.9597257882707	-0.1720397420893568	0.1161249478183306	-1.3563360428007942	0.10921024232809362	0.007661984216283391	0.47623782764489586	-2.158563407223758	-0.6357050366210153
2023-01-31	-0.5264830837189916	0.12843790404983127	-0.39161357502493477	-0.2831494268518846	-0.20613667540167668	0.09659112034622153	-2.3687544416015562	-0.336346736726274	-0.3895358985903976	-0.01521328352713569	-0.3633104153007993	0.33289761406792007	0.061692448083025236	0.3353985568031357	-0.1576253185811427	0.055054403718139466	-0.003134591190376901	-0.011820310043275661	0.018192145337223353	-0.719866084373515	0.021734515500583917	-0.31747781244205076	-0.023333212120355662	-0.1826831228418202	0.14420240011552077	-0.08214571797834869	-0.14453025568931033	0.006287728221848532	1.2343291260406624	-0.6632551707666892	-2.194816112679657	0.6461501456790426	0.18048978712125896	0.14569550824536226	-0.6735706650536932	-1.0343644918012966	0.09082785768175794	-0.168811382464376	-0.008902764366494023	-0.6485825546619086	-0.2995355001238975	-0.06039645069043109	0.19236856813508207	-0.23862640900231913	-0.04975419582712903	-5.321399902749095	-2.180808074826789	-0.3081133201619056	-1.420427911108544	-1.2249114583424152	0.06905186197918489	-0.26956915388858327	-0.19496600157512134	-0.2585014186480201	0.15446815363787364	-0.11317587341266644	0.12199778068420841	-0.024684071660274975	-2.5469510199837906	-0.2977046820597954	-0.8315280584545195	-2.0395154750094395	-0.19928575000936988	-0.07480013704836908	-0.5237370023176773	-0.38771637686572546	-1.740630237813729	0.2768209099893302	-0.01945693561675288	-0.08337378997771361		-0.26813456777214517	0.05583634158004003	-1.1342172860488566	-0.07802951271217784	-1.2298025870311609	-0.5678913354031843	-2.3380384087200525	-2.1274473024978064	-0.07617478378107512	-0.6402863433345889	-1.3284497627941363	-0.10845206608335353	0.40116490716839215	-0.7088807611943486	-0.23360025975368504	-0.2234693424761489	-0.11150919828952999	-0.001554267522536068	-1.1650440341368906	0.9056906331667482	0.029642573893082225	0.5084199738453968	-0.9236343118171044	0.056742483012002465	-0.04391305277678503	0.4357259223239125	-1.6085743777634134	-0.3873650548117409
2023-02-28	-0.40042834526523574	0.1534645128537128	-0.2968267559323756	-0.22854849806324684	-0.150828974412883	-0.012893594795827301	-1.9117207804865899	-0.16537551614414703	-0.14890018031647	0.04055571644373657	-0.2627541863895466	0.7501614059927784	0.07672239030532318	0.21032952439686659	-0.0487900746108858	0.06874498272475295	-0.05124646432446911	0.22692239149990967	0.11736721602832989	-0.6179399950414965	0.3020491839837356	-0.1837892687786793	-0.01760199809985441	0.2017147009097493	0.1258480754411434	0.032624687067161595	-0.2797558846343513	0.14153935095264325	1.4858564491233546	0.1370201838314422	-1.6000352098931643	0.47818001067222005	0.4399951629676013	0.020466055796232868	-0.3759529663181165	-0.5921910297254307	0.08887692816328918	-0.24775943835748504	0.012075332754206547	-0.4514417565240434	-0.09362127445158563	0.2120619946166149	0.36077229139931566	-0.39243159164786423	-0.1117769556893039	-3.4662405665524254	-1.4204059194473553	-0.23647226027180257	-1.3589720198983035	-0.4476954251237961	0.05829986992253139	-0.18415925455120774	-0.168173942194474	0.04160461497117218	0.18213665218458602	-0.08218456160346488	0.05095635100910356	-0.08685654986589952	-1.6281396509383246	-0.18988786123946433	-0.7188733984646967	-1.660467714998334	-0.09757757202437722	-0.020096358156230787	-0.8674335020047383	0.37365883838098224	-0.41312405546858244	0.7108259230300216	0.15922979968126394	0.09868132646565186		-0.2257408990842702	0.37897633914866447	-0.9209004047248905	-0.055469713663029774	-1.0269062335970727	-0.4304771807878143	-1.493867451006622	-1.3370555810408558	0.1090914492670172	-0.12300768562443576	-0.7600972991762207	-0.09594301708463165	0.364308484479658	-0.48104043859985746	-0.13945623203813295	-0.06838941411213462	0.08263343345630769	0.08438730579344461	-0.6822110202807776	0.6274045708386882	0.12265000634330714	0.7213106062681317	-0.5466866125860355	-0.044255136729395295	-0.17266705924111359	0.08151616517309423	-1.1933819695048742	-0.21740515919847425
2023-03-31	-0.14635835030363387	0.18045950094872004	-0.1063319847869395	-0.10892305782685918	-0.037378767236661226	-0.20736494729791888	-1.2226850315232234	-0.01610060710700756	0.09305238409928407	0.12240781283285784	-0.10944623387823338	1.0919933071305827	0.2707491648493735	0.07512616952701978	0.08254062381245086	0.25507922938941274	-0.05686729163825077	0.4347731209443495	0.18800134032034832	-0.3031905502891732	0.5500749113977768	-0.0056234233496503805	0.028819311565730588	0.06887382332556813	0.09787743741969657	0.1361509344151295	-0.33629820613770955	0.31693919840834806	1.5320050063071284	0.035402681980114536	-0.5471812064977142	0.2738302934140573	0.24912171574461262	0.043691088390697935	0.1275635921482099	0.009663921308780132	0.11845063759405	-0.16995002740628795	0.1627255710798514	-0.07484333384715747	0.17676484856674524	0.5307473951641637	0.5038983823531691	-0.5257862390425352	-0.1551413973760314	-0.4935856276731627	-0.19892003149287252	-0.22721806076912343	-1.4640616056348907	0.3623586175605755	0.01697134543769832	-0.04950886539335908	-0.09864302806216974	0.2521808540669004	0.21163944273519406	0.020427864674426477	0.1777529576694958	-0.0936845963093047	-0.3146369782380374	-0.03523552454830825	-0.4266227849662543	-1.0343812791999092	0.033269675245083175	0.04572020150202705	-1.165488947867626	0.3103136547982377	0.2833291425060267	0.2799658989190388	0.31822946419932285	0.2807144974455471		-0.07956477174147247	0.6264654136665344	-0.5575435380865148	0.018221018787897836	-1.0153179368569782	-0.37928637740947924	-0.28813509954493366	-0.37053711402601053	0.33893111123857	0.262908879188382	-0.14564107093061462	-0.03298369123535498	0.18136488682983476	-0.13847613722211527	-0.012956526193844686	0.09505412904994026	0.2768143679988151	0.09045441964551294	-0.047465950161360126	0.35485145886408054	-0.036225961435581544	0.8034291881774935	0.13479116053782203	0.011255550040148554	-0.19534858044485448	-0.08802944251486156	-0.7756593701053287	-0.2647391974156077
2023-04-30	0.08259583310590024	0.20358134305621878	0.06589619882698372	-0.018110786454100802	0.04340871653642986	-0.32119020096620576	-0.6195780638204695	0.1272972156723533	0.28922435378803213	0.18136754496429153	0.0400172743113254	1.3375417709873916	0.39847128922487784	-0.0011050423266605325	0.20495670086943596	0.37668893832214684	-0.0927486002699871	0.6706276104374753	0.2870349403660133	-0.014811381004756097	0.8233309312016655	0.11127647790780504	0.12792867833122484	-0.13037796188358985	0.10574332722844637	0.276743643923111	-0.2337730746146609	0.4645439603251127	1.4294621023682774	-0.08868772340445119	0.3540944260587917	0.19244480868732383	0.2782186281940242	0.26469364310492816	0.4453822512478185	0.5110436571298198	0.1890886282602695	0.018176004337691842	0.40483748529029917	0.2542752273129496	0.2329311186217904	0.7733366057406508	0.5672119284008077	-0.5664802837511076	-0.18122132710078798	1.7039185238856547	0.702604006864922	-0.17769991804234864	-1.5719978542722588	0.9214797613253971	-0.01724971394709021	0.062342780424803124	-0.03984260853033783	0.4852025080938067	0.23571352362534115	0.10286008854453321	0.3180229372895512	0.024667829123971252	1.0575517207748177	0.12512193928412563	-0.1787752261295612	-0.485613072624667	0.18382055183520518	0.10587911223087065	-1.2435414928708468	0.24761194314763912	0.8044702426062003	-0.0544080893420007	0.49480043273128715	0.46304153273547644		0.05443036904825482	0.9230275851872853	-0.23613394163020995	0.07686615740771563	-0.8872231354959843	-0.22280060192694062	0.9682797716773717	0.4908477753945455	0.5336373972578863	0.6524980973938295	0.4706223134306873	0.016607373812084325	0.21046409230333007	0.1421587837897662	0.06587435501393957	0.22618823808770028	0.46957182364850336	0.0998245538829072	0.5127869875684841	0.20209866788945074	-0.06732039104117982	0.7643980511047438	0.5735822983002827	0.19757701356641189	-0.15469226752052279	0.07305296446072962	-0.4343835521099759	-0.26044254140218714
2023-05-31	0.17500950868792575	0.223523601277342	0.1357578783407858	0.05400595654711626	0.06994090516712403	-0.3734667356284822	-0.3446324234483651	0.26671913176041073	0.3919270935787864	0.21390960319395969	0.2062601060238034	1.3308187689738409	0.4161542855729736	-0.2685097991732137	0.2463559304461551	0.39322535897481437	-0.1326216536784658	0.6846862786042016	0.26563182574565225	0.10843683459557285	0.849106529008661	0.173401777413833	0.039869263399818056	-0.2507619908979173	0.12957646445050902	0.2883274272058223	-0.08785772715181706	0.5123232752559459	0.9929853731448368	-0.06497987308784126	1.511835482288915	-0.062403014793627865	0.15937971359504566	0.19788533736000982	0.9740067229233753	0.9575986262438576	0.19091263029181177	-0.060915522498758645	0.30594959155087476	0.37597128135089797	0.06892022205579895	0.9573558209049096	0.2971835108735594	-0.7129741709483195	-0.23511428118983269	4.865693087013511	1.999306467977549	-0.17383920787234097	-1.4667044300276109	1.3001622913442787	-0.08272425325946442	0.2103906101366193	-0.016630065195151977	0.516065327512496	0.2585147302705012	0.13572040005370956	0.2939839589965966	-0.053159129724013265	2.264874056268031	0.2669143424969985	-0.07865253639521486	-0.23532907374034906	0.23188663791617703	0.12979018145897292	-1.5747700521964703	0.1548685915230008	1.323040436570988	-0.43645212714853554	0.5158896805910718	0.49135777017462123		0.10954226942145029	0.9260350877760011	-0.09194572590490857	0.09977035402602152	-0.8928335792659348	-0.22693991104578615	2.0771265413083704	1.336917624584764	0.6373795549304777	0.7449705744214263	1.041855318661879	0.02814047942009551	-0.06670789788317633	0.48921426539397883	0.08485686859156716	0.2861301748112104	0.500421557655991	-0.033760210215021604	1.0843322521015422	-0.13858531456427325	-0.13743773911299206	0.5868487289210708	1.29273760137087	0.04839126782799985	-0.24973747167869564	-0.16685132007320302	-0.01310082299016635	-0.3265011826238169
2023-06-30	0.24880422687510073	0.24438564959546566	0.19413510086256114	0.11822446262684205	0.10500098756827603	-0.3476187135792195	0.004778120779278083	0.4949833429048114	0.5784591817005094	0.2605011113147454	0.41882481114484893	1.7891000311081364	0.3457249440210331	-0.3512513507748829	0.33109794243711566	0.32655811559386966	-0.15505694010172089	0.7762222432166179	0.30862644554798213	0.1650382964297883	0.945108901695769	0.33026063249912196	0.03872311230444092	0.09522435516902039	0.2814137668569975	0.36162963278663995	0.13473831961746652	0.641361108075257	1.0999025007699772	0.7587422736775888	2.753999331567047	-0.14957447474749896	0.2775519114843761	0.27077291037580004	1.453090486473546	1.350774101319109	0.25098128704155953	-0.030826742593596745	0.2942099886839264	0.5273973267225971	0.0843648494399627	1.2973313664820476	0.3952407770130495	-0.7436259600781954	-0.24979699355663965	7.975158957363806	3.279617107610604	-0.11667676460339482	-1.1421313570563187	2.3279747630235423	-0.06494511922777849	0.3663370904638217	0.0007190034723802974	0.6032805022719372	0.28170020602717283	0.1378807379424951	0.22572824523909524	0.06857991072128766	4.399360593680209	0.5171839132067894	-0.007807640279409611	0.04822091399774742	0.3154080449388639	0.17157727600965766	-1.668848231433742	0.9781294657411905	2.6121720259444245	0.09270565031114786	0.5936908569980053	0.598441508773571		0.12205619849511096	0.9845016655349703	0.06450777485387515	0.10157217815158315	-0.5864646077908522	-0.16100338148416693	4.042701444171061	2.189452128321655	0.817369835427566	0.9942011585785249	2.132422407279596	0.030971459337695476	0.16655690151621938	0.8717536859389123	0.1961014415963933	0.40487906297326326	0.6114240797411306	0.0952887269011397	1.6099187960699473	-0.2728473457285867	-0.06748663369835883	1.0181450059550243	1.962967890443403	0.031463156562919536	-0.27501451449906533	-0.0264261308663295	0.8216756345820624	0.026058981136417136
2023-07-31	0.29961895274611194	0.26148487639463336	0.23128297413940757	0.16080129247536723	0.1496491196225731	-0.3291191485483467	0.13305094536105955	0.8326203417189006	0.776158147210606	0.3067798922186369	0.6765535581758493	2.225235663061212	0.3372560193636932	-0.25181276061333824	0.426197690372502	0.31788327385605775	-0.15005568542401437	0.9268936403731991	0.39092857655357655	0.17761185022524462	1.104788142526599	0.5965189942915199	0.08804823365804454	0.659787590701078	0.4228502336333956	0.44163686725844853	0.3498190432170911	0.8203598716473197	1.1553139284355711	1.9915254128778015	3.817356326528661	-0.09289821102725826	0.5772657287299205	0.4015871978678571	1.783140736979906	1.78489153303763	0.32413064008430137	0.0538873168420706	0.3495858025682268	0.63884718983658	0.38205254921042986	1.676335255085729	0.6952506792305533	-0.47026714272456127	-0.18376046414351932	10.594361710647618	4.358642454921016	-0.016094364472261313	-0.9048154362867797	3.2042303706598165	0.012449610431355812	0.498262335015618	0.017620610963098526	0.8039342002541741	0.30009970405958897	0.14882597041216705	0.27893612909233406	0.22857852001979873	6.57294811851319	0.7722921638617577	0.06266280534457591	0.1582142723084825	0.5260176958943086	0.21761300361739078	-1.0801582485299264	2.109327143440658	4.033284002131763	0.9867089208671034	0.7159802881297394	0.7751203000181441		0.12769880822926494	1.1053341743354275	0.12474069259181064	0.10875703558610178	-0.2109316441980411	0.04230674242486776	6.044611196011581	3.0652608575869245	1.0622933719205632	1.4707291255265815	3.286617075808821	0.04275457893055791	0.6252943295489923	1.1957569367069365	0.4030789552586467	0.5249786064848068	0.7968978887451186	0.2658954037659224	2.1244900863725995	-0.19985486294756472	0.10017635949577053	1.4564804811407417	2.4594316124547344	0.11743372316289968	-0.22310905448122131	0.2202315991399335	1.4720192184899803	0.4969081088924341
2023-08-31	0.29980767197523317	0.2786479930457522	0.22997576383932317	0.18864150325940554	0.14398740754223227	-0.3006151704041622	0.052846056035454225	0.9605971955929022	0.8137587930963357	0.29453522207818816	0.6741809755077401	2.1514570639733384	0.27871335322874446	-0.27415754323448427	0.4868313306569103	0.2625626893421751	-0.26502341901053783	0.8472378653395918	0.4167691463699409	0.1543837405203914	1.0099795101386957	0.5973164302070457	-0.010624334651423373	0.7565550754202994	0.38521035864357167	0.41498829120354774	0.43857897850971517	0.7703183282789896	1.0490594551053927	2.1778452646128095	4.2485948975245105	-0.02290695646293317	0.5807493859683128	0.4292727648343335	1.8026249347048207	1.9229860954511597	0.34846708354573575	-0.08557928886771282	0.24071900582345512	0.638134625464998	0.3471078974084221	1.6328044553187713	0.6034861111924549	-0.23665374072447953	-0.13907355627307522	11.380417936331618	4.67914557455213	0.007822811612375191	-1.317599382904414	3.2538893532670974	0.037914340826556606	0.5468457778755554	0.01830266789783286	0.7842123192332098	0.31749622821498513	0.17014588695767974	0.29160120756969904	0.4190172951214921	7.179004283868387	0.8449874646577268	0.06660265004218502	0.09401605112061517	0.5523042319529267	0.24817283829570153	-0.568806588063524	2.3183474182313653	4.2686897647600635	1.1713530017287452	0.6570845449009232	0.7240064314220032		0.126329064094588	0.9942818447666999	0.08914492952958675	0.12419669326769167	-0.09257178255533027	0.08691541884781895	6.601554409402963	3.379371627399749	1.0015481151137147	1.4913885954937145	3.609070916106169	0.05236326266280768	0.6732507690723193	1.3158600728633596	0.4046719707554507	0.5428813555928504	0.7461140296794646	0.2762308167135685	2.3273306192023	-0.11551579774062803	0.15177870522528092	1.5265886694972417	2.541581869113371	-0.01867798792517661	-0.29767832524250726	0.3037682286494807	1.7402840636004306	0.7675310282800467
2023-09-30	0.17684365453445938	0.29167546001882594	0.14153921232132483	0.16548561540068452	0.0914385686101884	-0.20874665048328456	-0.38955894715500783	0.9282827605700152	0.6762878727624373	0.21328003299764736	0.5526238792484053	1.6319424910107947	0.12873311389342823	-0.29678414424871313	0.44849040186714295	0.11895879139954091	-0.4100646312511531	0.6342524277114123	0.4003376175718873	0.001409993077735372	0.7639549624957201	0.48682298527685486	-0.19888282611608366	0.45014935859538063	0.2786796700591758	0.31659831422002627	0.4977585330184394	0.6514047762002124	0.29173611403795086	1.5925401757547188	3.798419631383341	0.0780202401892236	0.4742947411684628	0.24423727280363589	1.4861545252352335	1.8262658896191017	0.2624487459170671	-0.35711481976346127	-0.02512043815811671	0.44987311342822434	0.2317757638290474	1.2569627036663475	0.32062190763565634	0.07078521879943622	-0.08899273475704617	10.245195532198096	4.213248406435941	-0.05647098872134637	-1.7735984475609898	2.6636688342929906	-0.004273486873623569	0.4938053185227731	-0.0030055331140591557	0.60664500787568	0.3304670997336929	0.1779377270581074	0.16435398444000157	0.48602764669485077	5.984365732644033	0.7052206756528162	-0.021490613739512998	-0.28742710773548374	0.5084546562665502	0.23237592940890572	0.20956222754638176	1.717512461662099	3.4265453390886904	0.7664811518420367	0.4959023260814358	0.5574569512934588		0.07904807764199728	0.7066647690860206	-0.12941043608854663	0.12914812626680716	-0.33003841718813565	0.039244757039252676	5.507380683268944	3.2602217178162967	0.8369748988750367	1.2005018667401695	3.0372495882416897	0.05267297562435759	0.39878266205896074	1.1728849576321303	0.3284324977299371	0.44113387950947347	0.5753084520451326	0.15279987692680713	2.2676179381998907	-0.0018439840580817268	0.1261555217222493	1.1024298553598197	2.1299093821246844	-0.3140880619302864	-0.4295999333160319	0.0815332537417639	1.567620894928203	0.7904370398248377
2023-10-31	0.030490240856699824	0.3019126394116167	0.03616420103550544	0.14832173629261614	0.051444307082799456	-0.15441647597193087	-0.8620178695478877	0.7238838429734429	0.5202529963493197	0.15248131423073163	0.3644522575722797	0.911081985157129	0.18019580427332738	-0.40747277740879473	0.3637970978744216	0.1691295841669771	-0.5743490286681836	0.34637785425543033	0.30883256369804	-0.16033893819163225	0.4433909540962899	0.3173594464756	-0.4002267622523166	-0.10131584163682561	0.15666996105274167	0.20596789182290487	0.4470519999532585	0.4392884195961553	-0.048411385323613665	0.41260218804629734	3.213346630712239	0.006907163879039224	0.23637993038853355	-0.09843165013597416	1.200607873299786	1.6141916845262592	0.14026367825556274	-0.5214702947599402	-0.2600796891748342	0.20348733277842213	0.11080001955102636	0.711218261505429	-0.02481320512138019	0.16024052606401806	-0.0716491819006369	8.530673996318889	3.5083328061582644	-0.1480357484899163	-2.4484852837437785	1.6948833963940153	-0.08800870104289371	0.41679510380297025	-0.020333503060529945	0.30693341417782793	0.3402777010519663	0.1960461381220735	0.10643113214788671	0.4258963637017419	4.229222876563822	0.4995581794688335	-0.09354730651903953	-0.7005284878827078	0.3888305439090851	0.1946786574257965	0.32391636545398494	0.5865062454279979	1.8567546854663188	-0.021561701149840684	0.2771009715193722	0.32536496308973606		0.03264521377034657	0.3826599942177687	-0.3656649271974155	0.14158146183876402	-0.6166061792201853	-0.06559945677699064	3.8994213792413652	2.954769204468156	0.5514949868989012	0.6664449298875081	2.1300061963112373	0.06261084920670046	-0.08898897954025164	0.9730429102151067	0.20405384960135575	0.31928192233140296	0.33313137928249503	-0.018169452356175564	2.07310860062467	-0.12754337516624759	0.03774313311790478	0.5419486951473036	1.741229512461738	-0.574817000372134	-0.4952536832968163	-0.36498128463612445	1.1175075875536709	0.4911980038010826
2023-11-30	0.1954699602185599	0.3097423776977777	0.1583974465332756	0.2291088799777361	0.1106912846917334	-0.19912804368588533	-0.5325070090511339	0.8482271530002266	0.7035478888554105	0.18384420376983546	0.5130777134710214	1.0771178874234382	0.25364123609459943	-0.38755413585740506	0.4907274935363747	0.23928820597950784	-0.5722784501191878	0.44103067931103024	0.42616686213495425	0.0016231702808315873	0.5404200569012254	0.4247352364443606	-0.2770491544581719	0.03622606543760298	0.23222585585580713	0.2826617474005533	0.5584865041822571	0.4949498622354802	0.35081388665752566	0.6545884457228839	3.7647582332341027	-0.06055844657548137	0.4824033238877944	-0.057304995843818374	1.456505525591295	1.781022536697928	0.18564724560182932	-0.3761856795320486	-0.24361011854850034	0.4807332124466597	0.1097267232718635	0.758690166892978	0.16644008508956964	0.08458234412587085	-0.07932826099686802	9.53003123631791	3.9191046819108006	-0.06586085394167673	-2.731476547841896	1.8589654827809996	-0.05785319025284989	0.479876703109376	0.011477457314442385	0.43000124937802964	0.3469411250497778	0.24741980762564908	0.1803936289555513	0.7220995499425069	5.315717611114767	0.6273899111477238	0.03963182888274108	-0.39375266340745174	0.45058673110681147	0.24835375984528935	0.025659403320811958	0.8857252026824316	2.106921742989977	0.28394588109030816	0.3536558467082996	0.4164369228587729		0.11027358366179296	0.490926060474431	-0.19036439870437238	0.17758139050619298	-0.22856288357229504	0.10590371956251632	4.901681207506196	3.262516642603469	0.6394821352000912	0.9022328550539247	2.6821201983132665	0.09208501918775597	0.12516248634219274	1.1444987142846859	0.28289684173719065	0.43999497355489203	0.4262321203116215	0.059843993111661886	2.222320827189548	-0.25588641318636896	0.20034241874863434	0.6727064920804242	2.078690984445753	-0.553322325286614	-0.4162889228214651	-0.25992447417531384	1.3490904358267781	0.7341909767437029
2023-12-31	0.5192952500108392	0.31444438626344084	0.3939876621959375	0.37173283334773766	0.21513991358507734	-0.26339951898941383	0.30295753216076804	1.004743256195294	1.0273312464078117	0.231847536512369	0.7792053032256729	1.6735422878985537	0.3171860491281886	-0.283104833441125	0.6949163871047962	0.2993056701187147	-0.43333468117821816	0.6791444592769182	0.5631025760106427	0.33781712817356757	0.7934284682540801	0.5890108940240606	-0.0667110253105957	0.9388377859982029	0.37648537609089616	0.38439824070530354	0.7984653389691985	0.6937753140049671	1.0673449081998503	2.3000956891197157	4.34640511811625	-0.11262349084585477	0.8895525388649502	0.19714998423803815	1.7211279039033445	1.956889270844166	0.2557758125974894	-0.1790516125768013	-0.1238107580722308	0.9610944718019327	0.05397380674634311	1.1606593535460907	0.6283425444849235	-0.06646180963881498	-0.11047169351116898	11.032878327390085	4.537992287878483	0.128219665376766	-2.4221698915658205	2.3851450019673828	0.057559027724422895	0.5518801078791113	0.07391666226668925	0.7403225793136583	0.35008568687078134	0.32243503534304113	0.15146557219476198	1.1259995401777312	7.062431124931552	0.8325284647422169	0.2991287648860017	0.35415931174823356	0.5766924624248542	0.33822918485972386	-0.4154029418430163	2.3968358840801516	3.88947785186137	1.5261155164222293	0.5366348668503916	0.6117871418004891		0.2539492628705369	0.7284714899646035	0.24374043038756277	0.2316492541022074	0.5409719274394886	0.4057207616317191	6.506972030738492	3.7037482760549523	0.8959370351517189	1.411821333923502	3.682246476576548	0.13568003365425035	0.7143226926638149	1.3365547160457814	0.4012630121897356	0.6722750848903984	0.6326456398146525	0.23760417169832432	2.4011408189045307	-0.3363029895355467	0.4283150170189638	1.2040875007545437	2.4202456576773184	-0.40131660639311717	-0.3132811307583352	0.1826874720472973	1.784784194550932	1.3127892320214174
2024-01-31	0.6855616087024123	0.3161375409927204	0.5130688560716616	0.4217339975048635	0.23452155180123446	-0.256366866353509	0.6438469384932493	1.0007238102303888	1.1269083685566557	0.2332190974964619	0.8502223727422176	1.928531259611621	0.29122692244968074	-0.3550874438630013	0.793998536540453	0.2744694578661053	-0.42054093916292157	0.7804303604227574	0.6692469554181232	0.5265216307078493	0.8960682699635943	0.5702844791288417	-0.029338261218322004	1.2518564058236166	0.37145604112191544	0.492306017924919	0.9677306264778258	0.8050399556089649	1.1750278764313125	2.833164532598915	4.8993570747885755	-0.17917670535823005	1.165377199589161	0.4798251027245669	1.9408149388940048	2.2178355506100456	0.3364572577267876	-0.17148771477320834	-0.02676959405746926	1.1904578041379787	-0.16038961619038217	1.2898435286462444	0.5943055093307753	-0.06505255924783881	-0.11600331962434757	12.081574921770315	4.970044706350531	0.1931414860923023	-2.8593294851300737	2.3612518065072967	0.13636434092840358	0.6141899332668975	0.1119790899682408	0.8319486813956267	0.3508142236715548	0.3681507763454819	0.06335235747993068	1.5749126419269495	8.423031976089352	0.9925040498924877	0.45798068907577827	0.6803342996771109	0.6047334932228771	0.3839603631218863	-0.42556943584129714	2.9626256215191837	4.513150973359835	2.0137073698112937	0.6027952339968692	0.6660682693055875		0.33687731299809975	0.8017935481143799	0.4404628321671016	0.26486707958629174	0.7841794754516309	0.49007368563106235	7.76089175654956	4.2117958718353865	0.9963769169374708	1.5022161877503013	4.371842787810553	0.16506606094440923	1.1353864572137136	1.4918178761306415	0.39731902885484804	0.7473908188057214	0.6905380202717577	0.23936415190206206	2.6550549271351036	-0.40962026492517234	0.6293666077987583	1.4245039809436806	2.719397565693491	-0.22579582559455447	-0.2858086066303354	0.6942667359953862	1.7548835108713732	1.8346986073009717
2024-02-29	0.701829612385755	0.3149203877706499	0.5257378052954491	0.427339721497456	0.23029889576669238	-0.19738395991976698	0.8120638644517122	1.0449053998857654	1.178998557402156	0.21898584683190403	0.9606608850180078	2.4140484575932564	0.25836596051339566	-0.398767656361368	0.8219844371099867	0.2424417906498898	-0.3825458306342733	0.8926106969391029	0.8159588202574742	0.5472783392822653	1.019296425223378	0.652298354150967	-0.004243638777706837	1.5075157788595903	0.3572557231121114	0.6507081703666426	1.1211510893693188	0.9498395069012557	1.4764942582560572	3.545783984655987	5.5744323752858405	-0.20778901940513483	1.443678388215132	0.7941454517090323	2.119045773088155	2.455070768130257	0.4232839653792062	-0.19591631706729923	0.054839680161228754	1.1938268675919184	-0.1154812214811125	1.4338275545742132	0.6186730211096987	-0.05013863025812393	-0.13243522185832296	13.069288814322547	5.377378603613871	0.22506460124489047	-2.747790878509077	2.88091400130155	0.19427142756576174	0.6934284101604343	0.12016350368838868	0.9062129592668526	0.3483789748980193	0.36322067509185685	-0.019268004479122747	2.2312520682396944	10.068827987057002	1.1851762591614936	0.49530940591953065	0.8180068812566317	0.6738525253108234	0.3963840071185273	-0.3262604074056985	3.7446277933582026	5.715267781567054	2.5000139000676604	0.6848922068709532	0.7656670877091789		0.3366856079154006	0.8868514002865349	0.5149968887579766	0.2609219764874551	0.9577444250573826	0.5127774654222681	9.269040672665476	4.5709876786460955	1.1628083354143308	1.5835471675850004	5.202587881970251	0.16960195052299498	1.587989579958708	1.6967528184556118	0.46366375845007846	0.7759244259301299	0.7868765414845186	0.3621959645055507	2.830761647987554	-0.4010107960539804	0.8143799243267212	1.9121744463198502	2.9229303995455833	-0.022852511234130346	-0.2381372082022486	1.2962989695362934	2.0063881098129115	2.845433862109104
2024-03-31	0.7479943394143025	0.31084325307009086	0.5581300782196308	0.4472846142684451	0.23034195987942652	-0.07905262012634029	1.009758073641306	1.0463457429586656	1.2806881552892402	0.19204423813473134	1.078837304522693	2.907594406140711	0.4229513437272894	-0.26226418773684645	0.8484844393736785	0.39974546181343684	-0.32427339726342996	1.0473808357802068	1.0165202938235778	0.6014887841051237	1.184317588088013	0.7424923986013219	0.12188277705945588	1.7720958557916835	0.3271701251935528	0.8353733479993886	1.1556317956820794	1.099387819181487	1.8166951310735753	4.244478991628071	5.91258740004222	-0.04765334448816949	1.7698572799478134	1.0303892343826682	2.2123274082868094	2.6510830134820718	0.503634833862316	-0.02637421019892245	0.16283322756828988	1.2455932914341665	-0.019026195127759493	1.6065311148161454	0.9044466315972034	0.07680961320575186	-0.10635741244512081	13.38575318507934	5.50992997849881	0.26849079232659	-2.4871584039008816	3.1945240133956663	0.2807333761362363	0.737401906192845	0.13525627820249342	1.0455186853032048	0.3425142724920822	0.3611019281983805	0.05190165835103955	2.7413725603583456	11.529992168585316	1.356868138995116	0.5577947551426767	0.9822784755968161	0.6907625468234493	0.40829016687985975	0.02526005415101018	4.621624734326745	6.724792144853578	3.230903205796144	0.8037133860405429	0.8983707297205937		0.3491396768892754	1.0297774452636106	0.6114449576316412	0.25811752333517224	1.1253831922359705	0.6213887452162457	10.608165439655743	4.83513898738676	1.3577441058120014	1.7780801078370396	5.93348617313208	0.18074138244359644	2.209110503222046	1.796016586151658	0.52666743921167	0.840135859383271	0.9157901006294265	0.5880836568715309	2.9682975637722366	-0.15436899494210898	0.995501515786258	2.417057194704987	2.950132611211874	0.2286278085120249	-0.08829592912353677	1.7184853008124477	2.0852180059343324	3.8792960360891806
2024-04-30	0.6226079964176261	0.30555716340991346	0.46615661045785584	0.40524496625209666	0.18234195667879038	0.07404399297491582	0.7965626522733249	1.0304405475409864	1.1831535995288958	0.13916335271933683	1.0456785924576422	2.786896478776436	0.632531008725651	-0.11486170520793726	0.7741859400002856	0.6003027808905688	-0.29594462610889627	0.9790827853302718	0.9642962932928489	0.46645213483472636	1.099913831858401	0.7875617149237831	0.19598323732274825	1.5751415191309608	0.23769183283591433	0.8218461716465146	1.1843038011431273	0.9723710287908487	1.8109566366275445	3.771754681280743	5.338195836310211	0.08974953408031094	1.7350503564494937	0.8993560018167961	1.8909026517533891	2.5324745695602866	0.45221527147293306	0.12796831246327645	0.17821941927181606	1.0499945338568222	0.22285440463188477	1.3853603808349213	0.9196141604281309	0.17276943340734618	-0.06417418590991567	11.713704742696144	4.822388417406414	0.21409312563330474	-2.1018961235250373	2.8108876518974752	0.2639265486150064	0.6713250361342442	0.12011310087826488	0.9789121467054349	0.3358063964115561	0.32294980943207785	0.2090974234989098	2.6591591990073957	10.67817940285842	1.257753549316031	0.4939337007349054	0.7750663720361004	0.7266278100103813	0.37467659428535394	0.2850406681553337	4.204296477048968	6.059239870551117	2.969606626848183	0.748612213553816	0.8656784630607409		0.28127048637426466	0.9829615629093428	0.4904358326885143	0.23141956355495893	0.8684212290791935	0.5987517344613609	9.829501544963108	4.511563031997051	1.2067462739112487	1.7282344553516609	5.478269874993542	0.17499240510541392	2.169724511575427	1.6231803541877237	0.5814187678031478	0.7770610176107743	0.8847863280245267	0.5936564834846239	2.7130855437876087	0.014251086884554898	0.9764693060945824	2.3733562380514672	2.443611625235329	0.3354065180175624	0.061382779507030014	1.4536888313449943	1.8046703641714505	3.9841457425838325
2024-05-31	0.6002918579424872	0.2999616825706979	0.4503914061988761	0.36568381176114567	0.16255529842071892	0.15252457440730716	0.8241622043524242	1.0224088196816714	1.164997535834734	0.1250362499550907	1.014174719274207	2.74114188170317	0.7472706774425273	0.011249819389478333	0.7339665300435277	0.7095725040292418	-0.1455752187182735	1.0323464136057807	0.9382884401380736	0.4542227040820661	1.156518276086535	0.8544998448083054	0.37506283199820567	1.6018828359081183	0.13518681195996618	0.8517744127910148	1.182278414160115	0.9244721905075799	1.9805119223202663	3.764109322996515	5.395905528585107	0.11222189208822275	1.8114967143948792	0.8933637892499044	1.9245518738095395	2.5614141026100534	0.4282039149429204	0.4590919746672247	0.2522439348435997	0.998688104148133	0.5297456345805216	1.1930603087381058	0.9965115065934629	0.13958403997135638	-0.03901159963968959	11.497872568076382	4.748471793666907	0.21228023278793273	-1.6116591459814629	2.3815335436267797	0.24654812359730088	0.6702640825391901	0.12793160433835254	1.0575584928425217	0.3289651980099735	0.3094742329787576	0.5310697373754005	2.7796800259891294	10.780747583655568	1.2693148817279245	0.5267191961198638	0.7858016389995388	0.8511908527239229	0.35661192573916733	0.17058153261889508	4.080324410394232	5.779529771545566	2.9237788630164854	0.7776386204216891	0.9126458136478918		0.2688596414897263	1.0998539652823334	0.49718271332272046	0.22207690603403946	0.8138803711566345	0.6205114499998117	9.922016073535747	4.489177352476868	1.1279238306021275	1.8825639539342944	5.466381570969292	0.18304546557063206	2.1639879126126536	1.627886527943462	0.6575646107915968	0.7661395439022367	0.9367536659679289	0.614798531286108	2.6691739546061926	0.012177840687290775	0.9574755692800664	2.2248198562872252	2.371427405399727	0.44823136203422	0.3080350685132362	1.3517825980150207	1.498569888641038	4.1310875417809125
2024-06-30	0.6437807197553014	0.2908449460968665	0.4825977069343602	0.34838017370659713	0.1394199402231482	0.21844441189282549	1.0508982781141114	1.004535509185768	1.1257743123641188	0.089819454632345	1.076693571182794	2.3707738085632037	0.7499868426634961	-0.01974617831135539	0.7017340311363709	0.7122945465905861	-0.11156985171845446	0.9404460097976151	0.873238830602264	0.5388731685523989	1.0547043650602559	0.9201832634237092	0.3978158673159602	1.388128778564627	-0.04469282826442722	0.8154647740572374	1.2678115952563238	0.8334396640627124	1.8013223337265956	3.437203956087294	6.003132681898229	0.053464704878070535	1.6965785356692904	0.9659872120084976	2.2029518610271492	2.623699774266818	0.40274294986516046	0.5013638021428509	0.25904536606889916	1.0051110746571708	0.6235825411462717	0.9984615674000517	0.7862037882971311	0.1884069149882146	-0.02801534555468399	12.36204509987487	5.097123498151289	0.22397631941593665	-1.6959082860813783	2.112023793810641	0.23015156724536956	0.7256718781477636	0.1462407469579763	0.9630042109347791	0.31822260012193504	0.31315957899500946	0.5938647337028358	3.062894368453618	11.399840676327173	1.341695532428857	0.6045649780475688	0.9788329113424847	0.8832854996436811	0.3394539465779539	0.32345605528263244	3.604029225492689	5.313758538706644	2.5023557984131726	0.7119005900393051	0.8735856582091117		0.29856846992571506	1.0117098483344802	0.6053239986823926	0.22516359130386204	0.8721260167917584	0.5542332391113187	10.490519356717403	4.554963272262793	1.027436714531995	1.8184096658930458	5.650702276510096	0.19324981365018867	2.085961744951634	1.774203816380215	0.7084238344093827	0.7393449131407939	0.8939493470049296	0.5235618999582377	2.6855434362366952	-0.03224533748316061	0.8835638955992202	1.939922065676079	2.632340022460345	0.5233694578151007	0.36121107682277076	1.4110917797637397	1.4692154447598869	3.9487954521360376
2024-07-31	0.7517311472939379	0.2827813409008044	0.5600760832417024	0.3709190533850708	0.1648885573499902	0.18568400771057725	1.2815727005431823	0.9316290349895524	1.1441864530758639	0.09018781540936838	1.0914951395552008	2.25575545706587	0.8251293028669522	-0.017711704181883836	0.7274041486013196	0.7837748710626682	-0.03994179668610309	0.9169582621242824	0.7998417619642928	0.7003817425652299	1.0192249675227707	0.9166034016015032	0.5000760629836728	1.8924055695687392	-0.16712771342927812	0.7703301098555705	1.3337232710775122	0.8314303536318531	2.1522449946142217	4.365156829624509	5.541177793678621	0.02061409016980864	1.805447092720227	1.1166471704797325	2.013163707688406	2.361357295327804	0.3976147263890508	0.6946051593221423	0.33340220404425835	1.0890906309587467	0.6111774598963069	1.0564706318788084	0.712230025082512	0.09813221903854741	-0.05482531709423499	11.189636307868515	4.608476045506244	0.31148322005594825	-1.65853706001392	1.891560084889015	0.29970668350867236	0.6788368982786543	0.17251040155391684	1.0115464335222457	0.30861125966610525	0.34849124878664706	0.5655730848011974	2.884984295607584	11.144581662997993	1.309669226628551	0.7131979020941506	1.2077842633869675	0.833789190640571	0.34762538796676623	0.18167969775879422	4.00967129380735	5.446736699293496	3.0125758303149572	0.6933894028451949	0.8585361627179191		0.37186991512890255	0.9628017303448222	0.7392716596408766	0.2502469468334829	1.2890804048647664	0.6088171784441552	10.247724920263398	4.172354000669836	1.0084493808455084	1.8589520948235327	5.583331707564758	0.20935816086973053	2.3115633323003877	1.6377312094296825	0.7169080804745495	0.7490774402054823	0.8806114192105743	0.5273596406979884	2.4883616239689754	-0.03368788761524666	0.9407701085819808	1.9281926877410056	2.274313167947585	0.6014797935779204	0.48285426374098783	1.5855560325713571	1.4630231401838079	3.8943944551616916
2024-08-31	0.9037684914228404	0.27475475730864796	0.6702811389935664	0.3918384530622955	0.23237308175269267	0.09309802412486756	1.6340020427081434	0.877742245614886	1.2308985899340568	0.13037026395749907	1.1064248861644	2.273765321524203	0.9211014931978272	-0.01815205090956562	0.7741455570885335	0.8758837163825999	0.03369474436210251	0.999156235300029	0.7641767085731468	0.8982878868879107	1.0977164378675153	0.9277203205317539	0.6662119888640059	1.9985486466508988	-0.17679170390792165	0.7536144518364374	1.3144436928318628	0.9067385028829913	2.5058159492958794	4.475746550606686	5.217500410318683	-0.022066095852334655	1.9590858174527606	1.4518389767831836	1.8551938090075275	2.2158010789166473	0.4503507647304217	0.9773125505115147	0.5428228089956264	1.2517869741088672	0.6265846786207216	1.2465513419586487	0.7165721551666651	-0.032130073009772886	-0.07502812183733631	10.18316363918407	4.196192752634618	0.4357797080104978	-1.5461598553444205	1.8340647343272565	0.3547720507127976	0.6406681216480883	0.20269735572183736	1.096879890648203	0.29906954031606325	0.39900550508952193	0.5472377206538707	2.825608184902708	11.096399711903985	1.3044589165716731	0.8386027990111635	1.5369325656053192	0.8018036742283114	0.36523125984722427	-0.016852349058048333	4.033790612658896	5.2662074050976795	3.1414936505223174	0.7425492805873231	0.9120793118550188		0.46155241597785296	1.0263244589422644	0.928923251481728	0.2850519178338896	1.7604006967683778	0.7453505208954707	10.206843081499201	3.8986377707477184	1.0603451812297546	1.9389465436986002	5.557735892280906	0.2271789126957946	2.5584519491057165	1.551794428111243	0.7334310793989315	0.8137550786430892	0.9313726037131689	0.5535803687263869	2.3387968879215277	-0.1142886633593232	1.0254422652318407	1.9903009187382645	1.9898654654675187	0.8649167032618017	0.6445525511981159	1.9934302516423226	1.370549344958477	3.552245162682757
2024-09-30	1.0324971265409566	0.2660729145572236	0.7640333389464163	0.41926760071806685	0.2981311584933921	0.047880058928260416	1.9143661063833726	0.9045300852563483	1.3206086127590422	0.1892996422647858	1.1127183635817024	2.4150206757748327	1.0835314306890576	0.02329747385802916	0.8300355841605915	1.031088103208984	0.11740058007052534	1.0449386042425213	0.6659480140891567	1.0616112474587882	1.1344556092231444	1.0768334650444096	0.8633293048389756	2.005576885230729	-0.18090831084374037	0.7123548086576732	1.300401277691103	0.9874849873540512	2.6921274875413808	4.405143402787052	5.0312089766691805	-0.16318232356119022	2.0103422081659232	1.3928238523823357	1.6986172686133125	2.260200008810903	0.5096742960536902	1.3236202780910458	0.6895004769795628	1.4141080777759496	1.1475234342142628	1.3762117232557882	0.9374977644835374	-0.25647738112930796	-0.08247621647659287	9.651575253879646	3.9757954565852174	0.5471581022463663	-0.986834284880695	2.4062241544681	0.3836322067787403	0.6147361476392244	0.23361465600625803	1.1935851561294606	0.28882332056859505	0.44650281617075704	0.6307645531006236	2.7146580152829776	11.066428721375996	1.3030407901556407	0.9665733021635396	1.800083749615231	0.8834396238180384	0.38478199044979244	-0.4982901874893573	4.105654292830882	5.297783206065428	3.226868012716781	0.7662104387196367	0.9924368623712625		0.5357994360189797	1.029981151820722	1.0845860936562088	0.3182901531810214	2.162676367361467	0.9411884280534819	10.19494014349667	3.89746131036199	1.1005503154751906	2.0897568212622515	5.5391130677091756	0.25153637813615126	2.7154226662920102	1.4890163867530073	0.9041989140371798	0.8824996313258611	1.0127076359247815	0.6274693677736143	2.2874503242294466	-0.26983326477655867	1.0116918234105259	2.1750415727990973	1.833762828266675	1.0372826819374408	0.8602997467732638	1.9636606919557718	1.6912926439697915	3.238005056125261
2024-10-31	0.9135313963731135	0.2545248434064171	0.6773138619421595	0.39593940922861315	0.2584390042570034	-0.05036947342710518	1.7053101921217522	0.7072118984240499	1.1966868590869213	0.15050330856435917	0.897708616072046	2.128583106172976	1.2519284693497417	-0.02648248205877657	0.7769206290353914	1.1916250849970402	0.0796078242825291	0.8087217435031762	0.489952356270825	0.9268073263339287	0.8449272388151301	1.0095816857974915	0.8965734561849146	1.780203502925671	-0.2525317537075067	0.5581313230013631	0.9580400283546862	0.76415910218343	2.424194317217072	4.062326927958524	4.6770394861715	-0.2599509416431909	1.9583333781084438	1.0001073217345269	1.4314374291542267	2.1803266156020222	0.5004565779082395	1.3514654176381358	0.5685421044782477	1.2438375901502354	1.4009076570086383	1.2405978130041682	0.7098329121631868	-0.3607279281695186	-0.0758078888530676	8.733049414412847	3.5967945758899535	0.5349579713708627	-0.3817745373223449	2.3278304182083907	0.38245030542436065	0.5720038127140044	0.21325299356318622	0.9516970343888109	0.2761165297365653	0.41610501346784234	0.7475740334193925	2.528666688164627	10.34712046057162	1.218589842580291	0.882004149637624	1.592857974402925	0.7665482823115299	0.35658011498604814	-0.677845488962439	3.9143907471804624	5.137763489008133	3.0313315026946626	0.5786783333953316	0.8204884527198191		0.4718545407914716	0.7398497919418228	0.9574834378030763	0.29730583650129205	2.177186398545152	0.8427385585928697	9.531767236354451	3.8917698616270853	0.8092395754196229	1.7468776152810355	5.20299612969173	0.2355118145008417	2.541580014830796	1.3950960113981177	0.894803920066305	0.8010413517999133	0.8390151617885275	0.5518236096685145	2.23472667282528	-0.34667137119312796	1.0329333506795275	2.099364807928084	1.598599256422883	0.9164676613071832	0.9248751203403704	1.4360217758095857	1.7272840031086298	2.916499009961786
2024-11-30	0.8393383020521787	0.2399221577499946	0.6221988151481294	0.3968307349845667	0.21957677101294498	-0.11148158943655184	1.6175623610107968	0.47051059900853764	1.117112998638661	0.10737823174190927	0.6170347394817337	2.0823693974650324	1.1299103325499846	-0.09576252963048115	0.7494477977721798	1.0759529057079629	0.01691193744293673	0.5726963256348871	0.3932030717373136	0.8382667480579584	0.5338883033414947	0.8105296949959374	0.9625520146140194	2.2316121286559545	-0.36991056837164416	0.41483168744417265	0.656111799894505	0.6275934804510106	2.598579371286622	4.946183803623001	4.605604027553696	-0.22810745077093264	2.1485834156474377	0.5636632891529825	1.2307361191764672	2.1186553245798976	0.5670936020088684	1.3605770684123206	0.5075811635785219	1.1520045581914813	1.359264047584384	1.2554142992276835	0.3703449744444076	-0.42389923601475754	-0.07888474032131172	8.537633445961589	3.5161943780127505	0.531349599239898	0.05357980865855261	2.7359657670466593	0.4295514901250048	0.5868016374793421	0.1942459798392932	0.7321396311232915	0.26033873625755977	0.3797744271085892	0.6055063213004663	2.509555421432543	10.700978962061221	1.2610980163419736	0.8039075959902566	1.4970838198706309	0.5935007042591316	0.3410597081581924	-0.8002995953619627	4.942045509112461	6.739762015162679	3.6645425626714365	0.39325821032353514	0.6026247938394624		0.42238028257709387	0.37493982402638215	0.8963774848536152	0.2717728879126903	2.256921349989641	0.7066849106781257	9.842818441753042	4.037637198849065	0.59650899583754	1.3689246094895444	5.540441345830541	0.21944513565853963	2.7552079934836193	1.428466870234633	0.7615525810365082	0.7491193085263063	0.624689563488275	0.47912644602638244	2.4108988673271066	-0.1928526098028467	1.2509203802410918	2.428108841561505	1.5074456982500433	0.9263849807510969	0.9987982576644552	0.9330213823065092	2.3464355602928384	3.3275982674947855
2024-12-31	0.6683031361404761	0.22575862478070685	0.49595570408873035	0.36094841228278773	0.15374851028380976	-0.16202716386794225	1.2036413016421648	0.22063568960267332	0.9017829459257773	0.04852211153489444	0.3174684700615462	1.3753500316504086	0.9282793040532011	-0.3102960680351351	0.6512780890196743	0.8823040940528566	-0.05922796123869967	0.27748969429289927	0.21581119843578644	0.6400081638571783	0.19780102970549596	0.5959494585393332	0.7958302116650999	1.7675752382120669	-0.529058156826051	0.23450566552226215	0.30769303685299976	0.410642008341346	1.9734804053003039	4.007537107108396	4.633289749508037	-0.42083497937385195	1.8709608739577908	-0.09329492197010891	1.1187955185700478	2.0107546538298884	0.4399441194296694	0.9903489320964765	0.2726008873623531	0.8942863342934537	1.3343907289262307	0.9023175047807754	-0.29985223184752385	-0.3863080174777813	-0.0715759517578643	8.205510523851935	3.3790462882477588	0.3858052254711017	0.08505111706277724	3.032247027564866	0.31727595895684235	0.5784401871561942	0.15133025128530053	0.47060056350295765	0.24408024057937117	0.343974110059062	0.38933406377627966	2.261618844134402	9.493335955233427	1.119048078918449	0.620301714796406	1.102529864712829	0.45594732304633956	0.293701065790854	-0.661621706255346	4.134486342444575	6.153150732289733	2.792856721967354	0.16095665766702405	0.3523268900782299		0.33745681976448	0.02860458775005892	0.669898850749143	0.24635642315407213	1.6926739103052695	0.503833225140441	8.736968121839809	3.947105164344814	0.27751501499985887	0.9009985754559731	4.913655626001738	0.1900464259165522	2.0096156834369783	1.4129047518912756	0.6207838005637403	0.6042635605414681	0.36595981962843216	0.09212664273518212	2.32070083711302	-0.40193262392017326	1.1433087276654428	1.7769556521865706	1.344342180432287	0.6507867214282457	0.7937361297618857	0.011232549322484964	2.7667743000854035	2.635949184986094
2025-01-31	0.5602586481785433	0.2090117707287822	0.4173694605341449	0.32083557421742603	0.11046576555497839	-0.17113459652049046	0.9339680125935281	-0.05332652160732332	0.7966130379766496	0.03461440549034267	0.14895865134555297	1.1817032195507817	0.9384413445118374	-0.3249698737303498	0.605301722133667	0.8920491665124137	-0.09762140524758989	0.2337041284379291	0.19269493889165634	0.5268389266169179	0.15553701141425957	0.46581272889688097	0.7045882674621067	1.5581734585526013	-0.4917169546530866	0.1987481281160728	-0.07716577176269368	0.3089534010019386	2.045531915394811	3.5033430988141427	4.340457143181581	-0.44577952670129095	1.9211352812200673	-0.19614629244711868	0.8372820693987091	2.172462959130595	0.3907766363962768	0.7694259177637739	0.15866448127781752	0.7239697734295754	1.3590998211809793	0.7597705290768717	-0.4914262797493283	-0.30606748541130235	-0.039360224262065605	7.657350493228826	3.1522621083232654	0.2949799881049606	0.2915637938468265	3.4565078783553203	0.25688787959422044	0.547632861751294	0.13543838106791295	0.38611055432961794	0.22578385526430145	0.3177102531097691	0.3402761964041767	2.19802330996008	8.76731713489913	1.033467824783397	0.5555043061281547	0.8654371984633098	0.30269069925321435	0.2707289577381472	-0.3599562989969858	3.9139890361214835	6.110499606914004	2.480233961936392	0.12385053816746172	0.28065662105423606		0.2881814265160274	0.030116183695485077	0.5342462445531688	0.22761774719362782	1.341115842032851	0.3862749583316837	8.070236312626761	4.2284811279830095	0.15290791225674694	0.5909523756160073	4.595814813480519	0.18240028420678112	1.807812327600029	1.340278780790845	0.5083190643562014	0.529439742078119	0.28943058632242114	-0.027781083691586606	2.3864342473496754	-0.42225878415039153	1.1834419815391364	1.59960721551872	0.9986123330572649	0.44572524460141816	0.6723112560839553	-0.062359477977964595	3.0292289302172444	2.406534254178295
2025-02-28	0.5734403291633245	0.19005338813928163	0.42620700927176214	0.2994623758578028	0.09994623890059795	-0.2033677001485431	1.0260305915431935	-0.2680679470921452	0.7699027548260187	0.03517027341660936	-0.053037362810391064	0.8914055164585175	0.9749601056995063	-0.3315597604558805	0.5644050206057212	0.9266714026148342	-0.10934458488931198	0.2610862506193432	0.21324520249596102	0.5701367647479856	0.21048342148234767	0.4085991205141415	0.5862949562878268	0.8794592638535379	-0.45834949391596136	0.1974072420027484	-0.4901604605446668	0.23000216292545206	1.7029957471206494	2.155963528079849	3.226661398276235	-0.4266685319365626	1.9116861789924826	-0.19323121021199752	0.4825392329040463	2.0637193268508183	0.34580247609433856	0.6619740126946891	0.22657616200709185	0.7063325771377567	1.665998148280928	0.33774493713545795	-0.5647528341297701	-0.3098237319364654	-0.010627001181221694	5.701118898637837	2.350459868199227	0.2571674325759727	0.46010887358978714	3.2697435468940697	0.22272616542062162	0.40143790705324234	0.14691070568163908	0.3386518419060214	0.2048096921246536	0.30836244115636435	0.28547145412365516	1.9276231268576112	6.858627660109491	0.8084413935845847	0.6050860199524648	0.9580756015710321	0.1721216183171994	0.251033470405125	-0.3630175648191498	2.6825438596998126	4.491596732328389	1.5508795159542146	0.14829462558115103	0.2883514509734497		0.300369426148144	0.16494917171529666	0.5861064504959548	0.220879131890781	1.209467595709249	0.31965044431752937	6.317164145745423	3.746043759590684	0.09098603921139214	0.3867661632326147	3.5614183355965814	0.1928527060584564	1.5226960353226762	1.0331018021097105	0.4491986868080978	0.5118029360001579	0.2876374599830427	-0.12970486822703764	2.2229838637930746	-0.3914484659559818	1.1294862300423487	1.1365690680880025	0.47610277263270007	0.48413926891000614	0.5861637692630584	-0.057093517032059005	2.4641560710618933	1.4776660459521036
2025-03-31	0.550222180243593	0.1705682790432932	0.4099276396928633	0.23427160041475403	0.10082108483272945	-0.24360728745899352	0.9673258017012847	-0.4197788955339803	0.6500035965966715	0.04495371994291167	-0.18225126291981586	0.5171409438201167	1.186488670782066	-0.25051992308185517	0.448432943539264	1.1279862704474777	-0.08154143887727772	0.27135103828975415	0.24136859541572386	0.5942342619964848	0.25079931494209085	0.35678792946344084	0.5380108766018878	-0.0362637927297178	-0.35830998029078726	0.18045449252773094	-0.5563690130094319	0.16300322769538989	1.384204605671842	0.3252465925658363	1.0800423880997876	-0.29104109833405634	1.6984779135994348	-0.3143146420110665	-0.2291171172534634	1.532949820014962	0.18137679964862352	0.6364202840250783	0.22927868985366895	0.6237835762497062	1.8120403105187515	-0.21659769813142837	-0.6129748575560314	-0.2981982574390972	0.014566849738736232	1.6132063246123352	0.6665258140101642	0.18170047644797793	0.6587168634660756	2.2777480512692874	0.16103051439623117	0.14289395806979943	0.1571647785210854	0.33687615395230663	0.18345784111809138	0.30146657395403254	0.3768020924675708	1.197741083776691	3.0772338200226272	0.3629461595642711	0.6488146376157362	0.9312006303481271	0.11294343230621884	0.1957629154235283	-0.2955714244238643	0.8383154945937275	1.9561017066397426	0.2266180879719215	0.1568253127238619	0.2842449761168768		0.31174406113559017	0.2659362481943366	0.574523060918489	0.21548502513754075	0.9132783759253069	0.26905087779765446	2.8372798311377068	2.539598499105381	0.0281414266517499	0.24720727499139317	1.6013793510490082	0.21063523282660124	0.9453747026855641	0.41407990647939386	0.3996211788073951	0.4376308381193319	0.27752186755921904	-0.27066344224819594	1.661972301855541	-0.2690384644460382	0.9050184495771152	0.472083767773956	-0.5206505046193115	0.3827540081127436	0.48036795030025026	-0.23567694491946511	1.4336216233961974	0.2690862818663131
2025-04-30	0.5361613905328787	0.15201117072325454	0.3977265619184518	0.22556925340150824	0.17850927582166376	-0.26187011755003	0.8551721951488673	-0.43877865842696906	0.5291501795735791	0.08960994292616936	-0.19987476882518784	0.2742815996655903	1.4981366459185184	-0.2419860977540524	0.34422143146623885	1.4251100302489803	-0.02481964831922756	0.3692740684060447	0.3604690752898607	0.6467281265441852	0.38110901044237133	0.2816332067612939	0.5748910899675703	-0.9421627969431183	-0.20889933962156976	0.26945802935629315	-0.46501909257696816	0.21426263296226455	1.1477593727178608	-1.3060172311056677	-0.43344098550036136	-0.47908371724094057	1.402245255464619	-0.556652120604654	-0.7123700428631752	1.0558487780830088	-0.02933624301210891	0.7203499691802788	0.3391789200015558	0.5340184373983667	1.625228649694405	-0.7673932583161598	-0.6304512135781286	-0.5616173579563454	-0.030449513368350535	-1.3190259412447318	-0.5367462204185536	0.113496266604732	0.6881041715237544	1.433905081216098	-0.017436442428697463	-0.041828811280449685	0.1589795406495566	0.451477182751685	0.16354052590434653	0.3117226862861928	0.32404921456032953	0.6749846451788244	-0.3186219018919445	-0.03748516515317046	0.6590862157755454	0.8669848178413626	0.03470274279865304	0.1447152962712941	-0.9501634428361134	-0.9024774416336889	-0.22845749435287033	-1.137331212416468	0.235088465750108	0.32115284732333516		0.34598268879295674	0.4175378673763195	0.5405011586574815	0.2222670009776221	0.5309273186217225	0.35453255666005346	-0.27901893863423766	1.3693729392370635	0.1141159626916246	0.345921634846579	-0.12334573858657905	0.22872571590211566	0.056788245961769235	-0.007305382559292362	0.3166586135574234	0.36177286587428004	0.3152798294516823	-0.43523344758960136	1.0466938838440898	-0.5524280389028755	0.6127250733898291	-0.11452670140031174	-1.1814304597663412	0.30279452442465704	0.39171884271178903	-0.7466359720069615	0.6181076291933021	-0.5415730353658752
2025-05-31	0.45068436102422693	0.13518696624189386	0.33193359984202714	0.20330513423497676	0.21388360311503868	-0.2655259320017548	0.5562666922979478	-0.18568287509588144	0.4535289341571702	0.13239013860699267	-0.02747307765179552	0.8389234244629993	1.5638930349689506	-0.15852070674308838	0.3098500487058238	1.4879326577943006	0.07642085571044044	0.6103854622102758	0.5792370049466093	0.5774570680407201	0.6532537378630754	0.39149322224701155	0.6919150845428916	-1.1613972431224364	-0.07389120177357933	0.4383384172904523	-0.3469582445375594	0.37845763651344333	2.121577016872939	-1.6619960116980543	-0.35184633400221443	-0.5575735891830058	1.429635518289909	-0.8984935285535478	-0.558116675994965	1.105578809933676	-0.11464746191309017	0.8330077124146458	0.44436935350910667	0.4324927340003404	1.526817409652931	-0.868381886395877	-0.4494348353256685	-0.6713448301958024	-0.055482216256334815	-0.5754179727273936	-0.23140084980238207	0.1029739976512824	0.6791310403878761	1.4562775809501094	-0.11755552460461827	-0.03542650631706845	0.1389431847789147	0.7321835510235277	0.14517534368772633	0.2805462309318194	0.2762728320115233	0.9120099121106353	-0.5143178650332985	-0.05997474148097126	0.5808990493299804	0.6229140621883347	0.13500807788174352	0.125955283947079	-1.2008169526501653	-1.2483489822793654	-0.6357365744527588	-1.4328245574962573	0.4221263837730347	0.49495921524429765		0.31836755153440105	0.7023376440470499	0.3972167945484877	0.2001275630818654	0.31139405483678595	0.4699141909331782	-0.45988475508784177	1.261940838523751	0.35575016822429895	0.8311915936829815	-0.25117892412554355	0.210524641830381	-0.27340341482740804	0.059987486073477925	0.3698452610601417	0.3117573995487255	0.5017297477703657	-0.4401386761319588	0.9298349096072371	-0.7133824597222662	0.5095957061351584	0.2163472157341495	-0.9103243730205985	0.2708611057146766	0.3782891569928719	-1.5206229470993025	0.5571558186195471	-0.5341503285391376
2025-06-30	0.45609116100200464	0.11937907798934844	0.3353742514246698	0.1862512267125762	0.2604074788474995	-0.21861151447886912	0.5160441003441818	0.18387110982751853	0.4976243483246039	0.1889725517111281	0.3231414310600791	1.3747155375263738	1.4841191708295707	-0.020182603659053333	0.3319669419329765	1.4097749154788266	0.18469466090566344	0.817717014465138	0.758250612062116	0.5999357359311756	0.8907484276014714	0.6470807111983312	0.769809018228818	-1.019389928257124	0.07349390992801647	0.5858449891066013	-0.19826170236275864	0.5571335012392904	3.211482001713435	-1.209249878565723	0.380214581089092	-0.47109989072159664	1.5047727841048264	-1.0124519476310327	0.00046693229484251475	1.42846822876254	-0.11426733183434656	0.9176521862852187	0.4062992051130123	0.4711802729740433	1.5306912948540368	-0.6897398845804874	-0.2980684442246402	-0.5980340361859442	-0.041089134295436966	1.4717760808692617	0.6102332273144615	0.09285464086464357	0.9858310680383315	1.300726663182667	-0.15122020316771323	0.04602241900821902	0.1345364006507776	1.0352091751068682	0.12795049798500102	0.2670049750875143	0.38903597238143117	1.3626861750583998	0.7596460656519142	0.09055078984604847	0.5629983991096834	0.5999042440038855	0.32945545608860716	0.13576440082149221	-0.9195021654338751	-0.9538842305679047	-0.17417278074034037	-1.2460543713512244	0.6042606688373393	0.6919713387131061		0.32664178994911625	0.9152861508304917	0.3819767542182064	0.19062968963393812	0.17885423203435113	0.6372674467423312	0.7154515283106804	1.7185926271748109	0.6669653779634657	1.4751166239504707	0.3651557082248331	0.19551372130476252	-0.19194223633664542	0.2987596506578907	0.5103733539862216	0.33867622268947506	0.7162437691661552	-0.37544575051509854	1.147503183169749	-0.6755532992194657	0.4726084658355374	0.6038606415833581	-0.10993333493753354	0.14098575172580752	0.3484541301914881	-1.798152695910816	0.5333082397664368	-0.3279521882130876
2025-07-31	0.4227927093957853	0.10628668183443146	0.3113926523950472	0.1569429109658742	0.2343116484026256	-0.18170575864172042	0.4556691990900168	0.3879194923678404	0.5350106831002881	0.2008509649699562	0.5187379378662278	1.7861087177038506	1.2961810727733436	0.10060387415934302	0.32548571327347453	1.2299231082689221	0.2867124025808441	0.8618191114625002	0.8090861979899748	0.5584345881052226	0.9297955329292833	0.8098115653146662	0.7687712904818835	-0.7772132432316523	0.10106726638133945	0.5968545673403272	-0.28926595223836804	0.6207493623075306	4.273492601079589	-0.560890020779933	1.318584999397057	-0.3429321147694908	1.4768915342876738	-1.13562067830894	0.5602651007079666	1.5739956539173479	-0.10196570969927032	0.9837009227097733	0.28454691708563784	0.47474345610019486	1.6148042855573403	-0.3191088065391092	-0.20802496431640538	-0.36049591581170903	-0.00852885815134851	3.4598149425771894	1.427105350475287	0.07906512168082674	1.8253412471391783	1.1971646432111545	-0.15416144778979457	0.14959675614879142	0.12851968912327183	1.1871046491733213	0.11402308578147125	0.23224710848097452	0.4775561900982854	1.7184174728937816	2.3438491367957397	0.27691147566082996	0.5332298263237554	0.5408655020642796	0.4774230073378454	0.13424320970549575	-0.3154251187039159	-0.3782858124894659	0.5591733018249503	-0.8156135368338511	0.6605120812797267	0.7633664396052238		0.30015768051865876	0.9249391102334883	0.3458640024876152	0.16654693603629855	0.1392262411909062	0.6771520365174435	2.1695930468875417	2.049952090474786	0.8331524352807045	1.8256522344095298	1.1506558318532711	0.18024558085405062	-0.07868716362343164	0.5871904984108856	0.6025507211597503	0.362531298349293	0.7986142324540477	-0.29194385935035183	1.116321152918058	-0.5577824605937449	0.4264340917542051	1.0950036099260085	0.6940161553734381	-0.001549267688198963	0.4105937753769435	-2.0277202518290447	0.6226365092449626	-0.08918357867024618
2025-08-31	0.44504260377537364	0.09487802322073402	0.3259819267938079	0.12836524674464722	0.2287530879239212	-0.13120822068364174	0.41040957045984783	0.5996806055297195	0.6091935272113056	0.2265247922703486	0.6464820642455213	1.9555877270016904	1.2297781250636257	0.30563659190134684	0.33679131069095103	1.1663599396833613	0.4035483372092097	1.0057380326179883	0.8851611719203882	0.5956347938502697	1.0750305732146384	0.9530073679420683	0.7885384392570955	-0.17362688803034088	0.23191852168439253	0.6560916403344073	-0.3869468397226581	0.8550334178597914	4.696355356952079	0.7174685976171098	1.9155697657523731	-0.17463506276825003	1.5505543219261764	-0.9780587701447423	0.8325949128767203	1.8712492829078506	-0.06497256312984412	0.9650609509887378	0.26586418978397686	0.5189989183618839	1.766628291183832	-0.05858325166906564	0.1484080054511443	-0.30865325139467764	-0.00010911524679446324	4.564262804789692	1.8817592829567857	0.11150317994100156	3.072593641841941	1.5411064321137484	-0.08966397487207434	0.21170597011587144	0.1392724750458788	1.386330184155645	0.10165655326059309	0.22814853197470342	0.6158694386234984	1.8561391518997805	3.6337557914300476	0.4298512598402091	0.5770445222784535	0.5195032441661409	0.6702634854494174	0.14250169461750817	-0.23097840740357656	0.5075193922922274	1.4688971377911173	-0.01622990430383986	0.7765661231179992	0.8946064322947982		0.31571113847752486	0.9938380144065486	0.3380939086177073	0.16349687908857002	0.20868997380459442	0.7676989846641126	3.3572965062806333	2.463618482558509	1.123990103221293	2.2788165044964197	1.8456446157564628	0.18926415406046582	0.2174588999128293	0.7457395430428742	0.7104760518405489	0.41027757665674214	0.9432342594228982	-0.1322065556739611	1.2373739186062807	-0.40244104975216954	0.4199791670884636	1.2723867523037917	1.0913267705132554	-0.09224873459667826	0.3917045885416126	-1.8115088261892027	0.9052753993875786	0.015371263378856526
2025-09-30	0.49208583763532654	0.0847236734973682	0.3592923887274134	0.11238021314263502	0.21592893376258465	-0.00954119054586805	0.6160016748164203	0.7657547808335035	0.6992851089513255	0.24428531744743665	0.897344906709233	2.0358646218670096	1.5734898099506722	0.4917810867545935	0.34284455862295626	1.493509578856436	0.528601994644692	1.1009586040335226	0.9167388418881561	0.625489510047865	1.1540762753926899	1.1941751176486637	0.7626794772099683	0.2438382461006996	0.40761496292080934	0.7030235654934454	-0.4558451853071892	0.9952998029685127	5.163156328418411	1.8699743586946358	2.866323925872127	-0.05343051467941429	1.5097303875001593	-0.8402534036843925	1.3097873294230613	2.207935399309539	-0.0458955034373405	0.9984282084400959	0.13718089325107097	0.6219424453096931	2.0360050136405023	0.07613357120295383	0.47243018179534535	-0.27300861447531916	0.020446416861654628	6.354866140579418	2.6179671085354634	0.13317533019159233	3.991383573336009	2.1114216555001217	-0.07783591527323774	0.2957756756047152	0.14329127943852354	1.4689640524229604	0.09000326770022582	0.2169823254765617	1.0557496202133052	2.0114903511312345	5.141890926702828	0.6069498284302739	0.5934135128178675	0.6804991064194121	0.7661584084741087	0.1498841181016648	-0.19019923398215655	1.0955346786479971	2.2122936858501134	0.4369202254788327	0.861089108453283	1.029190657986212		0.3143530874748649	1.0093329216703633	0.42433160988509777	0.15594815855815836	0.22484957109775117	0.8000215711076388	4.742231315428292	3.029819508262909	1.3574256638838311	2.577055598410653	2.611762082234751	0.174433368033583	0.5443316015630231	0.9514446997120736	0.8911504205499434	0.46701907816502297	1.0874932099405474	-0.1118287074849158	1.6307903544439668	-0.26928583172228837	0.37270932207215957	1.3234062391687438	1.7502455510203454	-0.29027485278476073	0.4273690256115441	-1.5462431587435326	1.2126493209239246	0.20326147692857433
2025-10-31	0.5339011581079693	0.07533159477467533	0.38795928660540724	0.11980674976409134	0.18630630725745134	0.1346605767603758	0.8662211332003182	0.8856498729403195	0.803630169512493	0.24595482720869322	1.291811410907386	2.0225671486623042	1.8690089450745742	0.5667998769261098	0.30993755126663647	1.7755200459938436	0.7020080250292268	1.13436217598404	0.8688064620284264	0.6566909786105795	1.1906776603025886	1.4312682494412412	0.690864123898709	0.4402634440508155	0.5257677646973795	0.6733363126279355	-0.3653422180930983	1.0878959088468507	5.612223417488213	2.7230294121712877	3.8883793966376423	-0.01305352773433266	1.192124725634791	-0.48501339810002775	1.9841234985716945	2.212532965372434	-0.03359612330298578	1.1104915174209502	0.010735016289817434	0.6799654279678586	2.003208452463466	0.2950798260618015	0.5495226023144588	-0.3070863343545879	0.03684056646405793	8.668794740793054	3.570348633358691	0.12263022885661701	4.731112695970331	2.260488389752844	-0.10243226274328998	0.408297440387579	0.14180162139032437	1.420599970406072	0.07971034871165994	0.2049878692323408	1.3664745529404714	1.9852775995370777	6.572052279400886	0.7762501455451343	0.5863537528458034	0.8701289112264656	0.841633970824077	0.13845807360595264	-0.32432837184491103	1.371338408209116	2.815802775827523	0.5172260339874502	0.9299596379649171	1.1387069070158522	0.0	0.3133594839056866	1.0065537600745635	0.5264909711543198	0.14711973421557123	0.09262142551858821	0.761842679492574	6.060273008790368	3.0629415596358545	1.6353394488651247	2.612505051840526	3.287177453485313	0.14927140343545497	0.6370943405748957	1.1936441832020277	1.014086726428339	0.5419031173647277	1.1944928693369037	-0.19387519879788728	1.5090286349351505	-0.25246318562394876	0.19245642626241688	1.2909820606829232	2.621734472644553	-0.5200440119087024	0.4891930927371706	-0.8825487728950603	1.2387744643241332	0.2970690004551777
2025-11-30	0.5495704236256556	0.06333618405215669	0.39965579023787456	0.10624682413927355	0.14673759605381756	0.24406010422511393	0.9736329351657491	0.8296443770335937	0.8285807568592007	0.24735921786849624	1.363289548737629	1.6031728532239065	2.1218092624601903	0.6366115271938595	0.27572479129556227	2.015250097720746	0.7583262477299889	1.0756102665083311	0.7701745222881771	0.6906416171724196	1.1093858416267652	1.3828417462540377	0.6692345272472462	0.6299242732613051	0.656144424682178	0.6140876760704006	-0.2818075897411185	1.032555182240694	4.666904361035826	3.053311711555171	3.655405948939709	0.06081901054203853	0.9544029450605596	0.20972380728180307	1.7978207841998852	2.038824472524233	0.016286247699996537	1.154491305483404	0.022545340912617062	0.6971491175706894	1.7213636909850756	0.44397348006692106	0.6908906529887116	-0.3596742360974541	0.05002101343389449	8.322377406771707	3.4269037246240046	0.12109693471404537	5.187524255781216	1.9656794527134416	-0.07945404181791493	0.38609103676493284	0.13329276871069395	1.3039532336955793	0.06713145136731313	0.195527228765616	1.8101820239157664	1.5679516937078635	6.5107547570209405	0.7692885365973439	0.5530478023672181	0.9620037644438924	0.8091382811907235	0.12383418308233951	-0.5106295183478873	1.479450412750273	2.792461463361759	0.6839779965481352	0.9023637309293608	1.096867904130062	-0.06062861892377214	0.318033413103195	0.9318453473220494	0.5773176790328103	0.1404218512623907	0.08254535311531397	0.7051943150169167	6.007669693943484	2.9376641087935536	1.622245379628123	2.421832869232148	3.2569399676496325	0.12296066103890446	0.7717865883747024	1.1069155172295515	0.9498974187295688	0.5568445619301561	1.146575134780032	-0.17496716369218213	1.2399653800350183	-0.18468977199120507	0.06779816239015846	0.970214865684806	2.399240801763181	-0.5292177054241112	0.49344547892062796	0.3832136298098501	1.0056478549238896	0.3683802466300179
2025-12-31	0.5082814422789304	0.053959654306579896	0.36830630271148435	0.07165350953656902	0.12116009489651544	0.3236728885606829	0.8601628757723088	0.7931015599871882	0.8055736715779549	0.25369103842967333	1.5019380895442307	1.512511260950518	2.31477657908066	0.7504901622557631	0.2459033360189573	2.1959564414792396	0.7491569119865981	1.1311661711084042	0.8045717518299202	0.6323110149277811	1.1501785507193327	1.3507149583634548	0.5793925934035187	0.790070024250789	0.7204405259098645	0.6295565519726858	-0.27845444307793477	1.0003097718828213	4.43462702750508	3.1624039980840415	3.202042325626344	0.09655012174023181	1.0649246748580552	0.5978502023354269	1.6842452097818974	1.7652344908666624	0.059767746953578005	0.9772022493141774	0.010792459806369337	0.6241926008876821	1.3669769094825677	0.6393820463424085	1.0394784534750885	-0.41337824459520756	0.06782090559951787	7.507758849488489	3.092469494934022	0.10040175958422914	5.380911526777757	1.82041793974075	-0.046665269254748676	0.34240138205166915	0.10892066610000889	1.2843488776963787	0.057324343107163056	0.18164584007462525	3.038384223113674	1.1891669025903582	6.212995863897362	0.7337040114659086	0.45159120130240393	0.8630406600617677	0.722598418850052	0.11096488292207196	-0.680909748348441	1.6209289596933711	2.7604235687593786	0.912930567962654	0.964836719195274	1.1311671958083909	0.035085165211103234	0.28982783027794945	1.0195003220425827	0.5238655906121501	0.13061450043399714	-0.03213992034350843	0.6493090987775918	5.733137161557963	2.892083160518869	1.6611406187825173	2.4171503019465375	3.103443741330718	0.09079281076067347	0.9470409052082616	0.971481932939092	0.8823829130926857	0.5347659499938233	1.1759393911250204	-0.07179613041282251	1.1490325923224773	-0.1345583813704505	0.0940246493101915	0.8555959249194611	2.2362997523209707	-0.5474183289737615	0.3294398364643776	1.031551817963411	0.9431172021065173	0.40799186970887646
2026-01-31	0.45185572074419866	0.04331478731088367	0.32470283062379757	0.05307645194441335	0.1198967948685622	0.44690482893266215	0.7627754354642025	1.0227876383360939	0.7358365802253002	0.2740852401600604	1.988002074391697	2.015086132142244	3.1735790690786274	1.1191715072662627	0.21661559831328692	3.0087731776820075	0.83116006438102	1.3260439630990497	0.896019966945631	0.5321305726849699	1.3680029088616497	1.6107387162933042	0.6400897560086318	1.2072099685988356	1.0496543702310754	0.7661005365357498	-0.41883846029858884	1.1778789785220702	4.980906061195963	3.8613141818282397	2.2536204522008845	0.4286529466538773	1.0244877206111411	0.868642623778741	1.6224723823562428	1.6526575143082027	0.13230868235857196	0.9531511347119155	0.17407276675244954	0.5413520579970625	1.219429862788548	0.765184542597618	1.8395139794922022	-0.2068841327129118	0.16110399984746632	6.695109347022068	2.758377764494206	0.11519135264658975	6.296001947379129	1.6265100627117022	0.09534280711462517	0.23440679821982258	0.09172702876146877	1.4656395626412442	0.045458712571775806	0.15734408988814907	5.102395721946817	0.771430179883076	5.7927974725419205	0.6838456333555012	0.3780431507451887	0.7677553216955952	0.8758679856582239	0.09894583551969394	-0.1806820506003648	2.277450181080029	3.2742726815395944	1.5807428436795306	1.1705997452581283	1.3443740027824642	0.4359963589825975	0.24228795568696382	1.2344587666641536	0.46490506974379575	0.11348804790896816	-0.010252317435104352	0.7084780730433171	5.341333343287111	2.865622862554643	2.1010712267711753	2.8891589391761183	2.9395101349015675	0.06882685988093029	1.3933261160423793	0.711289326411662	0.977489489756961	0.48449188539357024	1.3902862908228997	0.242439901971919	1.0250203902905977	0.25783529511386094	-0.03539884470208232	1.2359622193257955	1.9658081279083355	-0.23813383792078113	0.2155069767110347	1.3242183295133767	0.8667507461518733	0.4259983144720625
2026-02-28	0.4678404430631018	0.031317044549797224	0.3358502171238156	0.07296846171515192	0.12191825090089833	0.6061220837784611	0.9099482417941172	1.2618846525342429	0.7159739542517429	0.2839269986508428	2.6023924521012267	2.8575663047331297	3.640173019259567	1.5134950467502648	0.16742109589861576	3.4544879564029234	0.8533064069570043	1.5709937892558825	0.987484032210296	0.5617482183897491	1.6342079369387488	1.8817581287632432	0.9119414349028574	1.5559956688421748	1.2424653582075513	0.8930593545605099	-0.4484918993957603	1.5305560881339115	5.509955940579001	4.095028386234178	0.6885037442542554	0.8671691662734022	0.774076634952376	1.126135142608212	1.390803462610716	1.1714947269055642	0.24111621804324423	1.3032292850412652	0.5923917590614995	0.5321935388276895	0.8011857605888197	0.8490220780748086	2.7535652432300415	0.012863274137609106	0.21880210537475792	4.293846060857533	1.7700204597324642	0.2123829915197455	7.047749934035401	1.1691862776078992	0.30029012637000574	0.04486383774947722	0.08981336911435867	1.669477613501499	0.03229432698939538	0.14604126050701938	5.622911590978592	0.34423095710915774	4.44590032954185	0.5273976135691196	0.37312640700252175	0.8929461233624405	0.9675975315428778	0.07534706044336925	0.2969777942294761	2.865476496369583	3.5765169852619874	2.2725397756350034	1.4346795413582796	1.5987057119060513	0.9344409798240845	0.24856627949074728	1.409893195135833	0.5327345089525262	0.10545846764805056	0.28700920997591695	0.8600436719402471	4.108754043231571	2.083644551464303	2.828155132801265	3.332447366345642	2.3471685353070697	0.05174271040797418	1.9836695296814053	0.22908787785163565	1.0399851385907186	0.46787630717846884	1.6418015492203946	0.6444543628400299	0.6782164896771672	0.7816755272995097	-0.2551305708785061	2.03213894458473	1.226161927770569	0.35608749693747344	0.36902254209451346	1.6768495318949403	0.4160352959608584	0.8824962220339057
2026-03-31	0.3202749594560075	0.020638160497471247	0.2295177156459962	0.00330697904430155	0.04529488206089885	0.5987040301354728	0.7414361921903194	0.8964074586281132	0.4045732657141503	0.17881979373212986	2.173158642328655	1.8259801230023207	2.860575848450562	1.6409752548851313	0.02856043688845844	2.7138241665733407	0.791825247699965	1.082982765972556	0.591602562815801	0.4017201633788976	1.0975990558526956	1.4104356804728795	0.8396526165577249	1.2096849966232543	1.1614416100812643	0.5474215759776735	-0.847404502498118	1.145761598781375	3.7010838772591548	2.825466753304058	-1.682812369649703	1.4798887887717478	-0.013652852778697877	0.6747523242428248	0.5153019902046001	0.19215377706040115	0.08702821937945826	1.2075738661792315	0.4031450310678113	0.3080233955928673	0.2176788735062618	0.11574063852925587	2.4145837627238267	0.817454876551387	0.4026431601645185	-0.25754905358242297	-0.10436171550594864	0.12414490945253587	6.429554154050981	-0.6144752327441267	0.3532612174760268	-0.2320031451470732	0.05812544777548584	1.1543191810391473	0.02049961810390144	0.09189533669958827	4.528585751092704	-0.584898152732789	0.24025210457151047	0.03172077899068704	0.24268987089148353	0.7161477826913754	0.6688184240230317	0.009495097330061819	3.4515516661966776	1.8502752864490954	2.025812262161466	1.6211241713550333	1.0556997680954856	1.1488957666699733	0.6600408642438275	0.16773810623888163	0.8585186912315832	0.4169182111750134	0.06622361354352635	0.0367020948137422	0.4675535446145149	0.22927162615434327	0.49303694984179103	2.3151157463032126	2.362632673416858	0.30890818270528797	0.03057893426084979	1.464875228869845	-0.4872042112911954	0.6821861423663074	0.2526479821743042	1.1826762570073281	0.6287508983332317	-0.1316356381797288	1.4593732772861734	-0.5783708665344705	1.3052321322118008	0.05027729724330854	0.23770277275460527	0.33754960063698736	0.9633528531236912	-0.5196547987222022	0.6267896253861611
2026-04-30	0.22145457488028897	0.0108883887273592	0.15730295378862058	-0.035692920947646534	0.016108626752803196	0.5943797695806752	0.5820783519536681	1.0733243872143259	0.3208301211802347	0.13831158420402556	2.5523065644516203	1.8897788430485853	2.153405447610144	1.6198769856795963	0.006893852016460755	2.0406706009211426	0.8652813173096392	0.9951138662815158	0.5659623818604533	0.2760417128325119	0.997691147873784	1.5729979512596177	0.776748034560157	1.722523227625551	1.1268494710539203	0.5295334439990942	-0.8772031517060066	1.067371895747395	2.159611879167578	3.707246184561269	-1.17130305580568	1.660369682717358	-0.06400790709196258	0.30542770363040894	1.2000472273321705	0.04238175840579572	0.05883993117324415	1.1642686556130677	0.32460298073911753	0.18351003487687034	-0.09032140862372362	-0.11597182552456342	2.3689177184191896	1.522428307301106	0.5613205459216325	2.3612315283416407	0.9733391746717395	0.19021939671717691	6.709856182895571	-1.007193647973578	0.4286506522938385	-0.15879241187974014	0.051226928650039305	1.0743514559977978	0.010332874754251709	0.05210591836877976	3.5783326790755368	0.10511999046036635	1.6859471487181708	0.2003183626431433	0.21380708233123302	0.5594896317749285	0.6264056083210461	0.0014029467830214415	6.4594058594714046	2.479763690463054	2.9707947344342642	2.0321545311869826	1.0384066579252522	1.1511512121016096	1.094514929051424	0.1039729221845298	0.7489435764980517	0.31968141448973386	0.03782685128391439	0.33874693654303867	0.36610366977518316	1.555720903689732	0.49931480889068425	2.427039534657734	2.3570707208690607	1.0105710044037934	0.033444860421910194	1.6040621233515253	-0.260861114027497	0.7256032395520338	0.19359149710486578	1.1886426172394167	0.6929448201743993	-0.3140603396732331	1.620513340903555	-0.5886240400911111	1.4635691623143554	0.9692471497446906	0.2391081253349534	0.31213470020603973	0.3913602470452102	-0.5131484749744706	1.2674546174564476
2026-05-31	0.13873878282299046	0.0030963361852003324	0.09667614957813098	-0.04199055736747859	-0.0052537096671274874	0.5720482391798458	0.48153595771245783	1.1914941303232514	0.26956717935650953	0.1063722891320652	3.2570934899513704	1.790914267524041	1.3865537749313734	1.460949380219887	-0.013486161436583544	1.3116962395709226	1.0475665844407216	1.0085693150233297	0.5804595403959256	0.15753909991415416	1.0286111551963266	1.8921227835973138	0.5964941235980117	2.082077991066188	0.9486661477652101	0.5474258910218639	-0.9078259445343129	1.1110221618136125	1.9532880601892586	4.870297079292513	0.21883571907776656	1.5191819839008174	-0.12963487516149286	0.18916776858851136	2.8789017850927436	-0.05125185938495669	-0.03241397008556124	0.8125729293692503	0.23874294715086153	0.11463766483364779	-0.4425049241441523	-0.12956512495306605	2.3723871282880786	1.8068678709197292	0.5847276839919607	7.897369833092704	3.2515589151986433	0.23023936342519669	6.309388254005267	-1.0122762321447318	0.4953071185679696	0.0047559119252533755	0.041457629705340726	1.1339344985571849	0.0009057672777972314	0.012017596412793985	2.8389465113246324	1.5458382773958412	4.505882278185105	0.532555386116961	0.1727327868957249	0.44678146503077176	0.5291680778656733	-0.00803369937161369	7.0703308229982795	3.2903009386497004	4.660980670069918	2.3133789097417257	1.1513947284673876	1.273965878766921	1.568654651314713	0.041525326744060065	0.7503677231106298	0.24792142856186788	0.00928793432285957	0.5191144934643996	0.20648653355530477	4.150685181084405	0.44719659191795813	2.9191977105689455	2.416824194457341	2.374158942414436	0.025299894647202725	1.912320352729715	0.22341069739934039	0.7640967664011531	0.15251175182797017	1.3065488365555726	0.6665737142801977	-0.5089439755921834	1.4848271400224786	-0.6282380363918034	1.4172232541354184	3.21820438292516	0.20824681097133357	0.144604003792411	0.2879781146108571	-0.3442936465255677	2.163331429641296
2026-06-30	0.09538062280822146	-0.003944257115422012	0.06591430950168253	-0.03180677481910976	-0.042826910299152865	0.4921734301304408	0.545073905900658	1.0471069697407938	0.2385538585156799	0.08055193170125441	3.5669151660691547	1.826928415772155	0.11288997788013866	0.9822293154020993	-0.04358962936740518	0.1008141028545424	0.9067126101059175	0.8962978916103967	0.5238399557734148	0.09818642875548633	0.9323989068447611	1.9226278218877537	0.47592581871548223	2.720293072497147	0.7099070671810188	0.5437200847577262	-0.8365274650912312	1.034483115700258	1.9286383486468992	5.85113181457192	0.13706637658702192	1.0885770784411668	0.018532463027820967	0.385783425065898	3.725328650294312	-0.8610832858048365	-0.0700650966920171	0.6127987235776091	0.1939118781025062	0.07894044568693914	-0.9241833520481748	-0.14939662860924052	1.8445583153299108	1.4737540815845631	0.448177410726437	10.044413088340178	4.127870335594206	0.2744145796498586	4.945538724729417	-1.5615607142792918	0.4697265206024448	-0.006473630290081189	0.024721562916789064	0.8896325320436427	-0.0066903008611824966	-0.021825246535305487	1.1769473799284942	2.869808827391566	4.903534581409502	0.5775095592782176	0.10525314828783161	0.46739878697471005	0.28353220694155823	-0.020421759394058103	5.488060042632782	4.086142045090996	5.872466270373877	2.8208558123904446	1.1060948650488855	1.2305953630812647	1.844414579151632	0.0038765922000456587	0.6766213296471175	0.25247923405044714	-0.015034674282426996	0.6981461881225295	0.01481111664598278	4.526423308677451	-0.6466433791219544	3.0011121697160945	1.8461183061744748	2.7066940153410393	-0.0017185072227181575	2.3720063469130004	0.20380957783197218	0.6849532153379982	0.13052336179597201	1.2376707974585957	0.6010262814798866	-1.2430342222925308	1.1048560800193714	-0.5057304333127641	1.8821199414978036	4.310994157651766	0.19247537115812907	0.08524485362874668	0.7979360131897169	-0.560388506580578	2.5603845645210015
2026-07-31	-0.0364641530722678	-0.008000987395531567	-0.02964234919863573	-0.06506409938946833	-0.06471433351339445	0.4366290025868593	0.2797199374964694	0.490238889109456	0.08255950386953259	0.053816086172934985	2.8469054393492703	1.5027759813948443	-0.7437706358882501	0.8037583911801089	-0.09562180560340172	-0.7137938737204443	0.5908348501035541	0.8218255514473372	0.4210991627197611	-0.04214014289684398	0.8698870422256908	1.445329450095695	0.3242607583005741	2.78406487036273	0.5897388958819829	0.40371613046619537	-0.7403529621422433	0.9271628955366644	1.5318919911649544	5.495862663983306	-0.9125754161551249	1.1135818578087457	0.5536858485517282	0.627608583535916	3.285591392889895	-1.3304716597555615	-0.03003171800362292	0.32241172657242956	0.23202665700403147	-0.1326469050933725	-0.922972661849673	0.0713693078683475	1.382030484595866	1.4840226332608413	0.4367319109607919	7.519947266644316	3.0917845969594566	0.32516467930972903	2.3815978909524684	-1.6267838556547964	0.5223970072011825	-0.01224447628027292	-0.004523371448470315	0.7294703441855921	-0.011112018503344867	-0.050466514256736206	-0.06101564633842038	2.3704598153557743	4.481102075179365	0.5282956422389855	-0.013861860845416407	0.22067358755140098	0.21460873604008235	-0.04219904064840185	5.517118920329107	3.8376537530408186	4.743761032944391	3.0338156740257283	0.9340760033799347	1.0261903126472474	1.6621441017628853	-0.05916417862994616	0.6760364570247681	0.10530417280062321	-0.03606175596834316	0.8951614892315836	-0.049896133685852107	4.1363877305694885	-1.5446637694666272	2.3877127943561955	1.0586075963831032	2.4743858136345303	-0.02380222110219199	2.5567571113766263	0.07318818427335927	0.49551878435780683	0.015663108681848392	1.015506460381065	0.5164787881674933	-1.668826812167783	1.1408949663813792	-0.22281476805556055	1.6821683537112087	3.7955119892117093	0.2648965492944546	-0.0452625677618963	1.3407559066302417	-0.8873549488978139	1.6024436697044155
2026-08-31	-0.1112346750191433	-0.012022055681948807	-0.08471923676686144	-0.09570997143684523	-0.0622826376095683	0.3918720847840438	0.1508197132439273	0.5064796018320692	-0.016582022929208406	0.046976440982892664	2.6342472545837037	1.2010446115937121	-0.7983851072837265	0.8606565232508485	-0.1012742499123318	-0.7668454382236156	0.35101865130732157	0.8374674311319072	0.4341059620093901	-0.1328874773304647	0.8845013316229196	1.3270588037476703	0.06870341564210669	2.6148155532504145	0.4374773881148202	0.3555050863525322	-0.6414717041044046	0.9495466832359938	0.4651578695735772	5.105535017363696	-0.901557761555356	1.1868124156891486	0.8690506016159745	0.9705392841673977	3.3157481672447453	-1.4904871301906635	0.02397960890664086	-0.10194632246641255	0.16225345907725197	-0.24883955432109595	-0.9352598019374256	0.5898392250492597	1.591613442022327	1.5333328808665319	0.4626986046812822	7.1665232721192496	2.951031022782967	0.27786658574693734	1.3417122590090838	-1.584188104503692	0.6020009138132458	0.07348347004350719	-0.023261587853934396	0.7463780309664507	-0.015426288404550625	-0.06835371224668418	-0.4066525234843734	2.091803475530595	5.102696575411031	0.6017744539594316	-0.09768350479814103	0.09100652300165701	0.17586870301180202	-0.04312991969371471	5.385091240617916	3.681376714152922	4.397967666417788	2.983171991674542	0.8984695845311981	0.9762612717790162	1.7569287379870682	-0.10033442573589801	0.6914085567427168	0.030859406876551032	-0.04790470101737232	0.7926314424215208	-0.17115896600327285	4.69852600408322	-1.8356587928285464	2.231463293972732	1.0656957335126478	2.7461412205899833	-0.044448542500388655	2.729845205205116	0.1753226011590261	0.4650630544068921	-0.04856886802730376	0.9754916425758919	0.540306802203534	-1.6816293138261962	1.3345164084931849	-0.003655741980626459	1.17168294276237	3.8951140952628904	0.25519143055033044	-0.28131788750076847	2.062138776238128	-0.9349815035822466	0.7753689738376242
2026-09-30	-0.33069694016042717	-0.015374646594247032	-0.24334223522354503	-0.15618466436637723	-0.09626109683659498	0.4058050823088648	-0.19152826033779258	0.38562663863498337	-0.31990859375989267	-0.01250287588034038	2.3744255290653005	0.255346835230462	-1.2929500305577495	0.6388056730707223	-0.25102525283296817	-1.2363055970278918	0.1452131698236263	0.5520490765256065	0.31171754486886716	-0.39199179054401845	0.5831845276176111	1.1069476608142574	-0.35962353460086405	1.784905911192781	0.2670125587303649	0.23132663016824218	-0.7221967882124548	0.8286675114135384	-1.8624828717214754	3.407478613713728	-0.5309543732406858	1.1027370420660487	0.5256727337358083	0.9907800972343548	3.5007040074368962	-1.4857780863233465	-0.024476470761017666	-0.6970270395874163	-0.08211795759450302	-0.5503772360971895	-1.0884986262908787	0.30401344245473094	1.0388216883575678	1.7958803294532917	0.4967151340242948	7.52286835281069	3.0997479270342048	0.12629940204089296	-0.27212133755655454	-2.432508029102232	0.48494064240666424	0.1194129242424915	-0.08354701309455681	0.5113118459023411	-0.018929979395371888	-0.12283753006231102	-1.033233781173367	1.965433539668103	4.610562754601382	0.5443913356595846	-0.3475940626335501	-0.2523503105688485	-0.012415455028603972	-0.11083297735646291	5.863487857358329	2.3288430854732063	2.8846312317664236	1.8397848470680653	0.6553751198662594	0.7178006200772353	1.688606625231524	-0.2178564442899784	0.3349528380534492	-0.17491134545542802	-0.08620811990797339	0.2715400363687741	-0.40880379122308796	4.241670436199293	-1.7799642864912535	1.9740497668345203	0.6294078825233722	2.362725567082979	-0.09658614129323118	2.1220673916929336	0.28999519048510436	0.32075477685348375	-0.25593509870495934	0.7135496695896011	0.27090223556922055	-1.6955093741675942	1.2747856232952683	-0.14232241009630453	0.1485502778482637	4.207136227318067	-0.008579203760958887	-0.619570378392114	2.2939897251245824	-1.4463041058848125	-0.3147321702817454
2026-10-02	-0.467988545937321	-0.03271244239735527	-0.3427323716931663	-0.18910831374508819	-0.11511318213269639	0.39789169996232543	-0.4046550689738426	0.2752359355489329	-0.5546501807244129	-0.06255728895605173	2.049144070548625	-0.44072482287296566	-1.6446941881430828	0.42901646819315253	-0.36331059629168916	-1.5706344398575638	0.0024717798139697322	0.2546872564784053	0.16629069974363553	-0.5466735120549115	0.2673912402751224	0.8697727586943991	-0.6620449257157643	1.161045539523002	0.13348991112952735	0.10291394492210859	-0.7593208669982098	0.6756459344566643	-3.4864336210501925	2.071606779906034	-0.35314892857902436	0.9876797099611698	0.10705400765917084	0.8264113502639514	3.4621689971948744	-1.5447683608419176	-0.07450843006390784	-1.0771580785109043	-0.29332309382643684	-0.7348731986814858	-1.188999977708943	0.04928620118947613	0.5604967482636383	1.8829474016759788	0.49177579756352463	7.1638586894845915	2.9539865877671687	0.0016242470748411009	-1.4100690366938462	-2.938582732186985	0.36654822609333815	0.13019457740034746	-0.12060666246941099	0.2601740643191075	-0.038047724111599734	-0.15852164584987216	-1.4790149963620554	1.719539163401139	3.715851126416446	0.43983706155668223	-0.4999189643448543	-0.46232503192654084	-0.18694947683748797	-0.1625529993454935	5.861433106802059	1.3164833558320623	1.7939580144296876	0.9479176202557866	0.40984807930024836	0.44711243879581275	1.535297015391139	-0.28685992082297396	-0.0312733169747208	-0.3017698771976373	-0.11142380235484173	-0.13613118630760423	-0.5855669268567301	3.4234882381991625	-1.8612364849640848	1.6897077922298607	0.19649685790835036	1.8394773588360742	-0.12954221543698852	1.4862466033364932	0.3189753740206722	0.16763795795730463	-0.41251142368438387	0.4399225358161436	0.0534484810112672	-1.7504579254031079	1.1856004565105778	-0.26806795872400313	-0.5593767932889104	4.2114776990509135	-0.23941139155938362	-0.8111789967601015	2.1080408097899577	-1.7268208590224674	-0.9144556696771051
