	AGG	BIL	BND	BNDX	BWX	DBMF	EDV	EEMS	EMB	EMLC	EMXC	EXI	GLDM	GUNR	HYG	IAU	ICLN	IDEV	IDMO	IEF	IEFA	IEMG	IGF	IJR	ILF	IMTM	INDA	IPAC	ITA	IWM	IWY	IXC	IXG	IXJ	IXN	IXP	JEPI	JXI	KXI	LQD	MCHI	MOAT	MXI	OILK	PDBC	QQQ	QQQM	REET	REMX	RXI	SCHD	SCHG	SCHP	SCZ	SGOV	SHY	SLV	SPMO	SPY	SPYM	TIP	TLT	UEVM	USHY	USO	VB	VBK	VBR	VEA	VEU	VEXC	VGIT	VGK	VGLT	VGSH	VNQ	VNQI	VOO	VOX	VPL	VSS	VTI	VTIP	VTV	VUG	VWO	VWOB	VXUS	XLB	XLC	XLE	XLF	XLI	XLK	XLP	XLU	XLV	XLY	XMMO
2021-09-24	0.0	0.0	0.0	0.0	0.0	0.0	0.0	0.0	0.0	0.0	0.0	0.0	0.0	0.0	0.0	0.0	0.0	0.0	0.0	0.0	0.0	0.0	0.0	0.0	0.0	0.0	0.0	0.0	0.0	0.0	0.0	0.0	0.0	0.0	0.0	0.0	0.0	0.0	0.0	0.0	0.0	0.0	0.0	0.0	0.0	0.0	0.0	0.0	0.0	0.0	0.0	0.0	0.0	0.0	0.0	0.0	0.0	0.0	0.0	0.0	0.0	0.0	0.0	0.0	0.0	0.0	0.0	0.0	0.0	0.0		0.0	0.0	0.0	0.0	0.0	0.0	0.0	0.0	0.0	0.0	0.0	0.0	0.0	0.0	0.0	0.0	0.0	0.0	0.0	0.0	0.0	0.0	0.0	0.0	0.0	0.0	0.0	0.0
2021-10-25	-0.07340103406154412	-0.00041523063493968947	-0.05599908093827253	-0.029621842405299505	-0.027455300770932924	0.034684299910671255	-0.2786131776309844	0.0019411784447072478	-0.07647407197484882	-0.025344770746986	-0.0032766475654284477	0.08571113282830538	0.05680868749519732	0.1728368462049076	-0.032161490775877155	0.05402469429103007	0.08148192963811596	0.01467942972068954	0.009253292345476893	-0.11168537181849843	-0.014974627108915683	0.07976478138232893	0.09170297886382742	0.23722316287548892	-0.05047094976773394	0.01772937292146821	-0.01632372543659244	-0.10427218105171505	0.23227933503700343	0.3655526648484738	0.1919697949076408	0.19754494085347857	0.26018826738959433	-0.03270565495689652	0.007049836531365372	-0.07117722062554321	0.051965614423954774	0.05114139607229049	0.0008861050754546795	-0.14133619691074273	0.30288407134221984	0.09436646105192495	0.12938757691313185	0.1856930918005503	0.059492337688416795	0.26073704266559616	0.10852119937301268	0.04973877606329893	0.3500261639697101	0.5028607777043135	0.05208141606300387	0.022707413694820388	0.01438228952766849	-0.0660378676961841	-0.00016249002237600507	-0.014098280046800938	0.11156850697069558	0.07166387512713186	0.7164695342981304	0.08395972421974988	0.059291375521854664	-0.23543089467982553	0.002744847061336486	-0.012160892803825618	0.4158889570390215	0.42723090769959526	0.15656260411224138	0.5051219204549398	0.006283663158166064	0.03165155940484397		-0.04445543992942476	0.04107931168858272	-0.1408924853793451	-0.010250695407239618	0.18906993691479101	0.040164973308560545	0.6560051586909594	-0.14450591628090023	-0.13112364970273802	0.04523718495888716	0.3749295667090564	0.022745633748542105	0.32827882544512477	0.05138393757895301	0.07644237717904048	-0.04796856113750323	0.03549715190396796	0.12773337612963473	-0.0658095987413276	0.21884462499695587	0.1515784659600797	0.25869133495616553	0.08214134931613444	0.03169490114428299	0.04480372757136308	-0.036976191457551974	0.33716618873203286	0.27052167016713613
2021-11-24	-0.12547196700407767	-0.0010718983022093198	-0.09503824362606791	-0.03418482532902772	-0.075106633217747	0.07380969154202034	-0.2723978426683834	0.002134415664588687	-0.17798758101036355	-0.08947461916017914	-0.05211223283313302	0.1810760957619641	0.09203337335158493	0.23507757459609194	-0.07645006976547393	0.08682548142919017	0.14318377827553092	-0.016881060152079498	0.03284993291574949	-0.17630807117766606	-0.06742311313849086	0.02210572019615597	0.08422474233012622	0.5997150423901939	-0.15888362596082173	0.020542273712529778	-0.06269842622853616	-0.18895099824934164	0.14362150185841982	0.7827168953772298	0.9109907936014952	0.25438445767338974	0.3152191851964744	-0.050429124066361054	0.23609216098786306	-0.13784534714467328	0.09359015632166347	0.08735711137850444	0.0656082889949937	-0.24285684083801015	0.20953973161426231	0.13957850192029353	0.21784404544985136	0.24066115771275234	0.0808199356520734	1.8037107794134952	0.7430649061613712	0.10399557747348523	0.8338261231142792	1.2287683916503738	0.09465542500807089	0.08927582983564492	0.02991330783151909	-0.21326375695441813	0.00035851338697057145	-0.032185130624559403	0.14136457112401274	0.1897523178485892	2.010660042351983	0.23555155023309793	0.12354908980915069	-0.22480646371094734	-0.055240321367011805	-0.029082560949682375	0.5151813477289908	0.7338032697452264	-0.06653251123426343	1.0148537355420104	-0.02062927845153581	0.0022567022302905568		-0.08420947034300297	0.008663016339982049	-0.14964929334372984	-0.022261039302153448	0.3686354673520327	0.022655244104615804	1.844226332851531	-0.45977934651245506	-0.2321989972200595	-0.07663094309548796	0.9477026275727667	0.04721024877762261	0.5833128754215864	0.2215181286600216	0.04839596667158502	-0.10977790565637632	0.0034548178600061867	0.2863737496404451	-0.23254341250881452	0.3152188045247055	0.21042511475543618	0.48845436213964377	0.4722292757151672	0.14548432115906165	0.09186779841882924	0.011447844236695346	0.9868948432105913	0.7178541678530745
2021-12-23	-0.10774089264506573	-0.002256414919925646	-0.08166761781696186	-0.02242064995800183	-0.0840426091367309	0.04639802546939756	-0.04535420721797481	-0.03663783534780418	-0.17510308117625206	-0.10918669578635797	-0.08440383468998333	0.12439558334789172	0.11344125294119885	0.2809038162573997	-0.03513480070605737	0.10632450112908258	0.01187607174041374	-0.06612641856860864	0.028769243697855128	-0.11152654222877981	-0.11723680609600433	-0.09473209242394978	0.08622176297178408	0.5290975632758941	-0.20969070068095413	-0.007847683708097748	-0.16826628490676965	-0.28909724323466046	-0.11548964507428493	0.3309527014343039	1.2879640724998436	0.24119447234642233	0.23783628752694766	0.13336155948731584	0.40713793288131	-0.2645772761197554	0.16224234620287598	0.24097743998790042	0.20861311402822436	-0.20874299638558796	-0.14242492462601153	0.13619889436773427	0.3065200134847032	0.16651705890133847	0.0652035709838048	2.3763201921413293	0.9795634423414349	0.146603702295836	0.5952452806123923	1.1247795336168882	0.1360816954216773	0.11386485810133604	0.037174244480097283	-0.35020702147082783	0.0009678623230229277	-0.044664925908606615	0.08806587221717836	0.16701251944178533	2.7268692891229165	0.3201610384875157	0.1541514741346573	-0.03601831872238062	-0.049581696114645406	-0.010201595257001598	0.3453618119418652	0.381262768650381	-0.8383918243752924	0.8768787624422929	-0.05259643412725177	-0.051340871984251864		-0.0779253316024194	-0.0010110916342725897	-0.04567516101018464	-0.030498343455697748	0.5922824085482125	-0.06279514304377198	2.5063326805761426	-0.8010354671031845	-0.34402475865880977	-0.2686957505769615	1.1339869980208506	0.050235577134525325	0.7623346924049905	0.27932626173188646	-0.039617329402176216	-0.09820285145927732	-0.055485397679362905	0.36714512417759554	-0.38734941830718705	0.3083917858297619	0.16904245853529434	0.45300240391479335	0.7552149673656818	0.3635474788164813	0.1850901087776839	0.4268362757962309	1.065066708284211	0.532614050481162
2022-01-25	-0.21210613592672634	-0.0030492667765987785	-0.1604742834561537	-0.055315374190537156	-0.10717247722974177	0.046556678212801045	-0.32023562487651624	-0.12817082730747426	-0.33150358032692584	-0.11321185213837903	-0.10180571890170745	-0.15188904070298495	0.16988058201245504	0.41770536211472226	-0.08830673759719912	0.1594572244142871	-0.25190066932707667	-0.19244338810401646	-0.06142747829283064	-0.21890980892064188	-0.2631081036188917	-0.16792642243745198	0.09472397774571455	0.10311067397895818	-0.1445111287133662	-0.1288332502722807	-0.18838159923553122	-0.45204743511479506	-0.16967943396109114	-1.1822414493471416	0.30751065946512623	0.4367379739586488	0.2724270094121848	-0.13276569225493803	0.08196906840280849	-0.6137995042207562	0.10502403424309449	0.24695083587637828	0.24848446644085093	-0.40681427213849564	-0.3395167044451157	0.0018176525930672927	0.3094249329469244	0.35964519381522614	0.1032848270497313	-0.06319361025759296	-0.02371381484765206	0.09851136186616538	0.23481933362740226	0.3078165711719639	0.13522343362351477	-0.03427776435887122	0.012361064624907995	-0.6053249427087095	0.0010136713691167643	-0.07265394233314801	0.11890876537412079	-0.12040700846001612	1.279258498890465	0.15054397972477013	0.045793388856412626	-0.275789506314297	-0.05693822466921755	-0.03423132313491255	0.743371570927617	-0.8277803792037894	-3.6215465118362085	0.47458124035290794	-0.15048803139919115	-0.14049407833314848		-0.12709138782261434	-0.1124168541904317	-0.188018113080742	-0.050317761666673594	0.35908892922981106	-0.13746483907123103	1.1801894727736615	-1.6505606278758203	-0.5499674182764963	-0.6750246834269957	0.17936796874872019	0.04319112916955668	0.80467978474154	-0.09709639428499105	-0.07489588617650593	-0.19919276020368698	-0.16135110116571855	0.29195326006741196	-0.7853742866650055	0.5433570753622485	0.12562745768168498	0.30007369181536103	0.34146603476536397	0.4965795032220932	0.18188962374768597	0.09793692012757227	0.47059656090057533	-0.007481156878721973
2022-02-25	-0.3930068368377492	-0.0037639748072812104	-0.2973262015513003	-0.14262573322674446	-0.15543079191190506	0.08764748699439814	-0.8310504552479294	-0.2703352027816005	-0.6401327450302361	-0.11163884256497301	-0.14870286866902147	-0.577385522725355	0.2618099151501112	0.6160966817700186	-0.1998942044106162	0.24797155193531156	-0.3602366985544494	-0.3284571594086451	-0.16731268065446112	-0.3660233505220271	-0.4237578443265034	-0.2796812700403665	0.11908947492097383	-0.20608333742821033	-0.018023756183402934	-0.2371887294319729	-0.28744447305847776	-0.5690339681262819	-0.030427027632343374	-2.081972692777455	-0.49985972149336	0.6213775679220326	0.2458172476156516	-0.2837777095699744	-0.18826750546959178	-1.023390437869982	0.05294532324011855	0.1878869123335068	0.23738450485462376	-0.7642069322269592	-0.6375101567546881	-0.11773171507540588	0.3229229221591817	0.6158023119594507	0.17319162864296586	-2.1393419611143094	-0.8730697561293131	0.03714369538359366	0.1972773327079972	-0.7345923981762822	0.09823719306071654	-0.1377707699786175	-0.013038353004290883	-0.8223508414221986	0.0015217806053624372	-0.12562638546182875	0.14824949060847958	-0.33629783344615816	-0.039525101140343466	-0.005243681883208812	-0.061673336528176734	-0.691112500252291	-0.060206970433933145	-0.08773875675443733	1.2815112387883651	-1.5130001859206363	-5.221628054483171	0.24356250965543325	-0.253585943054673	-0.25117939567272185		-0.19921312059204105	-0.2762620491286468	-0.42162058299398764	-0.08900048086080485	0.05015805628328124	-0.20663017544492512	-0.03346920847809609	-2.4391915301151363	-0.6988652887416844	-1.0354167895784587	-0.5812769996540746	0.0467462608436901	0.7301659508502344	-0.3841580216164361	-0.14577430322553353	-0.39403302418760994	-0.28138143727723364	0.20005280879927018	-1.2631379796489697	0.7660151061732451	0.10215109897754701	-0.016617616660103918	0.02784588274575095	0.5385837356835674	0.13482223977665309	-0.1126508940611024	-0.14516550256172356	-0.21196461358888152
2022-03-25	-0.6360969427461953	-0.0024624874878070805	-0.4794033219793961	-0.2410982047408144	-0.24527132475093166	0.23610056872610058	-1.534521667657097	-0.33298313999324436	-0.9890667937314164	-0.18841394575360187	-0.24138642020635798	-0.5734535951956368	0.37590895742516284	0.9269804182105373	-0.3250266754792429	0.35674993901940594	-0.2756186160642621	-0.3886692171096871	-0.19515117952917327	-0.6570450549180801	-0.5236178357486958	-0.46364489026091427	0.2674101971634666	-0.2281744001079567	0.22003587959776244	-0.2581169284209371	-0.3070243163354343	-0.5676153131943618	0.48026063146416975	-2.1513666994738854	-0.5392083073265965	0.8967128360386004	0.24063411148719382	-0.12684084929245454	-0.26138360954477846	-1.200960468431655	0.10909626422776603	0.28185581933023196	0.14956867139429114	-1.114872154516869	-1.1182131289242947	-0.07012436738062734	0.6124043887630383	1.1472896192128743	0.3239056426603082	-2.334972832837307	-0.9505397821044782	0.04021660125521784	0.6755050944977706	-1.390393081997712	0.12065731141293384	-0.14086350854225743	-0.017954578852382747	-0.9195969133320026	0.002563797164706102	-0.20258572915635153	0.2237764615364239	-0.28508523521356166	0.23787072770904683	0.02784021877439985	-0.08446350452652779	-1.295772747181561	-0.10534039296646962	-0.14628159258866208	2.4595326684162986	-1.4566765963179855	-5.509538184012077	0.44380823184600326	-0.302262783635319	-0.34781576667928116		-0.33289411248543915	-0.427508987038999	-0.7704067668122828	-0.14336468533206878	0.031173418494791882	-0.24172831090059804	0.22446951242436564	-2.6908029755937015	-0.7255427895091529	-1.1360399615304768	-0.5052758165470967	0.06871306930585752	0.9950001841264215	-0.43024562596792754	-0.29159815438263526	-0.6255071384094233	-0.37102818222946965	0.28944698337716623	-1.4180856575721885	1.1383014363644346	0.11983506501665872	0.11550850145215075	-0.02267515041328383	0.5229415022318058	0.2613746593556837	0.186010762939431	-0.26245516477306363	-0.12903950822163102
2022-04-25	-0.9181529816242937	-0.0010137980975536602	-0.6905742922958599	-0.3510791176200817	-0.3571129167949443	0.40398437675972554	-2.4346407509354613	-0.4096120041686889	-1.284424270716686	-0.25305144248355843	-0.41617213439258544	-0.9093019271455597	0.3855010838842437	0.9758985688507527	-0.45825470458691436	0.365394607308125	-0.2987246667305652	-0.5517976009222936	-0.26349684530351025	-0.9966849537738718	-0.7140889811489508	-0.7242217959886303	0.38573497485974906	-0.49390880347831123	0.2582657465626821	-0.3564942848731031	-0.2919712047538765	-0.7572507167363787	0.5429388745944894	-2.7198164011662262	-1.2229838420310954	0.9738669417780452	-0.04346554326248431	-0.029217364892581005	-0.5820231298529441	-1.5870136382487845	0.14626984201347004	0.4304761494267379	0.23331358731135154	-1.5492422981790428	-1.6674379755383755	-0.1943838477051701	0.5195834215617984	1.3515408008377028	0.40423062996493064	-4.005477302814141	-1.6328495870750714	0.07236645959216953	-0.09623089777448557	-2.144898495652578	0.11495846301546611	-0.22100341055296213	-0.062122501358763516	-1.0907545218111765	0.004475901846986107	-0.26385795170948345	0.1831695752552489	-0.4039444772555417	-0.770765627318307	-0.0900032295537194	-0.2692199445842698	-2.0676861259745256	-0.20509297270515497	-0.2046275990491106	2.777400897325979	-1.8368805951835685	-6.206869855462415	0.24467829492262805	-0.42674060720299695	-0.5342824371840198		-0.46802413133765264	-0.5790853277664506	-1.2130029124362156	-0.18647228310279212	0.2530921100059034	-0.3508600407737391	-0.7024447083230467	-3.376309377899511	-0.9653900766399066	-1.4633943078344984	-1.051059039273661	0.05119772229881486	0.9802108177360733	-0.6495944267276571	-0.512645255808333	-0.8358281128181019	-0.5552604512267493	0.2754639610279568	-1.8128314787452697	1.2520284501695285	-0.03769654977085124	-0.05999039514162263	-0.42455608772583475	0.7640861839731683	0.39107574595814953	0.3402803783924119	-0.4936840146744131	-0.1814144327387399
2022-05-25	-1.0166843484804002	0.001604980685299825	-0.7706689781257264	-0.42033549717213575	-0.4266541767202806	0.5038576478017962	-3.038413174741109	-0.6500967201871186	-1.4942585619341697	-0.29778969276738254	-0.6709137185899947	-1.4770838119883223	0.28526761644654963	0.9851847654158408	-0.6048717344023722	0.26982307151976603	-0.3265924236231806	-0.7314820393101696	-0.32773225276366097	-1.0945089975014008	-0.9060361197750552	-0.9557493957808139	0.4384656582787253	-1.0468577136378303	0.27139875235480737	-0.4765280044423936	-0.48252916566648185	-0.8736289952976726	-0.04154166582441776	-3.9643524519000826	-2.675925177026611	1.1648189623108238	-0.4397245464977112	-0.13725660567236553	-1.019000811540987	-1.969489382318676	0.011919017893691292	0.4855940597658046	0.008339866693968023	-1.743106513819388	-1.903468583888746	-0.5583808932365755	0.289813182939344	1.5568382030095869	0.4647910266490701	-7.329135671020776	-2.9969642045834464	-0.09723019310129488	-0.6297665119047419	-3.703173157439285	0.0675470489057009	-0.3972959639622859	-0.1087784903794348	-1.2940169094650447	0.0080683496158474	-0.26270541264004876	0.01957495075679655	-0.6815457597010997	-3.4925513751137562	-0.40785264015866857	-0.46270057035842865	-2.53751933794901	-0.34537252418565656	-0.27318104741383953	3.210057870857881	-3.0161236055627536	-7.996417874518112	-0.5325780968583396	-0.5616067076041497	-0.7122967951332		-0.4953412904786284	-0.7661677460021572	-1.4716494821746484	-0.18529869709740654	-0.3295857386239776	-0.5437666867370524	-3.2025490595720645	-4.196724351633902	-1.1081731052964303	-1.9165889347158611	-2.4640129174776524	0.041548010647322664	0.5553162824458306	-1.1030980157478132	-0.7118994681575452	-0.9763205108564215	-0.7440537514255527	0.1609314801292987	-2.248871039178882	1.4952279133188902	-0.28779541762961125	-0.6303490247021366	-1.0390141294924904	0.4923952465270802	0.42459315936234404	0.1518768835236226	-1.7490429008832722	-0.6906788899395954
2022-06-24	-1.1554231597163411	0.004877345624333375	-0.8726806528234872	-0.5265719094314162	-0.5177099846696283	0.5813255506608257	-3.5859703379243797	-0.9429298477884545	-1.7405801895857926	-0.3442849715666694	-1.0138955024650567	-2.098859591888174	0.16731095485871178	0.6100181515777048	-0.7951277307597473	0.15705699965238812	-0.3041747328583297	-1.018288876192847	-0.4796942052145604	-1.246858993293842	-1.2027347871426364	-1.0869431274205115	0.2556852981189839	-1.5900538265244417	0.06911017219317299	-0.6344931508593109	-0.6521999990846872	-1.0928294024757126	-0.5107303045749456	-4.829359979189302	-3.475061140563069	0.9315985778840701	-0.9116655115489352	-0.360980696287404	-1.3237118896376296	-2.1487632262433793	-0.12166245043199908	0.1877286803187892	-0.19827388582788041	-1.9543912227527498	-1.5589734975354193	-0.8579959965465616	-0.411932483909081	1.5525024643640166	0.46036458082527476	-9.099563903461792	-3.7180110508620006	-0.2775273906551279	-1.6309389372697134	-4.312598073758583	-0.03252149521106362	-0.48121924557524676	-0.16001044034195422	-1.5935543411342237	0.012564375460061901	-0.28427392113030975	-0.1322735278564649	-0.9444630837029062	-5.696390203387006	-0.6676004597588553	-0.6765782399906526	-2.9859680444843115	-0.5156012301928119	-0.35974780009453033	3.2210007400647953	-4.044037275351968	-8.851957802772457	-1.543507569215281	-0.7806033537605634	-0.9285923476060542		-0.5495015871957781	-1.053108434016539	-1.7266393428987672	-0.2006195464794456	-0.9321181864013524	-0.7891952357477987	-5.228797793828256	-4.599325284555935	-1.4068092414897706	-2.5171733070111255	-3.556711213914132	0.010200635052141346	-0.18506750640512948	-1.3245985920885817	-0.7899932317341877	-1.1496130839558218	-0.9745759853442896	-0.14813649951983127	-2.493342036351807	1.2330841624869786	-0.5495591483826455	-1.1682693784407963	-1.4366887827747667	0.24806810884197028	0.27764735480750635	-0.1762226232505819	-2.3497983695575306	-1.3334389770407522
2022-07-25	-1.0544638415657734	0.00906233383474005	-0.7994287024812567	-0.49221286331323744	-0.5458954276843845	0.5798120703316675	-3.44875110004549	-1.0862008005619135	-1.8013547132972976	-0.3845991199370562	-1.1645487873974578	-2.1465315990184557	-0.057890579470547654	0.2679796830987353	-0.7454946732317371	-0.05878509576066493	-0.24729609529065433	-1.101637466497566	-0.5409112625499604	-1.1146426231025548	-1.2727892593877623	-1.1504835308546775	0.14006452320383034	-1.5592213869337475	-0.0919949029839677	-0.6887862447583282	-0.6291699184779991	-1.090478456478642	-0.5855870879232926	-4.581052415236317	-3.4519622719425556	0.7245055416915018	-1.133555892223185	-0.35276279594631155	-1.310590260396254	-2.1832497494873713	-0.12847377734992815	0.027673939522496083	-0.24408817437110858	-1.7913161634044759	-1.4238469119877264	-0.8531060194360733	-0.988951530171969	1.2904340103682888	0.3405427555378071	-8.87690926453793	-3.628659798832971	-0.33965313233873146	-2.1592159062578578	-4.091919817761098	-0.08805165963240952	-0.4684445954359831	-0.17256658290956003	-1.6282145071891998	0.01975165428348436	-0.26750261946598586	-0.3797336546374702	-0.9943048853896922	-6.02161741036784	-0.7053832749226132	-0.7271688987792162	-2.83504029303149	-0.6404193206909363	-0.34462751885542003	2.688327037333522	-3.9508954022688836	-8.198926357993443	-1.7069371041449828	-0.8437880474640694	-1.0006636861494242		-0.49227243585603486	-1.1574365152299173	-1.6343357839831039	-0.1890668729765091	-1.1123350735249788	-0.8979401094078363	-5.529538727857498	-4.528876153899901	-1.4203104148462464	-2.6683910055139832	-3.647899647107969	-0.005669806482588385	-0.488828903954172	-1.2855045072891278	-0.8395830304385195	-1.1781168143915477	-1.0521148835133787	-0.34506945681899487	-2.456128133547618	0.9998824935709423	-0.6219299750829324	-1.2597370252919053	-1.4160383032478312	0.16050387600169547	0.21555146136737757	-0.19511708577449627	-2.2915123299901987	-1.4027438879484142
2022-08-25	-0.9799243905334918	0.019610840942600717	-0.7426803166551896	-0.4631070341445105	-0.550493925186577	0.5359163616428684	-3.4374795720041718	-0.9904249218430223	-1.6157472628104053	-0.3572862499029176	-1.05995774990422	-1.7347500185309936	-0.15649304023264332	0.2817874703116314	-0.6520287585935571	-0.15297927236160508	-0.001214923736009399	-1.0437497432624596	-0.4896833291945728	-1.042661049632125	-1.207334057100887	-1.0601353695866396	0.19030767572641394	-1.1162150612494353	-0.014847225164090691	-0.6397961664002185	-0.4361182311873055	-0.9589053200645248	-0.20119413567545524	-3.312963911578006	-2.7043020129604143	0.7826246137920991	-1.0756358509074397	-0.36702283374898437	-1.0683925412689466	-2.0591870544988957	-0.048348315488445426	0.19339688400848065	-0.17658403432276465	-1.6316428812023007	-1.3597598636359542	-0.6293954637370495	-1.028616477116687	1.081758603762823	0.28738582333024953	-7.148584630318432	-2.922937742085276	-0.32940904268907556	-1.5147192252025334	-3.357094236329864	-0.05018048597057739	-0.3690050502743787	-0.15372677636305496	-1.5213784930377305	0.032801728284382214	-0.252712859172595	-0.4788263726253411	-0.7513767860970035	-4.572241192369189	-0.5359591851009919	-0.6499288474440768	-2.8157262697964995	-0.6376995953835246	-0.300758118947617	2.225231994120679	-2.8961884825241206	-6.324746541395427	-1.1241805025259157	-0.801645220854655	-0.9414571307665833		-0.4598161803562031	-1.1560016331126741	-1.6123244902736582	-0.17784543145262843	-0.9912254343388021	-0.9264234195176999	-4.197933238097379	-4.114114768913441	-1.2731898629618437	-2.477866120532407	-2.805945078031089	0.0008496239664779748	-0.30075008296346395	-1.0226936946352525	-0.7611251606605898	-1.0511015850526437	-0.9900256607696316	-0.3189326555930657	-2.257299056320649	1.0658438058596107	-0.5322752574294931	-0.7842038663189957	-1.0597784769205194	0.25719204783480687	0.3581806836353776	-0.17229957236594207	-1.7669100844981591	-1.007415201705632
2022-09-23	-1.078175003605379	0.03469865585728631	-0.8103415044987348	-0.4994451847502748	-0.595864318405638	0.5672275148501963	-3.526630619648773	-1.0486305832826246	-1.6241210134686437	-0.3505313782913456	-1.1622398745744182	-2.093071631152672	-0.336005938136205	0.018512029640450844	-0.7320346433919764	-0.32523557560519945	0.018894554539376496	-1.2488218793532266	-0.5788727528650266	-1.1840930165264307	-1.4207659885464636	-1.1834701906250418	-0.03657374113455081	-1.5160888442784093	-6.636099277640417e-05	-0.7364436449221543	-0.34736979149431946	-1.0689473976381754	-0.5954312432120711	-3.684228249179224	-3.0776860882459136	0.542336728820525	-1.2540762631185494	-0.6768191015009004	-1.2832981334087075	-2.2690193046046856	-0.17717051561146951	0.039197967738563544	-0.39987581162659996	-1.7258352497061002	-1.5443228739861552	-0.9865732793793611	-1.4995326526252724	0.566370644991566	0.16092721119866737	-7.994479704336282	-3.2708496421087556	-0.4689698576369154	-1.7066440523968764	-3.5299129113432226	-0.1483512949547238	-0.40610971076875213	-0.21303573994960662	-1.6771032622574125	0.05000395654817495	-0.28147243689834756	-0.5158704279570423	-0.8662519005677995	-5.961852224374898	-0.6998445529360249	-0.9002949196053947	-2.952112743757686	-0.7267216655633955	-0.33260753652831787	1.171117027059406	-3.371699165144909	-6.363324168924326	-1.7388956900412258	-0.9586992162852046	-1.1106212302399088		-0.517776898038008	-1.3948750522599602	-1.6964542768529731	-0.1974257765022263	-1.506239537179818	-1.1139271870014535	-5.477701600555919	-4.301596753043841	-1.429045016426	-2.78646024612536	-3.412133808001171	-0.07213534466334522	-0.8562489992603244	-1.1096732680361199	-0.8505052043758377	-1.0527087290149453	-1.1656045336983478	-0.5732406883674452	-2.381106494452207	0.7893146634287431	-0.6133748272612735	-1.142331906220743	-1.3841091291744012	-0.02940284492071854	0.3164014790205265	-0.5530764138054892	-1.8005367536673091	-1.2960892083147586
2022-10-25	-1.2439960563097756	0.050578718311580624	-0.9270561126915688	-0.5304034635801624	-0.6196590857829474	0.5882425502830224	-4.092025236632925	-1.1338179976531717	-1.7102953833288823	-0.3572031140443944	-1.19778116542621	-1.9663758344235505	-0.44207453640430694	-0.034906050550788326	-0.7122999304844311	-0.4269868529109667	-0.11449776530591516	-1.2766122272253002	-0.5717782234949613	-1.3737056821957694	-1.4418027910865137	-1.334332738361494	-0.31479276684164365	-1.4506356117143429	0.04272642040197287	-0.7247574412363291	-0.29647699532233385	-1.1468455112193618	-0.38624220371110213	-3.336212705798445	-3.060973546012635	0.5991860816501302	-1.241087295158855	-0.6558737432247457	-1.3161656682676388	-2.3041307039921683	-0.22586159106610723	-0.3885561196284891	-0.5341285437120004	-1.9248301760051665	-1.9536754000714618	-1.0773399147188831	-1.5870673318154638	0.2729989002210207	0.08613550050856622	-7.98176540160501	-3.2688499593265856	-0.5867240710614493	-1.8574814017380001	-3.667868855721376	-0.1590735233485746	-0.3969354220513559	-0.2691660562060346	-1.6941336678274932	0.0691814013873858	-0.29475384185383846	-0.5094800221512816	-0.6534061786825898	-6.064081888218313	-0.7115793836655855	-1.1355070774955673	-3.4655406683931957	-0.8068890627574032	-0.32674564854383426	0.6097088934972383	-3.1937987599764863	-5.806481361758554	-1.7258844675983203	-0.9837646845984411	-1.177110409143121		-0.579757752159918	-1.3710965686743388	-1.9825595120586437	-0.20626412953449547	-2.011826302425477	-1.3165865341442347	-5.574234746661661	-4.034216044523873	-1.5266601254300136	-2.9177153002128433	-3.3777637370441305	-0.12044200007919767	-0.9036913173592049	-1.0912438580364618	-0.9833465833448845	-1.1033586405061895	-1.236159807704375	-0.6159080360476965	-2.222133615471173	0.9297287137738572	-0.5635162453519444	-1.0670305129624662	-1.4656994133526693	-0.20696530198583296	0.03741783900858531	-0.4434190662077788	-1.8733292714314356	-1.1183143564167417
2022-11-25	-1.0474620909617158	0.07274204808539646	-0.781451492764059	-0.4305120041232655	-0.49511449441477695	0.4225338192474868	-3.6464735896781493	-0.9303560930600074	-1.2868886429309203	-0.27171183000903254	-0.926985197563928	-0.9935921032182864	-0.3612241590283825	0.12821027244742678	-0.5297708877103307	-0.34924903315618583	-0.027315966414166226	-0.8470299375015147	-0.360379051976379	-1.2047631377047026	-0.9487329497475208	-1.105427367590475	-0.20589925260275838	-0.8962854893021781	0.03333556159372793	-0.4937398726780837	-0.15406205123007677	-0.7849040956341589	0.2956043452971047	-2.2811140589339054	-2.68968517697531	0.7272198368057206	-0.7400151172905729	-0.2539313304473354	-1.0458272230570191	-2.0645986559457157	-0.06243665925018786	-0.29708157408444963	-0.28666996438774933	-1.510365632151701	-1.7520345932281831	-0.746071540532278	-0.963773569178399	-0.0042147574991546755	0.024806423665429733	-6.998066922483217	-2.86543270401455	-0.5165600991634156	-1.6395139482205088	-2.9930829111648185	-0.030481070572048546	-0.3523838180880625	-0.2663589320563566	-1.2221277505447228	0.09362247291133188	-0.262215234061823	-0.3525828255063757	-0.27871387935728276	-4.458506153610644	-0.5225820383621045	-1.1237386627598365	-3.096815820598959	-0.6764160086634239	-0.24824864730766172	0.004636915580372047	-2.0954700551224263	-4.433028213441133	-0.8372156099618453	-0.6595531028126915	-0.8414651690582184		-0.5029695049173175	-0.880077847611306	-1.7619265028190236	-0.1831320587683417	-1.8329012662865363	-1.1335983397960026	-4.096007857755968	-3.628177211751904	-1.0752068677769335	-2.2121804483839096	-2.4943446329282404	-0.14509369515317586	-0.2178301300236407	-0.953406267629906	-0.8276129119644295	-0.8252946588037355	-0.891178186725881	-0.331791607786014	-2.014896342981957	1.0882011513639482	-0.29861631854239157	-0.2972657183851013	-1.2059244512828762	0.016253772288279622	0.026643388505768306	0.11586900702739236	-1.8676955020735972	-0.676332044276815
2022-12-23	-0.8022711154990474	0.09874027252455558	-0.5985858471678251	-0.37838551683804544	-0.36797722201994687	0.2575773640060073	-3.029127453191048	-0.721997637322592	-0.8607431339571479	-0.16099430138645554	-0.7427385430857485	-0.41826141396646443	-0.23224198663538193	0.17366834624492156	-0.3659150797943167	-0.22544714305356742	-0.002104120608551363	-0.5386478525988343	-0.18097909332021955	-0.9844879364246366	-0.5714707570751143	-0.8375939593718407	-0.16515342557110813	-0.8211959577558261	0.03665438576202065	-0.3057445560415455	-0.13962006800812143	-0.4920944840907375	0.6969768274242121	-2.0340405345285113	-2.7121581668541523	0.6523010303551224	-0.46935615373912287	0.03831152448135078	-0.9793772509099439	-1.8229950325042008	0.011325452612704248	-0.20143110953948595	-0.12306496770911601	-1.1012568832566423	-1.232095309013256	-0.6202576688114452	-0.5633039809300375	-0.1885057702143218	-0.03788544144206585	-6.982694308213304	-2.859274534771189	-0.4749221385238642	-2.0833336816297425	-2.6611459821713295	0.012493172188725823	-0.35149900029229264	-0.24266108836973554	-0.8489147700172799	0.12112679452454575	-0.19272630713389516	-0.09414298949679217	-0.11740262849110561	-4.160734846875812	-0.48755104003524385	-1.0266399047790988	-2.583293001987701	-0.5002959666301368	-0.17354186896515367	-0.38832656014264355	-1.7855791983711633	-3.7858291478973776	-0.6910730747450318	-0.4219936543829339	-0.5675787476153182		-0.3936523203239748	-0.5094922514734281	-1.458782448855823	-0.13328008664816893	-1.7724083603138716	-0.9458811647372842	-3.820238426147389	-3.3693388007256537	-0.7012847713585462	-1.6673359564646306	-2.2840509936025066	-0.1396966384167092	0.003956714595939714	-0.9410211195555154	-0.6334790464963647	-0.5367119452728737	-0.6102783473172222	-0.2291724167946012	-1.8747019024062643	0.9570864921236826	-0.22280119316338154	0.08007845254167378	-1.2078327090820555	0.11657886898626602	0.03244319982982258	0.4671835632038952	-2.105844552372419	-0.6289176861545425
2023-01-25	-0.4644990306086534	0.12319187280105867	-0.34742299533073684	-0.26245031749158554	-0.19844451433026622	0.10618138192915305	-2.1698186170582936	-0.3549247315047843	-0.3389458253134796	-0.017643445244473477	-0.35368395408943254	0.30171032089843797	0.03889931543325072	0.32404677999304976	-0.1353673658555894	0.0332336919005433	0.05566578443667425	-0.02684614096869442	0.026741461923318166	-0.6348661790018877	0.014236178518766796	-0.32264288349281545	-0.00032007854988114204	-0.33854965984278884	0.15104079978797857	-0.07482191166465624	-0.0842873530529693	-0.03605482019144812	0.9866356664041206	-0.9222389822726171	-2.1478374049168227	0.6444950380639907	0.053948414083548	0.20994684559134935	-0.6377743353768968	-1.103311812418216	0.08926939554878165	-0.12254596112654331	0.003556431345245248	-0.5567039927556747	-0.3206827344868506	-0.13233029604179825	0.16232777326038628	-0.2419684991805484	-0.05477221033847257	-5.295266559027784	-2.168593431235263	-0.3273087578379421	-1.2896962375518255	-1.4179492113544105	0.05703236350965374	-0.26773556306325597	-0.18414446916164517	-0.2634382778623934	0.1490312914735481	-0.10929840996509443	0.07861703589656738	-0.019177865121502213	-2.654316513211324	-0.3102177656537217	-0.7835394472490034	-1.8391745375459454	-0.20931281258897583	-0.06903170851180207	-0.5185531825755216	-0.6366250160337437	-1.9196865365834377	0.016768589526204636	-0.03149679103434799	-0.09092112600934277		-0.23696883241830302	0.05996245943191303	-1.0209915509556886	-0.0745015285601015	-1.3067838164401993	-0.5785484507800538	-2.4362337558376037	-2.28108545424179	-0.11887605313805905	-0.6741094135075096	-1.4128696349249372	-0.11173461414672418	0.30593577022757146	-0.7018763378732218	-0.23555774222238823	-0.18931204876759278	-0.12134490007378185	-0.012045155367664845	-1.256129407547717	0.9165959498981775	-0.037957420021880295	0.44075020814536003	-0.8629024140804749	0.0603682444121314	-0.0152514578990961	0.5242799625373598	-1.7669683448392348	-0.43892725759597373
2023-02-24	-0.35274517546882	0.1506019874694291	-0.2619999901982779	-0.20839212420066322	-0.14306457781099513	-0.004950999923034827	-1.749411824315663	-0.1567947855619054	-0.12832637274386105	0.039228744342287625	-0.23235034118733822	0.7365953983693445	0.052975309932113274	0.21104711999289716	-0.05174799960473386	0.046096894912382544	-0.0036788380497191353	0.22754260866215015	0.13761310026447382	-0.5577111017490419	0.3081420927315053	-0.16350070289711072	0.005178669812820003	0.1065346883787317	0.1485027570050054	0.04912490552166604	-0.21030339034210033	0.12252209510088852	1.357910079147639	-0.007881700804148295	-1.505084918862912	0.4865570406862192	0.3365609215557117	0.15030480445730277	-0.3264491199021853	-0.6352102713530563	0.1039429793640285	-0.1703426642789303	0.05107776467130509	-0.3790390939185979	-0.07921398867759333	0.18826382168321243	0.3504360103042128	-0.41021005393358045	-0.1182429781022627	-3.348246832744657	-1.3727313151871243	-0.23509298044700555	-1.2304571487460882	-0.5281394111778912	0.05830185214756356	-0.1747820072901599	-0.1645296501986797	0.04362190134312849	0.1790910031322026	-0.0777127467286638	0.02999864477074854	-0.03602365897139315	-1.5379974364212181	-0.17906925250409533	-0.7023839563061114	-1.50871373253898	-0.09368097172177237	-0.022777598293590384	-0.8711631578519183	0.2732244998978137	-0.39624448252854805	0.5667949996575516	0.1598430496940142	0.10980639070357823		-0.2028693978619036	0.39332065630291435	-0.8355660327303012	-0.0519327114212923	-1.014174641784118	-0.4320785879447091	-1.4096691320873767	-1.4213561392895357	0.09912835212263671	-0.13242645283606969	-0.7329007891946322	-0.10334306323588102	0.35872845878926185	-0.4597411123406103	-0.12341724820909517	-0.052590766006206824	0.09043474523264017	0.06254097613745643	-0.7481015689655734	0.6517725172398205	0.07695955203058324	0.6829630571009603	-0.4714412880041734	0.003270725420804532	-0.11618249176658435	0.277353061424523	-1.2937841455835555	-0.21796403819174315
2023-03-24	-0.08065344424281395	0.1787351499097669	-0.05896376931866687	-0.08195531589013227	-0.03071507920897054	-0.22631053288766267	-1.0378126671075876	-0.04343744032336083	0.08085476637636102	0.10683971980459062	-0.13530096727176577	0.8911307563857003	0.2583366400061816	-0.012804934933951184	0.01416371415853801	0.2432238364788487	-0.05693894876270905	0.3424671870818674	0.1554328775586412	-0.2107571677954918	0.4541303994932018	-0.046487382795306065	-0.04306228431036152	-0.1442890492435236	0.05208931842361181	0.09865151985606868	-0.31053839234498537	0.23948857512901744	1.2404038765123309	-0.3348804830302008	-0.6212938710164551	0.1832472176375184	0.07022971749496176	0.0575844554207805	0.09566292934298515	-0.0865181157608701	0.0787166089433814	-0.2309168768090757	0.10234787909679419	-0.02041361208884318	0.10877410788280706	0.3848094957736219	0.3258529319414877	-0.6774484785689583	-0.18408903689128664	-0.7927278627609944	-0.32399735900420357	-0.26593578711289634	-1.682631329285611	0.01816954528848047	-0.017695813429055657	-0.05944012513293573	-0.09911642725360181	0.1888232353800383	0.208450668059654	0.04049215792466687	0.10986720298245334	-0.13887827062555824	-0.8246748446683299	-0.09538182369676851	-0.428742058607273	-0.8545488132534729	0.0009861654130887132	0.011905689387466944	-1.454077126204397	-0.10375988047163176	-0.03276330948717998	-0.1274109893545139	0.2485704745755668	0.21185072823308504		-0.03894118482361408	0.5329175152400092	-0.45615405200467407	0.03180272507309656	-1.161647456954559	-0.4100530073847497	-0.7545856260011341	-0.5367495099628208	0.25281959426256106	0.12097504661001235	-0.41827734309876075	-0.042027150417469156	-0.04184753561447396	-0.17295161226583744	-0.0438348396268915	0.09097488246004959	0.20362291454845138	-0.01157354390647286	-0.16520432736731383	0.2553338618776708	-0.11538147166685075	0.6062725080241171	0.08644708233940612	-0.05028448033969002	-0.21437474511193477	-0.030299419484183715	-0.9793092166587467	-0.39998830740077373
2023-04-25	0.1270545648307908	0.2025330489671525	0.09927255123900469	-0.009444140061559025	0.04416387247166287	-0.33266720711557984	-0.4718612185999511	0.09876973160361224	0.25579091482127225	0.16646519440967655	0.004928949310159858	1.2699911222075637	0.39363669620911734	-0.04744804494591626	0.15866187029239676	0.37229642873936186	-0.033616515477108755	0.6189420769506073	0.2895167519993118	0.04817169571020985	0.767863290074513	0.06654609090980435	0.08023269233167224	-0.23013916981601445	0.07523087898206335	0.2683610768755522	-0.2550981689591405	0.42275390134527235	1.3394219450082452	-0.21578786209962253	0.22224936975556542	0.14955163173009112	0.15557407023888548	0.3553642929864622	0.38172883288434	0.35021758986064633	0.1667783452852123	0.010935551038926405	0.3593360556999789	0.29275227419845073	0.1713587127230749	0.6412220758217231	0.49724973454932875	-0.6248001658468154	-0.19041874312289342	1.2530527564438358	0.5153173361326537	-0.20356387692262512	-1.6463439974675778	0.7156430837763263	-0.026742142301593386	0.04613710363082357	-0.03870807248903818	0.44639733110464874	0.23484275581420144	0.1157475064701482	0.278515605221483	0.04882049037621772	0.6536320271833986	0.07839855239097981	-0.17705334768235392	-0.34156694111898034	0.1468917447618936	0.08361519315951282	-1.321725754018031	0.07834952575734366	0.8286557346782182	-0.2952614773273221	0.45459468753742405	0.4182736133554019		0.08059900393669173	0.8701984689740023	-0.15556171026590526	0.0858985712805499	-0.974570570247423	-0.2696318509601632	0.6050946802512467	0.2431912982448896	0.486058532808721	0.5545818381930534	0.2842236427307432	0.010782880750308643	0.10593658551775198	0.09844546925690789	0.02867253803035341	0.21237404899786494	0.4214111968393901	0.05465405440269762	0.324917193547571	0.16578466760016175	-0.11533047417530606	0.7128110560014516	0.4728467406625003	0.1521905954146585	-0.13509467361533223	0.2231768814722926	-0.5713872892971592	-0.29471340513606314
2023-05-25	0.17656996394403413	0.2218832872913009	0.1377731421431414	0.03743399725571672	0.06749024409125659	-0.37969221789616614	-0.3201735454255825	0.24922400679931922	0.3407248702579153	0.20783420946155662	0.17369852324272683	1.3681966894753312	0.4028516834463144	-0.2466675735370698	0.20319657393900314	0.38062513087609284	-0.07366624233306018	0.7093552620662629	0.31220914850865444	0.12196429627073346	0.8769139573647333	0.15797428406225578	0.03277477522916761	-0.2718555415994284	0.13766344086146903	0.3287597520773593	-0.11506260704511262	0.5336857252219191	1.0008447647123073	-0.04794338236553486	1.2979029836701388	-0.027194412310084015	0.11522999210518581	0.3402876948017911	0.8361783066902193	0.8389358748307574	0.19208301062170924	-0.029195219991493104	0.35617598608451584	0.3549332049841061	0.10046989883123203	0.8586713439635276	0.34456958750493016	-0.6850561433082658	-0.2295538450256226	4.093186333871756	1.6820713357298018	-0.18589031416768687	-1.3027762882483405	1.2092131849312064	-0.0846025413961287	0.18435987816766097	-0.019508251056417403	0.5552184639202951	0.25698332577287775	0.1413570928386818	0.2498451624063966	0.04665098195096329	1.9268609002961572	0.2282189208800509	-0.0965039918881252	-0.21344516467836172	0.20787191012201345	0.10984820848416599	-1.444861900810177	0.1543872953919596	1.4941414570894018	-0.5130910838912934	0.5306942011221576	0.5006107753270093		0.117711527599631	0.9544258060037574	-0.07861326120245593	0.10407457390440816	-0.9348501114976555	-0.2323801046120222	1.7745220657274494	1.1234028593120762	0.6569654941794578	0.7594897131481471	0.9016613677759038	0.022843814206200103	-0.07664444127690428	0.4285701753042863	0.07466366720905504	0.25785575953938134	0.5103431086852397	-0.02342804872956708	0.907316955939736	-0.09552454273789879	-0.155880384087826	0.6271362221921739	1.0846734456567417	0.09120083808388091	-0.21702095676734623	0.05275694502880235	-0.14097623996751363	-0.28757999399325485
2023-06-23	0.2653988349601275	0.24097923630788137	0.20434508548667818	0.09962320555460913	0.10866948076958916	-0.35816370128190633	0.07320122181010369	0.5049739504044362	0.5374240515940643	0.26267498097827013	0.41584327682755884	1.7652860124384273	0.3449004084248426	-0.3418813844131843	0.2843136744503738	0.32512526974365585	-0.11814993855905875	0.7962334023916489	0.3561310038287624	0.19776252126512261	0.9750709682535146	0.33441926408354483	0.023507871046800022	-0.04884074711783892	0.3100226113522972	0.390489247650887	0.09134043868667052	0.6834415897477619	1.017987549789628	0.6105231319554356	2.641037969639215	-0.16940078908569367	0.19900755742348863	0.40557054839885315	1.3610503069278062	1.2786843317016165	0.2466958475536623	0.009118366449553161	0.3371715543530912	0.511881419465908	0.12184864239634674	1.2140041528368262	0.4016506322930087	-0.7452479814642343	-0.231415839026737	7.567637876869185	3.111101225858773	-0.13790652669478665	-0.9241190116847076	2.227633953498575	-0.08107288204164614	0.35178569457263864	0.0014830127299668705	0.6631818206448696	0.2784532864141502	0.1461004107593965	0.19539872473755948	0.11699052434155055	4.071354253742715	0.48063204019748407	-0.00735709192871159	0.10680825719698461	0.3033972104889622	0.15009711951354898	-1.5854970991749235	0.763343147969616	2.5588103613072484	-0.1772892227890539	0.6065939449543905	0.6097244840209539		0.13853892566571036	1.0004575602382964	0.09912824118872621	0.10796059523742302	-0.7072682632526739	-0.1608943024693663	3.7532045110603436	2.008115996761635	0.8688247396061728	1.040883461555807	1.9786509160549626	0.0299578961445625	0.09366561262667716	0.8328796924763306	0.19693496531917543	0.3839018677082606	0.6262677847972715	0.051454490201828657	1.475956188827987	-0.3160973148038928	-0.1031411595980044	0.9284439405704203	1.8114315416248883	0.07917524882424432	-0.23490315492589697	0.1624848524106241	0.7131829051851364	-0.032006567978686284
2023-07-25	0.3244703095588455	0.2581046378956574	0.24948952897387855	0.1526817187756606	0.16121066951562923	-0.3347866466418906	0.3053311655954385	0.8351000068046137	0.7419909716563029	0.31238727157286406	0.6758487932650268	2.2320544828187656	0.3360954085989485	-0.25526612785617964	0.4019950223404125	0.3174156949378848	-0.09049757152616988	0.948083019918982	0.4262993483484663	0.23158322822526145	1.1304982398931056	0.5569706487263333	0.0877480113545378	0.5351360469673279	0.4405441594181855	0.46214085032327734	0.33660772549716755	0.8273848979292582	1.0364209325715743	1.83975368310535	3.7738923935816624	-0.1155063627313595	0.5284436075360559	0.5406198009050035	1.7792575701667017	1.6119273362574953	0.33968199044686753	0.14240552167558806	0.38268821342799136	0.6490842648022754	0.25951641614086274	1.6409565628815508	0.7181906847719202	-0.5348181875909823	-0.17953682049161224	10.373031281771455	4.26619177756354	0.003216824668335505	-0.5903258363371595	3.140925656661029	0.0002432778027011001	0.49711034220685923	0.022088421962138338	0.8593423117756376	0.2969737347676771	0.15090345769144276	0.26901550073403496	0.2977523834565641	6.476600309496385	0.7632237501005986	0.08131665778561192	0.29917144443320254	0.4727013763163501	0.20604346870951185	-1.1489663350074646	1.995430536565694	4.0949426667718605	0.8097730779623384	0.7318015958994466	0.7721636355223576		0.14609522299439037	1.1369521369416082	0.20478010120413348	0.11095868407817366	-0.14810853151639192	0.023533303206647815	5.972309205201053	2.767057302152242	1.0781850084461877	1.5203103634417054	3.25070338948008	0.038474395138697964	0.622125826838974	1.185360967814931	0.3620953339877211	0.5076120558081416	0.7988913949169674	0.23557070243375733	1.9193873513207453	-0.25695580860834966	0.09412545150668927	1.4282875057262707	2.4364336029800517	0.16540875170136515	-0.16401521057610313	0.4412326009273181	1.4353888052966806	0.49764687942880315
2023-08-25	0.27288575368566903	0.27566224391852207	0.21238570946468105	0.17485234503312208	0.14442060131854384	-0.29257111352830745	0.11555497787302826	0.9269122870974551	0.7590699552781044	0.29784489854558927	0.6741925500709851	2.0984827825431904	0.24475431118407132	-0.32282694151858626	0.44600180448833626	0.23103004422841256	-0.23074151842305235	0.8199191004570079	0.42321750297444216	0.1397703214838888	0.9834479339319713	0.5510713373061655	-0.03205200420766546	0.5835074096334245	0.40967141692886816	0.4123639932748525	0.43850990678961965	0.719193979926446	0.8858134152836334	1.9240978595511198	4.045035984937909	-0.07524796308810267	0.4959707165789792	0.5145370149208343	1.7416962387729678	1.733982004322673	0.3387265031617156	-0.023177635999255264	0.24563673464276237	0.5962938490624365	0.20611318372418275	1.5335875033989472	0.5327218961952619	-0.3338136204540918	-0.1478355376660639	10.819550192748666	4.450791144536065	0.015214896226072527	-1.0012372357512742	3.070934024537852	0.014500199627904949	0.5261695348039466	0.012861352918310032	0.7863503427551817	0.3148979574471594	0.15732611959683795	0.27065449530576	0.46546016182733374	6.783551006796673	0.7998539609857618	0.04461367280974171	0.13183910565607349	0.5115172975226518	0.22840170463126308	-0.736631451175418	2.080737605838137	4.1251371495432565	0.9308219149405133	0.6362987727840892	0.6893362986611438		0.11342344324342024	0.9845016210902536	0.10741980369083226	0.11502000405230595	-0.06514932731317291	0.0397719762277462	6.253980364968728	3.074611261358612	0.9560331213407585	1.45635054032575	3.4228693895416082	0.04103688509500668	0.6167707171550143	1.2618549994743273	0.362942550059276	0.5095500305074463	0.714964372804499	0.221265874067685	2.122514252826927	-0.1811044292869699	0.1314367681266485	1.4591799470339395	2.423962335418792	0.002432992680213797	-0.2520597441780779	0.4413573951670373	1.614665329649425	0.7238644148574878
2023-09-25	0.19776286619883043	0.2891037956495357	0.15846257261502883	0.17223893184424144	0.10583172944537034	-0.2189440140069765	-0.20651398747166105	0.9492323330845895	0.7151512177471866	0.23952183978979757	0.6069828661701375	1.7597438509511707	0.17954897831944305	-0.30642176919877917	0.45414271725444166	0.16820094303119004	-0.355121679075029	0.6994280755423925	0.45189701005946886	0.027576313845993905	0.8352156496984504	0.5095366774992871	-0.12320939891972243	0.3897554707961248	0.3250929087723864	0.3618915820227392	0.5425210613869813	0.6951885909251598	0.26881779822444773	1.5560727468283133	3.9314168396398017	0.03368389640289404	0.5057724859726691	0.3801495213765187	1.5540110414030615	1.7986209355307072	0.31302561692656306	-0.12132215039147365	0.06227225224722338	0.505192092618338	0.18656314268781538	1.2981927323419533	0.36730727678716973	0.019578258465033693	-0.09344054448729694	10.421249271571174	4.286852648428166	-0.0046127037812430105	-1.4232507192815644	2.820297228538905	0.0022283287727714388	0.5094592048958179	-0.0009904692146112115	0.692769617341654	0.32829208513557073	0.16502838357421823	0.20963249735663725	0.5655266229489342	6.35307652549907	0.7491407717288873	-0.012059191533038138	-0.14369340635600736	0.5172969671380774	0.2353725029774748	0.07161249833428229	1.7469094455580603	3.5965043760618247	0.7395475904878175	0.5461200160697062	0.6030257863634099		0.07720613335122861	0.7825313638303789	-0.04832774420911434	0.12022142057126756	-0.14041791780927637	0.06629448239127012	5.862643012264085	3.1894988974965948	0.9093176824839126	1.323512589498642	3.2209244043248235	0.04693157273280483	0.534311853985975	1.2149339251331672	0.3398280143383854	0.47169270227488913	0.6256069953416077	0.15830510258254712	2.214076199731082	-0.06045960746303214	0.15974212292996504	1.1831830295255554	2.2011839589589495	-0.20610494970435322	-0.2853875929195834	0.2957554027086008	1.629406160551024	0.7691587762853374
2023-10-25	0.03909604762395835	0.29960833456066016	0.043968596358007206	0.1468252646682291	0.060400502221043206	-0.14904149902785735	-0.7125715141030309	0.7839449051329852	0.5418123277048683	0.16444498415175918	0.4423273662982261	1.0803949555983334	0.19281431690191453	-0.38655766263783686	0.3741789330923042	0.18149086142606896	-0.5160790749093473	0.42572728408928784	0.3643600205951488	-0.14816497237148107	0.5251013262629236	0.36605226782047273	-0.3543118116848882	-0.06380258043201925	0.1883372781139141	0.256135960829485	0.5203096610609491	0.48486343129068565	-0.08803187293386783	0.5920312260456351	3.5693503685548817	0.04008553286068306	0.28990398243289417	0.1177699279901919	1.338869280113923	1.737603158562104	0.2055767004006186	-0.403564244461986	-0.18693600032805394	0.25720890056235923	0.09616485245492079	0.8439723403326927	0.006626079726649664	0.19757355608458216	-0.06792827133540391	9.33816595310008	3.840833571884343	-0.09384673978084246	-2.109853825615991	1.9869039859762667	-0.05690941642269387	0.4618025353353365	-0.023635925735355	0.3779697871239085	0.33836658525540164	0.18074587557191046	0.1387560192804589	0.5555766555864727	5.018701435112308	0.5928690077975756	-0.10497686006975515	-0.5783903109305815	0.4081517174684943	0.19907425532638723	0.4123205752779824	0.8384381209181591	2.410019381144977	0.06530877501073817	0.33958273169878805	0.38850258337178567		0.024334126848529314	0.4733030638084693	-0.3003584563772588	0.1308973050733514	-0.45014870392543793	-0.03717614791657464	4.639655822637415	3.1687081239090755	0.6326271697155534	0.8094286388031673	2.528508007456757	0.05260218937215398	0.09731292840365802	1.084667584067751	0.2320889783162543	0.34230279272204855	0.3999169382961967	-0.012485741041483436	2.2023006701430576	-0.07266479762545952	0.074051653509277	0.6932876016633858	1.9184969948863222	-0.48308821996079065	-0.4234873876418018	-0.03234429724255372	1.2493909271589785	0.5253792603779859
2023-11-24	0.15391325515103205	0.3083669321563214	0.12826289173241423	0.2096894820352011	0.10767319713198753	-0.1717523049681643	-0.49812229406269104	0.8964282677398286	0.6829553398418917	0.19483838467590608	0.5533502410502564	1.2292447599346903	0.20916263382693334	-0.35967993626871	0.4810743501417404	0.1965134084710134	-0.5459551087119604	0.5110473548425919	0.46947651565046633	-0.0394618147975323	0.6162051715605202	0.47098353219958655	-0.263870064142862	0.11284800990067012	0.25544211803406625	0.3345088662797644	0.5896506292062327	0.5487590938449629	0.31329050007798287	0.853895274707476	4.143128644894286	-0.03131122329448921	0.5115762808075411	0.09225797134809824	1.5961026417557411	1.9574797111908153	0.24240275476976092	-0.3255230609956613	-0.1969495618992487	0.45344308681983314	0.17707612345210055	0.8471941622769421	0.20965817509469864	0.12936165334001304	-0.0783868910197894	10.421028266148	4.285986237388769	-0.03144739459847479	-2.3774792492411096	2.1493118120224706	-0.04030759164156672	0.5271075497899425	-0.0020137264267641175	0.49370390987443713	0.3462239549277125	0.22145278700649734	0.14750752999024286	0.8563024531603974	6.038999406183861	0.7118958064897138	-0.01239702750335736	-0.38086204256590683	0.47067754193019684	0.24544236656983015	0.12246043429589193	1.1372028103581355	2.6113212790290525	0.39206923459991294	0.405184047768834	0.4739797445164614		0.07962941072886442	0.5653458812524179	-0.18731038976566605	0.15941989923247551	-0.14442176283127006	0.13639654832403592	5.578927656628702	3.571919617155224	0.7140449734984364	1.0104394395371616	3.0382757853136297	0.0762349627646147	0.24745047876223603	1.2593320873806695	0.3153439722588294	0.43162094866999356	0.4857658650892711	0.06060388068102374	2.415211346663146	-0.2041670739946393	0.21118951679493225	0.8159292532664837	2.2675197816266834	-0.4975605631605613	-0.3856262546618999	-0.04133875338294035	1.475905875780502	0.8491627847447127
2023-12-22	0.47568759572211006	0.31313646161660524	0.368127996287287	0.35993299710517523	0.20817890219902058	-0.23726721970268028	0.3340251177580438	1.007835238347758	1.0279254746347721	0.24421846011897375	0.7523650394697905	1.756915717070947	0.26462905215677635	-0.2795179522292284	0.7019814299257131	0.2500193095581156	-0.4363175681901401	0.709486435364303	0.587885324784065	0.304319984239636	0.8300398801239488	0.578864085708094	-0.07364098386614554	0.9615556028261012	0.37902645297875337	0.4129427064893083	0.802256824023243	0.7025077200494241	1.022923265614156	2.3999978634634838	4.677298823003068	-0.08791774116914608	0.872875304344878	0.22780581583619527	1.8413436502687084	2.1009643474267206	0.2925808814233031	-0.17783706952868444	-0.13083803954388298	0.9321639541650271	0.07852489692921072	1.2272234895774374	0.6500908816637404	0.004757246743020138	-0.1097628235297391	11.764569821499595	4.839528269310074	0.1483390230955124	-2.2317445439853856	2.6555562089877265	0.06265216699779722	0.5940743646422305	0.06337198407504718	0.7718900153519286	0.3494260910465785	0.3022585986545883	0.15458503018939213	1.19420270036763	7.594362484037276	0.8940626483964476	0.2619905880461917	0.3581243665612206	0.5571507303863795	0.34375038182767315	-0.25732697635610036	2.6000625044450567	4.2932991821126265	1.6114854626113562	0.5582206083154514	0.6301698514208786		0.2301462443254263	0.7752027322039216	0.240868227215155	0.21655211740311467	0.5978649370293865	0.4014915889413029	7.010352338337403	3.958712960211125	0.9035815989093106	1.4517833756898737	3.9579105277173765	0.12573129559453847	0.7496327636002462	1.4408806835268757	0.3952802553410599	0.6739079895765818	0.6492921167893947	0.25159936748829786	2.5551237670795195	-0.2832686661557715	0.42502486144057994	1.2819686119215543	2.5987333583731766	-0.40734818353449753	-0.32183985084726824	0.22897725210132558	1.9393102423349124	1.4124050223264757
2024-01-25	0.628225090320464	0.31662733639770746	0.47812673767706615	0.4069896180126188	0.2287475889776751	-0.23844359105154367	0.5835208154460574	1.0054574200194895	1.1174075766327078	0.24559566121955473	0.8342444146606882	2.0276157962689645	0.24552343256779519	-0.3707186687064573	0.8107268969540289	0.23233379879187865	-0.4157199276562671	0.8013034547279447	0.6817969902381439	0.4635730142851653	0.9214642692030686	0.5900715054962489	-0.042478779867426264	1.330894189018402	0.37581989570450713	0.5117213234624652	0.9569367090238335	0.8391344589968972	1.178936613471321	3.018905084971858	5.277078968691782	-0.20583933533511045	1.1302857531089823	0.4511357525131219	2.130860771268246	2.3552701637911433	0.36134249607783153	-0.19272192234824323	-0.06950835764671512	1.1573695059256979	-0.0493647169147029	1.38831916904164	0.6160662394683389	-0.03928132541619678	-0.12294506406384942	13.105539534151093	5.391873316137681	0.22753165149394716	-2.6090998944698978	2.5531890376687962	0.14722890741722408	0.6603869072981854	0.09627807307284109	0.8833008177543777	0.3520731464012079	0.35228686792909164	0.06265256962956642	1.6128234179422611	8.99362009357428	1.0592629548251906	0.39600339141569796	0.6002286516616948	0.5988083264638111	0.3926447869715258	-0.36037574674402606	3.220919547700539	4.990660170512951	2.142887815993561	0.6181889427132998	0.688096486615704		0.3069499134117857	0.8204717009287598	0.39160991279618074	0.2522648137192418	0.9251006547044098	0.4947451094666162	8.2986744912476	4.443750575036105	1.0282224367860282	1.580687849631695	4.671193351843535	0.15503766553664297	1.147660729017423	1.6139658646718813	0.42099599464372384	0.7421398266862222	0.7116858099911253	0.26824472331301313	2.786640856802772	-0.41892072380259293	0.6073672135313332	1.5196604238674907	3.008858827435184	-0.26953027407648944	-0.32200191055204025	0.6493256007618771	1.9125104783852638	1.8755178305949083
2024-02-23	0.6785769699993307	0.31635899951899593	0.5131613762084901	0.42473239593802725	0.2307469908601656	-0.19152611317991686	0.7918501594352225	1.0839970767652747	1.184613459048677	0.23013595241727197	0.9969089428151792	2.483601677833204	0.22477498752599123	-0.393548574854661	0.8533051966042754	0.21264520670205878	-0.37675065395663077	0.9354699298923164	0.8332208081352204	0.5130790501011959	1.0659048274135312	0.7118796269709504	-0.0038163610483561983	1.5615834170223655	0.3762468811393953	0.6715501699879112	1.1650591512252257	0.9929579287992356	1.442762609717339	3.564712168766161	5.877302861491342	-0.21858536063766998	1.4271546193735647	0.8333331053941015	2.2607796959869457	2.614879427818809	0.44414138882770526	-0.20247301896244102	0.06795879404764638	1.2183370944679361	-0.00022267078850291	1.530975081500085	0.6727370545185752	-0.054374086905061514	-0.14366441145776926	13.851676301553654	5.699397292371842	0.2691187984147061	-2.71364450045858	2.9948054322411695	0.20818051089064077	0.7300673805446192	0.10715214882024438	0.9746474999995907	0.35009774530717364	0.3557626670530767	0.011350516935036026	2.2166603913046927	10.547329271353318	1.240874431668286	0.442005559072602	0.7753507162849358	0.7060863508359493	0.4122625880552668	-0.3387568887175125	3.8848525901395132	5.923688508577252	2.599109628496672	0.7189067131830118	0.8129648981678415		0.3208201145169376	0.9329710943753098	0.4900268302362436	0.2542834176884172	1.1003351240079056	0.5532376118247067	9.732725714140226	4.835011387859299	1.2169341730744327	1.7006873174465746	5.449399127089674	0.16106608203411113	1.6223328111706268	1.7920245226449012	0.5166977009711207	0.7836102662676316	0.8349998177512087	0.38395311053418124	2.988420534445063	-0.4054711239449036	0.7992807555851585	1.9614143820159926	3.1254773393751236	-0.03095364083317409	-0.2749030523055872	1.3684563825414615	2.078367724518744	2.8146666416248247
2024-03-25	0.7363916636721035	0.3126743440010493	0.5535897705312918	0.44590052907445665	0.23581364331236632	-0.08233273943537422	0.9926851729907149	1.0996695269151329	1.307007229354872	0.20654073348507684	1.1100365098271348	2.9848608371556313	0.36992824026139703	-0.27810526895521437	0.88418713683642	0.3509512599966871	-0.33587208891971576	1.0921667326600435	1.0433759852642683	0.5798807969969393	1.2340251433927094	0.7937372728676302	0.09576905588730392	1.7329303669271807	0.3369558744909207	0.8609370033888052	1.1629267367634755	1.1499080673651862	1.7585261337150122	4.163607854210998	6.2560729747073855	-0.07296887936235708	1.7365157359987142	1.0075216916268896	2.375106151271801	2.789726671139297	0.5178869572029291	-0.07793972676509864	0.15565983119650903	1.2695156014123499	0.06790512988748088	1.653403906907963	0.9498176551551047	0.060842100904132446	-0.11709837173230458	14.196724761640144	5.8405235005989535	0.29269955644034884	-2.4150866153351167	3.312978892912694	0.27886191839593144	0.7782087623395293	0.12493112935096928	1.110059664111662	0.34494712106552994	0.35803612255569306	0.08478276210072455	2.776851710845932	11.930591642611953	1.403814700531374	0.5181630401778112	0.9492297057833099	0.7310032762680604	0.42608740543551843	-0.03170579619017033	4.661798300908581	6.924247942232395	3.192631736803487	0.8370479318575704	0.942747978546123		0.34137275814465795	1.0743982508030216	0.592976254954241	0.25648306348699423	1.208615701689229	0.6475357069446099	11.014597738629819	5.069763351933446	1.4181694688964097	1.8803140676824532	6.141272799456088	0.1784648427807327	2.1680231322527597	1.9012719886578795	0.5739247903300045	0.8577809874645954	0.9625860930698009	0.5998913299631641	3.1043293775173035	-0.18524522606219707	0.9691153337966513	2.4529328808169826	3.1650916575018293	0.21115028892822996	-0.1489694530277217	1.6668076693870217	2.149014976389312	3.878348318719236
2024-04-25	0.6323744842794856	0.3090868754965157	0.4761859158016841	0.4095867049690408	0.19466841760492537	0.052801996124743844	0.8371360207892593	1.040726363185374	1.2310255095494702	0.15209223823744883	1.050186619633168	2.8759345041571196	0.6351505949127292	-0.12311386142789538	0.8134339435255382	0.6037964591774392	-0.3110862109385646	1.032555213647342	0.9977945779051387	0.4705313123713326	1.1551856919044177	0.7949785967326131	0.18111096855018438	1.592831714910826	0.2379842614537826	0.8563239768913686	1.19818761494882	1.0143586447440194	1.7642615110714956	3.8161239397042697	5.558797531012209	0.10389487951613274	1.7645229747142188	0.8829750935368323	2.012047907032416	2.6616134172261736	0.4795853667454395	0.0942318780170381	0.1892402310253545	1.0874334630510578	0.23302734654109525	1.4428477165613756	0.9781505041734277	0.18435479722891746	-0.07062836101241651	12.292631167623759	5.058457129916318	0.24444732236435862	-2.087452140861929	2.902542124250702	0.2727668886577864	0.6986137223261732	0.11508463443130962	1.0415614792230392	0.33990804897143745	0.32813202597849705	0.27887417408158094	2.706018687680171	11.068881155607512	1.3035970183654824	0.47715793304499843	0.7940950626568002	0.7271908566681973	0.3930133876616889	0.3055308124574565	4.386017510214818	6.391473503120549	3.0658835128639987	0.7872060108785672	0.9034442130587138		0.28558201163851893	1.0401432479938082	0.5001549298833972	0.2355928281216717	0.9912775968883039	0.6072873184390581	10.211354952356238	4.758893343640659	1.2580968479813133	1.8016384700670114	5.7006781773870205	0.1785894151936862	2.2266649108489474	1.697123236739626	0.590081417342879	0.8051447060455204	0.9232436031320775	0.6181586242994515	2.874126977668846	0.036928685429054475	0.9963322924163265	2.459463889356921	2.619294029562033	0.34587454225715475	0.017334414262651532	1.437683702582145	1.810043701366557	4.038658946954163
2024-05-24	0.6437781368859004	0.30389670197190277	0.48491743639054175	0.38757799287767253	0.1819510282290584	0.14325127666727555	1.0021539806462911	1.0871108384988726	1.2364543469759741	0.14705507994429312	1.1101753866661184	2.932620403365153	0.7805544074950594	0.020913929459812186	0.7820310499901948	0.7420970785469827	-0.16720953733577537	1.104042822848868	0.9886959272274529	0.5009580828458162	1.2339181818061917	0.9432823127902346	0.37296754543857413	1.6564293172314906	0.17464879210442374	0.888562784914283	1.2589034770222711	0.979505828123767	2.052363623508631	3.959187778673266	5.669276125043534	0.09989736045262099	1.8746322973528724	0.968396865939761	2.0831345773342758	2.684523778145043	0.4819504892264206	0.4374357955240304	0.29975870419461564	1.0775969110539352	0.6089316148009485	1.3927647157150553	1.1287164680240607	0.12882333810513047	-0.04137252378210049	12.329589754272948	5.075711480630728	0.24624914519148455	-1.4523658795169254	2.560957793921069	0.26705420112845535	0.7105533046819809	0.12821338937359666	1.126246888762226	0.3329590625504235	0.31662503544525245	0.5635422616615597	2.849103477364616	11.39102180465487	1.3418021997770515	0.5318863496712813	0.920941433302124	0.8930779369699133	0.3781943404288737	0.16659789388344937	4.424044648698819	6.389876155259821	3.115998888725091	0.8343158874119669	0.9888043568733917		0.28753337290443826	1.1775076977108292	0.5720905640362934	0.22727993202438804	0.9557571982521336	0.6642654756948123	10.510619293240126	4.699428100760583	1.2084820401680811	2.011663979509643	5.823860215543062	0.18610930658800978	2.31916592200949	1.7249539784368477	0.7303174621528051	0.8120206862061673	1.0131239759674362	0.6689416935686814	2.7849259208946777	0.012584675150259628	1.0035584193856153	2.4398250848315532	2.63878577144623	0.5038622128392871	0.26748141196795727	1.493848130408443	1.5647040782530133	4.300927681196542
2024-06-25	0.7203408205695847	0.29537793302491333	0.5401290783116075	0.3813135625814359	0.1631216025905904	0.20588375892870692	1.3317453653161753	1.0743276393779975	1.2311618095186978	0.11324642809679109	1.1339234165913956	2.5832051483444527	0.7876191233853822	-0.004355485446913776	0.7566576073033331	0.7494243557362603	-0.09953538682744467	1.0301960061133797	0.9121783279057005	0.6227643657560322	1.1537548405260247	0.9936568344241181	0.43186458868457056	1.4316547411895317	-0.007092081015389828	0.8503957887709488	1.306212862557344	0.8722360709594884	1.9496878569861948	3.6011911948948505	6.178875904501167	0.035429351419354216	1.7859476028060253	1.062137892232336	2.3301766618298285	2.706759870143555	0.4529047940835198	0.5393698129309192	0.34873902276726154	1.128178319764758	0.7260987456819556	1.1716009283914293	0.9409554995756546	0.17175980383575085	-0.03289900562264536	12.998512856409434	5.35023968742207	0.25470240234852803	-1.5177780026214052	2.281317266728507	0.2496826250473157	0.7516487313350586	0.15326907496169723	1.0633113596086738	0.32295927649767675	0.3236901173355792	0.6362301304348476	3.1022175143274078	11.933386835305313	1.4051268408040998	0.6358827117936352	1.2086515599682386	0.9275560419802646	0.3650824992497409	0.28745425944520164	3.938991331055884	5.816037015770412	2.720083815400372	0.7762763342830672	0.9534433175341779		0.3303287762019953	1.1298906743664525	0.734192724441959	0.23299074010906823	0.9947161435026293	0.6118491957309578	11.006391298837727	4.669503348335569	1.0861287491370168	1.9746291459400434	5.9691648481884485	0.19803146569640373	2.2699731014646662	1.8426652513311326	0.7737060999590205	0.8102618541900422	0.9759630487834707	0.6048020259527884	2.752664862233711	-0.039796618902566916	0.9402271497501169	2.157073160565516	2.8350640152101336	0.6146960886379302	0.358887206199518	1.559636258854873	1.5096644280129095	4.1114285432196995
2024-07-25	0.7675506832931964	0.28610417744949124	0.5725760389985789	0.3739550001777301	0.1676881313438381	0.20119973046626316	1.397641565898489	0.9763824135393628	1.1881630062724313	0.10369491552456865	1.0975264168306937	2.299058735203043	0.8083191201738933	-0.027650124560186895	0.7598930872651077	0.7684894493222323	-0.039463084778244006	0.957421520559127	0.8125241944628618	0.7082330002525441	1.0654351922365475	0.9477498375201799	0.5040487102482999	1.8077158964241098	-0.12099610300866437	0.7788644133372791	1.3006162610470589	0.8218295167675594	2.0560320513987733	4.400841284826628	5.751728541459816	-0.017542171496483405	1.8049156992603734	1.1456893261619312	2.136898208530911	2.3926690988463615	0.40249235982223897	0.6594793128017369	0.3916864603111374	1.127827894575399	0.6846119580683054	1.0529827529165927	0.7804667451014922	0.09990877362997352	-0.055346865462213235	11.729998432145976	4.827469794029351	0.3214261009230486	-1.4958688594270928	1.9890944897841105	0.2853240161321129	0.702495072893631	0.16900371559336386	1.0569735803392786	0.31244608042501865	0.3463962754739601	0.5954576849827002	2.9333850699739976	11.401094352372901	1.3421045758328818	0.6995733337109022	1.2823122117550332	0.8598514977927982	0.3647441582386645	0.20915716341675328	4.079255521072284	5.729625645873585	2.9720663061418575	0.7208566478262802	0.8905821214809331		0.3723835383221801	1.0283443686866025	0.7803212276504707	0.24886728197692626	1.314113533044429	0.6335943656949525	10.514456926447323	4.181060278190319	1.0074415799240106	1.9359493508939076	5.741418250198187	0.20875693023979325	2.313132328755314	1.7089814036225608	0.7404296678797316	0.7765047322746428	0.9153963505392773	0.5529636122543726	2.4402377665794655	-0.0822973424670379	0.9351482794936787	1.9430949659257397	2.471890070029267	0.6637242201638307	0.4385232019915626	1.653863010902859	1.4500794938163593	3.855399219189028
2024-08-23	0.9429117807854044	0.2765411298466942	0.7013666293376237	0.4077923811123752	0.24515030436535956	0.10655659636456871	1.8430167753748554	0.9282341016626168	1.2877672919897796	0.1475851002769173	1.1357725017495093	2.2394634972844036	0.9145992211924137	-0.037739314914828515	0.8014892391474708	0.869429276000631	0.03985362047224794	1.0142223405507567	0.7737936435018824	0.9440836462763937	1.118165428717138	0.9743731998258928	0.6585421785027745	1.918485923557918	-0.12814044193129903	0.7636276800781313	1.2846205628235605	0.8912866338725918	2.358588583140408	4.49360720132562	5.517932496198526	-0.07476204445910906	1.8657921083163926	1.4208653798116664	2.03192404072254	2.2853502834846093	0.4325481052561988	0.9301461233233462	0.5555846091215548	1.3321059837875697	0.7094424570000655	1.1816221472727428	0.7369834877011952	-0.048443974415724345	-0.08234014038941465	10.972343745466286	4.516011023953771	0.43547156284467997	-1.3677141101521855	1.9512177679815883	0.3265631547223856	0.6750177526992314	0.20451710200313308	1.1424468035668358	0.3011106004496351	0.39894058852167663	0.5886188452102308	2.9107373341944394	11.329920649481782	1.333428922191306	0.8471736135787189	1.6914448164845393	0.8096383126532674	0.3786344768397609	-0.05342733747962303	4.08792400774829	5.588264277845488	3.0636911029738396	0.7564117483819068	0.9341003490536316		0.47516687829456516	1.0581250340154202	1.0163901973260487	0.2853924019233363	1.7648562836786554	0.7454532968395586	10.449733368792053	4.001207055484249	1.0693126218075162	2.0257695289365536	5.692629958328979	0.2289165077944399	2.4580014242438537	1.6446670821323055	0.766791836946232	0.8488510763266369	0.9556105929611322	0.5444280360997531	2.3467128848417422	-0.1803010648976353	0.9587434343739383	1.9204528524936464	2.2469975272103104	0.8797660763634796	0.6038804055635023	1.9550426571449453	1.4387307828024731	3.6067409642242207
2024-09-25	1.0763437441776629	0.2694589835385861	0.798731091454985	0.43261574422689014	0.3034111819063122	0.06039209590926675	2.1035294304306884	0.9112411657335819	1.3698578470573457	0.19611139176828124	1.1430490550970676	2.3816054536336067	1.0989490655398204	-0.021962786026732184	0.8496363571057137	1.045746174296295	0.1133722441343461	1.035718472526455	0.6947777111223501	1.1145113002853213	1.1209685827645246	1.033032294406742	0.8584285934609202	1.9588129513539863	-0.14938006366903833	0.7207820067874089	1.315419186823509	0.963188631619365	2.655693538031657	4.470466111566035	5.249204123445212	-0.1723891177735677	1.9438435896881243	1.3929246743201422	1.7863838163294163	2.249760746202666	0.5006502328987861	1.2803826685758446	0.6840030222532805	1.4956941017338627	0.9088012311871978	1.282548685101558	0.8494674949573888	-0.2377823645419359	-0.08594566639465778	10.097380394602176	4.1582617671450794	0.5637110987835123	-1.0662631145093933	2.297015408035087	0.3609368176224672	0.6399386697525031	0.2393731977835692	1.2028150679564549	0.2925258237134376	0.45492199736675704	0.6724556621323583	2.8105370796383475	11.21021262643226	1.3197110283779834	0.9922777459297896	1.93933604545603	0.8360691291584352	0.39636785314970413	-0.4002785076733213	4.172299389095614	5.593317069891252	3.1744910397805297	0.7590728250105478	0.9663128647035779		0.5570168324800701	1.0242957632020948	1.1647813031361713	0.32523628715267494	2.2512269787434334	0.9094794617942128	10.341148349671116	3.92321582477803	1.0818643826009664	2.0967861783185326	5.6335989378747175	0.2607825468075153	2.624152115541727	1.5600638940749807	0.8533261796567098	0.9114520578014532	0.9893126510564765	0.6038228634549403	2.2573863797840708	-0.29418082725257033	0.9734142130973527	2.1111769679261947	1.943489633355136	1.0506022650334432	0.8285042567657891	1.952381890694996	1.7548240737587946	3.3071583863312224
2024-10-25	0.9703517508984986	0.25794336186269384	0.7206323655283904	0.418010092256796	0.2687181478277604	-0.02783135489195976	1.8562292993944132	0.7367989901005072	1.2538891739081457	0.16166347300800593	0.9767672416793416	2.233908736581994	1.2463687904374243	-0.020467563962852098	0.803858872754385	1.1864549689763213	0.08483959450250023	0.8598481972085441	0.5379455107121838	1.0013316091374171	0.8984284028853087	1.0268042016499215	0.9339569553203879	1.8134039783874374	-0.20643290077978782	0.6076293413386389	1.0086183613924482	0.7768603360730917	2.7332683436057437	4.236840879723384	4.963550937768321	-0.2213816208736361	1.9644119239710074	1.1047200359001863	1.5763768844073613	2.1202800028413646	0.5331368743535003	1.413796863107164	0.6241631622589876	1.336876644044641	1.276502779249455	1.2789589431486759	0.7437466786672595	-0.30963218078405297	-0.07221778046207308	9.340609020488685	3.8468458871317477	0.5723991570129028	-0.37278782364632157	2.376447954480563	0.3776055217969264	0.608010526439628	0.22182927652701323	1.00949138834192	0.28032858701853125	0.4309386946736852	0.7961318743579917	2.671071084285355	10.908817973976308	1.28480849682493	0.9197994418288823	1.712640534058334	0.7944836350214444	0.3703713058923843	-0.5242472403025555	4.079681130685675	5.499098181397933	3.084461276045097	0.6153579978912256	0.8530379138279409		0.5055036570800868	0.8083164956909887	1.0318603524744772	0.3080774557571016	2.3560563559150194	0.85185815489902	10.065935453656571	3.806977332625266	0.827882429888323	1.857151668578531	5.485513836565218	0.24892107958780496	2.636860009223387	1.4893373188684293	0.8964625667808531	0.8341931861328292	0.873007281611021	0.5862471701903726	2.1625453386854057	-0.3195592262623075	1.0347950960153889	2.191270377970133	1.784336239979364	1.0063651247990344	0.955496379480399	1.558987895322458	1.8520355771468733	2.970917133539454
2024-11-25	0.8488083909366742	0.2439587416347364	0.6316556465657317	0.3993911114529931	0.20945437642577502	-0.09355375528387355	1.6389608925709354	0.4804767121921347	1.1377565584246638	0.11122622479977973	0.6991756832749796	2.1468749329234225	1.1440247040427907	-0.07692146323637883	0.7630662300482489	1.0884241331994136	0.016899425938276424	0.6019637154482054	0.4267187190977948	0.8541191774160388	0.5623219435176283	0.8328497179451556	0.9723674950978176	2.2620876273345822	-0.303044373477823	0.4479965240727739	0.6901583480596152	0.640318873592616	2.7571887652250897	5.052643676003727	4.707277374173341	-0.18252909979685805	2.141802704323908	0.5625783874427155	1.320099022639802	2.04108785961915	0.5766623319806325	1.3574830999134107	0.4972277882884155	1.1726136151661002	1.2713737538976488	1.2831116074102473	0.4430844509673153	-0.3845889916266316	-0.0736549425606449	8.862457897084973	3.650573513071695	0.5461493970570557	0.1512265008770779	2.7441996986055486	0.4239174264630946	0.6021969446481505	0.19669174431529574	0.7652286033664943	0.2641397454285088	0.384897755700888	0.6455202175243544	2.5434571273629754	10.888390104360969	1.2828495680130745	0.8139689698417643	1.501664159551635	0.6368156065424737	0.34745765364699843	-0.6627660283942634	5.059155493981817	6.952340066225981	3.7141377012448684	0.4157551527400374	0.6254832262850478		0.4306707783728282	0.41054127828676323	0.9032315463632212	0.27525022038628977	2.3326734758346706	0.6988145798459472	10.046514436760816	3.964456242157155	0.6140209128529279	1.4474599576078444	5.655992570524312	0.22867747883191425	2.7826939777995587	1.4674262294370175	0.7716114291773167	0.7587652648232166	0.6471060735043386	0.5190999056854682	2.3518630040582256	-0.15734535449412945	1.2379323787239702	2.46346549758038	1.6220375034503682	0.929195712677394	0.989909199566152	0.8904659215652693	2.3917419036026057	3.3534750443507697
2024-12-24	0.6817441770446457	0.2280906190408083	0.5082422871043709	0.3699171230739303	0.1553602781812174	-0.14550444975632992	1.2810293391204146	0.2669248955836725	0.9465113485766392	0.05666953136347441	0.41276280759092243	1.5423099544483634	0.9461531535989751	-0.2875282448173019	0.6638604782907207	0.8989273779000619	-0.044609980853218545	0.32551437643419234	0.2652311170546362	0.6580568113733654	0.2516669673869818	0.6560241320679867	0.8042687435654985	1.8996415534473856	-0.47796001754651785	0.28151027301343245	0.3979745010444189	0.43446588835705313	2.1933325119924643	4.27767022868518	5.009409887945978	-0.42140730544957616	1.915035856231862	-0.0408472713218071	1.2652224990334444	2.0808149778053426	0.48561197545242063	1.01461370252622	0.3028270842240621	0.9289894666079255	1.31680436374931	1.0242442164371477	-0.16609307773595994	-0.42376533230094204	-0.08200028614129233	9.092295133340556	3.747087154500333	0.4076795033296024	0.25195126781512656	3.255982147501487	0.3278100515314115	0.6282647403400357	0.15484892109633724	0.5267069521034722	0.24699362205328756	0.3423132015200031	0.4425152854784733	2.359582752654573	10.215437143785138	1.2026520198227022	0.6409550786024261	1.1610605945224712	0.5191262675904711	0.2994535232245853	-0.702632389063448	4.459659335008038	6.669587125770882	2.9884631483932846	0.2006643347252839	0.40000096179721756		0.3420276593089281	0.08945537164998862	0.7015354993527287	0.24509955665093297	1.7967430445801735	0.5124122726366376	9.431040358994707	4.126677614987864	0.3253734864467832	1.0202665179595871	5.297763369318403	0.19622288741713467	2.12550482938631	1.5375324439314513	0.6642432441965502	0.6305951772553489	0.4169066345735921	0.17458791428634535	2.4115935041634726	-0.40986962735795185	1.1667047049842223	1.9325683206684676	1.5333586255474732	0.6999495591138807	0.8092690532611548	0.05499183227412008	3.014610815253921	2.7585550721782486
2025-01-24	0.5524059852227281	0.2111056948463288	0.4129712413275722	0.31857957871173825	0.1141638047013408	-0.15561823137833186	0.9679902416755173	0.039772153414425304	0.8224430470928641	0.042278630160205194	0.2514163998432133	1.4461041658892952	0.9259757533379434	-0.29658703818833443	0.6187216224058192	0.8797055467164254	-0.0930372227615095	0.2640814060229162	0.23075144213617316	0.5155318641845911	0.18610557015958884	0.5131499808938624	0.7750198249277425	1.716178299112804	-0.5002336758779616	0.23087677239178772	0.0014940255354831677	0.3395236366582024	2.255032496055229	3.8857416019892845	4.799586886576947	-0.39167698046098787	1.893881357721348	-0.26292820768129443	1.1214875780997104	2.0553570836015265	0.4330208324807634	0.8340769513170248	0.10780852584668343	0.7332415788143367	1.2554181375570672	0.8684695553798472	-0.35560159898178245	-0.28918089342918485	-0.03652880604293042	8.71074176778717	3.589674482288874	0.31671250772220005	0.5159894856536749	3.5063074898661304	0.27820407916634915	0.6047445016917745	0.1317213900131655	0.4272607904001786	0.22802007579955919	0.3121254756562307	0.3354844004025537	2.324388414157827	9.582829812425587	1.1283766189166684	0.5441679569838999	0.8837949687651676	0.3606880998211397	0.2769732756058403	-0.29638289802997697	4.3125846865814275	6.742566089155576	2.7278247164099554	0.1521228343612977	0.3148461891105847		0.2800595143451992	0.051325832945325445	0.5378201069374082	0.22433146083352962	1.4429791288904126	0.38248136014950623	8.846521520736893	4.156500789457944	0.21559267857560727	0.7362266466329881	5.013308310434059	0.1824960331999127	1.925300727820611	1.4731016455617096	0.5404545932980016	0.5405304894718407	0.3274397901785442	0.04657425498576506	2.340736133648223	-0.34121957555029425	1.166710509010132	1.876328395929967	1.3495358557402994	0.394782858699402	0.733734783962871	-0.2040643112886693	3.1626384956810885	2.613038479893767
2025-02-25	0.5462666102264575	0.1932723739685831	0.4071226656654775	0.2905033008684288	0.11173698987949987	-0.17838364985532407	0.9951578558998975	-0.12382111322134515	0.770058008095307	0.048512183433630285	0.09723185250740407	1.1092418123925185	1.046609397933894	-0.2833000909995118	0.5723179436232875	0.9951350112833568	-0.0879275790067311	0.3304531950801266	0.26020577401288714	0.5276611841679337	0.2864306000267831	0.49868262201296565	0.6505739354544318	1.11029410538411	-0.42973628128122565	0.2400366078270446	-0.3659193942761725	0.31933289357629824	1.7044054523057817	2.6593001223456465	3.753862669410932	-0.3925062490196658	1.8827158202827317	-0.22318177579549836	0.7823375056300783	2.106884153130231	0.3880002165560308	0.7438647972591936	0.20728924019910355	0.6982390837234961	1.6209983426495929	0.49076035320269984	-0.3959576201749577	-0.304844437190265	0.0022344558959050825	7.050631769389568	2.9065285140566193	0.2750051141020569	0.6952249822331957	3.4373698952594047	0.24054144051250037	0.46753360973175795	0.13902173318510902	0.4474502851013561	0.20834840008668287	0.2981531476320809	0.3200773712758551	2.0178296753619307	7.770280022369164	0.9157864409771719	0.5731450513049835	0.9155300992769941	0.26777430191401086	0.25550420321756917	-0.3520304701313206	3.164775803491189	5.269706950641435	1.8443632977607525	0.20298667378895408	0.35670284753331494		0.27953056710988045	0.213328001162155	0.5570245996808341	0.21421282572887657	1.2612835615691425	0.3578707561477481	7.175790433494846	3.9099332999298504	0.21841725813063984	0.6346768529508968	4.037068220372873	0.18830257826121666	1.6252350318378923	1.1891470251557994	0.5163862253892377	0.5074436064092647	0.36319027652685865	-0.06370743985556171	2.3019901979246145	-0.3475848469621696	1.1035276081368366	1.3121312283790019	0.8291982865132006	0.4770825414598914	0.655229979947135	-0.13022821281967456	2.666699303227558	1.633300485326373
2025-03-25	0.536983899245698	0.17336589785646805	0.39954844635717124	0.2257798922327302	0.11157000681975271	-0.2264627060481279	0.9798623392735015	-0.24675962526262563	0.6979655142728141	0.057967846697389275	-0.03648036205290328	0.9200994928143196	1.150300891881126	-0.21289936143459254	0.49056590572052805	1.0932034340328163	-0.05251966430624444	0.42560525382289827	0.33391294787225423	0.5625359554567192	0.42635652735243035	0.4715368106898903	0.5776191078498356	0.2776707496377382	-0.3209003112753263	0.2677863213329834	-0.44525681011567997	0.34024111696087656	1.6688442669451344	1.0865723059680858	1.8206133469477521	-0.29653923777276914	1.7876177044464878	-0.26489437720414566	0.12230160677027868	1.772292328248903	0.24330851211870552	0.6518347904341182	0.1657892494551112	0.6401233427885269	1.8603650881389004	0.007372557958738035	-0.3770217766580488	-0.3545309014382181	0.013303066334689709	3.4101228484576183	1.40511043762665	0.20056045368827075	0.9814856058675705	2.7074759640142325	0.1686786641772633	0.24034395181869694	0.14583854519229245	0.5240809985182653	0.18656908368697467	0.29178650974638676	0.3521967778950974	1.4523557982273072	4.379031519979762	0.5164321793666833	0.6013723324565773	0.9192302625496964	0.2204501483682415	0.2160968238059382	-0.433266867402184	1.541215305461952	3.0793260506988744	0.6533249825407097	0.277216070382563	0.4155311773332995		0.29389904539716005	0.4035409159818766	0.5650725987108878	0.20973575014704504	0.9708582621345148	0.3259974273525821	4.046431544123237	3.0094525591244654	0.25432017852296873	0.5974956941336873	2.301052299972639	0.19991218036169145	1.0781385572704743	0.6488332997097768	0.48508420786887774	0.462797979437116	0.41637604169652653	-0.19979549572969346	1.8824123170994342	-0.26465620597262385	0.9307587143546128	0.7552202203947331	-0.08053938826811091	0.26935078047089167	0.5088370124081207	-0.2085301264020254	1.7179629233792735	0.5838668545051977
2025-04-25	0.505333211681557	0.1559538049268534	0.37524915237009837	0.22129235301634975	0.18360282196007527	-0.2460082117712487	0.8320472780437225	-0.3528012012236381	0.5591599762660091	0.08952304166780473	-0.17529478402744103	0.38341425461088896	1.4999668942615036	-0.22200584829797515	0.365813017496599	1.4264499585257857	-0.009283707747603565	0.429677582444842	0.3885422997671961	0.5919843580687901	0.4522106928424181	0.31851572459712507	0.5782947454484155	-0.7946157772115705	-0.21294964840772013	0.2947933926144224	-0.4093642950128129	0.2951998897810548	1.1361818907562942	-0.9395067073245329	-0.3157043611030659	-0.4816668198408989	1.4110354110251908	-0.6041981664856757	-0.6432311178964145	1.1573678992669727	-0.02262422499319161	0.6952044176561936	0.29544828503204745	0.5256756726291538	1.6791054172565751	-0.6981989214062372	-0.5085210865193588	-0.5432721947641265	-0.020387054906464364	-0.9310097996313189	-0.3817120182303917	0.11767132049443091	0.9294236892445689	1.591001271688989	-0.01935692701380365	-0.020218893523554993	0.14604574870457007	0.5514493596677654	0.16744275848158052	0.29779492889317627	0.3262931335217947	0.7015473555936325	-0.07887469318281148	-0.008887641592569828	0.6049395062463758	0.8216209482390302	0.07711603465817074	0.15632624333275125	-0.8487335101814342	-0.6022889244438563	0.28613214658511765	-0.9518262294679971	0.28367027598906547	0.3702566065345758		0.3177863038569502	0.4655212320093982	0.5115922421270258	0.21376749810468554	0.5371989507475305	0.39035681017235735	-0.06292200381856361	1.5699610906480945	0.2194283769901133	0.5014738203080493	0.0268596013304645	0.21830778601298428	0.05633535486576591	0.04195601060161902	0.34330652909086834	0.37590557507056377	0.36914812328692204	-0.4123522898994323	1.1116234938763432	-0.5487074471401994	0.6078655022491963	-0.07703096203977111	-1.1322380552335893	0.23335426154415373	0.3933540745449635	-0.834444468092375	0.7018530809111869	-0.474286495744245
2025-05-23	0.4092521018544496	0.1382778756340377	0.30330818769335466	0.18617834291486957	0.21279859839723342	-0.254334726278584	0.497983600829655	-0.16625464157091585	0.453401331855519	0.12755252766439873	-0.02888711395940935	0.8217084551064016	1.6072856632401553	-0.1543704416989669	0.3014069536590167	1.5278734779358487	0.08605514957336124	0.6257944819784051	0.5814579498171049	0.525462955212735	0.678262994993819	0.4284175889169588	0.6778976049295165	-1.112559497367291	-0.07344210731172446	0.4368722223104946	-0.3133049069461995	0.4010523111154969	1.8037739334094134	-1.5357783193072176	-0.5714526788134506	-0.5671819305950714	1.4202372479917766	-0.9533388328989889	-0.6220380296272614	1.1351848253912058	-0.12203688366967436	0.8214650801868069	0.39926774902418405	0.37832547352702894	1.6743403414589488	-0.8646050843584536	-0.37933395658961344	-0.6651150071888295	-0.040821168597576965	-0.9786517428143071	-0.40063559497323453	0.08100239617887173	0.9022573023605318	1.5195049762542396	-0.12244527483616507	-0.057416423198705324	0.1293422322588105	0.7685112933330924	0.14771782311012993	0.2721215703833144	0.2815681286879741	0.7855024943626745	-0.8564302748645005	-0.09946790032092068	0.5383349301717952	0.550896693722462	0.19048176642272274	0.1232414095151384	-1.1454979586145342	-1.1407638549680783	-0.4052305160613514	-1.368870986392631	0.4308289930511977	0.5201590150211253		0.29439225944807534	0.7209365365642473	0.35415655756954423	0.19557885214844517	0.2534491324354178	0.47477297570411636	-0.7754372958348341	1.3217869981840984	0.3700366862558244	0.877729170548093	-0.38683126496954046	0.20834416268107137	-0.3363566179491393	0.005128791747576855	0.41348921214551604	0.3083589270669469	0.5260689687612135	-0.4276505706251452	0.9561860587831283	-0.7155624211874714	0.49469341940887723	0.1562990673186846	-1.0469743165854695	0.20401964083261248	0.37084152898310996	-1.6074802708128035	0.5364234089035964	-0.5680743977710172
2025-06-25	0.43262599888339603	0.12213564684140499	0.31728793564341873	0.1812855384408335	0.2525006648342967	-0.22181968682449027	0.4947463316095533	0.12114543425988122	0.48072831924258885	0.1727034219524226	0.2387521244351749	1.1269241299119113	1.5682990556223668	-0.03520125327965046	0.3111969126176559	1.4901200543271784	0.18022771302782115	0.7641135155733556	0.7119577606835925	0.5695880020956823	0.8294038106515274	0.6164561177928203	0.7151926997839411	-1.0743539417478063	0.028740584894026255	0.547744111971403	-0.2295904784282632	0.5032705093130039	2.7247669041326574	-1.3118792441532419	-0.16510366238981788	-0.4928391811214814	1.4328458896690197	-1.0443513315696433	-0.22254414998775474	1.2855114581784157	-0.13302144705674745	0.8871069283059074	0.39708454560324147	0.4284572850728192	1.6368035401788104	-0.7644544970641354	-0.3289175038841976	-0.5876552877826942	-0.02957715961768554	0.3509604981898846	0.14516044192203026	0.09369291442261057	1.0708891310838293	1.2000635706973295	-0.15456312486910928	-0.01420401168321872	0.1298595449850323	0.9829933476327604	0.13089402150370866	0.2622974210128364	0.3894973257152414	1.1143755934582718	-0.13989215895055906	-0.01486496806812454	0.5387495717350552	0.5650002576199182	0.3229617009035124	0.12778423113419146	-0.8455212170331778	-1.0738194030108907	-0.2797611663331523	-1.3437507632220065	0.5635842715140744	0.6526734762248991		0.3127836935278435	0.8669410259259291	0.3629787777108662	0.18861624657809106	0.20482847209039834	0.6268882442720297	-0.11771776138235879	1.5047507864734744	0.599462517420859	1.3604486599092178	-0.05040619441978933	0.19730436258565098	-0.32047137770847733	0.14956380561802973	0.4972263617538051	0.32646186268437916	0.6750770689992107	-0.38080306953361154	1.0198098845832044	-0.6899031333459735	0.4354031011595918	0.4000373162803488	-0.42870201286676135	0.12605016165146044	0.33210695531602963	-1.8488746936035594	0.41556907066745463	-0.49711316485276313
2025-07-25	0.4203301427794377	0.10900987185690747	0.30999427775283095	0.15662482526739818	0.25876409292273994	-0.16938977072347658	0.45320219339381396	0.4161073350045579	0.5256642393956565	0.21165308040081282	0.502540527511327	1.830170867739069	1.4386173888694973	0.13543836838028506	0.3264768867149961	1.3665935634647495	0.31038105454774656	0.9653122405397929	0.8362547834498999	0.5586723231349175	1.0498617543878366	0.8412820513724326	0.7508232214413284	-0.6990971675011264	0.09127661682024285	0.6299706422453415	-0.22679495367574898	0.6924810523345846	4.026436851471345	-0.4080163796420351	0.8573643581736121	-0.3790982963482741	1.5766129964085005	-0.9552979383109801	0.3294728614917961	1.5398662168905695	-0.07719265529137775	1.0016721350304545	0.38347251598175314	0.4631767050023048	1.7573968011510654	-0.2870185403461729	-0.007097977296256497	-0.4834928158391725	-0.015701744198943553	2.5337545381654465	1.0450071222756812	0.11490043577316494	2.119197069406157	1.4267014816851127	-0.11733417278083991	0.09688444202087432	0.13251421630189766	1.2859372944039846	0.11633797748796848	0.23900547125667027	0.5571484451060496	1.5046142992898996	1.861645550916215	0.22040796776486804	0.5467024217932719	0.5313749870851132	0.516613334178214	0.1348873972511131	-0.5913451803979661	-0.26262688418024993	0.5993856938750177	-0.64830830971189	0.733370010969344	0.839237988266468		0.30380210459084284	1.0614986891184826	0.3417068384463575	0.17197663150333686	0.2958807173240303	0.7425131075572199	1.72475885509445	1.9601787462296052	0.8988497511455744	1.9491741387838548	0.9493442292662166	0.19022846195424825	0.006141320336935152	0.45545664492697746	0.6423904557924927	0.35545761426335765	0.8787367624864277	-0.18928381187690668	1.135815172040889	-0.6032491944439031	0.46653008713303024	1.0815152963600454	0.357728746527588	0.093712135045255	0.38366708991223497	-1.7913127757847151	0.6086182901746913	-0.17722518401595977
2025-08-25	0.45398629226474707	0.09674606817557829	0.3329626266675141	0.1328056798485462	0.24037680150682733	-0.12508531378975626	0.4916387370108506	0.6042772736706268	0.6140497284602162	0.23061856537962733	0.6454584040443749	1.9950065624309197	1.2328773745460593	0.2894028031297068	0.33102246100027877	1.1706716478568602	0.4194856097051678	1.1033708966715645	0.9237989808622133	0.5960366361455414	1.200833577489461	0.9791922150321466	0.810129709298649	-0.2021868965138114	0.18883294048613186	0.7088765642437309	-0.277521156020895	0.9419147295911152	4.399205477918688	0.5722542979466994	1.480968630041204	-0.25902096409327524	1.6302994242156839	-0.8354804172394348	0.6190174913332847	1.864186837095664	-0.04564487574919074	1.0469936656026682	0.38932148978402825	0.5420408112917419	1.8700595579630641	-0.042826008004151817	0.2350798773294156	-0.3997387789748034	-0.014614262655973154	3.7009605642703676	1.5267758044872153	0.12641181314188493	3.093105649263176	1.7025965934666125	-0.06952470970594227	0.15996780292447133	0.14124026003145068	1.4844835111129884	0.10325711777489577	0.23228698295057093	0.6056795334176979	1.6781427567500486	3.095840492160704	0.366357344354137	0.5818689374427334	0.569327229670658	0.7016085927834554	0.1397187523081984	-0.4374809480218238	0.4025450751879234	1.2090697727358322	-0.01730325419177703	0.8435229169361023	0.9660431654064605		0.3159290163489338	1.1307100677031503	0.3647571909488885	0.16629471972482524	0.306448986044602	0.8409194178677389	2.8659988600569477	2.364787752695488	1.20000597321782	2.337588985998714	1.5845494813768681	0.19210566808762897	0.2512723110829125	0.6200180115421068	0.7443288626527749	0.41551295592549287	1.0159594073359997	-0.08629540610971431	1.271444059882512	-0.5118919182832191	0.42874341205355204	1.2335168898530178	0.7590523576680006	0.06486015123328182	0.4103575901386405	-1.6226866001195486	0.8640988463079236	-0.07938845040304798
2025-09-25	0.5185801534704203	0.08717229464579179	0.37963358326541474	0.12044274070602334	0.22217299697645732	-0.01766820165120392	0.708209699274498	0.7789001369744946	0.7291258650944998	0.24675084777924922	0.8817654617328445	2.004529823566738	1.4659121141771339	0.4601813155585909	0.3431401635093647	1.391762497512028	0.5243527904320144	1.1408852194046633	0.9149502356221806	0.6590169859976754	1.2060139079277281	1.1893063760620097	0.7579411672189957	0.19486234477093145	0.36399056390885853	0.7145220703808999	-0.3547799827907734	1.0705327454760236	4.856275856504114	1.7399564507673624	2.495386781522722	-0.10245665401660742	1.5309198652731357	-0.7929885115282191	1.097632403875414	2.2676705408309363	-0.041894583121274476	0.9977835600680276	0.2268082589687117	0.660259428471409	2.042606179058234	0.046535622912588614	0.44323438986052976	-0.31707365882949395	0.006740115400144603	5.537579267263212	2.2832144339052327	0.1365010511179146	3.9603584935683873	2.1372418828060535	-0.07072058234035183	0.2520428666245018	0.15191938424218154	1.5269447179282887	0.09250416384078974	0.22563459457524138	0.9288772998902957	1.9140075442136766	4.598018510920767	0.5435630418304598	0.6266192731556188	0.7482862390958838	0.7618068178962893	0.14997751479787125	-0.25033943325365327	1.005427904554443	2.064179842861929	0.3984625426046673	0.8880559368628953	1.052490328711428		0.33049337078631025	1.0537353020559306	0.4654181388766254	0.1619841174990092	0.2694056949256276	0.8363597726376901	4.2498633909883665	3.0662407704557566	1.4270641519252818	2.6054618977670483	2.358931043149674	0.18543908543838472	0.5147902886283173	0.8470199132505956	0.8927818865273618	0.49190586106876677	1.1114185877793439	-0.09989877310076878	1.643862377737241	-0.34026228772518774	0.3846102464893497	1.2185060935827412	1.4359945189402783	-0.1766254920346637	0.40604904790455043	-1.5114376747391578	1.135965898547168	0.06300802066013667
2025-10-24	0.6050918922986597	0.07643139983693659	0.4408942531655824	0.13408050627219115	0.19950818746953008	0.12975113451657364	1.046696223074509	0.8575407728737634	0.8153940737271435	0.24835562979264925	1.1981193744707275	2.0311514401922253	1.9581904872840346	0.557213574611772	0.3248079782687938	1.8602841579342062	0.657925250803114	1.1810510003377974	0.8427225333717745	0.7460861106502148	1.245795971799022	1.3698477087976095	0.7288975926745027	0.5481952993785333	0.4473634556021736	0.6731790684261156	-0.2829785012854926	1.1356710285880705	5.474787784656453	2.735322209553768	3.1925186629860107	-0.058517555905127416	1.2390271755251785	-0.34649056694052915	1.5799011786716086	2.274030734124757	0.0025122363753227184	1.1645788839628706	0.2015351644971488	0.7962875636808713	1.9972791815322197	0.33899570357830466	0.6077273843481019	-0.36530734744778304	0.020932763374714614	7.1335746619785	2.939949687920773	0.16948386265743265	4.78589421618752	2.3687335030268297	-0.07923964666510586	0.3266559769180293	0.1624848827332364	1.516089372013517	0.08103010575837555	0.22635532950565773	1.3061970326087193	1.874889629836117	5.768230680435714	0.6813898427462846	0.6712608285826205	1.0224275472677116	0.802630357583169	0.14479141346553437	-0.38308134589965137	1.4826747852725966	2.8303066655053684	0.6757713165339201	0.9508225652157569	1.147994779654527	0.0	0.3549509291463462	1.0687576177275133	0.6165735319443826	0.1625342132695884	0.322950551126556	0.843886496145215	5.324929873037853	3.099533705014352	1.6352037719836647	2.682556952392785	2.9498368083239406	0.17381559558823678	0.7545578790392007	1.0056076764549324	0.9918474274561122	0.5485137411047512	1.2048925918699265	-0.10644027112876997	1.5885094403897515	-0.2997650668308658	0.25257972640623416	1.2200640935430052	2.0824013883326984	-0.2726150674227288	0.5294550798489563	-0.7263583885965672	1.1846762927137302	0.23029568459646832
2025-11-25	0.607096900030865	0.06556862683205655	0.44349488614598254	0.1208208055905855	0.15242854935362452	0.22751902154551756	1.1235004364407164	0.7588176583394226	0.8428612380157992	0.24260883645177178	1.2403061858848607	1.4797105902134078	2.101133611022026	0.5765601240952091	0.2796328236243424	1.9958373834300716	0.7057267872226562	1.0327209960909913	0.7088439578762382	0.7679642960551891	1.0693074270680167	1.2986658521751466	0.6442533080340662	0.5586690113688397	0.5652903122735136	0.5688831191393486	-0.26383118324581134	1.0166450912434866	4.553372962037972	2.724950317695331	3.0271867839894675	0.004373813824491091	0.9086481137269953	0.2674118631508706	1.44625661961833	2.0346760154588814	0.007373860091353102	1.1337951823064678	0.09302449383277223	0.7721495252985342	1.7034466524537994	0.3987308426889271	0.5889668228901934	-0.4358176246604565	0.023646077988141112	6.76515789968893	2.7882640565602514	0.13691065872523	5.032929167254603	1.8417087065570836	-0.0816042817179502	0.31027133385280425	0.1507115938881679	1.292816605352947	0.06983516355883435	0.215166774576647	1.5862437196057817	1.3937863228601248	5.528920844846716	0.6549681695220784	0.6217145053488955	1.087156076724626	0.7497057474836595	0.12453471093822444	-0.6185135899509282	1.2321646282043073	2.382696457275692	0.570011053173614	0.863767206340655	1.0399847497626995	-0.0902822727257103	0.35520690671235544	0.8881185981718769	0.6533059839479849	0.15448156674368696	0.18417319282038092	0.7357247550177517	5.111374188022062	2.844284582277714	1.563970718526817	2.3056842597166547	2.7957837660354485	0.14364069340252783	0.7127483581910408	0.9211079950220684	0.901335670154467	0.5654710540404397	1.0921361225681077	-0.17793765573340603	1.2408249909621816	-0.24533894693614733	0.07686479072215935	0.8322357885505802	1.9144010736299268	-0.44501818162862783	0.48914703057996434	0.4547726474033187	0.8452115760619314	0.15907471427109066
2025-12-24	0.5610851592715538	0.05529451822875098	0.4080136058696082	0.0895821395414621	0.12636591249155213	0.31828866757494667	1.0259078895187446	0.7129387042129265	0.8367868608422433	0.24995052693525055	1.351197248600021	1.5132147420488256	2.450198683839395	0.7117487145661865	0.25166280260972584	2.3257251255652305	0.7270174801795044	1.1140340662031267	0.7970353785545381	0.7030808859132709	1.1293434383347325	1.2582701633242541	0.5693777993490978	0.8569902007035051	0.6671104856312315	0.6204894704828448	-0.268964286569751	1.0163848479105444	4.69097049694658	3.2702597494281793	2.9912072735310424	0.033411337423886245	1.1122814138871817	0.6526681256690392	1.4827655223495793	1.7696760347098994	0.061302816484513745	0.9633017855797759	0.04804694114097874	0.6959125721104811	1.3683501312538797	0.6498162564205874	1.0034269115820003	-0.46597760335169314	0.049625136061278496	6.939711388793931	2.8607997015578093	0.10744029584567927	5.3314524234358736	1.8924986908622703	-0.041087669332258825	0.3177552101266006	0.12466244967117146	1.2873001033710239	0.058430458701069554	0.19453957832298752	2.7798341756661005	1.1772461753154868	5.953407701906102	0.7043492248721801	0.5140487152489794	0.9991107517335771	0.6825123094682621	0.1129331096340791	-0.7355027396883934	1.6884304032832613	2.8455513226719553	0.9757018230406267	0.9387962251769641	1.088479125650085	0.011654699814851031	0.3205136848415986	0.9801821180430963	0.5999835823312004	0.13964160974348072	0.02024608903120617	0.6710499283582088	5.50134546974131	2.9034839376656727	1.6145628504596399	2.3475934265350453	3.0165392611045085	0.10646891464267849	0.9770555729888581	0.9123590557739236	0.8326145707592505	0.5542336587669947	1.134656920344014	-0.07050728002545048	1.1637810121895544	-0.19948548155464607	0.14816211587779282	0.8734118066540102	2.018596442127576	-0.4932844327325041	0.32994178217599	1.1160712725457542	1.0034298024070063	0.42922238480234043
2026-01-23	0.4979429777401245	0.04368389027076924	0.36028441519069565	0.06423689799798282	0.10084601731451934	0.4227417309814565	0.9404606009044154	0.8554941598297621	0.7701262411898973	0.26138141404519166	1.7814050278315374	1.965021346685461	3.033950350859616	1.0296009373442663	0.23185529056051735	2.8802511355725766	0.8052992010212956	1.2536095042636886	0.8589621553445319	0.5946913830645635	1.2768687811259074	1.4701020143235772	0.5355122498741194	1.3397571989771428	0.937325449754483	0.7248702130863478	-0.4372918807278805	1.1301024294401203	5.489398489141024	4.2420077820327275	2.1256676486100297	0.2690662477732422	1.0198750903033726	0.9786611109375833	1.440807512417381	1.4193747495730982	0.12470928196430009	0.8516984288991027	0.15484591133210657	0.613567645572159	1.1865889641317744	0.8952482901051049	1.771048239528787	-0.378506449049954	0.11562385457949631	6.196017663621447	2.5543352288632484	0.11394327567290519	6.61407953235142	1.811806923807593	0.07163904840050839	0.2323842008488768	0.10145202489193905	1.43088421906109	0.04596725573501459	0.1644968294542528	4.943532701401821	0.6915253090905118	5.527922801556322	0.654030124197452	0.41559725696818406	0.9091382728559059	0.8011922110410783	0.10409152413228173	-0.5732496369842301	2.5869223381135935	3.8528532355553597	1.7379568100076348	1.095902264254112	1.253654491336837	0.37949242571570174	0.2660965640490175	1.1305731929238787	0.5443231667373272	0.1181673183718337	0.03381671315058998	0.6696400580781192	5.1102853566727475	2.6392811472146853	1.9496671185474543	2.7178541826850298	2.900436372382803	0.07263510192031153	1.362384971056688	0.6793874008680776	0.9103681499884111	0.5052828035042052	1.3037454152954808	0.23514011013089253	0.8849040177819418	0.11009432234982319	0.019154125685563628	1.25582364377264	1.8185898158449287	-0.23090254796236076	0.19220620213505146	1.5943475430208318	0.9950365500777192	0.5271585132895176
2026-02-25	0.5000877812271716	0.033302146581830616	0.3605761666671963	0.08113111284696672	0.11068068962522301	0.5789149544640676	1.0217598800547192	1.1769158825008912	0.755831206727712	0.2760332037619083	2.459115233460362	2.7998721113942544	3.470668827000921	1.4231872875267269	0.191630484234679	3.2951993742325136	0.8796399367456561	1.5228745182259065	0.9790110062258375	0.5971404308008397	1.5794106359367062	1.8070063569434112	0.8357343274931699	1.6341706582243232	1.212189222241725	0.879453621418139	-0.46008455557667727	1.5005931041261293	5.85982307368058	4.372137678641558	0.8453359493415924	0.7476175757080763	0.8049209598706728	1.1797784263745397	1.402423797442351	1.0374959471088143	0.22707026562865718	1.2252701141948963	0.5629531486105663	0.595014641956412	0.8496276366341262	0.8894077360551274	2.6537471658585603	-0.10793319573149603	0.1819448236392162	4.376354568806079	1.8028852879156467	0.20700731203452793	7.057167359194331	1.2778171347491352	0.28240891615617336	0.06375934277903639	0.09587454185453459	1.6456462512033037	0.03448799889925436	0.1518022731605373	5.346877710320774	0.3474654268323789	4.630270775887951	0.548240071728916	0.39243175119743245	0.9757277258810806	0.9530677243723815	0.0860464137394179	0.006170732964312142	3.0332434385816196	3.8689305151402102	2.3608905556352084	1.3794417245977382	1.5463646791557588	0.953332808874795	0.26199098792380004	1.3464462532611625	0.5812915425730742	0.10839158843638352	0.2820075795938157	0.8352389735027739	4.2876482253715835	1.9448141645310173	2.703392878277363	3.2083114588678416	2.466667086306792	0.053828310882760855	1.9694995970899782	0.27712784060124385	1.0240984753438767	0.4930729714536741	1.5911708564274534	0.6260907851728519	0.5720571127281975	0.665498914051045	-0.2143911889801613	2.031498253486424	1.2879804686062677	0.327883836759018	0.34417479564878395	1.7996863704329833	0.5021404036965045	0.9229526291415002
2026-03-25	0.3524451270280955	0.021851744054673716	0.2533985139948034	0.020520497530553516	0.05244269495220803	0.5587018634537626	0.8464255539274657	0.9212347439391451	0.4780987145237465	0.18465585056708245	2.2210571017795493	2.085946692609948	2.648522186932393	1.5231165507260502	0.05865004883140745	2.5124321821008735	0.8485721596339331	1.0889456058452325	0.6398405954497992	0.44153171746534503	1.1022351269259456	1.45672160864018	0.7929493177412938	1.3025502731132308	1.1316086430147143	0.5891421292824721	-0.8219547140301635	1.1911426228479094	4.513573202434866	3.2564792101504665	-1.0702504210357873	1.3452652047057425	0.07655591149648444	0.6949842209805182	0.833682558128757	0.31657538616149594	0.1085864831654666	1.1226363448019558	0.35993226388558686	0.36411558967865965	0.2780996943418881	0.20781027312032752	2.2266498113341173	0.7477966998241597	0.35211677353194315	1.048646286193815	0.4321284964805763	0.13287226681112896	6.401452360312237	-0.3400584804295086	0.33695005967235114	-0.1598898173749097	0.06513555718124431	1.186952774777251	0.022378378887721873	0.09415825515979703	4.317039808500315	-0.2679537201550559	1.3324217628379813	0.15937756868516129	0.26752978726817456	0.7956249263324098	0.6829204721899087	0.02297615358278371	2.5288783216613564	2.1977775054921693	2.725133698326081	1.7534370741608534	1.0668752406669721	1.1717075523620855	0.7636116632782353	0.182256622315337	0.8353641119139965	0.4630952726669403	0.06779966761744172	0.04019228712921219	0.5030746011503977	1.2449018110762609	0.8143161519238511	2.3900712113054796	2.37992359498295	0.846816201132313	0.030284949524602256	1.5589576727161898	-0.2901851977151706	0.7077584845751854	0.3005612105201374	1.202304496894044	0.5618875115533764	-0.009316454968693932	1.3210308278049485	-0.5153570700559524	1.5975643463331082	0.4828072776399175	0.18636651593291464	0.2966275646610148	1.0733006592356245	-0.3046056097112997	0.9571494265351319
2026-04-24	0.2809457962164099	0.012480899861829098	0.2004342864233597	-0.00939602227973746	0.02795999005540692	0.5558329438659568	0.7327886208414429	1.0930973772776436	0.40428709636015014	0.15777979324187152	2.5558890809124977	2.090848773632361	2.183597809309761	1.564311609628401	0.039057278804577766	2.070415115509803	0.873473796624398	1.0326312209280157	0.6023276133636566	0.3482293456006855	1.0347193340638094	1.59390358325083	0.7443875376126163	1.7338437811864003	1.1738960982253834	0.5752424897201935	-0.8593285800028416	1.0977998052019666	2.827812148489425	3.9542471759824753	-0.7126461079747131	1.4806746389960286	-0.021184930007962066	0.37217979148774916	1.3903821740783542	0.18196293264447228	0.08126699043329433	1.1083087467497261	0.28326894975903416	0.2735191081244337	-0.027433136133091285	-0.011798409170765467	2.391957207855447	1.38230514115564	0.4917405248561466	2.9276086701694766	1.2075436914873343	0.19292512694172947	6.473446821764306	-0.7313018221325507	0.3917432614259273	-0.11133092445149018	0.06018120546195388	1.1030049573145648	0.012396026077248656	0.06347600794657593	3.6835725758225433	0.20891635600967717	2.2828495467808523	0.27081238638886784	0.25005811322131466	0.6853876553682212	0.668681919537558	0.0148571570510867	5.081143855040924	2.7311393001935684	3.518643432676427	2.098559636049126	1.06028324377459	1.1760910100334794	1.1669124118229732	0.13604934391021928	0.7842198339423874	0.39588706167133386	0.04658103267307645	0.3152988523287914	0.4066633578347101	2.1207616820412056	0.7673730918452435	2.4430317359225437	2.411366653381714	1.327813180215628	0.033545139979005434	1.6016711459244544	-0.12921504144164508	0.7437475961132161	0.24988343109375855	1.213043601749325	0.6803563046025405	-0.15385462825491736	1.4184348093546602	-0.5546228731124847	1.6658288773893837	1.2107336857133966	0.16657024720640035	0.2724966349704676	0.5067613106642939	-0.3319547716699942	1.5709171777592967
2026-05-22	0.14732519497083185	0.003275054362848806	0.10225385387510655	-0.03949396328097787	-0.0072626846278102675	0.5591324791228587	0.5094159602285995	1.1210203545979365	0.25762690530422105	0.10494578641282115	2.937865208617964	1.7891747861321399	1.436876700804067	1.469713351207039	-0.013221955441076183	1.3597839761514692	0.9785780959452614	0.9968950761927129	0.5774687691388873	0.1702287218604166	1.0119470136792081	1.727416041145439	0.6257868262184783	1.9056476611795619	0.9948173588633971	0.5750866299440052	-0.9448702745463861	1.0920096563293047	1.7497765131837753	4.478137166849468	0.24367995679871868	1.5992130926528718	-0.05937948714801067	0.21312622372168732	2.551767375453471	0.043635108156777846	-0.009032974970271557	0.8741425774082119	0.2817681494059969	0.11601701881082915	-0.373223852267313	-0.1711482883941926	2.2280514528220854	1.9222075461642982	0.5895040714093245	7.147748123731191	2.9454091339430803	0.2347020895384322	5.936860560781333	-1.107336419074807	0.47570254801467304	0.0019744132001022763	0.03986709797670657	1.0909988388000533	0.00235949711207617	0.015341623602841414	2.9961657588147865	1.2903417717842984	4.346581349298567	0.5128076216802118	0.1659594643669382	0.4647304484679273	0.5097784243647565	-0.008526809790120105	7.109262494821078	3.006921968244267	4.257751120270825	2.1010011716508483	1.1020924748713226	1.2036235203093764	1.4350889380018281	0.04893468857484029	0.7398405482125092	0.2588070140237299	0.012213608319065372	0.5237119258573983	0.22650399154350143	4.0211654970939605	0.5608911938169392	2.7305980932605376	2.348608215402164	2.2626946963904615	0.0218188814722573	1.82466562171828	0.2180702313701497	0.7047533503303267	0.14187394170689505	1.2341975420626268	0.5912694823237132	-0.3778081396763344	1.563175985463126	-0.5810462287591172	1.4125565053601878	2.810720009769547	0.24565355597845162	0.1614255890289895	0.3052443714625652	-0.4021662158675978	2.045159765622609
2026-06-25	0.10873877464399495	-0.0033722572588064104	0.07436567132668426	-0.026162169161968785	-0.04219412905857137	0.4863489453330003	0.6012534357250545	1.0033462482195414	0.2382226836689485	0.07486205069391838	3.4011587676604442	1.7890963746068707	0.1951527305729801	1.025695049434999	-0.044095545598686225	0.1785615384335575	0.8908998245869655	0.8888589033154952	0.5451072086307001	0.10924605176945046	0.9189401065060139	1.8364339559974097	0.5102605579106791	2.4258503470121733	0.7430973363118567	0.5665098590193067	-0.8750546955213485	1.0466427095107589	1.61136124720408	5.43097499048903	-0.2579351449855807	1.20895455408564	0.08646046706155275	0.2378315428495057	3.465590828482373	-0.7376633566093016	-0.07321525327056744	0.6584117151990796	0.21782982506436976	0.08886263794702742	-0.8737293741347498	-0.2861959816881612	1.8415251453754298	1.6309170592610687	0.47219788249528416	9.131642149123415	3.760375392174474	0.2717319339757849	4.914879475252217	-1.7695436761519172	0.466829682494335	-0.0401406669076807	0.024203995939347744	0.8923986953606615	-0.004942941755045727	-0.019640911102688507	1.352387222740564	2.6420267702345654	4.559171086006842	0.5339760662944641	0.10135263515516302	0.5085469358665209	0.29334987164422976	-0.02074415122184603	5.832059163265043	3.6012384134305044	5.118971570695475	2.5079865309623397	1.0892506434193097	1.1910963440529008	1.7514137738200946	0.009596797778250288	0.6512205663804327	0.27613712150351205	-0.012327735984973831	0.6832534056036819	0.012990740169327886	4.175454924389463	-0.6671902343579781	2.9625884573788746	1.848514916341479	2.4470608319134186	-0.0037799557998079436	2.352407752395081	0.13112616181390457	0.6375636570869045	0.12798937190075632	1.2010042907548684	0.5913368341452747	-1.1699129448470806	1.221574261631531	-0.4717539122660215	1.7800196258795058	3.9495582080900746	0.22719845737158373	0.10641071480475439	0.5029375636107609	-0.7559336956361591	2.577766127861521
2026-07-24	-0.019156596679227533	-0.008821143597609105	-0.016915838407889128	-0.05942289969279224	-0.07786137557529796	0.46816681640989755	0.39011319840404246	0.5938183917522544	0.0942140605089068	0.039554682470604785	2.9170389945571706	1.4757158532806773	-0.6803293741195642	0.8394388508403647	-0.09924469232673205	-0.6532144609139081	0.6296755268473124	0.7513840679368062	0.42602214605667843	-0.02660991481570507	0.7778571307587416	1.473243701182442	0.39474994604574576	2.5806112399745986	0.6029568533657548	0.45521122136501724	-0.8831831522959469	0.8936747761918316	1.2445992271726638	5.263027853567241	-0.8526964643255859	1.2078008143391368	0.47417544392025945	0.44479051039457973	3.3588818347266827	-1.3089783470906813	-0.06797851040216685	0.5240952633872435	0.1446271936856185	-0.11541938160499132	-1.0414491184544739	-0.22619725844374106	1.3542654082155776	1.7407786787273007	0.48406519096803224	7.760620972867301	3.1962063113649073	0.3350241379543335	2.5747805579022804	-2.276853422653737	0.5005013291829836	-0.04104236146563567	-0.0010283919580140743	0.6760258824432013	-0.011211841193663918	-0.053929220420040336	0.09960231761708371	2.6211884770536464	4.332015256726507	0.509240818258359	-0.005822786355534237	0.3029999134325194	0.14596614399417085	-0.044256484547825936	6.33295606769825	3.5321542030713715	4.443752745978969	2.747751041841477	0.910137364212412	0.9828176943644893	1.6638071072509013	-0.054219343518605356	0.5565869312984901	0.1529554956007378	-0.036330991890246356	0.911002864069669	-0.10099502446842146	3.982840943192528	-1.5090264988248272	2.4636648761741107	1.1362350605860172	2.3537773697919953	-0.023659077972815412	2.5842854323122175	0.03795494466314331	0.45892724195096823	0.024098102233133467	0.9776068086390755	0.4982809243960111	-1.655269632181998	1.2515598886347732	-0.24763774655435622	1.7699044186492987	3.8552277488625517	0.1843614969517362	0.07445989860648439	1.051639756609612	-1.2331921175193319	2.0454966894709834
2026-08-25	-0.07799569213202928	-0.011943280256521138	-0.06010010743009908	-0.07660185191764513	-0.05729095628609468	0.4041994892219174	0.23383969388703285	0.5150326612144251	0.011761177661631095	0.05446829932884856	2.680848936866889	1.3332068884430228	-0.5684223532430899	0.9239049451982098	-0.10073613165969642	-0.5471325620640606	0.3932040240534982	0.8547082997593591	0.4904311500512195	-0.09044895045637746	0.8881629795292216	1.339913942839452	0.15613562546444903	2.5904115759566793	0.4635303874932877	0.4297827650387527	-0.7312256720914019	0.940063736743765	0.6174364040574751	5.1636838972896975	-0.9312219262545796	1.263712100494387	0.8439310174738459	1.0142891550394983	3.261049319921	-1.4081254511267254	0.02932470300009138	0.1190278515140708	0.1661895745964186	-0.22435247085090637	-1.0114127084029358	0.38721449923713624	1.6808534679835212	1.699012967170391	0.48707555377352674	7.200153091613366	2.9665696045746053	0.31758018280040856	1.56274182408377	-1.8635537179043418	0.6103160934127421	0.04221859365194369	-0.01155984483247452	0.7329639280615101	-0.015172405369452857	-0.05827671752882324	-0.17001701474449682	2.3194157417978403	5.043280573379306	0.5945314620943094	-0.04977679011085212	0.1633027824554949	0.12836637100498205	-0.04338568739463766	5.867212615090933	3.6631487036693002	4.441510570185869	2.948349630082392	0.9304979431462996	0.9890091861168937	1.7542159460037832	-0.07901980555736987	0.6978711256075538	0.07646974352064861	-0.03902287926787862	0.9237823363774251	-0.15312556003497968	4.648580780068556	-1.693979205629379	2.306162246216765	1.1242471939960748	2.7149573568437013	-0.032425386865048145	2.884298246609207	0.12042170863341095	0.43188137691213946	-0.02987430071902919	0.9883129801909103	0.5596947032227586	-1.608004576572739	1.3885963106302937	-0.002564646824978478	1.3983865908973883	3.739953781153126	0.2876731164211366	-0.15146926344599532	2.1342678427444373	-1.058577325329141	1.184046076382744
2026-09-25	-0.26641699702659727	-0.014530738818851585	-0.19549711000252934	-0.13570513656465066	-0.0811056674080638	0.41737643678806147	-0.02055278735405297	0.4296325694177696	-0.21871924491918726	0.0059949473128104724	2.5197540327286525	0.5136421671338951	-0.9962876010510957	0.7588918429105544	-0.2087121808833179	-0.954593792340857	0.1936425911979729	0.6394747875773357	0.38661374239058865	-0.3187042229188368	0.6700221208854442	1.192770246719209	-0.2541551735208669	1.8785389546426927	0.3286978377743721	0.3067221748771942	-0.7282008592975704	0.8689799527619915	-1.4132032070175775	3.6500476800741772	-0.36792339798426	1.2042198611583323	0.6593579879598988	1.073611501703538	3.5476827399585087	-1.2737729882772015	0.0019394806526511488	-0.5063027899989656	-0.03065305938574525	-0.46348312818326187	-1.1125308098234825	0.2892213944960451	1.2408625752602536	1.9163482281621564	0.5354979570767164	8.018441939775101	3.3022406388357908	0.16528630494478835	0.042358599756673776	-2.4597638851332864	0.5300648389928571	0.1260695554395581	-0.06495940380041976	0.573478444481692	-0.017698268363345093	-0.1119932147154914	-0.6633319484798186	2.2082105004843573	5.1304915325322185	0.6063578563304413	-0.27127591235192594	-0.10410827552532931	0.0037700155835711513	-0.091355061884836	6.464060929180434	2.524028914428463	3.052706777260479	2.033929441330679	0.7417110972425913	0.8024796927750266	1.799967285253877	-0.18783019025198433	0.42891167789418105	-0.0881199042936816	-0.07712819537775006	0.41762400484694506	-0.3633113448999725	4.736427280124573	-1.4059565599337507	2.1215602900892634	0.8037855105699965	2.634544285895995	-0.0832988601189284	2.4124849182283477	0.3171899845976629	0.3490672908738661	-0.18796326143872744	0.7988638685431493	0.3384832326539353	-1.5033379292611357	1.3646191324061725	-0.07499098796866965	0.40544776711847064	4.209303439321175	0.060139500590870476	-0.5239311483880496	2.4052073900196334	-1.4018912536251849	-0.07348789311856585
