	AGG	BIL	BND	BNDX	BWX	DBMF	EDV	EEMS	EMB	EMLC	EMXC	EXI	GLDM	GUNR	HYG	IAU	ICLN	IDEV	IDMO	IEF	IEFA	IEMG	IGF	IJR	ILF	IMTM	INDA	IPAC	ITA	IWM	IWY	IXC	IXG	IXJ	IXN	IXP	JEPI	JXI	KXI	LQD	MCHI	MOAT	MXI	OILK	PDBC	QQQ	QQQM	REET	REMX	RXI	SCHD	SCHG	SCHP	SCZ	SGOV	SHY	SLV	SPMO	SPY	SPYM	TIP	TLT	UEVM	USHY	USO	VB	VBK	VBR	VEA	VEU	VEXC	VGIT	VGK	VGLT	VGSH	VNQ	VNQI	VOO	VOX	VPL	VSS	VTI	VTIP	VTV	VUG	VWO	VWOB	VXUS	XLB	XLC	XLE	XLF	XLI	XLK	XLP	XLU	XLV	XLY	XMMO
2021-09-30	0.0	0.0	0.0	0.0	0.0	0.0	0.0	0.0	0.0	0.0	0.0	0.0	0.0	0.0	0.0	0.0	0.0	0.0	0.0	0.0	0.0	0.0	0.0	0.0	0.0	0.0	0.0	0.0	0.0	0.0	0.0	0.0	0.0	0.0	0.0	0.0	0.0	0.0	0.0	0.0	0.0	0.0	0.0	0.0	0.0	0.0	0.0	0.0	0.0	0.0	0.0	0.0	0.0	0.0	0.0	0.0	0.0	0.0	0.0	0.0	0.0	0.0	0.0	0.0	0.0	0.0	0.0	0.0	0.0	0.0		0.0	0.0	0.0	0.0	0.0	0.0	0.0	0.0	0.0	0.0	0.0	0.0	0.0	0.0	0.0	0.0	0.0	0.0	0.0	0.0	0.0	0.0	0.0	0.0	0.0	0.0	0.0	0.0
2021-10-31	-0.007530032427212063	-0.000782454740217986	-0.0030903120672149953	-0.014127103208345204	-0.00589871589333768	0.059149939332026946	0.2403702521371116	0.05808311624495843	0.012358120827485664	-0.020787750246483938	0.03139490202042339	0.30292537480666226	0.0718460421509235	0.15959929783973692	-0.016268827457025736	0.06868702328354459	0.23838495882594302	0.14326444783669245	0.1169613231641371	-0.03794705180152391	0.13028199513269811	0.0790040626161499	0.13027787933424406	0.20874045706371191	-0.06608829856700282	0.11071653378926527	0.013401203420514207	-0.03231747794023221	-0.00696535368682305	0.5426145705635861	0.8961185176281106	0.15607957818301088	0.30378803263040766	0.20390767699039714	0.2409671782447873	0.023735523700409544	0.11813829057580705	0.19256838027156675	0.09428424637838617	0.017034493361023806	0.19447477244904832	0.15661182502881843	0.24772972642334423	0.1547203777261501	0.0499648518469904	1.8300913870771751	0.7521795968423532	0.11493259299439984	0.9688025584927402	0.9852238980384413	0.06047381315272915	0.10849185090048508	0.027270918688063972	0.09820038887974647	-0.00031894341688598615	-0.019054523725216654	0.13979240367160628	0.2669104798590496	1.8751810897044834	0.2198489926851508	0.11298981371713523	0.1789873412843832	0.005492973227127607	-0.003007061004772993	0.38937055902702156	0.6387762458588782	0.91215285271727	0.4559602868895638	0.09962314436789654	0.11163774784401426		-0.03222568561282202	0.2029060586875815	0.08063834775629175	-0.012437797687077534	0.43991022978259764	0.08656604260862366	1.7200335812142953	-0.00029884315839012743	-0.03910621672741854	0.28654221552567094	0.9284151516026498	0.025245304064782204	0.4441181664236922	0.26060154935168356	0.07146848937479433	0.0034399166564256234	0.12107740969675262	0.19277282138705942	-0.021357520069969382	0.18105162434276068	0.1789356163987037	0.398121409702469	0.3930466656157847	0.12717003559131967	0.10108244019146184	0.3476293689089971	0.717733781480149	0.4063239334509774
2021-11-30	-0.00454967390940908	-0.002221061249983336	-0.0015393669075223215	0.0021451527751281674	-0.03414176972591676	0.07218218139555077	0.679160831870874	0.008453078804038228	-0.11737165095973978	-0.09434475752600235	-0.08468259378907561	0.288543305624259	0.10996152599110331	0.19754225908728174	-0.08579907160554967	0.1042434220706383	0.3232453006561258	0.06477165609169333	0.14634876837217803	-0.010142589791911405	0.020150978881709136	-0.037093901204734436	0.08521899792842191	0.316061724075098	-0.20250053825591507	0.09335613978804247	-0.088467192431807	-0.22811936329868843	-0.4082347904870005	0.5176162133797106	1.9580615732772912	0.16588208092736778	0.2230300909481855	0.2223081411633956	0.6076146030365877	-0.11521943705429294	0.18245076088722811	0.27781133073712283	0.12613885052869023	0.004112125334998495	0.04086418879403908	0.16233964052756278	0.3358516394941944	0.017470268954863144	0.02778729262193025	4.15378587055767	1.705578385066957	0.18732355467416895	2.134418065391884	1.6954659480526288	0.09264422300688224	0.21422415920541837	0.059348314021676174	-0.10090856110629431	-8.088851799925578e-05	-0.036405189095191304	0.1709750574639699	0.41476101349435623	3.478446979757223	0.41039205065532514	0.24822605325182678	0.5334113620661611	-0.09883804976706756	-0.030913642242555994	0.07988042077464286	0.6719425239052157	0.5658630662651944	0.6475647262135737	0.03141833241505054	0.028805907160730726		-0.04606065868363629	0.1516001461074694	0.2613825404792749	-0.023935186442514578	0.6816303240150745	0.021018398545521677	3.204320453168691	-0.5034493857612574	-0.2773552116683504	0.10652310798809594	1.6163837387799163	0.05281625597934436	0.6219898010396463	0.5320935289731352	0.008749222461375439	-0.07711752328989974	0.03883864129142722	0.3641791135656405	-0.30670989775663315	0.24235380742391754	0.18918612520651834	0.5627465360705202	1.0083971691878304	0.22722875554033806	0.16539132413808844	0.47276795584751596	1.4921030298191198	0.7545213659621339
2021-12-31	-0.015802763802625464	-0.003692780756679781	-0.008192384631541927	-0.005411980838054831	-0.0570451976969899	0.09219894235806692	0.8567355093437357	0.1055856923678391	-0.07388171868170446	-0.12684997805850884	-0.015005313939241205	0.6272223469330669	0.20239259822068334	0.36692873510355284	-0.02765874014583858	0.19351921447504594	0.20678828088356482	0.15691357210051393	0.25656568752725306	0.005076384122943978	0.11072586672014495	-0.06971454867517934	0.20247181790792723	0.6289961545201379	-0.24831338640241185	0.16775677412964995	-0.08999894733354097	-0.29034409383044846	-0.46552951764755335	0.6199771737607875	3.0719297724980663	0.21332279563678114	0.32731802184487435	0.663907122107048	1.0564869308558116	-0.16440618700200105	0.3807891090451818	0.6455523326927803	0.45529126549742216	0.014287322446364215	-0.2726796831055438	0.3681978461137021	0.727608602720025	0.09291649420988435	0.049004106783868906	6.2471571589103405	2.561673792342418	0.3609919376614279	2.647316880694163	2.294201948368226	0.2175395332863168	0.3156018997935881	0.0913108421415103	-0.10447748352176234	0.0005529356471072333	-0.06291656855772487	0.20437160484709338	0.592517785571431	5.9855574066057216	0.7042778610904392	0.38224842711255747	0.6783561482513534	-0.03416435002242224	-0.003903264243476201	0.2309361469821809	0.9922383589641584	0.38878583214540186	1.1504064736159876	0.09957158683689471	0.08700843891434573		-0.06543633278466388	0.31579363451925957	0.33243953266213566	-0.041242463089105286	1.4384155239346086	0.04606449238642796	5.503537057953167	-0.7513198483218559	-0.34407620365870173	0.23079660236086852	2.6395471270398616	0.08121857570303348	1.2860398154230097	0.7949997254445194	-0.0028908627195960435	-0.03537130439014646	0.09948741375591652	0.6733009099548468	-0.40013624279411886	0.3165382143280766	0.24870496363875105	0.9492146777346591	1.706742453734961	0.7263117448899479	0.3930310748637247	1.3375606835325016	2.0514449193150597	1.0140414000979376
2022-01-31	-0.18079194442319135	-0.005083376790466332	-0.13178548531480772	-0.05791988788491409	-0.1247966223959267	0.12118982230177267	0.5784330749308708	-0.0024894513903248594	-0.27259040052703654	-0.15153951865869786	-0.015712258497686094	0.28890310916166584	0.24004641432492946	0.6201440200402004	-0.12364838040436155	0.2293739810833202	-0.10232698254345252	0.017176628093544366	0.17977680307472	-0.1580235673286552	-0.06393928772377677	-0.16978957495398816	0.24906403503725727	0.16290700169003003	-0.16798178111923434	0.04888595449586575	-0.12655339265650412	-0.584029630449443	-0.6721976301709702	-1.1508766678351208	2.5657146177863126	0.5442049093751429	0.46147293253184785	0.48487771548194303	0.9082730952696423	-0.536719700843193	0.39234069974119024	0.7733693691048416	0.5716318995259542	-0.29590148197235067	-0.592218344460214	0.3259274402612391	0.8072413926172999	0.41866512040475	0.12921534541168533	4.432063109729654	1.8206419953314423	0.34721585222191464	2.1699211851355784	1.589295708509951	0.2557849179231688	0.20901853729915842	0.07075380723958347	-0.4614867802940168	0.0013241129621661685	-0.12253416695753572	0.19335661908575474	0.3556144950561233	5.508237908040087	0.649136128134387	0.2938799133059291	0.41999540062559504	-0.06003947135801724	-0.048911300402014746	0.9459867193938933	-0.32113758006033777	-2.976380385815844	0.8520928932951506	-0.011403033625470016	-0.009045001419828225		-0.15468652747649259	0.23761339643824186	0.17312512432117444	-0.08287041653895955	1.3241589888380076	-0.0376793596868481	5.07220430287191	-1.7914982505493526	-0.7021693802735882	-0.29957937336395446	2.045589276296738	0.07942141738384123	1.6187076140717664	0.5066809818236351	-0.04043037458530563	-0.1639409925119537	-0.0178373274875554	0.669357536732889	-0.8788016000932828	0.7158405678645998	0.2716099306286992	0.8465288281159786	1.6213374195841084	1.024672781293205	0.4671665172743822	1.2085024399755042	1.5711021792621835	0.504323026710594
2022-02-28	-0.4220603191483008	-0.006986809100595792	-0.31291425011369256	-0.16175799249720058	-0.19984106422976922	0.18628855697501123	0.006350403502281665	-0.18217113078070213	-0.7541491787474115	-0.20630163924785094	-0.08363411575486879	-0.14357718604154002	0.4291122433573378	0.9859996054812754	-0.25453073845055485	0.40976283269561264	-0.22810798703447688	-0.17319775818728544	0.052848547041246974	-0.3456270701833404	-0.30124599096981086	-0.3316058256309873	0.34173335013965556	-0.0761934906958146	-0.020787089411243187	-0.09649659746007444	-0.27403033779362573	-0.7772797103442102	-0.196796931140355	-2.2679548764643016	1.7163073146253964	0.8851474385950944	0.4644522868950105	0.3160768551087614	0.6268826813713204	-1.1344909627096484	0.37356508972710145	0.8170458092211064	0.6307235882376006	-0.7633663817505294	-1.0136872521315539	0.2445713067105828	0.9690601438005046	0.8335903156122235	0.24948703372860237	2.09125089506864	0.8687080989324727	0.3033030900848175	2.4392420019352983	0.44466793457166887	0.2526727507723159	0.08640264546122367	0.05714321419330659	-0.8268101206004914	0.002274235768794597	-0.1993153488229069	0.30694826032995337	0.10902064500961473	4.392543141735018	0.5178205026102134	0.23644306135409465	-0.05071425285940734	-0.05579902244350876	-0.10916629451130078	1.8601998180954027	-1.113510384829624	-5.415345897555312	0.841597203812114	-0.15143849147214894	-0.15640478365376964		-0.25747408654037685	0.006210351100655487	-0.10376430789972346	-0.13690491083021783	1.0548270169298632	-0.1442611053466365	4.047400415949028	-3.0302032158350016	-0.9378704390042714	-0.8068462110599199	1.2961916559093254	0.10393528982366718	1.778054822764318	0.1609134002860273	-0.1335114094115113	-0.46414332204653874	-0.17858470270682147	0.6397503450322617	-1.5957059725426888	1.1445639925213058	0.2727303750231087	0.6593371480311134	1.3377973919768493	1.2054879042021511	0.4801210348198346	1.0379626357267142	0.9757036526731184	0.3602681694179495
2022-03-31	-0.7954425286122131	-0.0059395913459638905	-0.5905493411679004	-0.32109295845823027	-0.3416076985601215	0.36945132311743833	-0.927619811074976	-0.2632818401962709	-1.229081888607766	-0.29337705010815185	-0.17658449839694867	-0.19785918808587155	0.6206784210506342	1.502032679118173	-0.4028511138338189	0.5934994385654804	-0.2020525898509291	-0.2723773953030175	0.01544709268420874	-0.7747937265403948	-0.45997781575964325	-0.5707562691107952	0.6213535031254551	-0.1146515014155085	0.3084060206938162	-0.14344974736517102	-0.3100996481638916	-0.8809426724736014	0.39536282459368977	-2.698031301181004	1.7360770807779318	1.3448339861445255	0.5194876650411402	0.5338031120540592	0.5639637086694549	-1.544230100918412	0.4771437764242563	1.1141080309196028	0.66300170391618	-1.3108508361175524	-1.7129596643964717	0.34426801702034027	1.4708421502978553	1.4992810625812254	0.44633743731900033	1.8369579818129296	0.7621946951232133	0.37089601416716533	3.2793026309030324	-0.31167230412978597	0.3142487888204464	0.07491807492915115	0.02818136092240664	-1.0963116937880883	0.004728395174922184	-0.33392596045203504	0.4268663808628439	0.11959242928951141	5.075542000515327	0.599335146957074	0.11586136444670103	-0.8681677599390696	-0.08451139255836182	-0.17799130655842532	3.2766959833954203	-1.2439582248153442	-6.6988161808163795	1.2129037735977874	-0.2276670993663643	-0.2818761949053652		-0.4690839290600124	-0.17089822776064523	-0.569767742270642	-0.23152013006524896	1.2760279643086534	-0.20108435361145638	4.679104894541524	-3.810220479091896	-1.0891536335276584	-1.118809405014261	1.4406464465047009	0.11401185427388327	2.321035384727722	0.07609859180033851	-0.30840857174621306	-0.7771956097662027	-0.3020998233272181	0.8185269596768876	-2.0290529084143145	1.745362718604465	0.296313393345109	0.881377628067753	1.3687550592652258	1.4149813064683059	0.7416765981737967	1.507907354642981	0.9211424423164516	0.428999565455328
2022-04-30	-1.3269513566605724	-0.0050566967719447575	-0.990248246791765	-0.5288861802160909	-0.5735889331197619	0.6788679017266759	-2.5385797984302343	-0.5132148940285717	-1.9387599286186372	-0.4430355244206474	-0.511514024148461	-0.9438033891693749	0.7051431520253857	1.7460972295786163	-0.7017868224337462	0.6733841642445739	-0.36285676528015287	-0.6560837365493271	-0.16148440788226992	-1.375457439558886	-0.9176395028573978	-1.0225729730347695	0.7443151847051368	-0.7464931958641898	0.32890735145925376	-0.38352966868762195	-0.3947026867068786	-1.2698009596874158	0.31940179430681326	-4.461035258552386	0.2928660686908131	1.6454645099186251	0.051139099605109095	0.4362266464329565	-0.0004397865070373541	-2.4880564203275526	0.46794970485630216	1.214466067806903	0.7310526786646392	-2.210080497619188	-2.5550090069773006	0.019825802069107112	1.4195934563048667	2.0600535555762747	0.6508614768280889	-1.944767045553192	-0.7816730153976152	0.3456055475575326	2.214782076631849	-2.0412530025080855	0.2964600335903178	-0.11697339171515964	-0.03498844580795435	-1.6323197705934547	0.00849604905454271	-0.45755228122965264	0.38590363232116687	-0.227958822764613	2.79145712681526	0.33235290627369807	-0.14778946531588133	-2.2413915080914677	-0.2569019045743062	-0.31380896782034284	4.46385295500189	-2.5757443566851066	-9.644063047466489	0.7213319685522208	-0.5198953154549457	-0.6546101351960303		-0.7218531699341781	-0.5875704685065557	-1.3605960926131644	-0.3188573099461607	1.2648679998579837	-0.46094658894780594	2.5863049483970713	-5.7077205085117555	-1.5762701091237972	-2.0054285049634473	0.08945842358761524	0.1152343256516204	2.274970054455011	-0.44591426616040053	-0.6605878623622559	-1.2548829090476943	-0.6845967554687249	0.835064616378915	-3.071701943771501	2.15304041197194	0.03622975578093701	0.49587861041872827	0.7251373969421451	1.7495714328958698	0.8720795166558091	1.4433344966805635	0.10699037422963897	0.16107548091092383
2022-05-31	-1.6809425692837294	-0.002193813716274917	-1.2582664344441952	-0.7075159133133866	-0.7408592840098613	0.8990924350271818	-4.019790960073934	-0.8236263483670783	-2.471682757119737	-0.5375157820576852	-0.8203518846006332	-1.5857777734963179	0.6804884879554152	2.0588245421763176	-0.8806816178406649	0.6487505663240896	-0.4223172294866977	-0.9068507631765712	-0.23867939190148135	-1.7761025556194312	-1.2174920481510583	-1.3696791123140883	0.9468660847749533	-1.2060176436441736	0.4656080277372965	-0.5464874478815567	-0.6674077232198812	-1.5247273953303875	0.06362318004927658	-6.000205552063846	-1.3481677190077335	2.1857744881089047	-0.23143016108626568	0.3745315061944723	-0.5354965286763615	-3.1740339809236247	0.40908265149464995	1.3981176853901331	0.5940194509422554	-2.784279733510516	-3.083664369407373	-0.3212047418559223	1.434504823310462	2.737733890508686	0.8550071751373114	-5.9387072490465584	-2.41339751552664	0.19358848344798218	1.8315913656740292	-3.829393058287053	0.3200401811033622	-0.33498652312732347	-0.10444223136024533	-2.0438469772177754	0.01443393295036799	-0.5179171402086666	0.25197937994482444	-0.5121614646111112	0.3961752602716615	0.0530748627705151	-0.4397089480330578	-3.450073513464247	-0.41343651698246475	-0.39704974330725307	5.963022499034757	-3.828404737890196	-12.612419495365032	0.3656975772299518	-0.711741582212845	-0.9035669056972537		-0.8820855985993603	-0.8457899082650115	-2.048436565415855	-0.36155931760897886	0.7578221816127666	-0.7358861117444846	0.39849849230279233	-7.211597876529865	-1.8901141391607155	-2.697679429992391	-1.3186921059469228	0.12927116370794067	2.2991644259795976	-1.0212624901132514	-0.9391071157483708	-1.6021816375984699	-0.9460965747916319	0.8536558925771658	-3.861768862186082	2.8460816830761217	-0.15662309067678137	0.04212694372675685	0.06443227334283108	1.701759281394331	1.0404769133161302	1.426374174989391	-1.1105611205006625	-0.22930778446858824
2022-06-30	-2.090376150777061	0.0036973238462110203	-1.5679644922724236	-0.9256236515176397	-0.955697827575321	1.1373762082667653	-5.400274571573718	-1.3797978821143317	-3.2298552766946074	-0.6692846495369977	-1.4458370198104333	-2.736775143117555	0.6034237567591489	1.8526028749898202	-1.343146553651323	0.5738646528478739	-0.512859922766399	-1.4506582194527695	-0.5089011376097368	-2.203985782004807	-1.8179129094511381	-1.7803867929722514	0.8400782976131467	-2.130785843871166	0.28444135611365695	-0.8490899306500985	-1.0252854743057114	-1.9919326466280225	-0.3917991978894406	-8.156810637604082	-3.286286805261227	2.207093260641308	-0.9273137992548044	0.1050446180202016	-1.287610655905894	-3.972525329318813	0.250863229843155	1.198822928256611	0.34037703606134073	-3.505038848101819	-3.0826953591938135	-0.9253702812549278	0.5499872580672758	3.1184982205281884	0.9369482900095676	-10.689552895890245	-4.366732813091318	-0.06357860974269158	0.43929793838243825	-5.7791687751187055	0.2046855212648886	-0.5764787192414964	-0.21807018507189468	-2.758578832520662	0.02353691159980542	-0.6036158249901291	0.05326473826506728	-1.0395788784161226	-3.6829240209535214	-0.426064894111704	-0.918123290992412	-4.59894805821898	-0.716406819913324	-0.6105307942690565	6.81561719758637	-5.9689257143825785	-15.914505995004163	-1.053431233379058	-1.124567928986039	-1.3500794296849463		-1.0545357716156545	-1.4120462356469545	-2.710520125115721	-0.42220380613940023	-0.11140172963413875	-1.178854812123305	-3.3445053320556895	-8.877290058797001	-2.5061555334721817	-3.966923138534142	-3.509719013895449	0.08597373086178806	1.5279406128163089	-1.6710408911676566	-1.2207056389145023	-2.104790569124056	-1.4208716084905149	0.4499878053056392	-4.806480042099892	2.884905112272179	-0.559174205940451	-0.8028988361075875	-0.8670276635755556	1.522789917262081	1.0122661101431767	1.1226425986066886	-2.5287917529254003	-1.2159884545201152
2022-07-31	-2.2026285613883942	0.010601496043804559	-1.6617313754107528	-0.9741087575114449	-1.0837580849322848	1.2470035532813384	-6.189984401944244	-1.7334453777652783	-3.6215875002914686	-0.7740533057229086	-1.8005192610701428	-3.061469489095529	0.43782602773461576	1.6942849507698057	-1.4187745341364177	0.4139181185211456	-0.38551205477696016	-1.712801725525452	-0.6477158414754456	-2.28737929289872	-2.1025953819914562	-2.0989896371041823	0.8325445451557272	-2.2541414130141533	0.17240625466441273	-1.032402997561885	-1.0774115891504792	-2.1668067486956133	-0.44938798232050203	-8.629885466595368	-3.8596895866794227	2.281382403281036	-1.3227772684425645	0.0860735266583248	-1.4988558007299702	-4.537969113714553	0.2520082293723718	1.189268910317196	0.28698521122908716	-3.717717166020819	-3.417412624915407	-1.0058078713185665	-0.09078462749917549	3.2356886022438616	0.9369269911289919	-12.11760974783516	-4.951194705403651	-0.1539095023591308	-0.3703700580812068	-6.39019369474434	0.15780070541430646	-0.6461064574703883	-0.23769967708366124	-3.097066641054816	0.035065291533072696	-0.6374970833172284	-0.15454645268464162	-1.2111066726767632	-4.779669736174981	-0.5552149855030919	-1.0073513381165213	-5.19617178421602	-0.9726893034560788	-0.6504995057659961	7.064789359269874	-6.451664118342904	-16.87515991910962	-1.287919727774522	-1.3269648694461011	-1.6045170558632265		-1.0879815430987207	-1.7179318306856928	-3.041214762527403	-0.44656815520161075	-0.35954592332396373	-1.4432417364949188	-4.350200140856032	-9.893386518765425	-2.7640337629805387	-4.607333756900658	-4.141995513698106	0.09964165399480152	1.2861251463516936	-1.865629218633373	-1.460431937112304	-2.3382136947888412	-1.687414286859493	0.23636560910983206	-5.3692071899621325	3.015828191028035	-0.739994667092418	-0.9587639166627753	-1.0549126011956673	1.5295496746977548	1.0932307183733627	1.1702682218333962	-2.857403099541955	-1.4158408035106191
2022-08-31	-2.4454110036534615	0.027329746809513722	-1.8419616554839138	-1.103578295024576	-1.2517992141593197	1.3552533814251433	-7.053295735706357	-1.9430024087490452	-3.9718125393175683	-0.8444676835241047	-2.066776147898942	-3.464117010691268	0.25550699641907215	1.6609689174861941	-1.6192335280359273	0.23715990451643165	-0.22990499855171365	-2.063626097875485	-0.8017174596859071	-2.5644852666288642	-2.493407164189037	-2.35317694790227	0.798601127935548	-2.4941963937377807	0.17499339825900506	-1.227141032735883	-1.0341781932166043	-2.388339577910415	-0.44604989983045584	-8.922278628882907	-4.521020941261497	2.449568337741937	-1.6830858133862705	-0.2892782491680208	-1.8079292010155683	-5.079013118563168	0.19574212385602863	1.1949059292057669	0.14322263059956697	-4.104515728217862	-3.7170856467027633	-1.2246732005502992	-0.6640041533105858	3.2015286165077725	0.934018188353777	-13.776050586447411	-5.62785781473886	-0.30660518247806223	-0.5867594958263709	-7.02470258543579	0.10097848805632381	-0.7249608477874574	-0.2808055720417215	-3.5074576379213838	0.05714870596069943	-0.697728083445341	-0.4286552737035372	-1.3629471176685755	-6.1808274468487525	-0.7194498787020365	-1.194986882290138	-5.931443866593369	-1.1784475877088312	-0.7358920248121343	6.9650319165280905	-6.846981339821383	-17.52323490922231	-1.5418947221795634	-1.5956767521387079	-1.8982650111404595		-1.2069456748047855	-2.155078184508703	-3.4589405888028324	-0.48816185254729305	-0.8205553468548459	-1.7742928653665047	-5.643882656199253	-10.784898168884766	-3.073348695966324	-5.292734785873776	-4.839519298085094	0.07797067629738308	0.9737947906311462	-2.0746561876071965	-1.634571266171477	-2.5555320233079826	-1.9948024170850331	0.03618974683543996	-5.882441923466459	3.256260659668804	-0.8786092367368923	-1.0801223941723919	-1.3907680620732492	1.4632012256666016	1.2133494332543506	0.7067115031687763	-3.1424532886767196	-1.5939484289884263
2022-09-30	-2.9064241557969837	0.0531155908086447	-2.1828357379334875	-1.3024285709055903	-1.47612419470979	1.5470147900357532	-8.296292966608362	-2.412515506126738	-4.574489343370814	-0.9602719669228641	-2.6049241641972003	-4.535896314369751	0.008004583139850752	1.3429059955819653	-1.9451358224817525	-0.0007518905879564386	-0.3293784641558233	-2.686264456557417	-1.103668982272513	-3.097973811431004	-3.1809975024067327	-2.902391132036584	0.38389065594392235	-3.4127841708601068	0.10864661766004602	-1.5637126828588563	-1.1632151579106775	-2.8632364294489605	-1.2431597483066383	-10.440684990223218	-5.998279765355022	2.275277702400011	-2.333625877749384	-0.8180350687251803	-2.48600784518748	-5.957326992112186	-0.04897700130074156	0.695564514379079	-0.29364407274718474	-4.8240737417833515	-4.383730119330629	-1.8879811273470608	-1.589248226893261	2.774438611740031	0.8342690260002232	-17.291312495181103	-7.068269605871535	-0.6448922484094552	-1.6864006898508705	-8.394264664590594	-0.06949140911323326	-0.8983289615087955	-0.43908327926461865	-4.226755967178626	0.08923529367864091	-0.8045803058283951	-0.5962654449613538	-1.7703707452751232	-9.926038679992303	-1.1591157548434978	-1.8612788188029015	-7.05568874721547	-1.5741571282722973	-0.8810747517954738	6.092427305576649	-8.485042258494303	-19.38907628780555	-2.9181468292792374	-2.077293077763912	-2.4484369321161026		-1.4296465753414225	-2.8448348142091646	-4.11079092704486	-0.5624315284509862	-2.0189697583085575	-2.3900031604532117	-9.07651507022399	-12.213193081079524	-3.7312646740989734	-6.585807048241435	-6.705289991758434	-0.040950707770917916	-0.04900867941259435	-2.532746083278255	-2.0378124940421642	-2.9494296554594754	-2.57522657749098	-0.40640002877709236	-6.6842715161238075	3.1092528490649265	-1.1686493387482813	-1.902095669037891	-2.2533235459965795	0.9946610161558098	1.0291584468178208	0.09472760602601227	-3.795593354365039	-2.3407772322491667
2022-10-31	-3.3204916260663424	0.08277751156811064	-2.484223475518604	-1.4223261003242342	-1.6270993189842216	1.6909016176507343	-9.723785280807547	-2.7351670500953063	-4.989858102347881	-1.0434857468099743	-2.879515142051254	-4.6285650820038455	-0.20998679320992863	1.3490161487959185	-2.022470960017877	-0.21011315796272356	-0.43884940350647383	-2.9462162968435877	-1.1852853636197551	-3.569006870651691	-3.4738924542311764	-3.3593979142610664	0.1606323482286527	-3.3748041836262956	0.17657389930389655	-1.6867427772911725	-1.1444461630375216	-3.1726339949803872	-0.7330363789532583	-10.29472086175545	-6.716557661233594	2.5589112936623017	-2.4513689579314217	-0.7894656283209969	-2.7939923548178314	-6.635776762994901	-0.059600968460834736	0.3513265066611879	-0.4480830697750733	-5.393195184046448	-5.340862353894025	-2.123247070104071	-1.9918100077267127	2.6353670394546604	0.7977695291331433	-19.287768498011985	-7.888824160221688	-0.8451905211120057	-2.382082928974654	-9.283511081688175	-0.052033291434661066	-0.9881893844095817	-0.543415160435746	-4.5792249129878115	0.12702387735473053	-0.8838700867968043	-0.6959213613963122	-1.591944989860771	-10.920737018213572	-1.2754795475718694	-2.3002485946237243	-8.296049210271121	-1.8357842966519442	-0.9193911516715545	5.842902991258271	-8.557558118124888	-19.72571820470236	-2.8470272467796462	-2.2815678635084637	-2.7518413989011776		-1.6139621526537482	-3.0734997304687752	-4.811775628438319	-0.6181307954743858	-2.787517938147545	-2.8685916256825763	-9.991035869734674	-13.062546800374164	-4.130106701761775	-7.276147964322689	-7.168025164331198	-0.10384029715142873	0.08047353289295245	-2.782696872634425	-2.4092618825746257	-3.216151080712791	-2.8953026856317265	-0.5288298654314261	-7.211941370543386	3.5664170775411783	-1.1397782156488105	-1.7641993123316126	-2.633788418899641	0.9656858027819197	0.8597722858010499	0.3771631008694243	-4.275722332383523	-2.2844380352218536
2022-11-30	-3.385956554438849	0.12392119698168358	-2.533566580265756	-1.4272231521046805	-1.6192277005087874	1.6154982542135699	-10.226064624444845	-2.688311673858159	-4.812301577667782	-1.0047685640178727	-2.7741046770792153	-3.930742826386009	-0.19470787728530325	1.571699274032916	-1.9558053161810491	-0.19593534741641605	-0.3706088198005766	-2.71028789715907	-1.053582443947139	-3.698859532969678	-3.193093906424224	-3.3050774760610366	0.23577030697479984	-3.0450810754910265	0.22636024454686066	-1.5711199457142442	-0.9883298891623298	-2.970035412926073	0.03293498474062062	-9.823539594403854	-6.961489593807499	2.8410180471883315	-2.078863706303089	-0.4346989045685916	-2.783376800976775	-6.808822739586127	0.09230600177014026	0.3865448931030855	-0.24636929418335285	-5.364753516925418	-5.363643083402955	-1.9447218557826744	-1.55352619867341	2.4186127000688167	0.7549396460286637	-19.871108123869874	-8.125721295287207	-0.8995764249116895	-2.4887980758906707	-9.160583291295524	0.07169419317426673	-1.02394636685848	-0.5970377296976466	-4.411260060262563	0.17516545738007494	-0.9093883286329714	-0.5868980833530024	-1.3075858697827414	-10.302588788138394	-1.203744058353088	-2.5272365797036542	-8.73432794784992	-1.790843041816892	-0.8927923568263729	5.333117484099574	-7.987184065144191	-19.489545656816375	-2.149534149629062	-2.105169724738566	-2.58110577652792		-1.6571346261034705	-2.7888865848146196	-5.048870655310189	-0.6358221882348971	-3.0516032213652267	-2.9174068621904325	-9.428859013411454	-13.406133845175788	-3.8943698670464784	-7.063528310853641	-6.856464131706275	-0.147035879559283	0.7334556826843368	-2.8683084010315625	-2.3726544215244587	-3.0920906637789187	-2.7271548722307415	-0.3330199741380895	-7.399288427731271	3.9372988652767305	-0.940286334627217	-1.0948262351703022	-2.678208792737138	1.2213267515373332	0.865143280173374	0.9930205465251021	-4.625517322909829	-2.027568822620779
2022-12-31	-3.4219790306597417	0.17705176578266446	-2.5590499112152685	-1.4948689525807453	-1.5871088550151704	1.529362190916963	-10.644797342101327	-2.661342219716495	-4.647319574048481	-0.940029154088446	-2.784969310308661	-3.498639661832428	-0.08928900733199896	1.660066571760403	-1.9364576723798592	-0.09583859808593331	-0.3837980325704464	-2.5369530388279244	-0.9309816957581738	-3.822036487195035	-2.965277718164323	-3.237086696668129	0.22767162178072908	-3.1871505480844604	0.21572452179286472	-1.475776843543887	-1.0067132979509026	-2.799823611606044	0.6820717714807785	-10.133401059788383	-7.739656967720492	2.948335956339946	-1.877331003721423	-0.18933041297756859	-2.9987994934283293	-6.974059325384992	0.16456478294104215	0.44106778879262976	-0.13392684093913942	-5.3423300460861896	-5.108416606570863	-1.9927907776968823	-1.3186871117123928	2.225512628953961	0.6937783583703219	-21.805052957576947	-8.920893709099758	-0.9782851854079162	-3.6257642058209427	-9.550220394737693	0.12039533328400864	-1.1194895097909185	-0.6418244828800113	-4.239260929297231	0.23616991090895567	-0.9011295346897441	-0.3369080479730435	-1.187815719189814	-11.110494962679297	-1.2977628957429346	-2.7222695683392146	-9.113725452744049	-1.7185282864393017	-0.8846800237032113	4.900418591876701	-8.169664107194706	-19.944443760194957	-2.171755534738196	-1.9761273881257182	-2.447695358867982		-1.6847160747531333	-2.5524488269282983	-5.24799194673367	-0.6287167135120058	-3.4491183222942823	-2.951649115970376	-10.170176987269144	-13.914875147234042	-3.7034061550589854	-6.911976968508029	-7.257766542093037	-0.178709399813755	0.9712984194932517	-3.1100010484727747	-2.3226493694055534	-2.9748404546625764	-2.5960826040133256	-0.30540066369950836	-7.665857737528505	4.080233556863256	-0.8970486376572708	-0.7244358548849021	-3.0285962648743805	1.318980327049374	0.8811182690927595	1.381211391373597	-5.414108932186821	-2.1622833332323097
2023-01-31	-3.2100538000544816	0.23420551797208589	-2.401198617779116	-1.4601507852097626	-1.4844086012729498	1.391388701642562	-10.334113396704538	-2.385822981845145	-4.250327818490192	-0.8099640245846231	-2.512662415227446	-2.6845148579859455	0.17013244928686788	1.882862762709486	-1.7317150290006396	0.15085826587032614	-0.3343399631230817	-2.0320177329396785	-0.7361957041128804	-3.6576221559833897	-2.3834229364930692	-2.8417505258402755	0.37584224264669075	-2.6617975631329927	0.3631808651122519	-1.2745154741152867	-1.0745362589742484	-2.332409796525276	1.3742096666466495	-9.06176594868657	-7.522389299135426	3.0958206849581273	-1.2749180832355904	-0.049510914800151795	-2.7680538934416603	-6.453304946719335	0.2629856216824109	0.46767289584287397	-0.017289244618559962	-4.932732417260084	-4.371482312079088	-1.4495629869801832	-0.5232064398327338	2.045172481464057	0.650615509677289	-20.91106815740625	-8.554806250312652	-0.8873064175281655	-3.028596259639883	-8.393769011701579	0.1836012352425982	-1.0779944929776448	-0.6323399097776985	-3.7279615697043837	0.30304908699207544	-0.847167571828038	-0.15056684978740975	-1.110632731475505	-9.908656823801891	-1.156035603293219	-2.6864831280127106	-8.841917696656438	-1.5053336486365154	-0.7916773287779151	4.492899771012318	-6.940608507144276	-18.34941528880529	-1.2296785815968008	-1.592037707999019	-2.0095813192784604		-1.5993856613732973	-1.9825682044960118	-5.074785642681547	-0.5904997106390297	-3.1904882129441603	-2.734485211121495	-9.067124304572815	-13.215190384202074	-3.13577280547603	-6.088242556066376	-6.553633723399429	-0.177027578198917	1.3920058949514527	-2.9869259733493365	-2.0195372093306645	-2.6999245095218	-2.1497891858228613	-0.057575750945147774	-7.244660765248852	4.25262087481477	-0.6879558243903716	-0.20503719004472032	-2.8268039455065974	1.280698005132919	0.8185650771410806	1.449631950670394	-5.266262743248561	-2.0107847884189027
2023-02-28	-3.1841046057014637	0.2975982866427529	-2.380620175544692	-1.4626874710339237	-1.4668083471585653	1.278680591948845	-10.35501054577955	-2.2561959522108097	-4.046917020712058	-0.7440559449354822	-2.477794830388646	-2.0797104290882515	0.20434294025560007	1.8103764782685445	-1.635078130173838	0.181735043699355	-0.39526349291892515	-1.7365442368938133	-0.607678960856763	-3.7101803434643443	-2.0275961007925574	-2.7540094448802535	0.37717306015641583	-2.226970824539663	0.37628861544368064	-1.1515887112274932	-1.2797008765308178	-2.1617736612217016	1.9972020719396966	-8.227235433381253	-7.3276165502309425	3.047395362954763	-0.9054137954484531	-0.16962367228939002	-2.5644243799774173	-6.1591796069479585	0.2832536712923144	0.32678482837192746	0.006707611317281703	-4.848452403463028	-4.188973420429974	-1.1240893924006485	-0.26461035891826157	1.7932582445928098	0.5606485039698192	-19.922469799500277	-8.149506086137862	-0.8747834583095262	-3.3068834423732625	-7.728476273540707	0.1874243590186353	-1.0386245522971915	-0.647591632681209	-3.4174547702913856	0.37625029225964113	-0.8367221570747603	-0.2088692602620874	-1.1945193680438209	-9.396883113305648	-1.095690725741413	-2.7535478762469126	-8.877986182501203	-1.428019649700353	-0.7419977733949672	3.9323450111623117	-6.085817948227202	-17.12519117440911	-0.617966683505216	-1.373543704476738	-1.8028554882255179		-1.6134274662965566	-1.5646843993009298	-5.091693891447569	-0.5818072637977423	-3.2443185680432975	-2.704690465166692	-8.596423035371117	-12.759063612389667	-2.923233989326107	-5.601716033469771	-6.175306087229984	-0.18850411906072395	1.4462266617097015	-2.879345741198776	-1.9602572836423846	-2.5619419821502234	-1.934988775524424	0.049462069275620024	-6.93238087509917	4.131186330342842	-0.5642862067238994	0.1881805795285203	-2.586528814893839	1.168636678028136	0.6466442728251849	1.1158008414825247	-5.149416019237279	-1.8951757520818973
2023-03-31	-2.966623177862303	0.3697082786062822	-2.216708135350416	-1.3702923639671951	-1.3627023890621288	1.032368148253692	-9.971645870267139	-2.1109462041080533	-3.781702813528611	-0.6316017286208577	-2.351848607691899	-1.4648803591937138	0.46605695703635774	1.6939545900709518	-1.4831119113865796	0.4318390507127461	-0.4151010157950168	-1.4200002333973316	-0.4900446411927071	-3.471228529951773	-1.6420516383232666	-2.5772492184381264	0.4307990243236901	-2.3425926866586906	0.3727872318852228	-1.0140249207368939	-1.4203177667120954	-1.9071391351545088	2.4263527357495747	-8.32000260024597	-6.411559686900574	2.9115034691814152	-1.0340070107972252	-0.13547585351005864	-2.029016975786284	-5.5549092247015395	0.3424404867811859	0.3621068077655565	0.19803890811071057	-4.49056584253303	-3.8743960976016396	-0.6727175918227744	0.004489840846488846	1.528457135072049	0.4784986858713651	-17.073213360957652	-6.977751261122549	-0.9223340826592512	-3.777989106212601	-6.827833413290335	0.1503385936021573	-0.9163514526501668	-0.6027213921626142	-3.143833283962593	0.4586638697885803	-0.7290015224150181	-0.037634482940759995	-1.2247687547592392	-8.162035370195383	-0.9498471010407172	-2.5679522833090687	-8.510495168302583	-1.2888552395712267	-0.6647511576895049	3.3429174440149723	-6.071585788914746	-16.357906812764725	-0.9788365537274046	-1.1349867869273353	-1.5506437653451286		-1.4871425335138895	-1.160579044613037	-4.8677223005480315	-0.5035607060810818	-3.486560504932484	-2.748321369569055	-7.462723077271107	-11.885179413946588	-2.6086613557345757	-5.150071884770952	-5.597260930528961	-0.13379084953782439	1.308623649524364	-2.5714003980727824	-1.836997350913542	-2.3747350699859524	-1.6716045029724427	0.07814323702728387	-6.30950266762629	3.9473459458316604	-0.7322183029897431	0.47115661228681915	-1.8713526594613086	1.22696142570166	0.5751252329586656	0.9242480987637407	-4.925608804606256	-2.0086954613686885
2023-04-30	-2.7170193898848254	0.4437246134166628	-2.0280078811923943	-1.2840084910448866	-1.2710627641780192	0.8382452783523817	-9.523433414235257	-1.9357237661630222	-3.5132239113314085	-0.5273003476011837	-2.192380567990199	-0.8849460510059828	0.6933968551864069	1.617447290303332	-1.309456543526288	0.6476209476534223	-0.47416944279709483	-1.0164887983280408	-0.31925192036773353	-3.186551799529454	-1.1629632336846498	-2.4325304280917877	0.5618903294959736	-2.5744388262529583	0.40708898353401324	-0.8042462610830761	-1.3762359205483747	-1.643398725612066	2.68117596345985	-8.466266675858407	-5.421760770088582	2.878229342557219	-0.9353556524968525	0.15170072068389118	-1.5998526860313618	-4.925768239506482	0.46035039525224875	0.5547769141942283	0.541360276636091	-4.09787952716745	-3.7599971212496683	-0.2367945077618714	0.20960580365087367	1.3461433052209806	0.4071134071220026	-14.449736414572556	-5.900574829356685	-0.9172411151548125	-4.278925105554677	-6.038343690613431	0.11180518239379111	-0.788914110605635	-0.5538814699117758	-2.7895106956109643	0.5416648041102832	-0.6208544253129276	0.18214116286850413	-1.10024991807132	-6.525457882817136	-0.7582091311582033	-2.3647984332147587	-8.083131291915052	-1.092350059714363	-0.5781226714128422	2.953979640427846	-6.072383825553629	-15.635649071106968	-1.3268130143405585	-0.834715672989347	-1.2525561648915158		-1.3395402433293597	-0.6332597852038759	-4.605347122199866	-0.42569903018208066	-3.5802718522012356	-2.6475358566763063	-5.964239145791851	-10.901082622528932	-2.280546019873114	-4.597358570805241	-4.863340785137666	-0.08004761564913565	1.3903368780319738	-2.2552256464988076	-1.7416982773599798	-2.187053919669637	-1.3614545102963618	0.11246966536816672	-5.621053252730242	3.8451176944124086	-0.7801428524837064	0.6232257322601811	-1.2891662738386032	1.4626770139594782	0.5771081302448557	1.1035946855240297	-4.692929114889694	-2.0695090222501022
2023-05-31	-2.5808544133917906	0.5195473676549511	-1.9242083626428013	-1.1983903853585431	-1.2270454265133353	0.692602072349672	-9.33464662697051	-1.7296222937864627	-3.3125389571364963	-0.4412814360659567	-1.9745730307774565	-0.5589640945987497	0.8151183752969544	1.2829152304216862	-1.2064686235629338	0.7624636623417302	-0.5471978461701923	-0.8312585778610284	-0.2742471629985701	-3.0361950034789373	-0.9249113168942245	-2.3270550727113744	0.4837977985948214	-2.757514487746789	0.46331629144156494	-0.7205805560999075	-1.2522850210457435	-1.4675383396201696	2.492945610557868	-8.458803887471248	-3.886059208696139	2.6077809745650917	-1.0143501549952418	0.13436347482064548	-0.8277264626801255	-4.239814216115427	0.5099022053879736	0.46045660415393286	0.5189598739622951	-3.8821905605420994	-3.9067780316137544	0.18656371232208357	0.01387327077574696	1.0214055793972108	0.29444191639058204	-10.071540048728593	-4.104044340913731	-0.9568402248650898	-4.540308264429655	-5.334620628085503	0.02564966083516751	-0.5882686761166038	-0.534826677539197	-2.629631897691901	0.6290939856084208	-0.554063534646474	0.2315981074562714	-1.1913663343957452	-4.7519168768586155	-0.5496879920715472	-2.284338234925187	-7.891679239826615	-0.9863118785243614	-0.5217643202047455	2.2290586805589783	-6.12641201443796	-14.786319122706914	-1.817968891481911	-0.6846536629103284	-1.1014006544027524		-1.2570427092296796	-0.398743646480213	-4.484145880120501	-0.3778525275856808	-3.8090912989507046	-2.7084102533526533	-4.336112544606408	-9.720784036714605	-2.0174587783730757	-4.318642859121709	-4.0316434616118215	-0.06147979325242403	1.0964902911312464	-1.7858670378157484	-1.7015015002700835	-2.0555796016503507	-1.2054991699250763	-0.029555157497661355	-4.778425082473007	3.469787663693417	-0.8846195529629561	0.5923883571242499	-0.24682776105350968	1.32558867283052	0.4196285987785551	0.8219775869581412	-4.274922279434421	-2.2171929011808373
2023-06-30	-2.444859008068704	0.6015049742929648	-1.8172962066261533	-1.104615970400026	-1.1657349166725446	0.6315453803263438	-8.984042193033844	-1.3776126662930253	-2.9813918276171023	-0.3295650288594487	-1.6573021068933897	0.34659215750441774	0.8311202233681101	1.1123612356502974	-1.0389525104211685	0.7774359033494065	-0.6083975113489579	-0.5456673115729487	-0.1540959917143212	-2.9383315453129626	-0.592631897760576	-2.087631229488281	0.49233248820195286	-2.3877218468234105	0.6855070684563458	-0.5568707271411135	-0.9960044099421452	-1.1781601160499022	2.874838215976837	-7.4453946623292495	-1.9553945231182297	2.4832162556932715	-0.8267901047796897	0.27494470782318103	0.014629479776338883	-3.508944924384174	0.6327160056701615	0.48283863733833243	0.5807724583554972	-3.59891584957073	-3.870242198134868	0.8508717159771777	0.2107404626882925	0.80484630757228	0.2173099779299026	-4.9682826405033325	-2.0038289163634886	-0.9288470236181823	-4.501268470101209	-3.7248149821667482	0.027192396300886656	-0.3407380097311439	-0.5172976396627824	-2.3915970011564838	0.7227050777044894	-0.5174333194168526	0.21977438989305753	-1.0524827045359686	-1.5175917232643883	-0.17012249469852492	-2.2154448473439885	-7.596072859534559	-0.8239378729676261	-0.4370833709409645	1.7177685530198374	-5.058618213566518	-12.844145617935425	-1.2656344506785047	-0.4584297637047925	-0.8447065587526126		-1.2140151547049811	-0.09415131885047856	-4.311565695224516	-0.35065745157381656	-3.649337961183477	-2.682724675895507	-1.3598613959167665	-8.320887103565127	-1.6331257535654942	-3.820862435707369	-2.4079728047099422	-0.050906045678772216	1.3713946660879088	-1.1853890693809248	-1.5412315211142698	-1.8356108827704176	-0.9416398867440137	0.12331562057497791	-3.85035913496791	3.267314109746394	-0.8315400650932006	1.278220413621625	0.9141443531768658	1.316525867449883	0.3255978182866457	0.9557966748191546	-3.234726490978474	-1.8581178486753913
2023-07-31	-2.319141270315697	0.6839735194542129	-1.7223270599935034	-1.021839066018444	-1.0836744236183762	0.5677652389567811	-8.82250663062679	-0.8318205045064104	-2.5896514693614847	-0.20659148260116922	-1.2304350280686265	1.3390364211277017	0.9069652586763794	1.148846717971601	-0.8373034221973725	0.848231837011781	-0.6409101367066583	-0.16327260232820606	0.025937998516795346	-2.8813550184239745	-0.15675633342326734	-1.6722432367111892	0.5636693091863378	-1.6582114263132723	0.9326559975989106	-0.3664544985811098	-0.6934689404590486	-0.7940715932185043	3.2190783492267627	-5.714728206491486	0.06230211628169968	2.516667923837691	-0.3827601166683081	0.5061560132584617	0.7904652850064977	-2.6286047110514943	0.78689854714262	0.5810243469838738	0.7235448751071374	-3.3277538378766707	-3.477041654397084	1.6489592634018635	0.6845626684162909	0.9606384648442976	0.2374064356408745	0.2995110362052742	0.16485708868441407	-0.8322881896387564	-4.490156633451292	-2.0475012019160204	0.1076996222212081	-0.08424709232497918	-0.49599086214074006	-1.9899598633953772	0.8161294309413307	-0.4692811009814335	0.342716243019332	-0.8353392964007398	2.2992326369914053	0.27805866528063916	-2.129309430841545	-7.446526666306667	-0.48182387009685357	-0.3366441377801124	2.0364190797885158	-3.40009055501352	-10.414712412790749	-0.12495484005188473	-0.15714516399294354	-0.47424792137002925		-1.176447711049562	0.30301426591018554	-4.220148025713641	-0.31628313455188106	-3.3265386093704308	-2.468837969497862	2.153200510090528	-6.678763610789247	-1.1226287707175544	-2.9766526206658313	-0.43212284683619373	-0.028434257091163317	1.986456214313776	-0.5624469932414016	-1.2334843762891765	-1.5842672535857076	-0.5569418012780147	0.3603965017882871	-2.804664315720089	3.2903425747528843	-0.6388332315973315	2.0806756249859575	2.0254654478179646	1.4318546875509952	0.32172598683315456	1.2575130853992675	-2.216378706029886	-1.2630416173648058
2023-08-31	-2.243999845682467	0.7707994150355404	-1.6661399418547944	-0.9468382047943464	-1.053339206182578	0.5211151127414979	-8.889499785250962	-0.4636944565016563	-2.3486104317068595	-0.14520232507367226	-1.0642624672350394	1.8031218315267665	0.9181008876652754	1.05796193954302	-0.6549612177357957	0.8585518833932895	-0.8221337850751702	-0.031119116085243093	0.15597090891195364	-2.865987984164377	0.0009301144375868375	-1.522116741222213	0.4623408299483813	-1.372305484720684	0.9913185015583217	-0.289355925520411	-0.49506427478108606	-0.6515337842292155	3.3750885806160227	-4.98394745929906	1.555687711417562	2.5809327400541164	-0.23408921309972186	0.6411598115207511	1.2606059215819627	-2.0097632252843027	0.8983516370960203	0.42016274229038686	0.6748578908366625	-3.168932791210608	-3.425208900184522	2.013629699158116	0.7436692945546497	1.135088016858262	0.24732496300248918	3.9306725691786824	1.655145858522559	-0.8064151906548815	-5.232340414240724	-1.1843702248478394	0.14264298244005502	0.10104766453180503	-0.49073295040645704	-1.8136286701748219	0.9128990111076689	-0.40542505190130385	0.42828156276442186	-0.540146310774098	4.700036017959235	0.56200091630906	-2.1087192963195207	-7.487220185001135	-0.3174611538243468	-0.24404106066877418	2.4055691952398632	-2.6114860129422937	-9.112135181070329	0.3525265578762742	-0.05176997435356867	-0.34436087381698854		-1.146234850293503	0.4405323788443596	-4.23345766831811	-0.2697937089130633	-3.231321679219704	-2.4025005374725197	4.360534611674609	-5.519809913323343	-0.9329870588113138	-2.5831470131575145	0.7925978413914834	-0.0057348768069616085	2.2027259075842096	-0.11337896979860318	-1.1307233801419088	-1.4306433973778283	-0.4211972212049133	0.4397895989261045	-2.019991474140056	3.3458028964780624	-0.5492856888778377	2.532430250815949	2.7430093796539694	1.291073804950912	0.1727370569040083	1.4169914455153503	-1.5130431061304819	-0.8005360825037258
2023-09-30	-2.3227530436234503	0.8567452657022017	-1.7191938751512552	-0.9286227800080624	-1.083028769880226	0.5607966957647115	-9.429294079460291	-0.2639380663791755	-2.3170094115241255	-0.1731375952559162	-1.047663554360419	1.6915918187800827	0.8003038854377209	0.9611387689167756	-0.5811801488699615	0.7446876436047418	-1.0696911510009777	-0.0855415622572977	0.23962401797253818	-3.0186094088913507	-0.05410580482549676	-1.510904530811601	0.22436197470067754	-1.5661739738587528	0.9544575330837048	-0.3085962585327984	-0.3114451005657912	-0.6075959957806205	2.690699601958954	-5.1711178120118575	2.0551170529115836	2.7013648115131623	-0.2219698288030827	0.5171832575454403	1.3156740187721567	-1.6499171512562754	0.8779453215658606	0.05934836688993528	0.4027381850699143	-3.2447263847010674	-3.4825972501130664	1.9520284505751846	0.5409601966832582	1.4602235513288662	0.2751576028948257	5.356749870730312	2.242560165469513	-0.8848268202703373	-6.131739272080196	-1.1086733157438573	0.0993868234344788	0.17145848881651204	-0.5127927775298744	-1.839535051814778	1.0084870288126098	-0.35314824599639394	0.34212277767193555	-0.35162908829617834	5.001488835972339	0.5985386540151296	-2.20218496067244	-7.940519154304667	-0.2341978402569751	-0.2017442268362224	3.2363286654436365	-2.7829421000452044	-9.097643403078763	0.13927402375381348	-0.08897633693702289	-0.371546292514779		-1.1737540801978454	0.3295811934029942	-4.484365291601044	-0.2325554982149285	-3.5512979321850366	-2.4403601048611776	4.643207832944199	-4.82390451233006	-0.8883168878306549	-2.5739080931706297	0.9800872092829991	0.007743251566253662	2.027953771133838	0.03686710805795457	-1.124855213623718	-1.4221073193618992	-0.44817581199439616	0.3545585275840253	-1.512799960712421	3.4590135352723905	-0.5433702681963268	2.3838783794220575	2.8638146058753904	0.9171420412103259	-0.06658448152277785	1.2151387884945137	-1.2938011861419199	-0.5800206288375307
2023-10-31	-2.4614848087330614	0.9424591804231994	-1.8155292442477133	-0.908706092437086	-1.1101620087410922	0.5765226494478455	-10.117257765366233	-0.28736616133714676	-2.342979707293182	-0.19581605164335159	-1.144722146402792	1.1985020810903109	0.8968154874158998	0.7485823770707825	-0.5749257542081523	0.83714079453717	-1.3775627802094625	-0.2868215048310603	0.2253267904487899	-3.2204420674944316	-0.26382188441194643	-1.601028163289115	-0.0770384806400557	-2.1429685892934174	0.871615341211406	-0.36773485022188623	-0.25038864649252446	-0.709889984611678	2.338448407255086	-6.24790687421654	2.2733806132825407	2.6319786010318467	-0.40078924553317563	0.14990604744350833	1.3302792152232996	-1.4584442208601516	0.7908265647933561	-0.23537483636372514	0.10275876344668688	-3.440240358495089	-3.575873085399678	1.584088265286951	0.18932163188728168	1.5897392673324688	0.2745888283348492	5.774896544651199	2.414726966598778	-1.013400596337931	-7.4187478198647625	-1.6537387387553792	-0.006350491131239977	0.1986469980699077	-0.5352042046802659	-2.0625132912909407	1.103366818732738	-0.2860262141706613	0.3108076530051562	-0.30528676468089344	4.303652101446289	0.5177655293537597	-2.297628585517444	-8.528751995781334	-0.25661421019243846	-0.19077178031218267	3.431661987944608	-3.76732042592576	-10.20324675558382	-0.6541601542833746	-0.23850216667744206	-0.5222970826160704		-1.211995562762425	0.10124155495356746	-4.812035781559338	-0.1847263271159889	-3.9920170077537165	-2.561604273285603	4.010101537460116	-4.390665057493578	-1.0359226803688841	-2.9413543020988726	0.6053461443685535	0.03333350425363335	1.5179337336463306	0.08028605619228557	-1.1982201456915362	-1.464139455535161	-0.6070701129714493	0.1790463956356092	-1.1890325803293749	3.3014283592428484	-0.6223468827776273	1.9588844663419138	2.9104413878852426	0.5127096619793576	-0.256051773623021	0.6773774247227351	-1.4645378665410789	-0.7564594166847627
2023-11-30	-2.2476372457877574	1.027722815812254	-1.6536968614483953	-0.7706416122240469	-1.0232422265794696	0.4820292588853441	-9.920873618835074	0.04903414481283619	-1.9837980025506283	-0.11849199024000256	-0.8678278332052898	1.6338172690966246	1.0336711907256984	0.671612376662182	-0.3253155390303206	0.9671214318246371	-1.5185618289512774	-0.08191105886971428	0.44920255859728897	-3.058073999231368	-0.03168764791170986	-1.3874684627290748	-0.02312301991971566	-1.9963701952349737	1.0052277005674313	-0.22037568294102527	0.0006674716256114266	-0.5304910762346537	2.825376992508666	-5.842271135257761	3.7659816651156177	2.5493735719143658	-0.03416506628559546	0.1767061374068959	1.9503031799672357	-0.8463581424446716	0.882621930086728	-0.18413687529461953	0.058325926676857875	-3.042810759026338	-3.5495148123484768	1.8212327517662317	0.422185036116403	1.5352266846853695	0.24707774053832132	9.156758293302914	3.8052739984744335	-0.9476910435700496	-8.384608388457039	-1.0249146842301116	0.009341675573924846	0.3816977011968774	-0.5005241381167025	-1.8319449423242702	1.196765330866441	-0.17279936716641942	0.4298685043564916	0.17144135432184981	6.719079100172905	0.8024446099112765	-2.154541056940772	-8.320415650109226	-0.08221138085614399	-0.07500793603059108	3.1398199653011574	-3.2466702091174398	-9.426348728639908	-0.277664652838439	-0.07353388632238733	-0.327116251734509		-1.1067992563674736	0.3322387270171987	-4.684326343743329	-0.10433167766735352	-3.661114773803263	-2.3636252529713957	6.237781606369481	-3.2672889804129	-0.7880643373124769	-2.4800100157024048	1.8279903666792165	0.08582893401023739	1.7633757529804512	0.5378662739178566	-1.0486530844335888	-1.2334277999768446	-0.40741084164981345	0.2720207043727001	-0.48424074162404196	3.109113896377089	-0.40966202203707525	2.2578188720330985	3.7675762729086273	0.39587432009557233	-0.28115902622804967	0.717453025043028	-0.8956823496684905	-0.32991796026679765
2023-12-31	-1.7939874356049614	1.111036979694461	-1.3196098790724733	-0.5350848675494007	-0.8650083302602276	0.35190801865773125	-9.009669656167503	0.45673608985930514	-1.4031814449770508	-0.012527035458077762	-0.4068989229150688	2.6486267821231166	1.1765124804499223	0.7052856034203359	0.052600825750324987	1.1019652793388417	-1.4879518119037627	0.3259888206653656	0.7269138163066096	-2.6374251979179064	0.41967778786913357	-1.0759401227478804	0.17053719852555105	-0.8590484927436393	1.2436085428921793	-0.022539578938538085	0.4402626296802481	-0.15822193179532462	3.8087446250124515	-3.621740012464329	5.434231375024581	2.4691526847684813	0.595372129768549	0.4804483325001172	2.645207213083026	-0.18126895142967214	1.016694104445989	-0.031765525915510295	0.14717245343452845	-2.3221759813150413	-3.5917741930926397	2.513366700451499	1.041172956712387	1.3675670521862031	0.18831635569056182	13.417825942205013	5.558659207713873	-0.7215554597849128	-8.680844530078048	0.09754982463556416	0.139143676362103	0.5916712269517213	-0.4196059867506712	-1.3365430021618252	1.2874307759286125	-0.017176002452998773	0.43880679067794404	0.8568412862887058	10.23139801898651	1.2157149212835066	-1.8202617123133678	-7.483963717889836	0.18806762889697382	0.09942530375216307	2.594906968744965	-1.1363504715091608	-6.671423312942295	1.346034678510307	0.2436034515433647	0.021180853893945084		-0.8996362211710647	0.751902020341042	-4.189286783059551	0.007648155511425614	-2.7563372999272815	-1.9623781019070279	9.469813086669717	-1.9001202554663479	-0.3076254152209472	-1.6174656440602462	3.748679014386596	0.16334426543696168	2.5311165410722367	1.0640604259363897	-0.8299712290578043	-0.833078800854679	-0.04283612170909379	0.5091819461558487	0.2948646206862975	2.9446211350901095	-0.0746112330364781	3.090221792157749	4.7141924758298615	0.4475495793824962	-0.25647172403925467	1.2057351641887948	-0.01379173660718891	0.576876926342976
2024-01-31	-1.4563321055503593	1.191763936876498	-1.0722622997625137	-0.3796493778797654	-0.7869961658324947	0.29484881933146667	-8.507818534840453	0.7028974653573457	-1.021877737377153	0.047149045759312	-0.12332629018158059	3.385748639702399	1.2233600507208777	0.544530937224053	0.3501830851647654	1.1457463992486936	-1.5802933800008905	0.622382578900968	1.0003699589341224	-2.3170895131361817	0.7463348070812685	-0.95209559070436	0.20057532712394988	-0.23306452601435979	1.3314432173472568	0.20844462050870405	0.8514605629986818	0.15430282124605554	4.210185156095008	-2.3803800303329297	7.212021833720257	2.3578051765623584	1.1625411834033628	0.8830803030520968	3.3500977186033083	0.6341353839118113	1.1814901655717165	-0.06707353379707115	0.23752134301997074	-1.7951980459207846	-3.8462349185548774	2.965011682980574	1.1557117390093055	1.3527133909619238	0.15378392073324498	17.486917510221645	7.2332217949903	-0.6083485114698632	-9.832836812977291	0.6639694628533164	0.25204004587107676	0.807528495583604	-0.35354878547509117	-1.0369294754693783	1.3758621068487429	0.12057742071341693	0.36653161807398504	1.6994822791385147	13.697756631654045	1.6238159130261778	-1.5469150945914834	-6.987704327594557	0.3672922132638661	0.24114629505885432	2.4783481952996453	0.17009671058724507	-4.919463616716882	2.3370539335342073	0.46046272216082684	0.24197942184449772		-0.732489410796866	1.0256725434278877	-3.8824483865507347	0.10708310898395013	-2.3170856379083773	-1.7555068334567778	12.66395329581161	-0.33912361414594727	0.04190920193266123	-1.1515163980897256	5.5312352682094	0.2339964673801873	3.236026590744814	1.5922780079597985	-0.734585595669067	-0.5711151593073822	0.18769058940091554	0.5707828819651368	1.2125423805058233	2.76889899240728	0.2837824260277131	3.666764440613889	5.693194083173097	0.5666213004610654	-0.30045144190133755	1.8908807469983628	0.39502776399942263	1.5574606874951087
2024-02-29	-1.264605986875793	1.2692777164141518	-0.9281592609483909	-0.2672084437115103	-0.7336440655017675	0.30448583497930315	-8.136585849438987	1.0083055131792094	-0.6750395062933734	0.08766225720102483	0.22727744309838727	4.474777190136848	1.2550905471444977	0.40115849125837144	0.5836643737269682	1.1743291492089156	-1.637934761093824	0.9577156824397335	1.3510710823220116	-2.1595128532184873	1.1243873646572027	-0.7070072623415697	0.22460921134482703	0.39947352896508903	1.4065568900833512	0.5295237721204984	1.2851687880670255	0.5365621713726796	4.880774893089608	-0.7813152876398703	9.280705604274914	2.2772455712935695	1.801761911391992	1.3959367487668004	4.058090011918779	1.4851378782639983	1.37413833993363	-0.14048160276103516	0.3328404665352309	-1.4933706561864994	-3.830197044957494	3.4674525243514864	1.3347475554268442	1.3550924610014619	0.10424324561581244	21.741952535205655	8.984901425318498	-0.5201594795756144	-10.408245941274473	1.9038598309211636	0.3585150110494979	1.0601240761953683	-0.315323448050826	-0.7361120418092852	1.4605212464328616	0.2064505689458116	0.2790942103957441	2.9136345624940176	17.860759668017522	2.112782411164922	-1.385758424978519	-6.645530546024162	0.604874440769315	0.35266561325838097	2.496092196922149	1.8882556089316154	-2.288530135243832	3.4483650978852154	0.7137827500390372	0.5329946524656748		-0.6485092089689957	1.332443015178427	-3.679165643018031	0.16836915745911796	-1.9040850930889945	-1.6046087598987668	16.48936178865233	1.162815106874561	0.49904269388521527	-0.6742986721180131	7.66262794634136	0.28093273641010796	4.085627761825748	2.2214013136079416	-0.5523248885183776	-0.3485999999661402	0.4807476434486233	0.7841635426937827	2.0959392885247325	2.677255738205716	0.6723902859371194	4.6324780158065835	6.6274601169473755	0.7638516072572514	-0.312314477329501	2.8169873989561296	1.148130068828948	3.2795549822958066
2024-03-31	-1.0314421012099189	1.3429118933756712	-0.7562334599040526	-0.13544254671043632	-0.6760154144563906	0.4030539599562495	-7.686452529785257	1.271332162509843	-0.2531783177505815	0.10873172351314864	0.615162891477361	5.695220751891398	1.5254137363681224	0.472096358015321	0.8222854010399558	1.4315691571116105	-1.6607307678050294	1.3743311131336782	1.80576250416998	-1.9549293494563926	1.5854878565870933	-0.43119027804652177	0.3812064596682063	1.1070773051283567	1.4582637313607343	0.9230322871401455	1.608557433755358	0.9609576245502254	5.675149023249119	0.978498512993184	11.097008216384296	2.425467775909709	2.5704050704051014	1.889777578393094	4.70445336847019	2.343921037641323	1.5803978581853428	0.02246683006249839	0.48154210326197244	-1.1302069376075394	-3.738498692671307	4.041789008482851	1.8466327573704007	1.5012424562087858	0.10373173876060271	25.404858079629605	10.494936731007044	-0.4096105703756159	-10.769403139130844	3.016099721243279	0.5151601395051735	1.2884481773948764	-0.2664166387454543	-0.33542704101255083	1.5402837610094053	0.29460818595289595	0.3632392458063265	4.109098414404443	22.20442432097485	2.623691472052961	-1.1838246544668607	-6.235689297413245	0.7944753944961818	0.4666438888409381	2.8539277426938128	3.9206580718729356	0.4021927750284533	4.986980540027474	1.0335320861582815	0.8902910718546408		-0.5487705048532163	1.732813497599139	-3.4298565388306272	0.2300936898523318	-1.455101691050828	-1.340650362139968	20.480528324854163	2.635752240680347	1.033414099747759	-0.03524558302405012	9.876899731874516	0.33725736500908	5.259027056878011	2.7696692304888657	-0.35765473561605887	-0.07435412954021103	0.8386090091145064	1.1570719879537847	2.9755493917786566	2.885305210718215	1.1023878478574503	5.741624870891471	7.39219519424114	1.0724890903569104	-0.18454730675770037	3.6687946357178305	1.7482632369796676	5.283242255106529
2024-04-30	-1.0011762179098298	1.4140164696456168	-0.7316669481071045	-0.07617112571795559	-0.67842969572553	0.5746616525005805	-7.70050642109365	1.51303707449825	-0.05492405833264513	0.09064181920058445	0.8434238359998361	6.271246755909118	1.8931261254133602	0.5907834219711461	0.9415336116726039	1.7822021444125724	-1.706388134790048	1.550803812541126	1.9946122669917585	-1.97335229313056	1.7760626194770168	-0.18923047798656256	0.5043026567127242	1.3039083872080965	1.4282083483593482	1.1149666296672187	1.9333053805521843	1.0770336767834152	6.122150714648768	1.448712074522149	11.857165010947654	2.585307983111889	2.9693612590420315	1.9835833038284392	4.855754058689321	2.8584315766173347	1.6420319101540954	0.20880164313393834	0.5414830760583058	-1.0633065290627428	-3.44090462689271	4.166958551548973	2.091704154672385	1.640394978331301	0.1298714556059224	26.66123687110894	11.012990501547932	-0.4104849743504353	-10.909615078312505	3.335185013425985	0.5643350335784412	1.3902025071491337	-0.2515315793824655	-0.157305565355621	1.6175289193332816	0.33719360310335844	0.5727093273311183	4.691674735503277	24.02215393031031	2.8390150511671024	-1.1242018228474961	-6.24913535170667	1.0119976977121254	0.5266990336202895	3.184968590191886	4.55440431894948	1.2514490991508183	5.468085214064786	1.1655845425949707	1.0740184672862867		-0.5463224742568045	1.9317386394809901	-3.4282568978670085	0.26125005423056535	-1.494957989245549	-1.213599503510551	22.15923886668486	3.4400661340564795	1.1841023309566907	0.34696749214479894	10.791248864486676	0.37525694370665974	5.762070397219418	3.002628073137558	-0.15754876430589349	0.05683621569347963	1.0288014362483366	1.311059030236251	3.3986077079579644	3.0574878961677427	1.3274732342391715	6.291262721363921	7.496576733649718	1.2631190943457824	-0.019522735946910785	3.767419636710528	1.9188830574503868	6.3841284957442355
2024-05-31	-0.8734198879491402	1.4834116814452898	-0.6348330190977975	-0.024311088281159243	-0.657577234499005	0.6912732984788903	-7.466866562895831	1.7606074181162157	0.21816973585298172	0.10777379310021118	1.065463776859687	6.910778824447078	2.1946834370774724	0.7197075722409352	1.0848070410429855	2.0688649682114004	-1.592412610357858	1.8621538528115664	2.2031761867514135	-1.8720262415094027	2.1217965082283072	0.09133252760213395	0.7771477651957355	1.7311207822590973	1.3594999291570495	1.3578383920775323	2.226849588727326	1.2602527142528928	6.786834133436756	2.3820954980224656	13.263850816923451	2.6358357910418277	3.4986816557130993	2.200932512136305	5.370541034864125	3.527724350592109	1.7250713647398186	0.6546982580549923	0.6785684083284593	-0.8649420922481994	-3.001576885459663	4.272923562803683	2.4177292234815866	1.6421059672104263	0.14528114688715021	29.319874977136465	12.126191851586896	-0.3592279354175254	-10.822293192883627	3.5012147654323655	0.6085937788146545	1.5567076282098142	-0.21173020971260925	0.18573019393279822	1.6929304204590352	0.401088104170384	1.0274490384699355	5.50711505046246	26.819909753293985	3.1679055167329366	-0.9597373517351855	-6.041950497565935	1.3493590422059967	0.5977872417441787	3.113154900199703	5.450513525909258	2.4166210692566494	6.153200106078145	1.3890209537849358	1.3491476133807083		-0.49151920039419394	2.32359499914034	-3.297214438606737	0.307427174249149	-1.3460286579135357	-1.0367119857525537	24.732255845593443	4.539973468547586	1.387260369955868	0.97193784849091	12.145956980986398	0.4290714844928658	6.29733113264416	3.4143058428199495	0.08298803278113809	0.2374500036408591	1.314956816167964	1.4859007075241522	4.021989909250266	3.058459508652838	1.5478485163413964	6.698931478095673	8.01724955803627	1.4880020520950978	0.30413859411578414	4.003458150357503	1.9874246685135404	7.563842356082773
2024-06-30	-0.6689866497464578	1.547005956812626	-0.4819779882684543	0.045480812405358506	-0.6458576968766678	0.8118042471932299	-6.977405874326891	1.9938679702744082	0.4603893995393804	0.09501190201426368	1.397155739111561	7.133103696853851	2.3848962882003875	0.6837748169129441	1.22800834776627	2.249660623656105	-1.58629973902638	2.00536508109208	2.3564365817285164	-1.6526587911253046	2.283658954226958	0.387061667930233	0.8993546669913997	1.8643987653137657	1.1684470287086164	1.5253947323261272	2.6293356607963645	1.3775800891158667	7.057974312654039	2.9144908954946516	15.37186094828391	2.5904446494612614	3.8079087223098185	2.5150523023440883	6.199679205308598	4.245934374216617	1.8002968962032213	0.8223111371447658	0.7501311392244148	-0.607240357154808	-2.7518442673032837	4.327940069871431	2.4039724078481157	1.7380302661981943	0.14927356786068557	33.274558134335905	13.749123600010535	-0.2915374908210495	-11.330519597086457	3.7597106622156105	0.6497352369854781	1.7935332376277096	-0.156860933708181	0.33192689012548016	1.7617431321387613	0.48306263373733316	1.2387101834572327	6.556052957968802	30.28896494833066	3.575709710221048	-0.7307495468667895	-5.604210071461168	1.6022752483491516	0.6654926749886236	3.346893495177511	5.875224374495332	3.2792896917963503	6.357367082112205	1.5012580184800797	1.528483892303278		-0.387168267532644	2.488378638046015	-3.0377428771569015	0.36680542522463355	-1.0697514800247347	-0.9644319433614328	27.92338781986382	5.744498634640962	1.5436323200546838	1.362386036321368	13.742951216787503	0.4875886805842313	6.740795647360045	4.004173944150672	0.31095343275306675	0.39549215860825626	1.4956400271292836	1.525554667983421	4.709744645243774	3.00597460523813	1.6948280286900896	6.899014492934057	8.936247413341022	1.6939820183954737	0.44761704586155915	4.415541029609926	2.3253744403197487	8.368748742518818
2024-07-31	-0.3731028238266987	1.6096380063049764	-0.26448124118297756	0.1607490966913332	-0.5791670224780106	0.8254648622302341	-6.426338366967755	2.153868798239529	0.7648485857600917	0.11792714301753549	1.6848310848094954	7.582023411487739	2.666321050931181	0.6813814753692427	1.4355292586207327	2.517084643640551	-1.5246571909509257	2.2111169613089174	2.4829999641084655	-1.3160540925594262	2.502985440755978	0.6126327757535179	1.126633655528714	2.841777414362056	1.004230284693243	1.6728427897853528	3.0286781470586064	1.5834285211752714	7.946958702967109	4.933733191954076	16.295199587458683	2.5627476808473375	4.3681393023449715	2.9448743604000924	6.513182093387385	4.573930971392599	1.8945722667081668	1.1892034673223009	0.9078385857101026	-0.2509894429568078	-2.6114550239564522	4.650066745465111	2.5080559738787116	1.6722884761308876	0.10875723397037085	34.89955521462559	14.412595339387764	-0.12615994441747347	-11.707782860249978	4.012136515264842	0.7942170546166665	1.9164075215178151	-0.08746356020076718	0.6333555916100337	1.829284867043583	0.6055180886618672	1.3518117732005166	7.099389012458218	32.81984951338717	3.871100817508392	-0.4438171829530688	-5.073312559488855	1.7612257976689634	0.760570498037346	3.25053711686769	7.283283297435219	4.773954018094372	7.6207294380594135	1.656094138274348	1.7280681677913705		-0.22089971353965154	2.680170482417175	-2.7189769415956064	0.45444975320197045	-0.33052650913320747	-0.7576437623086534	30.242521914436963	6.404977889654475	1.7767577556189877	1.8676664339638762	15.071412359426205	0.5560369376878498	7.544286937205385	4.277133804076627	0.4986647205354586	0.5924937252347107	1.702454782417206	1.661192319623261	5.134653148420881	2.9961107239796405	1.9872271822306828	7.369333388554693	9.146797776591242	1.9224624197070312	0.689974059975583	4.986394257963553	2.684936570639408	9.287946506668689
2024-08-31	0.0048767360472083965	1.6703001638364299	0.013295288270839478	0.2796281445244446	-0.4535890739517434	0.7561534425855285	-5.6654086543126	2.319417614409666	1.1592856531542282	0.1907019260465752	1.9763670713988546	8.168475383698222	2.9925685928699934	0.6764030681566027	1.67580726049421	2.8281643972402364	-1.4425969532044292	2.543104136038309	2.6383789629161143	-0.893576054581473	2.8559061811637036	0.8556794246386659	1.4593225558598775	3.447557861199101	0.9503684085299611	1.8445306414659868	3.3380094851779845	1.8854212912652386	8.926983468247784	6.163260024033946	17.275897977891276	2.514550640593505	5.011549401017419	3.6430263292636766	6.819010993468353	4.9823251001113675	2.0598957767619837	1.716239217815236	1.2529648516823642	0.22465389753428155	-2.4394017842602267	5.151784927412621	2.6915416099973157	1.5339945813403162	0.06979740991168981	36.438874595533946	15.049360504223557	0.10708132801345727	-11.981945725973162	4.413157661995655	0.937975452315893	2.0384056293094197	-0.00660213537610943	0.992908851512496	1.8945106773976335	0.7557841016655971	1.4702858087641317	7.746414740231316	35.54576667092931	4.192005058295521	-0.10876112146917194	-4.359930297229795	1.929691162096269	0.8694841572388405	3.0477920340226063	8.315848899704548	5.909977053409904	8.535020403229538	1.8908911108347226	2.009631477193622		-0.01582885666245204	3.0002746749907843	-2.297095355303483	0.5605181037866274	0.580894281590659	-0.43477283909574993	32.75334667855361	7.105920300462387	2.0937397272049623	2.432397680874047	16.435250817033392	0.6306521957057498	8.430789246759048	4.579145824913574	0.6985453910120611	0.8606102450890063	1.9860590043892827	1.8258080464430648	5.569787619512482	2.886937793147645	2.328260244643438	7.9290165857324695	9.35981641069499	2.4021284640082	1.0128102415806914	5.892625882679965	2.935099846202249	9.833857601106459
2024-09-30	0.3917297735301304	1.7281359171150399	0.2980565523765506	0.41187442035899124	-0.3132983833876821	0.7229054306978604	-4.90645331408308	2.5723378882381525	1.579147979614305	0.2969564554688766	2.2608401713059862	8.913485790924398	3.425881367762713	0.7236769281767081	1.9392064527948776	3.2411407904163667	-1.3295410104788523	2.850120876384068	2.706637518432565	-0.46484961352901166	3.1762591280770494	1.2740009076226713	1.8722722401849765	3.955979727574473	0.9010246713961436	1.9813598091905575	3.649067383075341	2.213039064404448	9.786326817762301	7.193942938907355	18.347408439246266	2.332638938084166	5.565391068337988	3.932217140571993	7.087088662671675	5.5917741544377435	2.2466375218546943	2.393451845903222	1.5720173688996582	0.7405029165104082	-1.631582338306245	5.625498136788238	3.1468413253425496	1.2455279468347413	0.04173023576343127	38.32018004646369	15.822911283492033	0.35524937380588284	-11.669328989890914	5.586873207795804	1.062743579398962	2.1661577283078017	0.08271897558442731	1.3880101653189243	1.9564712187127071	0.9149076590343839	1.7115037510280828	8.314129895244633	38.282401838306896	4.516347514446608	0.26085298423515724	-3.646757405042692	2.232187469483236	0.9852304167561101	2.4417816965993637	9.414124538080273	7.265997290361554	9.42711175872816	2.1061045305490964	2.3380980150035384		0.1923682972690557	3.2614257035096443	-1.8702855116979293	0.6733288310544125	1.5238396598473116	-0.003637871136554338	35.29017658484406	8.079109087777326	2.4090827960819183	3.105646948542187	17.80140723502103	0.7178935572332747	9.266615807641784	4.888621819741772	1.0953624005431806	1.1499790787050586	2.3205710340709587	2.0565644172801285	6.090303355472955	2.6639347374726654	2.567432707262192	8.657517104235737	9.662155088029436	2.8338149701908293	1.4436319879373585	6.353770862344817	3.6786662824365806	10.32911836237868
2024-10-31	0.5011468234915952	1.7802205112873253	0.3806657604470587	0.48753084601955265	-0.2883806019853523	0.6120636531420374	-4.689181561493669	2.5518226031143385	1.7543990283692494	0.2957861653395284	2.2702576351005916	9.15919371370461	3.90726050483417	0.6672762619485582	2.0803235065792336	3.6995840252910384	-1.3474318783813768	2.8160844792751476	2.653129940666986	-0.36795186875575325	3.097962770010298	1.4591444473330668	2.1296597213716595	4.175656459102754	0.7662683096763594	1.966669093961876	3.5462161348747188	2.180752790211592	10.124441747917999	7.866708585514459	19.16249799927357	2.1708823597704523	6.002965307919169	3.789527341343316	7.177768053009416	6.056982102134484	2.362533686066989	2.7591633076022646	1.593194519930158	0.881192572334399	-1.0279711191397425	5.800033818847652	3.09663474305124	1.0510951661558963	0.02944659326168697	39.58491492859332	16.34310916200701	0.4767887551215999	-11.159712824492075	6.090437676305328	1.157174064273569	2.266426478038113	0.11567037144135028	1.3840461589878927	2.0127944560514806	0.9885369164262272	2.015206713130741	8.760305585222895	40.14986963505385	4.736544261067074	0.39678387388801184	-3.4557694518805846	2.306932823713616	1.0461733664552	2.092765067591202	10.20145803834805	8.39041847813445	9.989407881074925	2.0632419834340965	2.3712715751002165		0.24638699966097732	3.156256977694902	-1.7580174694937654	0.7266707507583448	2.082645525473552	0.10859685591184842	37.0099424569467	9.046360647313975	2.3200818248878505	3.199486701851143	18.766038863623407	0.760747209300547	9.728168480339093	5.14347533358611	1.3096682510598754	1.268781542240383	2.35663242363087	2.118874212081309	6.596262019391929	2.5004292302801687	2.846907675201251	9.106680763714706	9.826641551659236	2.942116124441199	1.7394260482962842	6.185136374582356	4.146479425736544	10.736736712231476
2024-11-30	0.6367882945170606	1.825598473145007	0.4810989579443543	0.5876300048695668	-0.272348981868209	0.5230809922653705	-4.37253917541986	2.432748892506879	1.9541045454645882	0.2795059186681996	2.1438425994073924	9.633571925481817	4.067719933514034	0.5740556034676345	2.2402117895723705	3.8529000554838717	-1.4058997574932182	2.7232332202228875	2.6546813131402303	-0.24692634928446466	2.9203960025973146	1.4627248478232957	2.436276541363121	5.184967938490914	0.5564118034258456	1.9270774713826597	3.4083158508414186	2.2010855496817143	10.9484706909589	9.98711197496334	20.24246256210742	2.145698758747727	6.730360878274894	3.4939992019426143	7.284750908697859	6.524974718739628	2.5709436241080112	3.108419196349928	1.6591287259567196	1.0773599703851602	-0.7297987348125048	6.128704097639243	2.8497333627048533	0.8819489689583122	0.0066485919362353485	41.52390664999177	17.141558041442977	0.6060177916202463	-10.710963653184983	7.182564605562902	1.311663050373756	2.427924797346712	0.14522494458265456	1.3475238608272946	2.0621011593355263	1.047149120085706	2.024515556547204	9.368583092340117	43.17897104699796	5.09432738308265	0.5196648868954128	-3.177272701356131	2.2822607037963465	1.1159185294268212	1.7702361040598191	12.464624268554957	11.677357753724266	11.538753916762118	1.976136329693233	2.304064397118161		0.3025075016675771	2.8850818042561457	-1.5950294335694224	0.7690813020377192	2.726610423344553	0.14921439542666803	39.781697176744956	10.201636343950241	2.2564795181778408	3.1637644641476896	20.48859283201213	0.7995410799655787	10.630599035507686	5.533963005959166	1.3668049758936291	1.4041389245197067	2.2984793223687063	2.165958686862183	7.375159670424964	2.6060347631502694	3.3776248473878354	10.042451815009741	10.1123483627334	3.1836288859040565	2.0630486288189473	5.915390626197592	5.352240211414113	11.979734808734136
2024-12-31	0.6328289097745738	1.8678731589994726	0.4788436306614017	0.6419848094734277	-0.2997403534083318	0.4320286572954366	-4.485550206424179	2.2380328724320293	1.9642199464277326	0.23278048823108932	1.9236436560888848	9.270390194811682	4.098158714567965	0.28194771727773116	2.3048615881023693	3.8798272515439436	-1.4968466177129631	2.497398823279724	2.5312425467406072	-0.2851838976238952	2.633759012605097	1.397132071739854	2.468512437540774	5.162824362950843	0.2649996455329635	1.8053778893244754	3.1368203418478444	2.086794598275752	10.816741854835527	10.050349623799036	21.42847042281295	1.847762579393418	6.920478833098514	2.81371696510287	7.4525093102805045	6.919762408165852	2.553780222455984	2.985778147380614	1.4922987785377373	1.043213273461646	-0.421074393080481	6.001186583537333	2.104573450895714	0.8229629577577455	-0.00393661281527713	43.243162513747905	17.849171907110957	0.5569248051527182	-10.658229676414372	8.236907502779445	1.2787065391661514	2.5641733240728968	0.14014159371049928	1.2036348904006218	2.1068632186461116	1.0973424623406913	1.9056767918554094	9.686051320148977	44.34465902502393	5.232039264227559	0.49113444839589704	-3.296193721050301	2.258693795233576	1.141985049922745	1.7435086054879179	12.69068761628975	12.629032488724704	11.36528278555005	1.7840735421970564	2.1418481893892434		0.3019481515351785	2.545897208584158	-1.6540334293503065	0.8052531945061574	2.585531362765849	0.0723209786641803	40.86009395000502	11.097880065276954	2.0068636303115426	2.921087830077255	21.090219214576962	0.8176541969522475	10.387410302760628	5.871627468374612	1.3812325038594295	1.4103489676768461	2.1312395608912382	1.8019907055172766	7.865137086850112	2.2964716656037325	3.5558402720704123	9.835537346613208	10.285330386532252	3.0707278970909044	2.0564203812290245	4.996411033423755	6.464272350533079	11.947073742490275
2025-01-31	0.6648493233600021	1.903379973903725	0.5045992335616631	0.6820802691254144	-0.31540660651244323	0.3801376735338735	-4.521731368073048	1.9507387837488892	2.0582028750414167	0.2275258780047622	1.7923733812264757	9.37216928778048	4.342931075816054	0.18603136668526332	2.4102104104180313	4.112584600912264	-1.5596453936705643	2.512038781958175	2.556300022231909	-0.26664405079949915	2.6303786918824557	1.383448468689629	2.553417586382878	5.3429656333591	0.17941158374875243	1.8193071548005832	2.7326700854838606	2.062344356056933	11.400176517240027	10.421990683793581	22.220752192735233	1.711373343837323	7.450936927199507	2.6618287101452154	7.380316403658895	7.62458658532573	2.602306778928842	2.957211654432527	1.4180286762153713	1.0538901926224185	-0.056590369751944536	6.048582157420682	1.7901430538581025	0.826686780595125	0.018439054573862634	44.609336528396	18.41045270916615	0.5398445524813553	-10.378826153538647	9.525295105518296	1.2825403348557778	2.6702742195273004	0.1581093425151643	1.2156726017103594	2.1450138578707794	1.1505056350030287	1.941687952050767	10.171961865148731	45.810467181516856	5.404826161407712	0.5652127352855132	-3.316927235513674	2.181110378688821	1.1866957530916338	1.955184974227194	13.44868813593402	14.114005140265704	11.672717766020952	1.7779299802180333	2.1403422064944166		0.3247180796617286	2.5549377954567234	-1.6561251531078938	0.8434188895419368	2.5692521943884685	0.05133141649481843	42.210921270115875	12.43637641759959	1.9204832302065	2.7587800705486956	21.92133387223231	0.85560804337576	10.637559964075336	6.13407076469462	1.3958477425547073	1.4678851404910134	2.1270674630749653	1.6751374102462222	8.52747878521123	2.1705808840882526	3.891833891092439	10.058091072225153	10.189254033404993	2.977097776954338	2.1030735645018837	4.9072301422102385	7.484034920628787	12.319292514709417
2025-02-28	0.8213901697186259	1.9319353535733086	0.6199889785257966	0.735572810295551	-0.3009396354432319	0.2970625728922265	-4.173161144455165	1.6689804179951935	2.22396886903131	0.2368744009105086	1.5771181540045518	9.304723041618729	4.623189849145589	0.096551803473929	2.510415043564848	4.3788746739619455	-1.5987047033031647	2.604692304469083	2.630161252066479	-0.08081116293965351	2.7379455280349276	1.4283843962025315	2.5816980563067062	4.884116196613988	0.09819170589996418	1.8673180741160493	2.197135277093132	2.040893670550062	11.483390117370533	9.613602745590839	21.91362026102331	1.6238169997485699	7.919409498350049	2.616435971379218	7.146208414962729	8.03177229702905	2.643783063389229	3.015253121492968	1.5425843507931916	1.2128368321938439	0.666807468715902	5.710992733092965	1.5756278831375994	0.745474776228555	0.04451552441110174	44.07838162908456	18.196266171251892	0.5663237946616313	-10.09525395021577	10.155966472252658	1.3040599036849017	2.6244385728678346	0.20630925789393473	1.2528770294832015	2.1752411813131687	1.2182499608205006	1.95825105324937	10.383466982031806	45.61642972042773	5.381910301386085	0.766065984180841	-2.984769388403393	2.0935714791433355	1.2297580592976942	1.8613693509373093	12.887878954059971	13.618001288103159	11.131083488136824	1.8394477268772818	2.2201248007971586		0.41199869777631193	2.731007431759174	-1.4577380362347299	0.8919001799850506	2.7399711327949063	0.06461948102545279	42.03714169771371	12.890449922634815	1.8813075623725837	2.651285621709505	21.777292510375048	0.9142737386909872	10.733117723197921	6.08516933315844	1.4490271682903	1.5781982764778135	2.1971835575124175	1.5407877496974933	8.91977347367633	2.1035290739222106	4.120249733044396	9.879194386078296	9.785770024788235	3.136547251709885	2.1634669464865013	4.8982236763043545	7.535001109812455	11.75984077874675
2025-03-31	0.9357281042640011	1.955091975303091	0.7061927770363639	0.728950618595519	-0.27485948759020573	0.19592120345521735	-3.990034665097369	1.4123247576151954	2.2665701332798562	0.25789633389728905	1.4023414269296097	9.059743764342187	5.131340568630371	0.11496201437313402	2.506551008205591	4.862186096649779	-1.591286946058963	2.6827950316704516	2.7186270224811437	0.0918444798143554	2.8409615006762436	1.465770235055217	2.667916542188159	3.959327061095891	0.10865375934232091	1.8954788404168426	1.9918344672168757	2.0146455515718174	11.51065100409511	7.864197513617796	20.03701311086948	1.6866840817803777	8.130820684469924	2.4167735699116975	6.3772730148287735	7.884240258204969	2.5247013012896744	3.1488042280087996	1.602606691088809	1.2862342967219433	1.2658596820137262	5.102500619927696	1.374162184058335	0.6825506356633824	0.07335108570725879	40.39377236187994	16.67896329665956	0.5362819436357213	-9.731966832292755	9.733407839884336	1.2826218954189805	2.401618138471324	0.2558545984369296	1.3353205602287943	2.199754716136212	1.286721062369125	2.1437821960478516	9.953020388314755	42.604348023424734	5.0271519158260745	0.9719987948207489	-2.7788438304527574	2.0626289350777824	1.2234285014815747	1.8549226666259102	11.253229679232817	11.571530943587845	9.863476966734652	1.8871843760473723	2.2870795888821505		0.5013093588983821	2.8984792468747074	-1.3256910640403063	0.9403775385239257	2.672101910465514	0.08128260367848839	39.26657759432055	12.318904277804563	1.8254982634638708	2.5735285160438366	20.217598972241547	0.9847149900382632	10.392139584483516	5.56966741887873	1.4993552161026145	1.6134332977027128	2.2564482949824267	1.3321634281635255	8.774255157320681	2.1586790648208023	4.122036520958524	9.332730802330332	8.658854487163282	3.130851051115158	2.177763144639904	4.660721086525967	6.862872326446507	10.61853323599172
2025-04-30	1.0557076197889472	1.9745372028347532	0.7934232295755947	0.7766407815926328	-0.152543794244707	0.11219087179165399	-3.8883952840072453	1.2836301998308386	2.278003940413896	0.3249549190935923	1.3347491370759172	8.885454864410804	5.817522692880075	0.06299942016210025	2.48839428309374	5.515587352146348	-1.5407700788608842	2.873036223286263	2.9278448403961974	0.306020656445412	3.066548407804433	1.4610237103511707	2.8485196229901817	2.8178875224805893	0.2058395461539	2.051846918485147	1.9669296106389424	2.119470622334177	11.561145946734769	5.906429535455516	18.415169985610163	1.3788707495497405	8.185148901265634	2.035273598454694	5.715927312948978	7.6711015225870085	2.3066541815626493	3.412821411059241	1.7973014888969416	1.3299737158585998	1.4853551566665502	4.359856702830413	1.1990733533055646	0.27872710245195975	0.02072234292020525	37.13178298717668	15.341504966374572	0.49645181041440267	-9.530553562690578	9.248040836089103	1.0997957916886527	2.206438129556112	0.29741431360272585	1.5627905997461369	2.2207230695777724	1.3749085270066956	2.172041604419654	9.599009909701238	39.12883835976032	4.617349423918277	1.1470425894698906	-2.6263130860271247	1.9930638613004632	1.2085599393686373	0.962789816714519	9.2868182251203	9.329856988930317	8.215195269809584	2.0242193012113177	2.404275654699717		0.6220442665371735	3.1544653516022976	-1.2245869244069354	1.0027264816333314	2.4224819119510954	0.25539739354358915	36.08052466467825	11.491022210543775	1.940002232616294	2.758723572275912	18.462038128456754	1.059986912208828	9.517749336969729	5.146455458693595	1.4955575282650315	1.6280190143815005	2.373026127982989	1.0587849526718855	8.420650405197648	1.7371827071668804	3.982924464079588	8.717488167371144	7.702716655407215	3.1265906900903104	2.187043748795361	3.9631031302099586	6.2018854897710725	9.672479980404063
2025-05-31	1.0829024929542044	1.991508594880699	0.8106135835961794	0.8052025705605956	-0.0636983053801039	0.04215343568741403	-4.048233980495681	1.490305352301128	2.315763887360731	0.4008325889721114	1.5002823820984048	9.659827577295175	6.274252329173507	0.10683472202580191	2.531484979542441	5.950393133105202	-1.420424370507087	3.266743537123041	3.2914219575778887	0.38111432347966456	3.50200656578032	1.668757177359879	3.13852214637145	2.308304304576936	0.322374830221289	2.3303116692870063	1.998250893951429	2.3782800405617834	13.065357395417095	5.1349512342154355	18.408803261703525	1.1609873513819693	8.569948132832565	1.4688089048723043	5.730651266589049	7.997226804919677	2.1926812392017254	3.7337313988211065	2.0135843733627112	1.3365710721980975	1.7686482421037724	4.041772569943973	1.2677309058774	0.0011631492875494587	-0.018180914789915903	37.731530566649894	15.588999846564747	0.5116730280797555	-9.36974400905946	9.634482509958104	0.9702877780016514	2.2039837824868407	0.31211369575391856	2.0265428964010965	2.238650674661571	1.4138685572884526	2.1933334137300626	10.06403855057475	38.80456519000268	4.579865634182106	1.2140800706355748	-2.7146548929546697	2.1271208876369343	1.2212886636982603	0.41193209589960134	8.62885948331791	8.763641788683486	7.561494820314323	2.3167889141004636	2.7018217680656207		0.6740210263976465	3.6148498730461043	-1.26856745316352	1.0306187928488484	2.2807968893537236	0.48825754936505206	35.78469063873729	11.699075248412697	2.270573687058075	3.4517912715850656	18.271410109364638	1.0944170805989586	9.119206190002075	5.228745715423685	1.6412052941575865	1.6559427169183323	2.6849086383081016	0.9438450392313342	8.536250130250352	1.397882783169237	4.007194149547814	9.102448309432702	7.746241394367047	3.162371464222076	2.2681862774117576	2.8089609719799	6.280222496411838	9.546364894786805
2025-06-30	1.2023313757796075	2.005546403901306	0.8978987439286072	0.8347115159881682	0.04792759024038418	0.034414900431805506	-3.9594458576081024	1.9058271224511856	2.48426462526578	0.5046581417484113	1.9316821934571777	10.539298596682528	6.565508247052712	0.2401272291042531	2.636593095781606	6.2246791094021106	-1.265976924887859	3.6785044442410637	3.659998471254717	0.5535776737031597	3.962188721442672	2.086114798498336	3.4088683765340804	2.1954636287145775	0.4881334484789903	2.6242795284297102	2.0973820071983056	2.6962392847450047	14.95813298523791	5.285384130557787	19.235918882538044	1.1296861432735525	9.021278722484482	1.1017375060858967	6.289351684870752	8.677233629322373	2.164494384209796	4.047788829816618	2.077089057709607	1.493053765960454	2.155194924400135	4.047979574934715	1.344580385750021	-0.0750346455905131	-0.014060116698013658	40.14666922970116	16.58319230879036	0.5247672423344447	-8.816586284165012	9.804113541332498	0.8988179060260819	2.296938409960159	0.3413412320043463	2.588371257264477	2.2534137743752467	1.4670781488510443	2.4033555321894084	10.855385407910575	40.26844335598378	4.753028910819005	1.3369290189116327	-2.5876895885622417	2.4039320722400035	1.2650390569689947	0.4633713670048252	8.684852766141233	9.181663299236675	7.436752249976195	2.649988477945662	3.071826219499613		0.7639557314477585	4.056619697031046	-1.1883134012155097	1.0687784100950637	2.1929705568511793	0.8149276425224699	37.13889225669345	12.585376225941502	2.748530246804833	4.464495606778073	18.979035250064953	1.1282845555916197	9.152682831272529	5.542208082324251	1.909326753750996	1.767531067404832	3.078483290290393	0.9146765839022635	9.040793451828392	1.266823639605093	4.0883590030819335	9.640927298143652	8.51914884996468	3.067741989234122	2.3254648659655146	2.0818933411396188	6.389702147876164	9.670575426454576
2025-07-31	1.2747310966450272	2.0190264487663114	0.9517655137943279	0.8446386240174277	0.0804093215017403	0.025894204521094366	-3.9059033640110385	2.2068553837202742	2.6554039741251216	0.5667492129394169	2.256963139562629	11.397218970120889	6.701615407257776	0.3860645091142203	2.7114838764837828	6.352308069728323	-1.0922811035406657	3.9380614061567556	3.9131056135303695	0.6516844015149985	4.233684572342469	2.451298493204689	3.600023402452237	2.2433377451912833	0.5409735876275121	2.784502780674657	1.9340612661639227	2.9150424893931444	17.08851682375112	5.79352181578281	20.50393515343771	1.1721209473423642	9.36262082865322	0.6946638540736814	6.989216189412019	9.216260079619815	2.1513046869294	4.359762341032926	2.0264734417827057	1.6153024117078587	2.643008960425661	4.338833431852635	1.3826173926606629	0.07237947325599237	0.01636794497914984	42.99966106051346	17.75684131077611	0.5307439833032355	-7.52074085789036	9.999843401255276	0.8573362289260125	2.4379120151946303	0.36745437950980175	3.0370429765576503	2.2679922241633363	1.4903812593387187	2.611264783487332	11.640721138514962	42.43860954130946	5.008617326681247	1.4404684724478898	-2.511512679343312	2.6712555593587197	1.2970788034922727	0.9885921575187098	9.165880327126445	10.054804309133857	7.663290160554368	2.87136798257265	3.334062927227471		0.8125109538510387	4.297508133141903	-1.1379602319419675	1.0863321117187823	2.188149240296852	1.0241002188145245	39.135431245064694	13.42922348625163	3.1230054146500095	5.271443086360165	20.052200421288774	1.1580777663408242	9.246265949796339	5.977436906445263	2.1521417447754345	1.8820182686219837	3.3605073997683235	0.9251922820563934	9.288691479832124	1.2451486275166133	4.148793094403274	10.405821938214274	9.496603151742818	2.9248200066434293	2.490252751543572	1.345394974316605	6.634689644331928	9.88704872869809
2025-08-31	1.408241591743149	2.031337537062228	1.0478499494802236	0.848151600595294	0.13203909205684994	0.04358970848665322	-3.8485606947561735	2.56853665214517	2.88188546217107	0.6490541205166238	2.5463277562017197	12.05559491849445	6.942656981588009	0.6675065246434997	2.8069869285228037	6.580334877210078	-0.8745581023450928	4.333414910392264	4.210470605867769	0.8377929484593096	4.647676842289698	2.832746039861	3.8169251816996876	2.80351771516591	0.7298043850382427	3.0077627893465433	1.7396436658716254	3.3630849014824378	18.685467721520467	7.25124736379513	21.579813118702305	1.2967592823598508	9.823922137404466	0.6077107362902865	7.469694777533746	9.981326020374865	2.172054931193145	4.5823873425647506	2.0742567733360318	1.789306637185419	3.236490013509858	4.58471315938921	1.7761525312983224	0.04705897675003712	0.02476040942889668	45.24517902195515	18.681933749795803	0.5910578849069168	-5.505340112563289	10.72906109277747	0.8994178535138033	2.5529478702187554	0.41302512626180743	3.5828507438310027	2.2810400235431842	1.5433196288337854	2.9035453787161885	12.242478006826104	44.6369527982622	5.269019936731588	1.6285441336307969	-2.402998778945374	3.031661701260653	1.3409631077265445	1.0152942887602308	10.178564035066643	11.331752109471722	8.458615826861745	3.1815632817455324	3.6889548407220616		0.9069918035907136	4.614866585926308	-1.0612066420662813	1.1241562288988618	2.30978521915452	1.3065718921239338	41.16245730415568	14.458794353409075	3.694840606943032	6.294312485192151	21.20859970383168	1.2144123945550191	9.596775695501606	6.3224210463538455	2.4376861665173735	2.0323331645038536	3.7409359736372565	1.051877725785701	9.719087717147659	1.2998798480039895	4.2473326505923055	10.901301894657848	10.16674497209749	2.8110583485047016	2.5692898779160416	1.1087288977035996	7.143647315321701	9.995445914022696
2025-09-30	1.5783065304563593	2.0423636864343564	1.1709834081767099	0.860261253450858	0.17319732095142726	0.16287146873034075	-3.4889681147964424	2.9260495251177545	3.1467976081264766	0.7278858563002828	3.021526799665473	12.644837970968183	7.679741110395099	0.9765962226746225	2.898750997946834	7.2808619028755	-0.6173539612444507	4.703875197386466	4.471232992681031	1.0240208606875427	5.015241391305736	3.3724575618503323	3.9817361375463847	3.2819421759870124	1.007404440401661	3.230450626024691	1.5567840212895376	3.752176238652403	20.44305770275227	8.871246408442289	23.24715011909717	1.404606243585313	10.160530739098931	0.535452918285273	8.27433406327016	10.869995826815284	2.179658268907957	4.865361497932753	1.9798686610009213	2.047736058319842	4.014867964898201	4.738463364784209	2.2182822242796334	0.01445142312883263	0.05042754632964552	48.624496526497296	20.07263319139045	0.6460239215389549	-3.5887043431485424	11.827231400948449	0.8917868891639777	2.7109613827938652	0.45286681353753266	4.032725651039726	2.291886765920296	1.58639870938066	3.607362953331336	12.900701923020506	47.43056204100117	5.597855914583889	1.7932663227788623	-2.0718775969170196	3.319096235925869	1.385816313229924	1.0085236739231647	11.040462626896442	12.628221681415994	9.020995922810954	3.481358568321248	4.080836770029748		0.9842224928893728	4.882694816067058	-0.8688857518996542	1.1555948175280903	2.3821576595806278	1.5388998518411299	43.732951244307	15.782448262078532	4.267632579663896	7.236815297938875	22.627656073805383	1.2431899097493542	10.059731316954526	6.765987233732822	2.8411482847610685	2.2058299400324017	4.157067845703629	1.0442984177391565	10.520202222132895	1.3657137310582357	4.293240037044072	11.283173284309058	11.263224820001739	2.540463393092267	2.7117967531039042	0.9874331848557176	7.754183350702192	10.23415259784582
2025-10-31	1.753597003982179	2.051805052240468	1.2966398135427397	0.8976398626069511	0.19015108927536772	0.3407384860956171	-3.022193070546166	3.26735708677937	3.452050103339303	0.7910439698749876	3.7389457525808183	13.137182282985037	8.44251247383346	1.1933149026419727	2.9433290809083985	8.006752373878278	-0.2684459372817187	5.020869369054395	4.640501876384157	1.2193944839773536	5.3495121893253526	3.967367903771958	4.082636685579374	3.588433231697877	1.256999062681441	3.369097466963595	1.5559514315018745	4.116746322456585	22.295180619441737	10.40505857413305	25.241300013570708	1.4417198845194363	10.140956176656971	0.7694393992641579	9.444701134936778	11.42772661476208	2.1835591102247562	5.255047721398995	1.856106628173471	2.275750516582164	4.482873493311168	5.031179569240237	2.4327547680883015	-0.09639776201323258	0.07603183829073146	53.10562467432669	21.917602664907747	0.6661362979003762	-1.6661970978382712	12.541419700887985	0.8415824752595071	2.9255574770839416	0.4868277418896234	4.339511886520256	2.3015218788027596	1.6256516461349548	4.259706513126826	13.370809014556826	50.503738631592796	5.961218599297126	1.9327949676329155	-1.6647158834309295	3.604980221167935	1.4090045017919053	0.7933124618872682	11.659100906846078	13.935680630621448	9.230608200428549	3.782719229026469	4.475029331979087	0.0	1.0615692710880538	5.131554007477732	-0.6351037312758905	1.1835467013176952	2.2730848163569846	1.6911816119934855	46.56606047672153	16.58130583839315	4.954381221066299	7.925391892000036	24.124865051985353	1.2553458381588953	10.311767286745123	7.306597644356259	3.217606151743702	2.416189974354225	4.562690652554352	0.9137831775141123	10.77569710252601	1.319420473181232	4.16110139114619	11.573494525657082	12.790147585786798	2.1806837222696345	2.895918976047426	1.4304891691190278	8.090001843124867	10.402227165052096
2025-11-30	1.9066604506042495	2.055643147650983	1.408250247956829	0.9106420064079614	0.18726670808586832	0.5111530410388951	-2.671372968185395	3.418762685541992	3.6841463310734355	0.8542884554567536	4.151246345723749	13.118581195729718	9.225765099451216	1.422279665371292	2.9780477248464905	8.750294942950482	-0.02254616336784032	5.2310200743592645	4.734413681131798	1.4260048406805197	5.545566712317026	4.264651753427913	4.228315853944125	3.9355751833072503	1.5514119469501786	3.463370761368445	1.5690341601190099	4.319544391642609	22.516587658750666	11.498668904582814	25.922178968109364	1.530797206334718	10.141835067605243	1.5166075384730675	9.70785363715298	11.763724480110227	2.2375131561625494	5.587670546084183	1.8735532730796791	2.4672208825795394	4.631369632067617	5.291066589054751	2.7468456792075386	-0.23890423240160175	0.10171753948313622	54.8398043639765	22.630883789546516	0.6948771545666901	0.08709547839573872	12.738031168303223	0.8446972150550067	2.999873721746635	0.5116419821583982	4.548853269433749	2.3057258912966603	1.6650730701524452	5.155959479716245	13.34547088422164	52.07012850861054	6.146578619579913	2.0377511789848626	-1.332340303025731	3.774769331169381	1.425339157482803	0.4793539532360853	12.137076979816044	14.61045428358267	9.568353821534231	3.9807144197600195	4.707407862614957	-0.07578603485534074	1.1457517154621542	5.289806938064103	-0.43994810614503876	1.2119543341943029	2.283644826915321	1.8108318094675866	48.01537567801836	17.190444788819747	5.346848489532277	8.340177470648314	24.908862343664225	1.2597752920380714	10.639406744226932	7.496597787245648	3.390891088704329	2.570343092723263	4.801417173430735	0.8889495323527186	10.816625373677155	1.341021593726829	4.053392842678207	11.49528196787952	13.16746460990116	2.0392054184737702	3.02353302498679	2.792054425515772	8.10828731920482	10.56563272367336
2025-12-31	1.9924411882370379	2.0597564637511	1.4689770032036193	0.8939616502807084	0.19197911074741114	0.6716840373277293	-2.5698025772541797	3.580495258186666	3.8625329684111165	0.9240432559063585	4.665379461632945	13.4060474111389	9.997426553990636	1.7237810057997152	3.0097016622996904	9.479990390504135	0.15557371982359136	5.569367563411902	4.969953723827622	1.5257525739911557	5.873904138379075	4.570203659831428	4.283322061614484	4.293238669311606	1.7958181772568942	3.636228784171635	1.5027736938795115	4.537376424107073	23.3929670361984	12.398362335974838	26.269325237146717	1.5906658745867475	10.518587908778144	2.0541964999373477	10.01533937973609	11.931442996475923	2.295936558498383	5.65468203578007	1.8644984297651561	2.5503122263133235	4.618727056475656	5.646320664880378	3.355302943282936	-0.3959526551302446	0.13647265899802008	55.90212601512093	23.069566667098883	0.6992824036906207	1.625710587078963	13.047874100195912	0.8658197162899768	3.0417845518999016	0.5145001323644003	4.850336105051582	2.310249985272705	1.6966031218378248	7.143757725074202	13.263978018405211	53.32561841602762	6.294419718358682	2.049192402995729	-1.2155435978216218	3.8688791306743724	1.440210849430649	0.13884630233128803	12.683788773131624	15.268521754518758	10.0255390799839	4.284396783129296	5.024498957486685	0.028699316517730722	1.190002840519952	5.6323364750938225	-0.36243353234636544	1.2348007078754506	2.1609244028871757	1.9172738523291954	49.17412281419172	17.867885328462705	5.80102887515649	8.93978244839451	25.531227802522892	1.2503056651133235	11.051421644653232	7.604034751271328	3.543972374744108	2.681956076642642	5.124766283257912	0.9741715713349492	11.012950895671423	1.3575134564218914	4.103125526895205	11.594562035405573	13.563598096163076	1.8841502897217026	2.9418873045366425	3.698280205450601	8.28153591306176	10.70724130370293
2026-01-31	2.048980634881403	2.059940343491135	1.506549321139829	0.8886535079612514	0.2206900623074013	0.90664214948713	-2.4764962909283312	4.06587824525586	3.97675532107381	1.0129588773134621	5.648444007559313	14.412393805991684	11.649623804901694	2.3722550494397865	3.0345678197937076	11.045000415027438	0.4453668806533688	6.0957563823024685	5.285407221684608	1.5586054426236018	6.433729289779464	5.23291205868621	4.504041656984299	5.012181313524366	2.387445612275922	3.9642979092954036	1.2576800596056685	5.009415374932146	25.184472808436226	14.062601182881366	25.884309283294186	2.0299319591224005	10.734272835580384	2.5421495885417755	10.359184657602157	12.232030291003127	2.401554581996095	5.868918691582394	2.071296864701999	2.6028098883002855	4.7760374550869145	5.963419296474342	4.615216836974483	-0.2411794994275951	0.27003175421321757	56.76325037349807	23.425069156960888	0.7428697696926392	4.114801453772344	13.260593706182533	1.0316634371956077	2.9923917502511514	0.5202381557602429	5.39803665537876	2.309748094558202	1.7116373703231034	10.483368145470124	13.039098773367527	54.3536194331582	6.415523044334421	2.070155158908449	-1.1188900636270631	4.241115749389628	1.4529283068805938	0.5939035024437516	13.909674046151167	16.600938584801384	11.088537115789364	4.78280980883499	5.573799107107803	0.5386098785713642	1.2030347498257825	6.155910030470594	-0.305167949387652	1.246046241228413	2.1802486259230704	2.1535623303887874	50.11764792684835	18.557830629500103	6.766227280905383	10.134081451597638	26.102171591655463	1.245546610375854	11.846037644692359	7.5216645334993615	3.8834512040115143	2.7528041136079864	5.686684621009931	1.3490176773373719	11.145193802271052	1.814366105612656	3.964852179090528	12.283918865409248	13.78455817592615	2.1339013319094704	2.881831144446842	4.322000516092942	8.421857077637597	10.831748235277189
2026-02-28	2.1819247956556325	2.055771897945803	1.6016586641117243	0.9267878814173898	0.25319087609786806	1.2173899056887514	-2.101836605174256	4.620446421296506	4.135885692604461	1.0937824724013367	6.913432532242389	15.969265544072698	13.02626100400093	3.1449525065736452	3.0272294617911513	12.35433717719053	0.6808398184943734	6.73345468713822	5.623742139965067	1.7286596196953496	7.108486357057956	5.974370971092263	5.003878688904834	5.749966123795744	2.890872938349961	4.314521570370033	1.1159036438247227	5.7447315059056905	27.091011571971478	15.32007257818347	24.49131715414262	2.6852404901394777	10.677380866420691	3.0811759005003694	10.475216609299238	12.043741092723806	2.570640869635369	6.544804152725163	2.6377137443702523	2.7266992549910043	4.558089773711863	6.259512352514491	6.21765930331982	-0.018216427899034215	0.38243038712199784	55.43544912027767	22.8792167853031	0.8931571044090916	6.628486886199305	13.095566463993833	1.3116832663694815	2.814064824538171	0.5407777340924156	6.0192440867549095	2.3046569686647445	1.7368440511717722	12.40961190396839	12.697957139245176	54.11819523823522	6.390924178766255	2.158520031164983	-0.7704634846576823	4.574744782241986	1.4481665347680774	1.1458078097589208	15.214070258329855	17.79731164453176	12.34846885048188	5.405559289259571	6.2278072127352715	1.2706647717345163	1.2714542575812544	6.68381760819824	-0.10415512970114094	1.2643810984838453	2.5492622469198807	2.52013883385127	49.91225694735931	18.296763598215193	8.200349960751282	11.410481461436405	26.096621637151372	1.2413979768596164	12.932298961804491	7.096734718177075	4.2059430616348905	2.853157578900465	6.3486498437552825	1.9121455507112302	10.96794426390629	2.5336251426472884	3.6813377154433837	13.58813077794801	13.351452184625614	2.81714453617208	3.1276023344188175	5.093844234670172	8.07515045690414	11.508869747274076
2026-03-31	2.114427462784235	2.0502529728246373	1.5527052286881116	0.8579530896358492	0.1878914342498632	1.3596478093655087	-2.0849895371089673	4.479071090436214	3.925628475147988	1.0333801341186373	7.027488409928161	15.394174381488028	12.961807789835575	3.6826763628482126	2.8955083624438487	12.292129423756052	0.8173149656908123	6.516189382626024	5.375761310765952	1.6690620121259911	6.846277285597651	5.855657415650576	5.1415030194862155	5.7060765639955235	3.10020959162404	4.105739188560811	0.5051399133965262	5.646377415406462	26.207410405609608	14.756877708533949	21.699296485594232	3.6679323269822177	9.88623812911554	2.7984811676578545	9.72854063710264	11.112438507260578	2.438310180949074	6.751042192294591	2.54925323118092	2.579534677726727	4.029002586741342	5.555166074695137	6.4823236714125585	0.990738811567347	0.6669322330042586	50.81966671982923	20.978744031980824	0.8359553065308347	7.61767960978144	11.158286124109026	1.452969754027535	2.4791970537324985	0.5236211507861341	5.792665428848238	2.2979870007874297	1.7056719798794404	12.44743249417781	11.622603357220214	49.97260993514749	5.903177513185511	2.088755973309887	-0.7682253492267677	4.443170152577025	1.3846881571458454	5.163269611193286	14.661437033766191	16.753060291454574	12.102334043944438	5.290504476454004	6.065221257005788	1.1612747633103169	1.2325610839751278	6.347072526545688	-0.11574200213590302	1.241702400541591	2.3081305917980046	2.244537080233229	46.09009248303482	16.829415169196153	8.2660895011974	11.031324861819812	24.135588349978946	1.2278788411201873	12.779723422249532	6.258641338107438	4.018690537834921	2.701091580181341	6.1851940693128995	2.053629665744225	10.125183100947623	3.576166309339513	3.213504898485958	13.187530953667022	12.188136651269048	2.758185584541792	3.180516766318455	4.621185643245411	7.00954644037337	11.409860441803175
2026-04-30	2.0709706061834225	2.0432248445484333	1.519816392266577	0.8100299975080034	0.16273232666807047	1.5039184795167984	-2.098827799590957	4.924319113982406	3.9220931394420546	1.0274498682426696	8.044712994193134	15.930417800110263	12.792988745826023	4.066547230971075	2.875565095117622	12.12914350346719	1.107091360004345	6.677098973270475	5.4916116208997465	1.6123940361945728	6.99579220243983	6.411469151199171	5.2727854413563335	6.649545380886764	3.3473298195149646	4.220234419052048	0.2560404746848093	5.834830685343476	25.20584131973473	16.565468744845646	21.91797940997165	4.263505656465213	9.819881066655341	2.505513475002246	10.713297681237862	10.973261859200335	2.4248316711819413	6.998804139439088	2.551861890962826	2.500899173073776	3.6984219352279553	5.294460657152555	7.0288869783081225	2.076319323807674	0.9659397562918013	54.02875518355711	22.299779593877844	0.9495846650070447	9.575445651989398	10.513769279809821	1.6355219125622042	2.5127096820184107	0.5295293032237218	5.981285549026836	2.290404303882511	1.6789087634918474	12.391762584809456	12.338901386965702	51.83979167762493	6.121854671860291	2.1133249628344544	-0.7850105398102016	4.557358869569768	1.3769467238765998	9.785975281315345	15.91086561351321	18.44074161718396	13.021403328101172	5.532812949835076	6.3552645435947	1.8693776160736775	1.1947890364673057	6.424733650073549	-0.1330587208664511	1.2227623074878693	2.69486200935431	2.234613111296362	47.80546984247337	16.96052167267601	8.984773163500847	11.615030468070557	25.08989405631354	1.239106005618531	13.319927376692135	6.4197689931849595	4.243508355261376	2.6904328625293914	6.488321204445882	2.29105975397389	9.864243211507812	4.142434900331992	3.056095675982057	13.711759838082628	13.349418102667613	2.8193680287597545	3.2331353082895475	4.147032996320576	6.887765275097266	12.367388180065007
2026-05-31	2.0229397786460765	2.036206680436578	1.4833585461273913	0.7932347476964878	0.14005649605928383	1.6245989998918198	-2.0789861916462087	5.340362387667433	3.9382222089831203	1.0221037281036232	9.563773308389145	16.27928177896362	12.372775512177526	4.272856881777088	2.851813332518958	11.72809319749696	1.5512682693391007	6.942696771510128	5.651223725249082	1.5332755456474843	7.283865029863833	7.203624659949384	5.241655056920905	7.529619807038074	3.4063130325472244	4.374983339257874	-0.0015388057392797805	6.156236490811267	25.487839470989286	18.94609395507561	23.362827142207493	4.502113466515773	9.721845352700683	2.4365454822428347	13.111877683498278	10.866815216863827	2.3254742663764745	6.850251640920376	2.525687565668207	2.460685423446506	3.2356121724528393	5.248476079970814	7.625453103453879	2.8124760179686916	1.1355288163971178	61.53923593725426	25.3908889640021	1.0471645770653915	10.752324756634437	10.25561762406656	1.8260052181523498	2.6774469801103002	0.5301244185367473	6.324352199167919	2.281203382962417	1.6418247780561899	12.362113038287802	14.166079151357962	55.78619729971285	6.587230534329834	2.1154338691646473	-0.7860234414301885	4.592413366804635	1.365501761275354	12.164482961699491	17.54397702637499	21.296172856180988	13.880971737848654	5.933649929697921	6.796570710183374	2.735680837682125	1.1427223273975429	6.613749550512225	-0.1428385285770517	1.1965452479883893	3.0050080833104857	2.126617597764252	51.4381040209837	17.020202550417366	10.20673075738381	12.278990060038979	27.047021832291477	1.2372860302711004	14.1062660884852	6.959893348127039	4.473026094851242	2.6874814701397725	6.93286447946501	2.4313320221736845	9.54212349658782	4.377955450965317	2.85942217291921	14.019719788248977	16.402926275432065	2.8405684618274165	3.101755697547034	4.115645757156585	6.970546741063174	13.804097957020417
2026-06-30	2.003426705350023	2.028180026506348	1.4690753325689059	0.7954672213955334	0.09177661512470436	1.667767541550539	-1.8791799179447395	5.457751967412108	3.9668472551221896	1.0164214716130502	10.765323788271004	16.77202801854591	11.127334205236508	4.039694050782771	2.8108125042667353	10.542414582310386	1.6370924442305785	7.054499839136895	5.725564149333337	1.4984692612053436	7.420752534037163	7.71478663724109	5.2400682027073415	8.84790798534543	3.3450307183212153	4.507207553789158	-0.13937219392435907	6.338318222515753	25.945349312302653	21.38971167878094	23.315323865859625	4.343652841870977	9.874645783213595	2.7296069936210756	14.889636707994129	9.841712917265795	2.2703071453926285	6.803677112692881	2.5293344431314537	2.4447240195956113	2.522887891293351	5.1912954230719635	7.558763812389955	2.8478004286128495	1.1110228968281817	66.1973824482792	27.299167888045588	1.1599434334736856	10.624859880792584	9.315942952754284	1.9178562545736462	2.6645990253515954	0.5195687623302732	6.302458350151127	2.2719348448916463	1.6025252451993452	10.994350745753088	16.207501832376295	57.40973318158274	6.776562096213027	2.0742675206854955	-0.6485565167274245	4.4176608082848645	1.3480081821856302	11.954227202290213	19.361353258192082	23.975775131732746	15.093662980501392	6.164873762847499	7.060849058965516	3.4725443328412524	1.1060426055200239	6.709158472838993	-0.07516103932758256	1.1684638225505992	3.3585763673889346	1.938644950095643	52.945448468771474	15.764701685484823	11.038923249434973	12.169813673899057	28.056230485828223	1.2098380131036635	15.158953668729026	6.991244519407061	4.565120807073917	2.6981233246291936	7.173404181747117	2.516041117711943	8.497274624225014	4.274198310055702	2.8554971774706033	14.9551464879342	18.573464460581846	2.872915896748637	3.0637077607421688	4.825087445077344	6.614354798953869	14.841247376145844
2026-07-31	1.8624658764360191	2.022122897552947	1.3661079295919762	0.7459439557192269	0.05371058098287307	1.7213803596263944	-2.0746038625813696	5.023443606893096	3.8314927949248414	1.003139583954244	10.757040430391868	16.823569566969297	10.08473092845449	4.062162647969579	2.7348747238704334	9.549358133426864	1.4689233939665485	7.185483902725224	5.7280981601077485	1.3476073916972524	7.57571245119378	7.598820614053039	5.169468328187669	9.607695862494921	3.3722972707041663	4.468132631080948	-0.22828593276711473	6.462788725098321	25.93157592693001	22.40840822004057	22.03753779528131	4.647053095445614	10.548220610577772	3.1283342954490223	15.271297294390337	9.03970658348507	2.302832244236882	6.593893045046755	2.625455867825721	2.1999750790586887	2.293355401723794	5.429903690714369	7.441743554238158	3.229074661698128	1.208760375788895	65.55290342165324	27.03602823416287	1.2919846973875337	8.65631849405905	8.844023839272154	2.1011259967603593	2.6557670543770833	0.48919303912801837	6.324663734211384	2.264734741695534	1.5612672465824602	9.741133802227644	16.300767711806287	58.1075761362066	6.8594220936907675	1.9516870478076243	-0.84011300541016	4.402389490641447	1.315681303031603	13.36256581961517	20.0722780957	24.03301023688107	16.065077065324232	6.226373883057072	7.1129916050013975	3.7058098198256033	1.0282104602376094	6.87758270034891	-0.19600992954882912	1.1384214378001687	3.7793820622112406	1.861463657145947	53.58951036061296	14.480515307474974	11.02245206336164	11.646954798394745	28.442518793382135	1.1818037512066937	15.982893701462956	6.8789200908162655	4.499566040227087	2.587178968158561	7.2051164929862495	2.5606132874196135	7.654275273780044	4.595460856411179	3.082709160012847	15.175737002994907	19.006860183202207	3.011561233805182	2.9218846953916326	5.703096157805419	6.065549648786202	14.283917517565754
2026-08-31	1.7598866708215155	2.0150959242277082	1.2898511067892144	0.6913705825322012	0.04057171069775478	1.7745914594576746	-2.165799127480142	5.166304217888737	3.728205566128125	1.0080440853355448	11.202944065631925	16.822099337709176	9.830520176491902	4.3342248498553175	2.703903493333371	9.304595205772813	1.3168618556429905	7.410492654140327	5.849631459056866	1.2236386330937563	7.811452090874553	7.812314656879124	4.931086836060302	10.092150322847587	3.3294051097968698	4.508797857033159	-0.2897726019195517	6.722559182457502	24.981131254099495	23.294464346322826	21.823165672216618	5.016986765756222	11.080847996436376	3.713899813715912	16.13039110528976	8.507069291478459	2.362838333549803	6.144048413952987	2.596246019989678	2.0215725538960356	2.0472532977437936	6.095833418533218	8.049229830715817	3.661718212122878	1.3504017216320463	66.99111021967349	27.633032364278932	1.3141532440532728	7.951860903075044	8.49057255808981	2.3312301340385915	2.759865861625755	0.4646394393791411	6.528165915852725	2.256563512054683	1.5262916162838849	9.293833788951353	16.545062189740833	60.00484472987853	7.083344526773573	1.8434445278596314	-0.9470286028736155	4.407616604889959	1.3039678278203013	14.576810958907103	20.836344988206292	24.78670885207464	16.76022662685341	6.415384843367427	7.307127895954906	4.239826593095771	0.9619565584170502	7.065806926780496	-0.26273982081139025	1.1146023196905048	3.875009891655324	1.6974110748036466	55.32628058564626	13.730605544111512	11.424068377449231	11.920466812310224	29.40080954430755	1.1500452980288571	16.838443080187545	7.024885095451509	4.5853760493132185	2.510804821157734	7.4089746122142515	2.7195179745737477	7.2210653966346	5.122711334545855	3.3009542585312417	14.958172336038956	20.080240725859255	3.0656539859414664	2.615499900239257	6.940013606765291	5.7841777391121525	13.650685167149419
2026-09-30	1.4577501557817243	2.007899818943045	1.070392449156401	0.591849713445086	-0.01747198248538595	1.8899757251864635	-2.5560291419998507	5.141857912174672	3.3449018033494724	0.9454390005370996	11.536728726595797	15.94023825808631	9.012717742106375	4.272075369696822	2.491396333764115	8.52605864437966	1.1473596646274373	7.2630865809325655	5.8051724340595285	0.86653645677805	7.65593143294376	7.86894041921056	4.412853999061632	9.708467070517301	3.2256934200218623	4.442451056502854	-0.5510468841595397	6.8088468873436625	22.1878697819769	22.448277608738067	22.061030201576955	5.208595660083631	10.868888296687217	3.9818356470340746	17.19052294147272	8.140333779782665	2.308263051899445	5.374710936175802	2.3313451023692977	1.5824406738925632	1.621889804265905	5.886011001017508	7.756143463730837	4.373235729144156	1.5085970353961269	69.22817236032313	28.5566862097227	1.194160904222688	6.269996950088554	7.034125621634445	2.335405024187473	2.835648539848144	0.3834672710338971	6.420927680506793	2.24832715638253	1.4410984166622285	8.408944081094617	16.910050597069286	60.6653515537796	7.1620592532389225	1.5066354535786672	-1.3534731480156807	4.216228559076136	1.2085564585522093	16.521079548188283	20.066021934796368	23.994530274675355	16.076785891167447	6.336134143450046	7.228117409519612	4.593656100406534	0.7899703900320532	6.7930894065689245	-0.5122383903723957	1.054746898889924	3.421803505655049	1.3575652938779044	55.92984300416515	13.341308940253242	11.660167283319979	11.641530882441913	29.60807530760934	1.073761165040679	16.761182093028168	7.212056435112956	4.521256447479445	2.2394548579457307	7.325420077360974	2.517838944873901	6.783307954481131	5.381676901969598	3.12670699467386	13.972177244001927	21.444046843439565	2.7997385572368643	2.1223548100618856	7.745361906957584	4.911279124371546	12.48190106811083
2026-10-06	1.2018254993936068	1.9845309403414007	0.8840881365824913	0.5123790731238316	-0.06269925467446313	1.997978828554512	-2.9026748826932263	5.18310761770239	2.9966564525522443	0.889844639116351	11.829911886036385	15.198029632803355	8.246724613192683	4.2091340225870155	2.3021809665800106	7.7978956001277595	1.0291089060048186	7.051251182542643	5.729718611504076	0.5701757993099221	7.429929051851573	7.9301901775905606	4.002244023706176	9.448325052968556	3.3240551917626924	4.36846555997046	-0.7725701229371751	6.874881874002057	19.676354247705035	21.73528454455945	22.517849342910722	5.393012165151873	10.522149223216104	4.024603421072513	18.166323237626628	7.745489332610234	2.2644344410554496	4.811301742862327	2.070698687241574	1.221069665556314	1.2551154527421673	5.757338014196463	7.542126961208481	4.939198305755163	1.6240305880042651	71.46181812199313	29.47665229306324	1.0685215187006314	4.789104246416429	5.926493555939004	2.3141783528495488	2.9209384683874973	0.3158464766218785	6.247750209313139	2.222153797417022	1.370539517497022	7.61731768619957	17.115329911817625	61.344734867244256	7.244400926401269	1.2264784248511944	-1.704607612868898	4.046429652144958	1.1228181458684006	17.79808002579344	19.590537441507536	23.708088341288033	15.537559339106252	6.208427220641788	7.107827561834199	4.965332215479819	0.6502090546612678	6.4220366078494635	-0.730667809815543	1.0043327860099112	2.9849434914361126	1.0256501209115783	56.56232788365912	12.960605249965397	11.843082192514018	11.313417168291693	29.862181951408047	1.0115307675366125	16.58927075469066	7.426975679934529	4.481476493061251	1.9962912154514711	7.200576583865498	2.363246462483197	6.359026190333978	5.657355927377338	2.9579081688469344	13.239527131477558	22.70909992502493	2.5612582689640107	1.790820845539777	8.095642025736964	4.305084488314279	11.768205546660198
