	AGG	BIL	BND	BNDX	BWX	DBMF	EDV	EEMS	EMB	EMLC	EMXC	EXI	GLDM	GUNR	HYG	IAU	ICLN	IDEV	IDMO	IEF	IEFA	IEMG	IGF	IJR	ILF	IMTM	INDA	IPAC	ITA	IWM	IWY	IXC	IXG	IXJ	IXN	IXP	JEPI	JXI	KXI	LQD	MCHI	MOAT	MXI	OILK	PDBC	QQQ	QQQM	REET	REMX	RXI	SCHD	SCHG	SCHP	SCZ	SGOV	SHY	SLV	SPMO	SPY	SPYM	TIP	TLT	UEVM	USHY	USO	VB	VBK	VBR	VEA	VEU	VEXC	VGIT	VGK	VGLT	VGSH	VNQ	VNQI	VOO	VOX	VPL	VSS	VTI	VTIP	VTV	VUG	VWO	VWOB	VXUS	XLB	XLC	XLE	XLF	XLI	XLK	XLP	XLU	XLV	XLY	XMMO
2021-09-29	0.0	0.0	0.0	0.0	0.0	0.0	0.0	0.0	0.0	0.0	0.0	0.0	0.0	0.0	0.0	0.0	0.0	0.0	0.0	0.0	0.0	0.0	0.0	0.0	0.0	0.0	0.0	0.0	0.0	0.0	0.0	0.0	0.0	0.0	0.0	0.0	0.0	0.0	0.0	0.0	0.0	0.0	0.0	0.0	0.0	0.0	0.0	0.0	0.0	0.0	0.0	0.0	0.0	0.0	0.0	0.0	0.0	0.0	0.0	0.0	0.0	0.0	0.0	0.0	0.0	0.0	0.0	0.0	0.0	0.0		0.0	0.0	0.0	0.0	0.0	0.0	0.0	0.0	0.0	0.0	0.0	0.0	0.0	0.0	0.0	0.0	0.0	0.0	0.0	0.0	0.0	0.0	0.0	0.0	0.0	0.0	0.0	0.0
2021-10-29	-0.012598098864827989	-0.0006291399759419392	-0.007961653752545317	-0.017415332219471225	-0.007061143387097957	0.06297668829004976	0.20443394299832107	0.06384934756518135	0.0054468660915603095	-0.02285715373218622	0.023611543451949046	0.2308523064497905	0.08927878796602329	0.15826964038319602	-0.020394040415780523	0.08484535957930461	0.22749034017666858	0.12012524994371887	0.1016368973128472	-0.03812267854645768	0.10367552644893863	0.0796102801485361	0.1260182916704693	0.1427503714767795	-0.07288195301056177	0.09362572458913831	-0.005636734178388281	-0.05772269139666264	-0.055312753428438555	0.42717196270606905	0.8016743871796734	0.15573721139967134	0.27560809153790444	0.1692470927906129	0.20517742026681418	0.0016014285269392303	0.09760916472905024	0.16977740638434113	0.07020237909718219	-0.00818460291027634	0.21353741559038752	0.11634255860704457	0.22126817358365258	0.16595574117131306	0.052655790136864056	1.657443289340165	0.6794244860758738	0.09986037596642916	0.9583607273013257	0.8876535622112556	0.048345593274571996	0.09800261580474512	0.027753812276305467	0.06453923464826516	-0.000359336023763035	-0.01800080771680257	0.14500317988139955	0.2178349719328665	1.6104620077883283	0.18848644283290383	0.11151423159121521	0.15590557159961804	0.009626160335940881	-0.004405370001233422	0.40036007638725835	0.4912029683875119	0.7162223625783213	0.3471696478951287	0.08166134526022972	0.09511365273854011		-0.03177552689112417	0.17682788548397355	0.06863051144365784	-0.012275369276565584	0.3827312466692945	0.08163673317969966	1.4706759941633436	-0.05586521206117823	-0.07073530069730793	0.25641312698378727	0.798271614546735	0.025904131698453625	0.36606632216857804	0.23185094742951406	0.07169731008252	0.0013867292671321252	0.10403028183478114	0.1646122525618381	-0.049072644284891	0.17379041581058274	0.1557418222050586	0.31621820917006005	0.3464276047460544	0.08581074608586192	0.09397162641490908	0.2787971680677117	0.6489546274734579	0.31971416573007616
2021-11-29	-0.027579544207185336	-0.0017242910475800954	-0.020303500495487015	-0.010147681651680784	-0.04245628686505398	0.0744157223769335	0.5088641361287927	0.0326448625075173	-0.13295465385580485	-0.10233531115719074	-0.08378556281391525	0.2690874613542604	0.1539788910471458	0.21954780445527433	-0.08510725537661301	0.14639115721762863	0.3166441698646061	0.05765675101676493	0.13939298622785046	-0.04192680952580474	0.005168226334596682	-0.021595376347789852	0.10439216265329776	0.33741832309979714	-0.20586150237009448	0.08603906362112212	-0.11503811044214274	-0.2344052121262834	-0.37761520962190787	0.5706579386804833	1.8475601734591578	0.18813181571599102	0.24514618226561424	0.21576143504357503	0.5527735701807259	-0.07487440747441099	0.17236892752984545	0.27691466211223315	0.13826176546129432	-0.06025339442250299	0.11153995436277597	0.1606366623272777	0.3416438792416585	0.09354445219168994	0.05060045614547448	3.9848921696691946	1.6318544219458886	0.1792233498430278	2.109964194509672	1.647981144418651	0.09186224317907588	0.2034267066319515	0.059735790648176135	-0.13283156125788764	-1.2315988314526294e-05	-0.03408073719306515	0.19496428132676513	0.39243450138971525	3.333485324139872	0.39167861885552213	0.2418729501552832	0.402013541026335	-0.0803081769856604	-0.02917638154920965	0.23856304657174832	0.664214953180192	0.478493488242691	0.6897748191094308	0.02608411624101592	0.02855216227184343		-0.054183320753686814	0.13115101492709158	0.18646588752847038	-0.023206457095866995	0.6537687004441182	0.04489580116267433	3.0541911231275094	-0.4395468385893935	-0.28407104003410666	0.10312104404873423	1.5678605346967345	0.06067267014683608	0.6260758522193157	0.5015523528458417	0.01887949326151528	-0.08460148327064587	0.036066663063515136	0.3576954109273771	-0.25973576220970074	0.2556768807463605	0.19083431095810965	0.5380288046866184	0.9316106654422782	0.22301056220123172	0.18237967698975055	0.4452834408802744	1.421087062613779	0.7465129457077779
2021-12-29	-0.04068971455474468	-0.003589208710891967	-0.029147535691279813	-0.014217092666058306	-0.0671335382258249	0.09292773325313775	0.67351135745146	0.10851698316534453	-0.11159327048972045	-0.13594467514907294	-0.0270617956856114	0.5259618310839329	0.23077701961443609	0.3796960021334499	-0.0266832964920809	0.21911279636721304	0.18069447884706236	0.12848357354334894	0.23596544215420678	-0.018449373556478577	0.07563381220074916	-0.07879185563800917	0.1990466925577934	0.5876454267177564	-0.2713576775560611	0.14574083098960955	-0.14849468767804552	-0.3152770400864071	-0.49217257375964607	0.5521820254201657	2.95108357869222	0.23760512443187665	0.3173907687631896	0.6141379900946902	1.0064136870572042	-0.13718206693171453	0.34452586295962107	0.5934096552401513	0.42824795282139405	-0.06198014938283336	-0.2704413179605325	0.33394294474176434	0.6900360031876431	0.15638179627165627	0.0719463659956805	6.0698043371068024	2.48922320431339	0.3204962120609949	2.4637401670479733	2.092531631214314	0.20135683444255292	0.3046647931127957	0.08459843825314195	-0.1734371506249488	0.00038557475012623854	-0.06183747359867198	0.2109216820160711	0.5312874571223887	5.6505566380048435	0.6644148669328231	0.3434682711534123	0.5323232520956225	-0.013800853536295676	-0.002856950152242632	0.362652170389282	0.8249241297523042	0.0803440964807578	1.0582093946462976	0.08021561884503825	0.06663263958712662		-0.07172348615233659	0.2767992331680631	0.2516379501237225	-0.04223780452803538	1.28668468780414	0.0438667258770451	5.181767488904768	-0.7247347071757417	-0.3667885444376111	0.16107586704997345	2.4930901685030165	0.08271531857106851	1.192279254887353	0.7592349774129943	-0.018192837441283416	-0.05366653895255524	0.0759760623747141	0.6266606088186109	-0.3662442264290462	0.3262505152879527	0.23060583057560535	0.8279036640440296	1.6374716247964471	0.6552430266305649	0.3777895884453244	1.2222712193089365	1.9362589899332647	0.8896792799112632
2022-01-28	-0.20666208546063558	-0.005286468439422265	-0.15279782961764	-0.06182368179285902	-0.13414992778387003	0.13263668127396855	0.41803651032711286	-0.052493111481361154	-0.31618465624066516	-0.16783044267500813	-0.08701488255815804	0.08547190286896011	0.28010678279384393	0.6228173750679744	-0.12707630789678603	0.26578589235015215	-0.16936934477558907	-0.061020764826992036	0.12262740278698203	-0.18144493107737958	-0.15087421629736042	-0.2349194551570548	0.21589252032958228	-0.019589686095386583	-0.20239565325330489	-0.010807701220180377	-0.2369541920217273	-0.6535665657741205	-0.7836460796176965	-1.552743794196914	2.1297276928531517	0.5566387548132461	0.3939732438336705	0.3623830664092367	0.7385232043457464	-0.6372930816574467	0.3154198071935923	0.6687125737346094	0.5046069333610248	-0.3826434839095185	-0.6518823943303644	0.20126773068807324	0.7255999593725022	0.47433433953635884	0.14722493740819864	3.5459825449556774	1.4562882729651392	0.2821997007146635	1.908109765966671	1.1169095829223181	0.22164129110593933	0.1575081578881523	0.06112115493505854	-0.5943783425489784	0.0011570151616666635	-0.12011068739153075	0.21485066181912416	0.20559462355962665	4.534566101544669	0.5343992074098551	0.2428572935268818	0.2950586145175862	-0.07142164643292404	-0.04756776796742912	1.0274449677257635	-0.8216168076381791	-3.8205338255222614	0.5539815228946168	-0.06914904920360243	-0.07835378301562912		-0.16061254871146957	0.14676153065418873	0.1031987687225353	-0.08263076726090901	1.0759483952495117	-0.0773521652970004	4.160150664266723	-2.0010133044623615	-0.7866298825518783	-0.480096085511434	1.5572561860263363	0.07839199191351298	1.4008267204946776	0.36941616657230014	-0.09994291851788972	-0.1857288118320639	-0.09084431220591682	0.5812861615644351	-0.9719479081690565	0.7082933390204502	0.21596101914445143	0.6359353518807609	1.3907897580879336	0.9036215981911084	0.4190472952454769	0.9796250279854917	1.27520110691853	0.23428033094484135
2022-02-28	-0.44747322484246865	-0.00700800278816871	-0.3342423935626613	-0.1680335641821955	-0.2082023717430168	0.1988759057769549	-0.15805445492610204	-0.2153866719596067	-0.7967772323599291	-0.22112898671461068	-0.14625233687989692	-0.37051892530347175	0.47645103397582034	0.9863529826699278	-0.26191631733621534	0.4530779477376541	-0.2902678238069569	-0.256042606856802	-0.006111469320526197	-0.36389505034011904	-0.39409927317392857	-0.38136507125636854	0.31173164057300795	-0.28210502241955737	-0.053772382324421386	-0.15914655527068078	-0.37712015547130306	-0.8557276318526021	-0.3306855904900772	-2.6921878143602953	1.2889594407632217	0.8938786717595804	0.3843400801753063	0.18787716693388745	0.4616357304621488	-1.2347934154370535	0.2941671728392379	0.7143158296693528	0.5553378277797805	-0.8560478704309133	-1.041738257495254	0.10892284434456201	0.880227953779368	0.9027444030954683	0.2655307018207562	1.2403855001368242	0.517136150171325	0.23875892119560405	2.2291506642319803	-0.013669946110326237	0.21451491327066918	0.03651049630920156	0.05020469253115678	-0.9615411059856314	0.002113251894868995	-0.1966986833427029	0.3283467438666925	-0.054371563931738365	3.3845595442788294	0.3988971052336012	0.19610614957714745	-0.16899951795888057	-0.060943618403918265	-0.10996877313827014	1.9306469782821694	-1.6438158531130966	-6.256287047197134	0.504450288313194	-0.2134990337355589	-0.2260172293548095		-0.2617992829854501	-0.08903811122526406	-0.16912623652993375	-0.13675103278727363	0.8087085513955259	-0.18001192091361418	3.102082601478344	-3.247931285883169	-1.0340134849827507	-0.9751710943751277	0.7927187396824422	0.10405621726668812	1.5336929032496869	0.02726687792134186	-0.17917479660864188	-0.48447676708403975	-0.2515042982169362	0.5445178269158077	-1.6959426886329823	1.1312962688172128	0.2070232025838621	0.41743720804717555	1.1153741022075394	1.0719966697430081	0.4359199612491267	0.7948304690569614	0.681369780963351	0.06765928523017806
2022-03-29	-0.8440705609471877	-0.006715854651559994	-0.6308992152998627	-0.3358606874602259	-0.35798319649098786	0.4036578844944003	-1.2060069542204843	-0.28088484454516305	-1.304018189237155	-0.31693818759196546	-0.22667331610384878	-0.394137037069072	0.6639472577137511	1.4943681225602745	-0.41870574370538804	0.6321337452336877	-0.2708207635748998	-0.339881227067373	-0.03845630032324365	-0.8263006707726106	-0.536591703507419	-0.5952054209932598	0.5647648192153127	-0.24956032951169504	0.2645604722147752	-0.1969371724672584	-0.39364822164127133	-0.9379823709140638	0.2847585096824048	-2.9752798549588135	1.3923642903072562	1.3468849265853962	0.49440059372915357	0.3913897159430775	0.43407605330534693	-1.607147136037696	0.39664511709025874	0.9512112638969725	0.5678095216252501	-1.4398987144965787	-1.679597967060893	0.23398957800625908	1.3743784801044967	1.601762217185108	0.4631597393563158	1.1492722159194955	0.4797643911980458	0.30686306451999457	3.014700915152531	-0.6634088828238305	0.27991406968855514	0.03393092390268393	0.025331105284109867	-1.2082989458319346	0.0038782153620502413	-0.3329093386616364	0.4565932378642579	-0.025546446010849877	4.237905778790491	0.5004371432653514	0.0864228934100737	-1.0701580830876907	-0.0760733249855221	-0.18289490631233107	3.420456375759926	-1.6465747911994981	-7.39767531410115	0.9764467244420985	-0.28065805615055694	-0.3372692707892213		-0.4847392457770354	-0.25439750113046244	-0.6917580434978277	-0.23331799495154115	1.0175710909147995	-0.22648307360520903	3.8872695663908985	-3.9659903084877044	-1.1621728358891374	-1.2444191848583586	1.0332540311335379	0.12255264741187233	2.1128597367158335	-0.030042398194062514	-0.3322468708282713	-0.8078366109295345	-0.3592092025585245	0.7345802220840838	-2.0981424175462564	1.7307693878722574	0.2672960450851676	0.6507638554532775	1.195359153041764	1.2496484064591442	0.6697959190668499	1.2488965120496118	0.7003918651033274	0.20467789033723705
2022-04-29	-1.3709012703835128	-0.005508337642751826	-1.027192963175807	-0.543839777393508	-0.5875974781302773	0.7087535220191157	-2.809266780599259	-0.5204660206642089	-2.0068533159484474	-0.463855884798825	-0.556227743864028	-1.1603174489510053	0.7539631342230138	1.7384337655598046	-0.7196940053005534	0.7175065757211954	-0.4248765869331308	-0.7288367550004295	-0.21661492084615475	-1.4168643478210896	-1.0004754078664035	-1.0396141403114711	0.6969534918694578	-0.9112374291286045	0.2894079045753699	-0.43999349823261724	-0.47462725184941235	-1.336913226988223	0.18896134228299388	-4.779637945842211	-0.05339886289476681	1.6459379313297546	0.0054544662391862175	0.295505191572758	-0.13109225268804892	-2.556995766446221	0.38780048289289226	1.0691335740955665	0.6355428517747583	-2.3362919959170085	-2.5102367710018854	-0.10175307541580025	1.321260044527648	2.1828004084529837	0.6656003770820416	-2.622661098879064	-1.0618336339044845	0.2832973602433917	2.007914205609353	-2.3958343236737676	0.2589779998811572	-0.15758547852146876	-0.03663061105309495	-1.7478609877271012	0.007818889559928266	-0.45637416995583635	0.41316970150337795	-0.3840106346665735	1.9110863601277401	0.2283204663896612	-0.17042294624251042	-2.4211981126713056	-0.24655601776909464	-0.32010321704015965	4.580671224586851	-3.018744592484012	-10.353620245447019	0.4390263220194299	-0.5769185551530072	-0.7118955552644479		-0.7343305197628425	-0.6750211412674716	-1.4674133556597582	-0.32050352198402265	1.0164715623587028	-0.48481712640315067	1.7549745107355648	-5.879084564705295	-1.6615221132576323	-2.1273851863840605	-0.34021834399550244	0.12249712067911389	2.043369780309419	-0.552443831584192	-0.6775095187920357	-1.283256879070798	-0.7435801353420644	0.7451055252796337	-3.1511618398219383	2.1345701602254152	-0.007532698726642195	0.24367701416791476	0.5519998737827905	1.584790990752289	0.8105844581558728	1.1823166851525713	-0.12259491565318115	-0.08982078641597013
2022-05-27	-1.703591664687636	-0.0019057730130782602	-1.2825416028484113	-0.7109557031445988	-0.7489569163324035	0.9219926291257643	-4.1773275900773115	-0.8534745403530906	-2.5285684036073093	-0.5558464087303676	-0.8960607838451509	-1.8454162843723907	0.7479576667320629	2.046099129360229	-0.9035711517176139	0.7111110791409772	-0.48328903362213893	-0.9931094022836291	-0.30521186865754757	-1.7759992978927102	-1.3117426846194036	-1.4220314080663883	0.9071501065435612	-1.4203880385329768	0.43012894315335615	-0.6146748329163927	-0.7540463403824731	-1.591663058540469	-0.09643228622640265	-6.400569966632702	-1.7944457613544955	2.187969255603747	-0.3151493182979124	0.2458870399744768	-0.6966585567750698	-3.280169258226792	0.3247672129510306	1.2898371561221182	0.48129546685925106	-2.896236008638226	-3.104553483704329	-0.4669148413897801	1.3181304351284808	2.8708138615712606	0.866486813022167	-6.844747787691631	-2.792631219965756	0.12888506858020676	1.6568831048609098	-4.352619552993019	0.2751350260985177	-0.3862299166061227	-0.10149438867263072	-2.173330238843832	0.013805678081894257	-0.5132395074454621	0.296507358392212	-0.6875933437665225	-0.6969432846393033	-0.0758887209172201	-0.4398877883629808	-3.532015175545766	-0.42572570247399	-0.4076914242002232	6.014986481759905	-4.348142578876889	-13.37371518451954	0.003946545994153894	-0.7785521077073696	-0.979627907403426		-0.8808549228885596	-0.9500650730453302	-2.096242913240417	-0.36003916022175986	0.5102895441159347	-0.7547115695036624	-0.6314536568370386	-7.455626188646448	-1.9828914289502393	-2.8667489826611927	-1.8396865054283467	0.13680632794503111	2.0279754137640253	-1.1569639872490924	-0.9846744645912153	-1.6265145399713532	-1.0262600904702452	0.7579266452774291	-3.9837265725248443	2.824654577642846	-0.22807450614017455	-0.2514259711301321	-0.14985244250439678	1.5325861762041697	0.992958715031417	1.1845875147759557	-1.4458938147636076	-0.5278535179015336
2022-06-29	-2.1382281887601664	0.0034589987051134585	-1.6094383478336738	-0.947533940833658	-0.9687193479265233	1.1612027535624314	-5.643902198809101	-1.373822421048132	-3.2912175375759034	-0.6847998984362107	-1.4933042593835637	-2.9814712055329267	0.6810093535509125	1.872695846475665	-1.357754595550368	0.6462828680043771	-0.5685422029742391	-1.519498954156738	-0.5616787953042213	-2.244857717699574	-1.897784372469033	-1.8066390998369357	0.8103205528236757	-2.3210803719665734	0.26411411184103883	-0.9089024173831568	-1.1051811661442343	-2.0552092810805718	-0.6163012411743267	-8.467315119583844	-3.6290915271576694	2.2304266301107667	-0.9918933449974077	-0.020025021532049436	-1.4070183917482595	-4.037215588487726	0.17184092611064727	1.0922043699459323	0.23569094641681687	-3.634657444471074	-3.0856999684135573	-1.0274653214822962	0.49774386120647307	3.3252822730288507	0.9688702910330047	-11.32190923261851	-4.628417469776366	-0.11612090427286859	0.35548810447724577	-6.1641285455581	0.16540688680082738	-0.6128455039905525	-0.21201144376880166	-2.8669743993686225	0.022184168485864575	-0.6065431297701167	0.11561944659883139	-1.1869040961741888	-4.570823653856678	-0.5300917752272056	-0.9045861913435971	-4.74601194676589	-0.7149546570309298	-0.6169274392660391	6.97059684032768	-6.383531867978633	-16.493116718283858	-1.3541838356053404	-1.1785550040287447	-1.4098168679968097		-1.0723779885784452	-1.495486773778353	-2.794191250707229	-0.4256755288870764	-0.3269580589166452	-1.1815030551045211	-4.192715802023827	-9.050902003238193	-2.596198689630583	-4.086117602901638	-3.9265845163149606	0.09431565294835309	1.27950515840935	-1.771264081582558	-1.245272218256261	-2.1311989138860596	-1.4839855806756646	0.3766599872449561	-4.890882059022928	2.899050776465721	-0.6202687332833747	-1.0945454904679792	-1.022619436038653	1.3535331446668692	0.9546639691135788	0.8798720268701032	-2.777788343676818	-1.486201951829699
2022-07-29	-2.244378255884797	0.010597049122424096	-1.6982040905436975	-0.9941891176114694	-1.0948505962443065	1.2678837711289148	-6.429672451044226	-1.7218687748521049	-3.677915395987938	-0.788255430324174	-1.8412659554060582	-3.307702625854944	0.5113229615114818	1.7083725801817877	-1.4351337695358382	0.4824706447455682	-0.43524339250393496	-1.7840055454971022	-0.6999762509882039	-2.3190115041014536	-2.1850551860939404	-2.116353451630239	0.8075360853263405	-2.4557897746475703	0.15241893370604487	-1.091720388438162	-1.1516657200417697	-2.236557080934105	-0.6631963242702739	-8.962809545440052	-4.1923041459533295	2.29823397616277	-1.397192304998967	-0.036564704604757026	-1.6166106948664165	-4.605565423122101	0.1756327863522884	1.092133733676107	0.18760292092164121	-3.8396919853241656	-3.401370563110113	-1.1167653960733617	-0.1514303150337355	3.4347533733280073	0.9628335566791151	-12.726890428697118	-5.204606436218398	-0.2051694234411947	-0.43028834322755927	-6.756412936083905	0.11783195084590403	-0.6816374864010051	-0.23247732389939912	-3.2057664513368493	0.03406295131127024	-0.6394027879957775	-0.10324601286840362	-1.3634146080157876	-5.666809048030871	-0.6594240029461247	-0.9962065764720762	-5.32888588024899	-0.9678113239711195	-0.6577773244216623	7.186708045588219	-6.888364189051174	-17.4671502365415	-1.609833402713491	-1.3827423990621952	-1.6630053884468978		-1.1016326743827136	-1.8022003099245367	-3.115594577852704	-0.4494556622070789	-0.5662221254726774	-1.4487710224293195	-5.194820514190894	-10.072016288460674	-2.8595676820943225	-4.719589115801384	-4.563509653907715	0.1066813456489939	1.0315421551869264	-1.9636199115880189	-1.4769316262805958	-2.362886596355814	-1.7487962102220322	0.15767821749571453	-5.457406333307468	3.0201667861146717	-0.8068798304140543	-1.2492398197271655	-1.2079126062720462	1.3674299926717168	1.0448220553785106	0.9304693257019352	-3.099843053342255	-1.6933521022376823
2022-08-29	-2.4575439776073438	0.026228720495382163	-1.8577140636173937	-1.1070241319424028	-1.2504843921103017	1.3622598513664492	-7.268165157656952	-1.9107735447776264	-3.976606016472317	-0.851682501749881	-2.060807232816721	-3.5578892886502302	0.3569162448088008	1.752938508145725	-1.5793687587568428	0.3330689455390399	-0.25319967752641404	-2.0801782269826177	-0.8162441305810049	-2.558497786812268	-2.5226555145498537	-2.326186211926988	0.8398627480097431	-2.522659076910429	0.20342642425623225	-1.2445419198583778	-1.12095233345822	-2.4204653059604695	-0.479205465497472	-8.95937919803643	-4.602257709410566	2.5318205526546116	-1.7047726796987064	-0.3139508068099559	-1.8362677665613134	-5.090836322645387	0.1767266687881346	1.1952715745567701	0.10826710287452812	-4.1646516827322415	-3.652651217731247	-1.2486715191628832	-0.589674506239902	3.4900995391903606	0.9827357689138552	-13.847248275478194	-5.66471093592196	-0.3271797041512414	-0.44994228439365713	-7.1738248071870885	0.09361406515938953	-0.7324279733050361	-0.26365306526377097	-3.5793407542771547	0.05580507878455876	-0.6946825267494177	-0.34470397296236044	-1.4351815528784044	-6.450335034669024	-0.7511795660303093	-1.1284467374639036	-6.022322344848334	-1.1507940392800435	-0.7197212470025569	7.273225915248034	-7.001987825019739	-17.779675746902086	-1.631400287079316	-1.6109845499995075	-1.9087135114504221		-1.2057171066022647	-2.1872523912979673	-3.5076784660423073	-0.4879367756094126	-0.8911051688956633	-1.7637010244532902	-5.9173793498393366	-10.858445461906797	-3.124832813043284	-5.304653424845853	-4.955475054638953	0.10033104267931492	0.893160639966581	-2.10120031320551	-1.6128291279141251	-2.5500747185436836	-2.0069664278759944	0.024702431037162853	-5.917945208397768	3.3235572290678768	-0.9119182249875948	-1.2094031326660684	-1.4065843480066604	1.3923379543220875	1.2140899092452528	0.6185021263870283	-3.2441541532771225	-1.72368233551272
2022-09-29	-2.9124645966541465	0.051992182627770944	-2.1930717021673445	-1.3109144577017915	-1.4730278101411542	1.5547142116953339	-8.470150523534699	-2.378091957186861	-4.570442119463692	-0.9620662509338267	-2.578991389151298	-4.611715280592236	0.0929645449120855	1.4122185267139926	-1.9059781926440493	0.07883196931985736	-0.3372257769988174	-2.703257036850765	-1.1165998392945227	-3.089611926028553	-3.2090211224139367	-2.8549559349055826	0.45251744973787567	-3.448030279344408	0.12436964181623011	-1.5821448921858483	-1.2382527816978879	-2.882907823310582	-1.242755417377964	-10.475261585836819	-5.982851950690019	2.3379715983952103	-2.3439898457728106	-0.8263952692941956	-2.478620340891702	-5.942532046345818	-0.054278473168558605	0.7506972544268606	-0.30156987555199777	-4.876692280570282	-4.285987115510096	-1.8983523490577028	-1.5526901490793676	3.036938993339298	0.8771985391131825	-17.157741023978986	-7.0189868004956395	-0.6738596175525906	-1.5016160859132412	-8.43463585765744	-0.07082163242389683	-0.896802897725756	-0.4155135630279432	-4.300685721211529	0.08744240244263324	-0.8002254286998607	-0.5366439040528981	-1.8360559221098782	-9.999211922287202	-1.1679773251759826	-1.766663858301655	-7.102957114414949	-1.530695087187624	-0.8644718570299403	6.372969308802254	-8.632039084902061	-19.63835394170323	-2.998017154505135	-2.090627236473395	-2.4522345709952447		-1.4263132775824232	-2.883537469085475	-4.135548317257253	-0.5613426267078268	-2.1004283678748408	-2.3941263787620883	-9.171016888541828	-12.246255333778933	-3.7628831969178194	-6.602509857858593	-6.742460972123723	-0.017395125324846106	-0.0904294948537796	-2.5344406461400766	-2.0034159768696114	-2.9410988640451805	-2.5813741480429115	-0.4285780600775908	-6.6978604695901325	3.154458148329045	-1.197592616405288	-2.0020623609454304	-2.222380765067925	0.9744271161138229	1.0764309975943078	0.043229291373407364	-3.8294324944595957	-2.4930085449407073
2022-10-28	-3.323208634966548	0.08203310747771297	-2.4925097967763463	-1.4312804312510536	-1.61775529218324	1.6893429396039075	-9.894591715726648	-2.7048387756862198	-4.965796256015068	-1.0430994611218516	-2.8719695094964806	-4.764598052285976	-0.11740060159795007	1.398768900104706	-1.9785311244192485	-0.12332359138806481	-0.45467293807603326	-2.968525001801062	-1.2099518122190425	-3.550787964872356	-3.505888338802066	-3.3113197417468783	0.1981248279041239	-3.5003301878731037	0.1679728898680075	-1.713364764821744	-1.2150730328035948	-3.202023405805768	-0.8262202979353788	-10.50864513833588	-6.760883087411884	2.5933280912948184	-2.4931566947946067	-0.8464726188493188	-2.815535944716146	-6.619714484492327	-0.09115112303152273	0.36957586961203504	-0.4816512704585989	-5.4489946362462405	-5.1993231851079145	-2.164843914299354	-1.9584674801346154	2.8766873360629006	0.8358571089774571	-19.267497404695746	-7.887384651827688	-0.882022744258947	-2.176342865516162	-9.359851357551008	-0.06973457129311811	-0.9924674785469385	-0.5245908358181914	-4.644994875839529	0.12542834893079657	-0.8762165458755504	-0.6407462164103137	-1.6961546207506402	-11.211523936292963	-1.3107032356244446	-2.227749506260295	-8.335834068729298	-1.7829827636224849	-0.9009594114845534	6.103577405123076	-8.854019716028887	-20.131374158715715	-3.0621710888880784	-2.3000762754070934	-2.7575836908676905		-1.6057954621652542	-3.1111961005167785	-4.833790007396566	-0.6148726273673191	-2.9197274265227833	-2.853603783299377	-10.285654745559441	-13.093591878308729	-4.174290326605792	-7.28793729992789	-7.320206510855826	-0.08672202779521854	-0.052021862371972816	-2.799209207033414	-2.3701349834297503	-3.197808260564983	-2.9018199611144553	-0.5633902551822203	-7.208266618340829	3.5727390618924915	-1.1923364101657725	-1.9456403126369253	-2.6494168972854197	0.9040465371287212	0.8847336640820131	0.24892541717554195	-4.328557676717708	-2.4943433861725737
2022-11-29	-3.413586898842638	0.12304445481443338	-2.5594274314295973	-1.4429157268741548	-1.622275867478411	1.6305585177975033	-10.409731489286031	-2.703873392394648	-4.840281135987112	-1.0166268648189956	-2.825122316548047	-4.1464278823868455	-0.13130270541761746	1.5664954802980233	-1.9630677153493465	-0.13767926126261898	-0.4151202539519616	-2.777091265187522	-1.0988787378759248	-3.7108718622118744	-3.2734123890941618	-3.3260484146481843	0.22977176560029022	-3.272179983216674	0.18185921107660974	-1.6203144630240942	-1.0875875236877093	-3.0420396384737884	-0.13923482667408393	-10.242894681247066	-7.230231723131084	2.8513547865102247	-2.181121438305695	-0.5651927653692042	-2.893242369183227	-6.884223970714949	0.03823811670283561	0.3473090451751659	-0.32335319388189276	-5.459194323071998	-5.347827948735997	-2.097486160272055	-1.6265860809520234	2.5726864193862937	0.7699809706055429	-20.379350044385944	-8.342648483408084	-0.9539156457575224	-2.5431104363502186	-9.448650505723379	0.03468165590276584	-1.055161506045776	-0.5933301450616568	-4.510001217088707	0.17359031348030385	-0.9116406868341187	-0.580824312548696	-1.4526216616144367	-11.113679855080875	-1.2983156324642948	-2.519422825770235	-8.794604843161267	-1.7842565713263596	-0.8973947668373938	5.431255352341523	-8.487349708878725	-20.179456847638818	-2.5126006231697318	-2.159294332614998	-2.6382667524388026		-1.6636843565390862	-2.871455830145095	-5.082185115624171	-0.6386911835706641	-3.2615342291524883	-2.934926578984353	-10.187934487505856	-13.594108686287669	-3.995047507008863	-7.166993564253957	-7.262226009033867	-0.147570477943745	0.4828482846693589	-2.9517805069366148	-2.3906044103828563	-3.1104098604720463	-2.7849143505116345	-0.41106687529440933	-7.49019050150298	3.9262116856348186	-1.0207505546828983	-1.35118189267682	-2.820220487691344	1.0983534252460316	0.8558920585766217	0.7368587281931838	-4.797450630249642	-2.2910082243723053
2022-12-29	-3.432929557617811	0.1761429847876741	-2.573438718289964	-1.503845958130519	-1.589706718894103	1.5403561965676964	-10.804675943742907	-2.658496405842868	-4.668140323526231	-0.95229314548736	-2.8143428160513295	-3.6985843674577836	-0.04200033059151309	1.6543037024224816	-1.9549001322831785	-0.052820286098302915	-0.424717456738513	-2.597286986275982	-0.9741168461338781	-3.820198813092034	-3.035027810064186	-3.2379668017845944	0.23371500547890633	-3.4165749568906705	0.18504488013503106	-1.520757734727404	-1.0816079944999757	-2.870816499293909	0.4853657943266114	-10.572827456993735	-8.024525364585543	2.944541670212086	-1.980218368908588	-0.3095776124280718	-3.113807399258114	-7.054995209015814	0.1121079172113042	0.40607661107303983	-0.19831448640746885	-5.414710383959616	-5.0659398088495635	-2.145580358225132	-1.3771926375370072	2.327402763680219	0.69993133049541	-22.364887530416297	-9.157225405459059	-1.0295476839887385	-3.6621432226580453	-9.823537004335293	0.08315400280476481	-1.1529761537902878	-0.6383293251279554	-4.335503789417984	0.23438232588731012	-0.8997998011793555	-0.33832621059495693	-1.338677018782505	-11.950177555359687	-1.3965812106837063	-2.710763503779603	-9.141771822628911	-1.708154011939854	-0.8946310765938783	4.907149476129604	-8.68332049683221	-20.658022699473435	-2.5350496767619006	-2.0237040702664046	-2.4936656773554446		-1.6851794963519708	-2.620747775237504	-5.26268767441772	-0.6289616098817064	-3.64231962457535	-2.973484763766862	-10.95228235546972	-14.128769689992936	-3.795990100610034	-7.009077132122002	-7.678599725286972	-0.18032622406449406	0.7163831535473548	-3.198627731904537	-2.3265981975911387	-2.984855117929172	-2.643815920959476	-0.37772394700272116	-7.774212707093071	4.050057655566551	-0.980771186586594	-0.9743239395541536	-3.1812346705711008	1.2115387115288314	0.879274664652101	1.1396376698606332	-5.6027952839030775	-2.418703951414898
2023-01-27	-3.217934176219458	0.23264905164580796	-2.413717870283236	-1.460512503868479	-1.4773681724089194	1.4111297523883302	-10.500959678749979	-2.3695194338073335	-4.227886808933093	-0.8140824560784701	-2.501407388826749	-2.900232918493188	0.22037104556213905	1.894050381454278	-1.7473730659708764	0.19631640449202337	-0.3671162525271683	-2.08764229715176	-0.7734247521475268	-3.651037579570783	-2.4436799642537608	-2.7876432136494245	0.39789469087173046	-2.9414603031318904	0.33872363764447755	-1.3154473331811118	-1.1099008775010262	-2.4046345048538313	1.1357784225749015	-9.553852302760873	-7.813394379724173	3.1181899352786964	-1.3820048515613763	-0.14521205272484394	-2.8663187317721395	-6.507837507197166	0.20051740094034898	0.43836210243624407	-0.10355305817407157	-5.0032146648444495	-4.2048234778553635	-1.6040330077770761	-0.5926170763443395	2.1697155760378877	0.6609261509813269	-21.441805869385405	-8.77904489989956	-0.9425914031656966	-3.0357172591040325	-8.69703400102918	0.14069690850949002	-1.1118165779878044	-0.6221953191132812	-3.8079629106201196	0.29979003892054834	-0.8466307650223968	-0.1502953309610291	-1.2492458360720633	-10.75673706970781	-1.255583259931548	-2.64997218974446	-8.879561530774467	-1.4675830468975732	-0.800277699927836	4.55939542009105	-7.531828845777312	-19.09494529283947	-1.6825780792421483	-1.6328244994105887	-2.0325911037843483		-1.5973664291353202	-2.044061229785207	-5.0935921798814405	-0.5905264977132632	-3.4150445402571563	-2.7318977052914803	-9.855451560637505	-13.429624920856625	-3.2118617338686875	-6.1534985418164325	-6.986177332673691	-0.17751077024404793	1.1309497143977723	-3.075595751461016	-1.9806174113347481	-2.6854211463816426	-2.17697020557479	-0.15037656700982893	-7.350007157300034	4.268742010038633	-0.7824804297073982	-0.476949676789161	-2.9592510093382316	1.1466589129198752	0.8140549112413247	1.2498105383031373	-5.517408069098494	-2.2948218933055102
2023-02-28	-3.1945092228922505	0.2969623263587522	-2.3938714675406914	-1.4655591747617436	-1.4624004527269285	1.2954503405276263	-10.533503818967503	-2.2378052077968533	-4.036798915874513	-0.7483700762995369	-2.471731159052034	-2.2897569858629367	0.2505636225687198	1.8149190722601531	-1.653250493037298	0.2237226378182413	-0.4245994903686672	-1.7938630980494494	-0.645135879679227	-3.7064724473029997	-2.0903348543495426	-2.7099793028376027	0.3911097159822816	-2.4857933716653804	0.3540235429566003	-1.1931862540541047	-1.313183111298116	-2.2343617283219714	1.7832726884809347	-8.679984378570651	-7.604977445468961	3.0609258928933762	-1.0078848918452934	-0.2628812190348384	-2.6601057768651586	-6.215861228980877	0.22347347132607354	0.29166516994375513	-0.0736433175594371	-4.919786405015316	-4.046211776014523	-1.2687087144280014	-0.337367156043598	1.8941316220736013	0.5674903789549237	-20.42791865579386	-8.363127338013996	-0.924790246070927	-3.310930216653375	-8.013634487774738	0.14670650761600257	-1.0705174098539985	-0.6403797011561885	-3.4971243847938496	0.3742978323366657	-0.8362738891932082	-0.20911520029876485	-1.33055487218936	-10.20702175599098	-1.1910007788939936	-2.7278289261091118	-8.923877612609559	-1.3967933971838562	-0.7513325413799095	3.971916483030469	-6.630802534978841	-17.806337508292586	-1.0375948264808983	-1.4161818148200354	-1.830237090945964		-1.612172615392538	-1.6271401309612088	-5.114811621157557	-0.5821356562203732	-3.445298751637864	-2.7058803273987024	-9.350405100626801	-12.959049409347486	-3.00222644935414	-5.666943909007472	-6.586471105395049	-0.19083778490318792	1.196295334870868	-2.9636857179432923	-1.9281088723955335	-2.554402819724217	-1.9657243111182652	-0.040035961948248655	-7.031995763378767	4.135956094164861	-0.6523444597703403	-0.06997570292462285	-2.714777528309213	1.0418509896701664	0.6397291598506811	0.9233880058825434	-5.381657386133853	-2.1655880596325545
2023-03-29	-2.9965936658164196	0.36919106669502355	-2.245087558784647	-1.3742196187363973	-1.3627375664977528	1.0462267843010054	-10.22723355490912	-2.1280033541594605	-3.832804818753985	-0.6483146378308859	-2.3833535373457693	-1.806131861482882	0.4998175496833568	1.645466045343177	-1.570689053571897	0.46280271579689725	-0.4814550057042446	-1.5478204025807685	-0.5592821834576327	-3.4843050497573103	-1.7821556720394938	-2.578098207747537	0.3947234290396153	-2.6740487654751917	0.32183673280583847	-1.088961110562419	-1.4875901478291027	-2.0247109924771536	2.1365292280063954	-8.914121980846232	-6.870885120813142	2.875912304493742	-1.1932346901310495	-0.2931469355282559	-2.2108960834468405	-5.673066745666844	0.25132557961619284	0.2572474350411653	0.07672702698409495	-4.606332576453468	-3.7925988777320114	-0.9215056553250491	-0.19036505406998572	1.5525622371043397	0.47238119242866006	-18.06625395902239	-7.39137766785538	-1.0070025925237154	-3.9107422396543967	-7.364369740232064	0.08919299648942669	-0.9706472712855998	-0.6051216308776901	-3.292454048221643	0.45576882788546413	-0.7288518502991792	-0.07948621907858922	-1.404537627017966	-9.450422042220339	-1.1018609093535545	-2.5811931037899143	-8.623236317594262	-1.2780198236718192	-0.7072234024477311	3.228669378761481	-6.81745630598769	-17.298726416843493	-1.5462313345402947	-1.2323035765951218	-1.6372921563626548		-1.4924903758123236	-1.3053075622464974	-4.926597554787627	-0.5048674185778168	-3.8271582457574596	-2.7845177583488834	-8.65460928517507	-12.192822237312157	-2.748651402444004	-5.346634520111607	-6.2482633578484865	-0.143587711152648	0.9326378525156969	-2.7167156670596597	-1.837033853704412	-2.4094388845326122	-1.7626393975225483	-0.06729220944711045	-6.475668149099199	3.8950726053107196	-0.8385908076048949	0.11125134532031211	-2.123985169278626	1.0552910531579869	0.5333867161983221	0.6420449712663867	-5.289812877510883	-2.348972174563542
2023-04-28	-2.74353955917222	0.4440526440102843	-2.0526552976531747	-1.2894097893294045	-1.272109758811986	0.8500571463874351	-9.762168787612538	-1.9434857857039063	-3.559878929832479	-0.5408986629290595	-2.2195284669472457	-1.187062161846427	0.7257959531758402	1.5757353719611231	-1.3823477821287895	0.6774211193801847	-0.5287222038691759	-1.1282613515758797	-0.38057104688423493	-3.1971201235553366	-1.2859483984428906	-2.432049046753704	0.5305375803579224	-2.8671126314723665	0.3649014183439512	-0.8711572228099449	-1.4335691917889974	-1.74934801821761	2.432722373457196	-8.987023314006507	-5.822599762821653	2.8466005370535896	-1.075695232937008	0.012751144534746572	-1.7578806233674342	-5.030306250204667	0.3805905799443394	0.46206202536743035	0.43584815834270074	-4.201276031832762	-3.6862815556878346	-0.45082653476617907	0.04161533042764631	1.3666957264947825	0.40107597902899883	-15.300309971219178	-6.255430278781233	-0.9887342395319862	-4.3798423999504905	-6.4968998781132825	0.05795632488697322	-0.8358655559229415	-0.5564270936040252	-2.920340723706161	0.5402098799206243	-0.6204046906415925	0.14937241824362246	-1.2649305274889926	-7.656649636482655	-0.8918064153548286	-2.378201864807167	-8.184691740125118	-1.082690485103825	-0.6131052783038413	2.8527938044104673	-6.723822400817028	-16.451313887895736	-1.82489715950598	-0.920049305363861	-1.3284974811490926		-1.3435060549168156	-0.7585672872077183	-4.658058767079567	-0.4267693701764017	-3.8659950970576062	-2.678685787900875	-7.0122247628452214	-11.168309083825207	-2.407107919546668	-4.762477910102376	-5.433557811664826	-0.08816955900086043	1.0574943106547465	-2.3813290297765874	-1.7404368700963602	-2.2174260365175655	-1.4408306292463422	-0.015589856343666497	-5.76529022619458	3.7968434906680244	-0.87526797279466	0.30317215406176956	-1.507237573658955	1.3098090015173796	0.5415802876597695	0.8520460129294349	-5.0069526350367966	-2.377023794133436
2023-05-26	-2.6468076478575284	0.5180707415073158	-1.9769936570752407	-1.2306890666134152	-1.2359229556193334	0.7026409472151336	-9.662785546083782	-1.7323840137549382	-3.3891799186919087	-0.4510367223855667	-1.9869371998722585	-0.7715424112325593	0.8328677203320396	1.2970674350920177	-1.2820281687362254	0.7783580247603084	-0.583843456525674	-0.8825139891432912	-0.30043216321877253	-3.093021987473108	-0.980448608955605	-2.2988519505672116	0.47451601608543825	-2.962890673143761	0.4587199526740058	-0.7471106388557942	-1.3061621864881445	-1.5214535606113913	2.3304941737016804	-8.83728650627242	-4.344093502855316	2.637580315813846	-1.1043379137649083	0.049835544313367564	-1.0316226336854655	-4.336646731936845	0.4426016686854837	0.38383870214971694	0.4966781588977369	-4.033279097184376	-3.7643990168753376	-0.005002691617590926	-0.05318037156933997	1.1300256388958516	0.30773550301408825	-11.165622021990771	-4.5563508805651765	-1.0269614541535326	-4.496773301778859	-5.710823041968553	-0.01488164427119898	-0.6429238979162619	-0.5420921374900338	-2.7110709166729876	0.6261910817284218	-0.5609508616034304	0.19113428744114813	-1.2975195580670942	-5.836148146054256	-0.6769248262516783	-2.320651672232003	-8.081721966414122	-0.9739168019004865	-0.5571838838351972	2.3481282324232495	-6.637554788204483	-15.483897609960678	-2.1835799536286515	-0.7265062044893895	-1.1299679193914827		-1.2797000957298863	-0.45655991326431433	-4.5895240106084785	-0.38454128531583365	-4.088243425684098	-2.7163269833184955	-5.341280838854914	-9.997640957326055	-2.0900520754307905	-4.4101141684515	-4.568089652374226	-0.07309144343761886	0.8369563028022355	-1.92662843754632	-1.673994470587978	-2.1077734842665663	-1.236679974968247	-0.11403026495727175	-4.941112547245261	3.4823171730378064	-0.9595590356042791	0.35425081367905875	-0.5367489034825184	1.2400874115106149	0.3934611180105847	0.6376973442700518	-4.590144120155756	-2.4464913887831585
2023-06-29	-2.4956359650712017	0.5994603433893388	-1.8612279776827734	-1.1319018782802388	-1.1750293827125766	0.6414165089080939	-9.293349989776942	-1.3920249857999778	-3.0604833308694452	-0.3404917529396947	-1.6766939736566968	0.08460398875260466	0.8434642611540752	1.1073162442320523	-1.1135019243150168	0.7873955092640159	-0.6550428098832768	-0.6224767825206712	-0.1948556979613727	-2.975375552067092	-0.6749641790345322	-2.0749162545343864	0.4667712317976651	-2.6179718270355323	0.6768200880027777	-0.6024109763096561	-1.0600914544775506	-1.2458548910034892	2.6841119057664855	-7.878983311189131	-2.446786033771417	2.484577031324328	-0.9517383543656024	0.15634123738622918	-0.19663791460546065	-3.6156444004259214	0.5621005957690883	0.3948047042648142	0.5334746304292821	-3.7443543276006466	-3.7552869235097717	0.6483435885583191	0.10482001138116459	0.867827482823678	0.22414519111928577	-6.103084149348433	-2.4726801070738134	-0.9958992698920532	-4.51840463925069	-4.136853186188375	-0.019859239093126035	-0.399301615030911	-0.5247735622658389	-2.49222269520817	0.7204112278577526	-0.5205132589191379	0.1851261010780476	-1.1844984629655997	-2.711375575496618	-0.3102897070870796	-2.25131583573976	-7.7683353497669145	-0.824917780331532	-0.47187537315151573	1.7623427441566122	-5.618132065873226	-13.59823693082734	-1.673175276729296	-0.5183691809606259	-0.8949960942409376		-1.226768101556786	-0.1834207700139956	-4.405254990068585	-0.35418039426196657	-3.9200867746792056	-2.698639166907924	-2.4652552773606544	-8.59761532343957	-1.721103002496612	-3.9521451646285186	-2.992308403779788	-0.060333794620866854	1.0716347360378933	-1.3353503822886665	-1.5280606581739704	-1.887684136691874	-0.9927729338912386	0.02088713717982671	-4.0129167219724735	3.247646951580265	-0.9218446520759471	0.999113828555835	0.6106982047826648	1.2153990392037315	0.29421398626048045	0.725965447058968	-3.554742507024727	-2.122401517417302
2023-07-28	-2.3651422941633626	0.682318148494943	-1.76229937760165	-1.043879623875	-1.088879790611486	0.5754998026210671	-9.096330127498291	-0.8560703071096185	-2.670951433657322	-0.2168638992375982	-1.2498210567122925	1.1008724982734321	0.9167160244176102	1.1220247566727934	-0.9062143763948001	0.8567379247992761	-0.6772061690043749	-0.2394225016301874	-0.022310278416792784	-2.9114065348072273	-0.23830149609131013	-1.6825876245286224	0.5337543072473352	-1.9103924211076304	0.9129712204745672	-0.4161590930977397	-0.7583803163817109	-0.8662174089764818	3.00432240404146	-6.21329360131341	-0.4020596012361466	2.4892854687598174	-0.5018880136295962	0.41238635167954385	0.603467133849918	-2.7521007233004084	0.7239593556313935	0.5157758780733275	0.6858611510754287	-3.4628424054919265	-3.4384373276073106	1.4587917822876193	0.5695248617917628	0.9863142657145687	0.23855062785430192	-0.7582228761737042	-0.276679214761856	-0.8869193025495719	-4.511555931943576	-2.4650876419320014	0.06387693960873264	-0.13863504598610632	-0.5027455756438499	-2.0847874259467076	0.8146474112317463	-0.47315220464996344	0.3041393004396795	-0.9662321677310786	1.186362606346222	0.14810260311328705	-2.160666167238915	-7.590414180158689	-0.49627022568334667	-0.36895713195527335	1.993522339653964	-3.977819077765446	-11.205709931645345	-0.5375042028618395	-0.21683083427524963	-0.5301937667112355		-1.1876447288544725	0.2180202149742101	-4.298629479689332	-0.3200488950901246	-3.5509546908201486	-2.487158592961549	1.1224889057768905	-6.988161500427665	-1.2144787954433767	-3.1207497236126898	-0.9883450322934948	-0.038452675797294944	1.7099995179171543	-0.7032286428608856	-1.2408652664203217	-1.637151934238986	-0.6142170667809594	0.25696895565161526	-2.975749860850577	3.237299352186085	-0.7213129822057809	1.8161375915996558	1.7516569919523022	1.3416533391610557	0.30115046641175525	1.0950640299758874	-2.52261534326243	-1.5210436248252677
2023-08-29	-2.303858450460538	0.7671880660436159	-1.7149821603740492	-0.972531254107686	-1.0629853003849554	0.5285445287850479	-9.182691239816492	-0.4994574943016019	-2.4277645776773085	-0.15270383045433888	-1.0638263734238365	1.549645683375303	0.9148173455350275	1.0136681996922263	-0.7230797531696354	0.8538797607803232	-0.840977323492492	-0.1228445524171562	0.0982498637469078	-2.917009574976163	-0.09519378581070725	-1.523811952959683	0.43883831555115904	-1.6605018363106296	0.9972441734751705	-0.34290464365418316	-0.5485777510581684	-0.7568694677222183	3.1309299942909803	-5.534444493570874	0.9873155172990664	2.533489138586262	-0.3614045755160049	0.5734451759116297	1.0341698393336074	-2.168365221104459	0.8273833497062952	0.3838715000537434	0.6354355570751267	-3.3082589097671473	-3.398688140448101	1.789493487612674	0.5899160068836551	1.1171760967855775	0.24100938133353544	2.6306192269653934	1.1173725640469456	-0.8613273457342068	-5.209701033143489	-1.6346104137749933	0.09453689072656601	0.03466699387873362	-0.4999880031581938	-1.9300384932372907	0.9102263645518747	-0.41601312360117504	0.3985865732608147	-0.6688323175199926	3.4443125540616393	0.4150147415703813	-2.1489680879492425	-7.649559576996822	-0.3173878288233496	-0.27544782180005356	2.2512443774031965	-3.266960848414925	-10.022021784013134	-0.10302646390394443	-0.12166134022092479	-0.4060947586805739		-1.1683418087598483	0.35498683690494914	-4.324631445271926	-0.2794089946893479	-3.4456342494030565	-2.4383672009120474	3.197099823271458	-5.877727088828507	-1.0522578077756748	-2.753579939571864	0.15871932170531977	-0.018141744371583002	1.9254842667038616	-0.28309643788670513	-1.1299217004737443	-1.482433561456844	-0.48609609402709	0.3214114826536658	-2.2157361698390545	3.276631212828434	-0.6304597715489635	2.2512074438605936	2.403390230161378	1.2012685466910966	0.16957760238216224	1.2938561377015958	-1.86600519587833	-1.0698459338135535
2023-09-29	-2.370957200705547	0.8551301212272762	-1.758285960364816	-0.9498903729864878	-1.0914620232571117	0.5670372813258702	-9.698520383136682	-0.2853877578776576	-2.3819724194366785	-0.17918151443350894	-1.0488990665539575	1.4726993446823116	0.802893935331916	0.9238961275317479	-0.6346244210111109	0.7458901115205521	-1.0848214043517928	-0.16438800216111105	0.18999725628964725	-3.05843599458953	-0.137636075332928	-1.511420964512233	0.20422269613190025	-1.8104971924326065	0.957620155162811	-0.3559903006980356	-0.3546512236569086	-0.69934299960169	2.490110283403041	-5.63055266936982	1.5959982523336294	2.661308242259839	-0.33044960860266315	0.45445111985337405	1.1339800907434707	-1.77941620872528	0.818095829990412	0.024444641604404183	0.36425849880650674	-3.3605726746574334	-3.4567039794783128	1.7689620581702314	0.41212056183201184	1.4679760971251028	0.2688633276412471	4.327597277339976	1.8161399939458818	-0.9293802921365177	-6.110075280816673	-1.4755196076213224	0.058413482351731716	0.11824044423211433	-0.5205003483333712	-1.9391552074463831	1.007788436710129	-0.36088368815065053	0.32088598879225216	-0.4687390554077311	3.961726559054455	0.4766064003114252	-2.234957939202104	-8.076587841678872	-0.233046045281597	-0.2259924017559527	3.1052794323994135	-3.329880470954805	-9.843854945154447	-0.24680303660721847	-0.14921385173551016	-0.4248623758855956		-1.1905950688276334	0.25568993662712813	-4.560145160951535	-0.23988553807624413	-3.723557856738708	-2.4700077013431923	3.6785116115952405	-5.113561166124896	-0.9929677076668995	-2.7105508401717486	0.4561207900536033	-0.0021278665172062006	1.7889497950193913	-0.10006618675274837	-1.123340054579657	-1.463545956775178	-0.5038398933433683	0.2538149916321686	-1.6706800835437434	3.399524025958023	-0.6139202832641288	2.1412334841354976	2.5938291024375673	0.8343336439548921	-0.07055561722837922	1.0990564746279006	-1.5806870773913175	-0.8167963733739754
2023-10-27	-2.4909900409541166	0.9405137195129356	-1.8408239231158063	-0.9266473352835618	-1.1158389478100688	0.5815103394443959	-10.337812105655331	-0.31135790853151235	-2.4105420235648154	-0.20557111067505218	-1.1560004514486764	0.9266161662996808	0.9101603276499333	0.7296472646624963	-0.6238595178545054	0.848543728180104	-1.381286291233085	-0.3875262651981757	0.16125852923404693	-3.2374117088289296	-0.3763211228915182	-1.609617735942713	-0.11985944094708145	-2.377749988916136	0.8758660217559537	-0.4317251167196119	-0.2982697892407984	-0.8266016236725235	2.0811504696265644	-6.666505206234433	1.8002571248193533	2.61742453010401	-0.5380670203665687	0.09937371635319892	1.146116235100365	-1.604130825332419	0.713072890076333	-0.3031067165060435	0.03218007241007115	-3.517514043740178	-3.5616125645725347	1.4031906898788833	0.03395385075245372	1.6725043567455202	0.2798580420837542	4.782671325402703	2.0030778579425714	-1.0583976299557527	-7.3492677077865665	-2.018066097700114	-0.04507093928915751	0.1457175328152509	-0.5393201020771414	-2.2032478338120924	1.1016672773138083	-0.2917226151421488	0.29366731318545547	-0.4295160886831937	3.228603502619137	0.3911182596619298	-2.315180598312793	-8.608990636866324	-0.256947435781818	-0.21314838915680312	3.478114109975607	-4.275236173433797	-10.832087831563257	-1.0463571614778857	-0.31474546815869786	-0.5921820155117743		-1.22063604145292	0.004075507479363694	-4.857212891594138	-0.19026833690490008	-4.1738455224260065	-2.611194422918004	3.0154064348864154	-4.702853136377399	-1.1675339468111474	-3.1135349254712708	0.07174382058363449	0.025434598965851762	1.258011903948642	-0.058969328552016975	-1.205491852346782	-1.5041506078321447	-0.6797191874208366	0.06494078665982528	-1.3578003795701434	3.274852137744084	-0.7103534233197983	1.6924983201688235	2.640494785713031	0.3985641370659465	-0.2730689773112758	0.5894286775364463	-1.7534299874771477	-1.0171860751273272
2023-11-29	-2.2729056905013607	1.0257245855824095	-1.6755347903261324	-0.7868356107997769	-1.0234771953305284	0.48483009500912644	-10.105803876470972	0.03803969006147412	-2.033218203079997	-0.12166809463289496	-0.8831889406666278	1.3699935142552704	1.047643882696562	0.6596850076026968	-0.36727714021115787	0.97926570970548	-1.5296524519746661	-0.16737762500429199	0.39311284305838967	-3.0681477371256847	-0.12621560703918533	-1.3941036979851873	-0.0660955890524022	-2.206611004799825	0.9980248036072226	-0.27331990508682225	-0.05893323071688883	-0.628758381820667	2.541332063213659	-6.2266678079480755	3.3996743680735335	2.5310151226631206	-0.17290631610967466	0.09876811051880452	1.801554715072399	-0.9405050791387879	0.8141963014359561	-0.2440721615176713	-0.014431117912259595	-3.108750175441287	-3.5269066802934432	1.6369711428336302	0.2791663972650724	1.6408593566109602	0.2553798142007171	8.428488848769973	3.5035108084776425	-0.9917592176489798	-8.312831993926181	-1.304496213429843	-0.031359014106733696	0.34099949878849856	-0.5054127145853577	-1.94202424409319	1.195234461907134	-0.17908777642497853	0.40318139080348203	0.06075206973750369	5.778318445498655	0.6911443054342499	-2.1740580216333427	-8.377652171097907	-0.08222610655858631	-0.09345123096682073	3.23053178190861	-3.725273984000495	-9.997902335695017	-0.6539840608893712	-0.1394861963911822	-0.3886883695214749		-1.1137281271417123	0.25039168967001046	-4.717075651429099	-0.11010713196204591	-3.841565622919859	-2.3989521792586785	5.366836811314386	-3.4742948370569735	-0.9002155373884619	-2.6125759202362246	1.3550081319162075	0.07949877577641473	1.4912255425127938	0.4292612926126722	-1.0559122386721143	-1.2613491763105458	-0.47052230544085916	0.15674776916115007	-0.5914315243614467	3.0797132269689627	-0.5035960307948955	1.9847347353398987	3.5499299237243065	0.2777188661373913	-0.2976538866720517	0.575788557273782	-1.1226257356017726	-0.548628150405122
2023-12-29	-1.8123179445403252	1.1109956064201754	-1.3353860836412252	-0.5477276721635107	-0.8655839768906581	0.35436220339823166	-9.174140789707465	0.4553351988111132	-1.4400632705197438	-0.014215942435708229	-0.4201935289742593	2.430226632673225	1.1922815447299016	0.6941773081902269	0.022890164086454945	1.1160609421778318	-1.4966664994687022	0.25506594790793	0.6805002451444118	-2.6429386105068176	0.34070901895363903	-1.0801476011617126	0.13635120969918546	-1.0344402995310986	1.2364829235888486	-0.06758737553824545	0.3940045541809809	-0.24093549896608835	3.5853603382653603	-3.936655315820559	5.1482224826001755	2.452715142804948	0.48232225655003447	0.4118851404968069	2.5302441181958457	-0.2560609095555577	0.9622831879959719	-0.08334102318611514	0.08464792586590875	-2.3744970106351673	-3.569661861084448	2.3677888526414534	0.9256125809995126	1.453443902362146	0.19339173057698034	12.86798744911573	5.330137728712316	-0.7560903134849539	-8.622539349430753	-0.12407036463369536	0.10534420718808946	0.5602479265356131	-0.4235157712483044	-1.4272098852006891	1.287953114964111	-0.020886840520887517	0.42066807261143424	0.757842647781473	9.47322769757568	1.1258423940059004	-1.8359949485051459	-7.53123864167938	0.18914101619166956	0.08708844361325063	2.6557683215974635	-1.5272372615316385	-7.130374522232216	1.0351912756115382	0.18875927867373576	-0.02990303892064361		-0.9035359871251529	0.6837903099276943	-4.215533348861044	0.0038725036175080163	-2.8959760532575274	-1.990297163036054	8.766532566373655	-2.062323690688146	-0.4027275167513622	-1.7194109147724532	3.368211699995868	0.16015741591571242	2.3048894247093017	0.9793926702755016	-0.8346233251705826	-0.8525587647606301	-0.09491826825971827	0.4146332419737391	0.21130861388504485	2.9176070526674422	-0.15228068002897288	2.8628652146994966	4.548403306806833	0.34612142400385437	-0.27046346642003627	1.0790754937256963	-0.19279679541723738	0.38790640321380465
2024-01-29	-1.5065493814127962	1.1916399246347709	-1.1093009235927553	-0.39993675238285675	-0.7910181156818865	0.30092787026167755	-8.773592326172931	0.6993997712783866	-1.0666194696947002	0.046085227310292964	-0.12176730221337806	3.215455321853625	1.2303664851591947	0.5374054979300524	0.3358653591629235	1.1512160754501437	-1.5772463276227953	0.5641269285946748	0.9435667027612382	-2.3697553690440145	0.6813413778566115	-0.9313799766179045	0.17848143480148337	-0.28674102855795525	1.3323086005362015	0.1571380235754063	0.8045778427068839	0.09017265668445873	4.018443707876102	-2.4605642384346993	7.133030870429991	2.3351608441593896	1.0512020717919768	0.7951333563170522	3.3361301373994863	0.6543741901401603	1.1361174404620797	-0.12153052546214127	0.17138443650556923	-1.8764440730773941	-3.7575484248429163	2.9050372018464827	1.0650506304550333	1.4449918337308816	0.1562582651273985	17.467079447878234	7.224574722756273	-0.6239202778247943	-9.666248564686214	0.5084380487436988	0.23428600331340377	0.7999453287887981	-0.3654056818305058	-1.1012701361043895	1.375786174855108	0.11392024631511788	0.3559058829619062	1.6166383539618039	13.292039056771387	1.5743954441923478	-1.5947040866794708	-7.1346854224279355	0.37797819883470396	0.23455868883581488	2.5465482418324967	-0.012253347804062287	-5.1138564558646635	2.183738868269586	0.41585680609414766	0.2098132421803527		-0.7529304776639663	0.9674655427410741	-3.9652294723294474	0.10002472319045097	-2.365588305846444	-1.7740241127868543	12.285829028005992	-0.33817364688988505	-0.032797235924341805	-1.2035351850616394	5.332147359578585	0.2282613978349275	3.0425981220031986	1.573639345723727	-0.7133213828237857	-0.5956668485535204	0.15338978406197157	0.49596712966329193	1.2181205457556672	2.738143021840216	0.20267860779654967	3.501132961634653	5.684283419764341	0.45752045965743093	-0.3180990450646064	1.7328237208112682	0.28732106896872267	1.3723734584290526
2024-02-29	-1.3021529223811825	1.2708669683032525	-0.9555671140763025	-0.2828022257606335	-0.7372821377465968	0.3094109075335325	-8.365447246425163	1.0128337870813269	-0.7075850777415553	0.08749645263255701	0.2273730495699553	4.334086116447452	1.2651421675033276	0.39402032783157637	0.576141577281092	1.1829724564410853	-1.6355084031348834	0.9095839751345025	1.305274697929427	-2.1982824741289306	1.0701987002533002	-0.6899743733386998	0.20742227655410517	0.34935751041291496	1.405823796892573	0.48685713056163493	1.2499363770894263	0.4822677628775267	4.734438551947662	-0.8533824765532358	9.22396291735086	2.257895290341601	1.7127378945477716	1.321315246404751	4.0501937695631725	1.5005865373616558	1.339831099667478	-0.18655632731922367	0.27696881415057106	-1.5570073901861292	-3.7575761004942976	3.42159312734033	1.2625586301013811	1.4359771234729664	0.10466669896146463	21.75364719568745	8.988732035526766	-0.5317969422199056	-10.278221098359552	1.7837265725162865	0.34328128666417257	1.055090392994881	-0.32455731752017414	-0.7891775161031944	1.4623678095166497	0.20255495889993824	0.2738669934231659	2.8385241171154902	17.535047260694	2.0729786431200026	-1.422920526109138	-6.762397048633332	0.6141975245071336	0.34989118045114154	2.537845337899867	1.7360095242281943	-2.4445406591620724	3.317529388824937	0.6767963757429527	0.5058985030577503		-0.662921730637116	1.2842920304726135	-3.7442306152808627	0.1637003381123776	-1.9382011264073213	-1.6188286808269652	16.184514065924077	1.1653763151371237	0.435212113140544	-0.7113822728823749	7.5033528931244575	0.2784300250094631	3.9258586080977125	2.208397175451047	-0.5348192997901577	-0.3651989610838129	0.45222267090746726	0.723242492290062	2.1016228582173397	2.649838030100213	0.6065820415497782	4.493786443721433	6.627200607665415	0.6719170482972601	-0.32684885674205333	2.680727683035414	1.0658105859028382	3.121189674439222
2024-03-28	-1.0583905715280224	1.3459029110732672	-0.7756101723255711	-0.14708217916170696	-0.6792962193431578	0.4070191125989524	-7.882871574348528	1.2820972154749413	-0.2750968829118108	0.10921698985447748	0.6141112321983258	5.579324312771675	1.537736637771694	0.4650288643895948	0.820449861290534	1.442600428174316	-1.658818307713739	1.334679756152461	1.7691114964121901	-1.9821766073541909	1.5403823021281369	-0.4172365848003352	0.36805993828820505	1.060321182378317	1.4562866229144689	0.8876209811666271	1.5828542669524452	0.9149878474985798	5.566055630214933	0.9136113051997086	11.058342939800866	2.4089189317831057	2.4998794926415826	1.826447271202369	4.701403858743298	2.355440910431909	1.5555837340226049	-0.016515635528769224	0.4343497140527077	-1.1788466577410333	-3.6792923580336065	4.007510846193128	1.7897386461063007	1.5796962823490546	0.10254354295605417	25.441125112013083	10.508497670746578	-0.41803299277490424	-10.669506577277282	2.925070984638751	0.5020746740303252	1.285469207196936	-0.27345574714934173	-0.37905371452937686	1.5437059782726266	0.2929890778978148	0.3623012064868938	4.040903489624554	21.945103256705238	2.5918760015838345	-1.21223589784384	-6.327363625287461	0.8026244902951092	0.46707852801544547	2.874484554350815	3.7937325729696454	0.2780331322374252	4.875247977930059	1.0029367850846072	0.8674757023241781		-0.5582055049469119	1.6930905298368089	-3.480102803462657	0.22740046917673595	-1.4775568430659547	-1.351341356446433	20.236567579205655	2.639547407204901	0.9788332075379813	-0.060205724922525405	9.750633220481575	0.3377554659638875	5.127451147865401	2.7612275253332115	-0.3432930538633485	-0.08403615692220257	0.8149339706346765	1.1077313489913294	2.981251619920002	2.860815820825522	1.0493127553952277	5.625620967954617	7.398717443780114	0.9950507550193066	-0.196477163657363	3.551165570199416	1.686773382655801	5.147616613748639
2024-04-29	-1.0115764002519114	1.417175807635246	-0.7392679916722926	-0.08182240614599579	-0.6745387524676367	0.5736054973022355	-7.863400337565707	1.527014728659239	-0.0465587693824574	0.09726466243621346	0.8511126118170935	6.223094002349626	1.9429473039642389	0.6107413983547616	0.9576970794794448	1.8294483000254829	-1.7021024493682173	1.5430576305961878	1.9756064155912654	-1.9832326768724045	1.7616715798535978	-0.16921871804610333	0.5091398890113368	1.3173116892416772	1.4389969017364272	1.0967491376977527	1.9160892801699134	1.0515440850965305	6.055364560374699	1.5014128866005763	11.923546932026625	2.610558413689418	2.9407173447160915	1.9276183082365748	4.901585191984296	2.9186330011150545	1.6376794872147542	0.17873718870865218	0.5086189735293161	-1.089387331251018	-3.377905129365068	4.168926302158312	2.087467415328703	1.7396429234659436	0.1339939766384184	26.938665059789685	11.126469109328838	-0.40703052249871163	-10.822274819447934	3.347601716007034	0.5621530701101385	1.4006883383534259	-0.25417909414982987	-0.17575859541053518	1.6214231912624513	0.3402746452019869	0.6091866015685667	4.669347554716367	24.051627912801052	2.840931003325295	-1.132996809957362	-6.307579811303313	1.019196565268686	0.5336932510291774	3.2472102696014957	4.571884577577549	1.3083003826629636	5.469737778604326	1.1580875006690263	1.073847621485264		-0.548111206613406	1.9264645904466278	-3.4612617066390925	0.2618966989345921	-1.4731012145700362	-1.2161881203167297	22.17853187451533	3.5278997264072274	1.1536695926653806	0.361230527401176	10.813116899612936	0.3802144300707866	5.7187984347847305	3.0266472134803024	-0.13829129442542865	0.06425269810883805	1.0277184092337421	1.291696910019823	3.4651180505100996	3.0849875359124184	1.3024686296230428	6.250438339406799	7.574378080273561	1.2058361077170474	-0.02917332009182516	3.663130478544005	1.9089047634122096	6.3187409899955895
2024-05-29	-0.8982523206779831	1.4851876018433927	-0.6529844737770674	-0.030903324520934916	-0.6559263094437497	0.7021364309495759	-7.633782148683906	1.8031588457317795	0.2007866308334627	0.11812351074327765	1.1249248086714232	6.82822461109339	2.2531103850075738	0.7248494637632916	1.0852756757081679	2.1245948481448664	-1.5963909002494852	1.8247186447192192	2.1812751043455236	-1.8976248692923008	2.0769798558954378	0.15602890848755635	0.7412644607600711	1.65535061996556	1.3800191288542756	1.3261554532065958	2.242969777064289	1.2080598085001952	6.6517041593817225	2.327885386302512	13.476661034325332	2.626490582794162	3.435569942395176	2.130189684105204	5.508435795595844	3.581420937400324	1.71870443891207	0.5774250864752446	0.6186750715626275	-0.9118679869030757	-2.9091597846024158	4.314873065636931	2.3996223576088482	1.7599280560745996	0.16100955328735544	29.926156667546252	12.36015613472074	-0.3749977894503118	-10.696177890740415	3.444603166192252	0.5890482160759483	1.5890267612211844	-0.21990907434826212	0.12276521346091585	1.6950509566482594	0.39779935079728546	1.1118546081005505	5.542704911144618	26.951910923001208	3.182574654358092	-0.9917255900082864	-6.108743009315731	1.3920040497083193	0.598162533503821	3.2350846525084336	5.386454749231746	2.5243139926719493	6.022901316968671	1.363600327985445	1.3466204214118207		-0.5017751824362193	2.287045593443473	-3.3378848046367224	0.3037133420653646	-1.4081509466189601	-1.0496865489762968	24.855503258905173	4.602584276876698	1.3408399625405991	0.9516684458794487	12.217117765711862	0.42932673401043786	6.196072335632778	3.484828510901373	0.1344387392355202	0.22958586014598126	1.3086217715248551	1.448717081417847	4.062408070364569	3.0468576008514887	1.508689200243083	6.629393632892459	8.230708756382	1.409545604562652	0.25985684680656007	3.8956731606354964	1.9543664731558863	7.4974883607282266
2024-06-28	-0.685184938312986	1.5502982211061465	-0.49351676844580084	0.041135383768533984	-0.6451268575890552	0.8202648246693869	-7.12034033312986	2.0336563755475012	0.4507638436013508	0.10339183465231017	1.4418619465317946	7.065567456296122	2.4337460584659567	0.686123159877674	1.2324681142041953	2.2962838555918097	-1.5894304716453682	1.9750607564575091	2.339390846426106	-1.6688317533806156	2.247084375779963	0.4372341888484641	0.8720638017120308	1.7987874948891545	1.1827862704713468	1.4995611881561857	2.6441714145829067	1.3346660295959865	6.96120501135124	2.864349848910564	15.541643302441429	2.5817421540368954	3.7595333234784363	2.4569263698058847	6.308794425814796	4.285990432776586	1.797787104202257	0.7605525803948936	0.70138292484679	-0.6414204378953912	-2.679574266640685	4.362348403662338	2.3903530865042484	1.8451415174436079	0.1598637514392962	33.766180678253306	13.93887693561129	-0.3029613055195348	-11.237256876204718	3.719989511684304	0.6336681702992273	1.8193655191751255	-0.16282522374868336	0.2819688897691961	1.7655567759689177	0.4820826605865989	1.3066303694873262	6.575215490744142	30.389362373594622	3.5867458145018674	-0.7543187599285517	-5.654391333738744	1.6358697560674642	0.6684603700942624	3.4279336548189008	5.819367626685022	3.3612747849508935	6.2487939146951135	1.4804478519396724	1.525208677966262		-0.39303325410227785	2.4586734474125223	-3.067557451940033	0.3650427863304273	-1.1134344830993967	-0.9738480371947631	28.0159868063958	5.793584904499852	1.5041888868693292	1.3509527366963994	13.797603179381241	0.4910955478337584	6.658207793611325	4.060192576491318	0.3509405670374761	0.39283794374916425	1.4897048400869721	1.4960181547333278	4.741376923069112	2.9939743165333965	1.663968190613879	6.839770265968866	9.106818933938811	1.629532734072484	0.413132067798621	4.323977972234502	2.303669705433151	8.30826058484989
2024-07-29	-0.41668267969376416	1.612067851394528	-0.29673061493407715	0.14212790960870336	-0.5910067422253249	0.841794855458982	-6.62849373614722	2.1718727586549846	0.7307718955058959	0.12073671842316003	1.676435875446579	7.4157553160366945	2.645382853298173	0.6595258254052823	1.4307077336871572	2.4964720740396515	-1.5318946035991292	2.1429954913375653	2.428715077337216	-1.3720899631033632	2.4263308004287722	0.6227627696527946	1.082421864964651	2.705435524886582	1.019800751608578	1.6131028680287152	3.003228640730903	1.4808428992565368	7.7305286260448725	4.798798428069318	16.39395566094265	2.5258750122986697	4.263006857935736	2.878933253832841	6.576069851188819	4.548791753695269	1.8723405235889032	1.0878037185144578	0.87862891578893	-0.3164732821811498	-2.5574646432718	4.615948491193919	2.4552165651161744	1.7401210654740282	0.11124001388369109	35.14385919136515	14.507096212187236	-0.14756829013327533	-11.646105674833159	3.9084243550178144	0.7678896901359984	1.928324339961339	-0.10002426560489752	0.5422959444649038	1.8326560583767275	0.5965892911853956	1.3694786334871196	7.08177686729438	32.68160796227471	3.8562241090723006	-0.49489910218561306	-5.188180995986116	1.7719122206100977	0.7606410478376553	3.2567797030592374	7.106754609277118	4.752424670270642	7.398896565448069	1.6063401413130691	1.6874644752662604		-0.24404306042953294	2.625062182027456	-2.786011889227872	0.44694519520385256	-0.4138976746986458	-0.7849966252847054	30.126768308306964	6.3434313379749625	1.6669958436751955	1.7855592755396117	15.005470918729344	0.5549354708191245	7.395952256781726	4.306021849186713	0.5050939149078886	0.573543934033971	1.6596656617522356	1.6165515486820041	5.071361177072362	2.9422200133338023	1.9314362740988642	7.220800111222729	9.28622640512674	1.894285234166162	0.6272389774740077	4.908087426348629	2.604349752468565	9.133042270317446
2024-08-29	-0.01266688797977622	1.672117715363541	-0.0001991731835602195	0.2687499898270147	-0.45787765323184004	0.7644728502318578	-5.775972332928561	2.333472196426868	1.1378146054862839	0.19751896332744323	1.972131312098334	7.9593805844973105	2.990251593641837	0.6561517472472858	1.675281580798469	2.8253514397765187	-1.449878745431059	2.4770087789703368	2.5790094801862793	-0.915582635805194	2.7843332684671793	0.8599079248121981	1.4144967818379328	3.306494662805534	0.9621829384826412	1.7866322817935227	3.2997879983911815	1.7924544425286584	8.696634104237091	5.987004938305915	17.292455909665307	2.483358770135048	4.891848862008942	3.5583230713423717	6.854124524424307	4.949360166073745	2.0321731345465537	1.6187760021685307	1.2221966975417118	0.195451954738445	-2.410545450219729	5.092134498337657	2.6274249252703186	1.6231333977359412	0.07431791557615064	36.485765149702274	15.06177638120559	0.08705647569744457	-11.929482937597705	4.265588173725774	0.9062792081847277	2.0413094030297785	-0.01195812135426877	0.9180886382472977	1.897166342474236	0.7508105810330932	1.50632165002974	7.691330046349734	35.25228688561862	4.159344450447229	-0.13122572834785728	-4.398636413628893	1.934568769123409	0.8717952039091976	3.11705213000792	8.105382641817783	5.829100385443041	8.294460103137709	1.8436760997326331	1.9690810899296807		-0.025454466842866452	2.947434814989144	-2.3206295927159886	0.5562547177517985	0.4941430253540915	-0.45949927388896583	32.49304815319215	7.034976522717201	1.9978196253147047	2.3580451695427342	16.28754251809434	0.6356125603906548	8.2378398472747	4.586257106023147	0.6997643663379876	0.8498644420220245	1.943948451568147	1.767463904379163	5.507072470547726	2.8283544899301276	2.2579483587993394	7.737629505431286	9.445752913026254	2.361912726760167	0.9511176530090033	5.774458027258248	2.83086682961779	9.673134778918765
2024-09-27	0.38796370768245936	1.73055275441601	0.29514973219119156	0.4043350610350984	-0.3156611761833972	0.7309463469894801	-4.986043515483104	2.592868852828893	1.5605853853791416	0.3051395639508634	2.304473855245959	8.746418009833974	3.447367947591907	0.6975266705127652	1.9420462957890834	3.2607395964268875	-1.3353943569226399	2.800990934530681	2.666428415692856	-0.4706533875213381	3.121830741674273	1.2893212866189288	1.839089778143304	3.8107963219786	0.9148918770052532	1.9385258637423632	3.643868392541769	2.1286731405552217	9.57107084901132	7.003190261738297	18.326336546326843	2.299831098056366	5.467147645899331	3.8565477769736987	7.113433828520371	5.538103414030417	2.2234164578830686	2.3053165716777713	1.5470509551702563	0.7285403111102511	-1.66823573049858	5.559287238447524	3.0845074111225728	1.3116135344952866	0.044436311274175466	38.31774570551738	15.817156825323565	0.33994121532814603	-11.709833617028117	5.461359615525993	1.0314643669279135	2.164805828390687	0.07937563159505956	1.324756018212554	1.9599673509012945	0.916176592821401	1.7623419357338257	8.264902365124016	37.956300102220666	4.478338556985207	0.24608078137424627	-3.6604539709820045	2.236824891480687	0.9899493519210445	2.4997858410825273	9.215422531896223	7.177618697176655	9.202666011105492	2.071818811550095	2.310882499364048		0.19196901607231354	3.2299843256711185	-1.879564323697231	0.6740595558089737	1.442929126066872	-0.0213573608558022	34.98725412264986	7.9798237944849575	2.3350660499232134	3.0391683580368323	17.63723267073209	0.7276746908136218	9.077052542275709	4.887359648398224	1.0945046526712545	1.1408711734519272	2.290898774150371	2.0139854115379876	6.011315990131465	2.600323769990837	2.504773491940661	8.472899029103544	9.717615684444425	2.797854208065445	1.3843908294375424	6.224106385862797	3.603264891132909	10.181945680365018
2024-10-29	0.5099065309241695	1.782047534396483	0.38719186682121176	0.4934611073663788	-0.2901743601160902	0.6350545569477042	-4.788718586695097	2.5705510284417343	1.7639761781196768	0.3047589020153936	2.35042228979885	9.09956658558275	3.9231200503074035	0.6691757737997932	2.10022823635677	3.7134470455307067	-1.3493967504245319	2.8186685026949263	2.642167941767184	-0.35391767371069704	3.0993350936000326	1.5103564685356616	2.129930165666565	4.121786134050723	0.7997947978015709	1.9650745373719758	3.5640199965686747	2.121007476695631	10.155242210799571	7.856328820316264	19.396640763388632	2.1605697690259404	5.965022662364859	3.8003830347935263	7.332247665950831	5.993177749832981	2.372568460789722	2.7229220965622503	1.6150045042464356	0.8922691255937423	-1.0110641071451667	5.810381119281857	3.104221969030334	1.0634022511670338	0.023035923179119067	40.14281991310253	16.56787801223382	0.4847422023574488	-11.136434376285294	6.131129214174763	1.1317055652583505	2.295374610447645	0.11243714309857822	1.3518722325795167	2.0162188466458275	0.9947642747808203	2.1093057361871033	8.815567635314665	40.39812196020682	4.7663079164880315	0.38152343722477156	-3.479689864483845	2.3487536021539483	1.0576454342504213	2.023097111734245	10.150421538806597	8.490882247979101	9.874846098183525	2.0662418663420112	2.3890200367889634		0.2567534759856258	3.1897147238260644	-1.769110717024013	0.7308475481567029	2.0840554016850064	0.10887782023389292	37.234979753175935	8.904549333038233	2.2765789355647	3.1933018058370664	18.86573155110969	0.7726177317853455	9.666063522082737	5.217499871352246	1.335215272579127	1.2792090017169286	2.3706583621869157	2.1045815531980097	6.499935694902874	2.4575653044216423	2.816993759442994	9.045747224357953	10.075168987417001	2.952237180526879	1.7102700931772254	6.16596820432261	4.164938760300586	10.656589706750253
2024-11-29	0.6485369836415202	1.8292021371124036	0.49010067684015723	0.5938831594434575	-0.2739749487336951	0.5403122765534434	-4.454049946295598	2.4526063077716813	1.9681918676934629	0.2866775403234847	2.2029931249945065	9.591628604213241	4.082501901869456	0.574593396916967	2.2611065989913754	3.8660759240569575	-1.4071628213067164	2.726688225492417	2.6482788997487816	-0.23046878823058137	2.9227201609834026	1.500839091182904	2.439011725330765	5.142691906666826	0.5799263028703301	1.9269588995324867	3.42488360361898	2.156614313872616	10.990000142335987	9.977721626514779	20.423281336274783	2.137604598370544	6.706370780605411	3.50292084063409	7.402438975943227	6.474516787181187	2.5844090789125573	3.0831957912798487	1.6756679246596278	1.0915169086416228	-0.7182318274107118	6.139665702217215	2.858356330038589	0.8880685226366154	-0.0002649325509676004	41.96237990832418	17.318230848142264	0.6138668615057306	-10.700438381537587	7.223360480295412	1.2924466287603487	2.45033817731931	0.14358292438095432	1.3252372529485044	2.0672164118059015	1.0541447414573213	2.0969926067103515	9.403699879729146	43.37511521379162	5.117699761747211	0.5106497850907914	-3.1905173682820163	2.314120121703695	1.128254753542926	1.6995130561019494	12.426864296725284	11.753774716204674	11.452880986568175	1.9792917651029924	2.3177443273775253		0.3134919013688915	2.911772099031694	-1.59964229422377	0.7739359792156435	2.7360460007271286	0.15108321824031634	39.95815736746022	10.094261268320068	2.223454210183604	3.166107599100812	20.568147728249045	0.8135189043499338	10.586386118684516	5.590847715135247	1.3856734251751064	1.4174634552484022	2.3097095514109967	2.1565146673905176	7.3027289364116825	2.572172887325422	3.356851922951428	9.997296029629979	10.30241929153064	3.19038640636974	2.043232531889572	5.8982378246345775	5.3739011920672795	11.915316262058795
2024-12-27	0.6346345763204084	1.8705296952046382	0.48184515336357947	0.6454692965352322	-0.29906099215082804	0.44441645170571675	-4.563341806073964	2.27080227337035	1.9867159976548407	0.2441540717227113	1.9963039739657447	9.34034474733842	4.1136542869317765	0.28536285877123646	2.3237779544507333	3.894744916417082	-1.4877781760192015	2.520345098877101	2.5450116776380796	-0.28445840238850906	2.661842639300019	1.4593853370097492	2.4754008607827345	5.199137899518277	0.2886434889059579	1.823104332259419	3.186872809551865	2.0617218761022613	10.996363725533115	10.18416163232169	21.88879028235496	1.8193115993324085	6.947491323026441	2.8771697390871225	7.648463712701684	6.964939186727605	2.6022271694225196	2.9849028425509587	1.5417456301987187	1.0536112165309532	-0.3757526437714489	6.086972677453559	2.164246120354875	0.7809370125180948	-0.021875854395030814	44.31365688585646	18.288710792012694	0.5692332260268067	-10.603644974026487	8.499233470571028	1.2760668081843995	2.6212734609156705	0.1362304941024739	1.2016513025279139	2.1108836843788197	1.0953037622319357	1.993255174326407	9.804979805844482	45.09938600913404	5.320681869613608	0.4813514971230006	-3.302156701506007	2.3093944944209	1.1535740153604017	1.5672184749287936	12.83014331326845	12.953387423738093	11.39723039963772	1.8032174689945677	2.1761152015619913		0.30223565403944264	2.5916745777645005	-1.6600619087518922	0.8040248991894359	2.6139919111170684	0.08566516131160995	41.5478481371274	11.17857555888547	2.0043570736908123	2.951895342888207	21.44476327059354	0.8287370819005702	10.45432692622694	6.013645897554618	1.424121023407345	1.4324220686252147	2.1658399844463787	1.8291262400255306	7.904749168177233	2.2469448984478717	3.5714132375908605	9.907688995997034	10.586360685360034	3.1247674675288124	2.0563205466225014	5.072218223615664	6.674640586893389	11.977533863477618
2025-01-29	0.6684443593782703	1.9055041860578115	0.5073964381133607	0.6761379825579468	-0.3134586654657454	0.3834882707651701	-4.5911837702386435	1.9728080972246644	2.07276076099717	0.23904891750924762	1.818171443020269	9.394527230219495	4.306533898481227	0.18410047558099052	2.4285548371824603	4.0778608112951105	-1.5652677429135426	2.510829938690634	2.558068073771622	-0.26825127019881734	2.6316566038558307	1.405014755724281	2.561141943960223	5.359145232496701	0.1689822877525664	1.8161509846529142	2.7401681343645876	2.026245027654646	11.429655803172267	10.49626975201565	22.60246405901114	1.7129297778128745	7.453732248219012	2.6675536342866337	7.550376507681051	7.570263326023323	2.6437602106054285	2.917551179586411	1.435555860154544	1.0666051642540424	-0.06449919910703983	6.114214025642198	1.82672735986948	0.8074755128521289	0.004075503499811006	45.36054442290606	18.720602915243262	0.5430072516462445	-10.324342004305855	9.66142001551637	1.292991592851621	2.716071954365269	0.15354637350460365	1.1912359540487358	2.1482148802631826	1.1480062213057778	1.9621222251047676	10.198920353433564	46.38909931483556	5.473074665570515	0.5502532363305903	-3.315663587971514	2.2079944212787126	1.198626953095399	1.8278466072544433	13.511137693215488	14.294633084453835	11.679125921959354	1.7802022448836112	2.1471936172364465		0.3228481676202719	2.570228399692148	-1.6616745264403434	0.84159625342064	2.5819369934254155	0.043731647971391396	42.74126219137713	12.390633355745749	1.9034536852509802	2.7493152707324384	22.177766052772142	0.8645904653782779	10.650657776702076	6.2508931555964296	1.4037022532435373	1.4819286596783314	2.1343712687434007	1.690297460825505	8.510628608023922	2.1755978212403875	3.886985068767146	10.104162898875018	10.456534531571663	2.997038636680756	2.079887250062633	4.895946973157379	7.61075267993381	12.285380573825535
2025-02-28	0.8291770360645643	1.9358867042363244	0.6261083590600265	0.732522430104666	-0.2996816892571772	0.29853051411481246	-4.229652414874195	1.6906041211351095	2.2418640746294045	0.24580955879181232	1.5918777629009497	9.3264386278193	4.597099680105693	0.09406538186532742	2.5298296040458155	4.354059512090743	-1.6028581684821201	2.6048890420514823	2.633628690989923	-0.07651782691324627	2.7398351422926055	1.4418825558473003	2.5900756984604456	4.896605241018392	0.0868495159781908	1.8658113009893995	2.2047840224601742	2.016152315447215	11.521026776601872	9.668275747810782	22.19839975746993	1.6254205339744416	7.9272701146776825	2.620448212107675	7.270591139622482	7.989421635983149	2.6805207545134877	2.9881002450097185	1.5548163781487574	1.2280086936226695	0.6583736885442306	5.76341824562742	1.605774225762346	0.7306948987734927	0.031818019855254676	44.64254497660846	18.42927581386101	0.5701535517644487	-10.061642669315418	10.266526750508007	1.3131157797463118	2.658625448661464	0.20381429491347447	1.2372073366322809	2.1802855141902455	1.2186225929705472	1.970956692946988	10.394345006995536	46.05399451310336	5.433380103002534	0.757671800797155	-2.9781911869681466	2.1124811910828427	1.2423117448697347	1.749729046925637	12.937160886998925	13.750596565178398	11.140529520079241	1.8417534313199866	2.2246431680835244		0.41348559575735777	2.742464184488142	-1.4578166553014995	0.892221540541918	2.7576631499142366	0.06022717996373217	42.43691046753463	12.859165792239565	1.8696227036114692	2.6507884986341423	21.971777251035434	0.9269259016811873	10.747415832065542	6.171987003908981	1.4532406977182646	1.5941396812731412	2.20254181870159	1.5540451072395243	8.910176916046112	2.108074088300228	4.119229239599171	9.917041632746958	9.981890955610936	3.150077993863931	2.1488188960579393	4.886706687975931	7.637392644275593	11.732420004130859
2025-03-28	0.930695387228667	1.9596460134871592	0.7032591842289122	0.7246557493264945	-0.27649585877721705	0.19949368232902032	-4.092378932285229	1.4666114740302305	2.281578562975369	0.2639895640751355	1.4310186157728992	9.155702613473437	5.06227951265209	0.11515308317989081	2.528298227352167	4.795923356028055	-1.589242078261334	2.720187782668333	2.745132306266136	0.07798006470387975	2.8878074318018747	1.4957404487172496	2.668402235178945	3.9980200796673557	0.11119055175259263	1.9110583635586096	1.9997351388566713	2.0384089392506084	11.63319779880564	8.039528090258955	20.355860743657928	1.6803942299363257	8.155648137965798	2.408032442604167	6.514708887862767	7.910153667994024	2.5541160602662742	3.1002394711690613	1.581924928800504	1.2866373711333807	1.2824794622650089	5.166029074141548	1.433254004728795	0.6381633941529969	0.05614388958996308	41.10811379126835	16.974687851347284	0.536515626412843	-9.639547919479703	9.923149338006397	1.2791225263658674	2.4419525337280987	0.24785064517218558	1.369682107952336	2.2054392264447102	1.2840570038418377	2.1483478044925803	9.99507368376608	43.03644270212743	5.079420891100035	0.940391247095377	-2.818171079145003	2.087553166204323	1.2371289617643448	1.663641943954289	11.391578693304723	11.85325761082268	9.9213874927662	1.918453646809084	2.319681539067261		0.49577115459903354	2.944988990196009	-1.3485942931125692	0.939646882309404	2.666341329983979	0.09070395241026574	39.67132105251841	12.392197058226628	1.8675896700768817	2.6464725446339656	20.435193405801982	0.9954344811862654	10.3742681675472	5.670189688716384	1.516308496593787	1.6264068409656574	2.291650755247119	1.3405872708813646	8.802846270227178	2.1494752953073757	4.119479015845556	9.38950283503624	8.864047863106748	3.0853721158241	2.1483472268314827	4.603673529275795	6.998145156640689	10.62958703325134
2025-04-29	1.0499933703645752	1.979734824276889	0.7894958399836014	0.7696788864467976	-0.15450759254284918	0.1151157429272196	-3.9617023379437484	1.3307733840695022	2.311565268741134	0.32901622454102863	1.3324118957387725	8.907539911272664	5.79328503701408	0.07678539466835588	2.5185258925599356	5.491686253312643	-1.5346610283270952	2.891715700359761	2.936462441799449	0.28279213443254037	3.0938715739211347	1.4708559347052415	2.855335812788624	2.8519886047610328	0.2080059722540959	2.056022719293928	1.9668562899481898	2.1328832973409604	11.607378530338849	6.040354112203374	18.578393961154802	1.4047632120389792	8.200491300267657	1.9795992947960315	5.78594938470718	7.679480590089199	2.3137756303782027	3.3693275857917158	1.758227587926946	1.341609704209219	1.4984082852182183	4.375504955461352	1.2504262403771662	0.29141740725640375	0.01717442340284947	37.5219113474368	15.500317029009778	0.4904998971661563	-9.452484129556012	9.41212758065069	1.096860069667354	2.227765520013808	0.28796196810741037	1.5882709613584396	2.226186926077432	1.3686488525680147	2.188391625214649	9.600869855729115	39.302214790146024	4.639004981576285	1.1119605360444638	-2.649579577561326	2.001412560035263	1.2270852873469345	0.943810857888522	9.373919166693469	9.520493066091547	8.256832796449459	2.042438559313858	2.42027116626916		0.6100534995901654	3.180284996854475	-1.2408238811780237	0.9990157844209975	2.399046476562461	0.2517090014135732	36.24356543800235	11.539356904902178	1.9665465725694133	2.795096392127192	18.55047741230507	1.0706179653882018	9.470312979923136	5.202036544241004	1.4969302993023277	1.6523804292440332	2.391855099027893	1.0496640582686112	8.41834697671554	1.7711445356087836	3.967564220303629	8.695949919170843	7.80004377860449	3.059025753985594	2.167377787982261	3.8432445083944344	6.31307915337878	9.658799845553418
2025-05-29	1.0668725228166807	1.9963611374251968	0.8009212946415545	0.7959770531835844	-0.06645808837870248	0.04438012311413431	-4.134451349173773	1.533896663615252	2.3411468038130465	0.40584236659629624	1.5150800982540247	9.672403474346538	6.272423830643959	0.12066031763393426	2.5531502439256286	5.946488735563676	-1.4182944381066989	3.2749129808258957	3.2912466078643803	0.3508848703973939	3.516165416941689	1.6971529837299073	3.132497879599292	2.3456115450870954	0.338410740583452	2.328085192468194	2.006148293599587	2.384811421676588	13.037521234442607	5.2628212751695855	18.51660913737109	1.18860871943901	8.566160208924742	1.3990636358154234	5.779981619489135	8.001276979873282	2.195783501313464	3.6782819632800496	1.9592192700038566	1.327588201267659	1.8170813491700883	4.052982610247071	1.306672327031066	0.013435008425496164	-0.016099620258909653	37.98471838278158	15.691728603613086	0.5015290331001729	-9.30443150641375	9.789335535507405	0.9676337417197445	2.21612424906791	0.301849257690872	2.0341528120804	2.243941979727893	1.4063450736050243	2.2107249677948104	10.036459465195549	38.88317657662935	4.589552460635133	1.1720232610489205	-2.7497191596413444	2.1454733846568885	1.2359834920391037	0.4008606288309835	8.72160819757434	8.921159438804864	7.623533800195048	2.3249148585792483	2.7157700283268795		0.6587044572055518	3.627012322077732	-1.2924471229138632	1.0257899731427642	2.250630356812266	0.47698315830731275	35.85777343361781	11.718879648334962	2.2821308462299896	3.4823634530242344	18.31507658050009	1.1063334398504097	9.064314126277623	5.260637272758068	1.66063177557551	1.675384551194881	2.701659594865248	0.9373445270359824	8.531509298099934	1.436719430137714	3.9890092189987243	9.077766176634512	7.809853603640931	3.0764358555942692	2.239647745027689	2.6874926935830956	6.38636087207945	9.530921617462667
2025-06-27	1.1816356877290701	2.0103654915968434	0.8839381338073764	0.8275506517124995	0.040164244863262866	0.032594783458282706	-4.064609028051379	1.913569949738779	2.4883991843868785	0.5013732871183798	1.9215631558977933	10.470023196192102	6.563842292548607	0.24682892923848243	2.6445590302016626	6.221968585171567	-1.2682806650689766	3.6576891776005596	3.638925638320167	0.5222434258847528	3.941626868788177	2.0892211752263563	3.3807205756092458	2.2098334516695246	0.476754658969341	2.6027983671943957	2.099510346494206	2.6818227449711998	14.818576431286033	5.331751111230602	19.160206312468375	1.1564840766355786	8.988599245555918	1.0276272741041055	6.2672292792668145	8.611478377771036	2.1577151664891474	3.9881168336477586	2.01651865327203	1.4675306933499854	2.196574071539935	4.02964879968988	1.3569814484783649	-0.06544331962003014	-0.011594214548441784	40.038876478310385	16.53554587494955	0.5157473699506632	-8.763609433597814	9.889784016246892	0.8928529986855764	2.2886486631988383	0.3313205993908035	2.564296916950461	2.2591832071391735	1.4609382465969816	2.4155410083469278	10.768010058146288	40.055479300744196	4.727451663603318	1.2967540648027267	-2.6377290354390084	2.390483418726916	1.2742437901930082	0.4708972147565902	8.701538000762156	9.20037771078097	7.449527763393917	2.63598277717783	3.0617816596926772		0.7491995872025967	4.037142402953805	-1.2193209003763954	1.0651142386540684	2.1606797992079976	0.7968509224984075	36.937476474236234	12.490659711041616	2.732259175390709	4.427921624560625	18.878622340499362	1.1422097470439923	9.053355616449437	5.523377025547596	1.9139902516164753	1.7750408545663277	3.0697180999451703	0.9075604946964972	8.966307116474212	1.308321770600699	4.051991448536413	9.551461259549626	8.482986192233597	2.981681037623318	2.298110093667944	1.952590285140559	6.453024300686565	9.61846019100527
2025-07-29	1.2642005536088874	2.0235227312079758	0.9456800774507315	0.8401005804605006	0.09297688555706785	0.03581884368112753	-4.008926272877559	2.2703474506763044	2.6619584727334455	0.5786326804158257	2.2754625108261166	11.454950502833526	6.762271374791801	0.4391745322715863	2.7288823354459595	6.4096504495175495	-1.0736538327621314	3.9998622062900893	3.919084754740986	0.6343076738261288	4.3040766075958174	2.493602457308171	3.5798289793300953	2.363470489012144	0.5455527659590622	2.788302955955018	1.9919894026971008	2.942424875818631	17.00137860273645	6.016309578715948	20.389226188635746	1.2166995964639753	9.408205804815196	0.7796501942058001	6.945116720439827	9.128466949545967	2.181034905441436	4.302248567371279	2.0313065756328754	1.6039032366847294	2.736632814341263	4.418481919850507	1.5551795120088485	0.04539079499960508	0.018062739068243516	42.925705897963724	17.72610528275854	0.5509108158283347	-7.298994516149278	10.319065534163656	0.8876519984289217	2.424878103444538	0.36426594821272573	3.0797580847757473	2.2729544332373166	1.4916794993998224	2.6991672670842384	11.52258259309076	42.406997395407984	5.0049014182595215	1.4301079058837445	-2.557354065338572	2.697939140631263	1.3096184094587358	0.8633231648741173	9.353208206396914	10.161247045848825	7.87732009072252	2.9167247354219157	3.3877016522455747		0.8072316863729583	4.384547514582287	-1.1650034359208377	1.0874333288276503	2.2727655679756253	1.0509151509520862	39.09870925057862	13.248139474424448	3.1521544027726947	5.362636572154102	20.051930205494045	1.1787672982705573	9.305217336137844	5.944537539076052	2.1931159264422817	1.8919732385296726	3.4173794280283545	1.008071199219252	9.218031712834133	1.3021263542035868	4.1524236184681484	10.425365565374975	9.449443355666915	2.922749217641396	2.438561970343841	1.4399748162362016	6.768668600722862	9.890999481010851
2025-08-29	1.406177260762476	2.037244833205449	1.0478260121467855	0.8466985189876652	0.14185523271137512	0.04999957427863677	-3.9312703442182766	2.6199032323763234	2.8940721224970076	0.6588630648447484	2.5546365120754118	12.103421005668338	6.993314745039477	0.7071729834714802	2.8253620996712527	6.6283835408659115	-0.859968465206947	4.38177668549352	4.21697122166416	0.8317647588583412	4.702119261324867	2.8610430408933354	3.803869929432686	2.894522039561153	0.7301914449557785	3.011725234198728	1.7858523947636016	3.38771603594153	18.632287055548574	7.413601626234254	21.46785989355962	1.330699814007403	9.864656241648532	0.6751816060843083	7.422699498875687	9.91454803453901	2.198726191945944	4.544572726712801	2.0783396276571864	1.78679577522567	3.305272133346733	4.645794086592488	1.9086801233946602	0.022687457547618806	0.024954322074043134	45.14301706042892	18.639754380162515	0.6082201703920127	-5.34688392666984	10.971403010710958	0.9237599466966344	2.5400536677293744	0.41224278324437336	3.618990644306777	2.2875809266135434	1.5473614409209944	2.9673887812863775	12.141708268907166	44.58640436026087	5.262901775482277	1.625663573641006	-2.432136864979526	3.049459988740196	1.3537465797529293	0.9104116381107588	10.319172848811661	11.396112686094	8.626194380231283	3.216584421294442	3.7288689399314734		0.9069155732098864	4.680673109481177	-1.0771389660284996	1.1272523869713567	2.3837134741743	1.3291562998239996	41.108799433584124	14.323362098277272	3.7184083459579824	6.370467979053245	21.196912808160846	1.2379351024676524	9.648666300854728	6.289392371659673	2.4668494843670103	2.0453164373177373	3.7837138002023423	1.1172587611297118	9.668849982600307	1.343236035450083	4.253751802562128	10.918610035959404	10.111050862230442	2.8104615541811455	2.5342615986261734	1.1840817460363553	7.244292778133968	9.998757619077253
2025-09-29	1.5803149924564082	2.0488306970246413	1.1741035212135955	0.8595469648531306	0.17775613346368857	0.1626693209896395	-3.551245342258767	2.953444245962885	3.1694868541495396	0.7356192814024105	3.0131040204591883	12.637412807731465	7.666903362605304	1.0033192737990078	2.916233947489232	7.268213914092506	-0.6132374284309758	4.720763785378949	4.4577808470924865	1.0252422526640999	5.031948176206313	3.3748663259146525	3.964885168206308	3.33329036345593	0.9978216980754908	3.218586849160836	1.6042740906163218	3.776279393852832	20.250123741323648	8.961559623349103	23.052048735707217	1.4549407184223853	10.18433591470992	0.5048856952924581	8.178646494033629	10.837008536874322	2.1965136302497754	4.819345684606226	1.9700000545487697	2.050527785057625	4.0294684642776275	4.752024884693768	2.2783488195475883	0.021043800996380924	0.05256929057142301	48.375914996651886	19.971902985758675	0.6530786341479242	-3.4937484913624175	12.003888295185561	0.904139952016294	2.690461209227159	0.4532998044648018	4.0485850977537865	2.299077493479018	1.5904208158060271	3.6292623282816727	12.80041418440338	47.21452032885088	5.573044824441496	1.7957652190924307	-2.0895018505117378	3.3084556522991164	1.3982110971435446	0.994583233162345	11.130717559117585	12.680046143273898	9.122454172723451	3.493435300937257	4.092469036098578		0.9872658494494928	4.900340007604441	-0.8777615329371926	1.1585289826756835	2.426543812555394	1.5446020922116688	43.529235770269906	15.715580148283607	4.289857173729118	7.276222217952849	22.54075431809531	1.26851491370045	10.06381401520548	6.715737746870175	2.8464231173304526	2.2257706026040722	4.1688339136952095	1.0826658387189525	10.479544270951877	1.4247453422217475	4.3041660745622465	11.235685019623133	11.1550044195384	2.5295888271643463	2.6788387671425227	0.9093904576810417	7.829902138861215	10.20524077794208
2025-10-29	1.78747960183874	2.0573192871517563	1.3220723229851785	0.8985743675442137	0.19788436165221768	0.34218704597945404	-2.9925435517315293	3.309594900875055	3.4832855562102623	0.8022200195855547	3.7361298933805216	13.17395707021305	8.397483636182827	1.231251593098115	2.975876362044488	7.962092518696323	-0.2755115286170824	5.068919296445927	4.633309624004049	1.251918191953962	5.401208043795592	3.9940375474710024	4.106218755530207	3.742807464750797	1.237117985687437	3.367888260218095	1.625382200345129	4.159186186326949	22.26458715112628	10.586628520970265	25.170739021405268	1.4820311039731493	10.183085944909251	0.7771376397109719	9.377288305925447	11.58219233711705	2.213440661017181	5.255808762372567	1.9093143847460183	2.353032729838745	4.570833036654491	5.054893465567176	2.5363842457759063	-0.10704501976202607	0.07265108137970877	53.060638277095904	21.903085325706314	0.687209021313361	-1.6893389270157755	12.849957981919601	0.8607080973299404	2.914261059292393	0.49383046233556627	4.397126359491558	2.3074203440570074	1.6346701032172888	4.211044503883368	13.387967262937039	50.54915047430882	5.965989327613855	1.9628559262200724	-1.6074218808157354	3.6215563852087413	1.4280116448531004	0.7556841263375844	11.86849669232322	14.120552072966632	9.427954000265999	3.81524172450456	4.514033901806215	0.0	1.0762539167277652	5.189733117609563	-0.6020246020356339	1.190125258083654	2.371495515844728	1.7361102222151032	46.59855957439373	16.746290164591414	4.981357485710149	8.025437259289276	24.167289961566553	1.284337561938294	10.39057633681037	7.288078676994672	3.25169740179507	2.440488195575263	4.605026080990484	1.0120723999742012	10.852368537726562	1.3624095841479829	4.187079284589643	11.542028725184622	12.708725119159382	2.252259139269242	2.9083918479128954	1.4065644259848966	8.19760727620141	10.466335826450049
2025-11-28	1.9396347517117647	2.062341510329901	1.4330600197041292	0.9136138604467092	0.1929921528579932	0.5108348319436367	-2.643786836944372	3.4520981660657952	3.716323237699669	0.8635188551004767	4.142888526458272	13.149108685032047	9.19370352917668	1.4488693826332835	3.0079025202181526	8.718532843370305	-0.028218913470977824	5.267317202264138	4.730755746467011	1.459372369179519	5.583961182779603	4.280045759214254	4.249630393785857	4.050025598101087	1.5329660818302244	3.4635121130128894	1.6223958964668839	4.354933673347347	22.510861650817475	11.623781236987782	25.849117746008545	1.5599743950344092	10.178646527856642	1.523016770197458	9.644987158201104	11.886127071572417	2.264165855918314	5.596459495980113	1.914996051135553	2.53429901889551	4.6937612845038785	5.307203248214535	2.821990461355739	-0.25730593589045014	0.09794679080367885	54.76484732822939	22.60320542315742	0.7122331474223493	0.051063550794530954	12.963710615916227	0.85963599509423	2.9888503769387533	0.5188140167369859	4.5954171583488375	2.3130072303987106	1.6751764976624202	5.112385336405495	13.352798468854587	52.08245064801747	6.1474078410204385	2.0662021956188426	-1.2794360587866578	3.7843781900168594	1.4429581437054608	0.4449185573129171	12.289956114519697	14.73283188721581	9.717546130968998	4.004772676563917	4.734824262890015	-0.10356248054928585	1.1613737640565631	5.331387996615007	-0.40805671469118465	1.2193614764807847	2.365910550306566	1.8467734833783283	48.01851724519997	17.326573351287436	5.367884680548428	8.42081174134566	24.931264643354325	1.2891373749705153	10.705318888025914	7.475996287321351	3.413880982239391	2.5949246821469956	4.831702180978496	0.9641015663636452	10.881980241323902	1.3717611798427427	4.076826703996197	11.473328484226613	13.08772222812948	2.095623512062616	3.039407804193388	2.7748650300045767	8.185033553664226	10.61563742710186
2025-12-29	2.0306258071007903	2.0657058798767025	1.4980683380968856	0.9007464181038998	0.19858166696021584	0.6782099091606817	-2.512555389540296	3.5801617920015048	3.9061361576446103	0.9293553761220146	4.624388182876395	13.483905345688612	10.087029454354955	1.7431967209200891	3.0339930489362814	9.565619333686357	0.157905908674973	5.608733175040186	4.977961387089977	1.5706777907352745	5.909689334619543	4.567942848671031	4.316411812098899	4.499905587937434	1.7779568418264198	3.646207112544822	1.5314095460561816	4.586960814800719	23.55426485414708	12.720767174112382	26.33233959533743	1.588233877593936	10.606150053522597	2.083727093776531	9.995091453010303	12.00855343811321	2.330502515148126	5.662666969536673	1.906484660871854	2.6265710206372006	4.685133455589082	5.695775751264321	3.4551893374448213	-0.41864931175767595	0.13627426812329801	56.146278720159046	23.173557297946473	0.7155283341537704	1.6384251846371356	13.321654647010433	0.8845777796617789	3.0473459884776624	0.5228593914946948	4.902042575167911	2.316389093350466	1.7052843579111965	7.157162467223401	13.334582581294981	53.59395521549982	6.3256890648391675	2.081478878576874	-1.1373304849030177	3.876190845987395	1.4556457549585105	0.10946863679559726	12.989861394281945	15.627431068672252	10.272101758060131	4.30725000179541	5.0473405632724635	-0.043683318286610984	1.2089665849428926	5.65898907959847	-0.3200223046459314	1.2412696601709072	2.236434392922959	1.9523398962432381	49.41433104191242	17.970341989718463	5.827942260669261	9.025392837479714	25.69291547647572	1.2784170874302276	11.170190582045251	7.623043598015016	3.5532089138713374	2.713286525278292	5.1491015334136065	1.0506715816174932	11.062648819068244	1.3576321009447767	4.15514466369865	11.665075394784907	13.577042529777827	1.9488735483388098	2.961175436762794	3.724735172892764	8.439700373613846	10.869120069852528
2026-01-29	2.0855043713081898	2.0656006612638578	1.5348037209235201	0.8968495326176793	0.22999676425974158	0.9425877256247546	-2.4029038636252977	4.0912635093891225	4.021993655085012	1.0253376678059425	5.670068395517177	14.464415405402406	12.086301848338493	2.448307788364893	3.0555682823202375	11.465934427317315	0.46508133836831256	6.163405663240425	5.318193560024284	1.6017273205168294	6.481552959051399	5.279902797494664	4.532731474719327	5.191041227028265	2.4098562787466022	4.001339127733139	1.2716194213129413	5.062499759422003	25.3840765458946	14.45509637818921	26.026100579671322	2.0035374470212517	10.810603654676484	2.56544957143781	10.4182625588046	12.238938203593705	2.4300899295025573	5.888209385023572	2.0790400835406118	2.6726513085360466	4.877004673179208	6.040247622373499	4.852378459269204	-0.2900356128424093	0.2811722431781494	57.227350394283235	23.61867395786146	0.7527316078932991	4.496752349426359	13.505301694076195	1.0266277075236196	3.0086763276333848	0.5277601502189952	5.4859974459661345	2.3159697726842694	1.7178389706941743	11.612058324228713	13.08483663502372	54.62227946686812	6.447370609067306	2.0985060817807835	-1.0301280709503402	4.289637500740554	1.4670612561437864	0.4797840129527202	14.264619511733201	17.166837699222413	11.304160454727793	4.823638111656521	5.626317353292002	0.5164254823482963	1.2195760114703802	6.195820428074285	-0.2565715915743212	1.2508634221246524	2.224845923973419	2.1943697758066207	50.36562332428605	18.56842851010549	6.80920183714538	10.320921349313323	26.290763787581454	1.2697672634308077	11.907926616448748	7.564807566871892	3.930743877778042	2.7843889020950243	5.744775845204089	1.4325604267070702	11.118477872616012	1.7742688664543351	4.00321781141367	12.330832132013796	13.920694999505699	2.1391974359185753	2.9036650783732654	4.340601155006652	8.55556379944008	11.023136488877384
2026-02-27	2.2161373724120494	2.0625614881896013	1.6280243702736783	0.9353756430029776	0.26000202628357627	1.243618961024488	-2.040885720480773	4.639912954944073	4.178498350060835	1.1041929811118614	6.924539008260638	16.009910541230226	13.365972980179222	3.2000139010314967	3.0475386744788295	12.681945761744785	0.6959619877719732	6.783474248499999	5.650983594805645	1.7692523297970695	7.14245671278141	6.005000866004927	5.028248194276301	5.877903235373594	2.905720149393531	4.344093760986738	1.1246959079124323	5.786887200552883	27.261591537336983	15.600867835558631	24.583129776785682	2.662151426968748	10.738700793360493	3.099133622081453	10.511726474582915	12.048183338123394	2.5966891658780895	6.567699644274114	2.6424971583553756	2.785906567206652	4.628054216682024	6.315639860240054	6.392726225690325	-0.05047600065532265	0.3899549581526376	55.75213304019849	23.0115211089726	0.9012342392121475	6.905748306365119	13.262756338294594	1.3073656018076605	2.824526961093941	0.5481399573243095	6.087461164712664	2.312182214568722	1.7446416718252635	13.275945933279218	12.726266813947007	54.29916537771453	6.412238940773335	2.1846163845963815	-0.6950382567228672	4.608636134375992	1.4616620551055917	1.0534711684509404	15.471709804485727	18.20627982701933	12.505013994054309	5.435125277786263	6.264639752720129	1.2269012845314649	1.288133608068982	6.709853254358606	-0.06124151310792314	1.2703404468831891	2.5870602012821706	2.551577428063972	50.0786231110003	18.309094518685214	8.2328842533568	11.555092924701583	26.229297023377626	1.2667112544225603	12.982144847639546	7.123970041208565	4.238369701991978	2.8830234540700275	6.389995102460574	1.9730639134724086	10.95129067875446	2.499374049070788	3.7131800833778783	13.626497242228993	13.441366976476644	2.8201936438132122	3.150161845760529	5.1096545638659165	8.168145885001039	11.653999133677544
2026-03-27	2.1146386826371213	2.056130666645018	1.5539544740502294	0.8547840535662203	0.18951998769630762	1.3633228789156817	-2.0748441100467545	4.473407792449613	3.9473534742549816	1.0387718722891748	7.0143199155142355	15.432577958527787	13.037900372250931	3.6604697918027114	2.892275254127469	12.367186870467847	0.8310137342624859	6.4798397989714545	5.355775993573609	1.6694990814641386	6.787785522844175	5.846776653943884	5.138140159596517	5.7712380634360585	3.0507859947649507	4.097558277995148	0.5089851729482646	5.625854518434991	26.5412384379774	14.983826779875358	21.693325196799037	3.638672611070284	9.837454046186608	2.742988984960064	9.785428055910089	11.047401152856025	2.44037574347157	6.684802754385785	2.5181996104473328	2.579757574794911	4.04142401750795	5.557741635147522	6.424934980807421	1.0357832457352387	0.6591139424155088	51.052209626889976	21.074947889324477	0.8330685933700828	7.729742421133324	11.217071488506832	1.4416370263799827	2.479317138880962	0.5230122624338591	5.789213143488055	2.304758648799961	1.7027426003551227	12.881629770912959	11.700118566310763	49.961769203401445	5.902019312097792	2.081279552983432	-0.7483193258696588	4.436893800181025	1.3869068486181249	4.6008337994280595	14.834497175159925	17.113143263165398	12.16551547243563	5.260759228252866	6.037222699964005	1.0645186709056702	1.2309371113371697	6.27344778571117	-0.1061623911819467	1.2403617348503602	2.2943899819558453	2.248759677885019	46.09335128705345	16.734062024146965	8.25281357374162	11.057506128940261	24.17807171031683	1.2442369960160278	12.778882477961929	6.262142331730303	4.0048795539066475	2.7152499700732875	6.15426067762445	2.0501014973173284	10.04212822051322	3.5609050976023013	3.207040576213771	13.276225648326317	12.308900806602082	2.7342648238760887	3.1749985054600316	4.563279136182416	7.052732725074534	11.618508851927103
2026-04-29	2.0800629441359746	2.0495389923055853	1.5272093880918192	0.8057393340462866	0.15565469763584616	1.5169985702160176	-2.068700091096261	4.865859422658808	3.943673820781683	1.0313231916570267	7.966206980734242	15.788926635126586	12.82927288575317	4.011150682124246	2.8731213349069407	12.167058295055554	1.0921293323238181	6.584962601196892	5.4256125280577905	1.6220011918768904	6.885120060067919	6.349095915998042	5.211574630314075	6.617530435216409	3.293489556041294	4.174587867440614	0.24811393196547016	5.756969096865859	25.331708268410182	16.540202518467254	21.89071194641545	4.177988572236821	9.719792848414528	2.4003461733343556	10.712820969545248	10.841785827439296	2.412209088268355	6.884398870837813	2.481295671989905	2.5126523643854313	3.6744720385512295	5.287475161632713	6.923928824526499	2.1323302886876903	0.946442175363714	53.86379220503443	22.233773221650154	0.9325757064043394	9.422279957801194	10.454968456656417	1.5979515048886483	2.5043723641071196	0.5302746522250743	5.922184064988315	2.2978432901718264	1.6785040661992525	12.678682289982035	12.266046056496776	51.53556286064418	6.0870820587006165	2.110848847551196	-0.7485434155313442	4.524259182771289	1.3783685954145497	9.20700477827026	15.873285998307779	18.462332955869897	12.96055918710448	5.455392483277066	6.275000943097439	1.7280070266076706	1.1995008050396052	6.3099377635552685	-0.11214764577763958	1.2237309982614875	2.639418882827357	2.210510418528507	47.54083979318568	16.815700594055272	8.871073967191364	11.522076639351866	24.967777551173583	1.2575197785653387	13.192414421705138	6.401184768380688	4.202470230365627	2.704883389078141	6.40471780746465	2.275875657951339	9.769764517797043	4.068226905009915	3.0420318487140676	13.633680411011227	13.398999707593262	2.7441745193318923	3.1972614104559156	4.0038977320433276	6.8633957595612	12.38443542917392
2026-05-29	2.034797088679312	2.0434742226745755	1.4927119319997075	0.7919233965431189	0.13389164359413996	1.63242365915211	-2.0579748226317207	5.294647334625594	3.9612308536424337	1.0253630084222216	9.497348193916807	16.16902580790091	12.393636553144304	4.225188229384699	2.8538088016387206	11.7505946339477	1.539064315755084	6.868422347114915	5.601738438873596	1.546410515430864	7.195198422611668	7.14903348237015	5.19604776385502	7.490505144462631	3.3624270836547865	4.340048077802564	-0.009931634645866438	6.096439970635544	25.593465668865463	18.894083845287128	23.321517507828815	4.434274420775971	9.645942983997358	2.3554784283141146	13.100669027882446	10.765025837951086	2.318009648309733	6.770197295711981	2.4702209805214466	2.473151756098801	3.207041143999298	5.238348114246648	7.532332508066759	2.9103405635040502	1.1192747435000214	61.35868515574043	25.317942347941084	1.0343237774721956	10.607644021940061	10.18311057329575	1.7968038229661687	2.6685928177436153	0.5320923039570715	6.277285007164522	2.2896447887530655	1.644362955959295	12.550849676484603	14.101098210539291	55.51984951785141	6.556516248732649	2.1171939327341107	-0.7542956997737917	4.562418953008681	1.3689971308401425	11.722006557135416	17.489603434301983	21.2696790370901	13.819101576114747	5.87145496997843	6.7301863883244835	2.6017503009448575	1.1496400483782878	6.520427110607741	-0.12318121028170737	1.1994028288816523	2.96478422915942	2.1070689498189807	51.203935174205185	16.913362984920497	10.117591207748688	12.203502607736112	26.935659340693064	1.2581996258201684	14.008614795737685	6.938628765239585	4.436503220227543	2.703137830666577	6.864029022720885	2.414419330841241	9.474592781480382	4.3183892775996995	2.8500584017625172	13.95959959689776	16.422061217316553	2.781650582095736	3.0793171496293112	4.006850633513665	6.938419379002738	13.808409240036696
2026-06-29	2.029914907621418	2.035575678262177	1.4892617150438099	0.7993800624343166	0.08830688265977926	1.6594644181624645	-1.8226763093471874	5.383766606046805	4.000221514731081	1.0183556096995048	10.640653064695314	16.57321260009377	11.155598582180602	3.9992135165467246	2.814818409741605	10.570136745482984	1.6053081105314746	6.974770530013487	5.672670548569165	1.5289751970948942	7.327842045783527	7.623403957022624	5.233707042292664	8.742387957709354	3.309452608651622	4.456412550007826	-0.14984980007078263	6.289264519429409	25.857394153915777	21.25247672339796	22.921369559258324	4.308205894670664	9.808739739525393	2.6705889711323465	14.688688302254064	9.775550223356475	2.259067798460883	6.77205984368176	2.5227946926479063	2.4769708237597996	2.483981073207609	5.145436950403635	7.48653853480765	2.9592483647607395	1.0986169930745184	65.26996211481605	26.92611811284013	1.164209275991773	10.449628601583228	9.222445216024454	1.9050017554925098	2.628326228963008	0.5248956434181444	6.268807624832732	2.2804356786008384	1.6087741644167721	11.087260663863596	15.97607838235993	56.769676903287404	6.700331805482492	2.0902801240261226	-0.5843228866054062	4.398046301608417	1.3522369353857826	11.656735444422765	19.162877713067758	23.645689469603894	14.999051554712281	6.098839062820716	6.979401851422708	3.2909694102751246	1.1200387314628415	6.600800325161728	-0.03586427149735272	1.1739687886589962	3.3916881399987773	1.9323926808737824	52.341735639955346	15.643597944298193	10.950423957840599	12.082742766196986	27.75285395803661	1.232860404353623	15.104485538914759	6.8842195363151575	4.506076589628243	2.719680075006842	7.090961310253377	2.5092088126536964	8.449571540618209	4.252240193399395	2.8515471824369243	14.788080338750632	18.316776125471478	2.8775642197995666	3.0757504300914817	4.755448357287662	6.513130754085182	14.754650483480447
2026-07-29	1.8991984346516944	2.0277572716552896	1.3943500688514803	0.7544951443565253	0.034761127213421616	1.7252793935039783	-1.9638342167796736	4.9540744330041235	3.8681866186142315	0.9946569627801409	10.481484479312002	16.516359191294526	10.070617133994801	3.99870261415073	2.731322847487718	9.535976896449498	1.422155328245168	7.026307786828397	5.582261416892976	1.3900455177880389	7.3824682193076825	7.4033340314067	5.15259559183211	9.48850118098801	3.2953604663661054	4.353500845723104	-0.2815889524464694	6.318999227834098	25.891929128379132	22.217370951592244	21.353769153839124	4.552511095324974	10.423483786385702	3.164340200176042	14.838194654199455	9.008720040627736	2.2787954696536232	6.629744909869004	2.6513892794595932	2.23488214867578	2.1879671886871037	5.350672224981665	7.327550637067517	3.368641331390414	1.1932849168789144	63.885620465862075	26.35910501776425	1.3139158130267639	8.492174529735806	8.4243646249366	2.1065116849492505	2.5903850225931535	0.4956180213497383	6.214776095552125	2.271618066231923	1.5654049785754296	9.73015472279613	15.894597772484644	56.97228356141227	6.727721006438415	1.9680927610326648	-0.7328053057080126	4.333912906787681	1.3160420828018218	13.071116532002279	19.8747778755245	23.591207037562924	16.031638023172945	6.089915409800355	6.944498979451851	3.4174336254980915	1.0455057733265178	6.682019528857495	-0.13115842673332168	1.1432563442608341	3.897085731762303	1.836589254701309	52.535259852321474	14.574925319650276	10.773505512073044	11.485064004611814	27.925942933099464	1.2034642017711974	15.9879965025101	6.665319854882952	4.3826620956154585	2.6103834197028917	7.036702901274182	2.6040786995105876	7.703106359179586	4.52261850387837	3.075898891654937	15.059604197627635	18.462896676608466	3.100334680362181	2.987551067391948	5.81397073937768	5.780162679238131	14.17685587068209
2026-08-28	1.8021364639666473	2.02088178188896	1.3221602512458475	0.7047588340995645	0.027300693765333506	1.7714593412812292	-2.0626713156811576	5.117412341681842	3.772209783299985	1.0049852384072686	10.990853933431765	16.696616791410264	9.875548218785411	4.2805202364646675	2.704799395116865	9.348042778829324	1.2930463572701463	7.306246949590729	5.761607855568563	1.2737795038218565	7.6792513663999244	7.664775055419696	4.930172826300222	10.054136964853868	3.2650523264941462	4.433925255749671	-0.3363782257063903	6.607877432325921	25.181220113280546	23.262045096124353	21.27614592388801	4.902398216772838	10.996560797587051	3.7884536327924394	15.765976142691969	8.512758398746968	2.36346021927384	6.220967960481232	2.6353366815937136	2.062875322192397	1.9729340260723447	6.043883769150625	8.001353542113364	3.7709051330004115	1.3263949060450404	65.64407848635528	27.083659580769933	1.3451961897639357	7.83004558212528	8.179721352081685	2.3375147876438724	2.7083095235460277	0.4739532134327078	6.454926936813351	2.263730431315153	1.535383220604075	9.287314176694395	16.239968966310386	59.18325902382128	6.98834582478861	1.8747444519088248	-0.8435931046634835	4.353353881248452	1.306034723969752	14.202195724929766	20.789528644968982	24.586011545395877	16.817128638183192	6.322963268291019	7.189046224040936	4.0094063971055505	0.9841233287679287	6.937314602529838	-0.1989887526498748	1.1221394014578365	4.020418683714439	1.7059294960352744	54.56969855735542	13.863997248374545	11.230814367238622	11.82318163289463	29.039081994549065	1.1749249634960819	16.879651752526286	6.858615378311313	4.502038440242359	2.5390300839398847	7.291779280967518	2.771918411120083	7.30717469632657	5.010200771070572	3.3114047161604248	14.994673170761843	19.606735958168116	3.1594099384841314	2.702893951089081	7.089108246742853	5.567225145908154	13.662018655143896
2026-09-29	1.5027606952342722	2.0143939299916696	1.1060140619970014	0.6043441489831238	-0.026078551737374056	1.8835506240870288	-2.436433332597865	5.116685960242009	3.412163573372254	0.9429421254299228	11.421869483872996	15.950814953870264	9.070011552232486	4.253030756519102	2.5096437592129064	8.580321039190807	1.130371226274896	7.215102150803816	5.759911410973309	0.92154679720133	7.591495838589864	7.7845051172268995	4.434765579625022	9.721185830626922	3.171677449312323	4.4030135447533425	-0.5673656426302074	6.715941727537427	22.477263596808598	22.48403694989608	21.64584445219981	5.135079581927712	10.889427280218541	4.106340701658155	16.889366994976285	8.186599812029158	2.325137069785427	5.456736085036667	2.4008041399732036	1.6356416549906783	1.5653648749553923	5.891141774014642	7.758333929702928	4.50289778798129	1.4889398117412274	68.12602010696776	28.104861392101327	1.228163041446134	6.201191652037792	6.813360884463094	2.3590200445975107	2.796750673777158	0.39412501060260396	6.374812397011624	2.2559665973151652	1.4489089865420368	8.4257836146365	16.672476398791787	60.15779143309692	7.103084360168367	1.5400184549078801	-1.2374162578529138	4.183307876733387	1.218412535999164	16.29055475029479	20.10581862652839	23.849896452771873	16.219079532648948	6.294963460431546	7.1690654130717775	4.4388099018751745	0.8130693812404317	6.74847405955839	-0.44252942728855515	1.0621263933552356	3.5803902497958404	1.3772723827566793	55.46570992914144	13.50588433480388	11.535662420812486	11.601589612693942	29.39928134166638	1.0968011769274852	16.891525505653192	7.081413326061565	4.473409737123944	2.2850459571422164	7.266349358969094	2.5804933077689185	6.891466705749565	5.30971619195676	3.17052423171679	14.095468393988284	21.02758041795576	2.9280792710421792	2.200456973673006	7.95529309056073	4.761676199050996	12.494298837633238
