	AGG	BIL	BND	BNDX	BWX	DBMF	EDV	EEMS	EMB	EMLC	EMXC	EXI	GLDM	GUNR	HYG	IAU	ICLN	IDEV	IDMO	IEF	IEFA	IEMG	IGF	IJR	ILF	IMTM	INDA	IPAC	ITA	IWM	IWY	IXC	IXG	IXJ	IXN	IXP	JEPI	JXI	KXI	LQD	MCHI	MOAT	MXI	OILK	PDBC	QQQ	QQQM	REET	REMX	RXI	SCHD	SCHG	SCHP	SCZ	SGOV	SHY	SLV	SPMO	SPY	SPYM	TIP	TLT	UEVM	USHY	USO	VB	VBK	VBR	VEA	VEU	VEXC	VGIT	VGK	VGLT	VGSH	VNQ	VNQI	VOO	VOX	VPL	VSS	VTI	VTIP	VTV	VUG	VWO	VWOB	VXUS	XLB	XLC	XLE	XLF	XLI	XLK	XLP	XLU	XLV	XLY	XMMO
2021-09-30	0.0	0.0	0.0	0.0	0.0	0.0	0.0	0.0	0.0	0.0	0.0	0.0	0.0	0.0	0.0	0.0	0.0	0.0	0.0	0.0	0.0	0.0	0.0	0.0	0.0	0.0	0.0	0.0	0.0	0.0	0.0	0.0	0.0	0.0	0.0	0.0	0.0	0.0	0.0	0.0	0.0	0.0	0.0	0.0	0.0	0.0	0.0	0.0	0.0	0.0	0.0	0.0	0.0	0.0	0.0	0.0	0.0	0.0	0.0	0.0	0.0	0.0	0.0	0.0	0.0	0.0	0.0	0.0	0.0	0.0		0.0	0.0	0.0	0.0	0.0	0.0	0.0	0.0	0.0	0.0	0.0	0.0	0.0	0.0	0.0	0.0	0.0	0.0	0.0	0.0	0.0	0.0	0.0	0.0	0.0	0.0	0.0	0.0
2021-10-31	-0.0006773859007722649	-0.0006627791967019903	0.00404544841190102	-0.01654817847444434	-0.0094007834410057	0.06696215246477522	0.31146848847045305	0.03438174690615625	0.010844260539101924	-0.024055111442194743	0.010593816425725322	0.3782266035378683	0.04307699611045024	0.1477827197126551	-0.016302298956105687	0.04148151799824262	0.27028397345474886	0.16227226583367127	0.1309910961705434	-0.03489724183692999	0.153036264272842	0.046215307338968614	0.12861568092280606	0.2853772633435625	-0.08142065933966691	0.12504418962701536	0.011146436729326581	-0.008713507584360514	0.019936325203659067	0.6974068231392323	1.0679886429398096	0.14370912296480043	0.3226693960336604	0.2687079709479434	0.2935195879379293	0.05248310491231223	0.14041029014478568	0.20566787067641457	0.11878415186521352	0.04593930149349035	0.12179830610921982	0.20531487532829829	0.2497898547398023	0.14179853564314016	0.0436499288618748	2.1794590094150976	0.8996877643118069	0.12492185848051562	1.0672783919549005	1.1071443476228922	0.07274047329894273	0.1282873343877995	0.022379296457664566	0.12620922642895493	-0.00013328617454533287	-0.01988824480280016	0.12524214089765806	0.3353224534254764	2.2465378633591513	0.2626820969106092	0.0929424579326934	0.23694569296985435	-0.016990639884923553	-0.001553179531697424	0.3661538583261006	0.8009111453325488	1.1968100349448036	0.5531668377737446	0.1114850601239823	0.11443287558704185		-0.033364450829658665	0.22376770715088412	0.10992214278957135	-0.012597369332596031	0.4767214348513278	0.0780956561748809	2.064453125	0.07654156372419152	-0.013725432914881708	0.2945478390424654	1.1050969746038106	0.02351831506800295	0.5223253907641237	0.310249437294118	0.044694688585067865	-0.001562308721737793	0.12459244687332927	0.21705805677973444	0.014375431245554182	0.17999278446208322	0.1998525766225967	0.4921631554932304	0.469343832075765	0.1684131676654843	0.10399532046413285	0.47949001388332135	0.8300241323617854	0.5163871569511258
2021-11-30	0.01979736384600983	-0.0025091851913146	0.01892299377918505	0.010039157876569504	-0.029503099947454814	0.07893401882618889	0.8813622669173498	-0.029587199467904668	-0.1089611936691881	-0.09094564051274645	-0.1076503702913385	0.31048946129966737	0.057190744715526876	0.16538616449831167	-0.09001194458221562	0.053565539016830144	0.34606262212480843	0.06869650220326662	0.1523046858354249	0.02381423347156897	0.03215953819381667	-0.07744093285981535	0.061473549467486066	0.30292457748200263	-0.21622420323739178	0.09853927390979678	-0.07833681591063879	-0.22322535176752467	-0.4554145035130688	0.4949585880420386	2.1283364017716337	0.13381774612776098	0.19373363166323543	0.2521258124664456	0.6753963034775836	-0.1504615119035293	0.19446729776347382	0.27122406415316647	0.11433662548746071	0.07109212217784489	-0.07120793891466803	0.1705523432299998	0.31121520849947615	-0.061441327241325894	0.002176384166432399	4.459112268375804	1.8370149624053624	0.19149865855723291	2.226835482970131	1.7617449656748931	0.09353239607636255	0.23220611747393605	0.05564234955564373	-0.07335138257060692	-3.6568778327250584e-05	-0.038616487729697724	0.1397737675563242	0.4520154823839917	3.7057274089476664	0.4379593846573471	0.23796441694533144	0.6928634498027577	-0.13119050871846127	-0.032766852575967675	-0.08824030518015746	0.6909090558069408	0.7217275333236444	0.5964086222666083	0.03204211843016935	0.018458533881727135		-0.03857040135893186	0.16802116735443207	0.3501848354942183	-0.024708087813486657	0.6937617863775927	-0.013205771328145488	3.4278282752404152	-0.5509266316391859	-0.27546475412218285	0.09284164670594919	1.700837884616675	0.04490684645330134	0.6180161111628877	0.5787685831270792	-0.021877360064685547	-0.07552422429920114	0.031159871077434786	0.36766907152444617	-0.3474949963765255	0.22260814482857327	0.18578049197626711	0.5968373023281544	1.108093027389259	0.2313563233947704	0.14516014313200998	0.54890782700285	1.5967118168984769	0.7806348709395223
2021-12-31	0.007728416798485682	-0.00392720487151621	0.01245815891259383	0.002650769860693458	-0.048286296654769245	0.09417690505182463	1.0600145951295872	0.07329260647183133	-0.05709219175442115	-0.12181764931774808	-0.02518288116377221	0.7382225833567304	0.1585369008343065	0.3490816759537374	-0.02870337457382277	0.15256517870705721	0.23734298397533848	0.18311523979077293	0.2768126563492146	0.027993095613695118	0.1447297487048118	-0.09811696361730782	0.1958682566895007	0.6780379904483596	-0.24835747463172453	0.188972870770602	-0.05514699718802518	-0.2619610299808315	-0.4515513170264853	0.7023345955429647	3.2525210708126053	0.187907898481388	0.3321434541792456	0.7210902370561882	1.1280807909128185	-0.20438409356916054	0.4160038560310966	0.6773880402406931	0.4803816830073444	0.0870222032861534	-0.3628081805677965	0.40790652259268256	0.7466546675359069	0.01966749941775703	0.02447885031843633	6.545706260073814	2.6906729699316827	0.3876798008742597	2.787223429912018	2.4949167952245546	0.23230636118384496	0.3329959809009253	0.08950046090494368	-0.04711576386196725	0.0009032450751931265	-0.0653857423550761	0.1854635784486618	0.6645955540093524	6.378693019398497	0.7503397907791509	0.3832987231022571	0.838327276324506	-0.06544064362824287	-0.003711234562466359	0.07128843447455324	1.1490737459695595	0.6989419696634513	1.2281889062665812	0.11657506552589325	0.09424403678637816		-0.06141831755283533	0.3534520938279968	0.41848489247274756	-0.04148063290377735	1.5361704276001973	0.030149446268652014	5.878114866264696	-0.7853313099053025	-0.3188873252890829	0.26597023398205977	2.807157150398126	0.07676918068815297	1.368137886901195	0.8469837839764196	-0.021687780300801762	-0.032152094736019876	0.10998461796118164	0.7133158872911949	-0.44020574096569476	0.3079472777690171	0.2661293200830599	1.0745945970785726	1.8065164753506906	0.7915575523826632	0.39447817261669726	1.4575771798147485	2.1909072215278655	1.1362812164194054
2022-01-31	-0.15662271121131255	-0.004993434479985126	-0.11151779251895277	-0.05459765781419179	-0.11654280834898856	0.1115967465080061	0.7522740876590746	0.025205675956677	-0.24610371280859056	-0.13862981030417032	0.03899935108719177	0.49978704126674245	0.1882690411260839	0.6138141593330957	-0.12066301044504257	0.1813248252242161	-0.03226557486534176	0.09373476118462065	0.23667963582547458	-0.1357076753153592	0.022234725707455993	-0.1329477763992415	0.27461128038662963	0.35112527658520776	-0.1509490060015075	0.10801766326449425	-0.03397842072187274	-0.5117931126493929	-0.570094920794844	-0.7385624822567252	3.0462640150675497	0.5311543555574403	0.5252201621402861	0.6124866521633976	1.0942978447745162	-0.4461282745358801	0.4687280825403448	0.8625416398289829	0.637139060294345	-0.21340083706328983	-0.5993322443946809	0.4546270095161873	0.8750668573074023	0.3713172266816116	0.11005674640356133	5.408139014205233	2.2271453143899294	0.4016734183346813	2.396231690183768	2.060449099711576	0.2888320970664182	0.26532541790504993	0.0738863036508306	-0.3374369648748896	0.0016292730792315524	-0.12625560525188462	0.16250863802302717	0.5136182849078992	6.524628917656571	0.768425914217957	0.31620880713660426	0.5545380921707022	-0.05669239118626024	-0.049579052413054825	0.8432121374942767	0.1709467864073133	-2.132696376786555	1.1393061833942113	0.04464840003822701	0.05039415209108		-0.15085389891775947	0.3275380612192649	0.2463866900032059	-0.08422431000951036	1.5311028418152688	-0.0117214283297713	6.023095990341574	-1.5881477164456896	-0.6156696660793841	-0.1452908153675594	2.549314608041499	0.07847960627586303	1.8275727027820494	0.6560457709472587	-0.006710039708572424	-0.1543976726188916	0.045392742772804695	0.7523897636755592	-0.790591480958895	0.7244232729690836	0.32678368108792455	1.0600161736346223	1.8748346078707954	1.141231986611949	0.5047189097276039	1.4397506292040703	1.884868430891359	0.7722512595291562
2022-02-28	-0.3705676300882885	-0.007101713003720533	-0.2714824367691051	-0.14508917229803586	-0.19122285016615592	0.17517468358333943	0.2814928576445226	-0.16517229743071482	-0.756085857215183	-0.23404551871754364	-0.051489814536644474	0.12361159771378993	0.38491657325724304	0.9990297668690431	-0.2355365762630015	0.3685145909330032	-0.09594778602093612	-0.11127940483463306	0.10027080028492819	-0.2858933639603549	-0.23405050437609276	-0.32448050386670246	0.3971012996080745	0.19936035727887713	0.012286400739142778	-0.04295213555236188	-0.18459037243032128	-0.7003208087410755	0.17063776532073405	-1.7025965066431752	2.2465337958737166	0.8983738520914848	0.49366291478814617	0.4702700018198698	0.8199349325740428	-1.0259688874268562	0.46497015342019665	0.9504220539424537	0.6947106876844344	-0.6247877215890583	-1.064080482897424	0.42217593679060883	1.0635947311892835	0.8220956101841423	0.23926096050181833	3.1955229984723132	1.3341802160428529	0.3592993826702724	2.753178965100119	0.923405134731837	0.29574540754359546	0.15044923663619159	0.07706185158999901	-0.7031113988918563	0.002645728528520408	-0.19779288902432768	0.2878573607914028	0.29649877188441565	5.570298986719138	0.6565717786864695	0.33192277139620785	0.17024522766182315	-0.06184868487572004	-0.1013736342176692	1.8372471135397745	-0.4634526272374444	-4.385123583931943	1.2574762335632101	-0.10250577260434568	-0.11170386300297253		-0.2396578070941615	0.0650838811106027	0.01245608868642023	-0.13336733767092568	1.2644435706004629	-0.1226581261893358	5.147728620226076	-2.76479541397066	-0.842573856434754	-0.6380411090794667	1.897033242406053	0.11446678716303893	2.046897529063699	0.32625992311346863	-0.12336270703625019	-0.4717629779122703	-0.128046654644848	0.7355882096413779	-1.4730465665293622	1.2003898655860397	0.33085946338469796	0.973370811085033	1.6027491004027752	1.326903166643909	0.5396767575026189	1.3156221966865331	1.3355428758750776	0.7111313092216562
2022-03-31	-0.7449932225443234	-0.005876600367429319	-0.5469851905079679	-0.2953238626746355	-0.3316020211979591	0.3430750742471673	-0.636743129982932	-0.26477145907715993	-1.2153534470081269	-0.3110248894803185	-0.1561650289333798	0.02453517819604656	0.575282570002237	1.5052690077294884	-0.3885114077098706	0.5524551608007116	-0.08392277977447904	-0.23247153608859605	0.054439028203248085	-0.7128685957301997	-0.41699834223780385	-0.589344512422052	0.6761542252323025	0.10341130045441105	0.34796852200327066	-0.10366676844305545	-0.23566730297926597	-0.8228282638965823	0.6760209920206535	-2.2614674946017033	2.141461980544534	1.3464121256230754	0.5089264812073679	0.6678548085823905	0.7125715638661205	-1.4848325777402351	0.5638748837285661	1.2605305772503144	0.7268884159282081	-1.1770728811077191	-1.8264619399076025	0.48318887424993306	1.553422195454857	1.4580300065725282	0.4285262612388401	2.680515563709662	1.1129612688956456	0.41934332634260585	3.5677889044068962	0.03867749280991006	0.34953696720870653	0.12400267500265372	0.04017397652616239	-1.0004910902989863	0.005274909385846627	-0.33325691114548306	0.4035252306519901	0.28182276920497884	5.988026369415991	0.7078379919299707	0.18154900437971833	-0.6431744072212382	-0.10530100049654578	-0.17179269278199172	3.124798717153759	-0.7273662374059313	-5.848395298765524	1.539569599545814	-0.19420957715428955	-0.25718692973648416		-0.4506203340528927	-0.1345579227078062	-0.4396381022136353	-0.22862208269172157	1.4668386551266082	-0.19293930227211575	5.538395916085619	-3.6285450755330544	-1.0162160241478517	-1.0056276088025697	1.9028392522333206	0.11568855915825793	2.5321010179844876	0.20077822595337835	-0.32144679601319837	-0.7773984201423048	-0.2743077789448023	0.8992384022475619	-1.9526777879005977	1.7829877260627853	0.32659954663664337	1.1493963451724483	1.5697894678567081	1.5511254888216897	0.8040092725049952	1.753906840687577	1.1908153294058224	0.7148138941376203
2022-04-30	-1.3074150720759974	-0.0055143895148432875	-0.9717490984900223	-0.5162837050711744	-0.5706278041068025	0.663240873746691	-2.357357826707357	-0.5196521710587092	-1.9724400719044866	-0.458181703360264	-0.499871898231504	-0.7746669224597014	0.654055884462764	1.736988233130802	-0.7144249991352183	0.627252341529072	-0.274793523408853	-0.623140575647156	-0.1265179462620658	-1.3514957025685845	-0.8798389957752661	-1.0229095263368322	0.7474152338856825	-0.601852665887364	0.35140768795171695	-0.347736545644846	-0.3465147154213355	-1.2152416229874348	0.4543909420111589	-4.204984168088288	0.4994624856053633	1.6372795804186495	0.013327753970528988	0.5126551997314834	0.09992318686918367	-2.4609955244377915	0.5143259958721202	1.2934472336062584	0.7717335384626125	-2.1293705793678015	-2.5772978490656016	0.09357167161353175	1.4905943351133146	2.0220228137892065	0.6347159897948398	-1.5793154029985317	-0.6247502532176554	0.35741860153549965	2.434750335909328	-1.8010641200923487	0.314347721106639	-0.09168109392433976	-0.03256164554088414	-1.5467887348480005	0.00913765937077926	-0.4641364352486903	0.34276914068718867	-0.1272961847802634	3.2698691928175663	0.38925620025614904	-0.11981938995060659	-2.1084973838758003	-0.2758486157247759	-0.32132956538114854	4.340461172310441	-2.228681099560447	-9.052537656408276	0.9348563354926398	-0.49066153795335765	-0.6279149474897636		-0.7178560113540797	-0.5565375124927172	-1.2830661832983452	-0.32021460335575824	1.3134610556095083	-0.4736742241271017	3.0500559355661494	-5.630712979085928	-1.4989215417763404	-1.9247303645628193	0.32818196805143884	0.11180596688712541	2.375787907870631	-0.38011996750000066	-0.660310172566902	-1.286208299916808	-0.6558739857515548	0.9035266123206043	-3.0449358155890707	2.1749847192638505	0.03819060817044573	0.6898501002616797	0.8504847360210022	1.832809957368731	0.8905127871408816	1.5811399193947153	0.21519440418937563	0.3777660605259143
2022-05-31	-1.67980562457916	-0.003170297257383936	-1.2503160234319637	-0.7067299115373373	-0.7417164597934232	0.8868076513066185	-3.961012263220809	-0.8029944268661922	-2.4964935165445183	-0.5469623538778379	-0.7684729821162577	-1.3637370237335773	0.6117950969230534	2.058863151597862	-0.882990271415089	0.5853724548971329	-0.3431081617553673	-0.8506499089605697	-0.18738119360793704	-1.7927104430643936	-1.1572362984997753	-1.328368812927394	0.952460058351484	-1.0092810809413777	0.48891676964557007	-0.49392837808108325	-0.6041110123973894	-1.4675136707144318	0.2232740511492466	-5.652634067931729	-1.014352969444701	2.1776119767918445	-0.21090242457947284	0.4525827419921029	-0.399021755832905	-3.1001626310359427	0.4673569065111778	1.4556089369454455	0.6649274238379519	-2.712846254856771	-3.04076643534286	-0.2135104725374788	1.5307268982732438	2.7231023022678187	0.8424909221127148	-5.2845452272015905	-2.13402427593158	0.21996048268402646	2.014077020368916	-3.395171336242015	0.3497749759838982	-0.29614199909935834	-0.10693329361236792	-1.9368782984193373	0.015056097741535268	-0.5273081938087358	0.19553545787985627	-0.3805713254063292	1.172847095951795	0.14495965479284934	-0.4352555902938917	-3.4134326273252498	-0.4063566160760601	-0.39820659271967074	5.906345109972747	-3.3854888319291945	-11.94794751682818	0.6729466850309223	-0.6658466883650149	-0.8499514772551748		-0.8910740292953037	-0.7839918469480196	-2.0283194890644154	-0.3658039398459323	0.8537684995815624	-0.7443274602697585	1.1391371665736756	-7.041537190263128	-1.8033523651327812	-2.559192856491137	-0.9482223610048948	0.12543120066695224	2.4692929003622055	-0.9183292113584827	-0.9043490274310386	-1.6261893959149774	-0.8881769802403525	0.9330255361612672	-3.7808716212014417	2.869588073172647	-0.11731421914533513	0.289148895479741	0.23980995369240077	1.808565177547294	1.0550425433489714	1.571427986841769	-0.871607172974393	0.041037712588760655
2022-06-30	-2.062197596168744	0.0034355517322808282	-1.5414723989986356	-0.9068502214588037	-0.9500966418960068	1.1211891759366495	-5.267552733089346	-1.3913806495111487	-3.235399029439776	-0.6751661342925175	-1.4146888977540542	-2.5215854803461326	0.5254451213700051	1.8231686753563778	-1.3506782927973404	0.5012174968230667	-0.44526431960188617	-1.4038909730908244	-0.4673214127741012	-2.1794024250934996	-1.763000512404716	-1.7600866679430638	0.8440468035203068	-1.9559866469905955	0.29652039709260336	-0.800777640727496	-0.9618883356887622	-1.9360488673614995	-0.17157789454782346	-7.89085782358984	-3.0333518186568824	2.179226481281674	-0.9092983374111157	0.19083209578981553	-1.1882201145346443	-3.932199281569339	0.30959322050771476	1.2674234188097202	0.41391850684480147	-3.41301112130364	-3.058303416948185	-0.8531656371826131	0.5879341518526076	3.05293976630886	0.9042913435821767	-10.2587660534262	-4.185456936555312	-0.0394005462627014	0.5266255281713654	-5.462309577635182	0.23243270347790812	-0.5500807281150166	-0.22406956880905327	-2.6665687687033497	0.024911953830326183	-0.604966736640236	-0.01777344800573033	-0.9265469004275815	-3.0408702801344134	-0.3508191105330454	-0.9282693139707163	-4.49694741630384	-0.7197202999131846	-0.6151113690277299	6.657435211149242	-5.615286981689536	-15.414997397095817	-0.7953829123023297	-1.0858719901544873	-1.306151600316248		-1.0440856750208383	-1.3596775377408292	-2.6539074694900933	-0.42132997551139795	-0.007924332704973835	-1.1958514570549141	-2.7209928781160784	-8.760826835740843	-2.4205809494637833	-3.869599740246315	-3.2099879992805995	0.08018682079656969	1.6997556537279905	-1.596971061918893	-1.2022537647006288	-2.1185867591055683	-1.3734662999907954	0.5111686362531174	-4.753556373958631	2.8717226382003034	-0.5222886965884257	-0.5480870379651179	-0.7429410911016561	1.6454136129190218	1.0452121013518898	1.2905266892350085	-2.3554874644930663	-0.9689493069198676
2022-07-31	-2.1616679615192	0.010770840431959527	-1.6292016947976862	-0.9449967563084272	-1.0677800464471296	1.2182635954486507	-6.072879694617356	-1.7251973851949742	-3.581422818214918	-0.7690824403578098	-1.7429356425273639	-2.712937716853972	0.38080692572120967	1.7237235450121062	-1.396390946331728	0.36096820751394176	-0.2752624889547697	-1.6146741532159723	-0.5768439405490113	-2.2486173489890007	-1.992130095534442	-2.0782691849161097	0.8650385565955645	-1.990956062898789	0.20634510848525522	-0.9663831084892749	-0.9695835810420803	-2.071590783636154	-0.12194786108379674	-8.202685688306445	-3.4123104911131747	2.3170682998497334	-1.2339133549484984	0.17948719329326934	-1.3430544695617854	-4.487805694629955	0.32703457025126426	1.313710015265535	0.371629170352783	-3.598782874410219	-3.4787462472801636	-0.8594550833914525	0.0390985755470723	3.2056142046912584	0.9162950706357051	-11.303193189371541	-4.6126742324774455	-0.10065050328116953	-0.21549448083254674	-5.922259584441406	0.20166773688237072	-0.5960905085823747	-0.2305889326496562	-2.9497897838007603	0.035615697074277364	-0.6354912234804857	-0.17990682941417901	-1.0318015705993844	-3.6871168675589843	-0.4273981950238692	-0.9677695935218082	-5.106249432750133	-0.9712435399307964	-0.641307531403676	6.98655249078675	-5.900511586878707	-16.162862848331287	-0.864654270643058	-1.2503158369405725	-1.5296514002019137		-1.0711223924810724	-1.6103063861417937	-2.990106364229561	-0.44433172188531955	-0.1564624096144911	-1.4217003063293276	-3.3147207837536143	-9.74175002450211	-2.6373154271381054	-4.422946060829844	-3.6193832202268084	0.10479656071521504	1.5587495396124496	-1.7328738147211382	-1.445106553384477	-2.3176092067834446	-1.605636395691029	0.3410252878033049	-5.30147159760449	3.079732955814656	-0.665845391388288	-0.5764338320038149	-0.842947841499111	1.6633311670950377	1.159686352212944	1.3651049826289636	-2.5163960145261797	-1.0600723526332558
2022-08-31	-2.432049809732746	0.02821254906973536	-1.827057457226232	-1.0894055830000582	-1.245399274437883	1.3344989220688	-6.983712272261414	-1.9475582665045437	-3.9643331582469443	-0.8417967818800243	-2.0351853606496135	-3.213806389820661	0.18177916411527661	1.6484800781169682	-1.6258356280839479	0.16799819501498092	-0.14724996915924748	-1.9963973080182882	-0.7549472924841254	-2.557134652807079	-2.413767216978819	-2.34668483905493	0.7969427153695463	-2.322983992269414	0.1792824395728161	-1.183988110198527	-0.9376865941089534	-2.3118131836377387	-0.24283910759913852	-8.636882559202377	-4.221770734146759	2.4429282625333073	-1.6154064135273813	-0.23305194317718758	-1.7008392085283575	-5.03977985514139	0.24305996918965178	1.262320733287794	0.20048317116264514	-4.040444546338733	-3.768509191303444	-1.1214923952594518	-0.6080964741799306	3.117656426596497	0.8997159057537001	-13.251709571634592	-5.404720070054907	-0.2667993622818514	-0.5150747235041848	-6.687811819847923	0.1289973618000957	-0.6914470337628167	-0.2851606692042026	-3.3826104100582697	0.0580030229130557	-0.6986532332317381	-0.4740010632267193	-1.2282734854192157	-5.419393324693829	-0.6300546510779981	-1.207720739568046	-5.886785356630369	-1.1860237670425207	-0.7399220983606334	6.77071480867221	-6.436860727062509	-16.972591086682513	-1.238265599091335	-1.5411333580628508	-1.8472157034692884		-1.2022783891373905	-2.0782922816359104	-3.435639856611118	-0.4877590084495367	-0.6701135463720362	-1.7604481664498195	-4.918229959260259	-10.657131073360318	-2.968337598858774	-5.165052352594316	-4.477298803349839	0.07100741940411126	1.1628152882848042	-1.9832675566360152	-1.632236303277935	-2.5569553904136626	-1.9382471921248623	0.10404428590216952	-5.821942126325133	3.279569388212561	-0.819728183807598	-0.7949505851293992	-1.2582993804980163	1.5601447599423466	1.2498481857822412	0.8398172894334266	-2.8952777520112107	-1.3167216361160001
2022-09-30	-2.9029451935587076	0.054191602503578906	-2.1759110023569974	-1.287000750068465	-1.473941975187131	1.5280264769661933	-8.273944820442367	-2.4241221590581006	-4.57972912689911	-0.9616700014732515	-2.599512184988015	-4.340097235965359	-0.05520031763733613	1.335167753250964	-1.9611305973230415	-0.05929155243924811	-0.27890047400005713	-2.6287251701496146	-1.06519044571656	-3.100369225254326	-3.112426402586877	-2.92124662640002	0.3469937501462894	-3.2695303170235803	0.11940947007652625	-1.524598712320124	-1.0790805687465905	-2.8092661059948085	-1.1174763564584254	-10.21815681434893	-5.8474256194943734	2.27055746513485	-2.2844401226731392	-0.7841761100965527	-2.4334740060651185	-5.9495684622276315	-0.022098814496885666	0.6946600455527516	-0.2663563117767964	-4.775433072294888	-4.467011369829017	-1.8166433410673193	-1.5243875495390569	2.6857263981765165	0.8024948152220706	-17.079284624607908	-6.975949139217988	-0.5991095457467459	-1.7139025362514104	-8.207671584433456	-0.05177264070280074	-0.8800510135937998	-0.45340036080159507	-4.110933080120695	0.09078134482352596	-0.8080570663164366	-0.6256247324840132	-1.6563398113796168	-9.470506954477003	-1.1054046062813967	-1.9149259131996104	-7.05504020562185	-1.5990652171609199	-0.8900931460374544	5.899836537772714	-8.1424627078365	-18.916364982773615	-2.673628190896949	-2.0326334226478764	-2.4115218218105383		-1.4301565692297231	-2.7693922321416125	-4.11186649973169	-0.563623178963681	-1.8678272842553838	-2.3652535508152255	-8.630548457495024	-12.136509556661352	-3.6583794303770105	-6.47820639162525	-6.477001312945561	-0.054636605363533874	0.07931856409642535	-2.481564070812169	-2.05118206141254	-2.957332675753918	-2.5331397731067327	-0.34018846975107664	-6.65009981143605	3.132546985769018	-1.1187954028633698	-1.6827750454700379	-2.19553632695839	1.0381149248703352	1.0118739342065197	0.18315795457716888	-3.6498789739762145	-2.0763781181739915
2022-10-31	-3.323584766382396	0.08364084321404164	-2.48135766484522	-1.4094143902933283	-1.6331079438985192	1.6832265997931373	-9.715482099764884	-2.746743084217748	-5.018049875565524	-1.0459999203126102	-2.860942506346582	-4.402562097092698	-0.2857090004478664	1.346107033044241	-2.050709358858427	-0.28056661336123057	-0.39398854166990915	-2.8917596160387333	-1.1406083331130503	-3.5873801949015984	-3.409524085260351	-3.3830628361818995	0.14833981181032385	-3.1697215225976123	0.20647305212144218	-1.6436469634296138	-1.0653120230968085	-3.1172514734594046	-0.5496485016760886	-9.9422704585065	-6.54837409295871	2.567988086108695	-2.376820520206344	-0.7119950441620091	-2.7279621908622147	-6.633347992000829	-0.011120902245480124	0.3760705305571648	-0.3976795447626529	-5.347827379005452	-5.466968351073966	-2.035650099699126	-1.9474686558180423	2.551816534533586	0.7681559936440578	-19.050630820451545	-7.785281639140322	-0.7936272227155463	-2.472461591242549	-9.095166435632706	-0.021472333213594652	-0.9692240408366217	-0.5558587096833634	-4.480712272295968	0.1286121972752028	-0.8916388149003467	-0.7277158624477877	-1.450982724827341	-10.33779295001824	-1.2059584110995232	-2.342302344946475	-8.304539392637125	-1.8715331049448451	-0.9334820392725298	5.648865396324126	-8.114387205184073	-19.154618022831613	-2.50786901728182	-2.238288734516246	-2.7192221549623525		-1.621818903844101	-3.005648766498112	-4.816646531518252	-0.62207155713471	-2.5944169263817827	-2.866173578952356	-9.427848895476302	-12.996678344787583	-4.054733026989119	-7.193979511286187	-6.870110647114473	-0.11510154430472852	0.282052302327628	-2.729293770158776	-2.4299913229453267	-3.236813159213362	-2.8598788168095624	-0.4604022766542215	-7.198726368231334	3.6104943863827437	-1.0702001394446157	-1.4933905273123003	-2.5523172662613263	1.0480385240497156	0.8587761638761258	0.5356721963154172	-4.138609866537479	-1.9913180166657014
2022-11-30	-3.365932419861423	0.12509241097318125	-2.5142212233763246	-1.409794558617321	-1.6142207932795252	1.5929195190481522	-10.205049092861032	-2.657396576964473	-4.788853482264415	-0.9937462374312886	-2.701360652431923	-3.6496247356303826	-0.2452732870247516	1.6116721366055984	-1.9386439047275914	-0.24173016096044364	-0.30804101949317797	-2.618283493687642	-0.9928418156668606	-3.691241786015013	-3.0871761668899182	-3.2632368626731107	0.26156480296398854	-2.7616205795139166	0.2878520662380808	-1.508936592253022	-0.8811239457798123	-2.878841619965314	0.2661662544881125	-9.305956661700321	-6.603541474916511	2.862333689881769	-1.9489677369186111	-0.2879188976941549	-2.641624655889842	-6.718324354413731	0.16042525578959044	0.45948144860683016	-0.1547219118373846	-5.284070084905139	-5.363440455893283	-1.7582081433950236	-1.4222619929739722	2.401496964186869	0.7461751118718762	-19.177496875330974	-7.833701175354406	-0.832307177776066	-2.353283134066004	-8.788598926583091	0.11865500007746022	-0.982220527455663	-0.596662464497296	-4.28731897475388	0.17697559604755497	-0.9079827577516824	-0.5752492306639141	-1.135298290665979	-9.273345769031891	-1.083532500573007	-2.5131941962836635	-8.721416681608517	-1.7825703038091305	-0.8863039620632662	5.2841577116807485	-7.380272262833671	-18.681508417348482	-1.6957004092178067	-2.0316924395847877	-2.50226407201248		-1.6520321393188198	-2.6816665483580238	-5.041961491031245	-0.6340486947074311	-2.7883616274655623	-2.8852028499360074	-8.469227835835511	-13.1906251492194	-3.770751317928024	-6.906561435193041	-6.342188688067154	-0.1439973494829232	1.0383994458282757	-2.758234900073404	-2.3385777169781363	-3.076915870265047	-2.6463271805751063	-0.22945514053851213	-7.2945827041723845	3.984030142220419	-0.8460446451331975	-0.7736132366664918	-2.4890389872930285	1.362814042613877	0.8933674789600481	1.273896472260759	-4.3918892408472345	-1.7045466284696005
2022-12-31	-3.419914596977989	0.17845489640994572	-2.5519308725689314	-1.486084215854845	-1.5836177451147329	1.512279508641754	-10.647325128049317	-2.6516715723132265	-4.631202095693283	-0.9274014404424982	-2.7375583043145753	-3.253231238243089	-0.1270371246966846	1.690741805273639	-1.912891837344766	-0.12957348845011296	-0.33363125950688755	-2.4571475348501295	-0.8761563207435437	-3.8316296119588173	-2.875527988435792	-3.218350826738991	0.23696587162087468	-2.920180407972609	0.2598267983773752	-1.4206851526435464	-0.9243986731787075	-2.7151902464640685	0.9163101294309683	-9.628442323016941	-7.393746682075886	2.974145166657781	-1.751131746210561	-0.05625508656774514	-2.8621400393540952	-6.880856522827067	0.22849245151095943	0.5020958827689697	-0.0567444419615768	-5.286193763801293	-5.134599315582072	-1.8162343782163362	-1.2179030738975882	2.243700416585856	0.6921092413671968	-21.11838828450982	-8.633741069417212	-0.915651609129764	-3.5358708959904845	-9.215946365119095	0.1651905313704276	-1.0788838329499058	-0.6430801401422777	-4.124014401371348	0.23845953577581724	-0.9037840625648812	-0.3224021510750781	-1.0174577587777165	-10.113123231205464	-1.1803799359095066	-2.718899823644577	-9.132149470310665	-1.7158630384645264	-0.874852351964222	4.928626882541295	-7.581789341675233	-19.151157777487157	-1.744779230033913	-1.9136642260118535	-2.3843623708248955		-1.6870437004333567	-2.464091478425786	-5.2592040171469066	-0.6298085208096325	-3.209156370858011	-2.917428565485494	-9.243085389559155	-13.679472393746195	-3.594605474732141	-6.7752077286615275	-6.758811907345631	-0.1769940121145197	1.2683788962257552	-3.003138242388495	-2.3045356329239226	-2.9684680945253845	-2.5301190339425546	-0.21439228327014348	-7.546273131967162	4.134087343482314	-0.8022462035584539	-0.42963681922289254	-2.8439735452957677	1.4430017518629086	0.897808660047879	1.6428572467383304	-5.182124049805793	-1.8654767147848474
2023-01-31	-3.1988704878945526	0.2357860871298385	-2.386825124159259	-1.4520180197464754	-1.4824279436276484	1.3674363436462684	-10.301978007474517	-2.3677593650177116	-4.236928715250144	-0.7990507802345057	-2.484624446825052	-2.413601753940128	0.13376942063511876	1.9119765263482478	-1.6983868595448186	0.11931932891211261	-0.28247208750229547	-1.9476543427945359	-0.6842170440183608	-3.6583171923518734	-2.29244890128993	-2.8448159116237832	0.38737406110911365	-2.3337974417347453	0.4085799673484871	-1.2196405718580223	-1.0070557022590947	-2.244061338398751	1.6332734934349276	-8.465025613146906	-7.1489174551080055	3.1140615175622735	-1.136622053296719	0.09105260239508084	-2.631731003319601	-6.361002034277874	0.3371002649395294	0.533350054163293	0.08491734572177734	-4.859850930046804	-4.451564186366255	-1.248993549383286	-0.4063084214742929	2.066703327950208	0.6538496632143538	-20.185205198270182	-8.250846822643922	-0.8194727274418554	-2.962714450727944	-8.01484549923424	0.2362090765165732	-1.0340667625050166	-0.636552913475736	-3.6168402936947928	0.3055098466035133	-0.8462385116699238	-0.1357852264664814	-0.933504351354479	-8.825905990823799	-1.0286625222790207	-2.6928338917290233	-8.82854097190247	-1.5131222808868756	-0.7782139069799179	4.530890383457873	-6.244943653179973	-17.47385845289685	-0.7010667003074786	-1.5282648495459483	-1.9522107325082487		-1.5980065350322619	-1.8900239366407376	-5.06848401813442	-0.5895811520311014	-2.9123657982871265	-2.713000757992127	-8.066854418263347	-12.960054961643607	-3.033957565595678	-5.949805179399746	-6.003293021506977	-0.17481696696292914	1.7202311884293948	-2.872194066999832	-2.0167313420387174	-2.692591175236565	-2.0883740811715796	0.058679766103431064	-7.114841884592124	4.291463786044432	-0.5815589432552315	0.11986953069713024	-2.641630307273388	1.4309117794317388	0.8408206732211134	1.7265291205148259	-4.987153463797981	-1.6765891152717813
2023-02-28	-3.1748042885414094	0.29943131113778065	-2.36791780102358	-1.4587627773085785	-1.4669016836787812	1.2527657530935947	-10.307211830000355	-2.25387240300757	-4.035111884152471	-0.7351584567588603	-2.4663110505903916	-1.837094201400916	0.17384578377034643	1.8287683264998407	-1.6029214657476345	0.15580996503540234	-0.3558068091488664	-1.6686663819990883	-0.5673864817142018	-3.7075484948492203	-1.9539445223670953	-2.7744062476323563	0.37685705022666127	-1.941859083100013	0.4058050555062209	-1.1067981180804978	-1.23345680821636	-2.085645814175898	2.1794862222020868	-7.7088578894811235	-7.014189126002918	3.048719552887597	-0.7717533614318484	-0.0838654957215681	-2.4500845398477367	-6.080291219382779	0.34475803146678885	0.3536889271734225	0.0781168307688418	-4.782921164937235	-4.2845599502981955	-0.9512364401538917	-0.15456106065040842	1.8284755833753188	0.5656541368558834	-19.306826646539662	-7.890353485451897	-0.8169754533312883	-3.273774536793127	-7.412354956037234	0.22973756045404414	-1.0020741325533375	-0.6482440447708235	-3.3151493146847884	0.37922275029774255	-0.8375051248459613	-0.19623315215484283	-1.055223909304054	-8.494439433693856	-0.9891974848313225	-2.745655259256125	-8.846183920835585	-1.4448994543745073	-0.7300651755497114	3.9993202527695075	-5.478468758393632	-16.36643177430085	-0.16359280436444124	-1.322639139071569	-1.7627427392459154		-1.6122451486350258	-1.4924046598641425	-5.075182244643507	-0.5814848258348633	-3.013789550469113	-2.690485367548341	-7.761435950898544	-12.543787745895685	-2.8397385404289963	-5.4874128937233735	-5.715616818837589	-0.18447691952211898	1.7129042946680784	-2.7805577462814597	-1.9713333983419545	-2.5562674665373635	-1.8905220156117224	0.16723757987391252	-6.816669773464042	4.145372779831305	-0.46511046128697586	0.48251678725135605	-2.4312160268811596	1.2816940703049937	0.6408705930082448	1.3083394757716604	-4.899670424664478	-1.617499448084729
2023-03-31	-2.9408014740278787	0.3706856637414404	-2.1916514526216844	-1.3635133212862485	-1.3608970092609667	1.006080223922467	-9.849372268695603	-2.0996103271173396	-3.7370910392322827	-0.6173317878604969	-2.3289674294273652	-1.1687399849490987	0.43220927898368444	1.7273734512476153	-1.4148972868753589	0.40199710199770067	-0.3652804768794553	-1.3242824464920915	-0.43514348719671503	-3.4543856492917513	-1.5375963708989602	-2.5834434119694976	0.4483768381589428	-2.0151455870732633	0.40571211462821566	-0.956562370883848	-1.352512661751767	-1.8083062601226914	2.633902309065192	-7.7246072192431825	-6.007632392490137	2.9298409981277125	-0.8795310998478385	-0.010936182735150624	-1.8780824360959159	-5.442318229448745	0.42008785093401	0.4227558089591241	0.29312897262754944	-4.391718979088694	-3.9562356371382776	-0.45152437260175304	0.16444878611116565	1.5890723729976237	0.48940379897609176	-16.222403619386398	-6.62247166515138	-0.8477211705166141	-3.7315572035968074	-6.391609352337412	0.20391846891222087	-0.8687563994648926	-0.598062754610222	-3.020327686796371	0.4617335204329578	-0.7278206220832146	-0.010017209793215187	-1.0654529904480299	-7.020023892694269	-0.8147102376854889	-2.538702292575323	-8.421128843350004	-1.3002009753886838	-0.6348844183387392	3.4758473953443314	-5.357661540717004	-15.468104499994837	-0.44869434815606724	-1.0627774959057845	-1.487982141629658		-1.4796466889098312	-1.059130188899232	-4.821803163769395	-0.5010955698906869	-3.185938886255613	-2.7236821034662313	-6.40853434425901	-11.597107912156702	-2.4968532756065756	-4.995284642384689	-5.015142490017951	-0.12456274136012979	1.6404639198624267	-2.4423446888811142	-1.8403655545290292	-2.346041409255072	-1.6044341939509508	0.21996386966146986	-6.151136946257793	3.9838306252150133	-0.6246888318974655	0.808392399856757	-1.6621701445679093	1.3695654087463254	0.5905268396016652	1.1753268118915798	-4.603095056493672	-1.6964821836025976
2023-04-30	-2.6839258990673045	0.44493873174607756	-1.9982343934939877	-1.2663159377507185	-1.2666435722590101	0.8191634193983504	-9.368605578724981	-1.9125595664681754	-3.445592398834819	-0.5090355676516154	-2.1528925448608263	-0.586438197697305	0.6600188344678983	1.6596763083124273	-1.2415978378055215	0.6174201177501217	-0.4495793369990757	-0.9190608394497133	-0.2680664243692945	-3.1600124586353786	-1.0579236172330155	-2.419580806486586	0.5897656439360546	-2.2535178839822407	0.4492949107192885	-0.7478142542605326	-1.2912506727583661	-1.551310169884296	2.872787424424004	-7.893995309885355	-4.981913600932415	2.9126509896037547	-0.7691044046437412	0.2727635747698116	-1.4288129209835105	-4.775686015313781	0.5496342149067672	0.6155785211106775	0.6429689607071651	-3.990118473214565	-3.8128216027929085	0.0044111646825228945	0.3675992521906295	1.4174769997903347	0.41915040574816054	-13.493477296516005	-5.501310162199218	-0.8366795279717465	-4.205857794725901	-5.620594147707095	0.16755731804488505	-0.73673056218799	-0.5513720839757887	-2.660099929694738	0.544437001893229	-0.619549915352323	0.20619199103323993	-0.9391828368168547	-5.285346856074796	-0.6115388803753916	-2.3435928639959798	-7.967362755631029	-1.0894042495785001	-0.5475520076743834	3.1106665015190345	-5.372657286219464	-14.800634627430526	-0.7796625922958071	-0.7616233740644063	-1.1831763975339626		-1.3282785457936512	-0.5283824052163055	-4.545114936750743	-0.4231456536965794	-3.2664522313003914	-2.6030230303761783	-4.819841883255322	-10.551014505931462	-2.169500844102622	-4.429603332922369	-4.241531880724409	-0.0727547331051781	1.745410341745682	-2.1156923136652352	-1.7283538420277225	-2.1450177847391743	-1.2872820041609074	0.2546645764007067	-5.4114943397592015	3.8939835442442785	-0.6656168078630742	0.9649449422297494	-1.047713470496177	1.6208198922834782	0.5906530689455565	1.3640426328436064	-4.383395200534423	-1.7772771598640418
2023-05-31	-2.5321263603846376	0.5215385689992473	-1.8843278912122514	-1.1709008060827344	-1.222760222804819	0.6736650319928188	-9.144956884296718	-1.7179821556440373	-3.2460139382936433	-0.427416351952548	-1.9587778440264714	-0.3540381029683317	0.7879035261645342	1.2877204073865158	-1.1518939637550432	0.7384790803084869	-0.538524850815179	-0.774067949112613	-0.24462791746960022	-2.9942040359384805	-0.8640702850445194	-2.3359724666501975	0.5036294357370252	-2.5331692624566244	0.48167319684497656	-0.6879546517741204	-1.1826896623468173	-1.4100969027068686	2.6149325439613733	-8.046265348991142	-3.5018572682666047	2.5982545659752176	-0.8972386652638136	0.24277136740785465	-0.6735949088168169	-4.114403186275844	0.5866483454335878	0.5206604991349906	0.5870141441956491	-3.762746667296099	-3.9850733601694444	0.3815914007511054	0.09848433766350695	1.0265843604248097	0.29446059093006305	-9.212670198139563	-3.74703837412801	-0.8828747329741731	-4.552453606176314	-5.014316053442656	0.06741426142108509	-0.5422208681083003	-0.5315974834159469	-2.53648578571201	0.6319159582774887	-0.5494059455041764	0.2623537555716595	-1.068424068865518	-3.7193910928688183	-0.42709260669154503	-2.2572977182659457	-7.742630689467603	-0.9941087342694956	-0.49732080826500535	2.241072820889954	-5.603126447124538	-14.115270397306602	-1.4290238886246698	-0.6412184413089363	-1.0645472838363617		-1.2395468844408057	-0.33766757686072424	-4.402828575769334	-0.37301985068175014	-3.5214688888558214	-2.6808270763926387	-3.379995784017524	-9.412814959965345	-1.9452167686264232	-4.21380628821683	-3.520034430191032	-0.05314189141572001	1.3814203859901824	-1.6654286707878398	-1.7069602165260562	-2.012501430767358	-1.165677937699236	0.07270230944811118	-4.590752825056072	3.4743100504080644	-0.7965099348507252	0.8375483999812161	-0.030132660523122468	1.4532160748847076	0.4386633270956466	1.067351539054556	-4.015967236126059	-2.0006238738242104
2023-06-30	-2.4098020938771896	0.6045627575394406	-1.785089517912354	-1.082594833806489	-1.1608152761223245	0.6150519853489058	-8.806196038473743	-1.3567384259610051	-2.9110551776664977	-0.3139307695875573	-1.6351420300460973	0.5959071754366789	0.8105150903299929	1.1288757521481543	-0.9825025733410655	0.7602946356650975	-0.588157325696308	-0.46468912636151316	-0.11114925231949613	-2.916912211901547	-0.5063520967576522	-2.0850784098500768	0.5254046131107586	-2.150992583602047	0.7046598446376038	-0.5066822424780213	-0.9195063749512613	-1.1091447443210924	3.0252958668381353	-7.000226033705303	-1.5317144963607063	2.494005325778314	-0.6804615773890106	0.41206173654283873	0.1834547980687944	-3.3810220174249324	0.7117678996605079	0.5580822843585338	0.6648346934932192	-3.4820108103530885	-3.9339230301107406	1.0522846136401682	0.3259566391016193	0.8265735256290476	0.21985563073131154	-4.038004619228957	-1.618421149899035	-0.8579359441340273	-4.470312195289836	-3.361026206632829	0.07480562458814077	-0.2901679107275683	-0.5140176694365728	-2.283198926114949	0.7257022910007009	-0.5166104103923885	0.24592935684257355	-0.9097817525033136	-0.3820554702192567	-0.03567526745883498	-2.1901501481493426	-7.46285190762309	-0.8193501476515195	-0.4115968254916389	1.7671622661147808	-4.502082894894954	-12.126295253047289	-0.8496320608624899	-0.39764372057648245	-0.7880285943029932		-1.206864067974358	-0.0015891633859581589	-4.240552753624129	-0.34894386434703506	-3.368399510347018	-2.651330007202297	-0.309009638749842	-8.021805470559883	-1.5472090697432321	-3.68290899255598	-1.8523023627824386	-0.04490830508873955	1.6891653976150138	-1.0543610054543606	-1.5368542424865836	-1.7914478790738428	-0.8841020862718949	0.23724382091270257	-3.6693429710623704	3.2949588041619933	-0.7314027030133197	1.5553321086553495	1.155046503127366	1.452307637295064	0.3517797003269365	1.2326480720769268	-2.963678649869806	-1.6105765460553414
2023-07-31	-2.2875584128068596	0.687097966479385	-1.6930684923641905	-1.0053651336966922	-1.0825725588321973	0.5552667473934108	-8.675859247782697	-0.8030761413153442	-2.5154676188214324	-0.19101287146803259	-1.2088314710768984	1.5607372010005207	0.8899911663822309	1.181139933878029	-0.78374556259336	0.8333377628233691	-0.6294897945088351	-0.08438570331995976	0.07537225085299681	-2.86757940769607	-0.07237051091502167	-1.649953092852158	0.5986286417736721	-1.40941088027148	0.9601059590658743	-0.3132878253398488	-0.6188791231751125	-0.7223474911488665	3.394180995826545	-5.222322611789849	0.4645165765387276	2.5496978175044234	-0.24699388375550768	0.614024514002125	0.9412419129556682	-2.489888764409585	0.8578386775670808	0.6364671819508416	0.7905161067478943	-3.218379618934719	-3.474991603228098	1.8344385452699044	0.802317741702467	1.0107252404506468	0.24245601577670683	1.1790979363644283	0.533194806110771	-0.7738308208964106	-4.468860354824159	-1.6716236925992405	0.15155080219739858	-0.03728104365482565	-0.49350422346996226	-1.8905316394593612	0.8190111468670693	-0.4676338460047731	0.3738484593086362	-0.6986660111481129	3.3493911931759044	0.4015150318073353	-2.1094288461448656	-7.34032787575255	-0.4651961802720379	-0.312033311831744	2.1431335437932404	-2.8371482818882043	-9.667149631219246	0.28431094689196357	-0.09719877418241651	-0.4134734728590743		-1.1711886728578023	0.3912899722525083	-4.163359659687913	-0.31424917765327365	-3.090701578705122	-2.438493582065135	3.1256949914020424	-6.354129915577488	-1.0341550875935255	-2.8312045155549868	0.0927585350991933	-0.02171736151701964	2.2749366213087967	-0.43929363798237375	-1.2122803224318872	-1.5379658824081304	-0.4950856633777363	0.47026873942946423	-2.620443499424141	3.3441635481976206	-0.5492478696356002	2.3361744308029557	2.245812668595363	1.5504608647990636	0.33867203479650954	1.4554239118813825	-1.952830981406862	-1.0247364267746093
2023-08-31	-2.2092003910880607	0.7754180955381003	-1.635439590039681	-0.9263261720148463	-1.0497877051082476	0.5082675330794224	-8.74096975170697	-0.44520177362970514	-2.2857610273376707	-0.13412289328212523	-1.0677736024836548	1.9918950552992811	0.9022303579743536	1.0848933717563227	-0.6099628858635526	0.8451710607006575	-0.8224428037522351	0.04133579035963919	0.20320463663936295	-2.8457959314446697	0.07794026531581721	-1.5218378734039888	0.47789709575774	-1.1443306453025173	0.988145572279425	-0.24360254125002	-0.43885910193643696	-0.5659280848430939	3.523687388594496	-4.5455354480799315	1.9525178931758376	2.6135840362448945	-0.11828812266260513	0.7072622846384462	1.4131372484137188	-1.875594289977876	0.9625056553848523	0.45214878838147854	0.725811696355926	-3.0665368575371303	-3.4372882245806693	2.1892213000817833	0.8570444343339716	1.2068629891370861	0.25457929929954304	4.8074838941962525	2.017290782691447	-0.7588876288137847	-5.2595739089037465	-0.8438213446849545	0.1832602463120594	0.14672490123198045	-0.48692822010476533	-1.7150451130520068	0.9168974814034527	-0.4003964640692743	0.4458778818085669	-0.4206398568087124	5.664352142040798	0.6751738361110853	-2.0845750301830037	-7.379396287005477	-0.3249523087763748	-0.2235381549504858	2.5640439429287483	-2.0883718120772983	-8.410953287913742	0.7265869936923366	0.0030604720939066965	-0.29547548289892234		-1.1364226164207025	0.5086376076203365	-4.174724041884083	-0.26441953451693934	-3.0401626401068853	-2.372119125557596	5.257040149671866	-5.222594243454182	-0.8337490803788228	-2.45246154577778	1.278261652263609	0.0023688994799471175	2.4485436597683616	0.005996965653686459	-1.128862303704473	-1.390979990354701	-0.37059110245751015	0.541413872121268	-1.8502746242600878	3.396469206423042	-0.472293392532805	2.7544578577532803	2.9697428242199777	1.3912796433528314	0.17584491274039848	1.5423370462181794	-1.2562783050719304	-0.5861189499407828
2023-09-30	-2.2998856681761026	0.8612022900370988	-1.697562867268303	-0.9129701395568546	-1.0785562262384758	0.5533863627796869	-9.312571631178258	-0.25506661214893	-2.272462553029314	-0.16185133193526013	-1.0517850966475635	1.8323681097531477	0.7563524799141206	0.978819950757206	-0.5472126580751677	0.7044118574827678	-1.0755647527526442	-0.02586382458576253	0.27151808369845654	-3.007518626513459	0.010062796810288432	-1.5115174371613804	0.22248191796686712	-1.377684504559511	0.9612955241938259	-0.27091086092634953	-0.2730168397687933	-0.5516377393841836	2.8073636015345613	-4.811386598820974	2.383103621937863	2.7074579156598944	-0.13960133707180944	0.5601040812165934	1.4491380373022835	-1.543964440658634	0.9278273862348456	0.06337919156450056	0.44408341603894286	-3.173865735608615	-3.488324141784304	2.1065867189461187	0.6467229063948281	1.5005252563384843	0.2752788021467385	6.091570812974055	2.548229288353866	-0.8428101851314302	-6.148458546818716	-0.8065389612033584	0.13200839576450107	0.2094143618611497	-0.5113566208941194	-1.7544909451489872	1.0131556395164836	-0.34770284338766544	0.3336972579411892	-0.25385360737777063	5.775859558981608	0.6890800558799981	-2.1874089981470632	-7.861977621772368	-0.23984845825463452	-0.18646102331643277	3.3272754797941815	-2.33379821003345	-8.50708061958295	0.4609015412818849	-0.04390473492422586	-0.3318996426636147		-1.1656129778613789	0.39663660595870454	-4.441918461916934	-0.227023296242443	-3.386146015498781	-2.412194626523572	5.3650903497579066	-4.574807079015756	-0.8242272680766547	-2.470731168755762	1.3700588209719626	0.014126524066711	2.207688172098642	0.13758186374785453	-1.123367949349685	-1.3979905736275526	-0.4064549512522433	0.4425182103007046	-1.3792412865943575	3.4757135525484273	-0.4871065142206703	2.5603220944037446	3.058607863048451	0.9962331915899227	-0.08225679623308224	1.2949511623816221	-1.0629929732813679	-0.37667076076765227
2023-10-31	-2.449451671228587	0.9461613170940666	-1.8021904115843341	-0.8970428154026564	-1.1112006122842004	0.5748901343395971	-10.040158553887395	-0.2923747376042414	-2.3027074358628568	-0.18464440489815814	-1.1473044467067979	1.3672732318559042	0.8496235567774164	0.7482879311323316	-0.542924928770276	0.7935102305897246	-1.384380077633537	-0.2180821070825374	0.2654514731173876	-3.2255982021321614	-0.18684991066581347	-1.606754266731663	-0.06399783853771623	-1.9591556077303949	0.877407216073042	-0.323597820817735	-0.21758729693886636	-0.6366768468540656	2.518022733234261	-5.9077346641697375	2.582317499653101	2.627237712489606	-0.30335181972178304	0.19880630296512436	1.4577002079565275	-1.357709844298249	0.8537878283125622	-0.20692906799053645	0.16002281829265996	-3.392608871881862	-3.5979553012221785	1.7414662178148461	0.288062277048283	1.5936469138208764	0.2693211159340123	6.447782911436889	2.693841221695635	-0.9695595225177769	-7.470122209593271	-1.3759726515704358	0.02599960808408852	0.23449169552415228	-0.536811447590722	-1.9582563487035074	1.107931602098759	-0.283287986059122	0.29305772037669797	-0.20943880663944725	5.0834668496938775	0.6099132089333352	-2.2971104214584415	-8.489519778894788	-0.266665781341203	-0.17619794285393198	3.4214619744803088	-3.3420366309406404	-9.670262764849383	-0.331236368573542	-0.1881839055612886	-0.47792539658763644		-1.2102952299491037	0.1742508513042509	-4.791444519682244	-0.18104892302444142	-3.812919952912168	-2.523373222365187	4.73354974944084	-4.1443170962892	-0.9559986864172956	-2.835261774567755	0.9948820013315753	0.03759569061111989	1.7223386028414183	0.176221439122358	-1.1993620390408495	-1.4437178038210163	-0.5613519575463997	0.2662200016861789	-1.0599809451965712	3.309516728345443	-0.5548407116033012	2.1480018152685005	3.0965074597004616	0.6055050871250387	-0.2558167236365456	0.7676626643973918	-1.244929175647414	-0.5442780372509759
2023-11-30	-2.2372926540628697	1.0320192217259887	-1.6421233255760086	-0.7604249647479691	-1.028768791238754	0.4823731215803413	-9.874548579311877	0.03735840499894039	-1.9551284117816294	-0.11287114560381184	-0.8630483330025598	1.8133090940310836	0.9935868380445001	0.6655381937962517	-0.29639346953131707	0.9300573332802031	-1.5190567530251968	-0.021246026062577528	0.48658610912940503	-3.0685627495978025	0.035563416098177925	-1.3920092096554981	-0.003699630251794872	-1.8325767761377705	1.0195158754520826	-0.1827800314000676	0.04849357990621428	-0.4666277628997477	3.043806547396116	-5.531177927607246	4.0005846937915805	2.549454570551088	0.07394196147910748	0.25306208103626204	2.0540781757729363	-0.7879520805364209	0.9411627025399838	-0.15380571834835166	0.1207885269985951	-3.0018010376396234	-3.5785378710669775	1.9844523637129043	0.5176097994430648	1.507604896907793	0.23760990844405683	9.630776626719921	4.001096988658844	-0.9036424469781998	-8.453339431778815	-0.8136070144024359	0.0448927965453052	0.40854040554249593	-0.5008850707932098	-1.7512018173885906	1.2016524185188473	-0.16884895607053352	0.4293878788014993	0.25788684110501947	7.421875547633363	0.8859081136865754	-2.1508460693789715	-8.302209105237296	-0.09053395692436794	-0.06231385875083717	3.0669762623579686	-2.8415278858015824	-8.939201770931902	0.036954705896704354	-0.02765864688134201	-0.28517082053144804		-1.1064210793665907	0.39637644149122764	-4.674593712527155	-0.09999995505931025	-3.479121401336556	-2.3372312970073708	6.890287466390703	-3.112414032046985	-0.7168516801243427	-2.4015244583841877	2.184436631550483	0.08981844938671202	1.9914698722611632	0.6114169920370642	-1.048037337908255	-1.2205750320473783	-0.3652603358943196	0.36419899850398707	-0.4086168345942056	3.1194574426136583	-0.33202414152373194	2.465301300584372	3.9187510372363903	0.4984003986396317	-0.2769099396413175	0.8595253396618858	-0.7243336490070931	-0.1540385567686542
2023-12-31	-1.7917573359012948	1.115117363369734	-1.3167165711258235	-0.5341977062733889	-0.8706255573066528	0.35084830121080657	-9.000888576233834	0.45573954692375196	-1.3932539184091013	-0.007653301310774907	-0.3948437227342083	2.8055357462284434	1.1373347605988755	0.6940581873119029	0.062497698206207986	1.0655278862497468	-1.4940694882937127	0.38189062038554766	0.7593140639209288	-2.6584414925141715	0.4824871400687485	-1.0672558291205405	0.18061964103733885	-0.7761365872479473	1.2514968163611115	0.015090585743280371	0.47737422008683694	-0.0934352869288233	3.981543584154508	-3.4921332844908193	5.599528481528722	2.4588234445943797	0.6863390711934017	0.5639522409056923	2.720307685430434	-0.1388439227695244	1.0683375267805388	6.671464608842825e-05	0.2126211328207006	-2.2989155161586297	-3.591770678763204	2.6316629542776013	1.1082116619170534	1.3146348938738868	0.1759752870730349	13.71872635784706	5.683016478485058	-0.6909700162354895	-8.764394926695374	0.26025216099347404	0.1679030775115926	0.6090158344302807	-0.42165198060961373	-1.2654198077361798	1.2923690090849647	-0.012878799879374014	0.42361376135484363	0.9344125663728775	10.772429175372963	1.2798006714174335	-1.8259900127557387	-7.500685078747679	0.19554395549479153	0.10358050980516964	2.475889606891812	-0.888016056175843	-6.398777032069432	1.5420134668460435	0.28582791296690857	0.06382741566957861		-0.903045281436782	0.8077724150970553	-4.1991080795661375	0.012472549058124116	-2.6305505883592133	-1.9327261288124191	9.976183507363942	-1.7948180117036827	-0.2306790394440128	-1.5478363945129985	4.01115349360424	0.1659795032604734	2.723496475581527	1.1144462762568068	-0.8182583637022773	-0.8303227763890888	0.0007175658819917885	0.5771968736626363	0.3428223169374789	2.937369942761066	-0.010043717239085481	3.2644568722428033	4.821436200680125	0.5497175663571028	-0.24773172658841602	1.3527644557566134	0.09446516778935177	0.7125286059203972
2024-01-31	-1.4330307625724146	1.1951696058925307	-1.0553796803547613	-0.37167578462558737	-0.7902038537044831	0.28824030725291294	-8.440313836580842	0.698184355511458	-1.011661598799094	0.04932014109315119	-0.12471782855384106	3.489290224483156	1.191526635826726	0.5220318401947992	0.34906996317190675	1.1164463241368736	-1.5927342602693244	0.6610584069932699	1.0364949955322693	-2.3017895199188843	0.7920171543259826	-0.959335063994331	0.19922024748079536	-0.26415190786440235	1.3324889440436465	0.2467409574097843	0.8934866867540165	0.20659191713565406	4.361242170032099	-2.461168986238988	7.188386354031479	2.33583216125362	1.2316500236059795	0.9639358831791327	3.3454716794598482	0.5926908542203932	1.218803197190553	-0.03327434600082313	0.2866595857049603	-1.7565510780486733	-3.8793090744241567	2.9876068348818308	1.1901451847354139	1.2844050924981971	0.14184249901093615	17.351016121812904	7.17709177072814	-0.5914206869721426	-9.989391118863281	0.7352604407412286	0.2650137585655017	0.8019247935690039	-0.34901838485424364	-0.9872569998112652	1.37989037574998	0.12816277997542613	0.3448605965634357	1.7429178320578842	13.859482089672383	1.644788913248476	-1.524500506247108	-6.944602107961003	0.36554207636465463	0.24161793473285442	2.325198773060194	0.21074489882079206	-4.88582715341073	2.36482621007724	0.4897418968599041	0.26754332805891323		-0.7219080276785519	1.0630435704182588	-3.856548340759801	0.11546223943363287	-2.25661332722936	-1.734843479177684	12.821546511759493	-0.38615089388569857	0.1046125888588989	-1.1276170911051935	5.600957864332287	0.24039689775971596	3.3636231085583006	1.5839360261447695	-0.7382380958038439	-0.5678371141615699	0.21407108565351507	0.611215852988316	1.1763947546743765	2.745482686014057	0.3311025898922395	3.768758702755804	5.677705646648576	0.6496098315576404	-0.2912627776303509	2.0286786250427298	0.4273803111370853	1.651583564947586
2024-02-29	-1.240448837595494	1.2731897069116087	-0.9104530307379548	-0.25908562919676825	-0.7364224340743348	0.3036173072666841	-8.047978295100805	0.9910438803431916	-0.6535744910632104	0.08974676767632062	0.22177614277791946	4.57869682592613	1.2363604834240434	0.3864634919052605	0.5855612568673436	1.1563801727122325	-1.6441991890742145	0.9934748228383228	1.386900726201489	-2.140677451424793	1.166735244244066	-0.7230505796341831	0.23141190939205813	0.3958120432880463	1.3990431973506006	0.5651155041143348	1.3099015245070191	0.5912640092802377	5.018981459435906	-0.7851364812995598	9.300257699269025	2.2615047960213275	1.8685999788195602	1.429163893236037	4.074946923098608	1.4623516697515555	1.407538270228983	-0.09916359089530147	0.369231393428322	-1.461591113668291	-3.8748198771231444	3.4995608479206766	1.3857625693535027	1.2979703446063837	0.09438337562745502	21.731372012064696	8.978949526200097	-0.5030479226550852	-10.442570217063775	1.9916448358058005	0.3717866034289372	1.0596533985773071	-0.30862401029501996	-0.6889878469225152	1.4646242614220455	0.2142729809924191	0.26487036508532924	2.9787070674088483	18.066728022129325	2.138790146154335	-1.3530388784581646	-6.5841018045373545	0.5982392821499118	0.35285885402030104	2.3752822316454854	1.9898564045117553	-2.1667617978677924	3.5190128123559816	0.7400181410860185	0.5539170547218788		-0.6368884938141193	1.362951564525531	-3.643711767307231	0.17604392110214206	-1.8187634384559317	-1.5896958317533247	16.68676187724884	1.1561313151178751	0.5613105920977759	-0.6561020581780497	7.762718625674609	0.2887272839408368	4.204614902633267	2.2282747694684346	-0.5637911871928054	-0.3390124142865645	0.501819287640096	0.833790291727162	2.0848984071894137	2.663861218869762	0.7155171170384023	4.744762575830421	6.648687081266317	0.8338430178791327	-0.298118722172827	2.8735509761455944	1.2091225351185244	3.428112181372825
2024-03-31	-1.0122310543859925	1.3466251909290037	-0.742344480262787	-0.12867625543223937	-0.6794036223914226	0.417232924270035	-7.589976512867281	1.2563910179403663	-0.24340086422188278	0.10926272664238112	0.6204055585131201	5.793155742880344	1.5373970052431218	0.47808925606909725	0.8216106077635175	1.442523186802532	-1.6604034179529457	1.4086393529688053	1.835763026387152	-1.9402277434782604	1.6241151710450268	-0.4358217921297367	0.39984528143549625	1.1759485673243404	1.4598565401432104	0.9529277916136394	1.6552803435810546	1.0049926418031063	5.815823972284974	1.0870923763124551	11.087674483575825	2.4316504483180097	2.6524018308798105	1.9455846346871652	4.708328464847803	2.324175134417999	1.6167597115149448	0.08899305058113072	0.5282528569850484	-1.096520985710498	-3.7710986761831364	4.1053915105605086	1.9111269113962521	1.4724043983622792	0.1009373910935647	25.355745715360683	10.473163161576679	-0.3833001064327952	-10.768782514918577	3.104504594482819	0.5383156059048382	1.2853366589112483	-0.26015844418216716	-0.2945808838386199	1.544337719567494	0.2995461415944902	0.3603211277649976	4.164191504387809	22.4405449113778	2.6539852837151017	-1.1531375665492902	-6.174194674836841	0.7971361318300794	0.4659311113132958	2.8158289526958242	4.107582886799264	0.5827210147573112	5.1572026889982965	1.0593156172372673	0.9134547637984838		-0.5420515313912233	1.7649415478942316	-3.394434667049225	0.2346723812411966	-1.3351768632063283	-1.3196912034687358	20.705934345622097	2.6329767328937805	1.0843855280420556	-0.008503932976097417	10.00277837378053	0.34283544670565647	5.420578671247284	2.768550265231653	-0.36160412701427447	-0.07220199585674436	0.8620957855986191	1.2134522405367747	2.9676727653913844	2.90045017940016	1.1568918867615494	5.86684841497086	7.397753833774473	1.1518733609193816	-0.14942604134083126	3.765211283393498	1.8031641840326955	5.426331654447665
2024-04-30	-0.9969995453588893	1.4171850464680062	-0.7284719938540718	-0.07474419129811594	-0.6877585521339498	0.5901505859393552	-7.636293887893245	1.496410069500321	-0.06974544399848526	0.08589186323736442	0.8394431361466701	6.304830992979021	1.8634241265143032	0.5681061973297759	0.92519733308783	1.753176354216734	-1.7118196814114661	1.555485455747096	2.009258399195307	-1.9753302669740975	1.7868593266844712	-0.2020936531578883	0.5044172651362899	1.3042275389201592	1.4163232043530876	1.1296199985902327	1.9672038751591927	1.1014326278853233	6.2104788203970145	1.4235466154010226	11.75512612641569	2.5503152003252083	3.0087757302045333	2.0338368552649797	4.811119903412148	2.79245661756741	1.6586429854136284	0.26215971190475074	0.5746122797986715	-1.0487072323429345	-3.4847798949878026	4.186150011584701	2.1005582074147924	1.5991825607748282	0.12181862906414409	26.37732677393791	10.89422640001439	-0.3992748471731282	-10.931439980112359	3.3230669879914387	0.5743261128212644	1.3750757796089097	-0.24996492996288922	-0.1409639307981223	1.620779599532142	0.33681605061440223	0.5347019080030115	4.702963039681229	23.97744489316915	2.836209591259987	-1.1153623041680305	-6.218426542041598	1.0119585860177764	0.5207661522656792	3.1009767064839338	4.579177870461535	1.234126032949689	5.508296013451684	1.1702699497692848	1.0752845561564115		-0.547438873872899	1.9331457631426616	-3.409006189251727	0.2621887426321763	-1.438454464251393	-1.203066429192809	22.128167446400653	3.3542867231775517	1.2121340474482452	0.33329571150044046	10.770238448365546	0.37676059053262634	5.830031071488435	2.971280330128643	-0.16909283526545948	0.04548319302843851	1.030389792084847	1.3349479914675655	3.331144553927018	3.019892035955465	1.3543241578699394	6.336522667926232	7.428815331624236	1.3237204240364946	0.009235417305841764	3.854811900225542	1.925001638783712	6.452728157355793
2024-05-31	-0.8586618075344177	1.4864680078713803	-0.6232991138863468	-0.021590657191524087	-0.6634528056436046	0.6983336541292182	-7.39218645987647	1.7265845306509604	0.22571656583815525	0.10364985131224458	1.0374707814929849	7.0007355171080405	2.1558564599221057	0.7179923124744079	1.0816824518472856	2.0316293000327406	-1.5988641677802367	1.8945312720827587	2.2291066830596904	-1.8609395483323539	2.1611042043942774	0.05335641462502139	0.8096849103607298	1.7927677759437444	1.3435723054745239	1.3875614604024236	2.2414414383707566	1.306172801154034	6.93353761441189	2.4372257361349057	13.149545596205996	2.641089640762388	3.569488254712951	2.286419402773049	5.29511409474425	3.4884197442626714	1.7531690886694449	0.7427805820992006	0.7390267274740197	-0.8337124204439448	-3.0730526529714766	4.294900396759203	2.4444113176446365	1.5988224638320574	0.1331171211698976	28.933718933697094	11.980448470910034	-0.336255294620873	-10.878525825214595	3.5420710754458753	0.6343338489547676	1.5362872319818308	-0.20667157651465828	0.22793920585038308	1.6966616223195956	0.4045536365482718	0.961186052460107	5.508124326150956	26.8756522905328	3.1757549920786374	-0.9366868216336428	-5.99992056077339	1.322614895087085	0.5983763233241248	3.0050558911710255	5.5516568155010475	2.3997303690319143	6.292386912209082	1.4118908799291106	1.3580898595334077		-0.48620644125976753	2.3543260355177082	-3.268830792439182	0.3109771628625424	-1.2401741093466399	-1.019856280023383	24.78425570794917	4.508478700746608	1.4362433709949016	0.9841106456736952	12.164156349837413	0.43378950971401764	6.4388647223829025	3.370440079944416	0.05186991418842979	0.2403473803292897	1.3268128711311675	1.5252954908389427	3.9962292799295938	3.067239681846395	1.5918938271003995	6.785840528682343	7.914263375428092	1.5806219675253033	0.35541855351299034	4.138880922206752	2.0121928684885546	7.640260690482123
2024-06-30	-0.678456330896708	1.5502545530685552	-0.48796766017321147	0.04245948424664192	-0.6523941587777955	0.8230186775415511	-6.989905047549584	1.9701822485203095	0.44005048459796114	0.09265788820157539	1.391182844706698	7.205626227847048	2.3572109904425957	0.6809724967771587	1.217561005087731	2.2218515349248165	-1.6122665535564167	2.0316524591478142	2.388520154718236	-1.6679526692995381	2.318134201672933	0.36142211652128964	0.915363134762444	1.9558047745458964	1.1557408411735146	1.5554988359797406	2.650137871535513	1.4317645437726227	7.132017401031462	3.0240181840055413	15.243079754834497	2.603367500291938	3.8711855307998775	2.5732864880386757	6.137170435436701	4.199552067660349	1.8211453196380134	0.8682706499785908	0.7764646889474918	-0.6101776290697245	-2.8264817784100487	4.32960577658919	2.4119305521243746	1.7082179598591978	0.14045221189469181	32.90294753121918	13.60452676904086	-0.2660084860174372	-11.41452133734154	3.769762403521156	0.6744602522065719	1.7733120358653096	-0.15654746096192795	0.3666753327313259	1.76574448576757	0.4852979559417321	1.1894435469394438	6.555085619859668	30.28169510157369	3.5761043581420466	-0.7265495670176563	-5.64230169644587	1.5827112447984035	0.6627026301364722	3.276171156783903	5.988170646260357	3.3114657371464205	6.50474110335287	1.5227271732451229	1.53873623711619		-0.3904425204245996	2.5057574706314796	-3.0539261615763493	0.3693666201686412	-0.9576628869656645	-0.9464375601992074	27.920123841608245	5.707462998192497	1.6048863460414822	1.3716826866573655	13.738096763236484	0.4923460333036829	6.861142877678617	3.9573773145355062	0.28801057209579994	0.3796813696402168	1.5077081745591272	1.550506692977656	4.6752093736677125	3.0207103622852145	1.731675602564735	6.966299264140844	8.851433166814928	1.750313257109383	0.47297631227630177	4.514784048688426	2.324058212888346	8.43993999623288
2024-07-31	-0.3585604506757534	1.6125420908461194	-0.2527947956686347	0.16710952196397955	-0.5737136227138002	0.8312163188431931	-6.384884662750537	2.1521236609943486	0.7692742488369788	0.12097079886687112	1.7295710563148816	7.716149082789528	2.6859393070066417	0.7003032184397497	1.4363895737578076	2.534625547883209	-1.5401854100982852	2.2720953874298573	2.5496136736271566	-1.2997715433338612	2.5741196660370633	0.6295040713704836	1.148786972184368	2.9591582962913208	0.9982961645308563	1.7345561119418385	3.070027396810353	1.687769470127293	8.082391582047336	5.081929244031244	16.36254138481459	2.5908905200049333	4.4470432281487575	3.000798795246311	6.56104802273039	4.587683225428478	1.9288619155985245	1.261095535162994	0.929997248918454	-0.2251943020808227	-2.6505337611911983	4.670097006165463	2.5590095212193376	1.6952050514770605	0.11153993595299383	35.00373427605075	14.457893181989476	-0.1007612513824192	-11.754809863058227	4.083366583211927	0.8164114358021841	1.9196422455888786	-0.0815245233179489	0.7060071192614572	1.8324025134264161	0.6133812952948716	1.340363855341547	7.186109270504659	33.11743320602153	3.9049371361632907	-0.41768897221497525	-5.057707589087229	1.763201817756837	0.7621919960046952	3.3036698922283847	7.45048221358681	4.8777524653607145	7.802669756327532	1.7040245068154363	1.774537729712911		-0.21090991882914523	2.7221668162882224	-2.7044487408036986	0.4614048932143717	-0.23797867373144754	-0.7312804414506928	30.509100966628182	6.439995180851881	1.9002775408413015	1.9382955156739285	15.207596924803198	0.5650467525529237	7.691857019762352	4.283825582195746	0.5096182324451632	0.5936158825689972	1.7507356845816062	1.699049976071791	5.163990762228607	3.0265141750318563	2.0242735640326757	7.49207557392873	9.19235654144559	1.9588307470259139	0.7336916794823409	5.0558200603454395	2.741159779681297	9.422702376527042
2024-08-31	0.0019490895224123506	1.6738059414349777	0.012336883427764178	0.2811143724865772	-0.45402849903882014	0.7645066015206474	-5.684903643291506	2.318288726800361	1.1634599694245793	0.1898560079129794	2.0082456696328563	8.352281865543844	2.994248545309965	0.6925089207925623	1.676468017304643	2.828968392768239	-1.4553292707438672	2.6049438937130134	2.7079500808163672	-0.9018748897619417	2.9248263004378074	0.8714784485940399	1.4878766143756081	3.570087559061477	0.945139964868364	1.9047240130875949	3.387774538695872	1.9801235884856538	9.091476829426469	6.342044344357589	17.388345485236954	2.5374913863389565	5.112402249836094	3.7200736978525413	6.868700425271115	5.007144178331302	2.1009164129086315	1.792424506255358	1.2791777263107562	0.22665447399253935	-2.458895626816009	5.197362298442613	2.752778710806652	1.5245268155599803	0.06851628574712088	36.660825209738675	15.144568289697645	0.13042641011593403	-12.037983342062788	4.538515042903242	0.9661422225873757	2.0471841761714913	-0.006497272423310108	1.054017914802074	1.8983005854631472	0.7605646597232578	1.4401406563677774	7.853582662514228	35.96219619847801	4.239229730789859	-0.1069771700631037	-4.397335605950062	1.932190364569415	0.870578678099811	3.016340632837256	8.512808010451465	6.046949412606921	8.739797211243598	1.9377098732029978	2.0553687608191566		-0.016084738090512474	3.045323975958752	-2.313568520000665	0.5648779174060508	0.6745537499363223	-0.4111433333200054	33.12997298921522	7.1571216592620885	2.2004571299848834	2.4971948983497185	16.636758732287376	0.6352906456767187	8.623180139692636	4.5993414790569815	0.7097893106822468	0.8613359240401905	2.0329235193763893	1.8779020120858476	5.606914566305861	2.9247274492108986	2.3846811333132294	8.097361840386867	9.41492777320039	2.4503550280162614	1.0605641877485148	6.003450267052386	3.0222267041252024	9.97611508646456
2024-09-30	0.3822654166155246	1.7310627187779204	0.2916869308898953	0.4124726608520177	-0.3142431880372243	0.7271099818587494	-4.930668859574837	2.561973709664599	1.5908628539918368	0.29504478209464935	2.2377168512248744	9.060922412926203	3.404300032452255	0.7447795325713713	1.9401258815649953	3.2203885190198065	-1.3413179736645944	2.8973063136701853	2.7552651598969433	-0.48133980530927545	3.230311847370274	1.2730152290419596	1.8939022641056553	4.083176405393829	0.8912787624763183	2.0267142934529545	3.6622654307744824	2.2991055022873894	9.948340078871809	7.378786878571788	18.466957435388906	2.357664657993652	5.650785053688438	4.002167539547898	7.1242488885444715	5.639931824072804	2.2845171767425754	2.466999830195853	1.5944354142133577	0.7359332641311624	-1.5900211460426306	5.677807689069908	3.205550168578881	1.2405897473041492	0.04063922512889917	38.5259909106029	15.90985558580482	0.37331490191698435	-11.64663698836518	5.698473194371559	1.0910064039302725	2.176340854680621	0.08199367713702799	1.4413896753000017	1.9594105708494567	0.9142886565259545	1.6662319461202806	8.401507557914172	38.70153220009939	4.5653091061780415	0.2585256816511503	-3.689886361900136	2.230151871867605	0.9854738020689595	2.4042584174686397	9.59619972270852	7.389325841422192	9.619402341749947	2.141117188196148	2.3699088559858765		0.18571656651969448	3.2893359309414407	-1.8905609440985032	0.6733212563669468	1.6098004977748133	0.012913055145652663	35.681073686989066	8.164196161810537	2.4914548441008435	3.1641858501444204	18.005884197532026	0.7196102318589723	9.455785522806138	4.910398498713157	1.1046867816775219	1.1557335501264134	2.3543652276174782	2.0933827703965235	6.150549353951007	2.7090997695813996	2.6201623096880695	8.821512946841594	9.711708392199455	2.8775544904398203	1.493072979356029	6.477381741897801	3.742842099433531	10.459355741580083
2024-10-31	0.4884238285829099	1.7828003096278735	0.3716054392432824	0.48419068151802236	-0.28746456727525427	0.6029295502306873	-4.6927019917712585	2.5476727117061557	1.7446353046189245	0.29475807964044165	2.224913917610799	9.212100102617285	3.8670547670313127	0.667182955649686	2.069922581186674	3.6610693268638457	-1.359708437496577	2.827345983528474	2.676078089540354	-0.39108942171102967	3.1148359336565505	1.4384655905814725	2.137992833086038	4.203901346050813	0.7443541208143749	1.979150893276291	3.5417587200508933	2.2378819339230063	10.095545162785925	7.862439713608069	18.990742101987223	2.187681101271842	6.031792619223594	3.8031424085867656	7.097021188975987	6.075243417175642	2.373310284575396	2.8148219321344072	1.5921358354616757	0.8658616172827607	-1.0174340889736158	5.781409814849525	3.096035560534233	1.0805399794094086	0.033762440314950126	39.214998747012146	16.19236996048295	0.4719169487416863	-11.171389285984176	6.073166333252999	1.180360065930202	2.243632380747048	0.11402062071797658	1.4123925055817494	2.015174483906435	0.9860352250981919	1.936061479500065	8.749182363540442	40.00748155841984	4.719669213628883	0.3906751259027601	-3.483014619437739	2.284112059592971	1.042222405296453	2.1493879321205753	10.21380458384013	8.3149857826279	10.04726865078544	2.0721596325632987	2.373871490645314		0.23533568578208985	3.149310691739238	-1.7718260053462913	0.7256805131508841	2.0824957618707884	0.10989977798011097	36.88378699681596	9.089292482420362	2.3699392935355377	3.212221187331693	18.707457768968	0.7611528634980047	9.816076476897564	5.084838171938799	1.304894708525815	1.2609086080233922	2.3617303679346904	2.1235016500838597	6.634136199979892	2.5389375559009792	2.864576207192613	9.163276357318892	9.694754483962072	2.961706144685607	1.782142144654486	6.223726929480279	4.128270647136375	10.793452233085986
2024-11-30	0.6466300830571328	1.8281001832176003	0.48754072687898997	0.5954203492309418	-0.2594617494705709	0.5189716813997016	-4.318327917330535	2.4502639748737636	1.9641168108312854	0.2828922354207677	2.104093677066878	9.725288740261632	4.05072818980414	0.5799386965782531	2.2404203887090546	3.8377728612718087	-1.413546754877581	2.7702010429668036	2.6961841797926027	-0.2446665922878566	2.979185444162127	1.4531663023467019	2.452442474959021	5.2242676846247065	0.5175283467749132	1.9549002365349253	3.4038145744677024	2.2909682626663397	10.974100952447827	10.035279688899863	20.177435763134895	2.161646080339267	6.781404259337677	3.5365657347023642	7.240931131721794	6.575681576789393	2.587446950783267	3.174597850052713	1.6824315332071578	1.099964320672342	-0.7040451136990953	6.120509364456453	2.8687901441699495	0.9018363883308496	0.010358607994657376	41.35252287412965	17.071382910511943	0.6030730585904784	-10.72063605545177	7.228073625498382	1.3334100295918674	2.4179320733003102	0.14730260741734824	1.4123411294340187	2.065130265881919	1.0490615072272078	1.9746338238057248	9.393739729780009	43.218787550339584	5.099276265214563	0.5297970701400914	-3.14710612958001	2.2674368034675325	1.117525210817977	1.8079435749157682	12.511472269691012	11.695620235747043	11.600760773545119	2.009568476933218	2.332595945382373		0.30235510335111115	2.9152997389294626	-1.5779793004225198	0.7713883973725544	2.7255093648266495	0.16654887774690508	39.80280346902788	10.274300667393362	2.343233490262776	3.2259704235224547	20.510611900842008	0.8011978498947556	10.728955231301171	5.508894993973719	1.37141663937728	1.4100998894773937	2.330043169253649	2.176290464648858	7.432847757128613	2.63715743659516	3.3995698950588107	10.115811479989688	10.024063764433166	3.2282742020968556	2.1020852712919407	5.9956931012442	5.37991155721042	12.036756879301436
2024-12-31	0.6389927854357609	1.8701314500567747	0.4812885468100916	0.647384641897844	-0.2918568401027173	0.43229173447123515	-4.44945933903054	2.2466539445667024	1.9659313486535552	0.2325381448729935	1.8828225757674915	9.30282707292875	4.09183162039696	0.2896846901521499	2.303911076409804	3.8734490251465488	-1.5091712336728555	2.527201890199713	2.552522658830185	-0.28639643815908755	2.6700432049935756	1.3759762740199264	2.477426379133469	5.1737540447625605	0.23251347832455238	1.8189812729787391	3.1176245464138006	2.152651837762157	10.765197137921191	10.041015029156597	21.219284410118377	1.8785692811002548	6.940487628867473	2.8329683236636356	7.3611473449175975	6.916747126136983	2.5537823652067075	3.026756517648593	1.502840361429854	1.0546162218170423	-0.417323395831005	5.970593323269696	2.0958142370833315	0.8641969291702907	0.0050072757005121815	42.738745999196	17.640977177524462	0.555346626432172	-10.70012313755798	8.173286880390322	1.2929962454147272	2.5357503522362244	0.14208904794319466	1.2451466358432697	2.1097562497762823	1.1017992594750439	1.855513752912195	9.6638810778811	44.11184314350646	5.204787681102786	0.49425009970387634	-3.287343262602036	2.233225420749825	1.1427568902449217	1.8341290331162838	12.66869182074754	12.535722111283235	11.388830478519395	1.8049277635085375	2.15637217230843		0.3025614741252127	2.563082878989974	-1.6463489496499975	0.8089261023426886	2.59079149118449	0.08133984131938377	40.63038594979082	11.075732839020063	2.062142196059469	2.958298113260952	20.97946376435104	0.8197884696117299	10.43568716659945	5.802535821908741	1.3726822147781519	1.4079646034646345	2.1451500222466464	1.8010099656791283	7.8696599693901135	2.3405888286785697	3.5629726758635343	9.848332198478317	10.1351454623764	3.096874007160565	2.079666543869436	5.038213919347697	6.396321911105872	11.957406396853557
2025-01-31	0.6629365400005014	1.9056111587642732	0.5029153287024144	0.6896953193895712	-0.312377901314413	0.3825443061221243	-4.507346396928895	1.9416962526306847	2.054904226916179	0.22264334005430086	1.7626148815922136	9.37810735412404	4.355808991100609	0.17914611363679	2.404481716204458	4.125292803080484	-1.5676733188998444	2.5249299067999615	2.5629318093360425	-0.27333608266428655	2.6470287387433586	1.358989655721743	2.5388039866849823	5.32616815024096	0.16060365357623496	1.8279034931656497	2.7262493560617784	2.099080720347928	11.3668031126262	10.36359281822152	22.033057148017633	1.7043869447340327	7.452304492882547	2.674022359559288	7.283964741254934	7.658494077419093	2.5978968132785027	2.9906271529531665	1.416688302947648	1.0527054870519237	-0.06776600016189605	6.0070456540814945	1.7611995082374676	0.8570073690783246	0.02533069036800839	44.2126039035262	18.245072175553503	0.5379961166160641	-10.436765302729675	9.440438683039787	1.2848068797685777	2.6450967869987707	0.16008417497061345	1.2375622890395803	2.1475160313032973	1.1537445595000548	1.9149437644151917	10.161122975278772	45.54024969265174	5.373558368709418	0.5695739851894785	-3.328019994415669	2.156708815857847	1.1848780409031576	2.030779475934864	13.376651469740779	13.980140807261165	11.642900787627184	1.7859436659810513	2.143817390448014		0.3238850285121515	2.5633029387764594	-1.6575647972274794	0.8462623772697739	2.5654240869056224	0.05629855610183654	41.950138291683686	12.462000792249242	1.9408465629556417	2.763065361297947	21.794573985664528	0.8591966162317988	10.656098716316762	6.070821437699458	1.3858543013838158	1.4641993076524926	2.1282719122337	1.6660050158725	8.55723318859144	2.156497781387394	3.89445149543117	10.041004545459685	10.039136084390833	2.9868204121658266	2.1215903328877985	4.950764175213436	7.4270842624209195	12.317796194254868
2025-02-28	0.8363205119044039	1.9338421343411198	0.6302666723647974	0.747439509756525	-0.3019284252525196	0.29377248617274176	-4.116398088767383	1.6092039555109636	2.241760401115201	0.2282520863530877	1.5068205819356493	9.33334288225268	4.597548533639781	0.08365550226086782	2.5115988433484517	4.355366500287062	-1.6159525437970572	2.6066227760195417	2.6367249077140187	-0.06585522592703796	2.7349858495374235	1.3647738403682723	2.5792747538904166	4.866614850682026	0.06035386982035362	1.8764926893423848	2.158006437279049	2.043009690604798	11.567074079305144	9.571299118349657	21.794282402630955	1.6281230148869454	7.968424440225505	2.6545769821595115	7.042757915829853	8.057058342020028	2.6561265332048976	3.0447336962231546	1.564268867733361	1.2267935568947337	0.6076739336824843	5.675938604628712	1.537628671068191	0.7721312692473674	0.04480435778481784	43.74660639159191	18.05750929247921	0.5687524760053186	-10.17416703587039	10.080549765717507	1.3169413270843222	2.6079591955735637	0.21383190186208623	1.241843720035213	2.177544608453914	1.2265355807488447	1.9237285414617986	10.416022696361537	45.54267836045966	5.373402770590744	0.7957414430092484	-2.9529855581554045	2.03489263671473	1.230990690781347	1.9383460914482384	12.840171880833054	13.499967733233973	11.129338817415487	1.8370220747834765	2.203736517709494		0.4200275766268433	2.7388612417797233	-1.436077336786262	0.8978883241241107	2.766325736197558	0.05126826860556832	41.959183299903145	12.927725153683923	1.8558342542230548	2.589327060787511	21.744110850972874	0.9226396678174638	10.817326332052971	6.045345140339933	1.4058859276655582	1.5885028056385977	2.1773495787719526	1.540087904993534	8.968732831455071	2.114856178907438	4.1649618634504435	9.919833632531635	9.64096660421589	3.1789098316015156	2.1811590420837916	4.985342965138784	7.512977239076477	11.79469815749755
2025-03-31	0.9606825506702705	1.9563716199630505	0.7235345741613628	0.7402310627701567	-0.2730677141526421	0.18946753651409765	-3.8941850022737867	1.3272929005433198	2.285159121850242	0.2528163307400355	1.3284680233644508	9.00107274941601	5.1613324007027614	0.10103088175493724	2.503935677119685	4.8920297624042135	-1.6111475571702947	2.6469899261866416	2.69916452994638	0.12182642516640385	2.793154009871472	1.3944806862419838	2.6729407198612876	3.9132974738953124	0.0675368205444542	1.8856547718349859	1.957838920164697	1.9727751687215047	11.478530169571656	7.6887204728705285	19.83507743434265	1.6961795733974654	8.151181238365353	2.456392534697173	6.248625123604128	7.846351467111063	2.535669682038211	3.2003424399773195	1.648966026969866	1.3117558098569475	1.193508994956126	5.048826330127099	1.3066173347813503	0.7372142213701096	0.08028452144970188	39.833600793355174	16.445611113905414	0.5407766540298695	-9.874418651645911	9.570349866828366	1.3025613136833663	2.3737596115226722	0.26795479549916124	1.2804596192687256	2.201250453387459	1.2969055493511377	2.122477567293398	9.938935784365142	42.43542787715933	5.005880466352409	1.0197636609787537	-2.707969310361449	2.0035252265343146	1.2223186904732373	2.0121564959788145	11.109347711438943	11.287116113750045	9.808309865237192	1.8557265766404711	2.244405980058403		0.5148045996420905	2.8675534304743806	-1.2848544920215161	0.946638956548675	2.7108557424718924	0.05740427882704324	39.09446296825644	12.25275027846834	1.753194003448499	2.450473397524277	20.116357357119483	0.9952724862217508	10.48353320870902	5.502334831745415	1.4500799636821284	1.624656001560382	2.2090643505944243	1.33236969027395	8.777756682123822	2.1784390975712995	4.159286997808557	9.33264675814543	8.481048704804238	3.2187196303151353	2.210176709443836	4.773258101461806	6.788970985195135	10.611234241470882
2025-04-30	1.0791043711077464	1.9751554205600428	0.8101561194119427	0.7892185727042005	-0.15031076298800983	0.10558796015460103	-3.8271277382877713	1.2118962143189407	2.2761456704554917	0.3227430508982714	1.3005078759693092	8.890012307185089	5.813056932736394	0.036917684316435384	2.4761171935362256	5.512811108266995	-1.5616825926450666	2.8555033393126195	2.9238486365474188	0.3430212971293827	3.0383598499812905	1.4172324499171722	2.846802106980249	2.774712259062099	0.17383748489062256	2.0518625719804504	1.9454246221172724	2.0916973095540072	11.58010373016998	5.762554870062161	18.3295024484178	1.3540290606156873	8.205323458984537	2.1126398415617302	5.645078962810615	7.654871247137848	2.3319614507955393	3.4597607408059403	1.8553053075118768	1.3415602153418007	1.4264800814342564	4.348060756882546	1.1388927861934945	0.26309507133291987	0.01578623287039882	36.832790315164914	15.219374308046753	0.505879724795335	-9.661792430470491	9.103705646960663	1.1146771057852938	2.1933454530704637	0.3102058040735365	1.5219046281541466	2.2223044358043467	1.3878519191769385	2.1431216952830248	9.612683418382503	39.136790338535775	4.616963776694249	1.1940851576647162	-2.57715381063403	1.9553058389595037	1.2015948305113469	0.9485930271600438	9.18867783595087	9.123052622862986	8.17238588647831	2.0057592689899266	2.3797318224566126		0.6408658237561227	3.1411318753895614	-1.1934538458902892	1.011400199328051	2.4698768175689594	0.2473684838531227	36.0775879384596	11.450647288681012	1.8890308326356404	2.682482408855776	18.45340570780317	1.071215913925748	9.618291507941876	5.112871540838171	1.4674062461814117	1.6260710492872548	2.3439521475700715	1.073361376231496	8.448985300631023	1.709491083462865	4.025532372817523	8.777992554618336	7.613717294772641	3.2254828854455155	2.2096373240708687	4.122058925015551	6.136480893413989	9.686989674591175
2025-05-31	1.114430888344046	1.9924605404059434	0.8315447931717728	0.8189073327720493	-0.060602757900262816	0.03566644913939854	-3.9826017393853874	1.427225178203841	2.320396682271763	0.39847086327329606	1.4560747822792877	9.665251339797095	6.2558258756121745	0.08198478130037756	2.5267876280318973	5.935556614467181	-1.4348291236995365	3.259363016068903	3.2942690203519263	0.42281430820192156	3.487067449166105	1.6125557920175169	3.1492650134152953	2.260664420269606	0.2836945556601549	2.3354565565255214	1.9725597119906553	2.360486855962982	13.13787014194466	4.989564520228498	18.34683801013557	1.1327162798007535	8.601270361357123	1.5528013745200866	5.672971511552134	7.988645142807769	2.215992135598455	3.7929563044549894	2.081377043778957	1.3662160255895515	1.68267879775172	4.029668625205602	1.2197698103082217	-0.024506182861721015	-0.02724734404368867	37.5190592766441	15.502405723045314	0.5242721843272378	-9.490077420682042	9.493724877327338	0.9812300286719307	2.196661523551512	0.3250541919901977	2.0076938423418866	2.24030196095444	1.4273080525514388	2.1667816318495916	10.097230572183008	38.84108561624953	4.583587044931548	1.2646713369709488	-2.6594791652803735	2.0828827578423628	1.2174029547155172	0.39088840675735526	8.520883778365686	8.57957788250883	7.4952320305601745	2.3083835475573693	2.680616495014803		0.6950938070610988	3.6126046907177525	-1.2329535571551986	1.0398835995050675	2.3275716134161257	0.4900946375754103	35.813070450515795	11.68778159045678	2.2394008679104758	3.3898298130198867	18.27800747555756	1.1043606558823456	9.210604771795857	5.209831154899135	1.5996494520954343	1.6573729894665519	2.659547023001025	0.9532505494464161	8.561978061771754	1.361886847238246	4.046482885313814	9.151768112964618	7.675929250973979	3.2706119106245097	2.299563576490236	2.956238358096982	6.2071446030299455	9.560335573889901
2025-06-30	1.237039008099785	2.0065238496871984	0.9220361399041508	0.8454578024821231	0.05614978837257567	0.031566956541361435	-3.8791871217876945	1.882814590082468	2.509219083160062	0.5114087113895565	1.9183429593032884	10.61959531681515	6.553769242018738	0.22352306678346423	2.6451206510897833	6.215080287143778	-1.2738269757955702	3.699818533955167	3.6821851491357265	0.5948658636395834	3.9820453524465194	2.0603408059880692	3.441383077546128	2.169894040803044	0.48275990251711676	2.647648481292265	2.080627748913713	2.7019502222984073	15.125785335293898	5.215771865069087	19.332100146749184	1.1009130840360086	9.074924389908375	1.1841004134018647	6.297325044327621	8.741110687723278	2.1931545786409075	4.111452399458457	2.146623050059823	1.5377096663173688	2.0831987787752624	4.061708091214911	1.3231119260202604	-0.09989128230196087	-0.022257203082881816	40.25521357562087	16.63069356726831	0.5354145761810898	-8.925407610105843	9.727945444606462	0.9101112400335438	2.3073146279894345	0.35353622506099924	2.6045987443156946	2.2545056277941455	1.4785859294461545	2.384785604728666	10.940538989502286	40.54336332591845	4.785700589240179	1.382856716345728	-2.521656390388955	2.3938631409172046	1.2662113631645262	0.4249272960094004	8.649833753681264	9.128575896301811	7.417407000167884	2.6636877070147165	3.0757085116965044		0.7837608364329682	4.0838883027838335	-1.1477776150146894	1.0765094310891428	2.2359192298301878	0.8254609312917154	37.39466152075511	12.688937060001223	2.7491788139531366	4.476680767181222	19.105990621312287	1.1363587833403983	9.27509362188934	5.566799307858034	1.8864285437938335	1.7799672610361696	3.0800161619988202	0.9226661857889837	9.132075789375392	1.2254470569150087	4.140776302825465	9.743523233767945	8.536914029826548	3.1687851881588074	2.3555568592064446	2.226298895348151	6.349089680664818	9.719431295744513
2025-07-31	1.2991973252851494	2.0194870559708136	0.967629793112593	0.8523834884029071	0.07966815820808293	0.018934188398162632	-3.84025129003647	2.1564358071521283	2.6756714360233076	0.5677990161137494	2.2337548186634066	11.412686558664888	6.68299854547309	0.34963332259690816	2.7157684343659128	6.3353327793106615	-1.109485819914589	3.910939065337857	3.916673650862542	0.6798104310134647	4.200495935323971	2.411025888906238	3.62174351507565	2.1517243099311116	0.53092988661448	2.791276836201625	1.8990783857325795	2.896609391133879	17.14193760730072	5.617047758575893	20.603225886736766	1.1351923807870108	9.362091295537837	0.6436123242809515	6.993463220125605	9.324461728058068	2.1524365695670653	4.413713423554782	2.0470887200780865	1.6471669867403733	2.5556721513334892	4.278212382905508	1.293364203512951	0.051309470680422464	0.007247052714976832	43.00051006607811	17.758864539662085	0.5197299288481538	-7.704412253356558	9.795085082484547	0.8440197533221756	2.4478669345785207	0.37370520083164394	3.0217419969619	2.268631486197066	1.496116929508858	2.5690930210413754	11.73088283511666	42.53496874698044	5.019319276956587	1.4604519881467013	-2.4604858495111728	2.633509813297678	1.2966830757538936	0.9636762012269742	9.010926520145858	9.886929383583777	7.525802717673798	2.8506070876216185	3.3022379653046627		0.8243819269419177	4.263760166987687	-1.1060795215571986	1.0901988210417812	2.144722241362018	1.0079838212794172	39.22916481433151	13.634447777220856	3.0971946376979673	5.222562877917994	20.084393333038918	1.1601934646377643	9.24325421136325	6.004953123152063	2.1159955723085844	1.8910809049436423	3.326367322723293	0.8850705275192894	9.386719782708923	1.1968703415310884	4.1674645780516855	10.448783305028343	9.491084769283887	2.961130721075264	2.5270494000984627	1.2885071146506846	6.549861227723397	9.874928187123189
2025-08-31	1.422170178725736	2.0325172651616725	1.0564342374760827	0.8531813911216801	0.13335755250885128	0.034494663088771915	-3.8251581754138044	2.5233261874153214	2.9003515696936972	0.6517965424762977	2.505999797389265	12.012042241815152	6.967346306920533	0.6499178227908615	2.806035613973833	6.6038459089434625	-0.8907193178809063	4.301013421045155	4.2045616621315105	0.8574432870471469	4.604065821550833	2.795205327212514	3.820084585498222	2.7218122416301327	0.7333615958040234	3.007494624444469	1.6825473767716588	3.32978200864963	18.670475742922207	7.1100448566895125	21.589869642157794	1.2841118292611782	9.824950306563068	0.5743300470075923	7.426797885326252	10.06979593353725	2.170761697983245	4.594783021585641	2.094557268101319	1.799888888181087	3.200484406025815	4.5313090580571185	1.7131119709529514	0.029247651833962607	0.02106548287617116	45.08881427637601	18.617984302592873	0.5869771915448077	-5.5749534629019735	10.533758914862489	0.8910194570007555	2.553898206165705	0.4168315498982267	3.5579770138934705	2.28302107804069	1.548640664497043	2.913161788832266	12.278805360691962	44.631374675865004	5.267879169180041	1.638670310227866	-2.383687905159121	2.9951439570862775	1.3389809478683787	0.995873477950397	10.050461388462708	11.213889267351817	8.345073227205916	3.157142522645458	3.6556018960109284		0.9164384954781539	4.576127904161112	-1.0465143461990394	1.1281972740239823	2.2848564094942105	1.2826648744049152	41.167781791471555	14.635904260019856	3.6507760011587607	6.254431846978278	21.197015274061528	1.2167117326086938	9.593654860029204	6.325297918280853	2.4059729158932655	2.0397738059121195	3.7058766176121622	1.0229468622952993	9.791774973215809	1.2831192175910573	4.267689214252954	10.882263038294724	10.119003319564897	2.8418058377501296	2.5806090682686147	1.0858138385032419	7.039677412265718	9.952259469279582
2025-09-30	1.5876332083976905	2.042710894246099	1.1760777209275517	0.8637871945810218	0.17724586658921382	0.15968968128556327	-3.4776050238039034	2.903432202924755	3.154367695111361	0.7313576495481904	3.0051328327154962	12.65152179201948	7.75289081118418	0.9655766668092411	2.898156089102798	7.3508136461050455	-0.6231211029628021	4.698788455112378	4.484041002771676	1.0345605623413405	5.006388691215662	3.362264453569651	3.991549548101716	3.234470776187436	1.021275008719865	3.2446260658269637	1.5001081582479898	3.721492765263015	20.576514489216265	8.7874787205823	23.348075898479806	1.3691813892033906	10.167610823248168	0.5889500496987807	8.29362561547839	10.921191960567072	2.1836546200531615	4.892781169452988	2.006614412805625	2.0548671278359762	4.024642624924049	4.726762670840031	2.2090181004214173	-0.025238485204951644	0.04547418027264705	48.64314337611296	20.078964715803693	0.6486498703623376	-3.6276008625579337	11.683940245776256	0.8903239237934955	2.720562933866127	0.4548944437402227	4.026300447829499	2.2928041225160456	1.5904054440078426	3.642524388638787	12.944958783097277	47.57358234397168	5.613491388517559	1.795252104035086	-2.0609943926528302	3.3115790368740647	1.3838842753450393	0.922799004235884	10.953301464726081	12.522603175799816	8.957201675906077	3.477102255732163	4.073614640070389		0.9890589611324359	4.885273571652974	-0.8602523133551401	1.1588229318831864	2.3726583784577144	1.5319909624223413	43.87294354067251	15.883297434118305	4.229468651621204	7.225416217365762	22.68308740343906	1.2433716259487184	10.086887156307796	6.78854767423757	2.833160379070314	2.2059753392090258	4.150598284960374	1.0321746073122355	10.578041402576233	1.3250112769923064	4.302065760220103	11.322290571188901	11.279247004355554	2.5715622011098844	2.7271005110022273	1.100244441229762	7.671886864434953	10.230300436964171
2025-10-31	1.7463089813956572	2.052104537623663	1.2906674446104773	0.8999917104317987	0.1918484325711205	0.33641404200485425	-3.0544130202903688	3.2485730273112097	3.4593078412574982	0.7933013591541034	3.7308129171424227	13.130603936165159	8.498569811857564	1.176186551508998	2.9366260534216906	8.061277891231292	-0.2626845943513185	5.000089876501008	4.645781646487507	1.214003249556157	5.324607604027264	3.9510207407968494	4.071111499015174	3.5181497522215324	1.2759724802754207	3.376309434293404	1.4924408591042209	4.084670505051712	22.354964996440515	10.338765955805059	25.307692640545127	1.4171421520755203	10.137012591957259	0.7925241108473813	9.457832960535598	11.398151746060307	2.179257238843647	5.251764074794224	1.8470771982314247	2.243858782625864	4.445984531001692	5.0322379207118075	2.3920785225662797	-0.116441955840628	0.07559818268887852	53.15228928517121	21.934717830187367	0.6626355945307623	-1.6939160247621317	12.423609184240632	0.8372451065246906	2.936904963873374	0.48637734019913026	4.307981421726829	2.302569360475772	1.6262464840095987	4.303278235654155	13.369979187476972	50.58984666148501	5.970231120666995	1.9248322253346828	-1.6909145533708596	3.5796406614684173	1.404410988295794	0.7601017260369929	11.59172584004952	13.889757647985505	9.162608411653935	3.7705296301499445	4.4549829562134775	0.0	1.0603154284202247	5.110511979261304	-0.648371644425545	1.1842129646833328	2.24223372885713	1.6641820362755766	46.64853093002978	16.594289170997257	4.92896139006713	7.889121253408945	24.16071058839117	1.2545016670969602	10.301302825099583	7.328851107658082	3.1971788042950777	2.417455865793251	4.542706967046314	0.8728878792562824	10.79299896362653	1.2958088106484595	4.162171927283197	11.603476130816006	12.806556361569335	2.1682565597124324	2.884089251196869	1.4975949422995427	8.091251098971696	10.393368535950813
2025-11-30	1.8973950693820996	2.0563713952598164	1.3998755590824885	0.9111479649324679	0.1911896471622221	0.5120268452330805	-2.710023037510922	3.4394300507079762	3.6951645737989054	0.8604470353135412	4.173581352377717	13.195429923213567	9.326567965543063	1.4399255190416937	2.9786585912805634	8.846727109105075	-0.0017705336292817009	5.259401527584103	4.767789480261449	1.4141634458967047	5.570996383300894	4.276262261337699	4.246510272962553	3.9420881286685585	1.594036446922992	3.4969534664595514	1.5284570114819758	4.32189749152397	22.64295661972929	11.635344196500597	26.11897997948165	1.5326822132425235	10.199421709021863	1.5379103798817653	9.784458264665986	11.78710431960306	2.252948079399914	5.618650271163233	1.8934356729630792	2.4452270257459503	4.618172192683943	5.33306734526515	2.788876120939122	-0.23594622122047326	0.11139252877905825	55.29967568974848	22.816379280947444	0.7006804015501302	0.17803776202094923	12.756912037842255	0.8508557091160007	3.0268627238393577	0.508706532691491	4.5768091894777285	2.3069795540325373	1.6638233953065225	5.346281701035672	13.4256256833187	52.4814580171161	6.193528147724237	2.0228984002784642	-1.3629510096108248	3.7718894270945285	1.4248569273785279	0.5051099921498405	12.255818861245189	14.828022766734819	9.62278599504424	4.003302187480429	4.727107821657192	-0.034594761340358104	1.1403190952411109	5.323952121726606	-0.4579282238383371	1.2113495257036746	2.2805237548962225	1.800569008629914	48.39957503435676	17.322401030975186	5.358705416043833	8.427496709682885	25.113251788512628	1.257293589405755	10.720888233865196	7.562600204029636	3.3936881596411297	2.574270444980584	4.8222518141861315	0.8842777415804619	10.884119027775697	1.348132327133598	4.080528841208853	11.583490550718892	13.28341526674653	2.067478342381065	3.0335520539476875	2.8432175627077356	8.190327983637602	10.664208794674181
2025-12-31	1.9725187907329058	2.059999404589618	1.4522272620720287	0.8898101572958694	0.1933556947385604	0.6677532609523809	-2.6377760488920785	3.609633525019177	3.8611219091170312	0.93041259159207	4.697328833466678	13.415281907186142	10.021363757396067	1.730272988760504	3.0078056489928144	9.50168856970415	0.16855218683476814	5.576249880192776	4.982671815343664	1.4977633802781156	5.881141915617761	4.582495389097296	4.281151448608945	4.218930218602608	1.8277549034920035	3.651680049643666	1.4866069206854462	4.520521285470124	23.373647296489025	12.379242246577917	26.32731240204825	1.5941506039988127	10.518515717199492	2.0475277432022096	10.04337282543834	11.939428341278159	2.294381690169992	5.664066180053084	1.8658768728912278	2.5120833635674558	4.591171299528483	5.643644590685611	3.350781240965688	-0.39919001920375763	0.13927264651219673	56.02251428679182	23.115494427680176	0.6972035089578341	1.6786143962604	12.99876364448852	0.8611124847630762	3.0510713287588267	0.5088933017245658	4.856743042555294	2.3109684633771366	1.6932102061317238	7.15631247180778	13.275977226148783	53.408422286913265	6.303029308682454	2.023867361774151	-1.273967072789148	3.8612541976911885	1.4383949162055316	0.14720954854988122	12.645513235335557	15.270964810636315	9.964735408681094	4.292123176435936	5.031812285525618	0.09014006535178964	1.1784285198000077	5.65269110403618	-0.3942149701541027	1.2323596152526335	2.1275303780837618	1.9020676568299066	49.258932952686564	17.936452423333265	5.79261652543255	8.984313490042226	25.5663353266973	1.2468058528604828	11.044672762451142	7.626704222132261	3.5492839104495246	2.678059924833107	5.132944003003985	0.9523983035100443	11.045098719662263	1.363379967400462	4.098183498947002	11.5905153900421	13.591229050092423	1.8821327274780373	2.937293350206872	3.693187266372746	8.286703447716064	10.705703881628637
2026-01-31	2.0282459659230483	2.060347398507872	1.489076788526603	0.8824777266992783	0.21714568322527228	0.8714851018553098	-2.5633893960354968	4.061749676688386	3.9701453717568285	1.0111581978895714	5.6203563734271995	14.421965723500165	11.300290739276818	2.3136908130038947	3.033756620584853	10.706667524707683	0.4369157157390742	6.061929802333012	5.267205362222846	1.5291595244315062	6.417367966504884	5.192787231498912	4.499432119497698	4.929722331399844	2.3767855674087954	3.9458283934974645	1.2526036890831378	4.981341146386349	25.087391642301014	13.889867934233138	25.821307971615	2.0546630710655407	10.721793916694168	2.531793925691076	10.30148275680213	12.288744753837761	2.399879988878247	5.864144148190675	2.0934133642034496	2.5650992689420917	4.7023411893231355	5.917588272985512	4.445414061357425	-0.21033791035998206	0.26083946875706054	56.551434532542544	23.335213019494233	0.7428033930037472	3.7692813227448454	13.180518971188349	1.0454130184910042	2.9859714275494653	0.5148051348126437	5.354297542322527	2.310282609192228	1.710142678432021	9.371962989483002	13.051050671418565	54.32152906522447	6.410379993743746	2.0455305091804377	-1.1920448980341973	4.18802638306633	1.45116715095309	0.691563802916292	13.750031613440257	16.297311778836274	11.007439217125068	4.764253978661685	5.543029813859384	0.5386213186593949	1.1925323501332272	6.149793254716855	-0.3451970087624616	1.2448633694758158	2.162596416136239	2.127434650855747	50.08976186346456	18.675132159416734	6.737445522287757	10.044346820576564	26.049166161184246	1.245214684742983	11.860850156322442	7.506389561741884	3.846256956991894	2.7464114826710784	5.652047590924667	1.3036574759309048	11.231914032160944	1.855715238285761	3.9604975803171243	12.280664959118752	13.670354260710013	2.1717506903618755	2.8721622006846914	4.312303855718483	8.407307072161416	10.760684429358392
2026-02-28	2.1726358843957314	2.05615701234305	1.592989244633614	0.924761603194554	0.251209419166301	1.2014208610034594	-2.1467256349606174	4.613846609236951	4.130830795898362	1.0943228177182966	6.902789552756694	16.003508632628552	12.82206760581758	3.1365422812193557	3.019439776780331	12.156532537332865	0.647761903404021	6.712072169994414	5.596023533484406	1.7198036989482972	7.099496171602524	5.944132164836908	5.009352394259018	5.641682850297528	2.868070936568518	4.290646372832356	1.097272242853343	5.729144453200618	27.046521254162712	15.054570123249704	24.334910499376804	2.7391405827562068	10.606290147037498	3.114821138173369	10.356829842139177	12.13874457164367	2.5809551865745632	6.564856736655997	2.6798212308560565	2.694736657090658	4.4711674351489705	6.238682768955442	6.131324709302461	0.03637632319492923	0.3850204019797303	55.16224520561423	22.765302650200567	0.8935445527122958	6.499470420996651	13.0283442952977	1.3297155018019318	2.8007548790988963	0.5374708636674512	5.993866740264494	2.3051544621966826	1.738206249698564	11.762891514351736	12.694378391292133	53.94453736662126	6.370782102976534	2.147178926075256	-0.8030609951413794	4.519440936522976	1.4419694294726355	1.3040172880559595	15.029108332817998	17.5081922909863	12.234302500947223	5.399121658227251	6.203890523247793	1.2579922858463135	1.2693446887380162	6.67780884343756	-0.12306878972094637	1.265769657948134	2.5447225962051476	2.5007286610297257	49.76020333838642	18.45860671831133	8.208209821291547	11.358273384471559	25.98822185416884	1.2428959040950716	12.95527905331835	7.05251927550384	4.1647227457552844	2.8476667125782313	6.32297689983568	1.8900725335850979	11.089806165473945	2.6012409601081217	3.6490858937710087	13.607375584951853	13.169593531760484	2.882627475218655	3.1384742062701534	5.17844342198768	8.064294521876079	11.45667929563902
2026-03-31	2.1197155089044486	2.0499929815143503	1.5548431969120173	0.8649875458677911	0.19332134393367184	1.3512916853764807	-2.117313679458249	4.5245229427434595	3.946985101115189	1.0425513498485834	7.113578154216519	15.565379290545962	12.95483243010436	3.7240020328374897	2.9147821376381273	12.283617606867281	0.8111421458269135	6.590921052164646	5.415518563057013	1.6729663177301006	6.941605831743786	5.910307139604335	5.165339625122577	5.724280020816963	3.144680084536354	4.141985483639047	0.5299068718290414	5.709928789440241	26.297609377502283	14.767943617235176	21.83740178658155	3.700689835769701	9.940329190124245	2.8901028198447563	9.741161461473197	11.296597381775129	2.4768068968167043	6.8044810535310205	2.592373157655011	2.586663036951748	4.010863953773729	5.603087786966185	6.567336915504669	0.975307509271147	0.6693784200628166	51.109290976555485	21.096426887457085	0.8470704386395482	7.6183425100149265	11.272518169428679	1.4726471496745717	2.4985553524855604	0.5228903329792729	5.851535960245187	2.29767974536891	1.7101494911623973	12.157916645423263	11.711802988079398	50.35317538917866	5.94820340196091	2.0851049704306064	-0.7864157380335826	4.442732061844019	1.39167664983907	5.382674623413237	14.737738742711457	16.850161724294992	12.15985612335541	5.356825204397147	6.128370358151841	1.2442115643502802	1.236724988414828	6.440734064794597	-0.12552470009480032	1.2450871550124702	2.3464704582103195	2.2653240603197418	46.43549846743724	17.1400730579729	8.373530130095233	11.129022159205675	24.303260155533792	1.2307734397392451	12.881225440848567	6.303828859568625	4.044692405194155	2.714219538800563	6.252347917791113	2.074541319094287	10.31167395932512	3.604711359045247	3.221172284420284	13.308158022514817	12.174529202783333	2.8143842700547737	3.192648137473917	4.7746944656156245	7.096287298452069	11.492688913665887
2026-04-30	2.0671484642362543	2.0424922655531503	1.5158343354476926	0.8171046282521317	0.17452920718081089	1.485853661517865	-2.1521322753212715	5.011798704217249	3.938616193849384	1.0357580289905108	8.180209271786339	16.225546797989722	12.805917915868946	4.133164715641541	2.8928037219836114	12.138699596698672	1.1272080524218513	6.795746154521396	5.571062377725376	1.606028657505803	7.13201694872248	6.5081039056819705	5.349044989418431	6.7373041399715135	3.3980255280556584	4.285921351686753	0.2851628260712431	5.94469347756214	25.396038308297648	16.75396859428207	22.031092382532336	4.348902958589228	9.918756027009039	2.6328726520167294	10.763633925494162	11.191802768608682	2.46893404832808	7.103579376783628	2.626754155815483	2.496343168967215	3.7146725830390963	5.334025653514914	7.146037594259099	2.102708503476009	0.9810620926086653	54.5601774873536	22.515822909092833	0.9714343076993401	9.798560353276727	10.691747626930976	1.676984754608764	2.5342368550964167	0.5276578255627591	6.080873416990968	2.2893780383439974	1.6809813136907081	12.210795175599571	12.532506920388087	52.388158753556354	6.185639540503615	2.105270507182709	-0.8209228744113801	4.58099231572271	1.3841991356704142	10.09954062395606	16.12341219672635	18.746939499282234	13.162411613219376	5.636269355147306	6.46039516804764	1.9873742239365555	1.1920698891071595	6.551350796300412	-0.1543730211298211	1.2237774315003591	2.7625603998776	2.2768408819259776	48.30206916560451	17.26203919546853	9.170250631637273	11.796612714374561	25.35384771247857	1.2406776208824795	13.51238982698527	6.471035232442588	4.292644308117467	2.7002545858711002	6.597424464807958	2.314093034147753	10.032580390061781	4.223067067732046	3.0678327040913445	13.94188412082076	13.373119206081498	2.9122269167775983	3.274248433380393	4.35490149924297	7.001345873030658	12.567655922396483
2026-05-31	2.0251464140446274	2.036134350015004	1.483835907890409	0.8012503912426681	0.15339505878026571	1.6092692530513624	-2.109076411064322	5.403042477416989	3.968328473173912	1.0339308129716116	9.714892189539256	16.47063308302245	12.42843862402394	4.318468241358673	2.869784385090256	11.778337009026288	1.5847561609633374	7.0414509073335125	5.71124323261111	1.5338703194418173	7.394570622431644	7.296395991017917	5.280192616758441	7.577827016008158	3.4396410241886954	4.423991318385482	0.021558341267812864	6.258180185992956	25.744316147287748	19.108060149587885	23.599254685052188	4.5317321331646525	9.800616458783566	2.5254759585765783	13.317644112792365	10.995626022042245	2.3495582870507405	6.887817095885936	2.533099806244415	2.4702342865761295	3.2445414891944964	5.329671716085372	7.7462265525678475	2.80748385497688	1.1414859269452329	62.25957542531148	25.68434910394066	1.053873142064603	10.932365424600562	10.413938700573084	1.8517291051031428	2.7092475721791445	0.529717124143275	6.419412775252027	2.2802016633849576	1.6439239434624824	12.246289089635333	14.368625658959303	56.38727794747274	6.657407771216413	2.113435712906238	-0.8030059872819777	4.616746351602444	1.3735697480262985	12.244098993339108	17.748540244082164	21.661133201559664	13.988442326187766	6.026076469648736	6.890888301807024	2.8558067927640565	1.1424788233162744	6.710160520276531	-0.15332060026730687	1.1977698787898134	3.0076844877949753	2.1625950934197675	51.983661889801056	17.17994128123391	10.395940354352092	12.415660864073715	27.344766086892434	1.2397024025464844	14.253511607680935	7.040146986357797	4.513539121143744	2.708190047112801	7.030413441704567	2.4500890229136303	9.634556890289232	4.394865349098261	2.8691665661829475	14.164434818392579	16.668279723077177	2.8455102092567586	3.1096566399668646	4.251709305979745	7.047359635760458	13.98314195977963
2026-06-30	1.9889084971390218	2.0275776340939586	1.457354425493989	0.796602747389187	0.09987895687038062	1.6690157101336247	-1.9457129142486451	5.542351509494836	3.9790618394256683	1.0268846833910743	10.95459362497725	17.02111930474706	11.1526533830897	4.074699944862999	2.8244435909014953	10.565650570231128	1.6845091995194075	7.149266695164741	5.784398314297491	1.4785038975355036	7.527079555466216	7.833659642725635	5.239807522554109	8.950242220430667	3.3732291602090676	4.566691269716657	-0.11900440012252034	6.417837654754905	26.29312394955005	21.58673594085778	23.841268176637612	4.346731754414201	9.937409400608644	2.7883286175557203	15.235632542772507	9.921482166820027	2.293698541334095	6.802998223535894	2.4935954940794147	2.431280388341321	2.5434975224132543	5.284668640666808	7.642749647020153	2.8403887705158084	1.1153622529867846	67.49474054613495	27.82322375488053	1.149281769284439	10.808225851438024	9.45796038782845	1.9253361301549354	2.716367303679686	0.5153824628582271	6.3697699434124075	2.2705943000711812	1.6003337326566083	10.949125707616673	16.533893966258077	58.25991562479521	6.877573328574357	2.0563788886587844	-0.7015918797389418	4.429342694146548	1.3541873410404008	11.9779375303916	19.653391234265456	24.53304477387462	15.208163919636831	6.2513328847014975	7.160906634562906	3.6311804858359125	1.0972173862335666	6.815889410892126	-0.10725765366780848	1.1665020244817725	3.28931704083962	1.9559057260681243	53.745733793828435	15.91287247910492	11.201869122951493	12.2946854619193	28.479078075916618	1.2093704807792989	15.237057530877053	7.137977185777984	4.625700022983892	2.7077060385398823	7.274847758658552	2.5184375720467287	8.55618148948524	4.259166275894522	2.856498188959698	15.173839453086146	19.038293419547784	2.818768785047496	3.0404392094459425	4.904873506366471	6.73647869296488	15.055882076354578
2026-07-31	1.8368867613759647	2.022119775290392	1.3461168713249378	0.7404153072420456	0.06347175724636145	1.721534792479705	-2.169570206958497	5.0961424754576825	3.833533413784096	1.013902330715542	10.988951208169908	17.07974916214505	10.08344677166636	4.079788603682829	2.747221995120782	9.547783094351985	1.508936646389003	7.270326966515228	5.805937848406302	1.3149408630049209	7.678337638352573	7.748112592234548	5.165205936710315	9.696968731266026	3.4119863991194386	4.533117668563428	-0.19506918802653672	6.534402853988908	26.203549947590545	22.54674475331285	22.624153542609207	4.678748637893861	10.608601313956243	3.1124633852702317	15.623393803810188	9.13676606387233	2.3284463256525925	6.558504654861096	2.5666497240434367	2.1810458854601364	2.345773681566783	5.517846864602774	7.461020027806001	3.2303694529736546	1.2162013484042244	66.96944741252923	27.61364551916077	1.2710460419070735	8.79052997723359	9.185122496876716	2.1003524598323366	2.717287537274771	0.48340380482276757	6.3883148955184055	2.263751910547242	1.5580638394889519	9.719506192017121	16.631446510466432	59.08384406456241	6.973282329220268	1.9294813953471817	-0.917798586793765	4.427280745404104	1.3209048539050698	13.446124789476968	20.287110736413524	24.491884326520278	16.120730342024956	6.306443536002249	7.219226060724992	3.910134045417493	1.0143519596162491	6.98417732800489	-0.24346617762046918	1.1348758894979696	3.6717811447617237	1.8658111665779558	54.501060156437916	14.566021474848299	11.174355824757654	11.759616282068436	28.89761948469919	1.1804326767263973	15.994397696880299	7.058369218179223	4.586017917487446	2.59115628254699	7.311785911048972	2.5115242795726047	7.70205027607895	4.615008459276169	3.0787240444728354	15.362943543881016	19.46944960856038	2.92261158421816	2.873162012287203	5.66984604422376	6.3214217992470765	14.46250464842197
2026-08-31	1.7267913650878057	2.0148624917237044	1.2643770530074505	0.6799387725813091	0.045744550189219524	1.779758675216133	-2.2643615806129844	5.214968409968634	3.71724208370172	1.0134866454175686	11.3788440680746	16.89434874446323	9.766621782924489	4.348741486498049	2.7118086388511387	9.242983485778169	1.3342409236071902	7.4530342305194495	5.882775472988882	1.1803639822215644	7.869684310873339	7.921452158189851	4.91467542792298	10.096788377499934	3.3659760507881273	4.542903270512127	-0.26041818288948093	6.778613041022496	24.933577284281654	23.259154442364775	22.27279132457997	5.080998409311626	11.110092934762648	3.6484379948186785	16.423226035625007	8.544674624826271	2.363560635045431	6.0688476126070015	2.5276275111088182	1.9932008717487975	2.077975688925605	6.145802669176078	8.0137842455416	3.7146592420549283	1.3682980723889528	68.08736203975195	28.08225126550724	1.2823580792442648	8.030904297777795	8.721502303625243	2.3259175960271428	2.80578169710466	0.4556972532643293	6.561382260110108	2.2553499577963407	1.518372120509241	9.265194571673632	16.777977359942838	60.64912719354106	7.15814893916118	1.8059983470201644	-1.0292432334927355	4.424106641284602	1.3076003384611852	14.804549185234464	20.871369595667602	24.960000909785663	16.704411817284125	6.460775704785711	7.373654536459824	4.3934901605576755	0.942226700487673	7.121579983708017	-0.31378034280290734	1.1084238544228953	3.7310831316783464	1.6710557040441856	55.923052876206384	13.72143686374929	11.537593341646911	11.969177463744245	29.687157360032643	1.1450910596803183	16.7945666833144	7.157826015044549	4.643593551563548	2.505614885281048	7.474786353761431	2.656945402021748	7.201109158830164	5.190925646751339	3.2789553182646145	14.961306571147162	20.473797098514552	2.9651162832574727	2.541479639039366	6.839518429104771	5.963994179052975	13.677499326724615
2026-09-30	1.4195072075853972	2.0068958483763453	1.0399056348569502	0.5803241736036284	-0.0161131885048178	1.8968313885224077	-2.6842480800173476	5.164077602874656	3.3046615739805105	0.9500474652166346	11.621651108773975	15.875309573243385	8.934048086113577	4.2575856522245275	2.4812183386478353	8.451325812300254	1.1582344674900327	7.259964519914092	5.806456492467518	0.81518995934114	7.660286763810575	7.921516490240762	4.376799256737179	9.660047626145612	3.259660402016408	4.44854288406809	-0.549561526687576	6.854406399709262	21.986757206757062	22.333786553300826	22.379742783407096	5.2417241048597845	10.801231498849333	3.857667061386479	17.428299702484026	8.119022403498093	2.292063856975183	5.295368419731744	2.2353153534680104	1.538480540380263	1.6426582434445223	5.870545391100322	7.680664725683741	4.440920551051626	1.5237208533721223	70.08237050916716	28.90883415086725	1.1580482062504451	6.286458356943413	7.174773280646093	2.309899161334773	2.8675764153949146	0.3728419262529812	6.432344822798228	2.246686712376487	1.4344982444734455	8.35534684863817	17.07886500780782	60.98330814455062	7.199226129483918	1.4669049068539977	-1.456403602516616	4.216817383617467	1.2040252049549736	16.654203601418658	19.991749814857485	24.07722518006551	15.919014543115992	6.338141925301365	7.244587546040663	4.6783361122076315	0.7681247282047963	6.778545110501824	-0.5738396397787682	1.0486673142785037	3.2579277789705827	1.3223320311306566	56.22258302807688	13.25590668385206	11.719416591982537	11.633964186023263	29.731454677816657	1.0691355243220073	16.61310023684726	7.310394822747014	4.548446781992318	2.2125141886380817	7.341610720005264	2.441564696615295	6.716689175796674	5.416896266879412	3.0708828470082565	13.863438048908051	21.782592957320787	2.659518091993803	2.05467709863278	7.5607359565844945	5.01819796969005	12.481065488605168
2026-10-09	1.1932128754736055	1.9883935129408599	0.8776342511108481	0.5135343390010476	-0.061761200765062085	2.016397620743014	-2.938674951126451	5.13715099422015	3.0054985302090387	0.9013239770811481	11.67465733810036	14.935887891253543	8.244549432760778	4.228587891187594	2.30115788399722	7.79619463330674	1.0294746553073963	7.004425636366989	5.61268552466079	0.551464810445708	7.380214143903615	7.8504383293820155	4.000436913275095	9.328242430448967	3.4303857516013707	4.297593228575451	-0.8216874986600402	6.847641701032984	19.38515459716561	21.438026845316045	22.667186316295556	5.540050787434836	10.48082725602616	4.061391269041096	18.14636785877333	7.617226491731657	2.281004307493923	4.842809322367941	2.1379732720281055	1.2180536584614856	1.311595812130463	5.8296964816561	7.498868669331429	5.1007560247160555	1.656844495670489	71.76413075718006	29.60591380007105	1.04027780120553	4.585636440157117	6.231384130983145	2.3117093995932194	2.947927641378932	0.3121337854392685	6.218855891922132	2.224745881535668	1.3716623923849909	7.568824061139807	17.086468125759865	61.82173149870664	7.299337941211903	1.2148297143257594	-1.7336322190286495	4.057270472553192	1.1251099879415207	18.11619209730668	19.47282714269926	23.662432804412333	15.393486111585702	6.149090880076713	7.0489413486787384	4.9375365941426566	0.6412346087871015	6.371112374881832	-0.7515059395079788	1.0052949621986613	2.9314624983961863	1.0045305830721958	56.99159049748255	12.721763360267289	11.693216799213417	11.228381152302148	30.041586545270263	1.0112426134019685	16.641374232475613	7.494995563251393	4.457964633247933	2.000420832556351	7.142437714098932	2.3032286123115497	6.2135485401232415	5.817791955589485	2.9789639965081918	13.026379712205824	22.80147744496395	2.6155365430024773	1.8070150677876171	8.230285412825907	4.539888312598549	11.564188692521014
