	AGG	BIL	BND	BNDX	BWX	DBMF	EDV	EEMS	EMB	EMLC	EMXC	EXI	GLDM	GUNR	HYG	IAU	ICLN	IDEV	IDMO	IEF	IEFA	IEMG	IGF	IJR	ILF	IMTM	INDA	IPAC	ITA	IWM	IWY	IXC	IXG	IXJ	IXN	IXP	JEPI	JXI	KXI	LQD	MCHI	MOAT	MXI	OILK	PDBC	QQQ	QQQM	REET	REMX	RXI	SCHD	SCHG	SCHP	SCZ	SGOV	SHY	SLV	SPMO	SPY	SPYM	TIP	TLT	UEVM	USHY	USO	VB	VBK	VBR	VEA	VEU	VEXC	VGIT	VGK	VGLT	VGSH	VNQ	VNQI	VOO	VOX	VPL	VSS	VTI	VTIP	VTV	VUG	VWO	VWOB	VXUS	XLB	XLC	XLE	XLF	XLI	XLK	XLP	XLU	XLV	XLY	XMMO
2021-09-30	0.0	0.0	0.0	0.0	0.0	0.0	0.0	0.0	0.0	0.0	0.0	0.0	0.0	0.0	0.0	0.0	0.0	0.0	0.0	0.0	0.0	0.0	0.0	0.0	0.0	0.0	0.0	0.0	0.0	0.0	0.0	0.0	0.0	0.0	0.0	0.0	0.0	0.0	0.0	0.0	0.0	0.0	0.0	0.0	0.0	0.0	0.0	0.0	0.0	0.0	0.0	0.0	0.0	0.0	0.0	0.0	0.0	0.0	0.0	0.0	0.0	0.0	0.0	0.0	0.0	0.0	0.0	0.0	0.0	0.0		0.0	0.0	0.0	0.0	0.0	0.0	0.0	0.0	0.0	0.0	0.0	0.0	0.0	0.0	0.0	0.0	0.0	0.0	0.0	0.0	0.0	0.0	0.0	0.0	0.0	0.0	0.0	0.0
2021-10-31	-0.0005409349403521446	-0.0005341184784583674	0.00323684561965365	-0.013238542779549788	-0.007520261585202093	0.053569478526753755	0.24917576455661675	0.02750515407986427	0.008673460870727467	-0.01924494121149394	0.008475540030718775	0.3025822566105717	0.03446159688836019	0.11822690610532334	-0.01304183916488455	0.0331852143985941	0.2162271787637991	0.12981781266693132	0.10479287693643187	-0.027916332799145495	0.1224287679732015	0.03697200242610279	0.10289254473824486	0.2283022975649942	-0.06513664919426673	0.1000355951466787	0.008917149383461265	-0.006971292957626929	0.015949547053060086	0.5579205896100348	0.8543938356926901	0.11496742009437355	0.2581360037170498	0.2149663767583661	0.23481591379540986	0.04198794460024828	0.11232944934116632	0.16453429654113166	0.09502707804710439	0.03674998052438241	0.097439131777503	0.16425190026263864	0.19983237068197468	0.11343882851451212	0.03491988222823324	1.7435730502136721	0.7197472901086257	0.09993773022947891	0.8538227135639204	0.8857154780983137	0.058192500361690234	0.10262962406517318	0.01790392405626733	0.10096738114316395	-0.00010711582978046863	-0.015912056512649996	0.10019371271812645	0.2682579627403868	1.7972302906873665	0.21014519063835452	0.07435299256588905	0.18955801504629335	-0.013632923789174356	-0.001241448122550537	0.29292308666088046	0.640728916266039	0.9574460803953115	0.4425344439992841	0.08918829154424657	0.09154581357950065		-0.026692777889070384	0.17901489605591223	0.08793917490206696	-0.01007838235620966	0.3813795823317264	0.062476281494838304	1.6515547097578291	0.061230329638533476	-0.010979372551628331	0.2356397319043822	0.8840785534633142	0.01881416516426384	0.41785885194090044	0.2481997932803665	0.03575672464831996	-0.00124765597177543	0.09967395749866341	0.17364595853365472	0.011500344996443345	0.14399410584713052	0.15988254818821587	0.39373003750444013	0.37547555255074483	0.13473053413239314	0.08319601292623702	0.38358957665597015	0.6640207665598382	0.413108751780635
2021-11-30	0.01594634301079168	-0.0019020711311463856	0.014492375597728823	0.010679521747309764	-0.022097902257333997	0.05243300967405844	0.6552558993487355	-0.02917097834930246	-0.08890709834214248	-0.06890854719204698	-0.08781478487612503	0.18787635644380998	0.03886027639474946	0.1086635056419476	-0.06940021405251855	0.036215388333745296	0.23360490539215334	0.0289931523390885	0.10088444294584575	0.024637241761552103	0.0012412021112572745	-0.06934806506728933	0.028599843736201364	0.19667957839063774	-0.15995188328549376	0.058824609780046444	-0.0644528826052033	-0.17718639874052314	-0.36752016252278963	0.2843780195511272	1.5317926097869532	0.08406092858537306	0.10335959361505728	0.1587059139510734	0.493354534872135	-0.12876469690852674	0.13310913158267	0.18407166167910188	0.07246296648633119	0.049519652542521726	-0.07645428845935612	0.1035919814216163	0.20900606858120907	-0.07184070577342994	-0.0052430378247868255	3.218579715674232	1.325659282614115	0.13321156875890777	1.6107033567731763	1.2322528769202519	0.06318799765839345	0.16523817259443374	0.0409338359188871	-0.07887506917525684	-8.694664873019059e-06	-0.02771336730570738	0.09178027150143407	0.3079593326887118	2.6051397641418133	0.30833785023511723	0.1755011569872954	0.5163836928179694	-0.10253430734505856	-0.02596434662070635	-0.12917686147630209	0.4245804876121019	0.38588546422612124	0.38862173462978716	0.007796224394297724	-0.0035422246384030145		-0.02551797496919562	0.09861354476912651	0.2625601873887763	-0.017750682807431986	0.47873636600611	-0.023060304765562024	2.411945663552351	-0.4529920611978696	-0.21817517695136301	0.02714795940835074	1.1838563226169663	0.032162024766693095	0.4108399907880607	0.41337460891446876	-0.024651994255233376	-0.060167426278691205	0.004994079142486493	0.2594054461497365	-0.2802960661004977	0.14928784415899315	0.11664850330646004	0.39872345844360096	0.8113801742094029	0.15813943877947623	0.0994890891289458	0.36240695357110325	1.1445674017411829	0.5418853945594333
2021-12-31	0.0031008715065772774	-0.0026542150715768	0.00642220630291149	0.0026332829031644	-0.03270415102098366	0.05414030318660877	0.6671248279504121	0.05896710768630851	-0.02963307657269797	-0.07982468880981503	-0.004277496422698049	0.4924868024825978	0.11216514601082325	0.2338867286610123	-0.006474997849918507	0.1081720224191779	0.0999080365855558	0.11472962291338556	0.18031324516813763	0.02305276341296485	0.09104855634867408	-0.07201979492290979	0.13039550829360474	0.45743478874779386	-0.15366815642293807	0.11940649195569222	-0.03301045110607174	-0.17273732689006852	-0.29092492022084204	0.3934024083046097	2.1247822494750426	0.110520935923725	0.19341506575890752	0.5021356299687276	0.7568305743696917	-0.14614983159718303	0.2837169986595588	0.4721889201165338	0.3508066312771039	0.05235829198643978	-0.2944433609007406	0.2727558438750525	0.5155558439760557	0.00741434724296175	0.01364758180829011	4.244135923602136	1.7434526538635535	0.26351473185945484	1.7368736408343048	1.5723397651759305	0.16156980160120976	0.2128226131462429	0.05983387024767399	-0.04211193629132254	0.000746071331227995	-0.04358256960393828	0.10997606591501732	0.41643088258731586	4.222485359457814	0.4965735345741773	0.25666784413688265	0.5294759912029362	-0.02927352505576436	0.0024736639091352116	0.0242815025427269	0.7061953903837529	0.2904777219086899	0.8163231580642277	0.07386450880339339	0.05779362908855773		-0.03869386854416189	0.2272351752063489	0.26468668308387255	-0.02761738483702675	1.0569153276991128	0.01623603136500492	3.8897794730659987	-0.5499211582444514	-0.2092778940603357	0.16022209141785698	1.8321390925383567	0.05121914702508115	0.9287692000147545	0.5452719131691897	-0.019569738130908947	-0.013438031581588118	0.06705532576690006	0.48404098246690064	-0.2984049616616007	0.18770142727794234	0.15759820530676255	0.7011837200028844	1.2078431824267672	0.5746726666868462	0.27904602244339116	1.016860903383787	1.3910102363586119	0.7180255744873111
2022-01-31	-0.1290005283589705	-0.002974903920111137	-0.09404190357968492	-0.04369304835262037	-0.08076809569151677	0.05724816513039331	0.287509496194453	0.008704179096527102	-0.1749176457391549	-0.07731038691065932	0.04792380080240023	0.20323990483957072	0.11351782904208052	0.3988957260055768	-0.0787485302967052	0.10954533514906943	-0.13576031395250343	0.020279650118776388	0.11214438903607045	-0.11251852793625249	-0.025159069278851448	-0.08548087583942633	0.1673107288615044	0.10441747421639636	-0.045007655445809105	0.030761089115621865	-0.009473499711935434	-0.3380550215236241	-0.32757481142050143	-0.8379943620597714	1.5348253274061872	0.36301396689254484	0.30919452023707233	0.3148256447986063	0.5784380849696884	-0.31031670141696677	0.26915306815504475	0.5258745840098276	0.4060508941626338	-0.19845095919481293	-0.4247739787594277	0.255580708465009	0.5151749501410986	0.2872512645414968	0.07938035360034869	2.485254489444838	1.0239400995367052	0.22200638165862419	1.076705501140669	0.9102986295106499	0.17447623685021602	0.11612179151480481	0.03537636834032425	-0.2659467945334957	0.001178597251390238	-0.08355919265105477	0.06961690039150617	0.21236265608149163	3.494739727581947	0.4117281241738302	0.1516633942719276	0.19654734416001807	-0.01640002703868526	-0.03471641580776798	0.6369641644499603	-0.2175438771624401	-2.0329301133653277	0.5819505985904971	0.0015502033077700594	0.011154957505033501		-0.10250396287607699	0.1610570954272444	0.07407010192575234	-0.05628890004814857	0.8414771505893416	-0.02050803505823001	3.227811448775332	-1.0821899852124544	-0.40484747451075725	-0.20083102332285452	1.2594361564150982	0.042343645950445485	1.1105650085166179	0.28346741742542036	-0.003673706224319722	-0.10854708321959541	0.0019709539249892147	0.41849198591332853	-0.5190316985156734	0.483341938791269	0.1746020651891006	0.5492855076908513	1.020928775038257	0.7394777774639937	0.3114300236882165	0.7992264148882784	0.8679766389921053	0.28319518284565465
2022-02-28	-0.27435611150863093	-0.004068836805190931	-0.20320782034058757	-0.10734764975813785	-0.12435855400612672	0.09666068471449377	-0.14661775384698195	-0.14533900496592667	-0.5479212823363906	-0.13818119698570294	-0.03405229341917754	-0.13834880127492932	0.24813228893859174	0.6272886176836833	-0.15489781759227833	0.2373880806862852	-0.1595541841046561	-0.14778735004217414	-0.01941162290047295	-0.2101639824231767	-0.22515542842277367	-0.22161116713508305	0.23184053084051703	-0.03787664756299114	0.09458239461168788	-0.09616704465057616	-0.12806836113630718	-0.42126626974480363	0.33052530906604954	-1.4416245068125	0.5880761544081381	0.584186929723148	0.2221101882674713	0.1380872262594976	0.24325988081226768	-0.7121250791887528	0.21231664750079865	0.49100419743644497	0.37089778386971484	-0.4878671291884169	-0.7116180490830817	0.17850344041016047	0.5629621785406785	0.590423844284937	0.16686769432688858	0.21810456999740735	0.10477915528661264	0.1437057600367332	1.1469222043368772	-0.18139551653924801	0.14511160121091807	0.0009964903399871106	0.030841739234223148	-0.5052974362563342	0.001755773413192146	-0.12407603982033166	0.15597249852790543	-0.0038051559270374513	2.032327934433911	0.23989903038667232	0.1339017285375515	-0.15019806741229796	-0.017256433810735133	-0.06920880665849705	1.3047993123963664	-0.6815535489154503	-3.428288941125336	0.5600970785149584	-0.11648324604540403	-0.12075470880512948		-0.1530468358392844	-0.08111703158894126	-0.12788745035682308	-0.08434705673455216	0.45985444725588454	-0.10515590646688397	1.8819538023899254	-1.8070714590560462	-0.5054017669320822	-0.5548630348731584	0.4857220181578037	0.0626644195870651	1.063913269621163	-0.037055242450435344	-0.0962604683615444	-0.34073128624553206	-0.13717437609737398	0.3213526817383534	-0.9611897404410553	0.7674469475298729	0.1429422764266648	0.3701116506680342	0.5990743871755511	0.7401197205127439	0.2771106453314979	0.5400761186484125	0.2549219043841626	0.17766015392374634
2022-03-31	-0.5190246735584709	-0.002273846801428411	-0.3829685350835065	-0.20606611436368072	-0.21179023323785306	0.21164883756542052	-0.8518823199636243	-0.1959505085707125	-0.8057521260121925	-0.17212806843635434	-0.11098250542213868	-0.18993948140707717	0.35079862854686855	0.906822428922005	-0.2462965062874502	0.3370629204431948	-0.11802334913747019	-0.2151833817583296	-0.05219487468090922	-0.5097108946369371	-0.32648256864744096	-0.3891800959441605	0.40871472111986873	-0.10706150747400517	0.344211638022986	-0.12550516134749484	-0.14331623334820148	-0.4350183287342063	0.6687260407230289	-1.6003987099777515	0.3864053816920512	0.8257800380379868	0.1898987965357546	0.2685376739664752	0.10871774112616772	-0.9367904262111445	0.2489765229337077	0.6408898404770744	0.3224609714553591	-0.8321208092238074	-1.1791995752529967	0.19161290611038417	0.8422311614077718	0.9810863247969838	0.28490636800652946	-0.23752125453048656	-0.09314854220959479	0.16299942421097907	1.5692252142390906	-0.8528979573887633	0.15912273679288705	-0.02035980668319934	-0.004837133440338204	-0.6421415522370235	0.003507741894052993	-0.20763267111863762	0.21731229471079416	-0.014785376098539249	1.9600422936478044	0.2329320856892524	-0.013177761510099001	-0.7708944675376248	-0.04867017094047596	-0.11170230335179028	2.0738807328082807	-0.7563748341420515	-3.9132488316901726	0.6737537440496236	-0.1665497096484265	-0.2129901693466532		-0.291208129683992	-0.22460705686930507	-0.4639850438122265	-0.14368140788112796	0.5297997235127061	-0.14034950975378163	1.8180958577765374	-2.136656353849002	-0.5432345299876722	-0.737959570568393	0.3932220036467373	0.05110902103116338	1.239294483938155	-0.13002993700607135	-0.23547566106830273	-0.5170922586448257	-0.22674763736485803	0.3880023309880525	-1.1526555659544997	1.0800353323447696	0.1109458754636069	0.43691084897766175	0.45289161861249094	0.771473567232237	0.4331540539671784	0.7826888368332657	0.08815432162410919	0.14507418771425495
2022-04-30	-0.8651576500473493	-0.001531349675029962	-0.6461850395971284	-0.341619977879999	-0.36065287273302743	0.4254518237437314	-2.0579971067666087	-0.3606654433975464	-1.2502746081006406	-0.2554280664726236	-0.3637516527852163	-0.79131417797872	0.3436575544059164	0.9108329533651267	-0.4577663268948754	0.32948808093724424	-0.24711527957609872	-0.4846820260747621	-0.18652122217545053	-0.9186695660282665	-0.63145899466375	-0.658196516282389	0.38397982840307154	-0.6498611294567506	0.2781205363883678	-0.2956600572992762	-0.20333116007728322	-0.6619460689255141	0.3576786069996266	-2.835137920570422	-1.0044739058754595	0.8933177706903819	-0.24455987127903678	0.09067099919381955	-0.40314360871374455	-1.5303620154799416	0.15954260887557292	0.5390451763100956	0.2938448362997653	-1.4275344862475532	-1.544028849702149	-0.15840357476303807	0.6235231850607457	1.2360630977187244	0.3928768569433614	-3.597882864507865	-1.4646883729533706	0.08086022447779345	0.3489489291800574	-2.154109288730479	0.099146824855952	-0.18883508799817716	-0.0620583991214958	-0.9507514668999268	0.005894750834498719	-0.2708112649462516	0.12524496379679417	-0.33912451836336754	-0.606491560706262	-0.06851958911091505	-0.2516360585361034	-1.7889751510185716	-0.17577381667242695	-0.20899013662253424	2.63163455037197	-1.806147751122456	-5.6939139998983395	0.05523440608371033	-0.3704009167505983	-0.4669747401990318		-0.446755026110183	-0.5172693085442421	-1.0459295493009653	-0.18822033125462312	0.3011382472752273	-0.33686766110493993	-0.5361959628780855	-3.311060337051944	-0.8207520632565324	-1.3256489070565864	-0.9451475448810731	0.037780478822830726	0.8663888308528174	-0.5687427969132841	-0.45947126410451583	-0.8207222927333442	-0.486651480693836	0.3138319818143438	-1.795930444422353	1.1776261925282585	-0.1419704709381276	-0.01810940894564428	-0.21313064081925237	0.8425263624758048	0.415725306777113	0.4879372760704481	-0.7099737250021753	-0.15358035818325322
2022-05-31	-0.9900388933411577	0.0006481245380003625	-0.7398037861526519	-0.42565209244774427	-0.4253940173822629	0.5192146141465966	-2.929321838145724	-0.5152057889883929	-1.4194607257396692	-0.27536707356826073	-0.5058823128380578	-1.1043081241440862	0.24111741349296467	0.9861665040892917	-0.5010644134229084	0.23008655544424406	-0.2523438167439384	-0.5697531610820625	-0.19790723905298657	-1.087907312540218	-0.727085081154278	-0.7709247060631308	0.4712196353774864	-0.8458307651412027	0.3325038505557131	-0.3534817202839462	-0.36874191015661484	-0.7313745729275677	0.10124882350410129	-3.426226705978414	-2.0146324792374477	1.1469199567723516	-0.37503077387487993	0.024479278527315573	-0.7216713667791654	-1.7356240100466978	0.09005845285637737	0.5609654861242734	0.1496309551814845	-1.6088073895149486	-1.605998304109259	-0.37238866516069835	0.5309250223104283	1.5497136668803457	0.4805213565349628	-5.842490943259951	-2.3791706304352904	-0.04527832165759571	-0.0573793164578178	-2.9985752972783173	0.10765940144057018	-0.31463684609751563	-0.10914347636367445	-1.0726728923615862	0.009450248432357417	-0.2671866579216767	-0.017590975208430587	-0.47391905253538	-2.162814620555436	-0.25025226733387895	-0.4536595780505506	-2.4751292210979807	-0.2453308882965487	-0.2286935361462032	3.358014790427421	-2.3703632372446153	-6.871459731912703	-0.16533867380221845	-0.4364685428474624	-0.551209393609864		-0.4959771693992885	-0.5957789078182648	-1.4329465145071143	-0.18704864920743774	-0.12684303950193698	-0.48601680203787545	-1.9576960587000967	-3.7775077662099896	-0.9001468378575945	-1.5680903946966034	-1.7772380193041435	0.041124313780755165	0.7679159589243718	-0.8855613622545946	-0.5628076566408658	-0.9285643796198377	-0.5751629486649215	0.2746641440106754	-2.0254931800710434	1.4977843849513393	-0.2379807522642589	-0.3350488547380195	-0.6590444597423648	0.6546242275547367	0.4642045569587344	0.38258012978573763	-1.4374210864792785	-0.3922475690967798
2022-06-30	-1.0979434802368075	0.00580062357163131	-0.8247659539890969	-0.5006179975049827	-0.507019016785335	0.6028767138391644	-3.388690339015874	-0.8828738043483355	-1.7266919918278751	-0.32285612589775403	-0.9216779514221716	-1.8097253046986477	0.12381395035193304	0.6003775480557421	-0.7750027592324376	0.11674527789614231	-0.28359988881033504	-0.8983956842435423	-0.38227818023377047	-1.17967693351813	-1.0662791860351428	-0.9621135827769395	0.29024529881681294	-1.4340293689418682	0.11208585578229924	-0.5282648289612336	-0.5812153411444227	-0.9599278805602554	-0.2348819715659993	-4.531559417328246	-3.226906442225424	0.9188275524562022	-0.8587418412431564	-0.18981770734080272	-1.2086957128715792	-2.0541286217443986	-0.054164247944235855	0.298224203231364	-0.08110237824516969	-1.847176744161423	-1.2988284961355778	-0.8096348721779345	-0.3294943416616539	1.5036410854373758	0.4338574882143717	-8.653366072426643	-3.544481698493456	-0.2437117339552951	-1.2358640020389022	-4.052571526542677	-0.007746078227320208	-0.4548603732085339	-0.1810237493670266	-1.4418907248226205	0.015447094459044925	-0.27587832359332065	-0.18471990487521375	-0.8159156280456393	-5.101220729706585	-0.5968250462837842	-0.7573390500071491	-2.8469144152764163	-0.44768948041062684	-0.35647863916819944	3.287283913283132	-3.680130211049752	-8.270808008936667	-1.306936425930946	-0.685195096998545	-0.8059274029396626		-0.5191910151932797	-0.9371716741043831	-1.6468272884428463	-0.19405922104943213	-0.7908298653846616	-0.7500326975975227	-4.654265986845396	-4.3974374259966424	-1.213900524363865	-2.3027969353843836	-3.2312031345897543	-0.003295499795024831	-0.0012959241741481442	-1.251361375054895	-0.6885695982575686	-1.136769704215165	-0.8483613518904776	-0.11775390627900861	-2.3985430025936965	1.199935007736404	-0.5143644693122175	-0.9378281063294025	-1.313436013847823	0.3931773155197922	0.36349992371746154	0.08134300959484397	-2.337040305399264	-1.1217866384422779
2022-07-31	-0.9579306172213591	0.010508744475146742	-0.729994018079421	-0.4310116994293942	-0.49976216767979875	0.5599608880878026	-3.355212779854475	-0.9733523375002334	-1.6581731726123716	-0.3334177317394646	-0.9999395151581236	-1.6008620418895267	-0.01665939623748991	0.40074515386630405	-0.6565717685874304	-0.018803209130386134	-0.09087849937050885	-0.8873438161413358	-0.39344084354895725	-0.9991125641257261	-1.0363267818549873	-1.0242364907902095	0.24899005406794517	-1.1752002485638657	0.017528593956855687	-0.5550961495478302	-0.4711284318385889	-0.8763758901078438	-0.1482026220381062	-3.8747070251438522	-2.884690838897413	0.8453359712328379	-0.9466861333172326	-0.16093006277197497	-1.0908240097391215	-2.087788121898508	-0.0293786300934471	0.2756085721686534	-0.09871312657087394	-1.6263579848960656	-1.375417256929535	-0.6527395314149518	-0.7026645540977796	1.325053054289108	0.3566889649145508	-7.758233864290325	-3.1773594149092106	-0.24396931023603452	-1.582387677637593	-3.610015845459303	-0.030809043176025952	-0.40069611116747517	-0.150034716741858	-1.3800891567287294	0.02091995638943153	-0.2451195644251946	-0.27748262902692994	-0.7369354187920765	-4.597974018731101	-0.5387234660979299	-0.6374712871591459	-2.7649754130556294	-0.5599606887229779	-0.3061398531783234	2.8931209543365117	-3.1722857317040125	-7.21493882948158	-1.1009647826832092	-0.679711679767357	-0.8235413369944324		-0.4369823821426231	-0.9502404146821439	-1.586419977625516	-0.1736495578816657	-0.7514947952488309	-0.7807052752336551	-4.198393020724354	-4.302687499831358	-1.1445088919842985	-2.284913980501771	-2.912476911426898	0.017051599220523628	-0.11384378427676767	-1.1098118305744806	-0.7451374481685572	-1.0686344241359587	-0.8644255629653879	-0.23031755044246072	-2.3571663857778375	1.1263563783828858	-0.5263370348594985	-0.7729401240101743	-1.1307543994767593	0.3288757524117891	0.3823793319499337	0.1247380302981338	-1.9983589577219796	-0.9703278788291108
2022-08-31	-0.9826515685371713	0.02236141666228424	-0.7422800969825949	-0.46033649198740534	-0.5419049417166357	0.5409573367503513	-3.4128374288526224	-0.9565709850659025	-1.6328666166400065	-0.3249057163059307	-1.0337514527925848	-1.6813845562874228	-0.1725497262747384	0.26040221597514845	-0.7088144506633147	-0.1694185773034776	0.029707416682838522	-1.015253405426424	-0.45723519321865236	-1.0461047080968813	-1.166370661333234	-1.0341209048639035	0.144715218725599	-1.2057825197677607	-0.007627277452921549	-0.6181607319735272	-0.35138512545761014	-0.8932781876315281	-0.21527594531184518	-3.4471218213314296	-2.9553219466314773	0.7769566270206005	-1.0625431396445864	-0.4587758082707355	-1.1588869728604083	-2.111809919517187	-0.09068308885896392	0.17937561999275675	-0.2158868591700775	-1.6544175503149106	-1.3321442980267513	-0.7318217607208909	-1.0798871933741339	0.9896762312849807	0.27208783639033296	-7.765405466927808	-3.1755233752254344	-0.328094261410779	-1.50557372469586	-3.5004543934117134	-0.08278346466495493	-0.39684233886896003	-0.16368536064124825	-1.4503281127266916	0.03464721078988526	-0.24662562502888874	-0.4572614902715762	-0.7467256893729293	-5.0641966965421314	-0.5931035644969673	-0.7019368267763539	-2.8364068927198836	-0.6202951529180981	-0.3238038091750417	2.1418266177775775	-2.9669064686621063	-6.419734486673221	-1.1796617802970808	-0.7764228132424127	-0.9128844103356368		-0.45451034898209686	-1.1345810460024397	-1.625562760593429	-0.1736623037592766	-1.012116612761417	-0.8955622858456914	-4.641517943713667	-4.174455423018713	-1.1804243349745578	-2.421616780570935	-3.0163145854852056	-0.013390343403653096	-0.4078266245434752	-1.0881638961186537	-0.7458139194351425	-1.0463850015726912	-0.9576289504217534	-0.3738391136449564	-2.3021096452250953	1.060954090302845	-0.5441754564707966	-0.7931666204199569	-1.2368839287880764	0.18055088680126752	0.37803266723325	-0.32043939634731866	-1.9017929562074327	-0.9815817979991726
2022-09-30	-1.1628363682640095	0.038673258889144024	-0.8729078888413238	-0.5263449087113998	-0.6163582321128883	0.5875876008859353	-3.762455916453379	-1.1465079724035325	-1.7986092959331739	-0.3558231750485954	-1.2784629284033588	-2.246140287313605	-0.32762336642188095	-0.04232764455300053	-0.8352880716135556	-0.3173666598061653	-0.0815546827167801	-1.3180653599208791	-0.6139829012142299	-1.271471641102247	-1.4920237298951988	-1.2869459950299578	-0.24418661519916474	-1.721863053008299	-0.05400021668431182	-0.7670175314444083	-0.39422325535701286	-1.1125852763626067	-0.871930736007255	-4.022717733350311	-3.664782415370637	0.48366880949250324	-1.3852613240139169	-0.8079188477006303	-1.513216918096208	-2.4172789134408803	-0.2846743904158678	-0.3106276683781497	-0.5461817007713655	-1.9115228890261107	-1.624517027670751	-1.1415778817732418	-1.5969424789110804	0.44619696979695167	0.1398934568246708	-9.274384566739496	-3.797401292323169	-0.5283235906101421	-2.163521239610733	-4.016252282234506	-0.21084297425374418	-0.46835686277865357	-0.26554045891185374	-1.7429205875885518	0.0539419790571746	-0.28482388285563454	-0.4871081276230961	-0.9398339399723334	-7.292247445839171	-0.8547627581973045	-1.1273117542463809	-3.203729114975901	-0.8276369202021057	-0.37917987313048385	1.016758677502465	-3.73800665071108	-6.690806185681106	-2.0920192878731196	-1.0143386250973438	-1.181752332153395		-0.545909798820366	-1.4605447960196227	-1.8414320113400353	-0.19962032874395064	-1.7678646730497232	-1.2002941993164593	-6.683069878839843	-4.523066502806875	-1.4963732688097742	-2.987817655145732	-4.012813189080851	-0.1112282056802	-1.1930580978379344	-1.2691691096565156	-0.9318083888186375	-1.1574097054118653	-1.2420178821765857	-0.6544578103554625	-2.5042144620140396	0.7311450989208552	-0.6745940712954963	-1.344794200557786	-1.7392972872115948	-0.27318263011341326	0.1120465120900469	-0.7816801409218391	-2.1251156637606092	-1.3929901548916204
2022-10-31	-1.2667817691043517	0.054498251285073664	-0.9426822342106544	-0.5190070155572288	-0.6204193418127271	0.5942303131395728	-4.16319500640026	-1.1753034082927676	-1.7895428186848088	-0.3521225982865873	-1.2319143611274128	-1.8468840696022397	-0.446505639385929	-0.02511082980381274	-0.739892674481684	-0.4309133765825182	-0.15731412467869918	-1.264880104907098	-0.5515207906000664	-1.4067887563444925	-1.4312967429256136	-1.3990101180154264	-0.35427237749655893	-1.2976424107109836	0.02645055037680194	-0.7088527446307542	-0.30436374783138875	-1.1364560908375765	-0.2432819588202939	-2.997464741209824	-3.4925850602715847	0.6248795316707287	-1.1821137569867224	-0.5885903013851217	-1.4461641936585943	-2.4808470880030074	-0.21895617807274614	-0.503373697061082	-0.5420039434343453	-1.9871351619062985	-2.099579070893943	-1.0884674727704327	-1.616019010672237	0.2498296901296646	0.08444369589208911	-8.99658853890067	-3.6853865063244573	-0.5782730467818679	-2.3376642450388334	-3.9229989695227125	-0.1444340566555868	-0.44602381745006425	-0.2943987782173165	-1.69015953099438	0.07341749749386085	-0.29472526615786687	-0.47135940606949644	-0.5875814722013974	-6.527634037591864	-0.7642534408186303	-1.2437510760612236	-3.5625819061901103	-0.8807219584762969	-0.3380548989867703	0.6126300288431015	-2.96794487126527	-5.543246779779492	-1.541010916345071	-0.9759951768113173	-1.1915622946211277		-0.5900581163155194	-1.357441063873151	-2.0369697816697023	-0.20645475675228508	-1.995562304261541	-1.3609714246948494	-5.984296631197376	-4.306587646249664	-1.5141812741148821	-2.9628739500684897	-3.524737667276309	-0.13735455945237718	-0.7922566310046253	-1.2135189245954727	-1.0484945316555463	-1.1495112839322301	-1.2550053517973616	-0.6197366651591969	-2.4422728114959726	0.9672741651174448	-0.5007987544985566	-0.9243292368455287	-1.676863048231072	-0.21060582641208825	-0.03284106773610018	-0.34333064744508024	-2.0910775008665943	-1.0463441317148179
2022-11-30	-1.0473038396415602	0.07676107010859592	-0.780437515696943	-0.4155094138448079	-0.4812261138873051	0.403138581567285	-3.7222094739239093	-0.8687654931892534	-1.2482799707850183	-0.23989508652889469	-0.8578660728507406	-0.875157793436824	-0.3248559407702514	0.1923633146213961	-0.5022614136960866	-0.31366153934538504	-0.05709334689966594	-0.793122645925068	-0.3230035260042151	-1.2085214274388552	-0.887158976196579	-1.023347093802153	-0.19283784914345764	-0.7116328872200981	0.08626378026746509	-0.45931386696798615	-0.09614052045305388	-0.7184371510611696	0.45802601906823104	-1.888923327961356	-2.838201828464711	0.7353805802314497	-0.6034081126874631	-0.1316108851406146	-1.087861671158775	-2.052658548661518	-0.03792821478703126	-0.3359701940789843	-0.2392370376636054	-1.5386995131236771	-1.5968403325740361	-0.6488209410761787	-0.8726509677667459	0.07960712539237935	0.04997030409616199	-7.298758833705655	-2.9870434451196566	-0.4935624322599447	-1.774788639306311	-2.8931456834625724	-0.0034458159068573996	-0.36721634796673674	-0.2681624418976376	-1.1974124981429792	0.0974274956982729	-0.24885792857742062	-0.2551142194284982	-0.21751735501432368	-4.370551347320154	-0.5134619198578965	-1.1317147750756424	-3.1835677317214666	-0.6331996175914325	-0.23270236039716208	0.19833787535977887	-1.7870649185743073	-4.056110056353814	-0.5830770694613407	-0.615519144284463	-0.7796829978770055		-0.49621739261680875	-0.8267670767583333	-1.8098276711152024	-0.17474483818855213	-1.7516061839424772	-1.1040003393476043	-4.020546401072904	-3.600427982523236	-0.9841597327236791	-2.140365299605496	-2.397451351769777	-0.13300005552388336	-0.028727851953401773	-0.99396843133982	-0.7656642324807281	-0.791690243435871	-0.8331630966881192	-0.3110318448841172	-2.0305030867822644	1.0726475749070854	-0.2213148755453822	-0.16364071786404566	-1.2908684265406483	0.08333538316295219	0.0014001405102451736	0.315913637359738	-1.8754847280047708	-0.607658233225254
2022-12-31	-0.8810270909559126	0.10409885260127699	-0.6545165011204039	-0.3934392584258932	-0.3604984983321362	0.2579986223821278	-3.331587832195428	-0.6904326013383486	-0.8725034808985108	-0.1388401756960702	-0.7152510422153799	-0.38301125811255776	-0.1652958227537475	0.21714655321526388	-0.38120867228930444	-0.16120389346804348	-0.06614680034498371	-0.5055891624083482	-0.1650540033096013	-1.0791288102200056	-0.5404085501796017	-0.7827691495413505	-0.17394985626282772	-0.6961539577388347	0.04659090568301813	-0.29684991435491437	-0.11153242906507232	-0.44382875316230397	0.8865352562578914	-1.7691261899822202	-2.9027265935022735	0.6777537614253841	-0.3244581669332902	0.08004269099749503	-1.0467016795402158	-1.7721526676611106	0.02411150623565736	-0.23468508209275196	-0.1130078814348271	-1.2326603144577595	-1.0943991134666842	-0.565478133553686	-0.5346330235288639	-0.06255107052683906	-0.003276532503528218	-7.391728012564164	-3.0296675446869044	-0.4615256415344352	-2.3659011296313244	-2.6563949079048665	0.03447154600478683	-0.37110349552674604	-0.25166406648977546	-0.8272864336867527	0.1271293180864771	-0.19572889498392543	-0.0018137118717297396	-0.07974122213741519	-4.1682625876118955	-0.48824715001457575	-1.0699376502174962	-2.8754397105281093	-0.45303781588686065	-0.17700022049846176	-0.12575436302373966	-1.5908673634601582	-3.620608565517271	-0.5057233411729283	-0.397992305060467	-0.5294257125467894		-0.4249826632074549	-0.4873538495456755	-1.6216568003678908	-0.13640488583300242	-1.7379207208578742	-0.9089809124411241	-3.8355197678996644	-3.27141992825446	-0.6464111821218603	-1.6072092962629796	-2.2512636220273876	-0.1327971651574473	0.1610010108690887	-0.9910974717399341	-0.5852978350467004	-0.5465944262331881	-0.5735643282071587	-0.23677534506791537	-1.825755135132325	0.9781640238187332	-0.14201360619835035	0.14427024093193586	-1.3166428612630798	0.13081964304908977	0.004672760077397364	0.5478995588445823	-2.132575521533675	-0.6148701670725947
2023-01-31	-0.5279874789127814	0.12914455797259294	-0.39152865181243235	-0.2874987137197935	-0.2074472426643963	0.09052444057104103	-2.38899262242567	-0.3252157361479626	-0.3825829499728073	-0.00839179259197842	-0.3698540492983411	0.3652937714858262	0.07640857806244471	0.35070442263409984	-0.13336316672043158	0.07015113911534566	-0.01199017266868252	0.0031228889446599517	0.02150856308047211	-0.7246522716827655	0.034136520162341366	-0.3273871249157754	-0.018833415353252003	-0.08781712420559806	0.15627508515640298	-0.07664424297768657	-0.15535150109610674	0.02184026130798067	1.2827983868158113	-0.4845667153555073	-2.1263216490345656	0.6541356819563373	0.23204084083177468	0.18188009389230658	-0.6530336651939899	-1.001838145371277	0.10617618115529265	-0.16274486129436738	0.022923200846916722	-0.6450563625151284	-0.3290912378433104	0.0014108474668859117	0.22156929973456685	-0.1916386431472734	-0.033228887970873644	-5.166834113084274	-2.1174183527981096	-0.29227752898691706	-1.4341957557534664	-1.164237504715639	0.08439213616190294	-0.26102902050317556	-0.1961097061477674	-0.25608967965398577	0.15534328757123805	-0.1105458806066475	0.14784257018949354	0.003369707855335524	-2.3048398464791395	-0.26922376564889094	-0.8350984152906213	-2.057464885345868	-0.19976206044173805	-0.0642895006929407	-0.4187926896857297	-0.2032148354905603	-1.5546450786831176	0.4303914365640904	-0.010074507427706436	-0.07781904279838714		-0.2687540515683251	0.06937100827855835	-1.1447489711291463	-0.07694142517307245	-1.1529036272436106	-0.563642532109339	-2.1274320479290125	-2.0416021910727515	-0.06861068010794646	-0.6254444789302394	-1.196596950896815	-0.10449591003153846	0.490280425413564	-0.6881224268967627	-0.23799519604724928	-0.21657384885598097	-0.10545581198024667	0.02903750591783872	-1.1154588907554617	0.9084325292465776	0.0629390496938046	0.5550216470513686	-0.8914400590939204	0.09498415103057267	-0.04185241967196052	0.5052557551425294	-1.5500848488107812	-0.340786131967433
2023-02-28	-0.4031369025333138	0.1542312858740489	-0.2980973848741968	-0.23539524339446527	-0.1535370122566313	-0.019316969084798297	-1.9153821875729093	-0.16906255853047725	-0.14461235883287005	0.04440067016362903	-0.28123227751774005	0.7534409454229278	0.09318795295813789	0.21399725081134657	-0.030317656035364182	0.08531342019090832	-0.06826009369668823	0.2256891570577073	0.11067133679654995	-0.6191067010634423	0.2981125673974532	-0.20558175265031897	-0.023480391263992484	0.24329720646271813	0.12280011944867031	0.028958711105254942	-0.3054022757896122	0.1442042442725966	1.4632099667226826	0.2172825352907619	-1.5932747127951412	0.471034647129017	0.47752829435530897	0.0055699237493085085	-0.3771099103309572	-0.576901815925563	0.09106648766140318	-0.27392489779827267	0.012897974243212429	-0.4545026515986308	-0.12966987911189776	0.23933492429243874	0.3786528402860415	-0.343892585983669	-0.09713952915287982	-3.4307648221528186	-1.4055402829269585	-0.23182417876903272	-1.3962046813150566	-0.4493973771987232	0.06233666372912733	-0.18322901774461875	-0.16624074154610868	0.03648094716575967	0.18324554428583884	-0.08145032646387751	0.0699157156009057	-0.09467964991502442	-1.578699473195421	-0.1838067158920429	-0.7103361428111876	-1.660085697153547	-0.10507105141091078	-0.012912446580060521	-0.7602902562992764	0.4506070523635426	-0.35777370569424605	0.7742903699466044	0.15644130027376657	0.08931909939719418		-0.2263947472133303	0.37359178549887684	-0.9211571521993669	-0.055074375365112616	-1.0034610492261948	-0.43290174497362655	-1.4576114209104674	-1.3002675490525668	0.10048662190962299	-0.13044254401326505	-0.7271355510132107	-0.09132403765711414	0.38636202776506656	-0.4771892014345904	-0.1540785934240816	-0.06419948025062006	0.07391625218457087	0.11007589930893343	-0.653828781386891	0.6098730927232472	0.1435101220804611	0.7341364166251932	-0.5448199169419099	-0.04338605408219154	-0.193442189295856	0.06965332176383843	-1.1700811803887157	-0.2253581795693429
2023-03-31	-0.13530717290770555	0.18038860503759352	-0.09746487388356373	-0.11211676271812032	-0.038025925749593625	-0.21280226583115236	-1.1660344268169691	-0.01184099705400854	0.12272636665367376	0.129781960511835	-0.11511049825587794	1.1374351013692414	0.2812411585371807	0.09008139039196439	0.1261649194597232	0.2652004457225653	-0.06218690499721191	0.4560586083108995	0.19433138164658625	-0.29275741023181867	0.5715684784360522	-0.01169471297809066	0.03843124899047046	0.13600969615863878	0.09816548042926526	0.14335555694877433	-0.3395664047805793	0.3372349806094488	1.5341011980736163	0.1612260257423923	-0.46937446292836604	0.2817248579941438	0.2957999789747643	0.06279915989598733	0.15591411230088914	0.04885671331426522	0.1331172367591157	-0.16388674217531518	0.18232796772320187	-0.05063948312164257	0.15892358155727226	0.5912380423813626	0.5581307478976592	-0.4666371998283001	-0.13871188996579908	-0.2770735817230676	-0.11012747305416681	-0.21005577734098446	-1.483189885953494	0.4570797270401492	0.029214061845377476	-0.03992907531175094	-0.0928475044149284	0.2650429717420506	0.21260301667090278	0.022588565555249684	0.2049053263700267	-0.0839270322432768	-0.08342973647979157	-0.007455120817465133	-0.40270385209456716	-0.9880264725981176	0.03204119247721948	0.06581488886135356	-1.0270104909795617	0.4571306118235201	0.43244186565458165	0.3913525026968435	0.333041865121968	0.29126421020556004		-0.07503849784905858	0.6454926651464028	-0.534222725315928	0.020252028258690324	-0.9404891266466668	-0.37287880305867116	-0.0837641505688902	-0.28286974289443556	0.35469746180575523	0.28934790787671893	-0.021328158583643564	-0.02512785094957415	0.25113813292427345	-0.111179936635045	-0.018488989418432134	0.11682250203268874	0.28800314674886374	0.13024222523498152	0.00936347261966386	0.3586646488405809	-0.01285489158057318	0.8480091882358713	0.1793803583033946	0.035588333114639825	-0.19502890309186505	-0.05068610270610563	-0.6988049312398701	-0.2434720223754101
2023-04-30	0.09725479954425653	0.20371538898234676	0.07675973019414917	-0.011935616770719637	0.044982209543519724	-0.3197749610272651	-0.5482124979118037	0.14016807134414666	0.3313827324088332	0.19046238872446697	0.048771343187163474	1.3757897256852682	0.40724057121711565	0.01790774121507077	0.23957295920854293	0.38449876917998904	-0.11718865305826681	0.6890240362744653	0.28912682263646017	0.0012927607907471383	0.8409929333856863	0.12173464661595457	0.14385609456651904	-0.08188775539368809	0.11339865810914995	0.28168293178570236	-0.2226432087863961	0.47538505478078497	1.4183898123239391	-0.006528065733255595	0.4450743927803096	0.21162835080173847	0.3249814511031057	0.2771979840539865	0.484146678483931	0.5723911905863366	0.2101310141256163	0.023149250065528815	0.4257347664364132	0.2807695231085976	0.2418698842124547	0.8377387344267047	0.609025440027229	-0.5105855187800545	-0.16717228274013363	1.9614900172176988	0.8088276507848917	-0.15921144562704315	-1.5659923887249088	0.9824778254149438	-0.0057175518643154954	0.07367737277455122	-0.0369256756361821	0.5002163234469741	0.23624502443282597	0.10468692610183739	0.33689162175718546	0.03387496313080529	1.321003646410686	0.15657334166272363	-0.1660768555838379	-0.4274073889546761	0.19476342231323263	0.12251740294215652	-1.1137531078438876	0.35371016889151097	0.8799326855150529	0.04830852595781321	0.5073568744465131	0.4768560829115236		0.061064031399427066	0.9409930770164265	-0.2060258708294036	0.07856165726411868	-0.8168016629262516	-0.20177579169440119	1.2039457473966024	0.610577893007564	0.5456408465280043	0.6840218525752348	0.6018226963388198	0.021343923078216517	0.2848658099625636	0.17237822885662268	0.07481835143491145	0.25427738705570757	0.4841246583168928	0.13195400406343777	0.5992047782037133	0.21505397265851522	-0.04302664518175403	0.8036480866446657	0.6350683391211565	0.2294738196793853	-0.15592213281063183	0.1104229431608843	-0.3832828209080441	-0.25941349929117585
2023-05-31	0.19924304534465342	0.22425233264619998	0.15253236628834177	0.06678375842693174	0.0710921157048292	-0.37221867649715357	-0.25965119817084137	0.2677965956276731	0.4247697351952353	0.21766505914419065	0.19430893722353737	1.2865520686887884	0.4281002103310012	-0.28323825022211935	0.26342210471870997	0.40444618539068333	-0.164907365964637	0.6672131950831708	0.2500523260827197	0.13368057637081865	0.8278774824049333	0.16427416214769952	0.046176209272541846	-0.2892309965761406	0.11662158292534064	0.27323390075709963	-0.09126550558165869	0.4932785672115796	0.9284270692109673	-0.1270391460999507	1.5401046938620402	-0.08221434108912762	0.1574778284687166	0.19776471106041707	0.9914915633023496	0.9869389919614484	0.19771693301298787	-0.057414649698012354	0.29582403967453386	0.4065155630481474	0.05569434853005539	0.9719345955492803	0.2719287825098755	-0.7211822248266802	-0.23348965875640548	4.9938399865662415	2.0504789107124006	-0.16432567391286979	-1.5300705668055121	1.2710042483146236	-0.08468852194082552	0.21454974728080778	-0.013720178652950499	0.4990639299036479	0.2589804704521897	0.1398672680128723	0.314442709036484	-0.07629288251031952	2.309570108884178	0.2728159610411147	-0.06382639969384529	-0.1621400022986208	0.23227050311384945	0.138199136963995	-1.5866774307783746	0.09859357430663174	1.2522383037675535	-0.480841362735016	0.5022092494461206	0.47638801440151535		0.11983680209730929	0.9053661588531419	-0.050991744123129124	0.10294980801120446	-0.8574534578138802	-0.22366386947505745	2.1150360695445443	1.399022697318303	0.6159404090218308	0.7198568326020736	1.0586584552450446	0.03276551067492911	-0.06329784568226082	0.49811371019786765	0.0769694630718658	0.30943439500895176	0.484582783539411	-0.040006856504055735	1.1359564552203274	-0.16369592541875155	-0.13913584545686564	0.5410007372353861	1.3221193109149867	0.04949515061974874	-0.24632985897040505	-0.1490146335575333	-0.012682929181067948	-0.3862085500978125
2023-06-30	0.25725693001478067	0.2458213398141067	0.20141658769117687	0.12407164616372124	0.10642963569290798	-0.3446651189638247	0.06328855191910776	0.5032321846803149	0.6077825308937079	0.26492023766850714	0.4143558682297668	1.7891980857077188	0.36056941959716793	-0.3536665883516661	0.3462505361354513	0.34100939259783514	-0.17163177638997473	0.7812738376569197	0.30682472939909333	0.16877667011740227	0.9484766799718876	0.33213439916762644	0.054361358048967856	0.07435576123308163	0.2716866044682891	0.3636051942982087	0.13753417682832048	0.6353842651531272	1.071032111718158	0.7351986928680132	2.8081970646096295	-0.14917078313891086	0.2994039803374128	0.29364463712653477	1.4788330993508703	1.3762559375153707	0.2582678555756476	-0.015994741524208655	0.2989154976777899	0.549801118486541	0.08547612210387712	1.3141027794219284	0.399520654626577	-0.7369542141585268	-0.24647579954448778	8.13480433510482	3.3432783600633007	-0.11150953948226416	-1.158343331016174	2.3394358606813954	-0.061837761096059984	0.373281628440543	0.0030874968200286235	0.6018802915833472	0.2822134230084453	0.13812881920785658	0.23841464824591846	0.0658791735409211	4.517526557769115	0.5313861100042374	0.0026556526557381943	0.09411124408895333	0.3260329725795008	0.17913819444105528	-1.6484703884428389	0.9597112265391949	2.592971491204196	0.07884100780411607	0.596627005203103	0.6023255032307766		0.12201540031104985	0.9931557759630328	0.08902761484560706	0.10162027188741346	-0.563507333386239	-0.15533343295054713	4.14882188503143	2.2320259370161253	0.8111588350546124	1.0006041250004367	2.18111327556041	0.03279912476292117	0.19555885486095947	0.8873445294073612	0.1976602476660081	0.4243903780341971	0.6129267421943514	0.09962755526473288	1.645893305042697	-0.27443773312596864	-0.059222664906544265	1.0070281774512695	2.0058383123268424	0.03886917554968994	-0.266570943154545	0.013026944419534559	0.8316842750467917	0.003070758479958746
2023-07-31	0.30359995140951623	0.26268631168989576	0.23475056905360203	0.16104096042377658	0.14773848207746276	-0.3235601925235785	0.1548999258226722	0.8455150336566255	0.8026969366307131	0.3102706830515203	0.6725329375964613	2.2032236650711594	0.3520363965195247	-0.24112163676760012	0.436005076872801	0.33124201580488544	-0.1703714435438105	0.9292619887767453	0.3946763375545633	0.17448711487352853	1.1059664986095565	0.613807395478049	0.10206851495974223	0.6527493117921175	0.42170618879591437	0.4455993172260828	0.3505291018531602	0.8177452135607262	1.1519331474525334	2.0104825758169937	3.843541785802131	-0.07478257981646363	0.5862963895409479	0.3964854160640937	1.7892957367407445	1.8139107021221177	0.32347009312596375	0.049912256556036705	0.3396776457103103	0.6507453190181076	0.4355265875987868	1.6770053071864015	0.7007052323444947	-0.4422413350955512	-0.17910034909918698	10.681525454930705	4.395916580269346	-0.021923555239144576	-0.9255131983486571	3.223070170025907	0.011925778640222706	0.500934869851169	0.018880576007239247	0.7956380513932615	0.3004172679859739	0.1496836809658414	0.2930670005695849	0.22159565295563666	6.599178102572362	0.7748604641535191	0.06670155800961064	0.17330695023776155	0.5449800577153239	0.22296111950555253	-1.0179992886115037	2.099713904062046	4.041693410934181	0.9702247490181101	0.7176569252771225	0.78150485992534		0.12615240706381936	1.1088282681868127	0.13297559418488358	0.10905120463278373	-0.22864809750015924	0.04600240610166839	6.06681867983546	3.1197619153048954	1.0593695286166618	1.4818455347849415	3.300938052852635	0.04479219326060256	0.6250610037303519	1.2019295561078678	0.4177874896528184	0.5422984047648303	0.8015543920804173	0.26612260329004667	2.1558334275585302	-0.18018662902530114	0.09834567007638229	1.4302969162621664	2.477284708208434	0.10961824400826403	-0.2237428793889995	0.18864094577767077	1.4740243616834579	0.4711299929843973
2023-08-31	0.30556642079106355	0.2808035489924734	0.2339024805327765	0.19206505672627316	0.1444185252547796	-0.29644744227343456	0.07183221466502587	0.9627115939398043	0.8259255370566079	0.2937289322335062	0.6508724739024359	2.107505189008176	0.29142047048931785	-0.26989384098906033	0.48783016491365583	0.274460250945739	-0.2906595390485617	0.8439864434152932	0.4180069747960337	0.15701760290725142	1.0050224791960791	0.5935378043911563	-0.01493001195304744	0.734263569683546	0.35979665026085705	0.41222775944544277	0.4244392638590837	0.7793319409940178	1.0251506472097116	2.1498165407107885	4.2652329362216275	-0.008717301988348858	0.5720014613180296	0.39177864743000873	1.808952752675177	1.9425645992749105	0.34250901676597434	-0.1075255409296213	0.2199789314577858	0.6420705145653596	0.37858440425765716	1.6254304098962815	0.6043458860394748	-0.19688333544645986	-0.1335815408315711	11.44793106753292	4.704009931868577	-0.005584305322329786	-1.3729814074915478	3.2406975913743405	0.03490829615907706	0.5479527144284597	0.02036535677826934	0.7768994219020611	0.31864142672442	0.1735383169428174	0.29207713845561245	0.3996972441544371	7.1313146977903745	0.838815141711819	0.07324578166770745	0.10739084143934008	0.5485084914967694	0.24916542816185994	-0.477671111580797	2.278789121032381	4.2383117077731605	1.1299986944832614	0.6543331613514427	0.7196030518794987		0.12873435182121318	0.9809405005472516	0.0972889170816238	0.1271048295678548	-0.1424878063368542	0.08990150627522908	6.558531150690882	3.4010406625245793	1.007819844205436	1.488470207111928	3.5891538806340737	0.05510312874905398	0.6389339762968915	1.3177764001386867	0.4009637883728332	0.5514275858321824	0.7408385573201017	0.2698146968726377	2.340802668096913	-0.10230495780736604	0.14024031292199646	1.4788651905645915	2.5609723049573665	-0.039650633211871567	-0.309255988386942	0.22044377177889474	1.7364606862329621	0.7277965746600636
2023-09-30	0.17190151586555436	0.29326992088163584	0.137422018351117	0.16433651127739668	0.0925203748669885	-0.201062815500042	-0.39981718037097025	0.9222772276160383	0.6713809074860957	0.2128009727893585	0.5334888840793817	1.5583826002017276	0.11643407394326788	-0.3007739803018561	0.4404637822864538	0.10696083818227942	-0.4350252948215254	0.6214294448891481	0.3890567169778858	-0.003762681055486272	0.7497160490506024	0.4830866221172434	-0.2162760680828622	0.40072767841986456	0.26635740808014463	0.30793573868104984	0.4722251916282675	0.6348977774718763	0.24706122189074753	1.5071709992762878	3.7566537340078914	0.06812508593730993	0.4405503953498783	0.19569693295752016	1.4759627441262537	1.8193559062602338	0.24626458835408105	-0.3970361149044659	-0.04939969287800283	0.42779332570637374	0.26203863731579347	1.2342366409578969	0.31521926182761584	0.0774232591986459	-0.09030560144414901	10.185613972168266	4.187958639177402	-0.0716056198289946	-1.8094928415294103	2.6223826715973346	-0.013074513382699438	0.4885136717843649	-0.0032503737210800576	0.5899629416086007	0.3319194714526654	0.18098425744478275	0.1439172116705878	0.45318689947688884	5.794252503513441	0.682177124961481	-0.023670838806061134	-0.30015381551692144	0.5070893959777669	0.2289944757750395	0.22844834022770844	1.6266906101234038	3.3137514455353525	0.6914520033529575	0.4858947720060577	0.5465429822642047		0.07963462947326261	0.6951524003274838	-0.1359247069949472	0.1316007458928704	-0.3907783170069776	0.03986082325580753	5.333267206758489	3.239062882162364	0.8138733445220172	1.1761604653925	2.9447596257678827	0.05348865461130074	0.31846340321596456	1.1594894909551754	0.32516627041799673	0.4355334693252555	0.5639800214739684	0.13673466553596653	2.2494674818855174	-0.01844838066997756	0.10034117577050683	1.0277842733670701	2.119870700084419	-0.3477578782837507	-0.4538861411826742	-0.021552759660205645	1.543797049817763	0.7497962118675692
2023-10-31	0.01786673565890018	0.3025829555643167	0.026235760286311915	0.14421150109089842	0.04790095323105792	-0.14364741165611083	-0.9019237019996424	0.7079753983672865	0.5129101895061012	0.15200617600117888	0.3503756955033903	0.8746311820024653	0.16776412064525092	-0.42504493475175953	0.35580127027546116	0.15684736903138896	-0.595072516313903	0.34336892315152134	0.3063922737578926	-0.17747222274372998	0.44224271535149273	0.31027986835250254	-0.40220459137085496	-0.14459581986781522	0.1459752536272373	0.20419904930889787	0.42212376295356546	0.43988665237142643	-0.03382293031908068	0.328657381601003	3.164695125066527	-0.009675995254191161	0.22144026184429688	-0.13248118991993807	1.1876198562189109	1.6044881719432902	0.13778075194865158	-0.5338752567310561	-0.2667683933546852	0.16723819388907835	0.12192586137381634	0.695292903891727	-0.03475327635602998	0.13643625690281436	-0.07701066629458675	8.433462495035165	3.466856350596759	-0.15868406374312183	-2.5049252083179496	1.6423591455479016	-0.09526663514233599	0.4108731212073626	-0.022964489623359174	0.30895858581600066	0.34135811312829745	0.19632023407992166	0.08262213928487722	0.39808170355957406	4.081487618518423	0.4824087431876112	-0.10669705023247422	-0.7421539482199933	0.3841544653897033	0.19140551063486877	0.2581078679310682	0.4947630586903644	1.720457636466989	-0.08054957436746074	0.27329181225055266	0.32041367528643017		0.02796293690249274	0.37821344985588645	-0.3883601367238425	0.1420597846478377	-0.6540428849295505	-0.057054197067043066	3.7613771997553247	2.935642334204652	0.5456808158591302	0.6493048385345115	2.0556672491518806	0.06156679306888066	-0.1335084631386798	0.9585028675426555	0.19933804050475734	0.31184463986084987	0.3272661202509952	-0.03165101211643129	2.0549821889065303	-0.1477160728212632	0.026085502421137385	0.49237128728048707	1.7262159145098388	-0.5907894489070766	-0.5019568352694527	-0.4390717558670496	1.0894878872900513	0.4657534432508843
2023-11-30	0.18402078475010164	0.31075400407648734	0.14904316421561825	0.22466306969196637	0.10426621569253669	-0.1889315455586451	-0.5890513208399675	0.83016693448058	0.6883924675858113	0.17902357084994863	0.507705246357866	1.056534436755571	0.2493819215298677	-0.4062363297069562	0.4818652477535331	0.23471557737749393	-0.5837993688643999	0.4321640053675637	0.4220209561649703	-0.01634916347838855	0.5317251199983181	0.42001997795283086	-0.2735248075779575	-0.0144139734633979	0.23046710646624347	0.276013249419157	0.5505636910948377	0.48794885727873427	0.3935673886049318	0.5641725595439073	3.666371655493058	-0.06996772758759251	0.47898749371811683	-0.06258071864308073	1.4271977081862377	1.7393965554367203	0.1801238503812993	-0.38460157854755017	-0.24480202182249727	0.44643577489442965	0.11307453827308134	0.7506232429852169	0.15583476282820202	0.040315389316824435	-0.08697740321475578	9.29316235579492	3.8192905643201716	-0.07421354019553927	-2.7905139489639446	1.7637798075196676	-0.06109851898682618	0.4679375930543896	0.010368999760910658	0.41281044943043543	0.34806399239249963	0.24860960689048994	0.17516183816774283	0.6923256772596045	5.13591878619402	0.6067225959532087	0.03165346677038405	-0.4438733605524705	0.4486416438588129	0.24423173253896358	-0.07710227535301772	0.7962174739767174	1.9612166794818915	0.23011448595259976	0.3470536120880106	0.41053402685826546		0.1054692671488815	0.48027108399286506	-0.2172073568745434	0.17848702341400702	-0.25619533458379795	0.10327020495651862	4.734492765739295	3.174036394376328	0.6278621749032667	0.866432975841593	2.5961782864563583	0.09103157709000402	0.10849957140757338	1.1149586725519782	0.28053042180267873	0.4279896539494692	0.4186862070852374	0.053063000544485706	2.1650769785999233	-0.2702199671461947	0.19912196795714987	0.6477371815156938	2.038767835727926	-0.5583143719571488	-0.41844026282113245	-0.2777672382338001	1.2880661193625458	0.6847937097803609
2023-12-31	0.5036445701583023	0.31507885157735804	0.37955917422585705	0.3607124111396409	0.20992754775531086	-0.25636484341257215	0.22768691737246982	0.998838549968667	1.000212491481646	0.22739328489818653	0.7807277190419775	1.639009504596755	0.31450387526739454	-0.3021732821334123	0.6726034261839238	0.2961489042776301	-0.44704969467151057	0.6682400434585669	0.5557996720743597	0.31501736963426197	0.7829190626639654	0.5958184831079829	-0.07136419632992175	0.8336206532285759	0.36995829439320604	0.37910741037197715	0.7835554475438706	0.6889130337858289	1.0650435087532597	2.0825748127498533	4.212254733119942	-0.12847941357704284	0.8731078823475924	0.1986482395912012	1.6747418307999136	1.9108036086452334	0.24583916435508935	-0.1845833569552588	-0.12237567056560844	0.9194562275378	0.07987331094684524	1.1182670786719342	0.5971497802682585	-0.12212297543348383	-0.11888966498802411	10.704889598983641	4.400968695888447	0.11076679156025548	-2.4812555593678294	2.270111184175186	0.04952897544315968	0.5347302745443464	0.07168175655850217	0.7188736971326457	0.35102263932564237	0.3236645286173428	0.1355101765768697	1.095080248420346	6.789181172116396	0.8004923608397978	0.2852083072446745	0.2861200599293765	0.5884458124897031	0.3280996959778746	-0.5345511446553397	2.1997834471913333	3.6013116383749875	1.3881386201462549	0.5284325824379148	0.607625120470357		0.24707623142258894	0.7133332792867271	0.2066224378755832	0.23276887697220996	0.4739009771606981	0.4062203216266562	6.256313773654771	3.5933060326423725	0.8912285172384282	1.3760957351700451	3.538315745689392	0.1337543009537375	0.6724190271231092	1.2943903109353982	0.4082474464206016	0.654593801968089	0.627731296369473	0.21284919531562602	2.333213824399976	-0.361846452208753	0.41688167390811587	1.1575136683295222	2.353162594420418	-0.4055975296021501	-0.3114091961629442	0.17237656926327505	1.6854934318335089	1.2410887062801146
2024-01-31	0.6898967055110479	0.3161050968543835	0.5127182171114071	0.41858732179765357	0.23227938284087002	-0.2551779450648034	0.6306088104466578	0.9930267646015977	1.1054435150386084	0.22749351314708013	0.8406827534387735	1.8582111939993164	0.294956600396196	-0.37935986077170225	0.7673411839442832	0.2776538737318054	-0.4365715813138644	0.757926389199076	0.6663854067202795	0.5373361955509948	0.8739592584975022	0.5629914950698545	-0.04221118060740825	1.0764830267648997	0.36076022383270945	0.48860598740449	0.9597343166515901	0.7911521654340549	1.1557936790263938	2.49083118569921	4.6408889939747215	-0.20117681627237083	1.1347357052671974	0.4789055664498226	1.8399256786483562	2.1138705728877496	0.3170447756209338	-0.17433932100111116	-0.03866938657782143	1.1694549449060845	-0.16613188020889869	1.179368785917609	0.5432675029502815	-0.12188241202769601	-0.12241793523295796	11.46974151701006	4.716035665076534	0.16825314063456187	-2.965001405210198	2.1960965557099774	0.11731162117616528	0.5821113983472617	0.11545246616231658	0.7976292469256996	0.3508356841628544	0.37176443917301194	0.04540560942836941	1.5228682400773899	7.900989707043296	0.9323841825131698	0.4693592778162168	0.6737630346757237	0.6071532680752063	0.3729099869800153	-0.5481935827895663	2.6388364789474146	4.091411987718921	1.7687610971267227	0.5858768592051997	0.6490727838127364		0.34257093470879996	0.7748832571331927	0.4393463071866419	0.2686073569224401	0.6782705667610363	0.4832824004636289	7.281341709911752	4.00157766608629	0.9812156552320206	1.4370516473668586	4.102494818507845	0.16653751101330083	1.0500369684077415	1.4111037586638644	0.39061435459660077	0.7336625690268239	0.6728681021770835	0.19749444946396494	2.533426793221679	-0.4429870919932233	0.6064224472273401	1.329451984751444	2.567546275231365	-0.24456501898407867	-0.2839520898592435	0.6786318906594009	1.614728019728911	1.74411397925965
2024-02-29	0.7059818043300328	0.3152998742624141	0.5261135526770955	0.42494258318637446	0.22884874072569927	-0.19184098437003627	0.8183555646575424	1.0287088562849271	1.1708242637744264	0.21433610304288692	0.9497410236098204	2.3580942406406105	0.2718323583948107	-0.41194219221166184	0.8030664895504979	0.2540701778457314	-0.3904292133605074	0.8722745968557248	0.8134333909040086	0.5587581818608123	0.9989418831484915	0.6394206272086669	-0.008015857420370864	1.3891585575092638	0.3418516141564423	0.6455842435639736	1.1009193111359414	0.9406593877423565	1.450826405339301	3.333492868009957	5.402207396690933	-0.2204037880253722	1.4173490147397223	0.7553069181757546	2.0555200644612	2.386824997263558	0.40462433784313556	-0.19218268682489378	0.035121757872026205	1.1715326696672879	-0.12931399979892477	1.3530582626726573	0.5911071112459658	-0.0866536524873378	-0.1359016240345495	12.680080326835522	5.214314092362862	0.20530092081527318	-2.734544406443975	2.7619835857084407	0.17926736346820582	0.6718720132094599	0.12467748946202695	0.876719007480868	0.34845647612255126	0.3662954349652228	-0.027667697639789657	2.206925874506001	9.686586397430279	1.141108832220756	0.5126575177431902	0.8274092007329568	0.6724264764562161	0.3873210722061482	-0.3984880993634201	3.5343571592231715	5.448382120155367	2.3383552318428045	0.6689226534602138	0.748357673691773		0.3420720071678691	0.8598322865917187	0.521745259592401	0.2633521128669676	0.8928958563915845	0.502744061771085	8.917242084637593	4.435088741640095	1.1503315362198012	1.5268535238104177	5.011404445031083	0.17189443810488986	1.5128223674636523	1.6443535303813643	0.4520491468081449	0.7699905019158717	0.7684927474410866	0.3360552933417902	2.7535436028886178	-0.41968718042727415	0.7926698780134546	1.8443648574787517	2.83082169367201	-0.04826561951663488	-0.23264609700589364	1.2188048311981767	1.9171756273518976	2.816514328834465
2024-03-31	0.7473593452721472	0.3109890703610909	0.5553758733022902	0.444280553452321	0.2286935008771911	-0.0625801009508572	1.02108594153737	1.035244910497708	1.2648001061490437	0.1870814095197271	1.0786963145847914	2.858043501405654	0.4582951041711114	-0.256253084880814	0.8312925902966147	0.4321705535488247	-0.32530675685748367	1.0299513418758692	1.009836681475877	0.6073679068122164	1.1650574581664457	0.741319666030235	0.1283340673365193	1.735435842965184	0.3221318687901822	0.8267173293679546	1.1570384937465366	1.0835104032131078	1.7981356730553797	4.16457793435193	5.751698649196106	-0.040206360247970085	1.7609205689761283	1.0173821808983288	2.1511212410728895	2.598918674718628	0.49107623840201065	-0.0032211961393223687	0.15531444310261083	1.229282362810217	-0.020474613269641395	1.5671106805252943	0.893177020472721	0.07022338680494977	-0.10347806766361642	13.04355928718395	5.366819695242253	0.2600389038768902	-2.448605366903559	3.099875717205059	0.2766371684124236	0.7180439851085489	0.13851420825519678	1.0169007656685858	0.34253605161571943	0.3612559247574032	0.054226452031902905	2.7139286826635063	11.24831892038177	1.3250428357396093	0.570044743615572	0.9898548507392082	0.6975240964992847	0.4003145645532154	0.03364689734953474	4.521666907630727	6.5582902079173175	3.181234788790249	0.7905762278993277	0.8863166771713011		0.3495281133813516	1.0094567776347392	0.6168177838833584	0.25758392313043643	1.101186037515602	0.618198975242708	10.349132871027928	4.729545593046982	1.3387256452726084	1.739561937890859	5.801172319746211	0.18080168590903772	2.183030346615598	1.7477040737706644	0.5233890635342746	0.8294403041813619	0.9030156504670228	0.5725739448839564	2.909055743599417	-0.146478824982597	0.9872357114053376	2.3731597246484393	2.863909899788668	0.21581262652334143	-0.06716247522507196	1.6883713120856267	2.008973367315834	3.8517882352409343
2024-04-30	0.6100724829202044	0.30523880454006935	0.4554007238044686	0.3985709941317834	0.17627067281488784	0.088269960761994	0.7798156318813252	1.0202110245531786	1.1507653488316616	0.1309689920665701	1.0381870840346625	2.695774778646541	0.6274577803538341	-0.1329893501774475	0.747902422622515	0.5942589767704212	-0.30137841756076456	0.9414377506886729	0.9466654944781214	0.45781254812500416	1.0622413056722746	0.7800388478506639	0.18632464249906355	1.4909711806302277	0.22287887294298114	0.8027277147863479	1.1751696114975996	0.9439600593095036	1.7542313996760717	3.600827167039885	5.1353206600363865	0.06276683631870794	1.6938354599234993	0.8845070839249087	1.803130106601364	2.453760047158502	0.42636827233099694	0.13595609136395348	0.16133923892474478	1.021677993083364	0.21267528679384817	1.3182949990433643	0.8660860533442252	0.15760074199299234	-0.0660773867941021	11.252115104287768	4.630308287170905	0.1952511460400137	-2.089010268906362	2.6547503337142584	0.2501180731971736	0.6462263056625245	0.11896562445462983	0.9364141739530152	0.33517993970713933	0.31882051998016026	0.18288578581593345	2.6021600516589833	10.22817410068531	1.2058136941008346	0.4862576014569102	0.7564988088471543	0.7303805609755998	0.36411996720541906	0.2550357209101155	3.9946114394205514	5.767754855650339	2.825862484206823	0.7212238043689738	0.8385172249829281		0.2753121320405213	0.9421277574572459	0.4817964264971315	0.2280798052724748	0.798326336820502	0.5878590223430269	9.417097756117773	4.360685602570439	1.1731787089994252	1.6650892477728496	5.254905693148461	0.17178140023962024	2.073987301139484	1.560347487326312	0.5727201076052836	0.7577012816649196	0.857047677419283	0.5552558813210511	2.6180226178894657	-0.02162926822560607	0.9477346270004299	2.2742670330916166	2.3159779182533624	0.31012742652640957	0.07319926275372342	1.4223779226934012	1.7046487852699912	3.902547273763721
2024-05-31	0.5987305101515878	0.2996171767580804	0.4484600133939771	0.3613786023049634	0.16046147656138376	0.15716223810700214	0.8191375866204851	1.0003085279300548	1.1569801781058855	0.11898202569468	0.988971272816356	2.7133432574648078	0.7359120910093093	0.013516838970683898	0.7235102199394066	0.6981695380691422	-0.15073832305923118	1.024387432498152	0.9332106579660855	0.45776081792310963	1.1491904253004244	0.8283913670509906	0.393274165464934	1.5836086060588987	0.12010217237793452	0.8485351678331693	1.1595257324050618	0.9189602363484368	1.9818338255063956	3.691607127326918	5.223793404477045	0.12283336644158549	1.8036387686621258	0.9096723492858414	1.829699893868808	2.519778473141234	0.4167160022358929	0.49326159706307243	0.26060331336092724	0.9893381482558246	0.4995219885094473	1.1416365409602385	0.9679518399273368	0.12579212312711419	-0.04382311612916229	11.046808063910916	4.573222856692825	0.20661678605528588	-1.6288768942136347	2.2990043939329188	0.24810059106540794	0.6459503158210491	0.12980760371793448	1.0442538551322715	0.32884863374826545	0.30924637662145316	0.4874959442184231	2.7258579741099758	10.501100452251162	1.2362875060093543	0.5319462454465316	0.7800017196790794	0.8335573612038241	0.3533848110796787	0.12729192447776594	3.9736708567467414	5.546689288221888	2.887964685781298	0.7702757663557054	0.8970578195214829		0.2692347884958076	1.0906468606658133	0.497576507274486	0.22149449479342365	0.7972855241943253	0.6168553593108086	9.658550831462904	4.411903488394407	1.1178304168485929	1.8527242893937528	5.319055777933661	0.18304820878336436	2.1462556433846895	1.5676059209936004	0.6349463828131707	0.7620518514679402	0.9227763207403782	0.5964823201552565	2.6264853605509417	0.020574953549790997	0.9482436259072194	2.1788673296318946	2.2411409115623275	0.4536229093810811	0.3355060954082475	1.3651578803083346	1.433472106696987	4.072063455204811
2024-06-30	0.6231486997692552	0.2907237965284515	0.4670340685080254	0.3403429162401863	0.13721648229332284	0.22547791525094563	0.977135740694087	0.9951253572857828	1.0970504437955717	0.0863923976188736	1.07414651747922	2.3345860477490135	0.7498132972238394	-0.01880232542079363	0.687511669619744	0.7107134183689743	-0.13131262675528288	0.9292068648841394	0.8740995044413804	0.5205991686365286	1.0449755385598503	0.9091658411327219	0.3991621745443381	1.3973165605739692	-0.05418334971011163	0.8131781471067282	1.2545777262742637	0.8356418698193896	1.744250265040793	3.422718362250782	5.853862073638625	0.06808900902159021	1.6842686272660674	0.9572315710167456	2.137405337053833	2.5847290692682607	0.3877529394632051	0.49500135778875254	0.2384328201749405	0.9702992676893238	0.5968745099481492	0.9410737349113472	0.7483762840413868	0.1881505190712982	-0.029190420429483277	12.01282721052429	4.957839791429377	0.22149093594770813	-1.7318979278712394	2.0213562700413266	0.23058154805451542	0.7063801863995471	0.1439449734436854	0.9463919981914128	0.31834493645753836	0.3119934542166512	0.5726027509582079	3.0182546772055936	11.125722580464725	1.3093094345593723	0.5936671037140382	0.9100967752096398	0.8755326599983966	0.3341676013040089	0.31872575207251463	3.528145617317345	5.166740296922937	2.480257640437025	0.7048896276995176	0.8621634458743679		0.2920000084974954	0.9936634926791776	0.5699856288080403	0.22390734087071973	0.8638375361372621	0.5522192846655152	10.235534846297753	4.48870748064906	1.0291786982481896	1.792236803493021	5.514397480444941	0.19328375283683608	2.0548280877643137	1.7236341320171222	0.696869943140463	0.7211094839184305	0.8829370764624991	0.497355012754954	2.6443724482957327	-0.020763774315355032	0.8704202236285442	1.8874618789065227	2.542648673844532	0.49865065456573276	0.36245072747807283	1.3928500569983182	1.3962710025195673	3.897394895754597
2024-07-31	0.7544365981599377	0.2824102167222786	0.5617662464842493	0.3719942926410431	0.17271729677756642	0.18694041296350916	1.2657248307304645	0.9416532153759218	1.1410197147662113	0.09176415138057673	1.1300279151868031	2.276087217660961	0.8628332910303083	0.0004227782037217187	0.7250717373400097	0.8187899450618934	-0.04738510989008882	0.9357198133650935	0.8281545732602056	0.7110245127639976	1.0407686615628593	0.9417981391431933	0.5060690123229972	1.9205356419764028	-0.16930235389630477	0.7937886734889068	1.339573796053168	0.8733174186105365	2.155698114839927	4.3845034899138495	5.578660906266009	0.04448988960160083	1.80810087844907	1.1077956131154993	2.0490261148706033	2.3782880251168854	0.39637592509329256	0.7102610183663962	0.31357263877726893	1.0842263132733563	0.6182577074149709	1.0252521399476606	0.7163637576427861	0.14010993007892547	-0.04648215698823199	11.2908914876839	4.648966024490152	0.30939046519093427	-1.6577491654742644	1.8679681170986124	0.2980261455121954	0.6821683918060539	0.17517462533676664	1.0285790448605472	0.30800264177677494	0.3520626229398346	0.5788184474882487	2.9194235695568214	11.169166914024458	1.310512504210827	0.7220214099928726	1.1957534462171244	0.8452408595235379	0.3469250463495617	0.27697959001359695	3.992363105106036	5.386420143803046	3.022549061696708	0.7089497936146889	0.8783722662342842		0.3772264181793158	0.9680589585550607	0.7355707538086786	0.2527568757465438	1.2668179986597303	0.6139011432629928	10.259613261863386	4.176991587721015	1.059656381471315	1.8870789912502874	5.587114658726692	0.21278779915634977	2.3084355448067235	1.6400658517686204	0.7347818266738273	0.7480350979072097	0.9007714970863748	0.5167185529245406	2.5065231361291858	-0.011967934750833464	0.9304142273386515	1.9305908817100903	2.3068582120428056	0.565734936536475	0.4985330808373074	1.5471078971670904	1.4506983664439972	3.904125396476066
2024-08-31	0.8919562019038012	0.2749387012611313	0.6615183930900194	0.38879900781208376	0.23392192455756056	0.09618465968141865	1.572565106201127	0.8862547175417546	1.228165131857971	0.12851916898072188	1.1269621317010108	2.329776078630836	0.9369140234669051	-0.005897150928932615	0.7721198051182743	0.8905062319575383	0.029976823753874005	1.0148551292023313	0.789192414121179	0.887138579490806	1.1131801268054131	0.9470176943565534	0.6761270771198336	2.0251720862236446	-0.17796654602065476	0.7711652784785927	1.3258567460038604	0.9325372159602208	2.53182851895372	4.515693856614833	5.2835744572380925	-0.007127188364443704	1.978767762312943	1.4616558383032952	1.8853426290467237	2.238199053463118	0.454744066807266	0.9932715269443695	0.5302025120999381	1.228860261638722	0.6479166748034189	1.24201408877596	0.7281065072136164	-0.024455014047404244	-0.07160464547959908	10.35838427495478	4.268512751803918	0.432462571309592	-1.5527381180046511	1.8584940461212565	0.3582052689862274	0.6477684413645866	0.20016100233577358	1.1012718927371377	0.299120281310997	0.39939673150897304	0.5428761988115833	2.8695187806992246	11.211138680724979	1.315843832873179	0.8261840310524088	1.484899953126046	0.8117795226579365	0.364249461223466	-0.008279735502025432	4.04375200469268	5.244492556233066	3.1677412194747827	0.754107567927738	0.9273621540123749		0.4576417788179501	1.032973442871155	0.9011610170536462	0.2849830004538847	1.7434793432584896	0.7472306207657653	10.304389169910714	3.9152944050782557	1.0878686422932797	1.9567821237613738	5.613024375255248	0.22642504188536716	2.5918053354489157	1.5644655859253778	0.7479618701927928	0.8126035428705709	0.9463675785871772	0.5564566569060188	2.359557603774178	-0.09100344676003713	1.0326576756206747	2.0287010132681997	2.0235439966691224	0.8458072113512705	0.660324139745426	1.9957897528657975	1.3854119677150574	3.5660311424463007
2024-09-30	1.017818469730928	0.26575499011266546	0.7526942972071532	0.4161255921114515	0.2989655297121606	0.047030518405627664	1.8614378001673018	0.9039518380011669	1.324455528782659	0.1869658632209324	1.0851467402552237	2.4307343385141786	1.077572408487356	0.037099078690339016	0.8286228626436425	1.0255410865672845	0.11519049772111911	1.0457744080729299	0.6692061911401233	1.0461382234278833	1.1349329413077007	1.0788435784069974	0.8657222946593977	2.0306088790862162	-0.18546221225880033	0.7145247047378529	1.2802781068257865	1.0012157809331288	2.7109548646048687	4.441949298074021	5.089746105586336	-0.14956321907805048	2.0137198284141173	1.3949997870172366	1.7127132090944128	2.2967887665827202	0.5106761253551955	1.3342776123458524	0.6763681752093116	1.3905113923033297	1.2134329297074373	1.3779677050190458	0.9447029853317352	-0.24671370935846504	-0.07958536447489288	9.77884067695134	4.027039908030821	0.5402806651347868	-0.9291134136967809	2.4147613911826324	0.3864553442936387	0.6215399971376283	0.2309220279889713	1.1909149453828487	0.2881849486687704	0.4424945745700151	0.615173990851269	2.7339549161590417	11.160387312885966	1.3135398524297512	0.9533504630834292	1.7538790598772156	0.8884913995499519	0.38331524662079086	-0.4962895606965132	4.101716661371656	5.269494365973694	3.237877069816185	0.7660119550983877	0.9935219119767651		0.5275536329220691	1.0215877771753483	1.0593345619786252	0.31474060144546473	2.142980588492029	0.9370296261218153	10.284390677109037	3.9378961271077166	1.1030924814077192	2.0990184877117506	5.585720463681842	0.24859570647886076	2.739529235263505	1.5004182256926253	0.9142875998916766	0.8856012227403725	1.0142467909105495	0.6175495966308833	2.3225539523768814	-0.2453049158446472	1.0145112683286173	2.20228018685187	1.856260512892712	1.0184047209506608	0.8742660837787717	1.9757774122968677	1.68482166405987	3.239417474672514
2024-10-31	0.8991809044049333	0.25399397716920236	0.6660903702859373	0.3902746966694359	0.26059535801860634	-0.06171985831809046	1.6795240403689435	0.7117204936909589	1.1825817990627414	0.14934282990852135	0.857875118809839	2.065530426332481	1.2322617144531307	-0.03239701296449782	0.7667347699744833	1.172977515529059	0.07744002883723322	0.7806513013829997	0.47201569160771717	0.9091098022109763	0.8155654473887051	0.9954349122439407	0.8878503712047734	1.7210671642974034	-0.26590949622164306	0.5335687552060833	0.9278171138368889	0.7519936524426716	2.2865300687914516	3.9404808831706637	4.490823187176925	-0.2556374911712256	1.9157819058732395	0.9567797641164666	1.348388172760413	2.18568031210484	0.4795753308608359	1.345679881830945	0.5392548890998623	1.2163524016412155	1.4288159976431247	1.1852559679063344	0.6681511847579298	-0.32541008262819426	-0.06916971893227539	8.374275504147626	3.447643315888426	0.5111062731856146	-0.36309257114458404	2.231563332889876	0.3806470392259669	0.5510653867088908	0.2103590556134894	0.9295342449302594	0.2751596456340728	0.4113918362314809	0.7080028193848427	2.465303271373334	9.973059589368127	1.174320004919743	0.8684006891586289	1.5685999329791303	0.754087525799704	0.35205100174562876	-0.6009280368356622	3.775455621918697	4.9561228638128405	2.9325946802161456	0.5576430710062106	0.7979874856619129		0.4617380367766867	0.7052503460354616	0.9424558348228418	0.2936805042915922	2.092541931144563	0.8272130969719702	9.189684189671588	3.890394795727943	0.7852615537561789	1.7176435590341992	5.02983571453956	0.232110435132854	2.479855651142942	1.3398859359838227	0.8915960280527805	0.7926210058448612	0.8172895420451325	0.51813452780203	2.2449131547192698	-0.332373220096041	1.0071400334037026	2.035234704044891	1.4714444438966279	0.8820446192275124	0.9306682394075613	1.3776974666841078	1.6561994890114775	2.85881120974115
2024-11-30	0.8459122074383947	0.23943504279312755	0.6256186715459717	0.4012030968891276	0.23087856662614653	-0.11654224307604433	1.6431182541579776	0.4914495154810119	1.1216492213126537	0.10998169834764868	0.5896442060844795	2.0629748887270534	1.1327481097807661	-0.09571297458652128	0.7497868544984096	1.0797448399496172	0.01888137139720314	0.5788051123776059	0.39369724107574555	0.8444257136856541	0.5439318284412806	0.8081088058770294	0.9618398206292593	2.1931459165577345	-0.3941882287972711	0.40745425264564683	0.6318983720592151	0.6440638896057524	2.532068368517855	4.890655082520628	4.542015257486682	-0.2253380675182921	2.132314822738687	0.5521620211841007	1.1938387873428749	2.1488947980757214	0.5549690511599659	1.3643647323079264	0.5036404787093178	1.1603645515221832	1.393763988793976	1.2194840149290185	0.35272450307273706	-0.4032911265494181	-0.07405884043416744	8.409441090269027	3.4613229718361005	0.5138101135445399	0.07012852556687221	2.709176271595685	0.4269574776905307	0.580292195309291	0.1949124962656598	0.743586320403085	0.26009177793463034	0.37953367027747076	0.5972601309524019	2.487887632688425	10.5474848434269	1.2431421640594067	0.8060191965341876	1.5236062023143555	0.5898903347468485	0.34188396795215104	-0.7538979152323759	4.858500338149543	6.669403518825393	3.588868436048351	0.3960411860923039	0.605369925678104		0.4230065678581977	0.37699201100449375	0.9090417178526233	0.27150973928918243	2.1884449159880406	0.7070897742666005	9.686963255324592	4.060322110728578	0.6068441157006588	1.385114125508322	5.466392275895668	0.21772440388120995	2.714186120375075	1.4111541471282116	0.7664943009748009	0.7534490845650426	0.6284823697766238	0.45673897488944437	2.4348996793531104	-0.18732326380579956	1.2337071417042536	2.390216735559779	1.4406023091922382	0.918890747087822	1.000489125257495	0.9197304608702748	2.32627275156471	3.2816927212816953
2024-12-31	0.6706208989168367	0.22517207554929675	0.49549418976404797	0.3625338508863031	0.1587869190447584	-0.16257767390151	1.2095902656940511	0.2302716793401114	0.8987704043870752	0.047701819473624035	0.2946984771310217	1.3124093050841896	0.9390812322988684	-0.3087735504105146	0.6506231536854781	0.8923368030594858	-0.06139448331500286	0.268644535692673	0.20002891361978348	0.642155875311859	0.18783205084693577	0.5847352664027734	0.7894585805362688	1.7141061143069534	-0.5433626115764429	0.21722829999111815	0.27656667308211524	0.40459813839724923	1.8585323474631874	3.91711403553459	4.467090527715651	-0.4067319406349199	1.8331185361904954	-0.1211481680825175	1.0512442202016734	1.9919682955395537	0.4170431345555534	0.9732187973571111	0.2592394525574686	0.8920125425760981	1.344388577423636	0.8556545646621618	-0.3362007256322719	-0.3527441315426634	-0.0635281375671041	7.836528627406565	3.2247322084063192	0.3728671092321203	0.07251315296368865	2.923511444365502	0.3092351073272044	0.5584884813946647	0.15175876823276274	0.4611134873043532	0.24377277392788743	0.34581749568668807	0.3825120480470976	2.2064230000674776	9.152430375313088	1.0789227806298465	0.6163776534316701	1.10669486107878	0.4444636239924369	0.29369202221583735	-0.5821699656254884	4.012575291198404	6.007604529228663	2.701551668772133	0.15312084640083823	0.34331721562677964		0.33856960360846167	0.019820266355137672	0.6725376453803902	0.24723842773041982	1.642981521286365	0.4975046062248577	8.41163089786177	3.8894052057693784	0.26060187806993307	0.8939538388142281	4.748195637048738	0.18905207795595236	1.9367342959940732	1.363835931733976	0.6142076051615522	0.6010504631155482	0.3548712840673005	0.06516702565147403	2.297368949284829	-0.38711322166684425	1.1176878207279421	1.698189700990227	1.2413476496447462	0.6299929182225523	0.7824561008231341	-0.03019734605562263	2.6741468097272967	2.561873826946403
2025-01-31	0.5556529609746912	0.20852362941393587	0.41369756208198616	0.3238763110962867	0.11061266746571391	-0.16986001704832798	0.921362708971575	-0.05974849119405867	0.7901941856193015	0.03024553986000525	0.13959262017918972	1.1101516464177301	0.9624468824020145	-0.33544991774948063	0.6009549378069252	0.9153444647947366	-0.0959171911076897	0.2130978555799916	0.1683502201312943	0.5241728140252703	0.13185387429617768	0.45419886780028906	0.680668635041473	1.4932169020250816	-0.49221805454046574	0.18092047163820935	-0.09184681558357388	0.28082149988752714	1.9681121550947562	3.3917518816620102	4.224689136692071	-0.46473121653702965	1.875948299941557	-0.22407518446362173	0.7792489647156504	2.1869722124289437	0.3689266920342087	0.7496720977606444	0.13846967700686919	0.7120829034114202	1.3551567917106748	0.7136856711789292	-0.5366525453524145	-0.2879469394396259	-0.0345637776738186	7.448311066202415	3.063062507080822	0.2844134081009278	0.26869678855786816	3.3525314370790174	0.24083647436251576	0.5342678886126064	0.1358035572376671	0.36282333833443137	0.22522589004163396	0.31820908183811947	0.35355364764007513	2.162932278332905	8.464672012890425	0.998154220414472	0.5533620990030843	0.8528142244912953	0.2941784622559138	0.2686503980988513	-0.3084156182455269	3.7764294227007227	5.961620788125167	2.36449847162309	0.10730952637047109	0.26460944434263367		0.28791443272284534	0.016032616710456526	0.5290574238955821	0.22765892583282465	1.2940916849765862	0.3779706718552686	7.7851021615130875	4.220538974497423	0.11144470386769756	0.5589766675250201	4.450648846244498	0.18276823212612725	1.7257175133849518	1.3056971988486303	0.5019037677022302	0.5258284278492054	0.27039471485282407	-0.05587014113688893	2.3879532928374356	-0.45696367976931374	1.159333462269084	1.5126904363080254	0.9162699816228219	0.41595182836912015	0.6595035011421042	-0.09411832495021066	2.963927566702596	2.3378119082297584
2025-02-28	0.5832285452181118	0.18940591333777368	0.432838760668887	0.30529572110171577	0.09684920802290087	-0.20690529432071902	1.0498489269671634	-0.31379262390937157	0.781639979626586	0.02868314541571007	-0.09296159274102012	0.8523097224030352	0.9633491399529488	-0.34475307683585055	0.5664585502349437	0.9163345296010514	-0.1153571436388161	0.23583243154513056	0.1937139807112258	0.5853223020967846	0.17584863500220083	0.36798640413537287	0.5769117625698774	0.8269319393319616	-0.47397410930006456	0.1836077787548216	-0.5280717889627979	0.1798002818511666	1.734706651521444	2.0795663143766943	3.1887303384317676	-0.4327964470500869	1.9136545757992298	-0.19481586033711507	0.4304339308718914	2.068429194364912	0.3417251211929173	0.6430228559111808	0.22884049607170742	0.7089369248792247	1.6244773944247854	0.3060630262317705	-0.6081793396215325	-0.2982591577824434	-0.012072087543343123	5.5858504133330555	2.300401280174224	0.2521357915160762	0.42503604277825424	3.1941136943852095	0.21837701561611755	0.397704322755168	0.15164125544638574	0.29368384116462065	0.20420199053887034	0.312799703531243	0.28987073974934563	1.9342658958319596	6.773682578915874	0.7983994417509344	0.623622361902417	0.9822802039693657	0.13760423821372547	0.25181057829444065	-0.32067920218572166	2.5919600375063343	4.385159968939268	1.4807479238510801	0.12671045024350125	0.2596231971973577		0.30724576071750853	0.1532725219385287	0.6004366198395434	0.2234275067882756	1.1959949622763766	0.29835232165671854	6.2353260290881	3.749011040677731	0.021146669292233078	0.30819003282473734	3.5201459474614296	0.19696907365642868	1.5095557550218945	1.0241762027416685	0.4175480854783693	0.5201050520683848	0.25557780317947465	-0.14542939884954897	2.2395629810535507	-0.3988841803746235	1.1438746916507245	1.113216264385997	0.41448038749619265	0.4864327933183086	0.5752581845652738	-0.04763114115493927	2.4398561144077133	1.4517713959852614
2025-03-31	0.566072644434501	0.16954713629394957	0.4208845571174725	0.23846977893153498	0.10056814744236109	-0.24896817875470223	1.017650186536291	-0.4765629375466347	0.6600331936566786	0.04259831779884665	-0.21705151428843728	0.4160316588241475	1.2217064056127436	-0.26190192937082785	0.44703651432736446	1.1623982333745624	-0.08844173387637255	0.22095906161568735	0.20492308614346566	0.6184036324912086	0.18721331652621176	0.31815457269271996	0.5364618828509311	-0.10110899275739094	-0.37343268003970026	0.15421592438095977	-0.5825914460813468	0.08765253251779237	1.3169312409273815	0.1575899882277687	0.9836213184215801	-0.29179216928906704	1.677129075959364	-0.31439978412704495	-0.2909589297250319	1.486177866412926	0.17701411077598683	0.6389052335776944	0.25082987343007734	0.6351189467241278	1.768249978963262	-0.2568392915637201	-0.6713525473312445	-0.26654080190109863	0.01872646156479616	1.3382794903875492	0.550802754036825	0.17932795679563568	0.5798275401586608	2.1471307828928055	0.1631977012246273	0.1308036111501938	0.16461162146361252	0.26583981754338204	0.18232650504334647	0.3065369446821724	0.3908958124647559	1.1657434298007523	2.933151238867488	0.3447016473816431	0.6781156307204671	0.9818372055417504	0.0849161168011503	0.19451097672426698	-0.19749503812411673	0.6889107657821736	1.7378481352797088	0.12777513848043043	0.11633179945949967	0.24023390659664923		0.32161836890220596	0.2255711108199443	0.6013268977398654	0.21774247306202543	0.912420190729395	0.24359067882121224	2.696481302205278	2.4592292410154073	-0.06519476229654164	0.13546905668992837	1.513911900652829	0.21568131183130035	0.940608832546264	0.384932801053564	0.3693937658290878	0.4450062325424402	0.2298342286719537	-0.28251826273700975	1.6388694717932122	-0.26824120845241817	0.9105600567989951	0.4208240310404676	-0.5963495356836397	0.42099390765224065	0.48342076726543914	-0.20777240343056924	1.3726796213872223	0.21464572314481423
2025-04-30	0.5475966703196622	0.15066480184910302	0.4060057450221829	0.2299660489424329	0.1786597563840116	-0.26627819058133545	0.8677656747617712	-0.4735676944548768	0.520814150322296	0.09002048498747536	-0.19600923312597862	0.2439759902628289	1.4987447501171012	-0.2608121582736477	0.33537457474662835	1.4265436633898751	-0.031181421641345075	0.34357848674849834	0.3436859131280974	0.6716786727881526	0.34593523304171203	0.27272505032345307	0.5682583826353049	-0.9917553860086419	-0.21370566673945035	0.256339007455753	-0.4760045963127615	0.16525967881912496	1.1348026553924058	-1.4148605709395161	-0.41756312345370716	-0.5071543451616263	1.3850165265335068	-0.5265221113874738	-0.7156044488352986	1.035758126393338	-0.021355454810537022	0.7186592772157945	0.3657356153818392	0.5319388399994358	1.6009768669255156	-0.7660838030932142	-0.6712611920255473	-0.5925275911632109	-0.03661746094749676	-1.3300238485888727	-0.5403460492016166	0.11554456283284675	0.6339630077278962	1.3443890530156661	-0.01974912539901208	-0.03968857963948702	0.16549033908019523	0.4058278857077666	0.1627045890983343	0.3179876266815258	0.3292319523635061	0.6715935359421881	-0.2923846718231289	-0.035371597167197066	0.6819487012070774	0.8901197825286769	0.02924471916307736	0.13902954295764403	-1.00884680555431	-0.9854066721708215	-0.3409711132658213	-1.2065191141456708	0.21309171287198092	0.3004478715154897		0.3581430576353102	0.3993196204277827	0.554181986805877	0.2260036983002074	0.5371521904362244	0.34684391957807637	-0.2563155637561394	1.325700282747242	0.05651373262916226	0.29398192930847244	-0.11923145171085991	0.23329964085885702	0.060294644132968145	-0.003624320649626256	0.30937609681230915	0.35713675870677	0.2917775123876529	-0.43322139467668097	1.048078474956343	-0.5897510360950964	0.6214442543318643	-0.10706469786438255	-1.1709448799507616	0.3422055966623314	0.3863049312689466	-0.6871749881851672	0.5761509145200998	-0.5676802581838611
2025-05-31	0.4663374363264997	0.13437500929267077	0.3419147487290828	0.20772353454222203	0.21469432352682288	-0.26895975020794943	0.5698328685160741	-0.206591224169141	0.4520523364324627	0.13259888201377967	-0.03235378298898128	0.8153722339363316	1.553210954394305	-0.1725960853134748	0.3088351374186158	1.4794313356720492	0.07653769426462786	0.5979504415251196	0.5712849160786497	0.6011762602684871	0.6357141960920987	0.37443870207584506	0.6965773396766095	-1.2046430853364374	-0.08307880100613835	0.4319464152040857	-0.35909560598531076	0.3472393332221646	2.1540552530038894	-1.7502807620152057	-0.3201831860638116	-0.5827736083797583	1.424770830022318	-0.8690880806386376	-0.5501693381949897	1.0956256255281271	-0.10985970092220754	0.8414837319604791	0.47344586530167754	0.44527582361088935	1.485740481132241	-0.8675806744107755	-0.47230744399009295	-0.7041032776794677	-0.06372082963543166	-0.515007039091671	-0.2058507820683193	0.10714941674359713	0.6445424127705763	1.3875264755037193	-0.12255701999146362	-0.029098117724580153	0.14427079619298555	0.7132937036839744	0.14456185885162087	0.28595432964940315	0.2823135111440582	0.9249126015146505	-0.4704681328617468	-0.054999787850839255	0.6020290783926732	0.6462381036533928	0.12575600399393028	0.12387148165265094	-1.2532411407655988	-1.3225620895110275	-0.7075557479183523	-1.5069384198976703	0.4125731318779873	0.4810656062596097		0.3298968458105721	0.6966329604018942	0.41174601943065836	0.2035897774391089	0.3158774235052477	0.4716560703568907	-0.41667465915158886	1.2502700481529399	0.3255070739129837	0.8010635405475228	-0.23570151615368928	0.213155640641006	-0.27791198671741313	0.07466829378824524	0.3532952480093523	0.3107510186857416	0.4858985602702539	-0.44266539174926356	0.9288569886643252	-0.7498844296896734	0.5139159853355593	0.21336826336669645	-0.8869859551049508	0.3098671039333505	0.3809853013461528	-1.4823956464040222	0.5174506518269029	-0.555467431917366
2025-06-30	0.47115750580216087	0.11875091681313465	0.3459237805295753	0.18741896554268767	0.26515722081299353	-0.2184475069364465	0.5385978659724069	0.1991986086927373	0.5126990093655905	0.19642946052567722	0.34393157888544823	1.415773147274173	1.4809234566406948	-0.024846259636463863	0.3417343297460351	1.407164006678916	0.19003185682189483	0.8307246990231629	0.7673607395652677	0.6185843242133378	0.9045536282923896	0.6577789665211204	0.7909563220728906	-1.0363306782210504	0.09278929168059158	0.5953106884519097	-0.20082205593627211	0.5509621233283566	3.3135753372963332	-1.2192587166345312	0.5320632421518461	-0.4916611232654915	1.5187399541019824	-0.9902314285449885	0.05934699910633334	1.4784729430739372	-0.106157721679347	0.9279837467522203	0.43095348339199413	0.49341514386601726	1.5090083840697457	-0.668432906177169	-0.2951723498194636	-0.6235908618799975	-0.04698455030136957	1.7769193148342097	0.7379493815348308	0.09463341523932167	0.9673697775249721	1.2973975209455944	-0.1549404471150826	0.06524390483211251	0.13820248103883273	1.0481589073983861	0.12701256127928984	0.26978672045757146	0.400253987218506	1.4145773403631559	0.9854502331662403	0.11769159132880347	0.5761729699717062	0.6272492650602013	0.35011794254814	0.13814374068873114	-0.9753618012108431	-0.9548899205499577	-0.12684739562851277	-1.2678108050861105	0.6143018528619759	0.7009262552516393		0.33485111962664194	0.9343344470698707	0.3975374728417531	0.19217306731622674	0.17938038281156876	0.6456179022276539	0.9319307073856891	1.80113935269328	0.6682280595763554	1.5103316510122502	0.4738270376122209	0.19612312730573678	-0.17073917678717443	0.34530969313583704	0.5120590821196227	0.3466765457988963	0.725094178785767	-0.3785995038196672	1.199163770508405	-0.709059288974039	0.4865674113463747	0.6440993665976009	-0.020800650936090292	0.16643135801836628	0.34958290144855564	-1.7698665091796273	0.5275167436316881	-0.31709731702273025
2025-07-31	0.4266524896844033	0.10537102912553031	0.3132131080096777	0.15547505774149284	0.23094013900454974	-0.18486418498977214	0.46202735236135606	0.3782559086855293	0.5433229529602723	0.20225599980513415	0.5274748019279873	1.7670916586883152	1.2881222080760368	0.08101119032960302	0.32990553313476534	1.2219331990766396	0.2834983968477107	0.8334761328743792	0.8014793175054296	0.5628227669918662	0.8984033327951453	0.8067712376535034	0.7770534077628009	-0.8436002522164827	0.11276745872282495	0.5911512469587019	-0.30589713585712364	0.596497006165472	4.263780280871906	-0.6543842607322894	1.4425512472888329	-0.3659054533417112	1.4447260257534662	-1.2245757724150856	0.6043878524656812	1.649459192461812	-0.11750125514190746	0.9841952365800251	0.26513531069158924	0.4822985933298245	1.5851854193330164	-0.3615428418117599	-0.2599361264644222	-0.3779119697455889	-0.013984234983896175	3.617773871317631	1.4928970305058087	0.0631591158536648	1.750692106350641	1.0916306185600426	-0.17682539103739292	0.1646371492669747	0.12669708774867647	1.1722417499456563	0.11291182770886721	0.22985445309211383	0.4676491228249722	1.7639363800232708	2.3816464306277183	0.2810486824732292	0.5230142136418279	0.5507358080832896	0.47237283830832144	0.1348927069514032	-0.34929031679461553	-0.47503792351353624	0.5052058946576405	-0.9275321151964899	0.6409769999122306	0.7419651812352313		0.3003785227340987	0.8913645221931219	0.3513881262739902	0.16468969927348165	0.07054649315697059	0.6625126440307312	2.2131493481465085	2.1973192311799803	0.8129951372534534	1.8049700757212226	1.1617792815106753	0.17596634152978152	-0.16206342677196162	0.6267707360628814	0.5933013239317935	0.36623144357738213	0.7771567704446909	-0.3329561425638552	1.1630462067999012	-0.5901089701745261	0.41060446146550156	1.079488077762221	0.7466957971745192	-0.03297823999328564	0.41686062370505894	-2.1661273816099813	0.5826312499819055	-0.12927931955082528
2025-08-31	0.4397001181024871	0.09472225566601766	0.3216143875018025	0.12501859630082368	0.2277032511071846	-0.1354429395168538	0.3816964380785084	0.596117070499762	0.6144015135976062	0.22900309351108372	0.6397758656125974	1.8931570210171902	1.2579759756187832	0.3050367996379507	0.33613756021187724	1.1923570629675515	0.4018119087615113	0.9788403533640677	0.8714940480905886	0.5923642092625598	1.0415785512917326	0.9527605423529648	0.7803155834539788	-0.2188097967554823	0.252159237033311	0.6458949935510754	-0.41794251631463997	0.8237356785505887	4.633854278345728	0.6708899015901091	1.9433540997078111	-0.17358879725443965	1.526067956282052	-1.0350865673526695	0.8301777840895648	1.9158347232511623	-0.0793421559310139	0.9322114165553357	0.25008307651199746	0.5080153984378468	1.7839981528446294	-0.08675689255321029	0.1278492595272287	-0.31997869737972384	-0.00013264326151731995	4.564863459143901	1.8816139954752025	0.10432518582252587	3.1041207164531563	1.464242307973299	-0.1038605516527038	0.21653475695440694	0.13585880642503595	1.3667814344082334	0.10184101287156544	0.22590423992302044	0.6493743124926903	1.8494876525967836	3.582443252519724	0.42368624053762804	0.5609857164446781	0.5020274702623295	0.6680527967417369	0.14175174704258642	-0.25367443205695417	0.45159738055969356	1.465731484202152	-0.08661127692802673	0.7580099557209938	0.8762627942747208		0.31394866467521654	0.9629854029586848	0.3287623812353515	0.16215129909455228	0.1685453208339842	0.74975496730975	3.321414867605803	2.5590209150719065	1.093261220622038	2.269472459330842	1.8195194035893003	0.1859875234812267	0.15067028734706867	0.7576923668532292	0.7066230371181317	0.41193919220311703	0.9253317735074118	-0.15606386107042747	1.2544806253454421	-0.4030877085319844	0.40866345291510564	1.2103746670366142	1.0996902788984428	-0.12184229219898457	0.3763359545360432	-1.8950571436248307	0.8579574556787435	-0.04155860822448432
2025-09-30	0.48413086013758355	0.08393321297429868	0.3530041582892913	0.10849995661355716	0.21727309141380272	-0.008198313637112764	0.5834002075372515	0.7809785008562784	0.6947348529901713	0.24685145306524547	0.9111271533479615	2.0261095784460057	1.6348163839059442	0.49655695819737167	0.3426074181233809	1.5514598401033073	0.5355280910456619	1.1012922837998111	0.9207786112297116	0.6155854334250682	1.1551211226820755	1.215855739264068	0.7614244383875488	0.23507903715504685	0.43205791769121893	0.7064212094760656	-0.48030538824491575	0.9723571335876708	5.231914055307225	1.878659715839336	2.9612468128291027	-0.07081538424975009	1.4949827141671932	-0.8163733538395648	1.357604228954136	2.213784604411998	-0.05315938078551152	0.9841673065871892	0.12971216786772755	0.610394603357814	2.0865251105450664	0.08695740944070884	0.4990042705763622	-0.2995718554057413	0.01942084388036729	6.495354846897769	2.674073987498634	0.1327983592180837	4.041178652518941	2.091538913960054	-0.08364487153516131	0.3065596042408547	0.1391374003267103	1.4680839145573614	0.08930012035245172	0.21413604507339024	1.1029895298393688	2.012513267697253	5.219721660949908	0.6154382845724911	0.5740537526212064	0.6597766710523127	0.7883313650707549	0.14932398133095104	-0.26139912461717385	1.0835488379501186	2.219557391469209	0.4204151109935861	0.8623757545263917	1.0354200456050289		0.3092550311643496	1.017704552248237	0.41202054363611307	0.15422144769630597	0.20507746159551	0.7992648532094635	4.821262813843013	3.04513155312614	1.3375631084272968	2.5923644683172933	2.6444739760575793	0.17011829880579188	0.5151214591371964	0.9767531637766593	0.9070484852470404	0.4625131198711836	1.0960428846610872	-0.1174691524849596	1.6325977481440006	-0.2889564691162776	0.35443213417117825	1.3203230615684642	1.8079472080635064	-0.31366857093665335	0.41826218584199415	-1.5045017394558995	1.192133631449508	0.1891867192500687
2025-10-31	0.514244574277746	0.07466041540274992	0.37407640105218154	0.11576319966554871	0.18550065702587049	0.13482097838513318	0.8052741808795867	0.900895486164893	0.799740601901628	0.24703595894952612	1.3094453289014263	2.0041536418382258	1.904396307663462	0.5657335792512735	0.3048612166137463	1.8095392681836433	0.716771673833737	1.1220749472007272	0.8660153256291756	0.6360226717111236	1.178672022183786	1.4436896275639155	0.6727893569080821	0.41500596005478263	0.5494042726367905	0.6704834683099219	-0.3903781502136163	1.0684278889073475	5.6082923344146	2.7439581222100866	3.93669167351538	-0.018283448935291435	1.1715075298260889	-0.490239515127495	2.0174491161457277	2.1525955155064818	-0.046045145851271396	1.074520398604335	-0.023860045305476474	0.6395087568152769	2.0062936259280533	0.31394615443779905	0.5456517239173746	-0.312620500623686	0.03963587758415675	8.803597348282338	3.6238594879423687	0.11742719959816106	4.779890791400024	2.264965320950594	-0.1093789561229368	0.4183213207860046	0.13649626387523595	1.3998119296164702	0.07925149802603393	0.19998230128702654	1.410994701483789	1.9500267594728662	6.588785456472614	0.7777425289162458	0.5629068907771702	0.8238851241675205	0.8457424234671755	0.1358802474971692	-0.3392771222528519	1.37757865747459	2.8693703445291696	0.5006575773525572	0.9246425032333048	1.133431368856332	0.0	0.3044092250378767	0.9943546328073385	0.49912077681098244	0.14368934032035385	0.059721946918798174	0.7451647499968136	6.077481440790457	3.0048978881494346	1.6296446822741073	2.604856775992568	3.2976783432806975	0.14499871763873862	0.5836301734576672	1.213645836822396	1.01685359824328	0.5391948779882632	1.190521358672287	-0.22140442257724113	1.478044331295557	-0.25452661644251773	0.17163049995176172	1.2812059545365777	2.668205283646543	-0.5735792265838975	0.4602004605746042	-0.8857223787352577	1.2891978908039272	0.281803520536398
2025-11-30	0.5322644250260331	0.06314147464405817	0.38662768842430295	0.1015355244985282	0.14787397728520454	0.24834701286343436	0.9197306675370962	0.8734020285619302	0.8284768935610449	0.25134554079314864	1.4017711420576067	1.655183918658711	2.1859155690791683	0.6635783629748467	0.27751544093911296	2.0759907888459406	0.782148583391478	1.105109269074374	0.7904184668758809	0.6689464123459223	1.140048641193081	1.4151449264077671	0.6785502081289891	0.67115512102017	0.6939745594901907	0.6329020952027435	-0.2834895985118142	1.0445238943428672	4.717025743116675	3.232429533961577	3.798385833350828	0.07780548172419888	0.9871332677386935	0.20411733963285617	1.8752594256379327	2.033238474306941	0.02211677475713314	1.153125952154812	0.017998736603890952	0.6727009111829618	1.742785042166083	0.4918204849614298	0.7539594360346888	-0.3456995168985135	0.060344179460122216	8.760788395164504	3.6044169912552313	0.12437767692362034	5.3214756617569465	2.078615755800353	-0.07661468896956625	0.40662351882976244	0.12706013708711794	1.3349117757253803	0.06692970508285745	0.1900473553918378	1.9631985334922444	1.6045389428477765	6.784314726055371	0.8008317413079649	0.528778283588121	0.9214793624275694	0.8308434704876078	0.12506070836962468	-0.47541508491200335	1.6333413015678513	3.0461070916418596	0.7686691771273573	0.925932045862524	1.124444545619971	-0.027674835292032185	0.30753081746219435	0.9662365279457346	0.5516516829799567	0.13666011594632188	0.0784093320742949	0.7052413856615285	6.26282151002502	2.9864082071171456	1.6475109660065206	2.514585722160059	3.400176136257528	0.11823230665675877	0.8025718292383566	1.1579158953372488	0.9706901766302791	0.5568075605449034	1.1760530478043232	-0.16801167564389408	1.2553315833257166	-0.1617623070078702	0.07198981880010358	1.008976531058444	2.5160504038893006	-0.5394858360860058	0.4877311212598894	0.36792007822183015	1.1106195125173883	0.4421147536168615
2025-12-31	0.4859109050985506	0.053416789808649945	0.3511840935155006	0.0641586445103981	0.12003228086158521	0.32325873231640734	0.7935820871923633	0.8348844190098843	0.7955481063335008	0.2570488155394024	1.5404150047552903	1.5000288974223412	2.304569088745737	0.7631406739483231	0.24532936648045078	2.1847617995560125	0.7619770401637407	1.1375660936982497	0.8042405954633605	0.6020352014933148	1.1601553437223666	1.3771024523843183	0.5705531195180353	0.7583979916016172	0.7421543866199334	0.630103019325218	-0.2602717516403805	0.9945181477413376	4.358172999288339	3.181062413579113	3.205374708496578	0.11141900023755591	1.0449817767765648	0.5709877132903194	1.7073391052530802	1.7484499994149356	0.05084073330251826	0.9588335338293197	-0.007648056846331297	0.5916457480729072	1.3726273307161816	0.6419182017367975	1.0526916299297775	-0.4071543048369111	0.0705794382487825	7.586902718309304	3.12282590725259	0.0967205635332179	5.457641836065328	1.8563738766579796	-0.05308633756625003	0.3446656521330489	0.10179758701938868	1.291876519870521	0.05673467218625872	0.17554729773998856	3.018583443411482	1.1639121543878392	6.169020976270772	0.7282659154583975	0.4237976598503195	0.8083714638912918	0.7363764969491964	0.11087925901781048	-0.6666524228095703	1.6184296448065965	2.7912402683205766	0.888494704819351	0.971802423206293	1.1433193529819716	0.0776482580660172	0.2765116054439378	1.0359809679038756	0.49229145954085285	0.1261364305726389	-0.059667435099452604	0.645392034337668	5.697752234555189	2.8803670389106006	1.6651376555218222	2.457121944368721	3.0826061993298453	0.08619574338343416	0.9010845629328017	0.9776158888662012	0.901029087513701	0.5284781406946077	1.189396254174249	-0.0799129169817645	1.13304907308083	-0.11721160020312116	0.07171549272082878	0.8128012711368289	2.259091594267936	-0.579865062090918	0.31317759774077425	0.9743117352186128	0.9655962375625791	0.3868876560883763
2026-01-31	0.4333097732191056	0.04301227992531187	0.3104273780253959	0.04546086246314063	0.11505790188064285	0.4215924496168695	0.6943749580343432	1.0296004697726593	0.7236588130102422	0.27023548851715296	1.9707541215968498	2.0053703127876368	2.866796856501189	1.077246800750244	0.21702426773133787	2.711792603647636	0.8242724534109869	1.2985968136902173	0.8710195231358497	0.5067450681487395	1.357105124375062	1.5899154456586055	0.6310670433713059	1.1753522643076888	1.032948018974386	0.739401152021741	-0.3954199867469408	1.1642704064751221	4.857533775133376	3.7533507471648235	2.159496298524914	0.457545093693871	0.9986079421191896	0.8442030794082465	1.572359167299119	1.6782131318356193	0.1250710766201819	0.9271292384282557	0.17591074224771175	0.515729771781344	1.1870377873385083	0.7326895210638531	1.7178595508969767	-0.1746421039304519	0.15371700886270998	6.492659272742671	2.674035759844866	0.1138564320960086	6.038647009361631	1.6305033600683103	0.10497147122378214	0.22365256195151328	0.08616721619856205	1.4315448315605126	0.04483887693561961	0.15398425198327992	4.187387168869363	0.7511887732841451	5.665700402815773	0.6684934584750888	0.356368049926741	0.7122355496976647	0.851284344320963	0.09892070037946321	-0.09783853475452764	2.1783592212698846	3.0540705447007994	1.5449586655498013	1.1551465741368085	1.323629135072533	0.42090380256105164	0.23249212870534985	1.2264659584322715	0.4330471444556293	0.11091211984396754	-0.019681764755145714	0.6966072294397292	5.222867792193654	2.8952379120980076	2.087973313871138	2.813725141418681	2.8523503998338917	0.06768373230861968	1.373810110560914	0.6858409486838273	0.9584017351898879	0.47746320311026524	1.3668004103827691	0.21707697975862517	1.055891549756815	0.30009903706005536	-0.05277640958785135	1.202360800606126	1.870573645450353	-0.23219759773067006	0.1984371364075388	1.2747425898398483	0.8689600980749441	0.3534934172263533
2026-02-28	0.4621591986192224	0.031057375429808687	0.3314717799285072	0.07019595990030558	0.11929725890306853	0.6012225594021536	0.8888314314806665	1.2653579322075466	0.7074746623492012	0.2827199268745726	2.6025499095934563	2.8695306914542833	3.5108589784335607	1.5200788564047274	0.16216642981151352	3.3293260930182527	0.8280949118822898	1.5589913497460826	0.9598698321320231	0.5579113883454347	1.6313866751226964	1.8730083135257765	0.9127898642886034	1.509850372347783	1.2193866930358797	0.8673753540035865	-0.44060114650036186	1.5296589720965663	5.45333063774293	3.9344444968378802	0.5384791145435202	0.913618018858515	0.706483303478862	1.1417842060112668	1.302164957964072	1.2225703616510124	0.24491715288522276	1.3022734915729686	0.6098548824411605	0.5162935899284484	0.7646912368840311	0.8430272244859047	2.7230161541753555	0.05765766868493667	0.22231835411009937	4.082776673119753	1.683299469004929	0.21167813300201432	7.015068885462277	1.1826629531226729	0.31141924985654557	0.030748778784964514	0.08706647083983882	1.6568912385055548	0.03176844132896539	0.14563711118408218	5.262652554990478	0.31561292440853883	4.230961616638147	0.5031166011804578	0.3664131980157075	0.8809755611831049	0.9469361801930494	0.07177873123045853	0.4116919603081117	2.7659473626561493	3.4119614322118803	2.217457433899142	1.432011395601052	1.5875920798043266	0.9122199510500609	0.2474436449580173	1.4035853092754564	0.5241399793668914	0.10545471195004041	0.28995502855087985	0.8559209979716011	3.9146495953150833	2.142970377008268	2.84699007982553	3.3021210948201034	2.2331274504114944	0.05229202069527039	1.9745916082708526	0.18557650235075673	1.021494041388456	0.46297433712068425	1.6301837019129124	0.6427936067285787	0.7310269781762315	0.8364993939842957	-0.29135052958842067	2.0232562579925304	1.0958514725853004	0.3829439039254492	0.3717992943299615	1.712705671916173	0.42075820686084775	0.8395897396066001
2026-03-31	0.32739012997003836	0.019916021026550546	0.2346610270320646	0.008337662761797038	0.049127553406214886	0.6008747005537065	0.7345945708590071	0.9408274205483593	0.41890309901854295	0.18475888754235448	2.2506708636133794	1.9451211702795455	2.9148990421762733	1.686030825289604	0.04600644350783201	2.7651289300421347	0.7931801231545428	1.150272193000708	0.6234918826817264	0.40885871511325433	1.1787970818625908	1.4713466412360248	0.8550216848029191	1.273958150990186	1.196796658651718	0.574971610368392	-0.8063732141108622	1.208354649618431	3.7635339868456796	2.9182540952314486	-1.5672236433724507	1.500133764311784	0.03241784660689184	0.733652690569	0.5491972321813741	0.30433853909237385	0.11261520023785554	1.233518271148995	0.41792544327237646	0.3265758663484317	0.24351021418932906	0.16594580240108225	2.527222686955475	0.7972710502877342	0.4053410981709407	0.023858518588454558	0.01153929211422522	0.13216326268276402	6.507152779002075	-0.4585305259024395	0.3634805379956336	-0.21716062460821517	0.057988719284931656	1.21164838078096	0.019434379011239677	0.09406385480947033	4.526142148849604	-0.5335702048188313	0.5116755425640491	0.06443044114751473	0.2434714173826713	0.7180966394777999	0.6960029368266021	0.01718903535606775	3.5922794365323116	1.979661073569229	2.203145140247372	1.7144097099073843	1.1117719452372175	1.209657696668713	0.718751471747088	0.17185945401943092	0.9332089715878507	0.4173472541092266	0.06781800653328829	0.07336241373910912	0.49641312365146684	0.4719534971618842	0.6595496969967023	2.4098482986335608	2.45829567000073	0.43853266600046226	0.03213569378874115	1.5204297085495657	-0.4504911530733118	0.7211709781535642	0.2636224145442667	1.247643712000956	0.661809891942736	-0.0376841585192782	1.4719762407274386	-0.575411107110972	1.3792322121313205	0.08062962850325839	0.25176050340006517	0.340778563656432	1.0471653332620838	-0.43779907775628324	0.7004797854282678
2026-04-30	0.21985871809937163	0.009932303017868627	0.15652258287178977	-0.03163584329981828	0.024268374270973947	0.5883493358591805	0.5598206636344782	1.1424825516443882	0.3284277903139978	0.14237254835282132	2.6538416280605244	2.0842310137972344	2.2127876223526854	1.6761547525955258	0.01922148094073206	2.0961687358988197	0.8873968240529839	1.0840778458645142	0.6232285559590416	0.27353695286335533	1.095366574219593	1.655314736545443	0.8309816469984392	1.8295859086933577	1.160113670348088	0.5751260126673956	-0.8408938079632144	1.1544954742711546	2.28957052686696	3.923422995496459	-1.0988264174358449	1.7186774667333227	0.008675719509906088	0.38113800504705564	1.2573357389935413	0.1596351421755493	0.0837939713195004	1.2260932951935608	0.3618451495117734	0.18900471280994413	-0.04214491601221626	-0.08249305845566912	2.4847386940193523	1.5397376036249688	0.5736198169651778	2.77979256533537	1.1447485176876988	0.20522174297502516	6.949896497271486	-0.8314408374619511	0.4542544926462986	-0.1451830757555852	0.05020506481029913	1.1527886831396952	0.008907132598434231	0.051916196727183284	3.663216543220729	0.229706800618656	2.0373278222769002	0.24149336301950886	0.2109090987954625	0.5468715763210017	0.6677343083481673	0.007769186457192712	6.647316349660107	2.6922666828975323	3.279938666089981	2.173571843263492	1.1129728680621618	1.2333461374574988	1.1695313552273356	0.10176371324335887	0.8350600152171115	0.3107989016446731	0.03720706203368551	0.39156148468323737	0.4063439616382385	1.8708174976634169	0.6252129275885956	2.5652550266038574	2.5007087913714763	1.1912962220000196	0.033631939763929086	1.721274715042826	-0.22662784188132523	0.7752983184447979	0.1997265280548457	1.2741761515922496	0.7210892650594398	-0.2534221647985504	1.6722658730230329	-0.5830006339918432	1.6103666441199547	1.023375633463056	0.2796824742230126	0.33790331646986527	0.50189786559499	-0.42619229455240326	1.4203576870673231
2026-05-31	0.14228504390646113	0.002859534210045034	0.09961951175751182	-0.03799226583766524	0.002507534940906081	0.5694119372395043	0.48230112479941667	1.226981064305173	0.2865119149606601	0.11243633994199942	3.350819670140565	1.863453894852146	1.4682466644061414	1.4891665750643623	-0.003038517625916448	1.3886449185811482	1.0759559467515096	1.063826090064527	0.610727530506753	0.16110346927573782	1.0863362144883322	1.9548854681506675	0.6097034263486769	2.136087100410018	0.961383324090328	0.5705568063596376	-0.8835986342629116	1.1743857510788382	2.110278861209288	5.022011408805843	0.37546871679644056	1.5212052785674794	-0.08757110331082885	0.21899304132845687	3.0490767324277215	-0.029233282275729522	-0.02846535859612853	0.8082648271881077	0.21455263673963199	0.13031659792423866	-0.4098207992039282	-0.0694775919785009	2.4679421254895226	1.7956103337119127	0.5872349214093651	8.383353623353749	3.4506199863413656	0.23012849122279544	6.466961254376319	-0.8873997901055724	0.5031989337903688	0.023862039934912094	0.041811563623428805	1.1930624454049088	-0.00021413388526791977	0.01188629747418224	2.958968365805191	1.652661257480064	4.82915821863098	0.5706093560826897	0.17525957584195506	0.45183024938786986	0.5628745303830849	-0.0022876993838194526	7.0334997752345245	3.453915016583828	4.955306135530762	2.3996827539897385	1.2022239769930847	1.3310720089462933	1.6303711591052896	0.04173804744316456	0.7950958536151127	0.24948111191495126	0.008959705013175778	0.5093486443018382	0.2336785435544948	4.4419266720515935	0.4344922178341477	3.0327557850800693	2.49580539513682	2.5457717038750687	0.02612540953489928	1.9699167420775225	0.2739871156202627	0.7969545155432121	0.16613004581437796	1.3657320542836757	0.6856681837830987	-0.5211565194666719	1.4752513172015624	-0.6253334828612189	1.4663338558378012	3.454828860495315	0.17037257563550012	0.13864915018073365	0.3189645190863466	-0.3041427402480821	2.268675191152999
2026-06-30	0.08483747808626774	-0.00455774863602354	0.058510576372852174	-0.03411135026984169	-0.04080697749109932	0.5033267114802669	0.5165316156570245	1.0930320802347477	0.2377961201297274	0.08431222512131642	3.672416910030732	1.9311521360111126	0.15396913877751928	0.996318580742396	-0.03870263769626314	0.14076678382879138	0.9405671892453455	0.9373135145232849	0.5471060945041604	0.08459008890708386	0.9750761347621886	1.9937193063725687	0.45545467185572974	2.8068019000328217	0.7159771608950454	0.5706054232213638	-0.8193291005569805	1.0672345813907045	2.1272694783964	6.000549554755029	0.4939857661120257	1.0689638924204647	0.03937744905777407	0.3854765564448912	3.973652128754088	-0.8827017089304743	-0.06746002388269323	0.5787567763704562	0.14003865681368	0.07309010935203153	-0.8886918046305885	-0.09158453053838933	1.8915721812437196	1.4628119271513125	0.44888899830588236	10.894815972828113	4.471595884205499	0.2604297173218575	5.074257344507842	-1.4747024586759352	0.4614447781473925	0.024785357198834568	0.02198133295190907	0.9147357023431395	-0.007857692059305865	-0.02536275296532331	1.329443987029224	3.0543433103290685	5.361437244203657	0.6326199966889856	0.0945623126360311	0.44259506901621704	0.2999373911980179	-0.01733621705443955	5.413870649829613	4.287012180948629	6.261774331454362	2.8955230348146195	1.1419843044235236	1.28087224502434	1.9245958776380876	-0.002818773018819387	0.7206598475882995	0.23643529070428565	-0.017846444411361517	0.6327851140958844	0.02159134565337517	4.963197649277902	-0.6660611040474222	3.070947628075759	1.8998638627862015	2.9440669675180793	-0.0033651835803423236	2.362769766084881	0.2974538410957539	0.7272923416345058	0.13251719720843802	1.2881330546096077	0.6032133682629461	-1.2796255282685713	1.0716417818486783	-0.5104015380138409	1.9805907646999206	4.659873995868443	0.11490489022928863	0.05554531892848935	0.7777029641723487	-0.4920188800433838	2.6731324239089673
2026-07-31	-0.05374708779982318	-0.008012510722181343	-0.04218145822070607	-0.07223906827176374	-0.061771195237734694	0.4446766316757169	0.23413939009357287	0.5174584390310297	0.07381408007966916	0.05706381890932766	2.965419613648576	1.5918256267744404	-0.7321899781166561	0.8011257543052626	-0.09273922651338085	-0.7016805536402817	0.6119957101331829	0.8466990416154445	0.45491650987263643	-0.06317849656783858	0.9010673911408364	1.5265378149464253	0.304682474301873	2.8428227713258796	0.6037875142222262	0.42962546998609064	-0.7163151107908983	0.947039830425692	1.6301565107082396	5.568446511588061	-0.5785031022239977	1.1207845991202317	0.5684554704436824	0.5676890588256627	3.4891307164985186	-1.333934248579288	-0.026169743576694326	0.2674105759666654	0.17047430689602283	-0.1417155521039879	-0.8691325087275907	0.11327495700082402	1.3678740561567242	1.482233872493667	0.43978247530199166	8.295619047157707	3.4096142583287694	0.3057552089519975	2.445249175813614	-1.3980322542876031	0.5091688944131367	0.020564423692864153	-0.007997886802235787	0.746624534297645	-0.011760467717365053	-0.054106309902194116	0.07985957714373626	2.521516405004178	4.948293007311058	0.5826632511752212	-0.02586805079738319	0.18111084682020318	0.238295323447133	-0.0404953153736054	5.505646327131984	3.9365848412862263	4.976491211298331	3.0464711987817648	0.957675955349532	1.0713533098268258	1.7628395269428356	-0.06854741310034695	0.7111582554904015	0.08018144894616624	-0.03957800699838576	0.8121995053464754	-0.05480256671210837	4.5748182419571535	-1.610329559403631	2.4347474488209517	1.091835636712661	2.6900867034763287	-0.025842369047177183	2.496087652951905	0.17427669039107752	0.5500881944829725	0.01277424806810501	1.0600569285027444	0.477040043712734	-1.7070053888061612	1.1419871534713435	-0.23054058331622107	1.7357558489877256	4.072824106732847	0.17499812629953748	-0.08938554975373325	1.234140396124178	-0.7256605681177657	1.663804145949154
2026-08-31	-0.13107373491565344	-0.012215876766594747	-0.09913692124476592	-0.10617251158518637	-0.06359873038956823	0.40232040864658636	0.11147835614079238	0.5090275000560593	-0.03398185167367451	0.04531844400688123	2.6842499926041317	1.1251401905708924	-0.8392119734868224	0.8560628765130973	-0.10252193131900134	-0.8051841297712787	0.34983999129773613	0.8235250578210351	0.42540331621605976	-0.1582049034510835	0.8739312679752009	1.359901914654281	0.043321577333735206	2.5941139655886287	0.4462217283858565	0.3515288660274605	-0.6253312845352725	0.9530000201453372	0.2881471918518308	5.024684798526412	-0.7438922697208383	1.2184274796469228	0.8559576555222979	0.8829309367880898	3.4311703678359855	-1.5408205493008555	0.007155691175353418	-0.17779716543902868	0.1051616729224043	-0.2636484792297771	-0.9095443939226486	0.592984610656945	1.5365106265461934	1.5732187612204096	0.47350335973193514	7.530827548411125	3.10257611439361	0.2536538094690435	1.3484987966887374	-1.489321931488	0.5877872302587124	0.08724682705759745	-0.028563571775028995	0.7357535291378152	-0.01613026227735137	-0.07503857413818116	-0.29956163455980267	2.1344375773896775	5.210861311189674	0.6140239316980693	-0.11948080042749187	0.05573307820831097	0.18808947683745547	-0.04303989818812459	5.491256578311583	3.6166745544465186	4.3556862905669895	2.904121836100799	0.8896064901685881	0.9806254025880712	1.796956476419787	-0.11253794091925284	0.6788487655467268	0.007893855610412892	-0.05282399228471735	0.697201303439003	-0.19964641935052008	4.797448004047524	-1.9639312389342702	2.238387957485674	1.0411173635328854	2.783699657023419	-0.04894717208699273	2.637005079645295	0.21898678347667566	0.4861310666676655	-0.05821299739602681	0.9784458644369334	0.49796891710630575	-1.7663572030369181	1.374323450055507	-0.024247474614186526	1.067295059979088	4.06173724333167	0.17400223979704688	-0.3368543774885078	1.9230502239949274	-0.8664705124824925	0.7030391844946138
2026-09-30	-0.3506861161546859	-0.016146556824018887	-0.2588865914971299	-0.16462971210778	-0.10036518344557809	0.4155144951055021	-0.24672656215464084	0.3665093549118712	-0.35724992152102164	-0.014496638455866906	2.341645636088522	0.08488083165645044	-1.3374285362381872	0.611925604246736	-0.26648967171738436	-1.277473442599355	0.1390668296823927	0.5043642912663282	0.2792674784171627	-0.4187031235744749	0.5316269936003479	1.0879730069422582	-0.3956436706623947	1.7258985938796592	0.27192486042853137	0.20573478903181908	-0.7315797026710029	0.8230347093706412	-2.1269382081471164	3.2794533832522816	-0.5095526664880907	1.1033225273373848	0.4376769599777788	0.8737280067794391	3.5489952403781295	-1.5731782158099534	-0.05147283891643273	-0.7610210808857101	-0.14972038977693014	-0.5746950663676258	-1.0758894648097543	0.2541818667531883	0.9627128934028324	1.8395839269932304	0.5031409128549194	7.620669285487729	3.143327286563256	0.10347515790449546	-0.31675771568472477	-2.428840736448656	0.45741504029423385	0.11923320416440442	-0.0891351354495113	0.48537288281500324	-0.019835068372954012	-0.12713007657355724	-0.9675274860762126	1.9482599976650814	4.436034161910996	0.5240809317058153	-0.3668593261528452	-0.2971417465521724	-0.015845593533714286	-0.11729205242514085	5.872728795596622	2.1896434952750035	2.778328464497175	1.6949793998924285	0.6135781595858631	0.681246705156612	1.6654418943408418	-0.22931202676244844	0.2686511444551405	-0.20173233026042042	-0.0900643969054633	0.17923685227336916	-0.43869607005495226	4.077581926557386	-1.9435690620335713	1.9361689513480336	0.5647231929719005	2.262397567261768	-0.09992215270680371	1.9644307249997635	0.2972444683150872	0.3127874400812667	-0.28105088083707486	0.6762161559543962	0.22607055457502234	-1.800621749206142	1.280235230578751	-0.18585597529717113	-0.0244588147644329	4.296426453685108	-0.10527677769532673	-0.6589255666256189	2.115414204054474	-1.449813349713338	-0.3947156180943132
2026-10-07	-0.4794530738120064	-0.03091063070079958	-0.3509662806731393	-0.19470815988864676	-0.12000139885823219	0.42295904980708254	-0.46984597997275657	0.2971928730238931	-0.5500192391127294	-0.05504335671709826	2.0088957159257745	-0.7653192016389081	-1.7415187843695517	0.40954456636368963	-0.36043108360617326	-1.6615939998695435	0.010160067627345448	0.17225703769761402	0.08881885213106244	-0.5644497834893976	0.18082188254928067	0.8543591519499119	-0.6584480732167606	1.0852803537961986	0.3068949872779858	0.050210022143923005	-0.7978590097538164	0.6562066059449272	-3.977475661172747	1.827821531468775	-0.01814316823978146	1.017934567698605	0.005111645823410171	0.8083551732673255	3.5617081799763763	-1.569358335691442	-0.07044751962085982	-1.0129835432664196	-0.29210033544309155	-0.7358813763757337	-1.18363557495831	0.10174365908519789	0.553895832297628	1.922954177992752	0.4930572284323733	7.854203600172724	3.2350598793764718	-0.029943372930715917	-1.555989641981621	-2.841117520996029	0.3424913751887977	0.16796363937770176	-0.12306558981250182	0.19772385029359896	-0.035973693679885343	-0.15452510901956762	-1.4645051176977972	1.6821146139560064	4.133410138587038	0.48786702265618054	-0.5066347581739565	-0.5127844081632145	-0.1650798809768128	-0.1595186022268411	5.5939964838732585	1.1770322435239073	1.7312846965394755	0.7913330001128855	0.333878326731349	0.39039483495441907	1.5767282068068629	-0.29070539769390824	-0.14101962730245088	-0.3325560398293197	-0.10802576263621555	-0.24286522870881466	-0.62689602644017	3.7974989766010196	-1.8647455877232328	1.5930691151223275	0.08965987678433507	1.9999492224108124	-0.1262520405750882	1.442278258738261	0.4141939177740728	0.18358783381799615	-0.407916987427436	0.37972004285278693	0.04146956500718346	-1.7868500541701327	1.2351382482397506	-0.28476115377803124	-0.7791969083885242	4.418812871567223	-0.22981144722297397	-0.7418625900845708	2.1003356063296907	-1.6375865689076141	-1.0792672497429443
