	AGG	BIL	BND	BNDX	BWX	DBMF	EDV	EEMS	EMB	EMLC	EMXC	EXI	GLDM	GUNR	HYG	IAU	ICLN	IDEV	IDMO	IEF	IEFA	IEMG	IGF	IJR	ILF	IMTM	INDA	IPAC	ITA	IWM	IWY	IXC	IXG	IXJ	IXN	IXP	JEPI	JXI	KXI	LQD	MCHI	MOAT	MXI	OILK	PDBC	QQQ	QQQM	REET	REMX	RXI	SCHD	SCHG	SCHP	SCZ	SGOV	SHY	SLV	SPMO	SPY	SPYM	TIP	TLT	UEVM	USHY	USO	VB	VBK	VBR	VEA	VEU	VEXC	VGIT	VGK	VGLT	VGSH	VNQ	VNQI	VOO	VOX	VPL	VSS	VTI	VTIP	VTV	VUG	VWO	VWOB	VXUS	XLB	XLC	XLE	XLF	XLI	XLK	XLP	XLU	XLV	XLY	XMMO
2021-08-30	0.0	0.0	0.0	0.0	0.0	0.0	0.0	0.0	0.0	0.0	0.0	0.0	0.0	0.0	0.0	0.0	0.0	0.0	0.0	0.0	0.0	0.0	0.0	0.0	0.0	0.0	0.0	0.0	0.0	0.0	0.0	0.0	0.0	0.0	0.0	0.0	0.0	0.0	0.0	0.0	0.0	0.0	0.0	0.0	0.0	0.0	0.0	0.0	0.0	0.0	0.0	0.0	0.0	0.0	0.0	0.0	0.0	0.0	0.0	0.0	0.0	0.0	0.0	0.0	0.0	0.0	0.0	0.0	0.0	0.0		0.0	0.0	0.0	0.0	0.0	0.0	0.0	0.0	0.0	0.0	0.0	0.0	0.0	0.0	0.0	0.0	0.0	0.0	0.0	0.0	0.0	0.0	0.0	0.0	0.0	0.0	0.0	0.0
2021-09-30	-0.06682372351317553	0.0	-0.05323948873754034	-0.04630373875979217	-0.04360113334112157	-0.013956584006632512	-0.34131095864494226	-0.05893999844194582	-0.14609041132478068	-0.0432635967548066	-0.08814293842369807	-0.3539959073406408	-0.0701995762664751	-0.014702012803820708	-0.014697265625	-0.06700849831953519	-0.10154325045072028	-0.12436366937099592	-0.03875109898059179	-0.1147006043002193	-0.14030542618189656	-0.08166949062945719	-0.040716431011844634	-0.16705979567307166	-0.13874932530938508	-0.08141192574786374	0.04042478382077661	0.020376108718397744	-0.0832927823406294	-0.3628899294426674	-0.6084315460292146	0.10869639687388713	-0.06868753895121245	-0.28106366018963624	-0.22987227480635397	-0.2839966863648556	-0.11101630664618937	-0.24789840828659065	-0.13009631382434464	-0.12255024706196309	-0.09743864488737017	-0.20576610076121823	-0.41177515969995965	0.12096980168269056	0.03039320377882433	-1.3551437856125177	-0.5565777466168129	-0.0901324932391816	-0.6636390446937412	-0.17280802061075065	-0.04957965731281035	-0.06997073790286663	-0.01598423797520354	-0.17120542173032618	0.00015969996437661393	-0.0053577390491454935	-0.11104272043603203	-0.19185370203436491	-1.2920175057869983	-0.15137633407896942	-0.07249501980945752	-0.285669640869844	-0.06327112964076491	-0.0009763364438668987	0.2654814717436807	-0.4453710659277249	-0.7318523526531407	-0.25537582353988453	-0.09680909594239892	-0.10533454221198894		-0.03966815655048208	-0.21302977124510675	-0.16232576288728068	-0.003988847433674891	-0.2954395783253176	-0.13423658409009817	-1.1899419626959116	-0.49717228120546225	-0.01804706975605086	-0.2989159738915646	-0.6438557247151039	-0.004144652276977467	-0.3223305204994517	-0.17419005825988165	-0.06136884988203519	-0.09265860098379335	-0.11179094885149539	-0.18422948940527134	-0.3052937477742148	0.105584560296478	-0.044173594417736696	-0.3921082064636721	-0.3105769926326502	-0.1572825548655601	-0.11598940248842382	-0.4479895610754852	-0.10668201066150687	-0.2364990929932219
2021-10-29	-0.10559559342114652	-0.0005355791488682371	-0.08044867922737467	-0.08606384860442176	-0.07608005838979578	0.03162873684512931	-0.2839699387570272	-0.06515298179207547	-0.22094898644574185	-0.08736588236691431	-0.13009243396192344	-0.25392900938907814	-0.07589773696873862	0.09511489950278303	-0.036203592414526614	-0.07215749036698527	0.05659345390659553	-0.06569130944268636	0.04387257119304763	-0.20833221069189675	-0.09814255444038053	-0.09141895178852223	0.03888331059831671	-0.03432902794042092	-0.2832614134578006	-0.027950811695199033	0.07246837776386997	0.025061575392268196	-0.11499432500516604	-0.012567432837131493	-0.10211590697697825	0.28584646175016415	0.15015273935764298	-0.22688860498260965	-0.12656163958962452	-0.4044770144814811	-0.0615129600681746	-0.22518153321192586	-0.10949470533828844	-0.15575151843138202	-0.055742677758929625	-0.1592288245237978	-0.44751151541738865	0.30888091459155187	0.0827004839588875	-0.386828873649556	-0.15524024827822358	-0.04175846953415885	-0.18947177834171725	0.6140455368824359	-0.019750554283892822	-0.007369835906887941	-0.007185013313164745	-0.1681809557844008	0.00014491903411226304	-0.024379156698205406	-0.07437430191606893	-0.03335160487152961	-0.23392429533338144	-0.027830482138780324	-0.039616909213639244	-0.25877108378946556	-0.11309945651885073	-0.0027839954163317773	0.7102811382510913	-0.059428953768287995	-0.1930841993596732	0.04106035619319756	-0.06300357338519802	-0.07404921986843988		-0.08914265495733843	-0.1558856285045033	-0.1668895747203146	-0.0163800862441974	-0.08307646329568796	-0.14855433702629284	-0.2191231370636615	-0.7203651306636265	-0.03935177964070817	-0.23428197176261617	-0.1281149812793228	0.012662391533478968	-0.08886557035890745	-0.025640630362329372	-0.06072097666729405	-0.14692507987059344	-0.07607008844731467	-0.11597676484575686	-0.46844724109223534	0.3099812138880935	0.0904388642792344	-0.22269728990411064	-0.11277576835027728	-0.11253067576292324	-0.09914845877890172	-0.32068380285316833	0.4963081355540862	0.0413147722411668
2021-11-30	-0.10711146608249783	-0.0019097232130502561	-0.08354449990663487	-0.07460413503038989	-0.10247283022624207	0.026719939841417045	0.03543044371490217	-0.13775968723738924	-0.35849914643944836	-0.14900125444611695	-0.25020726862531706	-0.46431865591902893	-0.09047366657593214	0.08157864184379729	-0.09678451831096299	-0.08723939246595637	0.046524491928038175	-0.20013108208088579	0.029489865723436082	-0.1866051213069486	-0.25725424819095905	-0.21981364784628818	-0.04641470734926429	-0.11110672255191911	-0.4155796643900428	-0.09116750286792716	0.01002511042239098	-0.139645722388198	-0.5209782316421943	-0.384200052670486	0.4108306261206608	0.2843202417755119	-0.023190140496337337	-0.35911902011261326	0.06984336356205176	-0.6519928079352398	-0.07061494691155007	-0.2726492939038583	-0.1672232271878638	-0.1760482704516635	-0.25597235816014835	-0.27550633450169104	-0.5496389487631854	0.1476950377969251	0.050752736080087395	0.7218922531401004	0.3002288010592865	-0.032846942990170186	0.38802985373855153	0.9138745891188418	-0.028156739782665675	0.036326392224630015	0.011575793503744193	-0.3942980547948596	0.00028706341421320757	-0.037662262957499026	-0.11280205842127998	-0.04550629338812881	0.22475708926368682	0.029446123099587794	0.041935571432960395	-0.007847664560264977	-0.2191023054520524	-0.027922951138320856	0.3599395599096572	-0.39595946431087303	-0.962455157203316	-0.08188088592231814	-0.17056257114634468	-0.19760909796082546		-0.09868550111302987	-0.2938680806220334	-0.035428544611374485	-0.025153839571152047	-0.06557836526661001	-0.27037442879081575	0.21963944325225382	-1.3689694164993425	-0.2514252038252698	-0.523569927058159	-0.0023698604336331863	0.02514759948092319	-0.18300993652318492	0.09245182984598956	-0.13771747184374272	-0.23119802582682655	-0.2009676026030247	-0.08001393803183032	-0.842763438171005	0.3438140571298163	0.035264595952633274	-0.32368897882130837	0.23918117193494304	-0.1316350140841598	-0.11420657096461978	-0.4629557174390133	0.9480201081855157	0.10616573139498224
2021-12-30	-0.12201789352294354	-0.002665325905676127	-0.0938955266373553	-0.08557695048085528	-0.12345547672880312	0.02973923958257385	0.01749885708360438	-0.04234202863494088	-0.30105958021796875	-0.16317569351888406	-0.1670485312258221	-0.2247617989706548	-0.036891853283242876	0.19496817628289248	-0.03352430737745171	-0.03480549790001204	-0.0911438930771378	-0.12275516050278756	0.10538866282589522	-0.18823797512952323	-0.17459841263064252	-0.21745518933569855	0.04615420704506028	0.1474729653180397	-0.41562257181185924	-0.03680993059254109	0.04021089925215124	-0.13667273220411508	-0.45329812088771565	-0.26907123970677804	1.0234045407053862	0.31439287255372017	0.06311514643107502	-0.025548254649616575	0.33499825964679075	-0.618598502310905	0.06884690518362287	-0.011235509078748318	0.08806418123706208	-0.17036039945011577	-0.4582674815296555	-0.1095253306278712	-0.2841499972631114	0.26219006141754153	0.0745351820640669	1.8174263305391967	0.7425022728483295	0.08685322228336248	0.4538634756249452	1.1698810650156426	0.06496013644066687	0.08950886331527354	0.03213132248747786	-0.36604244873880154	0.0005194598198219864	-0.05336596525212553	-0.11242587013272452	0.059253878696762755	1.8328750492911328	0.2183376774056671	0.12704646566787853	-0.028224225143349102	-0.1458354602120479	-0.0007761785895998158	0.5772881991259127	-0.12147342944111528	-1.0590926744667004	0.32054370990049286	-0.10946095683601975	-0.13676940084980369		-0.11108274549538777	-0.17861851397670428	-0.047768740042383434	-0.03530367739496569	0.477087956373356	-0.2400589876421002	1.694432314783926	-1.3979451748275573	-0.23638929697292996	-0.4171005933186028	0.6515018970964195	0.04431293204227063	0.31126299958606835	0.2297917648520338	-0.12926723278628713	-0.18125587301423035	-0.14092029743137785	0.12144178729808655	-0.8139314065165648	0.3850600076753159	0.07756094414921262	-0.0725863110579888	0.6423367121995838	0.24575650080195782	0.05115099968500876	0.19881195826225362	1.2027823325497353	0.2533642096878122
2022-01-28	-0.24996986377356573	-0.004055791048047285	-0.18792823210573137	-0.11769234433791012	-0.1715357171758478	0.05076588458062359	-0.27833089795220006	-0.18765886754459846	-0.4376155173603383	-0.16972100480093114	-0.19350115031747794	-0.5768287938144971	-0.03648833767418218	0.35810947468810134	-0.10641396170800901	-0.03398263134360682	-0.3797055727685713	-0.2653806802404488	-0.004432479526545206	-0.31874607901325924	-0.33950436528844424	-0.32958606564862136	0.04950685189177516	-0.32899676970733194	-0.31236119698947684	-0.16064289406060756	-0.005955970764535426	-0.36184773246301066	-0.5705989933625173	-1.846077961104324	0.19026311861990786	0.5531586052848741	0.13776485496187119	-0.23704525828480522	0.06285445785823844	-0.9168197653059242	0.03835767671354514	0.012310666001209725	0.1342307139285624	-0.4207331795922852	-0.7507679097050322	-0.1799306741633101	-0.3001279672060924	0.5207234289166478	0.1357191514382712	-0.6039617480929411	-0.24729403205558165	0.032787801478280816	-0.41849501004366846	0.1998859712273412	0.07263702136106856	-0.042208450233670446	0.0027253859749248694	-0.6552655331866437	0.0013832211724278385	-0.09329707472864956	-0.14556578617583643	-0.2019271432940703	0.694384449837105	0.08491647405235445	0.00578191620310594	-0.29463189706847426	-0.18812675655115635	-0.03471183979413274	1.1173231478207037	-1.3456527249074652	-3.929845293509211	-0.0663931356414068	-0.21778126919972118	-0.24373149060356486		-0.1735509184402133	-0.284739223833102	-0.20641267120491663	-0.06267111715573742	0.22264665636140774	-0.3191465210821087	0.6472975122720199	-2.137973656367832	-0.5097930472789238	-0.9192724791935418	-0.17465002701007143	0.03289183823559087	0.4479313941341886	-0.11749708372550244	-0.1974125466660755	-0.27465056694703693	-0.26426322635483585	0.0389484910577987	-1.1394320321982534	0.666551271425577	0.07610429919762428	-0.24546825936348515	0.3451736119206691	0.4185477792492617	0.059487502395528545	-0.04471373736064449	0.4713929323617585	-0.284575092739457
2022-02-28	-0.385941831935299	-0.004693804269085139	-0.2906138270720916	-0.1786681331326001	-0.2031167192467661	0.08415119355890077	-0.6863028855436467	-0.2949429045357133	-0.7916303053883522	-0.2184416974073236	-0.22725926536964847	-0.8022507334973379	0.11954604555738518	0.5954374815952251	-0.18040582295358967	0.11449179592966477	-0.3623773191991003	-0.3884929839815992	-0.11013156015640325	-0.4003672639814967	-0.49230878375859927	-0.4126122086241151	0.13951396636239596	-0.39016081473055325	-0.14476202968052865	-0.2562163132828399	-0.10070735421263338	-0.42205245065862185	0.13992376283602448	-2.24558570155809	-0.5626813694085645	0.7607248696963946	0.08130306114829747	-0.35280933257516545	-0.19552559658176116	-1.2395653527700405	0.011909709563343515	0.04372005379550267	0.13536223496687635	-0.6934353815165273	-0.9599335325461191	-0.19912440638542628	-0.158592673464646	0.8176170246668089	0.21782363059515683	-2.4005057212239866	-0.9718815583689123	-0.020296356851617632	-0.11997643194965613	-0.6910718870039696	0.05614994454396706	-0.1336515685040816	0.002099360681988645	-0.8345845564254265	0.0020066010106313914	-0.13323661528938535	-0.03554687782125793	-0.3605631074747797	-0.3770506150466735	-0.0417536850633738	0.00488828418620019	-0.6089607693633672	-0.1550601928332639	-0.07003918973570517	1.7419634322396047	-1.6049975081887837	-4.971015019693761	0.030947788289619204	-0.30220835163990106	-0.33240573591035594		-0.21885713377178034	-0.4685905277825857	-0.3897185805101122	-0.09064402519961726	-0.07687751499004017	-0.3594250061981581	-0.33817484542700993	-2.72580858329885	-0.5770741524597425	-1.1512604155684163	-0.7376005166094253	0.055423468940903164	0.48463401638082476	-0.37566689374512463	-0.2456608421538672	-0.4953110058639302	-0.3592683894983515	-0.009650049942902444	-1.509678447629832	0.9381160056790362	0.0588963802164815	-0.32680357804136473	0.01791020867278617	0.46040607949342616	0.06126255498931667	-0.22325969443410765	-0.039135678192594114	-0.2933770898227278
2022-03-30	-0.6152545401293429	-0.0025739222933711895	-0.464270381665118	-0.2896080963138871	-0.2768232207378598	0.21289507424094864	-1.3753603399511518	-0.2854104524916668	-1.0167407808252162	-0.2366537752980053	-0.23638854216734612	-0.6520774518085257	0.2415069245220764	0.909033447602035	-0.25426668757903703	0.23068045110690483	-0.28977381511089023	-0.35548212668080026	-0.09714768517801478	-0.6892532680084538	-0.4815821770092472	-0.486773760968342	0.3432799033591057	-0.31805200080772533	0.1309679294656914	-0.22212427494754794	-0.08411722889914804	-0.3830047087259313	0.6123829672345589	-2.092939247310748	-0.41704217146219585	1.008896933070035	0.17168330575865998	-0.10349840878469874	-0.20082022070788622	-1.2988897986816914	0.08984766526171141	0.2615962077800127	0.15657593378155601	-0.9997379108166835	-1.2512235196620127	-0.06491849046105092	0.26785752793566103	1.272273666235014	0.34653492460351826	-2.1091951345640783	-0.8492743026162476	0.04704193800338534	0.5048379054049376	-1.0200100801662513	0.10138320031946293	-0.11410989170107091	-0.02354801426638454	-0.857017357859161	0.0037766281827175865	-0.21602590175461492	0.05704463683943542	-0.26713492373043374	0.37654019928279203	0.045850065839831575	-0.10184623976542251	-1.1978827224675823	-0.13183272707025473	-0.10842183019151669	2.69690052823851	-1.3119132563126494	-4.944203355876375	0.3879640113836185	-0.2774144242550758	-0.33319754421725606		-0.3531165765954108	-0.48158140963571805	-0.7251214320174476	-0.1491086087164103	0.15103310775089462	-0.32257980320028967	0.35638480468539535	-2.778930130118732	-0.5409520143655855	-1.1358423590830289	-0.40947459101720884	0.054990432287355825	0.8757188237413752	-0.3581566139038939	-0.30526224497588117	-0.6545583853527244	-0.35280138795206817	0.1437610551885509	-1.5395423150667347	1.260318465727648	0.09457528097531187	-0.05703990290121563	0.04253002091088395	0.5461361764461928	0.2562260991743875	0.19989991447267635	-0.01204157989929	-0.14328637142755368
2022-04-29	-0.9485312075261736	-0.0016045193651328133	-0.7153705408838973	-0.40898338474624096	-0.41388445232058435	0.41885217576064065	-2.516467445580811	-0.4273036279958879	-1.432652944178926	-0.30886023466387047	-0.4627552756807281	-1.1788864572934719	0.2566714164594476	0.9082842832685972	-0.46947676495607626	0.24535013473876477	-0.3797102361151182	-0.6080011816596843	-0.22306840437160205	-1.0689998785250254	-0.7696263116485365	-0.7377251844757623	0.3350576213257185	-0.8243685635040947	0.10319853202758034	-0.378672278220223	-0.1470303798760273	-0.61848442672721	0.30155124386569093	-3.228291286816428	-1.6831577583625488	1.041391696856989	-0.2775586005301555	-0.22860971399832986	-0.6619518038132328	-1.8441199707771538	0.02837125716094145	0.23168610689840818	0.15225619848197508	-1.5761231744880486	-1.6108780429671299	-0.3804315699951054	0.14115858625092437	1.4798022746077109	0.43972774008044335	-5.149351366106853	-2.094224168417676	-0.018054482737838353	-0.49149494380726777	-2.2765234929446647	0.04795560984301119	-0.2675132964736645	-0.07895155891200654	-1.1334890060608167	0.006164443130817402	-0.27821302954034394	-0.007945987562618717	-0.5528718438543896	-1.9796056437878018	-0.23050616856092848	-0.3298728991586023	-2.1518272306790434	-0.2430800313175388	-0.208495916753716	3.089173603504345	-2.2698300334727146	-6.520050211568588	-0.19053582897874805	-0.4677105862145524	-0.5714075417075489		-0.49892021171549406	-0.742088932335965	-1.2629764105258476	-0.1933161756775175	-0.022414878555374967	-0.4884871034957925	-1.8029054684565684	-3.8644505296290115	-0.8202912974396201	-1.653457841596037	-1.6342379578493087	0.038798690535311334	0.539770631902339	-0.7604796552840979	-0.5162321816124424	-0.9390501873547028	-0.5969219848911607	0.10694502842507829	-2.134320722096329	1.3230157114854944	-0.16715324903200424	-0.4447179841427946	-0.5604819929469534	0.6571202948666974	0.273393249966483	-0.01975065956069466	-0.7912119153971507	-0.39741092007426765
2022-05-27	-1.0227382198848547	0.0012662435174531908	-0.7719646569421352	-0.45736313434214093	-0.45889088664634725	0.4991357951643065	-3.1324631831729413	-0.5892391456543332	-1.54601915719262	-0.31472436777912854	-0.606162791615174	-1.3727604092231438	0.19841300512611637	0.990517934514535	-0.47965025070015394	0.18931763918603828	-0.33465788586146794	-0.6584945748687998	-0.22605130573845394	-1.1483723320370292	-0.822412665444892	-0.8719136451965015	0.45712049209980254	-0.9166600665768896	0.2133917347219439	-0.4156594609429655	-0.3225433540980125	-0.6629401913387849	0.12694499796249575	-3.5846890424205062	-2.5319778437173066	1.2926200462689408	-0.39297733654508366	-0.17953152575582187	-0.9104038910165697	-1.997532797909784	0.0053767097048024294	0.37786662434434676	0.03331293473010803	-1.6886418981137257	-1.753807896393789	-0.5254579806238626	0.1811414318469135	1.7614363173165746	0.5226750006964669	-7.021048030434824	-2.86447676167598	-0.11468137105001117	-0.5895387264020083	-3.1603478095900437	0.07422784286053138	-0.37238582056917136	-0.11377187905269473	-1.2100448486939883	0.009708789262813843	-0.26614587433996734	-0.09042351138237809	-0.6103935466605086	-3.1550234990748285	-0.36689322647349026	-0.4731914513793872	-2.6349538844936977	-0.3216391464582493	-0.21785551837465417	3.6787248822800525	-2.593231954388693	-7.283592129431371	-0.2687085048561887	-0.505702714915493	-0.6377595876207451		-0.5192405010702096	-0.7732546499729986	-1.5262460428476596	-0.1849087556192851	-0.32472089214655386	-0.5793952560368325	-2.874625036638778	-4.227143960157878	-0.8699860097391446	-1.8498971620452833	-2.2378886015738324	0.04715681426112811	0.5571700943379794	-1.0271842651034977	-0.6399180393795614	-1.009032525196489	-0.6692941122162892	0.14613163423285686	-2.304751207479076	1.6470230587614836	-0.26032115785209237	-0.6399641898544786	-0.9085138573822911	0.538571520784396	0.3834705031938437	0.06714464253900981	-1.5229681940987192	-0.5410562526354876
2022-06-30	-1.1317071210412089	0.006297160696627646	-0.8548501766147895	-0.5277050755036746	-0.5333768072518748	0.5848586425052984	-3.596093544160905	-0.9283634706346853	-1.8326069652436692	-0.3531766353530632	-0.9887388851980043	-2.0200494234612476	0.08971609386054771	0.5998719167301654	-0.7690517301301331	0.08445647173461593	-0.34234623665578867	-0.9708949535415534	-0.40239621349870364	-1.237651843162054	-1.1465030426578422	-1.0289811924105163	0.27951710889908987	-1.497551140232515	0.01991409963383617	-0.5771659298405809	-0.5403562037036208	-0.9130941019871167	-0.23314595885611944	-4.663426563057327	-3.6269962064325734	1.0214195929560166	-0.885226579176444	-0.3599202909718897	-1.3544042038515545	-2.2581962302747227	-0.1212461624297611	0.15466619149387723	-0.17030795780436062	-1.9221848233300158	-1.3956309993383749	-0.9350314608216708	-0.6029158083775972	1.6685583425669548	0.4618672969382165	-9.544665340798336	-3.9119432522176387	-0.2992564774177282	-1.6290741378629578	-4.144178328528648	-0.036384890395122785	-0.4995989102970668	-0.18720130352766892	-1.548946664375494	0.015692340213795414	-0.27672288853297994	-0.245702212217289	-0.9272364913247866	-5.9033506497887505	-0.6911088228232334	-0.7830071444302306	-2.999246432569123	-0.49909524968394114	-0.35246160457057746	3.4968418881328676	-3.8720745468657416	-8.598203601730564	-1.4046379584887032	-0.7419438983020539	-0.8728984196312888		-0.5408532633360112	-1.0785374715337306	-1.7333979461041618	-0.19404427292041831	-0.9561619831010111	-0.8249935415495429	-5.394684079482637	-4.748162278716043	-1.1963612947479938	-2.507304009301199	-3.6073317450399056	-0.0017137601283145482	-0.18536664085847643	-1.3608532924677301	-0.7388511883590942	-1.2043426910427288	-0.9211929262802958	-0.22358590609623125	-2.61933056714079	1.3039587171570277	-0.5384715857738647	-1.1844949105311091	-1.5100782911763435	0.3016118469538538	0.3002980492953403	-0.18986376362767854	-2.39317971407398	-1.2431894046525844
2022-07-29	-0.9880411547061323	0.010913081650638005	-0.7551848325001174	-0.45209367687561375	-0.5187692232971116	0.5445171027138791	-3.5420967303293054	-0.9963260806955812	-1.7401557176387645	-0.35504270636374513	-1.0395220658229454	-1.7522110674026656	-0.04127195396107852	0.39761589681838205	-0.6592231938277305	-0.041876154980328706	-0.1282826712305275	-0.9419012212604176	-0.4061451715119937	-1.0483491191340013	-1.0984676682555583	-1.0632810413483784	0.24233517166153207	-1.225448465873056	-0.04841135239687244	-0.5904735623370914	-0.43686350898613896	-0.8462473302323332	-0.15918559393085663	-3.971023543155047	-3.17052430875487	0.9118152603883187	-0.975216576701539	-0.2920279330967934	-1.1944199818535504	-2.235783263644739	-0.07761238536918262	0.17245508531258608	-0.16201570325998144	-1.6895024295562182	-1.4316379454884798	-0.7476980604976302	-0.9005925453691772	1.4444222836653675	0.3732690866813587	-8.37806554094316	-3.4333608095761967	-0.28502709614164695	-1.8455469859131768	-3.646168723436149	-0.05339866135249723	-0.43265546567259316	-0.15624202447252472	-1.456969250374307	0.021147293249571687	-0.24689337511526332	-0.3243157021482945	-0.8205262139057443	-5.197772664447747	-0.6092317993459473	-0.6635065232429963	-2.8952028804055425	-0.5908207749090206	-0.30595411728481203	3.012331400395082	-3.3204724011785363	-7.447864117266786	-1.1819417752230694	-0.7225835768286059	-0.8713017511450443		-0.45505029176817413	-1.0547708875581878	-1.6587496637813042	-0.17482103871123206	-0.8784049594958098	-0.8358534506330533	-4.7514536569380486	-4.55704581352458	-1.1352691184222574	-2.420168920407404	-3.195382322189645	0.016768597159895676	-0.2615887840980241	-1.1877373656311414	-0.7737393210097723	-1.120939796657981	-0.9164578039579034	-0.3105115195077349	-2.52002840896831	1.1929491508227077	-0.5490437756743419	-0.9577033134824049	-1.2739540888560228	0.2625674805878644	0.33728790070776804	-0.09067417360452712	-2.0293108069147134	-1.0605539497032297
2022-08-30	-0.9776089468537696	0.021641764461591093	-0.7446642687531355	-0.46217015301521147	-0.546912039423525	0.5267836855364265	-3.4877701549421314	-0.9613564275350877	-1.6556347290171463	-0.3340175879703293	-1.0380816323221227	-1.7200471456686017	-0.17097485626327355	0.2801810040512198	-0.696572250743994	-0.1672906156218114	0.008796742540708724	-1.0301043581644151	-0.44531826355417314	-1.0610542679006463	-1.1868298960518584	-1.0586508983255751	0.16379428806148022	-1.1841281844899512	-0.021689685381457546	-0.6224088305920557	-0.3090559767650942	-0.8675725797949747	-0.16646596421184034	-3.4362078776882115	-3.0630836848158016	0.8428716579407043	-1.068804648660885	-0.5259095245333041	-1.2036418823206196	-2.211023392904023	-0.10192425099546976	0.150849674867727	-0.23674554742127563	-1.642001265578282	-1.4082645286572903	-0.7716538748627191	-1.161289917629459	1.1346913981380364	0.29939411679954386	-8.027606246195447	-3.2902113683719874	-0.3460581075680465	-1.6974704405176249	-3.4324019992179053	-0.0876798412007371	-0.4095670065662096	-0.15720791737176582	-1.4933935765764033	0.03434634115913185	-0.24828519963538154	-0.4648886826321963	-0.7694053932777254	-5.2803792570742925	-0.6189571481111658	-0.6679331692632067	-2.8792705565711065	-0.632899495394117	-0.31584018475779996	2.3388036354762196	-2.995211694525757	-6.502419532993436	-1.1700845237592628	-0.7916420016049026	-0.9307298120661105		-0.46063251999788113	-1.178297979236853	-1.6453542806647392	-0.17493401620333976	-1.0750377961813675	-0.925949343814108	-4.8357190296963335	-4.344006797187387	-1.1707147489713856	-2.4847424117294494	-3.1163259774518455	-0.002378365156414458	-0.4518457665746841	-1.1182741501182232	-0.7604027753682612	-1.058157233371249	-0.9788800274405156	-0.40012520753187486	-2.4179766804641654	1.1172867369421637	-0.5486722776304988	-0.8692461745205093	-1.2875736115985945	0.1644457390850924	0.3643273972685763	-0.4276432728027778	-1.8637651819047774	-1.010095440686731
2022-09-30	-1.1645184672922304	0.03839114568896734	-0.8768788003424746	-0.5277780772647787	-0.6180778043604336	0.5768855551522114	-3.8414443101924505	-1.1379169887538074	-1.8152382797500488	-0.3598882459126653	-1.2699516352651676	-2.256126005970907	-0.32395384644807645	-0.03285802750415501	-0.8352501218788317	-0.31325342785648524	-0.08498794210279748	-1.3246477046134884	-0.6038782891664642	-1.2846805922034958	-1.5032235784010228	-1.2900250118298011	-0.2300279215070088	-1.7063205230061511	-0.0574279773344506	-0.7668811753062712	-0.3655161496781827	-1.1002453275293083	-0.850673223305741	-4.000705754322796	-3.7056325313996643	0.5123365621569311	-1.395312852341361	-0.8456648523513874	-1.5301723486572385	-2.4674520617683795	-0.28877523780091935	-0.3180526103454	-0.5534310181189683	-1.9120397565562222	-1.6533338746807482	-1.1622755339096877	-1.6321913717084942	0.5099769102835028	0.15140163859533695	-9.360851800878084	-3.8374395728514425	-0.5367261001404006	-2.2303146708560044	-3.94064700653852	-0.21390898785362678	-0.473174329758268	-0.2632011604043342	-1.7618319751011322	0.05389405245619765	-0.28687765231115225	-0.4903635891250986	-0.9496043203061073	-7.396486936610658	-0.8673078504748288	-1.1120523060758494	-3.2411235630173385	-0.8272465602069559	-0.37783960764890034	1.0911278743021295	-3.7450117909801346	-6.704161084627874	-2.0855578648647377	-1.0217525634426154	-1.1881674380862925		-0.5510956049277422	-1.4819382784259068	-1.858458399131273	-0.2014496953772339	-1.8011991270909489	-1.2140210093812165	-6.775802425984953	-4.608130333266976	-1.492035933790277	-3.0031310074219446	-4.05999489986777	-0.10837929481656146	-1.2222874906666041	-1.279880307392396	-0.9311533159511427	-1.1666426703533102	-1.2503307904154992	-0.6670623258624256	-2.566289008469397	0.7536936893177804	-0.6809830246999786	-1.3830189208225057	-1.7600405818678655	-0.277313584815002	0.1089144064517667	-0.848441337677396	-2.0897349871770947	-1.4030237011631739
2022-10-28	-1.2529952080628202	0.05452971008544831	-0.9336677617020599	-0.5152664562524318	-0.6037180755742224	0.5739744947061369	-4.177815381774275	-1.1564943577758633	-1.7319107706915138	-0.3452729018161259	-1.222409728861625	-1.7975341766664945	-0.4227755534400948	-0.024528360455997822	-0.6899282264163922	-0.4082087914116509	-0.14719140499851868	-1.2357555489542946	-0.5389341225757058	-1.3907711769109898	-1.4016183851071808	-1.377978171039703	-0.3380930870190807	-1.2801540042203632	0.00626426274238967	-0.695732838445972	-0.2781916081282506	-1.1199952920663523	-0.21523462823936967	-2.9678625614079586	-3.3917284154710208	0.6202581806722343	-1.1702007413378723	-0.5983723194266506	-1.3989998307650406	-2.459213488228098	-0.21080087763855862	-0.4616737428039267	-0.5220172575226435	-1.9624035270599478	-2.054083422682135	-1.0478461135113624	-1.5677507855878219	0.2916187494332467	0.09068947091609969	-8.717674076206176	-3.5745192913756156	-0.5704551759806362	-2.295995246927078	-3.8025007759990626	-0.13869122119334804	-0.43384101963034916	-0.29069321753810756	-1.6522702359867427	0.07355998547187455	-0.29008920048915243	-0.4603895503358779	-0.575633480678226	-6.342734140235155	-0.7439838287630025	-1.2305125857960406	-3.548933186652606	-0.8454996456852462	-0.3152454507447249	0.6779929898383656	-2.94049108684092	-5.472549299583321	-1.5344954832230981	-0.9568014212074365	-1.1664873612981663		-0.5836651438418672	-1.3222129370040183	-2.030409446399364	-0.20457235606516416	-1.993859761111647	-1.317967831861321	-5.821912608670688	-4.247967551298931	-1.49654758806322	-2.8844971901055505	-3.438679202430327	-0.13804110362952132	-0.7665226061015817	-1.1805640214818194	-1.028599259046814	-1.1165680980303634	-1.2282950630550054	-0.5971959892576998	-2.4068136515547396	0.9425117514857861	-0.49418186970757616	-0.9074304360313685	-1.61418780739867	-0.177052611786096	-0.00742150793280999	-0.3599305846228016	-2.0268239791188525	-1.0549233083020075
2022-11-30	-1.0394830481564155	0.07703477496853675	-0.773735690281153	-0.41032489600645894	-0.4669608752570136	0.391153762802686	-3.7356971921161692	-0.8422964917771032	-1.2049083349211172	-0.23059401470867058	-0.8352056897018123	-0.8082119310818303	-0.3040952653914115	0.18994158882048695	-0.47962970280289086	-0.2936160170895262	-0.0341866260939917	-0.7651227529355764	-0.3110821549102344	-1.1946401861950573	-0.8587202465009254	-0.9926914296149527	-0.17944920315095358	-0.6896875181176703	0.08969028829546222	-0.44355905049566946	-0.08318816656734285	-0.7151725286448505	0.4681344984550399	-1.833737175721435	-2.710113750101913	0.7104235513528634	-0.5981530665194383	-0.11214876997586787	-1.0331267187686293	-2.006041886700663	-0.0207633816270775	-0.28444577183031083	-0.2127150675180831	-1.5236310517478042	-1.5426005671103278	-0.6064795121060629	-0.7993879377030702	0.06983045145097666	0.044888101261022606	-6.96299139482846	-2.8511334223373686	-0.47970734349831545	-1.6468919341044739	-2.782363761083853	0.003229912262935175	-0.35205158437862216	-0.2668562492401306	-1.154907863578627	0.09772355917143637	-0.24669899991235122	-0.23982982955675602	-0.1929386757398488	-4.14155449664603	-0.48741183528311693	-1.1268303696271618	-3.165565940766511	-0.6000994385075518	-0.22279590949558115	0.16157133010956315	-1.7307947879808339	-3.9265988352514682	-0.5628258818343634	-0.5955725082161103	-0.7530455067761634		-0.49083220891823	-0.7851269787009869	-1.798986670132356	-0.17431942607960338	-1.7230512987075342	-1.0642285069251587	-3.814139116399975	-3.506936105371132	-0.9750919179207447	-2.0493325112762033	-2.2872164660684957	-0.13668547522771282	0.006801263028029164	-0.9544773381730565	-0.7398676980905576	-0.7665253643707839	-0.8048068937379504	-0.28133829087844964	-1.9754544596227657	1.0366007569883187	-0.21812525196850285	-0.11621989439703917	-1.2218745778372675	0.1193265165199131	0.02946403268400205	0.3398374062157703	-1.8216043055809052	-0.5883458247737612
2022-12-30	-0.8754659321383791	0.10456602594791635	-0.6480347917218374	-0.3862891379222173	-0.34708596502055533	0.2523301482420506	-3.334159125572686	-0.6583689020549608	-0.835928515047808	-0.1269368001466623	-0.6823843235296039	-0.296838789143159	-0.14523847196501355	0.21330862241674575	-0.37706755244244206	-0.1417268538909524	-0.03287235045399428	-0.4757588896260483	-0.15292289406609116	-1.0639230129279995	-0.5097450059828605	-0.744723032355064	-0.16174233982319047	-0.6672621747671807	0.06938026145596793	-0.2776066172610292	-0.10897956342565462	-0.4499182347449171	0.8870387498114126	-1.688874713448488	-2.7440267153778573	0.6373447693512038	-0.3216708802647483	0.12616610349895696	-0.9824395294684747	-1.7026776602756266	0.04938790651144104	-0.1715030309482339	-0.07944407349039029	-1.2210099003757744	-1.0338455235655317	-0.5175923411324335	-0.4358077968882954	-0.11035743171109313	-0.01641760600695108	-6.992420820633647	-2.8664761471727145	-0.44161911415267807	-2.1675128094732257	-2.551609737518591	0.04296702642598161	-0.3525349986651113	-0.2515169296335153	-0.7784218466329023	0.1275612613748605	-0.19506659242386826	0.018970365564727865	-0.042224705883185054	-3.881332509720579	-0.454976059799189	-1.0685058728411638	-2.8470219830182124	-0.4208181947657885	-0.17599645528043228	-0.2352558357106238	-1.504946225264069	-3.4365315140404604	-0.46978639010581524	-0.375482630159401	-0.49972993869892735		-0.4193130968749148	-0.436873104510374	-1.6037362920222717	-0.13678667634034491	-1.6842361034718372	-0.8689422307055827	-3.573359781374201	-3.144173969275805	-0.6427711066388171	-1.502833038826405	-2.110588152659906	-0.13831030642529474	0.21112607376266385	-0.943787941609008	-0.5549343756988216	-0.5248379790076783	-0.5419710549822323	-0.19814106620526495	-1.7510398921584942	0.9331023166558463	-0.13984089140983058	0.22133520620349856	-1.237093296528529	0.17160136618733257	0.03675001913930337	0.610698137518573	-2.0845733523135435	-0.5711831672685608
2023-01-30	-0.544313849308784	0.12920836549360387	-0.4023595302128653	-0.2855558949419319	-0.1991158096016885	0.10333688238839756	-2.40860740555636	-0.33410480756280725	-0.3693936138329459	0.004240036676935843	-0.3286504372855119	0.383447831237544	0.08951604623408843	0.3220570104352576	-0.1705942593639873	0.08078269294219248	-0.005623581296147595	0.012552799523509073	0.028085885488510764	-0.7331634238916296	0.04918315430641984	-0.2855614365863648	-0.02670884638342713	-0.20437818595874502	0.17431214377812637	-0.06160392184444907	-0.17417222162900314	-0.007103530577049266	1.1875529225910917	-0.6582146021329223	-2.067117805709313	0.5854167817529357	0.19668532598006938	0.19641114770275614	-0.6192308069607195	-0.941530465357614	0.1177243854184494	-0.11047742915167491	0.016671907222276905	-0.6740112467571846	-0.24195424473592198	-0.03123242477287702	0.2940944562987986	-0.30507992642348736	-0.06659400015318306	-4.975807374790477	-2.041476487759436	-0.2852201096455519	-1.2135576502335104	-1.2041420181643856	0.07546545726614601	-0.2556435265345649	-0.19562199173967487	-0.22017843067844733	0.15588314781249085	-0.1189994205439101	0.16368448485369647	0.006254801659884457	-2.313515737500051	-0.27020072910830994	-0.8361314902661938	-2.0599417360335366	-0.16891924547230297	-0.08056708043503047	-0.6564003039483843	-0.3850411007426189	-1.6466137385061472	0.24348532044836713	-7.692557425476032e-05	-0.05754973345772818		-0.2745929360173751	0.10526096922846095	-1.1445711617269199	-0.08261751283383956	-1.1794642175151502	-0.5173489083274188	-2.1232004809873892	-1.9612295327967253	-0.07735546504893476	-0.5746922495137445	-1.218985644479032	-0.11384751469294523	0.4523426371104109	-0.6730826028997101	-0.2105680567081496	-0.21400227614735723	-0.08592749937988486	0.023108909025837954	-1.0626396145990826	0.8340232153153506	0.03621440529316999	0.5566610629569768	-0.8575941484767675	0.09606538647669871	-0.019722947117453538	0.5017554586501244	-1.6078856560947443	-0.38819798729269017
2023-02-28	-0.4079025680260697	0.15462879007097308	-0.2989035281156043	-0.2277164937318752	-0.1422460348597432	-0.008813392594967828	-1.8957848668046893	-0.15613957711378612	-0.12008077631348169	0.060091917672178474	-0.2345717477757443	0.8265404817484052	0.11108086970389208	0.19618448775667519	-0.06135747289076754	0.10149658051364469	-0.04048488164246922	0.2496722253005239	0.1209057129888399	-0.6109671944846049	0.32679687705436944	-0.1590601972043273	-0.02232588393604157	0.20071117949447714	0.1619472470421006	0.05116082232559238	-0.32474979509413193	0.1180334194824626	1.4071972784030975	0.18287474658756686	-1.449518268866413	0.40122907835025723	0.46059697456807913	0.06388244787376185	-0.3161750196713431	-0.4868162912964502	0.11803581273963556	-0.20033611711325772	0.03302083596234584	-0.46170648145037685	-0.04935974691410916	0.2526493506802274	0.49489374753282345	-0.4631028058012241	-0.12788428690831966	-3.064380016617644	-1.2559730882522757	-0.21171176141379944	-1.1167609751925616	-0.43104378513375696	0.0642268099866341	-0.16748286299589688	-0.1657164892715176	0.08785535228836139	0.18387864506658108	-0.0867161339311413	0.09619170284075818	-0.060435059266740865	-1.3720040845037218	-0.15939220902674212	-0.7085548200848479	-1.6270067093798843	-0.07342181330184894	-0.027521194274895966	-0.9977372694787254	0.4214227497373546	-0.26899633366205933	0.7048433324764312	0.1771587021497174	0.11917171039545327		-0.22521843397160324	0.4296365688655901	-0.9000902418654597	-0.05872982649948233	-0.9663370731278205	-0.3848352930879386	-1.2593650683866446	-1.1592951513798102	0.09406732302021847	-0.03966993237391847	-0.6342470023168039	-0.09928047855569509	0.4102957259555797	-0.4371394211277604	-0.12148046036824223	-0.05178839138661928	0.10449108683105246	0.13653411266156024	-0.5671097631301762	0.5397420077324897	0.13086614011776676	0.8040229928183866	-0.47326300256628695	-0.016570513360508965	-0.16046734499166676	0.1413327146303922	-1.1847577052338067	-0.20757929901923688
2023-03-30	-0.1568710493250669	0.1821257415897664	-0.11117531436624573	-0.10678330547411807	-0.025779278850314835	-0.19176963202256303	-1.2136065675544376	0.00917986942515503	0.12872981567773323	0.14566391084989083	-0.06401400311329253	1.1835200486065753	0.31672695887948077	0.07530429761317814	0.05919544855882619	0.29882195646289733	-0.03722367157282547	0.47467884293938223	0.1942161250336113	-0.30069260027048816	0.5940595514318088	0.04205999159351448	0.04473289653380985	0.040677453179126744	0.16002571278976666	0.1651883687675284	-0.392468353217575	0.28793447744514333	1.4645653130139136	0.030824985335740962	-0.3994025633137763	0.20456275747915376	0.2666183356167626	0.1109554891463369	0.19426258243375827	0.11951759620959557	0.15339739294970592	-0.08967199912555504	0.19645388509238076	-0.09258997200649777	0.2626069775511022	0.567839531270816	0.6586929020133847	-0.6207446810023187	-0.17458498651060428	-0.10516267066573803	-0.04003638470842397	-0.20200276691137198	-1.1361384203046203	0.369487355889472	0.02326437349170067	-0.03355633534226299	-0.09905474648549584	0.31568248086037176	0.21277824916280363	0.014381520700686323	0.22830984631780993	-0.052275065271785826	-0.0590527320823675	-0.005046818308819256	-0.4283280879385347	-1.0110455212513205	0.06992690719104067	0.03260429678824783	-1.3327026094336407	0.31541011278779596	0.37502862380046054	0.25416152862863073	0.3503452162156968	0.3196528294869361		-0.08200998704110529	0.7088077786429272	-0.5394850278557861	0.013344035676463362	-0.9524071455488428	-0.32047788162171287	-0.052160027954847976	-0.21586229589685146	0.3257325765456178	0.3814219480307033	-0.025189111001866493	-0.039285658020392744	0.2356517185761518	-0.09819177569932558	0.024599569140205446	0.11517971885055278	0.3164820136848494	0.14300266313298027	0.05565032749598231	0.2752120247583951	-0.035759968464919134	0.889528762201824	0.21419873788024502	0.0473055757868881	-0.16742600476485225	-0.0037001073568164733	-0.802798662183795	-0.24845436009456412
2023-04-28	0.09544730716763361	0.20515892891950913	0.0788302062583659	0.0002976023851937182	0.060285170399257515	-0.3048933420604727	-0.5178194203082072	0.1742084471512113	0.35931724786973174	0.20960205230941287	0.10213832069334261	1.4826466025440208	0.44054027801097606	0.011437195308859671	0.19610146844156717	0.41649107087016174	-0.07377399297405463	0.7242102835939357	0.2970079965161534	0.017917279310045497	0.8802546519494263	0.17570805896936825	0.1560062213222418	-0.09252288589864399	0.18369764173459285	0.3108529069381185	-0.262151992871834	0.4389792529414098	1.3902558244054999	0.019537193955319054	0.6230825387984815	0.1371973385987708	0.3185923325669653	0.36905611645714953	0.5572171608964087	0.6786633219768863	0.2478461280209439	0.11811494032222195	0.4652570833507348	0.27694332596549565	0.32898338346922795	0.870671107702375	0.7574070727916591	-0.6507478291863529	-0.1980132592817101	2.373916421193993	0.9786976266007787	-0.13419782092074528	-1.197830942106977	0.9861955299542355	0.0014280823967693825	0.0933469899912498	-0.03929306442371072	0.5661289536718166	0.23671513364971108	0.10091852528150158	0.37215660114565025	0.09490347424976475	1.6186375005549944	0.19136537639761908	-0.17433124769509867	-0.38833224415310497	0.23103372079642792	0.1000477771904581	-1.383339530205161	0.3885893513052068	1.0370133150780276	0.03844783328393242	0.5366515465726793	0.5152659096780914		0.06482090138281871	1.021183866096714	-0.17805509729895697	0.07516489826973805	-0.7524948522748183	-0.14712542727937672	1.4830870040047284	0.7641260654525173	0.5293547345917311	0.8101462363397314	0.7428391056220214	0.012822184098454148	0.3429356091782449	0.21944908670706242	0.11719672575531348	0.2696696496779092	0.5241581732638068	0.17980048224797374	0.6943234637326672	0.14069793614967985	-0.04859576048320058	0.9179180109887315	0.7211601767392888	0.2708960702869787	-0.11549737196301346	0.23627836144952752	-0.41344980485626337	-0.1999564285226212
2023-05-30	0.19212323810719623	0.22438534459941467	0.15241659786122952	0.07362259478656341	0.09289783858959577	-0.35336582181945086	-0.224798001471612	0.3131015179657788	0.4750904153175659	0.24327219343381812	0.28189056257181777	1.520889468340862	0.45770433174832137	-0.25566025618530697	0.2493137205955167	0.43180502404319143	-0.09683909808199509	0.7471388679351112	0.28045839638208137	0.14723582148692893	0.917161672773072	0.24055989826328972	0.05801141090335432	-0.16666866063521724	0.2078042404970772	0.32674829455913446	-0.11449495658289233	0.49514870608849315	0.9802371863200958	0.11417856076526789	1.8480724629071092	-0.11336139815391855	0.20689096481174873	0.29127289915145793	1.1176145079278132	1.1270816820799912	0.24897389235101586	0.040905868265792705	0.3509612572051476	0.4110383909867483	0.14170880102882322	1.0672185140538177	0.5086201837558588	-0.8063145983002662	-0.25255951270303123	5.70191051363431	2.3437494955104192	-0.13284186794176245	-1.1113732055799694	1.4085200565525096	-0.057270803258053435	0.24857301931091447	-0.01341025873165691	0.59674644530585	0.25966758828825576	0.13471916188212962	0.3388289508466238	0.025049585051683865	2.945703453253781	0.3460787991199987	-0.06661613809542777	-0.12732737301630515	0.2868819338439117	0.12867531714040614	-1.7209319516578025	0.3836462311825537	1.6387969534680806	-0.2720746111126968	0.5656693692424384	0.5509498642449211		0.12222640633177861	1.0352647318359693	-0.02944710768132275	0.09924704615478774	-0.761432389112846	-0.15772572565966758	2.6999352771175715	1.6204145029781127	0.6435814273901346	0.9093679886614252	1.3795650737703768	0.02516507577176448	0.08213280788737931	0.585911391632155	0.13470107346163918	0.337378932537582	0.5630003866523625	0.05723197578740591	1.2673878130489715	-0.1923610281900059	-0.11157225951740624	0.788538601966118	1.4883794253026732	0.10759264706290295	-0.2134546296676097	-0.03191483875228379	0.051603499059019065	-0.2180414227922447
2023-06-30	0.2689833186704247	0.24628482210811387	0.21517442370609086	0.13910926965530734	0.12825515795689957	-0.33219769462647764	0.1625733323999743	0.5521776457170082	0.6685055784540959	0.2905483040333683	0.4882735245852592	2.017533423945344	0.3907636202739443	-0.33375458140396197	0.3401051653909293	0.369690592415411	-0.10070619164896044	0.8561424741289878	0.3340953418091809	0.20397417614285507	1.0310247892960969	0.3980913628849616	0.07112557087229432	0.20582935372090683	0.3602097141022607	0.4130122657357589	0.11767947957354419	0.6317033427312084	1.1230664094630582	1.0045308175081686	3.1469344021945496	-0.19567718924494892	0.34425792930894716	0.4215198551035141	1.6102600129688387	1.5303193207384904	0.31764241192952786	0.09849130323479235	0.3672661924396705	0.5827546545196824	0.15768809218979207	1.427681641520528	0.6375300195881834	-0.83530700890506	-0.2659190291218503	8.906916248997522	3.6626366010215614	-0.06922173577912538	-0.7476218686314295	2.4883378848447864	-0.032494449742614936	0.41175057588683084	0.005801328409745565	0.6987189449582245	0.2830699210265294	0.13705739199188982	0.2777514913872791	0.17370356643732054	5.229126232686948	0.6142552055875667	0.013525405609572161	0.1829197232055506	0.37149644128230364	0.17344599989214404	-1.805139036768411	1.2748040902518607	3.0466491563951266	0.2928741379094528	0.6556641131342953	0.6698637524060369		0.1336218303641845	1.1164751090822878	0.1410356633049723	0.10083437725723537	-0.4211088911295673	-0.0910165737442985	4.802573236521184	2.4931810231461036	0.8307865635552814	1.189072104063822	2.5412846532344684	0.02908832074870503	0.3637645377211495	0.984879295220983	0.2474782673660607	0.461951484350851	0.6845716449508135	0.20407903147933248	1.8011301058026978	-0.31506639529600244	-0.03148065299201663	1.2555050018460245	2.179736143125915	0.11375452414608966	-0.21981146534668922	0.19789785392638515	0.9126743916990732	0.17423514262249729
2023-07-28	0.32186619459130483	0.26282818718996565	0.2508032513947249	0.18402518903566834	0.1720386256146833	-0.3126966454520739	0.2845569850396501	0.890655958271372	0.8648761588168963	0.3359059543109081	0.7439842714533307	2.442261320458197	0.3764726624183825	-0.2608180681742196	0.42641599058531954	0.3559092039726194	-0.10454302490414591	1.0004202319146096	0.4108677503913636	0.21796496337727111	1.1854880130336765	0.6684337895056784	0.10427076250535139	0.7323905742428609	0.49192885695405236	0.4902883141971359	0.3163124061374091	0.8107781294411451	1.1546119372604786	2.154520512368027	4.186746255238249	-0.17272408270669848	0.621393967089678	0.5651591201972472	1.9254831992053383	1.990554738323441	0.3852628835202223	0.17542713143175018	0.4419251579870023	0.6870762166324029	0.47874009454272226	1.7874393341515935	0.9109326717695467	-0.5683123690060525	-0.201388199055353	11.479388266698848	4.718245870080013	0.023007749543812572	-0.5397878551017712	3.342741297340698	0.0418206141569666	0.5398286753829266	0.022856453813460575	0.8898071981418427	0.3013859080184874	0.1503529194824308	0.3192742298300384	0.3199180578829406	7.304809481860409	0.8589014513913968	0.08593576595756236	0.28607773784615986	0.5888920254221319	0.21482005415257588	-1.2567699661830392	2.3290635206246737	4.363961977320113	1.128282398845183	0.7734575107190456	0.8444987294175743		0.1413271918137755	1.2284918918525254	0.19652387675904848	0.1092056356869302	-0.08655863280600062	0.11169038739663462	6.714280621328533	3.3868161439003632	1.0757069164984525	1.6368310261191228	3.6433327437074228	0.0418258355777648	0.7903637373444072	1.2991731912200564	0.4587001736942893	0.5816238149257993	0.86820609637329	0.3614081997029824	2.327891979974913	-0.27603280306512	0.1181825952653921	1.6616630806679775	2.6427786901978325	0.2161225686632643	-0.16830838674221277	0.4825225118488847	1.5342680963813704	0.6315401301847183
2023-08-30	0.32779260560335777	0.27801629406427397	0.2526732514926695	0.20515291948629732	0.16527645096854338	-0.2830348716521336	0.2077302825009113	1.0217684253552293	0.9002392074524534	0.32425116773787166	0.7505529656167673	2.3727343719945995	0.32423500262229044	-0.26779372319303096	0.4893892729133771	0.305963099365366	-0.21649731444633735	0.9239054655936223	0.4384523174963894	0.20266579584109756	1.0942117858626998	0.6781725869679871	0.026583695474454605	0.845993711370344	0.47755609897646284	0.4664364703614742	0.40865807432879475	0.7511862424237665	1.0828119255196458	2.379090905847298	4.6042023252190925	-0.09489021674691145	0.6276456023876144	0.6222947641498848	1.931476297849281	2.113684538450867	0.4155690286263244	0.05235674156806758	0.3411133049306513	0.6887187942663084	0.4497448354004181	1.743213497013398	0.8300503073995652	-0.3412128306498814	-0.15724252758678703	12.19862844804062	5.017061531542096	0.05655785427687832	-0.9485264292630573	3.3850141604067883	0.06666357204874061	0.5876294292891786	0.023076354501975538	0.8666004500668159	0.3169151450825656	0.1721238321212477	0.34689554072669093	0.5186176779545606	7.92582761459177	0.9337958835482825	0.08784205142000401	0.22639508177440248	0.623394932595311	0.24650975529347408	-0.7826048604660372	2.558524297217663	4.644133981616344	1.3173593118840443	0.7163782599309154	0.7982983731019668		0.1419858163385268	1.1282301013065061	0.16467967639736436	0.12466384153443377	0.06579316702350546	0.15805759720751622	7.283039554191538	3.6962521935402393	1.0013220021465756	1.6580949182386444	3.977309529745961	0.05129317320212032	0.8561610543469216	1.4166100869105152	0.46704497376992427	0.5974381150032979	0.8223144027217171	0.3741153795728993	2.5172690889771836	-0.1851600570762737	0.1711273834560847	1.7437410312248627	2.7071378768241994	0.08658303339640117	-0.22960004203312515	0.6143853846199138	1.7978640372142105	0.9084378901079626
2023-09-29	0.20493937701736042	0.2921881033302396	0.16499740907286453	0.18451644604462158	0.11349957828596358	-0.19308081093405138	-0.2360646287925583	0.9767498702439776	0.7482080527976529	0.2402605925040503	0.6083931334973596	1.7956796109150812	0.1493804468022764	-0.2956863986205924	0.44657435176695137	0.13890574814140705	-0.363016476911606	0.6940951692940207	0.4097236112918022	0.05440088579571123	0.8298389607077432	0.5493989615361143	-0.1807347608152916	0.5236562186457405	0.36800326365731617	0.3562263611278853	0.45775810810946793	0.6128141236225955	0.30422245181925645	1.7680151626999923	4.111146399224777	-0.009390072299385377	0.4877948731232761	0.40529082201322814	1.6031267702816776	1.9895378035756028	0.3178870680902508	-0.24516780519593437	0.055753120588991456	0.4912651962124537	0.32188466054812626	1.3615969610066014	0.5438378799731524	-0.02878712622409818	-0.1114709019078321	10.97328919027842	4.515120549338336	-0.010350269174173699	-1.4077767624756028	2.7687806016632677	0.01835727122358265	0.5301672232157092	0.0017489688260252656	0.6804777734291152	0.3314360700036709	0.1831046531005116	0.20529732923212624	0.5706250332178924	6.59632889073147	0.7775098781185911	0.001915622130746808	-0.15287062221966252	0.5609924094922182	0.22884490502622196	-0.01872938081667197	1.9346618622386513	3.7809647049629884	0.8856359490169757	0.5422669234046871	0.613688196391424		0.09939524015596346	0.8253573400325361	-0.051998295748579615	0.1323375173116053	-0.17801066872958238	0.10531516942145869	6.066918730649199	3.5446333141534243	0.8118154131204074	1.3489681507174387	3.343617705893219	0.053473873938715034	0.5298222257927774	1.2628787911987265	0.37638560432933565	0.4852919488052678	0.6345518490666744	0.24484643109437362	2.4317680124043397	-0.08956344805510508	0.12985649807591515	1.2799549079815662	2.28084784458759	-0.23335864192516187	-0.3778955255191208	0.32889302521499997	1.6223751068695944	0.9217080698043341
2023-10-30	0.0610466180867375	0.30269075978247295	0.060376189807406	0.16958045713524506	0.07846539764998073	-0.1485724953058556	-0.7019390902099154	0.7809936318788742	0.5918508432590466	0.17763761202028538	0.4170145461943786	1.0473192292397764	0.21409905610383395	-0.3963596686289095	0.3546359064000426	0.20172370313555005	-0.5348914041497286	0.39837851705404237	0.31645567355917276	-0.10081059584479446	0.5012722137556835	0.38080587463824855	-0.38344119211545885	-0.06041784471541378	0.23374333338862097	0.2423069465342117	0.4140432626425379	0.39880212453317965	-0.11147828210611177	0.5184203586150575	3.493251617037468	-0.07504429694428971	0.23774051041169608	0.03790354788031902	1.2959426829057927	1.7684329800521783	0.1819345994700997	-0.40600880411721013	-0.19000245632258053	0.2487338788227147	0.2119448294831825	0.7718633940092363	0.2008167293562212	0.0721255349810268	-0.09220984065983762	9.131527205077507	3.7580270947655334	-0.11334552677874843	-2.10551743655852	1.7621126658226682	-0.0715020881972972	0.44702384682101104	-0.012952731329471279	0.36796801981700256	0.3406163319553759	0.20252442802427384	0.1707215224331168	0.5112496170798853	4.717763975062109	0.556449089503148	-0.058592657137392035	-0.5549374322440457	0.43661428254742685	0.1876390793521242	0.12028022986145936	0.7237683396150345	2.1023116269618587	0.03595109717939804	0.32013259820646844	0.3768031045290132		0.05467815763026884	0.48993941677792097	-0.2816620324057828	0.1455233621204859	-0.5111216275253567	-0.009809164184054087	4.349981686603172	3.195846672613193	0.5288672892794817	0.8088150337871749	2.37478073816396	0.06550762498190571	0.004336107223803953	1.0483421113624303	0.2503283779831691	0.3640749239501182	0.38806055084980895	0.06751940477174134	2.218638431842413	-0.21818445757906746	0.033010839944656034	0.6887612521677885	1.859379164546868	-0.5001482632445438	-0.4443168366338558	-0.16637645823252195	1.142250920569834	0.5863800314016052
2023-11-30	0.2305948091792196	0.3116694143091374	0.1864839396548399	0.25281714248687726	0.1307525522013342	-0.1921187537891137	-0.3817057994932238	0.8893341858095447	0.7683316666403877	0.202977613731947	0.5577409986398025	1.2303584281349464	0.28980322992752594	-0.385476897645042	0.48782311942353096	0.2740440943787582	-0.5227273012888585	0.48814673596186897	0.43635939342082425	0.060804895793169056	0.5919618306508084	0.47343349519043754	-0.2531935413003082	0.08928837520335531	0.30956434168609	0.31329244265847767	0.5403278117477395	0.4602748664468518	0.37162731090704204	0.7958823216209776	4.007842442600948	-0.13177973581533609	0.5014939143248843	0.10275648710478447	1.5440075948211447	1.9009684953346917	0.23339985656577605	-0.25595198782410483	-0.1710199961191955	0.5322916836513252	0.1806086800452329	0.851911571530916	0.3856035133413698	-0.022668162076985077	-0.10221071723499364	10.034954977646183	4.127027827732624	-0.02466420318920437	-2.4168519466747886	1.8891867878626374	-0.03514786887365773	0.5067018617507584	0.020073023040054316	0.48421706130767195	0.34839240755207035	0.2556826146901114	0.2550645886921708	0.8031894690183051	5.826249019261749	0.6874183759649735	0.07818652279624194	-0.2552024605684444	0.48514832051906975	0.24428160635220336	-0.21012505664781855	1.0673946791805635	2.4064510318834405	0.3769007236468429	0.39284438676020705	0.4617754822796283		0.13369694050700076	0.5849880605348964	-0.10942582145668123	0.18318128249377463	-0.08795874094783018	0.15575394675602316	5.371502446867431	3.4522598294534825	0.6212080674699108	1.0293773996777578	2.9456896422127534	0.09678994095961654	0.26762354194578153	1.2110100714878742	0.3192458796045028	0.4818129409940566	0.47428824793193014	0.15602768501197845	2.3360388988652105	-0.33061298353251534	0.21396925128788735	0.8519580439315818	2.1911964923769025	-0.46962552642447974	-0.3577628478802862	-0.014638786928039021	1.3602667317462513	0.815088959571155
2023-12-29	0.5523920564177365	0.31651654463281664	0.4190230428310926	0.39048416616780735	0.23350994315606033	-0.25804046810973214	0.4449632126035876	1.0473182622162875	1.0810041568916935	0.25015114337041755	0.8191746740365047	1.8118526175613265	0.3505330862545555	-0.28716012455919937	0.683857202522074	0.331311943311021	-0.38645058423012557	0.724519077278614	0.5729159348236166	0.39194906309636535	0.8437056649330135	0.6370621456674397	-0.05023542142806939	0.9482423706382881	0.4422833127560458	0.4155890749164983	0.7716490281467336	0.6708101374864041	1.081632665478399	2.3373115888975677	4.557422914615929	-0.18702010350652998	0.8998817714616749	0.35825686225790615	1.7958030692317881	2.0685644572486956	0.30483630728978783	-0.056869577330121546	-0.05159947485169321	1.0079722915499607	0.13137933471464391	1.2346458098172062	0.8200944947086817	-0.18787439755385194	-0.13393278053435947	11.465212591274398	4.715280539316169	0.162400804016678	-2.1298045497983757	2.3962451602723234	0.0766138016634244	0.5746702832374517	0.08115521724496877	0.7980602542851196	0.35206948901288904	0.33125610726043175	0.2085536503333851	1.2028662955743177	7.506321714686462	0.8845443291269017	0.33005993631713704	0.47466768793104563	0.6140147377373951	0.3310607215094111	-0.6625120815654499	2.493876378413834	4.080261362663503	1.5523935128349096	0.5731866700755326	0.6550502027416665		0.27608152095081095	0.8125444944532597	0.31451956455438257	0.23826099190737668	0.6561791621632294	0.4620844381797564	6.917076564152631	3.879435470688101	0.8917656375117327	1.5390469068023682	3.903179586572513	0.14107748893100006	0.8439333745871298	1.3931933942561023	0.43825036621681845	0.7096180182672152	0.679407645487316	0.316913811111005	2.506630237712044	-0.4147715854700986	0.4370050278248545	1.3644925046573633	2.516686194123371	-0.31941153199549044	-0.24946759255905285	0.42547663157512816	1.76882652834637	1.3758467626425606
2024-01-30	0.7131634617046694	0.3172839729429693	0.5347983317791034	0.437903397538024	0.25357304019636806	-0.24427385921604428	0.8017908495847497	1.0338508477625745	1.1942994495012833	0.2549904864455705	0.8903941847005752	2.084513826115709	0.32960995443699903	-0.34015912822783245	0.7938710317980826	0.310932214790983	-0.3743392803659402	0.835093454525133	0.6798551820904781	0.5665433740703323	0.9546214278683933	0.6088191630061521	-0.0014108273776225477	1.361358639927691	0.4350070360080076	0.5219278411212982	0.9231329248152184	0.7838442539954529	1.162964205601023	3.0541865274986586	5.227219207720829	-0.21890307598738712	1.1954065110159002	0.632297205459795	2.049976082799441	2.38382355055562	0.39520836489509004	-0.04828604900939926	0.05616164969440994	1.2419991991742672	-0.11134250273864854	1.4230227389019747	0.80049896516317	-0.12878298635760377	-0.13064112023305863	12.754103970555937	5.245717149677592	0.2297258480221822	-2.5396597188009498	2.442363130422866	0.16304890077358095	0.6529295355613636	0.11572931764373151	0.8952249744333365	0.35233849582543675	0.37084606671521836	0.13049011861834248	1.6871163467265777	9.11980711939377	1.0728964853266958	0.47174870923114076	0.8049401703730847	0.6329528823219359	0.38091145128009163	-0.5502899561835175	3.215488687490873	4.8769662451169875	2.177792674427734	0.6455220275162702	0.7114095173512484		0.34958930847888614	0.8977083883976236	0.5099210974716204	0.2658829004438549	0.9128896426196347	0.5445303373569903	8.401068488429331	4.495394669461672	0.991455254791169	1.6406820466218273	4.725171204466272	0.16719606994619501	1.313254208831386	1.5837325629703918	0.4235109566057573	0.7927476595759522	0.7392877821654505	0.3337442419517668	2.8243887644588535	-0.4437546159951409	0.6592265666505128	1.616624150069549	2.869151129302308	-0.12928350443649383	-0.2182354145461597	0.9329486672297934	1.802059638583333	1.95420029568075
2024-02-29	0.7392752012693924	0.31688299325174585	0.555065598038109	0.4486093534875535	0.2483671835308512	-0.18467472477854907	1.0056696833280068	1.0628874471216436	1.2543728376776784	0.23818009697096387	0.985956296361786	2.556440940440733	0.30316461524476124	-0.3877521526126151	0.8263271061771598	0.28436404246661084	-0.3316197151276632	0.9396453218946905	0.8299942354097599	0.6049068681385035	1.0705581987897552	0.6737661017479462	0.02426752179601105	1.6034558775349104	0.40857221532200017	0.6790363107982141	1.0734557112952852	0.9361806877812502	1.4892372951398851	3.7685311408836135	5.876115111213499	-0.251403305225923	1.4663120986058602	0.9021507737129828	2.2267464893119904	2.6010536760004253	0.4772219925266423	-0.06963411861160645	0.11533457194719875	1.2484034863712803	-0.0885176156398848	1.5485235729244642	0.8222050966051696	-0.11189922230860039	-0.14641787158006336	13.72691177428841	5.6454930996209125	0.2621888367013424	-2.366966925361652	2.9507260423586703	0.21695710550838998	0.728893438845953	0.12844267988995867	0.9699765183630207	0.35022633089846633	0.3688689476828031	0.04474108135189764	2.341403664622318	10.685682521857679	1.257006760720908	0.5306395316402965	0.9750978407765043	0.6903657289154168	0.39502126480474253	-0.4468270468973503	3.9930116062380856	6.105030272034263	2.6476176088498495	0.7205914100173106	0.8008146178037283		0.3576391638737415	0.9667744615474465	0.6037310863889118	0.2643230957237953	1.10755098289774	0.5632644703539045	9.835271934510068	4.835423075326433	1.1618154604676927	1.7076728036245479	5.521874275950649	0.17604615260724032	1.7401931908975068	1.7838677407377774	0.47691595705989354	0.826170696577595	0.8248580151509848	0.45583869924453524	2.990052636304262	-0.43621038157076697	0.8347266727923761	2.092945336670466	3.076052520198958	0.05010651226710339	-0.16958679261097886	1.457567142901552	2.0631479890667404	2.992580855953077
2024-03-28	0.786895644507319	0.31279123497121786	0.5884344523567706	0.47047887305897573	0.24684770251457044	-0.0579147994989595	1.2172794854209883	1.0642802423512514	1.3439113099608904	0.20806565225819	1.1057109359888055	3.034527284300597	0.4871041617940197	-0.2426082651475172	0.8519132649145882	0.460154166282289	-0.2699693236713452	1.0898135909597013	1.0282095469722858	0.6643249585921502	1.2297160599545072	0.7677473344215133	0.15425244987507525	1.8969823663208427	0.38296035423329644	0.8599379392795643	1.1360589544624844	1.0808220863603348	1.8564280529937816	4.502411155791961	6.140599316193519	-0.07985351191590162	1.80122474987317	1.1574804466061952	2.2929473530762365	2.7716721751127293	0.5587377879957713	0.11516663790270354	0.22433188036814397	1.3078737678159027	0.010683285150402622	1.7257670181223586	1.1030177694187693	0.03878754867616907	-0.11539024499891798	13.909598580146495	5.723073842609043	0.31272619279492164	-2.1255969477407337	3.2451456312830738	0.3081792121917585	0.7646165340130908	0.14465157270601986	1.1056888390008295	0.34443163722255665	0.36609831792883707	0.11683594912823579	2.8259500154180714	12.079756680079736	1.4220772794179386	0.5984547872715948	1.1463018860188239	0.7104136064836495	0.40767218786982873	-0.04565841188568509	4.889987013446888	7.112668996513157	3.41592513284142	0.8362038500358474	0.9315572601540775		0.3705918621243196	1.1044651910047052	0.7051990925074447	0.2609966431843411	1.2976298045528711	0.6775345678955071	11.113272704123819	5.058806455200319	1.3508102094067906	1.901752736172524	6.225759022187786	0.18736601598715072	2.381900487140836	1.8621054589611288	0.5427295195213155	0.8830017173340623	0.9519696758327694	0.6790566260055564	3.104275640584859	-0.17386472085027593	1.021177869442276	2.591383648866052	3.066343902506356	0.30111514297788944	-0.006967545836420508	1.9129274709047186	2.123157531305848	4.001348800745311
2024-04-30	0.6523893669592504	0.30713564982475194	0.4900584389125404	0.4257922279891059	0.19323905528200291	0.09133050713110163	0.9733829633626794	1.045249082699126	1.224970003272997	0.14957443491786498	1.0591143797674043	2.8549575028651155	0.654310354338643	-0.12656942319331987	0.7659112962291506	0.6204122554105953	-0.24948810077447625	0.9954829248446125	0.9659123206459193	0.520309520885613	1.1214673902721146	0.8011373860027098	0.2075016799150104	1.6133364627788873	0.27900969595180714	0.8354268394300615	1.1587187367604144	0.9423237673357387	1.8241131019184458	3.8652784847012414	5.459968553900083	0.017914501354589163	1.7277542179919796	1.0177700812901052	1.9226814136868882	2.595751359825001	0.48870932059601047	0.2497200433882143	0.2217360045643914	1.0988155334647987	0.23735802721144816	1.448842411123704	1.0583605081918104	0.12160990125377125	-0.0787228612803356	11.9804247053621	4.929522514166731	0.24407871369499134	-1.8007000256150558	2.767303737290838	0.2769535829839683	0.6848899349826645	0.12655908493405182	1.0206817619895354	0.33711053692546855	0.32492522551290715	0.23786989792814256	2.697230023832485	10.93147749340918	1.2883564061068549	0.5212423575898719	0.9144593029888188	0.7402158475934653	0.3708208690672058	0.15614294467216983	4.293833073162856	6.240655315013607	3.0051442789431895	0.7622352477582098	0.8784857697840875		0.29933892587560407	1.0280862452046835	0.5719407501752096	0.23293770705257605	0.9781646551393819	0.6456498087908367	10.063635610783527	4.635893981170289	1.1854033817150387	1.811880031078782	5.613645618781696	0.17956742211931567	2.2499997626228234	1.6557075997891535	0.5883486918144111	0.8081078691690222	0.9005245684831138	0.6508765635530795	2.781925153926556	-0.056180147607859166	0.975561504917084	2.4683899873085204	2.485904683159977	0.38525821552342243	0.13041302983475056	1.6338059255576574	1.7944493603094416	4.031359033026631
2024-05-30	0.6241695183946678	0.30036558938560987	0.4684244399473634	0.38462304732948926	0.1746942327756783	0.16209413095697933	0.9681549169254478	1.037800554961936	1.2030345990590576	0.1348222761991695	1.0258246485578724	2.7470253385642844	0.7790736153319886	-0.01680894307856673	0.724555293905145	0.7387840422715977	-0.09791300239976275	1.0350642149407605	0.9259493416454654	0.4978701006059927	1.1636953965471708	0.8728341936186228	0.3655518438848888	1.6010887571375958	0.17915365919966209	0.8547392731611992	1.14744514424773	0.8845463036679765	1.917210771651721	3.794022952864116	5.450537312239964	0.01895983259590217	1.772988440435512	0.9531430848106845	1.9448931627520265	2.6080767060938563	0.4448939918759849	0.5408334717322066	0.26436200258226555	1.037357662208192	0.568468055857601	1.1935509092409782	1.1059838503306987	0.09396331700969096	-0.05201758476992399	11.722852015877962	4.827662972623804	0.23256942830933436	-1.3471332228717863	2.318532143937392	0.24375313642548013	0.678939002698832	0.13250514340928754	1.094616174529312	0.3284389046880647	0.30964100363658587	0.5786112915645079	2.796183832956549	10.811097081510368	1.2742132289070738	0.5460733140716587	0.9012918522098872	0.8707445462859911	0.3503367692161702	0.06250643890009577	4.083766891694447	5.901421008648863	2.8752885290238037	0.7815413613961119	0.9200541015492569		0.2825522830172772	1.1319456859652577	0.561562285762518	0.22255317852221723	0.8733705662876909	0.6595143665056136	9.956234022582514	4.566958059495805	1.0899351492504858	1.9481504139004495	5.503961196910193	0.18652310956059892	2.1550014318471105	1.65156002819399	0.6703464360388873	0.7926481489212404	0.9443218620471839	0.6499331223997356	2.7120570969463227	-0.08513322979564864	0.9345943155373639	2.262273529969065	2.375955777588505	0.4496957548010192	0.3522733820796091	1.4376596580613672	1.4739797836222113	4.150615134846816
2024-06-28	0.6561991777946348	0.29190999956057606	0.49303019368523504	0.36476876750088977	0.15143268447077962	0.22867586331516288	1.14045877275327	1.023481934474645	1.1495760825260208	0.10126987874107803	1.1002236784943136	2.4046612050506146	0.7840411401366454	-0.03845015019435416	0.6933199314341414	0.7432409001864819	-0.0835830014568375	0.9528138690162563	0.877982307551419	0.572019415638044	1.0732350405754474	0.9399618507540825	0.3882406417684036	1.4261557285457398	-0.0012261915922162636	0.8294714161523915	1.2440323297609526	0.8156729096290192	1.7410096246603723	3.529455083945235	6.064798415901672	-0.012507553498046775	1.6757661624736104	1.0294314627450893	2.2343259718602173	2.6694431697994463	0.42436679811978495	0.5636743957304534	0.2583081722574706	1.0268874017625518	0.6424621493263434	1.000997008012492	0.890652165517642	0.1522706174399977	-0.03930254567914043	12.585552976008795	5.179476254775061	0.2524301258847472	-1.480952702148814	2.0519094628683794	0.23523160004480803	0.7346848281701277	0.14957588604508015	1.0048896992835736	0.31884442767606735	0.3154348567911147	0.6409341092581696	3.0839207281792635	11.486231562385104	1.3528618393741123	0.6199931205645581	1.042609400620763	0.8995784441378079	0.3345540684643196	0.22944112394090554	3.656101054757967	5.491525896792219	2.5022488547116137	0.724534384498824	0.8878996141115709		0.311047603675072	1.0456197489530394	0.6432051706428452	0.22736292225347243	0.9640407331895524	0.5985476705294863	10.574410819382994	4.646076938653028	1.017966435758836	1.8931523031923345	5.712834623014154	0.19957605534154005	2.1120298567650355	1.795275902543374	0.7212695252228544	0.7563144228714541	0.9090474214533697	0.5574756317484044	2.7351193967771437	-0.10023694460706789	0.8690770374292952	1.9941913467268364	2.6629968844074856	0.5187684613546075	0.39220704105708537	1.5080544376737888	1.4356126565858962	3.9774737473596353
2024-07-30	0.7611400388874598	0.2826841999263614	0.5679973990363856	0.3862887453281293	0.17228433087608108	0.1879212140030364	1.3759799020121193	0.9248237660559591	1.1738336047523799	0.0993067123417657	1.0678390395914197	2.277714254514591	0.8356818042810583	-0.04481043218623049	0.7185954287381792	0.7937096619461244	-0.017684113907580734	0.9106339608853795	0.7738287542815661	0.7282481695823706	1.0162921721696137	0.8976381080579827	0.5021026124509647	1.9145142075448938	-0.1332680219236888	0.7598811112063579	1.2945161531574887	0.7733691645270744	2.095669074109191	4.412184137481402	5.399997511130534	-0.039408669314093814	1.7992612968737398	1.1934359091445415	1.9164773344157489	2.3903868535262145	0.4146890814088182	0.7529475796846283	0.3376397184398162	1.1094863694796695	0.5996215295288847	1.0841902981563418	0.7813636574174598	0.009784734103648551	-0.0753096080507136	10.931077554976724	4.500375245273375	0.33901657892699066	-1.492090890135291	1.8103722814740753	0.31312629153976757	0.6673937633131202	0.17393310281001867	1.025409506740209	0.3085110725482294	0.34753913730905917	0.5948593196341941	2.8085970940292877	11.01197023305598	1.2964612220427552	0.7210428497674228	1.2780661864680622	0.8262882735785059	0.3420904096536463	-0.03606115088763051	4.04064845418112	5.551956237503311	3.014634604351457	0.689790288077961	0.8476679265331281		0.38047045869415763	0.9910959388767275	0.7785402430598554	0.24957662115104096	1.3999447307505448	0.6464492819444176	10.134983508765117	4.262921715440067	0.9463816956306002	1.8876444625094426	5.544940215927937	0.21216547272981806	2.340689741721998	1.609711595449352	0.7010382889868221	0.768234233676332	0.8699099040509768	0.5513854341755073	2.5370245405584626	-0.08373595233003295	0.9443613500592185	1.9644968810025256	2.135854656850843	0.6105758630109079	0.5087631765628442	1.7234672701089693	1.3988225918210277	3.8859920650715445
2024-08-30	0.9143624027990755	0.2758424677556688	0.6796477342113798	0.40720762030832625	0.23964264642298727	0.09704831348698761	1.7136708633182707	0.8810797067644907	1.2735013366250698	0.1385261822166095	1.0948050346333846	2.3861062438577267	0.9285572400568749	-0.030986486338183683	0.7746589710945808	0.8832409028988932	0.06165108283677556	1.0198317469052387	0.7676743608726433	0.9253632455511811	1.121035759873422	0.9246806376147276	0.6821775118785035	2.0420314813751443	-0.14058136858891856	0.7657967533091294	1.2965671950557862	0.877839144153193	2.539277234767617	4.57683471465018	5.254476469436041	-0.06907067334610328	1.9871972250945777	1.5601554831641704	1.8348167628086713	2.27719312212394	0.48622898806313053	1.06027902558793	0.5640940983829288	1.2721210965687315	0.6390030600618752	1.3054281092129014	0.824955199330442	-0.1259352323035603	-0.09336667465167564	10.304475982690224	4.247717296213182	0.46505006318159015	-1.3801735477679156	1.8458072871087223	0.3754522686153283	0.6471677711934447	0.20380268299140922	1.1283144042161313	0.3002456377913527	0.4003880342225241	0.5623127926610649	2.8292012749075006	11.303345444762037	1.3293923947420954	0.8444344011853513	1.5921534004823759	0.8016642983546207	0.36438519512817846	-0.23888013067505476	4.134823369831528	5.442727209605601	3.198412452180685	0.7574976553235635	0.9226111456152076		0.471051398248564	1.0755029408300134	0.9611561148689285	0.28622461136658744	1.8754922659913154	0.7869601808183213	10.399599004988659	4.029220096333797	1.0308410612767211	2.000912110437787	5.678131509225089	0.23082721862642996	2.668738994647603	1.5666133616670184	0.7307790617532813	0.8420649936418904	0.9430023276404247	0.6049146635290805	2.4174028370075686	-0.1436927444275815	1.0493591685725623	2.1079361247770354	1.9631803120502163	0.8975507132146503	0.6873303453755196	2.173678641675167	1.3699041461065669	3.5884050724885093
2024-09-30	1.0503100626919413	0.2670460713150895	0.7784145727573623	0.4368984234102805	0.30891367503318845	0.047952879786550495	2.02180117362683	0.9069439042281222	1.377820497443255	0.19876100885053136	1.0746184718009228	2.52332276810837	1.0824124266321968	0.026309992560790807	0.8373439503071831	1.0307547285856646	0.14758378906973957	1.0712046443982888	0.6702165014066366	1.0976586785343891	1.1647657829733644	1.0723068953306722	0.8783755264705377	2.062866554360173	-0.14755620917217993	0.7286536163337223	1.262030412342642	0.9780146201060067	2.7626058710501242	4.524831444360078	5.164069999081651	-0.19550632935047885	2.033698793005466	1.5001447916829336	1.7194947117392978	2.3540504099181305	0.5505437194355678	1.4164319358425406	0.7163319214436268	1.4452136973531249	1.212025147914222	1.4433107843390562	1.0617489341175053	-0.33154421355908337	-0.09607508429554287	9.936917407267437	4.094655068808242	0.5741685965225889	-0.7537390926020215	2.432824843608406	0.40480858697995215	0.6307436427535122	0.23778973137360176	1.237917115425504	0.28968036743698633	0.44714667708468114	0.6369491757408332	2.742760143705036	11.421619038844291	1.3457210699031759	0.9840130625123592	1.875847652814186	0.8851375556013843	0.38684302563232464	-0.6656495355886012	4.220118476288295	5.486060906962002	3.2942800705917943	0.7847921564969127	1.0067882702387527		0.5474490004297436	1.0769585910563761	1.1296053664396886	0.3188926925444342	2.271066055639724	0.9809866833981593	10.528452094379873	4.069355319666506	1.0851550458901356	2.172035803477927	5.723152630742419	0.2565562815563279	2.8450639137158458	1.5250136769838392	0.9090949539790242	0.9210151302688865	1.029896279206676	0.6745012640594501	2.3983227909936065	-0.28428108776736805	1.0327136679898539	2.3110045000145947	1.8728954939663058	1.0738236735248345	0.912019659333062	2.151130221946596	1.6942143040745263	3.289047717717139
2024-10-30	0.9380091895059475	0.25430816644668264	0.6962467864487671	0.4102481726123501	0.27005324025655253	-0.04562389767860342	1.8298025942872673	0.6997978040280319	1.2705559116581886	0.16065543610302713	0.8922355655195404	2.2683690598453587	1.2996938955838577	-0.013975926312820963	0.7915396239268122	1.2383519819711024	0.11027359936317205	0.8492698487005179	0.5053510350852788	0.970299823569805	0.8876681608225248	1.0151538146431416	0.9033930985802634	1.8799033762576212	-0.2107913506729291	0.5901148542370087	0.9278829478244708	0.7678350651982535	2.5488970061798426	4.266420850526563	5.061549582635987	-0.2983572970067141	1.999700790259415	1.1067919600530942	1.5443115601210105	2.322993761066664	0.548900771729576	1.4157043032657626	0.5971264652255408	1.2890931381322956	1.4459137910919053	1.3326838011547189	0.8558465981093053	-0.4405174152452269	-0.08645147195564035	9.465623620084013	3.9012846538754538	0.5723773253878555	-0.18496692958841088	2.4036740222436643	0.3963855342759972	0.6155320738979131	0.2208800060777341	1.0056150118016722	0.2756629861426061	0.41694914107203496	0.7950994472546358	2.6278269730238506	11.05274712654644	1.3013724288254975	0.9136094836835912	1.687327752975408	0.7703133149673607	0.3611265203059425	-0.8349260720605134	4.122140593883094	5.437022568667322	3.1657406097978633	0.6081476211099186	0.8468277164604574		0.48678895474697587	0.7960668555373624	1.0117354452733238	0.29770735208082044	2.310644041349419	0.8865347487028902	10.18328880941667	4.1398372537442985	0.8159109964681555	1.839195609681896	5.5463306007260815	0.24168904335805308	2.6719101449818687	1.4988180667525568	0.9009507478544285	0.848279550820435	0.8672947076939475	0.6180954579910227	2.3820672424380884	-0.378142956155227	1.0661845950830928	2.258667679023498	1.7724120581454432	0.9484776887519326	0.9500277184925068	1.624785635697294	1.7780017568455988	3.0050956543328873
2024-11-29	0.8866962622338971	0.24032919320161916	0.657298651325993	0.42207210673212336	0.24315867749092013	-0.1066504060077258	1.8003908201897465	0.49187599670427873	1.1977910687448086	0.12197040734694678	0.6217669975671005	2.2408685207505545	1.1830839386125946	-0.07890523244583714	0.771404845968416	1.128478670616655	0.050644914830211274	0.6426652484391653	0.42888342180078975	0.9073077944080425	0.6126377569934416	0.8291284678425876	0.9801549245644223	2.3077479966485086	-0.34707505827978036	0.4591496707661069	0.6323328481444084	0.6660688737945333	2.7307984852520004	5.124904719044382	4.9731410437637535	-0.2562933809018011	2.196214741649877	0.6828963583413667	1.350483499169508	2.2639162616832396	0.616032586723098	1.4467296034582602	0.5565729314379082	1.2298056238496837	1.4096936664820485	1.3305940162995658	0.5203990706063757	-0.4878415693862812	-0.0864494216036229	9.251488012781621	3.812080341193134	0.5626982898215891	0.24430623265177687	2.8364944275958237	0.44378792532599576	0.6280053580125464	0.20568534768046834	0.8193667382291032	0.26116252698081976	0.38671784877503534	0.6578965367702183	2.620067077690572	11.38881919934521	1.341773426780755	0.8519953516350407	1.6470165243677481	0.6037334081066206	0.35059212826476593	-0.9079775216424326	5.121977586288101	7.0409530907578795	3.762524131313464	0.44338719749737043	0.6518012455880842		0.44886110111097427	0.46021021142900675	0.9817383734316083	0.2771562138982574	2.358642230257748	0.7611951756119633	10.457970246961462	4.267506409346704	0.6448976313794053	1.5036362411104403	5.867659864878	0.22810068100769942	2.8846208607289583	1.5282993599611423	0.7791394245231669	0.8026888572678266	0.6771651594908379	0.5420386616655586	2.5561946923637757	-0.21925111926389373	1.275482962988939	2.581367239234937	1.6752803438082147	0.9808510967734576	1.0335362215973647	1.1266113980327424	2.4171173631731913	3.404239852970962
2024-12-30	0.7181945148718225	0.22521888388364575	0.5340594954219269	0.38453587311495296	0.17693359951718624	-0.16591526318694216	1.3791182221290565	0.22796501199547237	0.974421515781048	0.06379671013940558	0.32903408077950225	1.4729399206898979	0.9550638166853083	-0.30633179419044987	0.6697362039693957	0.9102390438009391	-0.027920506693665637	0.3276868022261681	0.24303844143861308	0.7140002119953364	0.25496301931291754	0.6118748544918737	0.8127409636733705	1.7806327270103055	-0.4994166918442595	0.2684351633307964	0.27751150903587796	0.4277345741975098	2.0308596121388565	4.066567376056026	4.912367929801125	-0.45915400636989645	1.8880610349123188	-0.019568864685561405	1.2260368360548863	2.127858168914205	0.47187169127022655	1.071078105515421	0.2990164053679356	0.9724010200731399	1.3652053359123553	0.9254038884282814	-0.17937230150451855	-0.43060603211200554	-0.07608118222517941	8.76800626621774	3.612308106717384	0.4032138726068233	0.2633462474847619	3.063499536168183	0.32102200335085906	0.6109189926821661	0.1623116500697819	0.5408025566296345	0.24337789571943125	0.35078466133327324	0.43060960275009696	2.3456161582861172	9.946778304472346	1.1722895073321693	0.6692167753896349	1.2564420733907404	0.46400528236687233	0.3010776422690904	-0.7259177823422842	4.201873039681962	6.32286437865873	2.797028270504377	0.19656201167053777	0.38705806929327924		0.36516355112006776	0.09563606440882433	0.7565925656934307	0.25192152104107657	1.7307719211954957	0.5445176836138759	9.150436840997333	4.120951959548071	0.3093773714996	0.9977535799840993	5.125432936692965	0.19812776047869807	2.0660952356445357	1.489729160328781	0.6332530423443878	0.6534758090432562	0.405806501957128	0.12814140693138332	2.425415562443198	-0.44304104873143535	1.143719942657623	1.873118849062541	1.487019498046962	0.6729172208787144	0.8259200594800675	0.12458807346327383	2.795060129849344	2.679915480472392
2025-01-30	0.6106505087474805	0.2074595046757084	0.4540453055179557	0.3417252903287906	0.1344363686219553	-0.17403995641584213	1.107586722919967	-0.021244563262769356	0.8715691363595186	0.055535660778459284	0.19227398244695015	1.3136782086319618	0.9726767943545478	-0.29742547869985386	0.6266163180237547	0.9250898335428559	-0.06290548042898281	0.3062334387783663	0.23325779995059204	0.5980868835410398	0.23720905237115053	0.5183748480569141	0.7507841459359157	1.6051512845753377	-0.44413300971698344	0.24270667985268513	-0.09416109210218115	0.3477584698303997	2.13330467425841	3.628444193388269	4.577127638965408	-0.447181052284944	1.9599872039148014	-0.09110248528679232	0.9513500559094936	2.280840381385886	0.42532630098371804	0.8707125483992191	0.21911628566190222	0.8012577142223938	1.4364483036962825	0.8026288028836941	-0.3446618962135892	-0.334938759215057	-0.041809190803802354	8.16847389612834	3.3654211395316835	0.31556339292316127	0.47212212848885926	3.5789381429703235	0.263750546442157	0.5759945636588557	0.14473512085398568	0.47543189207224146	0.22455655696382837	0.3240729727667213	0.3990237495908455	2.3104716340679126	9.266289413863987	1.0908261693125914	0.5961314651785579	1.0209281400576264	0.32554604818015687	0.27900332100565617	-0.40971751905193976	4.075160107221784	6.387651759142802	2.5569565939504226	0.17703490051229753	0.33983122513696795		0.3141066472240184	0.11752035123991122	0.6206397428380512	0.23280992842707082	1.3858565000499639	0.4370843583253306	8.52416351676385	4.385281292277334	0.21887235358274748	0.731833394007964	4.837659938180629	0.18864757485769124	1.9138040977897237	1.4089998334206788	0.5462312051292275	0.5780914523533613	0.35438933649236715	0.02208461945572182	2.470673601208607	-0.4157079626606546	1.1962162684044335	1.7231338738113937	1.1399816186192986	0.5065771539896429	0.7204133137795157	0.07350636054044468	3.0767961824283674	2.49988905031935
2025-02-28	0.6291565610362093	0.18951644777301668	0.46704197962618893	0.32309992649851577	0.11669513953045807	-0.20947338003847094	1.2146253876436202	-0.28192587746879694	0.845926953839711	0.047897699695453516	-0.05290149086369422	1.0125626048323895	0.9758200960063728	-0.31784744317456864	0.5859172145495375	0.9280735117687637	-0.08609522185230967	0.30778797798879687	0.24288180981170537	0.6493516437123361	0.25741155945409666	0.413333109883677	0.6249167265535323	0.8999488296476179	-0.43493060804001255	0.2327297306606544	-0.5300878444982557	0.2284032220308776	1.8466437525194674	2.2316588632633447	3.4328806176276174	-0.42453226712568526	1.9689055292101054	-0.08606752555860675	0.551851838315013	2.145560140236455	0.3882880201938903	0.7494913631411464	0.2906363027856611	0.7799373016362828	1.676792533335056	0.37098056549569147	-0.45333466158979996	-0.329376845883383	-0.016986194313831915	6.096608156037853	2.5150260190187446	0.27862113721322257	0.6029125712468879	3.332065369064919	0.23854348847458162	0.4252295630170462	0.16054546972053346	0.38364900163839266	0.20461569903458976	0.3197055896405855	0.3185382500572753	2.040490636526968	7.345242270924594	0.8642942532794615	0.6634331137037175	1.1226028708336733	0.15927658727862215	0.2601917585502824	-0.3735268712705664	2.7953183243320776	4.678948955075898	1.610132268403099	0.18083700579046602	0.31731031706557267		0.3312411408064088	0.23593432397822767	0.6793948381077031	0.22934465356817446	1.2756042257841238	0.34792960406081325	6.758279782333098	3.883901430678195	0.09886198216401643	0.44682952208308935	3.794824879216236	0.20480517383689512	1.6616006715768439	1.0919973551082522	0.4499572387692037	0.5620095615705044	0.3195467744309832	-0.08073347691794486	2.3177302641178397	-0.37588522834997784	1.1672061848580646	1.276843414657435	0.5718877880661779	0.5578358793140783	0.6311358686919211	0.0937951489291855	2.509637008220306	1.5691442272041147
2025-03-28	0.5930239928368661	0.1704103358596516	0.4420488659630911	0.2556165129045507	0.11668249094580985	-0.24605129191353114	1.1006994276008513	-0.427333960398087	0.6991585236113247	0.054502124872697566	-0.18076170580489292	0.5628060191927649	1.180655980044866	-0.24873935205836023	0.4561622375694454	1.1223731761980602	-0.05548667150049513	0.30963281610328997	0.25891438402338096	0.6570760332734153	0.29612845445028446	0.35726095388734214	0.5561251603364177	-0.09066214057359812	-0.32786226996807666	0.20313325866132725	-0.5974069976111607	0.15066321134685845	1.3979621638727373	0.31027594632215205	1.121859375947711	-0.30926337672249327	1.6822358582731907	-0.25062437217518596	-0.20694128456641803	1.5526703982551222	0.18909111630877629	0.7076603600959288	0.26027382906609975	0.6792497278225954	1.8107248274608787	-0.228702451141789	-0.5341825464822652	-0.34928507432562306	0.004952203948330652	1.7000071799397958	0.7061579768487327	0.19424815822487262	0.8219960072031647	2.2393308615542633	0.15802778186667998	0.14705114689339327	0.16669744095062095	0.38567799494299204	0.1834171794263164	0.31023792327373	0.40873135147511075	1.2202929543007368	3.1040329137060354	0.36677102793463057	0.6884831149168004	1.046391209413684	0.1020128283333035	0.19873863668550573	-0.3811462853608161	0.8163701232299712	2.0128076688637986	0.16795907381176	0.18379808196886005	0.306879705165235		0.33736917407206035	0.3407048603690326	0.6432591832905348	0.22332575025499002	0.9320971966830502	0.2972623068570362	2.8684414955177147	2.553509425899927	0.023262622924306253	0.3027067917576547	1.6190567927614197	0.2223862133748864	0.9463857115873395	0.42366463483564054	0.3961818421786196	0.4705127912583853	0.30398786080275575	-0.25701858122546595	1.6679913780233262	-0.2897745260578679	0.8869129223863732	0.49168329676141376	-0.4901151955423302	0.40058287575688656	0.5076679973885294	-0.1794958283233452	1.3986502792830802	0.25885001156570553
2025-04-30	0.57324029593855	0.15197717994891047	0.4261420109534838	0.24627627557994025	0.19271960292131257	-0.2641444475140702	0.9586217407125739	-0.438431287902864	0.5548175337004015	0.10014928216742422	-0.16890367733245948	0.3575273832842072	1.4818878359397596	-0.25131994564001336	0.3428660838339064	1.4098021620100383	-0.0038847980397966886	0.40611626386081046	0.38112292134056514	0.710393465491975	0.4218078773534679	0.2989661122434324	0.5814754047489799	-0.9854052478898434	-0.1787465439253884	0.29350488707627487	-0.48559713781938996	0.20524537725635694	1.1839004185725823	-1.3291830981046129	-0.3213871365327101	-0.5216682280779499	1.3883023815404405	-0.46615935705312195	-0.6576314523269788	1.0921498787654897	-0.005380267491822632	0.7872924978228864	0.3810108192857391	0.5701367693166743	1.6249381049823097	-0.7418204623680511	-0.560223379187194	-0.6563040551909652	-0.04488349998894623	-1.0750281881252306	-0.4312668570274667	0.13089974003248367	0.8235924609648553	1.3860733375181304	-0.017111997527060385	-0.029795227113012857	0.16990394015130045	0.49174202562653924	0.16418947326015054	0.32328425782892345	0.33922858578204607	0.7134355969703652	-0.1401856949001683	-0.016623890411137765	0.7002599663762062	0.9588517694567598	0.04083152066632678	0.14270485366845165	-1.1016343344029702	-0.9029328228918327	-0.16544679187671996	-1.1792620163800276	0.26084856693110536	0.34779311309697913		0.3743911997835836	0.48337661287105416	0.59810032732735	0.2318197228095218	0.5701763077582349	0.3896662569596803	-0.11179262398962209	1.411017014527097	0.11381965271269756	0.41715215652718385	-0.03392520200200977	0.2417823834788041	0.09477189310759826	0.0197036309888583	0.32853457043487344	0.3797558154746232	0.3439501374413618	-0.40345124664264587	1.0917572533799405	-0.607655110351248	0.607272064650795	-0.037803078704424564	-1.0976291667759366	0.34373953715683303	0.4171036923539351	-0.6353700981330963	0.5865783326468925	-0.5299413205249106
2025-05-30	0.49011645419665484	0.13592175611190305	0.3605726888115668	0.22296877463515663	0.22703834275494428	-0.26730104969722673	0.6611737168170757	-0.1818664495561666	0.4822370200698973	0.14145498318931016	-0.011867794739464976	0.9042018279416428	1.5531446675974907	-0.16580364134406436	0.3152868650133387	1.4788608292314223	0.09942287629265167	0.6414844077091866	0.59649642731463	0.6384504409576717	0.6876338176266432	0.3916535114250719	0.7051994939297126	-1.2005590042859464	-0.05577136256800358	0.46028308095121195	-0.3651844967770277	0.37038120010789966	2.1803715616340167	-1.7103558057104964	-0.25262347488492765	-0.595274696976043	1.4270658435612624	-0.8122246578563983	-0.5105208630978932	1.1444998623092086	-0.0913246060623294	0.9082699392934419	0.4924507052445204	0.4785074402125349	1.4972106168732102	-0.8459364229184052	-0.3809474588023831	-0.7498978743920703	-0.06818629441264752	-0.3339500811292311	-0.12892563876556729	0.1225269127725177	0.7953370293877207	1.3951210310632423	-0.11473554066888925	-0.023430781617369778	0.15004593038235892	0.7743160754318152	0.14623383458040173	0.2919786037760954	0.2873735698493338	0.9576044386010345	-0.33106288694946073	-0.03852551118836711	0.6250243399114294	0.7153731595878545	0.13368224527541495	0.12719411854353946	-1.284153479338531	-1.2710334731175799	-0.601147396164631	-1.4882162896205102	0.44599744806983166	0.514422930068283		0.34578100741198553	0.7580886291070774	0.4553889416449455	0.20924350090087063	0.3573383427571373	0.5063089549735154	-0.29072942747233554	1.3284944445732485	0.36014829465912457	0.8917286077893234	-0.16401259925877554	0.22201433418366956	-0.2248539530977336	0.08780268910786049	0.3670161778997607	0.33111246199276745	0.5221607546448928	-0.4105357385845192	0.98160165437928	-0.7652445055714354	0.5066940690187507	0.2804662451395217	-0.8367540689389497	0.32629379677301573	0.4152280961256465	-1.4154029336503662	0.5176025815246907	-0.5225372446902377
2025-06-30	0.49319634383309874	0.1203776872559994	0.3631998816431359	0.20150241240472222	0.2761473799672839	-0.2170493716612691	0.630339973429364	0.2163078477034115	0.5404217295053013	0.20452407873201905	0.359705811512129	1.4863057281613656	1.4921277715931671	-0.020019188572128088	0.34758494906390425	1.4174600698488113	0.2094662860613159	0.8606221464911816	0.7836433758401227	0.654039349161703	0.9393546529915708	0.6688077109767412	0.7963652412224356	-1.0332581863405927	0.11463918569990494	0.6170470274447704	-0.20465474646419635	0.561965593274544	3.323981537989013	-1.2094560219895163	0.5807784239727205	-0.5028189391554194	1.52061111864227	-0.9368668515781402	0.08638001377937687	1.5217314903346884	-0.08596524839570074	0.991784820478331	0.4521318799850562	0.5229932895713172	1.5123911138217798	-0.6485335383826563	-0.21862189478556604	-0.6505262813995569	-0.048908813871369416	1.9080492729382428	0.7930821009610529	0.10973800113981153	1.0896111651627987	1.2829676174072588	-0.14386807024955361	0.0682276142752194	0.14471216000760928	1.091117034575202	0.12872965314280815	0.27606735506507873	0.4024438464841418	1.440752747099177	1.1161252498069913	0.13262913793582243	0.6015130518703095	0.6954885965427358	0.3557161004573901	0.14127338540558343	-0.9657415415733592	-0.9240045297382355	-0.0671757213772679	-1.2544681052011128	0.6374394034671296	0.724283005744284		0.35005873963517553	0.9795433238618263	0.44014792474238584	0.19750695986527567	0.22566462202607207	0.674130279830913	1.0455419370512615	1.8736415919447005	0.6866330880141494	1.5772354572036686	0.536348467559737	0.20494556119957164	-0.10653126749603992	0.35202142088047594	0.5219701806414578	0.36553121792005694	0.7500029946870761	-0.34550550512982325	1.2569372160013277	-0.7226549026658611	0.4843654686854175	0.7086384766923626	0.01360727402940931	0.1925144134211454	0.38506293575426964	-1.6938624933865616	0.5212307867408006	-0.28776101403837906
2025-07-30	0.4436657931858182	0.10636602796788863	0.32831184742732	0.16590141827415494	0.24314906047630389	-0.18237398111266784	0.5436754707322446	0.4183206161719506	0.5677695525618591	0.2107408424097924	0.5586209659782699	1.8355087849487042	1.279717617235348	0.10172710415095598	0.3321158963069393	1.2142891605413721	0.309062616720158	0.895097514550014	0.8210982824851678	0.5909244418154201	0.968620836866696	0.8354732952558077	0.7852250512089909	-0.7603638450843309	0.14184627064992217	0.6165071610343156	-0.30453589469664966	0.6178947511321731	4.392771911195528	-0.5266472008798875	1.4660817072015035	-0.36322458373532096	1.4808466246562295	-1.0218705897561071	0.6520415352778288	1.5803929532887429	-0.0758570340963094	1.0349737504428513	0.322246852353677	0.5067499074987831	1.6124676464330847	-0.2552738582340046	-0.1544066533219357	-0.3458324523232646	-0.006299199855230642	3.9073191752892953	1.6117687771794706	0.09915073213362968	1.9353988501443489	1.213079904584589	-0.14314558325493498	0.1673072960356392	0.13527286375572356	1.2176979697612722	0.11397210448607975	0.23596751750592215	0.4805346845904426	1.768469427425801	2.6561276879767703	0.31446939585812217	0.5599717762733887	0.6133332324193517	0.5156641946444642	0.1365370016037506	-0.22212538980165375	-0.299119742512751	0.7610045223240931	-0.7983327676093275	0.6871663249847604	0.7941870488259903		0.31329545682805415	0.9775604850882194	0.3865423875040923	0.16953611287663906	0.19638747210640206	0.7089541942639876	2.4564941731689913	2.050762820721408	0.8477678131520987	1.8910009453156684	1.3038361877059401	0.18804436065546426	0.011816115807537386	0.6259343035059377	0.6167383983435377	0.383149925442938	0.8287739350660868	-0.26496021897836064	1.1626180054876336	-0.5880320261560503	0.43261955937156227	1.1405805190828833	0.8320900305500896	0.041477881782129966	0.43787440832483604	-1.85069087834512	0.6285853453223229	-0.02290812453105673
2025-08-29	0.45625353129551316	0.09589569662940223	0.3355595302778208	0.13526826400597702	0.23785216912606166	-0.13349197836895654	0.46189232818683656	0.6200878842476669	0.6378931019923266	0.23651042602961736	0.6606514922950728	1.9468425143682708	1.2652614927988388	0.3173480852963701	0.33914919949217603	1.1994530311858194	0.4214476122254791	1.0161144773402815	0.8823810991282022	0.6201714245164021	1.0832572247146155	0.9695385141034008	0.7849243880103143	-0.16960673458294462	0.27382327443405996	0.6639767175049842	-0.4174797022863239	0.831112277014094	4.700463304804842	0.7294815338861591	1.9656779964491022	-0.17588851285069396	1.5476928950029603	-0.9010903538942687	0.8599781343200652	1.8897999966296695	-0.04657895475169216	0.9829147856365577	0.2924795354061285	0.5305824956635976	1.7962926026924855	-0.01870057723830243	0.20777325820283132	-0.29649867839084426	0.0050980334637136665	4.752508630749723	1.9581824637032312	0.13055990843673126	3.23793382490579	1.5148340641905627	-0.07823060651304303	0.21784819257731058	0.14363778145357747	1.3965218894939118	0.10306154799918588	0.23172396726565325	0.6566178291076064	1.8581407241568293	3.7884945650303905	0.4480722773594863	0.5928414460295719	0.5624601556717734	0.6938941360186499	0.14366376593830088	-0.15221869436706448	0.5519727386556426	1.6059753827358847	-0.009945124959646279	0.7861991867003111	0.9082873696427165		0.3263344133401713	1.0186971507227214	0.36380902192197984	0.16652750987240406	0.26161395077904803	0.7830842411130612	3.500634368560519	2.5001642500749472	1.108369419194954	2.3276847814806394	1.9210662545758623	0.19644520710656654	0.2819984630504919	0.7566192741205793	0.7214121994226232	0.428105828136053	0.9566627430722732	-0.10375449579608009	1.2798826238222674	-0.406363358816066	0.4242783542921491	1.2687616001529776	1.1520591769244994	-0.06258300029634167	0.40210169206071544	-1.678911255158778	0.8782478858980891	0.028612207438754922
2025-09-30	0.5000137761714969	0.08516205622073891	0.36585404926696663	0.11834039469869495	0.22582223029613493	-0.0065770303263844865	0.6640233187497202	0.7936270693866558	0.7174627060530216	0.2536329479585472	0.9248277209116162	2.069161010933577	1.6522743386034815	0.5029513477528582	0.34613369134911487	1.5681013553427707	0.550785196877231	1.1216153262237412	0.9255712554310311	0.6423973324133061	1.177009398562416	1.224525445183362	0.7636357927812103	0.26068580571526123	0.44854316231619173	0.7192667886449025	-0.4806843841715325	0.9700993453737747	5.255209998492081	1.8910403281557482	2.984060876290961	-0.07666510913243507	1.5065700600087375	-0.731681078242133	1.3753625586519593	2.217862350813805	-0.027213509740497965	1.0334629774612365	0.16122009496780665	0.631582140845901	2.0890261618372366	0.12808380090306404	0.560405738274139	-0.28451998158291525	0.022738911701250537	6.613823275986526	2.721937256250232	0.15188534418843547	4.138765925267588	2.0944476538338073	-0.06415282045028414	0.30720007522530723	0.14612002455188816	1.4868820173282478	0.09055863740406656	0.21949807975637592	1.1067553419666125	2.024138369150265	5.377264804946272	0.6334706872011502	0.6014436069017772	0.7179289244975067	0.8020926776941231	0.1513744465172362	-0.18178893358874548	1.1320663414262455	2.281147265159227	0.46058648059199214	0.8780316396138481	1.053376747479105		0.3208358362413216	1.0521052413259824	0.4464166559973646	0.15808771524791743	0.2738305221562518	0.8231781404306463	4.955585171716088	3.0474525958864103	1.3391834247482364	2.6309744478319406	2.7177326316704686	0.17878726044682702	0.6143341440205461	0.9762315409939823	0.9158499062481154	0.4780352172890603	1.1132905065599865	-0.07691360305542938	1.6747813096779787	-0.2960163679383987	0.3654210584445141	1.375848721091888	1.8377594830438984	-0.26622302610865	0.44634207994085173	-1.36030108301944	1.1951497866473897	0.23366701910600796
2025-10-30	0.5329084222255098	0.0746329261823917	0.38704333710617966	0.1214152388635028	0.1927682851065156	0.13868625181499863	0.9092799401333593	0.8903112233370312	0.8109746681266032	0.2526100257104932	1.315143236598613	2.020672231016368	1.9560747257026074	0.5749191564271336	0.30849561226543054	1.8574593838949855	0.7117644123456548	1.1426502596132373	0.8697368219933539	0.6589424669261202	1.2001774773358393	1.454515472401523	0.6870780152677138	0.4121370273627849	0.5605000582487181	0.6793114568263157	-0.37237322621181246	1.0567353420143997	5.571889770290468	2.6397152231588006	3.9234638816401954	-0.036461471165307735	1.1682440826630192	-0.4308663415881484	2.0311885837220194	2.1974846340410075	-0.02360957042779388	1.1420730782391466	0.0164819588696532	0.6866955419278105	2.0534964614285034	0.2949758434633232	0.6264115883064485	-0.32047637207987617	0.03901632051101887	8.684921053973028	3.574182747986349	0.12887031818566708	4.918556529533115	2.125186664901749	-0.09886499788346059	0.40604191114940136	0.1396556060765226	1.4365013176940624	0.07862556541460419	0.20294959975242266	1.43387304580237	1.9700501666672707	6.57170556465212	0.7762416702674129	0.575391597550375	0.8957480601354235	0.8749534798515723	0.1378486338340379	-0.33237200647109577	1.276438741109967	2.6811618176859557	0.4580083639728443	0.9349206497998379	1.1549188733579383	0.0	0.3119874555715735	1.0365263002434233	0.5408153943953697	0.14580684415067924	0.0964352461595177	0.7794758643066453	6.067443686353485	3.021392343041848	1.6043369155143132	2.633044536690347	3.267073777798039	0.14825222859525589	0.6487202014949158	1.1875572603226283	1.035354855234461	0.5458047367645111	1.2094699183499262	-0.1739429561607142	1.4994747471441627	-0.2840298845063609	0.17052776546286408	1.3104536613512572	2.67392896264937	-0.5216507613867085	0.5081165611966325	-0.7897441313218025	1.0855076266259047	0.24946559530949308
2025-11-28	0.5483009720221894	0.06355727854819615	0.39797556792926936	0.10808473848676714	0.15412333954356705	0.25108549878204917	1.0106395424723136	0.8642937671127826	0.8435756141868285	0.25675409897352	1.4055795690130575	1.674412596225947	2.228816726366654	0.6671402176251189	0.28115378285843784	2.1160081405235376	0.7820977421682015	1.1132083958603651	0.790140375111239	0.691293565694775	1.1474332797982445	1.419487869539863	0.6860758846382775	0.6634523976029607	0.703498288998822	0.6392748729379405	-0.2743456927920185	1.0301641298338327	4.6749776232096	3.1481471949311395	3.803177652538981	0.062233553141194164	0.983002563431679	0.23553543716480574	1.882608246091074	2.0826348319065264	0.04013868304695656	1.2090721221829854	0.045331084574148583	0.7067424373876114	1.764931738288432	0.4782719027843454	0.8114009803050708	-0.3552389254842941	0.05964013290463306	8.69604804794048	3.5767854655868554	0.1331666991151833	5.414334832452905	1.9684467092666882	-0.06778049036452993	0.3998720757735241	0.13078453193911843	1.355921333923757	0.06700229841063043	0.1932449167445558	1.9761745859860884	1.623219140833264	6.804344492765267	0.8028663675130598	0.5425813702577982	0.9828852207203274	0.844758282856926	0.12690355490629912	-0.4608073958191019	1.559828323135397	2.910863688719468	0.7350067842006567	0.929359564142751	1.1341381282515064	-0.03954521679130494	0.3154836700795939	0.9893153210469903	0.587885812317583	0.13882115669826667	0.10812327874032412	0.7276300634717057	6.280789374872974	3.041173964828211	1.6243511985923331	2.53240281362665	3.392960505161412	0.12157884309578004	0.8539327449282865	1.144459429716239	0.9807207196570928	0.5663546149264631	1.1840684773510373	-0.13376126229924157	1.2952955941839601	-0.18444789371308246	0.07234379959688164	1.0452679316908373	2.5163852843405383	-0.5005434897306364	0.526846445827541	0.42657415804436116	0.9839702811523976	0.42293525804491594
2025-12-30	0.5144398947172357	0.05346924530779873	0.3733944854785738	0.07479610070076348	0.12737611909763888	0.33029876766657856	0.9192482755120368	0.8151669395305805	0.8246000244121516	0.26233728195116157	1.5469497611825496	1.5846250905927928	2.3740079078365355	0.7811385227344496	0.25374777232051304	2.2526300951005487	0.7666516768867159	1.1639769622456102	0.8183053326693344	0.6429358455642474	1.184212361513489	1.3881073100447265	0.5961231330425667	0.8439270240723378	0.7633158143560075	0.6486916988296523	-0.2836417772121598	1.0028363980358366	4.41923003596996	3.2328444974358703	3.350270705690175	0.11169076394004662	1.0878864605130687	0.6082932117871958	1.7682862446453278	1.8344945099050243	0.0843286582559486	1.0300334642692945	0.029347650203479958	0.6447413578186292	1.4103226541335	0.6809103836514874	1.1468368965280922	-0.4023818667476466	0.08060374064830289	7.889671282686933	3.2471611583514495	0.11364230472883075	5.523965936481673	1.854884500206687	-0.03314847737337612	0.3585599225649112	0.1088142981862188	1.3242784420985547	0.05662527687673169	0.18059911435359055	3.3160296179569526	1.2468399548643383	6.538399783565367	0.770943165081551	0.4515564666560339	0.9038029762637567	0.7504248587249522	0.11467263699000219	-0.6116123214328802	1.72640104353483	2.888874879125474	0.9973540994068735	0.9911457919790454	1.1655195513830723	0.040476969149362954	0.2911770581315236	1.0676258505097866	0.5445242763898727	0.13007358275145542	0.010196808482477504	0.6690730317399343	6.027094559006244	3.0276741707931976	1.6787365717314149	2.497337790267321	3.2560280216002973	0.08987848683798116	1.0288478301892265	1.0141234168820938	0.9085281715776032	0.5476848915035779	1.2105837986657804	-0.03125316011865209	1.2202697214899487	-0.11925677811138802	0.0989939605094392	0.9355321659582447	2.3484014348949884	-0.5211738821724721	0.3620295853041653	1.062906224784229	0.9547475563372609	0.4614796731984363
2026-01-30	0.4533819290546326	0.04345434978771712	0.3259348471893102	0.05450939527446297	0.12100871726802793	0.4259758331536846	0.7879851752087612	1.0163991978697053	0.7487643088234353	0.27546795712393357	1.9751374810309956	2.064103428777706	2.915712065649261	1.0850667111152956	0.2231610314693544	2.7593837026572308	0.8307237410313838	1.3087874950928695	0.8763296919352754	0.5374518930544538	1.3647186173670214	1.593922384038179	0.6439152212533026	1.219342295860629	1.0481632576880446	0.7509551080014321	-0.41204096737614515	1.1619617714137895	4.8742449813806275	3.769650381449395	2.259991614725955	0.4534214256386462	1.0216282712653246	0.8588736612004908	1.6068212374643522	1.7492131079335493	0.1481781976524985	0.980341477386343	0.19835125829034417	0.5490975181835305	1.200165192720298	0.7551861250758582	1.7780523929475343	-0.1679801674458591	0.15896367724162505	6.6882545725998455	2.753898142435631	0.12520003629977594	6.081543826838003	1.6127566001635891	0.11848383256364692	0.23347698169596365	0.09185713049186095	1.4475786728367739	0.04524014637299967	0.15804508374531556	4.356202301493644	0.8052383999499018	5.916351544596509	0.6968667723534532	0.3780581124424238	0.7814751723878046	0.8543619237377165	0.10161122064134354	-0.058124323451665516	2.235943162497943	3.10318125717086	1.6031394527193097	1.1633361449171744	1.3323632653524395	0.3884448535846186	0.2438020714216973	1.2409853769847032	0.47197427743466347	0.11386506218124026	0.02702368790916232	0.7105960863269387	5.443315874370967	3.026980003767898	2.089143080695756	2.8373294713454786	2.9686007939205936	0.07086723454546506	1.456667775476106	0.7117971541593366	0.9608456316424299	0.49406734087017323	1.3749861472465392	0.24870463712084634	1.1336005347865417	0.29499220887825905	-0.03578258615354457	1.2918702498487793	1.9200030396443992	-0.193263291601121	0.23426562880111534	1.322722412558642	0.8716556169889884	0.39964809126748513
2026-02-27	0.4762485323699963	0.03171196895143069	0.3422369600203474	0.0779922147389509	0.12422955866928906	0.6037768196895418	0.9622623636998817	1.257045693807716	0.729660557025837	0.2879045746152661	2.6056339038841294	2.909882867361393	3.54454116204845	1.5210036109329448	0.16647352855020037	3.3618903007818837	0.8356395965051854	1.5585495012776942	0.959300813146899	0.5813140699584334	1.6283887093256482	1.8725755428483177	0.9169256664828094	1.5254840049033884	1.2305141975656415	0.8740528301478809	-0.45234495527235685	1.5204024376376788	5.440598046313834	3.928096701008643	0.6077053143466671	0.9065057539019401	0.7158555482370819	1.1417659937322922	1.3186244310422062	1.2816130243763322	0.26099303724924994	1.342041881806093	0.6221916835956334	0.5359695825901221	0.7616973348681761	0.8544343078926939	2.7596823953794267	0.06827590975535915	0.2241560397095047	4.20447384721821	1.7325267998384213	0.21911998508703534	7.042722177213661	1.1556448035802838	0.32028229615045745	0.03774162988938068	0.09170332548668864	1.6620076444905214	0.03246166583772592	0.14888611812355723	5.341280005243901	0.34914527876218315	4.397473671901558	0.5214198500872333	0.3833267644142715	0.9318456509367741	0.9430184409920086	0.07353241086175744	0.43885882457653835	2.7895946694847993	3.429473420063527	2.2409784921293667	1.432877000546	1.5875157605157186	0.8846024004837907	0.25629542106768755	1.406993215681501	0.5536492044204142	0.10764436698417512	0.32022763586879677	0.8633818090904308	4.058401667744825	2.2603715651610585	2.8400112037640666	3.314623327054557	2.3091348463101475	0.05498157156793981	2.0254275087122657	0.2041497186382184	1.0207414538582227	0.4776219850885175	1.6298974005182636	0.6624468383836482	0.8000114423730142	0.8292915707329793	-0.28161342331031314	2.0883874455765365	1.1181798197714095	0.4077340259511337	0.39781776464979846	1.733340371786058	0.4324411542504212	0.8659203910877782
2026-03-30	0.3221957889211262	0.020662429733331766	0.23158011598043515	-0.0014882391064741096	0.03865589073127243	0.6060182523148618	0.8008573422010756	0.8283349058582963	0.3864365019775269	0.17198310176170628	2.0551127344729903	1.602152657126057	2.7223203055844145	1.6195029861634858	0.0021999391753193542	2.5805392818902213	0.75167090551207	0.982314463153589	0.4983360497975884	0.4154739870129638	0.9910831612669879	1.3144701059769321	0.8200515321026254	1.0528663674995284	1.1106697275717252	0.4673102645196696	-0.9052632169160386	1.0527854111050665	3.2252259502623772	2.365736475450344	-2.089077732975813	1.5194216413006707	-0.1673411662246096	0.6108340328229924	0.285525523149154	0.13518051381687712	0.05939181879546673	1.2286733922821522	0.4171439628626237	0.293618342186035	0.1525622425632167	0.041295642448180736	2.335771430158534	0.9677874808126221	0.41628936008953077	-1.1074509849170653	-0.45319864682675615	0.11432257316838434	6.364607730277907	-0.8249608576563592	0.3564686968413566	-0.27768856943611553	0.05984481340789327	1.0631745111617814	0.02026802528835958	0.09210628494385054	4.248388510527818	-0.7859569116869896	-0.5466699064548592	-0.06129501840674223	0.25601339636257925	0.7599997658005424	0.6099710913887995	-0.004157913287367698	3.773886014103388	1.4688021959548099	1.3948919812165137	1.4013343550635966	0.9782757633315553	1.0552264127955908	0.5338862657082284	0.17099493782719466	0.7690725455460248	0.43974990871492803	0.06616373612687299	0.0062883185315341095	0.4281785732278225	-0.49198132651021353	0.37750827453763236	2.1859721654285993	2.189389567912105	-0.09267616588585526	0.03358167794641265	1.348499396463179	-0.615069435344676	0.6148546736393095	0.2410071454702507	1.084894550192658	0.6175472865332807	-0.1606143350931042	1.5074859575124	-0.6346795286870321	1.1015861509537945	-0.25856577595776997	0.26031286305077783	0.3613447576293174	0.8735663185151008	-0.6314700723152598	0.3322909434795367
2026-04-30	0.21726696858710692	0.01068932863688321	0.15494417137340388	-0.03551032241070606	0.01938801929594708	0.5910847539833787	0.6062792528264644	1.0787890910692264	0.3155086754973233	0.13665292741090884	2.5426853849742583	1.8910826376028353	2.1041110713653985	1.6338544380121873	-0.005656628757919169	1.9918027840555474	0.8673575138432984	0.9813249955650942	0.5475360590267497	0.28000308118917405	0.9805683776133058	1.5629622642950904	0.8066929792661659	1.6902454436739465	1.1126726967837444	0.5128671839730723	-0.8985723115145148	1.0573989788960398	1.9575887175474733	3.5920299197112584	-1.391422309879129	1.7246897087137167	-0.1111492385576689	0.3021983030183941	1.1012245209469533	0.07642874733398841	0.05360970586062175	1.2287115452239998	0.35935778076108615	0.16728968757903306	-0.10529462767384334	-0.1562884275541334	2.373881650762476	1.6848914328304638	0.5780487296075977	2.1318391335200033	0.8780950325066925	0.19530164207638523	6.870917996584538	-1.0554473289328907	0.45030483190475	-0.17890491723630664	0.05213448094562895	1.0629895198461714	0.009778421986049946	0.0511528584391594	3.471227165964546	0.08389864751437948	1.438612345021852	0.16981033773398302	0.22076909968697267	0.5756255219855113	0.612980034627923	-0.0045524900270572655	6.750217612773399	2.387549822082896	2.806059210035661	1.9804911491343304	1.0324782801514711	1.1396281266959365	1.0584459625088205	0.102356144844713	0.7360426378509493	0.32710999874012	0.0363281660228425	0.35352440362960547	0.36613634303638265	1.3229766660641715	0.4966432064475157	2.4292716693878704	2.3449603331989497	0.8895911988008187	0.03514245124085624	1.6198589894960573	-0.31834818813553944	0.7124356647240306	0.19038430357575864	1.175882704448747	0.6951947001545649	-0.3047776545615104	1.6880838325416327	-0.6182160573622086	1.4591212289486855	0.8203782708168141	0.28410950143561964	0.3522104772883541	0.39322555489189703	-0.5263793594035127	1.2064627395235004
2026-05-29	0.14152924055592497	0.0035783832775315716	0.09910592467456558	-0.03775407495121896	0.0015415706013256203	0.5705366081207139	0.5151948988000501	1.197746099002325	0.2872905690142913	0.11165906869739362	3.2993627948427804	1.776373405747517	1.418660227173623	1.4644091009702445	-0.01458229388270027	1.3407942956487968	1.0708651518133787	1.0080150620266792	0.5703505779520546	0.1672385842780575	1.024048547379274	1.9085422289568008	0.5934435422112916	2.056062573416865	0.941392789744885	0.5405295956821368	-0.9122636462351932	1.1192175748621427	1.9262612944696187	4.849062900751216	0.2454308500199076	1.5180901893358776	-0.15028467931732337	0.172421247259269	2.9698894999523944	-0.05257017882907178	-0.042815372543050234	0.8159579648769508	0.21130134029501058	0.11713487888922947	-0.4519130963776101	-0.10667449254165362	2.414926264622788	1.910314459809037	0.58716680985119	8.079640349577787	3.3250794566591253	0.22592836743109324	6.434096050970958	-1.008999573604381	0.5014669441391941	0.009142601089677349	0.04370873183712559	1.145460564160989	0.0006259328923148288	0.011862360828848173	2.8309755286600797	1.5825445255730894	4.556725586199626	0.537347782157001	0.18299638335487067	0.4713473198413083	0.5309673254515692	-0.008270231515562942	7.080105956607578	3.29684659786224	4.720117140890505	2.293187619926419	1.1597515055519168	1.2809737026306465	1.5722760375305658	0.04321695430758199	0.7430600312333624	0.26140727029525124	0.008569708550591137	0.4922059794244311	0.2136556887267902	4.189831367025363	0.4118448081527042	2.9595295164816973	2.4206320089070523	2.407143171236431	0.02745111666456923	1.9189884778437705	0.23387517180076856	0.7651105636199107	0.16605976748044515	1.3136928794754175	0.6731175903010682	-0.5234069139993309	1.477347139303717	-0.6433536477578037	1.404208064719917	3.3495115137276983	0.17217581026027062	0.1483760085343775	0.25790665861518214	-0.339200806725108	2.1643855777388676
2026-06-30	0.08533430459370872	-0.0039136256141634185	0.05873235123147347	-0.031157359463664713	-0.03916287892764683	0.5034222961419561	0.541063978609341	1.087527486881875	0.24769438694903734	0.08685443528888293	3.6621640837592633	1.9173546915392148	0.1449365054699392	0.9840509192813389	-0.04116941619493275	0.13171797875005886	0.9455654043921069	0.9146638149859481	0.531417852706431	0.09033907272297848	0.949898694024097	1.9794743091059015	0.44517708694591107	2.7691042018466057	0.7150014256561517	0.5629333695543259	-0.8280816976566345	1.0415527875600628	2.047298876058271	5.938847278196857	0.4764743719897666	1.0598071181333397	0.01661950991648453	0.36246713592511526	3.9483345150702185	-0.8656021508517711	-0.07055940196383181	0.5897443301632563	0.13666129207417832	0.06610772711397717	-0.9149596462726612	-0.10295232214119565	1.8792250471538372	1.5328517198286933	0.44582731340512927	10.830794283609826	4.444348436589166	0.2602799922562653	5.074223650140522	-1.5240686758215674	0.46128858763081393	0.02321452379822997	0.02375213222675604	0.8968998158968509	-0.007089855081873431	-0.02497302021962078	1.248741021395963	3.036752431712289	5.315224703987333	0.6260506385509652	0.10062031664713933	0.45590445344742636	0.28446895135592687	-0.019013538583779965	5.421072905464639	4.233547580288745	6.193326890997181	2.8503789971506457	1.126248724319436	1.261508266441444	1.903815117889117	-0.0008410741970972246	0.7018935868364276	0.24531995553314234	-0.017956463707671677	0.6303774813992655	0.01582545306118388	4.916486891181009	-0.6180902432148905	3.0416009534016126	1.8807908805536186	2.9186467927104687	-0.0026964555762643005	2.347246762509542	0.2930175292326842	0.7171196335865746	0.138619021416432	1.2686337231234166	0.6001868493451412	-1.2494233733952527	1.0644716689211746	-0.5163850751062271	1.979687374617475	4.623213804236666	0.11515890196131995	0.061961764792084484	0.7510517036923812	-0.4830545350703286	2.644931198980883
2026-07-30	-0.03692891884961069	-0.00935660193075849	-0.029685674528920458	-0.06072656619692385	-0.05522891391362815	0.439056024285577	0.28952949774683034	0.5124124955525016	0.09713132820067027	0.06424671695603323	2.922652953052305	1.5618588357316945	-0.6384491418600575	0.8425689299473342	-0.08995171235668531	-0.6129291860564106	0.6311549903508259	0.8890064674989429	0.4521903381986112	-0.04170264422308878	0.94166452314448	1.498284008283341	0.3109398264795402	2.837214049860407	0.6161830319687285	0.44398377277228995	-0.7182652333361366	0.9926131889771437	1.52390633977706	5.671192112278376	-0.6692812420517491	1.0855216633062446	0.584983120809774	0.624081175928711	3.518336302423098	-1.413905320916946	-0.03324809734547074	0.3014387851064262	0.20567547909388262	-0.13484192209453738	-0.9027707369720059	0.10434156346105627	1.5313854666890263	1.5155457772581666	0.43100443144350065	8.110282362453077	3.3250547052758535	0.3191542996478318	2.4986334237392924	-1.679187064153064	0.5063051015612976	0.0035615086687545983	-0.004525839858915304	0.7792376014900064	-0.012351032823608943	-0.052880619392705386	0.10643208978296848	2.513094648330492	4.713882968708781	0.5564982854616805	-0.014167258578515085	0.22400071026457535	0.23518283550511132	-0.03876914012464194	5.378229389110173	3.9958037628833267	5.079764805122792	3.074246375402778	0.9901580643522019	1.084540277777629	1.6952954588235625	-0.06011748839521802	0.7408297384750373	0.1071818526675668	-0.03764189306814014	0.8540649427019735	-0.01693763274995974	4.356833183521701	-1.6457190251434994	2.506052612090592	1.1259127825366129	2.617247061621562	-0.02572167034381989	2.5421749117094805	0.1343785480619193	0.5189450098163357	0.024208501706107555	1.0743069020671907	0.5575165814434899	-1.7621471730292289	1.091416322004064	-0.22452240660596123	1.6830940230024947	4.107336348311408	0.20108557687695816	-0.06568546053237823	1.293541960751007	-0.9238377939585396	1.6650983662099392
2026-08-28	-0.11561165485354619	-0.01347982672998338	-0.08716509752294987	-0.09363171624308186	-0.05861745557886966	0.40048367501501314	0.17487024742519264	0.5332369434260995	-0.0035412503224430125	0.05019339594627337	2.678800622894059	1.2733783030497055	-0.7554437915253018	0.8707992252591286	-0.10010213866747097	-0.7241912541721298	0.3810974599871799	0.8795699568834472	0.4549034180509679	-0.1374270757633973	0.9289965730091447	1.3667578810471284	0.03610878225157421	2.674824054363273	0.45049099678468885	0.3763155369318998	-0.6252192373445352	0.9824027435139424	0.5555419924435228	5.2552645178819475	-0.721277577886017	1.121680232796244	0.9067005854464742	0.9581738170772289	3.4428210760918	-1.4860715058253575	0.02876296387397037	-0.11155206604324874	0.14557704162655094	-0.2494365694352383	-0.8937906479453068	0.6368097861050899	1.6957528141123444	1.5242462292725616	0.4486874798554221	7.549765239210238	3.102248109948057	0.2756900774090416	1.3976361531908754	-1.5220690256106515	0.5879106673480705	0.0938478970454737	-0.024823780656670236	0.7799204047870347	-0.01628537494559046	-0.07402574771003545	-0.28632412698457443	2.140042391625137	5.365215735223906	0.633899212142599	-0.10415008298986494	0.1033540196510665	0.19870981098644425	-0.04294117010993492	5.137321117144868	3.8060461316016223	4.6092626953742055	3.043763953103948	0.9302411044471679	1.0143050883652975	1.791838901139406	-0.10494488053795159	0.7333015630748667	0.03687405039764352	-0.05227639710182008	0.7817209220931938	-0.1365752753920806	4.949890229209217	-1.7880735909312495	2.2898801212735798	1.1287273675188843	2.889427662160532	-0.050675136228465645	2.710785339161884	0.2386972418395441	0.49699873950646634	-0.041122810615347394	1.0152084923381812	0.5811525087481781	-1.6675779619056996	1.255003342563196	0.010277359899642402	1.2073994524499962	4.065113410337972	0.21821350736791656	-0.29152529013727513	2.012310611443689	-0.9072104176895319	0.7992768726937509
2026-09-30	-0.34261161531470163	-0.016663855904328617	-0.252798237643874	-0.15531491125137853	-0.09529350889734262	0.41428736610228545	-0.2166141468478351	0.39559184903912037	-0.33236015231614235	-0.008894436525929472	2.3668364921361107	0.2197034463728027	-1.2695117726902208	0.6225607700910656	-0.2605074406003989	-1.2121047633698971	0.165107841921473	0.5501297330494275	0.3081591062211997	-0.4071444383100351	0.5789680366745529	1.111644735827456	-0.39931074192572336	1.7899460411702321	0.2875570672619272	0.2324364474409215	-0.7209977757300952	0.8486206261995886	-1.922827852317461	3.46447385363485	-0.4149468266376779	1.0418705490492526	0.48627789046671666	0.9236043860422609	3.5843240394755487	-1.5015231107856888	-0.03152513012155023	-0.717997413506672	-0.12919778928574166	-0.5664145724622633	-1.0620303647132214	0.2952024651243734	1.0710165462960202	1.83647299039374	0.48607137402638134	7.7962195475338945	3.2108069579119345	0.11854503522832527	-0.2645042721535775	-2.3967612001955594	0.45887287947778455	0.1331264328841817	-0.08680588758971819	0.5243051163765813	-0.019719250186945203	-0.1264547514040122	-0.9557603641206533	1.983567608105755	4.687268252173496	0.5542100094272913	-0.3577332668767359	-0.2729550004791217	-0.002815706473944246	-0.11543890420302416	5.650045047519669	2.3512365071433585	3.0149484750615265	1.8020554109841989	0.6488280536550333	0.7152497996602669	1.6863934198682209	-0.22487332651524672	0.31635655305556654	-0.18638562241136963	-0.08990599953369793	0.23590356379494937	-0.3959784264300803	4.311682765031563	-1.7725018549566158	1.9819708722181488	0.6470462674111612	2.4011928201168757	-0.10221713715041769	2.0246034546512277	0.33543904350973186	0.332848477384192	-0.26639931134588934	0.7131704244439385	0.2755991730459719	-1.7064778872852173	1.205131405457431	-0.15983922045856236	0.10310376618689787	4.33365143047131	-0.0817925995575397	-0.634193548397834	2.1803776124304424	-1.427331788611359	-0.29512849628588533
