	AGG	BIL	BND	BNDX	BWX	DBMF	EDV	EEMS	EMB	EMLC	EMXC	EXI	GLDM	GUNR	HYG	IAU	ICLN	IDEV	IDMO	IEF	IEFA	IEMG	IGF	IJR	ILF	IMTM	INDA	IPAC	ITA	IWM	IWY	IXC	IXG	IXJ	IXN	IXP	JEPI	JXI	KXI	LQD	MCHI	MOAT	MXI	OILK	PDBC	QQQ	QQQM	REET	REMX	RXI	SCHD	SCHG	SCHP	SCZ	SGOV	SHY	SLV	SPMO	SPY	SPYM	TIP	TLT	UEVM	USHY	USO	VB	VBK	VBR	VEA	VEU	VEXC	VGIT	VGK	VGLT	VGSH	VNQ	VNQI	VOO	VOX	VPL	VSS	VTI	VTIP	VTV	VUG	VWO	VWOB	VXUS	XLB	XLC	XLE	XLF	XLI	XLK	XLP	XLU	XLV	XLY	XMMO
2021-09-08	0.0	0.0	0.0	0.0	0.0	0.0	0.0	0.0	0.0	0.0	0.0	0.0	0.0	0.0	0.0	0.0	0.0	0.0	0.0	0.0	0.0	0.0	0.0	0.0	0.0	0.0	0.0	0.0	0.0	0.0	0.0	0.0	0.0	0.0	0.0	0.0	0.0	0.0	0.0	0.0	0.0	0.0	0.0	0.0	0.0	0.0	0.0	0.0	0.0	0.0	0.0	0.0	0.0	0.0	0.0	0.0	0.0	0.0	0.0	0.0	0.0	0.0	0.0	0.0	0.0	0.0	0.0	0.0	0.0	0.0		0.0	0.0	0.0	0.0	0.0	0.0	0.0	0.0	0.0	0.0	0.0	0.0	0.0	0.0	0.0	0.0	0.0	0.0	0.0	0.0	0.0	0.0	0.0	0.0	0.0	0.0	0.0	0.0
2021-10-08	-0.09593500642695574	0.0	-0.07478389033565236	-0.05198799850593616	-0.06255792688440565	-0.01497035012964787	-0.4538680291243651	-0.036486633822448766	-0.23951160398304694	-0.05753474221949517	-0.11229755803730512	-0.3272540752704458	-0.04945890855925228	0.1202676452462832	-0.04990623887107404	-0.04945890855925228	-0.12095552971559798	-0.18818212438512916	-0.1200745628769937	-0.16070660974226314	-0.23564752214653595	-0.13519630540809402	-0.025447921535565854	0.08921835701011105	-0.06803620167267965	-0.1217193386153923	0.017834481350710973	-0.23191307480858114	0.35027119780536964	-0.12475829382566417	-0.5821465386284785	0.27370011636674363	0.13432933666088331	-0.38184784891939216	-0.23636112050112956	-0.3520781688201282	-0.07827063231725617	-0.28862056025752736	-0.15130871721142825	-0.17667964924434898	-0.2585535728693742	-0.09852161027087902	-0.3358081263354791	0.23963804326506022	0.07153716997543391	-1.4863879429308895	-0.6099090141448755	-0.10647161326177468	-0.7760079321358688	-0.26718826511307725	-0.0031740672228366407	-0.06700673334279372	-0.00942254134393039	-0.2990600933716223	0.0002647465110783287	-0.010252689024653705	-0.09732188254679741	-0.14657249342002387	-0.866238412014809	-0.10218515423288466	-0.0397679690282331	-0.3909575633513498	-0.12827090184572398	-0.018768549644708088	0.548831994037684	-0.17728278439949463	-0.892325985465618	0.15659482254937984	-0.14962042566717315	-0.16015611958300724		-0.05584416837773176	-0.1932850373096926	-0.22329268496261534	-0.0064680311414946345	-0.44197573756899544	-0.1760293466073506	-0.8020322098691395	-0.5024377545739753	-0.32362552653691523	-0.35174586630274973	-0.4173062316372693	0.0010763315054092004	-0.03782406016293294	-0.17528957790798216	-0.08711955622050738	-0.1567460627976942	-0.16072212936531827	-0.08864230511874638	-0.3105123579671982	0.31557860197844434	0.10488556864594756	-0.12127763797076341	-0.25182262105478515	-0.14746624112468254	-0.15463478544838338	-0.6304308247362371	-0.05220253447181733	-0.08784776127914995
2021-11-08	-0.09826000565767856	0.0	-0.07488496512114295	-0.06459172185883943	-0.09159641521470618	0.027708928438620717	-0.20833378490064547	0.07567485766875137	-0.28614469791030217	-0.1044910246460411	-0.08952785302479782	-0.06429271877740916	0.017653989547639526	0.2718327695880767	-0.03373998998864636	0.014463337629578632	0.038021743106476436	-0.10165530055135719	-0.027893543549168953	-0.2258462728696884	-0.16771845017514408	-0.18508619843407104	0.05807201239259285	0.8151377647116647	-0.18637090868716655	-0.04608774273038563	0.13786698276337717	-0.2762435338532683	0.6759169768178594	1.352204010945826	0.18761635128547027	0.5346637360185653	0.39383618857044667	-0.35957460538675434	0.015250137696575905	-0.546643571131213	-0.06237721096968585	-0.39080028205880524	-0.09843864561364768	-0.1192795539082141	-0.5187205189707456	0.06682719173841178	-0.31432150340711473	0.47654880602916805	0.1360655217740412	0.22291263322676969	0.09172017989544656	-0.0556077487983444	0.08977178012754905	0.9226809775587412	0.05621628083932606	0.027566470159033685	0.022170488126540988	-0.27754049785490054	0.0006030467242368331	-0.029109612783500438	-0.03684969512126912	0.02655081438904716	0.7831255723386334	0.08978708387519418	0.09036301352384157	-0.20397881446494637	-0.19759227846719796	-0.004441252985621702	1.1018047589293758	0.952345469968634	0.3581079580922619	1.132719822929829	-0.09893603475099866	-0.12278176696259635		-0.09819286059499177	-0.07670826897643934	-0.13550079640722856	-0.01861184878831068	-0.3183122616418075	-0.15115292363872612	0.7160633503396525	-0.750927836330618	-0.4088063557694994	-0.18733413707064983	0.4787089245452023	0.023874915275769126	0.36600066219438077	0.04788165501531694	-0.11106418799083428	-0.18367805164822926	-0.11366872596819633	0.12245730185053816	-0.5230178602022448	0.6335025041480975	0.27517706932905384	0.2202614505502254	0.16954756879567867	-0.09570382897932461	-0.22425830878313135	-0.6237117772814287	0.8882247891735915	0.6891833909365772
2021-12-08	-0.14357129691867954	-0.0006670394854069173	-0.10892766981660884	-0.064269157640652	-0.13577716524000394	0.018397037257003035	-0.024724653745352043	0.07217388086117182	-0.393776333714456	-0.18333615294678296	-0.1342328045096437	-0.012667292499386917	0.00940748817521353	0.3800593160635941	-0.03777703346852945	0.006146463466599528	0.03372069171433978	-0.18270597307837733	-0.008569185869681917	-0.284752276789888	-0.2744252795352793	-0.3055274883377166	0.02380531187012025	0.9867089130615341	-0.27082504173280597	-0.06811823896757829	0.06388466796640557	-0.43920060545205786	0.49088363648129985	1.2243802774022186	0.9770367245073999	0.6827310407720617	0.39740415834805276	-0.40799488905604164	0.32652491378129156	-0.9042431686078629	-0.0058189482838102435	-0.3704235329516976	-0.08559075919156811	-0.17290842009559526	-0.8861645186798484	0.017371061147414935	-0.2725733691851957	0.5064124785576531	0.14893828865744574	1.6795693036224861	0.6929417738482755	-0.0008660758105101252	0.445097904042413	1.5471047151285404	0.0891721503429963	0.09599964892378665	0.034356298526009965	-0.5126796399914184	0.0003968529548785682	-0.06420935363701119	-0.13982044323423537	0.12407701107679969	2.1104526725034134	0.24661128031361557	0.13894154203966025	-0.08518441937599164	-0.25774546574463386	-0.0015484291927556626	1.1499535787798294	0.9486367843635435	-0.24212772925869785	1.38737673151806	-0.1565894410195412	-0.20242142843375888		-0.15274370102684998	-0.1391033805789732	-0.08636083335721878	-0.041877231154835215	-0.07661937776433092	-0.22181799829098026	1.9322553388317942	-1.551627202831071	-0.5834184105534632	-0.40655014009993806	0.9847493565309264	0.043403101795767896	0.5563175737068775	0.2307237831349056	-0.19938249037885925	-0.24964809924036757	-0.1946236952435001	0.2622556801980309	-0.9914579533067496	0.8241814121898088	0.32127345915385774	0.3684043755526005	0.7026308941164672	-0.03029896065213933	-0.1852982520695825	-0.6003074179369889	1.5724471751358209	0.9364363283994948
2022-01-07	-0.2849286258308297	-0.001846652213984612	-0.2137472259861255	-0.11407822908958565	-0.21036440760779485	0.045549343770073136	-0.358550762282718	0.0710301257557262	-0.6119977227412221	-0.2499724354001458	-0.13835242512724477	0.08377672005950387	0.017198344912543462	0.5960046046473018	-0.08023542652198046	0.013919347501456514	-0.21098478868704618	-0.20637376193743506	0.03370001449080107	-0.4733629716188119	-0.31116797500870064	-0.4459815510036478	0.08539462720646185	1.0242337115374909	-0.35054382475707513	-0.09178760421192322	0.1304634225937633	-0.6161438589139578	0.6252058839833978	0.4425982456455131	1.042755651667818	0.9254911517081226	0.7136891319635623	-0.43594943874023784	0.37043749063649045	-1.2745903710228532	0.10010595846841852	-0.2326851728546231	0.14273053805375469	-0.39475599657812666	-1.4131024991696606	0.057509767130085265	-0.061513927225064435	0.6733983433979205	0.1931854132728752	1.3101448982287707	0.5468102866671813	0.05514756353993988	0.5097149975850499	1.6706961310787847	0.20411343132152737	0.05300828848503869	0.01114117045923635	-0.68601847447448	0.0012282987538441148	-0.10695898015569583	-0.23007017790171247	0.14152963506657557	2.992596456056617	0.3507222906743479	0.036031355390633735	-0.39025774979126027	-0.2584322144999689	-0.016492781173855775	1.5136034680782728	0.5274798231279192	-2.357542571837371	1.740086909097073	-0.1780202044905579	-0.24899278600703667		-0.24482498167646582	-0.09017120640702814	-0.2693483597374495	-0.07029897166355425	0.11577974297112803	-0.2915298403662945	2.74861713184373	-2.4090012800594423	-0.790135732066588	-0.6108300179856485	1.1285718747346039	0.04304779919793589	1.1895260280672062	0.13828104464987945	-0.30088999133003824	-0.393565599636716	-0.24657867235189457	0.4230619955152193	-1.3980665991998649	1.127253777634845	0.5204366804773386	0.6017746453687778	0.8406656581223046	0.3840192605539272	-0.08081210500229474	-0.4967092079530602	1.8082638018986756	0.9451175001866687
2022-02-08	-0.5282855313804333	-0.003417453849095864	-0.3975862215170167	-0.23529218383014694	-0.30062287713044356	0.054854976781495424	-0.9384523777613936	-0.015190741403372954	-0.9168470107063769	-0.2701658761024035	-0.14071880649741075	-0.35321808762941487	0.0725649042170673	0.9411531243052416	-0.23090779168630604	0.06611823689629404	-0.5046798159016106	-0.3460747885489468	-0.05779958886857983	-0.7366882036068603	-0.49301834259594557	-0.5488256550111998	0.14101319971602777	0.5795538298890079	-0.26959185519864093	-0.205342542915119	0.019878750310105886	-0.8593321213943668	0.6188740213248138	-1.1761012640056379	0.4859309063507169	1.3158427703248492	1.008094946226393	-0.5861162919275245	0.20159403640354867	-1.8999101188425556	0.10876511968341873	-0.21961096232236343	0.21762410010141053	-0.8440259068387093	-1.7617721639508943	-0.06530079338185146	-0.034190470383322236	1.0411815758739422	0.287817237894183	-0.6020243393903115	-0.23383523707184395	-0.018344824153071926	0.15162757760613488	1.053996171918243	0.24094293713183035	-0.04479619344072461	-0.040960352353113905	-1.0526419724016591	0.0018651100833295686	-0.18311495358803143	-0.23194595698484477	-0.03810487103127258	2.5152963574671503	0.29459357539651165	-0.18437493840734476	-0.8856951485231264	-0.22030203982857444	-0.08401836140414076	2.33568132291321	-0.5768577284531773	-5.302872322482585	1.5365111254170358	-0.2900206231766873	-0.3472698500488107		-0.37317731904399665	-0.2076958318959612	-0.56139420683499	-0.127519149056603	-0.1755703169249898	-0.42940208109665434	2.304468355301651	-3.8608579894176955	-1.0948158814988744	-1.0957019174941678	0.5905903841475322	0.017924914743737475	1.5437075160505174	-0.14341904860008015	-0.3401859933732041	-0.5910364965871224	-0.3671766751613106	0.35147947621959474	-2.196489687650228	1.5870478937376369	0.6418571636155121	0.38402880141511275	0.730113004455248	0.6268564269657375	-0.06651979088654869	-0.49847410999842623	1.4793994274101863	0.6561649273047863
2022-03-08	-0.7741491654622763	-0.003143045627837182	-0.5834570988879477	-0.33538049108000223	-0.4263277052731169	0.22434684247109615	-1.4505333051048268	-0.4849179470580083	-1.7060151425927756	-0.4335014274936313	-0.585584466588088	-1.3161965797675776	0.4716976061303626	1.3365453019659483	-0.4554335494696744	0.4452926575116649	-0.5037535931818944	-0.9442369848961718	-0.4555381466095696	-0.8645255675443337	-1.2135381562597445	-1.1098427801352955	0.11975081170815116	0.0256379960564459	-0.14649530595165317	-0.5843180100737868	-0.3966234732513456	-1.3665432852155064	0.6068604648678075	-3.0303961807067594	-1.2318146289327103	1.7832671129959543	0.38515472213637736	-0.972534310133895	-0.4448806415119577	-2.8901241742179735	-0.004015079349144912	-0.21591775510037792	-0.0597601713061664	-1.4194902132427387	-2.728744500436086	-0.442127624062266	-0.23282638266708489	2.0488616820103367	0.5880744847341131	-4.866270301316547	-1.9800604205706236	-0.10318546163727405	-0.39649520780589853	-1.4474872830535617	0.17960548906405904	-0.2743904949188156	0.009495421410690597	-1.8394448044950664	0.0033427321382788477	-0.2603375083385373	0.008543913613664245	-0.6350778645998929	-0.48466326304509266	-0.05524668535976929	0.0242934968229207	-1.2783454943668602	-0.49541621913323297	-0.18340005474414056	4.692971132714078	-2.2670895862854366	-8.876493185999777	0.8336861116338525	-0.7384149281743646	-0.8858993591477144		-0.45854724294693483	-0.943464493797336	-0.7875680186045884	-0.18129318861530663	-0.5158375141589602	-0.7423906011050363	-0.44258115407330934	-5.7550882196767645	-1.7314796003365416	-2.246360838010162	-1.1460954895358668	0.08886834690716228	1.30655953700726	-0.7715375067751609	-0.7545708646436182	-1.0733880256063628	-0.9154677987498019	0.1382082060950509	-3.2351773551320946	2.243012297677822	0.35305999748175765	-0.0947863281475918	-0.016831885532312185	0.5397895981972454	0.023958245063930406	-0.9075897963783461	0.3207500595031121	-0.05190550918743497
2022-04-08	-1.2564328071381539	-0.0035580575079734444	-0.9455117997165132	-0.5199421319417539	-0.6036694140187144	0.4449010756648448	-2.74311674686777	-0.5368013624704417	-2.253549274746291	-0.5356613609559382	-0.7166011861348807	-1.8162265122299885	0.6091183260574411	1.8551455333010907	-0.6850813176993142	0.5769503271306107	-0.5002909462508462	-1.0961213326337855	-0.5249832992672907	-1.4717122536313383	-1.4282332544993892	-1.3646314928604113	0.4290029407040592	-0.39719250716285615	0.12975885846454815	-0.6866391457175354	-0.3279197195606187	-1.5665253379186979	0.9566712928526044	-4.18772883875647	-1.5968977341669017	2.2335080366372573	0.30323502674703207	-0.4827728296612719	-0.7147555596264326	-3.3254498219936295	0.1371411382168617	0.1599065238949251	0.1080022362773505	-2.114849710020721	-3.4193742579938586	-0.45781577933692574	0.1839441034838103	2.5672916103498302	0.755072019666823	-6.118214508504252	-2.489069269981343	-0.043643795463577106	0.21032017388574786	-2.5700148076726066	0.23043629642085506	-0.32473458787460885	-0.058299836186773035	-2.178793662941615	0.0056582433168301804	-0.4022391975234285	0.06683596162765326	-0.6413208928354166	-0.38040776928505693	-0.04276519276532298	-0.2626929552563553	-2.4075288801303856	-0.5167605434789166	-0.28715825128308126	5.583349542142294	-2.996675791491896	-10.824638396326861	0.7088735930079793	-0.8603050686951477	-1.0521655701191008		-0.729265961824801	-1.1331998227537667	-1.449640558390783	-0.2819589121456261	-0.26481155952903634	-0.796298862190099	-0.33445316159890126	-6.665825392884884	-2.0161387536810906	-2.6602987164623926	-1.3479822859214892	0.0740072257057065	1.7991001853441588	-0.9619749398468329	-0.9315040305929401	-1.4463636914465212	-1.0817089823486725	0.29780102897489513	-3.698775982981857	2.8246031145911843	0.29770873550996413	-0.25850966238448336	-0.2505614608176501	0.9295897619998215	0.3289035075237905	-0.05686019701555267	0.03088501363428975	-0.19587118051315144
2022-05-06	-1.8232651026106055	-0.0018439775964651517	-1.3699624657034377	-0.7523741362576502	-0.839634062353106	0.7741847422367414	-4.650661884380227	-0.9065027549051692	-2.999855548910162	-0.696872152955109	-1.1221710190925265	-2.640891574071503	0.6085320350555534	2.041706728197852	-1.0014223583815323	0.5754063688801025	-0.6916229464675077	-1.5433226115396081	-0.7060896317801877	-2.132681992466871	-1.9513370678336557	-1.888682306547409	0.5170124635242388	-1.1127399363752062	0.07422949701492954	-0.9552713053852884	-0.5675798373167353	-1.952619317820158	0.7230128484943776	-6.199085034178182	-3.1565720584045778	2.6363926386096495	-0.23107141568920042	-0.7432464752403405	-1.2680890634931927	-4.236320419651932	0.055173796412901766	0.16144952872543428	0.05137578657094366	-3.0402961288198043	-4.329734493099259	-0.8663860955739864	-0.0472822577157217	3.1499663138599203	0.9481758653358554	-10.1263067119109	-4.1292199221754515	-0.18693416319574752	-1.032197917415516	-4.492199421890064	0.21279118707655442	-0.5368407614451485	-0.15162460278673606	-2.806828474390315	0.009734026467796753	-0.51820749032359	-0.06056297389999443	-0.9924644033524359	-3.015481186013403	-0.35021022587618234	-0.654293181064304	-4.021399241146895	-0.7550112443910848	-0.4308378525634957	6.857083361031314	-4.543140666804021	-14.22000354266305	0.13404483510086607	-1.1971670537998662	-1.4823311905543974		-0.9962250122259206	-1.6362859436308597	-2.376946277337268	-0.3638440124505209	-0.7235632303367225	-1.1612224219886187	-2.7495540930038374	-8.50724586262578	-2.493263066113613	-3.7235518604636724	-2.89473569949169	0.06152050994153768	1.657607010743945	-1.5349875775654311	-1.3582687594285758	-1.9429827209782928	-1.5261168051700196	0.2755224117520001	-4.681813034072491	3.364058934000674	0.018337907874901305	-0.6879424432894581	-0.8876521911440562	1.0830363222229948	0.3986651659811571	-0.35609067189329835	-1.0149201376146806	-0.5621856891156369
2022-06-08	-2.1937102608213763	0.0009203942465774162	-1.6495380958293993	-0.9577079737399714	-1.0280276034120384	1.0430651273875498	-6.049843212408078	-1.1944931018228218	-3.5230900358286874	-0.7880493743592467	-1.447899404903346	-3.1535397508131098	0.5556677911215857	2.3206054970592263	-1.2211602197268547	0.5245623813325935	-0.6804561662087636	-1.758146171521723	-0.7604657006191076	-2.5671895845167683	-2.2175141604320388	-2.121150942564043	0.6961141350892177	-1.4354238474017507	0.14546112469147232	-1.0838527341660082	-0.8366238866747935	-2.217709595290387	0.6647582945171564	-7.299576243253739	-4.446007816879558	3.1982527666692135	-0.5867033366137235	-0.8991824583201549	-1.6949059027549325	-4.758264787548029	0.005913091237111701	0.24577540607534587	-0.15034433460660068	-3.6118042114469375	-4.398144269149128	-1.1431598254998647	0.011543407971089437	3.928606009211009	1.1788046319589345	-13.276115606662813	-5.42373328273743	-0.3495075251121236	-1.3583076946999881	-5.73289238071186	0.2114381041059623	-0.7021762930000399	-0.21159467789729192	-3.1724184679573852	0.015544785384562942	-0.5931730070174268	-0.18441608051220726	-1.2145125282424303	-5.054633101892193	-0.5893428752369019	-0.9051470158607628	-5.197379747096733	-0.9044851580552873	-0.5368744898330284	8.563432317841006	-5.442716424729696	-16.440276474346888	-0.08010356865409562	-1.3667401189767148	-1.6771489167164475		-1.1745295434143728	-1.8538702661548925	-3.050573446442158	-0.41633200830183625	-1.2666728460217627	-1.4290499857400576	-4.618628984270686	-9.75097101446795	-2.819774123352971	-4.288764389900507	-4.04362423040854	0.07628924326788677	1.5622750385233104	-1.979146938205922	-1.5288156206607013	-2.2906674686329254	-1.7329949970061733	0.3190548806230211	-5.336323434461903	4.068609117703058	-0.2096127496568414	-1.0195332040764953	-1.395973460132737	0.951315230512435	0.4992722454728842	-0.5338950494070218	-2.011093073918431	-0.8473853677398893
2022-07-08	-2.509898576915546	0.0059398550398697125	-1.8896155931666812	-1.1169697436818282	-1.2275689175316309	1.2170337805567577	-7.218820410437758	-1.7481159221462974	-4.177303544051583	-0.9324683544427401	-2.038136845521798	-4.145493585980233	0.33162131644477455	1.9540079759432345	-1.5239063673682125	0.31043029247008036	-0.7002438950745216	-2.2557755233385492	-1.022796138626319	-2.8904957754864142	-2.7549152348582737	-2.510006086187005	0.5484346978935122	-2.2682128536064567	-0.027102906336008203	-1.3802926174459351	-1.1003283460581699	-2.5981894895331408	0.20037877374410584	-8.975240667953557	-5.778119435938407	3.0102350632862915	-1.2345093128161295	-1.01856658816682	-2.2473962845419564	-5.368866690327863	-0.11030224628683527	0.030237278747868856	-0.3287290490498407	-4.130429866015675	-4.400754313996458	-1.5682578808659002	-0.9999477364478793	3.967450432502549	1.1558326042383449	-16.50248360166944	-6.752588202854497	-0.5612676893409727	-2.7031141001315007	-7.159565571742036	0.10699732121045358	-0.8629373532199409	-0.31157654151926195	-3.8023393028035173	0.02584811312569002	-0.6673216701958467	-0.48356686410964045	-1.671659151807745	-8.162196946616291	-0.9538532863892186	-1.3279053429388483	-6.152398799890534	-1.2228585443774023	-0.682887505852392	8.729792201888067	-7.155331899645603	-18.754159722608648	-1.3747471129922246	-1.7451956864303995	-2.0901466254792496		-1.3057768094507054	-2.393881929225799	-3.5946179092028814	-0.4692264796663821	-1.9678809791726053	-1.8276154511397351	-7.470982917400306	-11.007085121298573	-3.3247740072904577	-5.470613440321131	-5.717411005800329	0.035504902042134745	0.8220132775248175	-2.4257429660796106	-1.7989912571394626	-2.7153426461058388	-2.174927926675089	-0.11556315387648652	-6.042356258402705	3.8716940432630658	-0.5607560766212245	-1.8031744786817967	-2.0427986222101566	0.8455721795200759	0.4581426710493979	-0.6077296008991198	-3.019242795089994	-1.7066421968173273
2022-08-08	-2.581699024273192	0.016946251421700254	-1.94824443829269	-1.128462281312892	-1.3212153470128776	1.2860371569444986	-7.592079352005399	-2.012322194573791	-4.289779532992597	-0.9868984392081295	-2.262651229324483	-4.262784051432959	0.22729281429648296	1.7860742806676697	-1.5245036885545034	0.20932483463576546	-0.5172390921241679	-2.4422982309986523	-1.121307433563544	-2.9117785854285927	-2.948761701027614	-2.7682230921192783	0.564578116149157	-2.258092763681674	-0.04093874282852639	-1.539612752079595	-1.0643616750286924	-2.736364782695624	0.17664446341163398	-8.883831437405604	-5.952932170250449	2.9192035048988387	-1.534421603740796	-1.0793960082102387	-2.3010660191861234	-5.851708531674632	-0.09140561527710389	0.1327020962776686	-0.3381962508151872	-4.264289770600115	-4.805747221631677	-1.4674952630692388	-1.5194859290557474	3.8075518607665657	1.0861191788776896	-16.87002703104929	-6.902629850674572	-0.6195077452465441	-2.716788314750957	-7.419077394859698	0.07386621806749716	-0.8746224135606155	-0.3279904869065575	-4.028670739514446	0.04136020530800977	-0.7124492778122544	-0.6135161645129052	-1.8314323189034027	-8.669420643367118	-1.0125436109625383	-1.3967256662075016	-6.420621486835159	-1.434690508827579	-0.6873108208983574	8.361785932102855	-7.160724112673563	-18.61722391555824	-1.4593793173269205	-1.8899996836268471	-2.2807253148117397		-1.332291853811462	-2.5935694593118797	-3.7423550007224406	-0.5008136256291991	-2.084375237498648	-2.055333177053086	-7.939904988657759	-11.72311590757515	-3.5265599007837523	-5.943629199415938	-5.967762340075694	0.03481103541681563	0.5624184374976977	-2.4679490065364718	-1.9950772006718296	-2.7769545122386603	-2.374559260648631	-0.28892807583991953	-6.472565753629283	3.7601323587664623	-0.7114393858418921	-1.7842112876154488	-2.0272739737015115	0.8741462297872857	0.5793556659015167	-0.5827994849494047	-3.05635874100129	-1.855498172990437
2022-09-08	-2.8275003564671692	0.03733013821084796	-2.1319250855038803	-1.273129534244383	-1.4918455052119768	1.4157616008698959	-8.552799485940895	-2.226747172751679	-4.5769020930293465	-1.0410586526341596	-2.5652950769627125	-4.67443498555761	0.012935456907115395	1.6515806670157858	-1.6466703647162007	0.00248354774672066	-0.3407464223743446	-2.8061983104950485	-1.2782678778269982	-3.1950371823609203	-3.3529830804315424	-3.0702703474784414	0.5094942082633267	-2.6807361902951925	-0.03641310483736859	-1.7401107602268588	-0.9702999019339202	-3.0208174240179417	0.008751289161281761	-9.399366326867835	-6.596081676997159	2.9194991019222023	-1.819296451025508	-1.2963422955605495	-2.6526006001718443	-6.431072472319968	-0.11823695356414277	0.2171134073755283	-0.4907232184043906	-4.655989092238627	-5.198873331867155	-1.698042381461235	-2.086950426203856	3.443210759873047	1.000472949457162	-18.535850957649075	-7.588014121501686	-0.7371533282306473	-2.6611467017802397	-7.9656981363254715	0.0178928682097812	-0.95047292209577	-0.3939281464999418	-4.460234671607864	0.06758988114380315	-0.7604457549892345	-0.8678808168002128	-1.9830821605970783	-9.919195271799822	-1.1613971530725422	-1.6772883747457996	-7.238151720719188	-1.6354921250663708	-0.7414281093085471	7.5434127238602	-7.5727159279757075	-19.162710694617175	-1.777071474937145	-2.1743522380789315	-2.597042660138044		-1.4446329893749592	-3.0132399281506324	-4.2015243960993445	-0.5335807619154593	-2.381266655216507	-2.3862465656943286	-9.086856720964363	-12.646415006711692	-3.923958741022865	-6.650429980138114	-6.604359662978396	-0.0052049713544519705	0.30067348829666685	-2.6595470616521055	-2.1954265700371494	-2.9470176606952805	-2.704602098746072	-0.4445762539005429	-6.988035615210414	3.80908805594931	-0.7931776673412685	-1.900243792989727	-2.42642532707157	0.7911495798641681	0.7635477459179469	-0.7351050701585393	-3.190200505784617	-2.0087931077298435
2022-10-07	-3.250108112030887	0.06324028757123301	-2.4427958175068767	-1.4578120849456297	-1.6900952836338945	1.5699564206154655	-9.697055967900425	-2.619461771137715	-5.139962808043649	-1.1318370904529473	-2.9907626204759055	-5.566094136306191	-0.1743011872717375	1.4598228273432383	-1.9139710470391904	-0.17635226211719157	-0.5342775730206704	-3.323324268573529	-1.4859731731453643	-3.6767773203238505	-3.9138995568429635	-3.520232148557028	0.0511739570066041	-3.4480362655514796	0.02031491411997166	-1.993184763132561	-1.1535239546493443	-3.3886093250946345	-0.60512596833766	-10.771274422592427	-8.057148743472652	2.9641012246597143	-2.40959195677074	-1.7612211022769344	-3.259920380423786	-7.24503160474881	-0.3561773806080595	-0.43405678802447767	-0.9322066262890516	-5.268307440906497	-5.760039885783918	-2.3049201899679588	-2.8451688543727585	3.3267115530614433	0.9791633403686024	-22.03557773495936	-9.025844907212274	-1.0786232014121602	-3.757531949139789	-9.358745226893603	-0.14487135700367304	-1.1206318161410884	-0.5331266008419888	-5.061220774198674	0.10187865933387741	-0.8594868343567867	-0.9400140798711085	-2.2434427921662916	-13.508332715413417	-1.5823027975041626	-2.2679322884561373	-8.260199881564517	-1.9710359005267506	-0.8630236164758003	7.3754747656045865	-8.961570701858648	-20.82176532501981	-2.9043954413993163	-2.5716730244385886	-3.0536593828887746		-1.646977357169547	-3.590534706126739	-4.793049399470604	-0.6025679400877664	-3.693444313106852	-2.9514633794248795	-12.384037676294156	-13.95267759059412	-4.438217736757991	-7.769262911168639	-8.376905733774578	-0.0936839956241684	-0.6392466131797931	-3.1049194875502977	-2.5264885422688295	-3.313146613247625	-3.185649458234515	-0.8203690904414884	-7.714286263167537	3.9442176129614204	-1.0707091194905232	-2.606008725040212	-3.2326353373083094	0.2665362863098437	0.4471155595665799	-1.3109388519247176	-4.046089628912981	-2.536074412827304
2022-11-08	-3.6210636927374225	0.09676471719194524	-2.715692278827049	-1.5679059047866346	-1.790456402596032	1.655700015030444	-11.004782922208676	-2.7859799098566853	-5.38355607375847	-1.1700558148697233	-3.090508575976507	-5.321763437099946	-0.29109011925095274	1.5454773535362918	-2.0398675678849827	-0.2905242085983559	-0.6049658326260712	-3.4032526465917528	-1.4762598872196833	-4.1031420711371425	-3.9925245242842777	-3.7491678392127383	-0.09430176604414697	-3.441830453331022	0.11853778755817146	-2.0147930987708484	-1.0420396241689716	-3.51834486006895	0.03186372977545204	-10.891674680285576	-9.038189063307271	3.253355913472028	-2.3901082937096305	-1.660818890227688	-3.5781397936119177	-7.866563664694475	-0.3217234169873677	-0.7064198843839122	-0.9775024588406893	-5.751144434142674	-6.314432434934197	-2.57010784167565	-2.9046548677437443	3.179191241995717	0.9494442036589277	-24.492136587701964	-10.033160364767028	-1.2390244633059915	-3.7016206606414386	-10.204442308208769	-0.0991727972714962	-1.2474427320628099	-0.6350120691486971	-5.20348265000122	0.14372491876478932	-0.9411087763428014	-0.8900897769158576	-2.006785858915258	-14.711424949986679	-1.7232072246942423	-2.697098730311211	-9.406027343362169	-2.122718149579647	-0.9220957971321084	7.109592256549277	-9.209265724257335	-21.66239702504572	-2.8306819101041754	-2.6316419124532544	-3.1698135776400918		-1.8148676353395956	-3.620641613141231	-5.441389133626124	-0.658153358954408	-4.376370343520605	-3.2969413215472727	-13.488542074160648	-15.028146434383686	-4.594573816831257	-8.075333916427198	-8.970727842622779	-0.15850466484290848	-0.37322016238127276	-3.44892775643865	-2.72294499394237	-3.4689817536691905	-3.3095290475246486	-0.8154462826308801	-8.358754513912594	4.399648209309802	-1.0102658986964101	-2.243907851497127	-3.6948178993132217	0.2968473486801315	0.28280430667714995	-0.9818548519911303	-4.842030235141053	-2.3790802491668614
2022-12-08	-3.513023108056103	0.14410480118627333	-2.634224810554713	-1.523624756911758	-1.7323833566939904	1.5201932750470135	-10.682525402493326	-2.7437439549746756	-5.115582887346804	-1.1043997246477524	-3.0662096816115465	-4.685567748484715	-0.2588181420510338	1.6572219225157667	-1.9546254258386	-0.2609950744021887	-0.561214360074004	-3.14893653674514	-1.355963554748218	-4.037855494992101	-3.669851922788567	-3.655342055512243	-0.023309968619301458	-3.2958202383533717	0.10661028099867309	-1.8938613547740033	-0.9515145047727458	-3.3024543706384293	0.6451562064923451	-10.764659061061337	-9.25162344140142	3.2624236323721725	-2.174836605636372	-1.1955312645058456	-3.5551030508906294	-7.9938790851592	-0.1761863485902495	-0.5920962518868578	-0.7176635920013297	-5.468559634416039	-6.06644127849286	-2.4512668968622364	-2.4499808998868104	2.65121640573458	0.8258197978057247	-25.02283621118039	-10.25229436943377	-1.2690824029472019	-3.931930856073251	-10.014351346430857	-0.012852120095775632	-1.2829077627244416	-0.6403546476630311	-4.984723680557309	0.19790672253550667	-0.9363057472333338	-0.7203761147412493	-1.8351677027637194	-14.407829896959242	-1.6877281280128216	-2.722284993268161	-9.165020517840787	-2.0842518438866975	-0.8870773582556382	5.88213892654683	-9.00470844205276	-21.631878809825537	-2.534964446839325	-2.4414689790696116	-2.9704497495511433		-1.7842062980286002	-3.279380067147798	-5.310899426127072	-0.6529961359936891	-4.5849502894548095	-3.305635887293043	-13.207733739445757	-15.434149392911507	-4.359077833104209	-7.842455223321352	-8.827658006185231	-0.18413799510132378	0.08352723645681692	-3.5331266199079465	-2.640335086412769	-3.28198648841056	-3.116754607004367	-0.637373468480682	-8.561524834399883	4.414644599343223	-0.9387105661457653	-1.711983518955435	-3.722813980459705	0.588135168701271	0.3250694971170951	-0.19765965187912116	-5.26247372631218	-2.379948077449427
2023-01-06	-3.39283364506295	0.19446461824674088	-2.5450000835901108	-1.5230301576477245	-1.6664493655580763	1.390508578292124	-10.652594793795927	-2.6357429724739205	-4.823148268205912	-1.0023227912316095	-2.9497834315307117	-4.0428465712348896	-0.10693767214825556	1.7741233978763304	-1.8091639849095102	-0.11602487725510713	-0.5753916002498798	-2.8218332462377873	-1.1983477699947969	-3.9412890798391516	-3.2715578660284876	-3.4233285686570554	0.06641610778711282	-3.2137056954068726	0.12525578047665675	-1.7535912562102816	-0.970139281405558	-3.065586303812708	1.3424369817652178	-10.727849772066548	-9.803705999203174	3.3182370778267973	-1.7673535633990411	-0.9256101957606262	-3.6522167519880426	-7.862568467114919	-0.06695591776355059	-0.46026971683661344	-0.4972711116722479	-5.235428795586174	-5.5157441474426605	-2.3249185609998335	-1.9755556775464953	2.267084774182358	0.7145500584482409	-26.275823217753498	-10.768706185219429	-1.2894097563111728	-4.632027676950884	-9.879174670133125	0.081385003855587	-1.3580461654206903	-0.6590388809023544	-4.665268452564831	0.2588125955610252	-0.8981037800917591	-0.522561900131624	-1.7082410845974536	-14.488841910095687	-1.6981866900792753	-2.7970974983213637	-9.127046975846127	-1.9409686296725752	-0.8235210753292641	5.0225430731207155	-8.809983537907641	-21.67597998278268	-2.2177802103118722	-2.193890643721666	-2.6899454637660796		-1.7286863523418958	-2.8388660044202396	-5.267539071973914	-0.6252865856888548	-4.72510144140756	-3.208805930180155	-13.281494104773458	-15.434328675480472	-4.059882500928474	-7.413698746782984	-8.870616348883146	-0.20503212278293148	0.5452813275922779	-3.6985920439414315	-2.4637829068162986	-3.0819726496620063	-2.83975843585052	-0.5237754740045446	-8.529369847260796	4.506251602227007	-0.7986763043819565	-1.1627678251303593	-3.959499892535362	0.7984275176177249	0.3679411147057827	0.1545997472863121	-5.825090095783381	-2.4688564436663114
2023-02-08	-3.232690629741086	0.25373597299180517	-2.4248953630355174	-1.4830235983932596	-1.5854028089349832	1.2531802175180538	-10.44480629001049	-2.413244913391985	-4.494407566954351	-0.8951799333802413	-2.7609552005742017	-3.262715457093023	0.026039181525248978	1.849052587771368	-1.6306515526628473	0.010843916047100777	-0.5670667543545136	-2.3611147599695954	-1.026272823476308	-3.8417046646969055	-2.743784388804123	-3.164195209196812	0.15020323382363898	-2.533253916805222	0.18470430951525074	-1.5701388456075378	-1.096202135731268	-2.670339581644626	1.9595671523702407	-9.421494622028405	-9.106880139645199	3.361297567441415	-1.1834398086422198	-0.8080938437070984	-3.223286420855139	-7.241257241076667	0.012340296832462627	-0.4981400102635689	-0.42699151693434345	-4.913433243505025	-5.06975964305046	-1.6382202038931695	-1.389912172476528	2.0804671935390076	0.6453195191375052	-24.180289792470433	-9.906175380489046	-1.1677003364350504	-4.404931105476379	-8.703956278361005	0.13409642773493502	-1.2541564585896232	-0.6511740896294178	-4.181442724011966	0.3275023532081889	-0.8599312609212859	-0.4764959694633646	-1.6940031809429001	-12.66989739452481	-1.4835163050197053	-2.7729329915545833	-8.948646823550348	-1.8235886480774823	-0.7357694808430431	4.598955965686898	-7.361753590607151	-19.66303291690855	-1.1773320314268574	-1.8475840766569505	-2.3219360974002825		-1.6724182667951055	-2.300545606107427	-5.150353553913526	-0.59612939920207	-4.3499775943241445	-3.0281121134400166	-11.613190914177153	-14.456905616549108	-3.5700363428686614	-6.676738996293224	-7.846088979366101	-0.2000842055048011	0.9118185990208332	-3.423150353962029	-2.277868520713291	-2.855339113880845	-2.4649279592402635	-0.33374055470031294	-7.922514322455143	4.52667017597097	-0.5747257230200091	-0.611140450100109	-3.435568200872268	0.7259789543406896	0.2658686792455498	0.18441917709650113	-5.499328809978181	-2.257070026185616
2023-03-08	-3.2373001781183177	0.31864437073606666	-2.4249689144951674	-1.4843400296970302	-1.5719835822682597	1.1463848082244823	-10.397146056609657	-2.242754607436545	-4.352596885512128	-0.8251636760405212	-2.65142897120748	-2.5591501574619286	0.031009374825998748	1.772865966538312	-1.572470399469502	0.015189996202501277	-0.5760456018508613	-2.0487087943413655	-0.8704935080311351	-3.9086065866312794	-2.3627465889690384	-3.035079994364544	0.16427489012967555	-2.2572508775049585	0.24258652797588098	-1.4128008547183875	-1.2061915899139706	-2.4186686779516364	2.5223874571808977	-8.757615603869993	-8.71469724951126	3.3090694876922555	-0.9256984772460868	-0.9908056419673699	-2.916027828143335	-6.881504919551617	0.032167122321055786	-0.5938982217268887	-0.4064903021252064	-4.853252767155524	-4.898362569024307	-1.3155711499446738	-1.082368164463233	1.848790817875713	0.5604559113364402	-22.77444341173441	-9.32721607623958	-1.1496619921949502	-4.90344628577806	-8.116180513417106	0.11537384103071702	-1.1894553046655343	-0.6783871924520426	-3.8409911902856706	0.401858976206924	-0.8669656830991812	-0.6009001946831489	-1.7533939542405506	-11.992915820359656	-1.4039736963092722	-2.890665280191584	-8.946536981759706	-1.6593600923335572	-0.7022900938909942	4.088635938118287	-6.63506471933826	-18.42533544379097	-0.7637816447672492	-1.6145803003693047	-2.090319737756637		-1.702916744955246	-1.9064163980759474	-5.14994410701339	-0.6017954430421852	-4.357145375788264	-3.0171182357060005	-10.992640579596241	-13.91954138920076	-3.2727945665264286	-6.160051250993149	-7.41848905499964	-0.22134394946660052	0.876135183758322	-3.25819073107089	-2.1857456467887673	-2.7548382407854746	-2.223454281190115	-0.2159570744983057	-7.548108606434376	4.397092377397485	-0.5293927363579769	-0.16821153789021537	-3.048153193184703	0.6255702094716895	0.13548142944227592	-0.2486423276022407	-5.4592615665876	-2.1493380675801177
2023-04-06	-2.918910472766015	0.39117154257839104	-2.1838783746098613	-1.3788157402603147	-1.4499605574568406	0.8721250297482044	-9.790342912624979	-2.1025669324228815	-4.04212991339233	-0.7127130430932844	-2.5155412508389645	-2.142001160257834	0.3408748162244777	1.6734050957056184	-1.4223802684669238	0.31038773918103146	-0.6174143083988106	-1.6795067867054527	-0.6961084465834979	-3.5166398318733343	-1.9211613857355943	-2.8624364009938006	0.2987960415853692	-2.4997290357214013	0.2161053512874176	-1.2162880195006203	-1.3007536118450602	-2.1571422853489324	2.8259385001275774	-9.058566326340213	-7.6389539023899715	3.247961512838181	-1.0203201552393324	-0.6773646989045687	-2.3986667404955426	-6.139543672829248	0.12452685803586405	-0.3313213685030476	-0.09155189166080646	-4.392621672753663	-4.60939683912455	-0.921537510643816	-0.8614754370488669	1.7352773285447256	0.5059136072064607	-19.79518225769425	-8.101180639332426	-1.160987393717825	-5.534603661986665	-7.3486224739117745	0.0837738015056182	-1.0525043625040968	-0.6073584767209503	-3.541178220609922	0.4849155595733521	-0.7210519832553075	-0.33334340712018573	-1.6333107433226743	-10.425607795617054	-1.2191878483332346	-2.5937651462064224	-8.3619863620862	-1.5032274669783021	-0.6270408740551581	3.8942984771644973	-6.833686858539522	-17.864166476477493	-1.315514101419268	-1.3399137594234816	-1.8053025358683357		-1.5053590887123605	-1.4277735791540564	-4.79323556241313	-0.49845247466966924	-4.4729013799812805	-2.9852666001353327	-9.55032605682652	-12.812912479608002	-2.951428051595691	-5.680742095231238	-6.734223689106273	-0.14274369345316984	0.8770109615288675	-2.9261218575660166	-2.062695885667104	-2.536555731345608	-1.9266066507461872	-0.1959911948491282	-6.7967096685270505	4.279626771786525	-0.6989577318308733	-0.13813243594515257	-2.3525191150649647	0.7990892444189939	0.18657068898087914	-0.008517571045388195	-5.27398863026302	-2.337065665714576
2023-05-08	-2.712646792339399	0.4635439542770854	-2.026929654284828	-1.2942288288340293	-1.345777709399286	0.6994023072720559	-9.598148307739947	-1.9104785728140286	-3.7988846418629123	-0.5949889103838615	-2.310529686449243	-1.5655525038935139	0.6013004661547967	1.5221236485192975	-1.2863792975524433	0.5572762729686147	-0.691261518641312	-1.2529289109970492	-0.5255450727872031	-3.251154479222464	-1.4166373896571187	-2.6837021003720523	0.4271403860464815	-2.754869351820034	0.29213578557437003	-1.0039655766818356	-1.2351195969536803	-1.8491366653633108	2.7764127091321456	-9.178866162397156	-6.464355846240295	3.0663503625658173	-0.9802151853209011	-0.3680322172862134	-1.88407905297138	-5.528682096846772	0.2428273424686722	-0.11392900998436772	0.26429692772804003	-4.132130005377093	-4.457888379776186	-0.5461217677587626	-0.6027583774478416	1.4355464766238022	0.4228645421311725	-16.794284967849308	-6.863158964564576	-1.1247934172559653	-5.658104455731234	-6.45659334792731	0.0032952375498531694	-0.904933761103722	-0.5643197881302484	-3.1176348877292313	0.5678062255944667	-0.6040454796566337	-0.07205707979982279	-1.5399426359505313	-8.80770045137075	-1.0284980986453292	-2.4173959352770424	-8.14342322178625	-1.2443707750774209	-0.5583204594796136	3.219027834227333	-6.88790527613682	-17.023940358902877	-1.8002708275527084	-1.0175401656625098	-1.4802216752728654		-1.3544030644197136	-0.8942605565439337	-4.638429277849269	-0.4149981735380024	-4.504286437680122	-2.8475811278356105	-8.06533436138966	-11.86523591110452	-2.5536272893932974	-5.033500789323398	-5.991061345283498	-0.08516282027339628	0.8176327296127255	-2.5612762837240908	-1.9449525760117865	-2.364606456091707	-1.58729469307373	-0.18669237641098135	-6.131319180991461	3.9692347186757573	-0.7944091997853988	-0.008262569672012887	-1.699237563349385	1.0412598338788257	0.18894030868909084	0.1631547280148311	-4.961753487928178	-2.422389428646113
2023-06-08	-2.565191304754933	0.5445237513903294	-1.920435389134255	-1.2150965107624785	-1.2827831458456345	0.5643329362092686	-9.40910099536201	-1.595173401066738	-3.5265410623975697	-0.48363432454539534	-1.9832436628313346	-0.8304774923802682	0.7107360632796613	1.3176800745871091	-1.132089355833763	0.6613936976550718	-0.7317768597813981	-0.9711522913391164	-0.40759318416353096	-3.1159794378969394	-1.0763971172525757	-2.4512696414705673	0.4088162681634273	-2.4243506939071438	0.4808222653447629	-0.8569827024515178	-1.1079556458470918	-1.5385951997286256	3.0601416081457984	-8.172382310546567	-4.694358568212266	2.907169712409548	-0.8958183735384324	-0.28931889948958656	-1.0806767621316524	-4.767621974149492	0.34376670655267105	-0.0722332234376708	0.27697367357396274	-3.9064156456368693	-4.435652683339498	0.042920927518039775	-0.48765416613287016	1.15884008749374	0.3318249389681398	-11.947583528744985	-4.877607178280158	-1.0926711158897824	-5.549793770211608	-5.213888573815552	-0.029603872284067023	-0.6768864477917944	-0.5445945207668466	-2.8336365823452283	0.660009468843441	-0.5373703572439297	0.038546775979913406	-1.4732062092014857	-6.187895780039526	-0.722519707249198	-2.33685864213966	-7.95472373851608	-1.0593472123520513	-0.48021973190159173	2.589467653048274	-6.075770746679524	-15.327423370835675	-1.4892119104228527	-0.7878384021557778	-1.2280626421376226		-1.2793450162852764	-0.5862647624911972	-4.51623327868046	-0.36777799982259296	-4.432406603554554	-2.8005951880424504	-5.652434079329225	-10.502368926756063	-2.1264093861966558	-4.5327816811761465	-4.670697121439844	-0.063699900993484	0.8773928527038919	-2.02192299380183	-1.809566049930389	-2.182397560175879	-1.3270734951476229	-0.16758301185556945	-5.212433640431115	3.7361562460676794	-0.8027832941173685	0.36071558447990526	-0.6212085342011164	0.9493024248363753	0.11542605680396889	0.04893164163050301	-4.169119799393059	-2.214207558603448
2023-07-07	-2.5201681701338146	0.626058054417939	-1.886835454807951	-1.1622690376331661	-1.2261936605174668	0.504170281592458	-9.332933917363235	-1.2544344225488686	-3.295791806869204	-0.38594015692456196	-1.7138544343887148	-0.1050082094416922	0.7237611530348502	1.1080454929236296	-1.0278674585356526	0.6724099123655805	-0.8062658890612546	-0.771930554947005	-0.32198821598873195	-3.149188302177322	-0.8394187186860123	-2.249996807357874	0.38474179788524054	-2.19764897599039	0.6634631905250252	-0.742915428055543	-0.8871969407188729	-1.2935321348364255	3.293555171751123	-7.431236079006283	-2.824393321906797	2.7314598680445776	-0.762543131746142	-0.3479775053316132	-0.2910605821654926	-4.039415548291252	0.44449046072883647	-0.07885364034152786	0.306615997022746	-3.764717665848721	-4.414251412117949	0.5986222722274448	-0.40539747940417215	1.0144671983644642	0.26588275348324153	-6.951035781834548	-2.817509112987011	-1.05362873744426	-5.4032176843767274	-3.7428331434931295	-0.04185398198975321	-0.43710265829444594	-0.5488630759507132	-2.6165391445352313	0.752741442819925	-0.5089269249614858	0.03541829490508164	-1.3933559772180288	-3.2209250391821342	-0.37372821346179563	-2.35501326315638	-7.904378487025241	-0.9168735438706506	-0.42231444133157225	2.257368115936373	-5.180263795353028	-13.651465977988579	-1.0557765651235513	-0.6262652508811684	-1.0448124882439558		-1.287489175992583	-0.3943908289268876	-4.487510297951815	-0.3469605923719712	-4.220341086956012	-2.7764468881627167	-2.9276481317655225	-9.077465168474717	-1.8024918385759179	-4.06812218537074	-3.188867365096968	-0.0652946025473895	1.0258001642295511	-1.4381679912846863	-1.6791958251818002	-2.0332807166390623	-1.1318172539196638	-0.07691361387334439	-4.282258903802507	3.501027765859547	-0.7548591960220179	0.9458118278446932	0.4790974616818602	0.9209213752445748	0.025502926261712133	-0.07791920550252485	-3.1385640904259304	-1.859865604493379
2023-08-08	-2.409372672242256	0.710045144711529	-1.800746973225813	-1.0714843852132958	-1.1684418543584698	0.4649971601161589	-9.400679716224843	-0.8917865373342195	-2.9473616002115506	-0.303579092631999	-1.4669626154848672	0.6858153059645673	0.7257180050876642	1.0389890928628418	-0.8385638345030131	0.6733780587927285	-0.9255848947860059	-0.518637187236223	-0.14804087866369642	-3.0719499037833202	-0.542427035859923	-2.0133297855839416	0.3275291427495901	-1.626614855505892	0.7955826291681625	-0.5936926060869965	-0.6779913766544468	-1.0609806136582876	3.4996972769743735	-6.123068888497727	-1.0898834090847629	2.7420371252180367	-0.45790180699781047	-0.07708907702206602	0.2581473357059352	-3.251820324801777	0.5899514656947318	-0.15825876114394077	0.38019254181210016	-3.549845405878159	-4.213387243308908	1.1803776762714904	-0.170048115398302	1.198838649009648	0.27253436775826323	-2.5060121799260173	-0.9914396379008963	-0.9960901560506166	-5.646283327860999	-2.424693971555371	0.01350966030210543	-0.21987652847054306	-0.5292754834921745	-2.3339787188310055	0.8459872539566078	-0.44176890555993964	0.010227341340197427	-1.092698374263783	-0.07771918874942685	-0.002820680400915876	-2.2771486296105223	-7.922594713953117	-0.6877153829519074	-0.32759744249812783	2.6263798800267466	-3.924551550207184	-11.904857323665027	-0.1285341813455716	-0.4294928786507697	-0.8086940781953587		-1.2297390823252456	-0.10784390029387225	-4.481054006625698	-0.2985307051789903	-4.020144006860292	-2.6652860789233515	-0.04035138869420507	-7.515361787336829	-1.4846289162869084	-3.51609244823554	-1.5685220762080974	-0.03391013222972106	1.5091160292050176	-0.9144405192012073	-1.507017673085258	-1.8093474346230565	-0.8882258503771965	0.06958443754842847	-3.2825385330020325	3.5167893148780536	-0.5957542776928051	1.6121178324094387	1.300938025299189	0.9802317822623223	-0.08539975965844704	0.2739983480361303	-2.195957962539296	-1.3366835025931039
2023-09-08	-2.358184635489664	0.7979565000020443	-1.7591777252321776	-1.002122341601094	-1.1590719287627245	0.44751309272482587	-9.494458064614946	-0.5469023990786468	-2.716019851165129	-0.278454823368655	-1.3301640691959378	1.0051566930037552	0.7094082962597383	0.9433767023950779	-0.6793991401066535	0.6576877765774896	-1.1259410254507571	-0.4295019485869531	-0.004983035580774953	-3.086501808932539	-0.4356302105290979	-1.897749020573002	0.18574490274363598	-1.5995522559672253	0.7910138024769431	-0.5286399393038259	-0.420030343461562	-0.9154428818782492	3.2557277953437165	-5.731852571516924	0.3820347610827639	2.858425646310547	-0.3707824671635507	-0.006679892405983878	0.7183540659480485	-2.65646778925872	0.702009194644134	-0.28867929443418916	0.2837671121285581	-3.4079239525523235	-4.217926772986331	1.5203286146250576	-0.18520824525963064	1.4823847565187194	0.30072949314501507	1.050539127683976	0.47165889180519116	-0.9830630458697875	-6.428716773302199	-1.7477823370369379	0.03618166599952488	-0.038134960067971235	-0.521687091254293	-2.216504408655169	0.9434833007533712	-0.38584080267686716	-0.0008507341750707553	-0.7383959475813668	2.1381720157303903	0.2587241519332224	-2.245358424049954	-7.988686896318612	-0.5268534247958385	-0.2470772758677171	3.223795462400915	-3.4527721368048674	-10.787563980273262	0.012596471528723896	-0.35811785472072444	-0.716918907466713		-1.2142128510275967	-0.045681245689117134	-4.512153145181905	-0.25692360290714333	-3.954421120778534	-2.6000624362726796	2.0003767405819985	-6.428635830641227	-1.291964651149641	-3.2371639893812443	-0.4456149393022315	-0.007517564905143104	1.6549078956954588	-0.4715799419154578	-1.433477388437204	-1.6623749194100412	-0.7925696846906973	0.12997378355530032	-2.537205627440379	3.654742449740702	-0.5234411857097072	1.8536737802423033	2.026477111623464	0.7949236572791563	-0.21111375066087135	0.3274345357780106	-1.555925843294517	-1.0077091108670828
2023-10-06	-2.488018097037866	0.8838202753086364	-1.8506597953010768	-0.9934282725005588	-1.192330076749574	0.4958862480923045	-10.220782844468246	-0.37678493875492336	-2.749594671316686	-0.3172628410411704	-1.3019259780768522	0.8573055659941247	0.5473489916155714	0.7555527340353336	-0.6498665495732112	0.5014896196523111	-1.3943665520883677	-0.4823159525626224	0.057850416521446846	-3.2907646679253446	-0.4812283432901623	-1.8717768966598882	-0.15004671275035975	-1.9285956515932128	0.703305163776708	-0.525207039107876	-0.24798509019819193	-0.909996360323106	2.4179143296961314	-6.136314132251016	1.2568167868734292	2.7734008196917372	-0.3729912968943694	-0.06972435805886334	0.9494718825297426	-2.1838599401063874	0.6688256198435951	-0.7383602628990928	-0.03400401741527759	-3.5597080389900384	-4.230332691191606	1.4652602433834687	-0.3934663146883963	1.5051583947895502	0.26932878089079004	3.2492159410185195	1.3740988197020556	-1.071224443967008	-7.562162491194698	-1.710836813830639	-0.027092439373348043	0.07702677672089919	-0.5638837212651815	-2.2761107449644697	1.0385380909957718	-0.32986867379945295	-0.1116287599758472	-0.5281180045250906	2.741002894038786	0.3291840927940797	-2.422666551106687	-8.60098877592823	-0.45870675910374104	-0.22727139042300948	3.324861332466824	-3.8085500273006403	-10.848342357448104	-0.4293283604190208	-0.3947878688359765	-0.737977217645863		-1.2560246907455124	-0.11651327090434194	-4.8552702419388325	-0.21651920670026925	-4.3169291756626365	-2.625904506475557	2.5570542247644426	-5.531890526299307	-1.2921910883832055	-3.2862241969247776	-0.14821736417070497	-0.006535999179284602	1.3270534309489221	-0.21533217116071057	-1.4163192530179458	-1.7031625724913937	-0.8158530288446428	0.04710134833419488	-1.9153521119373593	3.5163299642867045	-0.5451433164477564	1.6835441272582585	2.4073663440055526	0.3062521727080707	-0.5049622341193398	0.25094476286236045	-1.341781498360774	-0.8122133760854382
2023-11-08	-2.414606870037204	0.9688961154825648	-1.7946162235998173	-0.9004444179502968	-1.155211593019299	0.4582213075674524	-10.282135862354494	-0.19301235105543668	-2.546796630787867	-0.26531440529307204	-1.1901312533496906	0.7669140792981182	0.6032015994479565	0.5480475354712127	-0.4944739206550892	0.5536822355538007	-1.6360542348392357	-0.5015305010564717	0.1284302699631077	-3.2580093399910766	-0.4991999652920285	-1.778956157400259	-0.27266438390666536	-2.197166767933112	0.7549505612145069	-0.490476406095425	-0.13016545134988178	-0.8874724107209389	2.4112283223043107	-6.62478014402825	2.3206194180377793	2.620869450936972	-0.32166294681233865	-0.21752928151205708	1.3387702538643254	-1.7449980614172347	0.6973798012485375	-0.8590966952405168	-0.17562703159688198	-3.4221194691203465	-4.188147707686014	1.3769330955065016	-0.5326719167800178	1.4495423855692593	0.24447834873804375	5.581100712599209	2.336582265243436	-1.1093576541705268	-8.781197912367446	-1.5740223984762451	-0.07778690191293691	0.20357701220822477	-0.5415239573825978	-2.3033978270550506	1.131765506698514	-0.24514165270525723	-0.12375821843476231	-0.23088613287438164	3.7752188269694216	0.4520887090755039	-2.3303289884671443	-8.626276710295045	-0.38862545834424367	-0.1503884201527903	3.049458582491255	-4.1692787086123815	-11.175374478887761	-0.7444358413112582	-0.400048777231369	-0.7190352781481408		-1.2087284596403833	-0.1423317869688887	-4.861188200355002	-0.15722153523842763	-4.4262403620382	-2.5939364745984648	3.5100754071037272	-4.652572224520881	-1.2470428443231327	-3.2741388329358756	0.3283199371243768	0.033567904180088703	1.1482940044059262	0.0832647184254327	-1.3603449122131366	-1.5871022905146361	-0.8028926118513553	-0.05112680248778645	-1.3670188385161524	3.2596906964927825	-0.5079602093908093	1.5716135778916112	2.9738656012720526	0.07360649634915717	-0.5999526123173773	0.04853223322679412	-1.1131942739388307	-0.688166672462529
2023-12-08	-2.1415596124443255	1.054692961558402	-1.590866024411838	-0.7317324944218768	-1.0528554208425618	0.3583748305233634	-9.796091411982687	0.08075541323157864	-2.0915187564316113	-0.19219637182634486	-0.9185639325200015	1.3878137925270693	0.7246451869358808	0.46375902525501544	-0.22963948734694384	0.6680361968948034	-1.7389064847355797	-0.24780914180817604	0.3686225474846445	-3.037014636373925	-0.2095309603643969	-1.612170325496372	-0.1676062468071251	-1.7252329412544896	0.9083589813040085	-0.3288454959706968	0.1996400478332987	-0.6733083420936765	3.1221839530087294	-5.625672521683953	3.7691186175892994	2.474355708567572	0.09345332551015417	-0.16220167124491525	1.9445677580877216	-1.158258014568844	0.7846743748377207	-0.6922951441021397	-0.19901953939302786	-2.921331997023799	-4.308425332466619	1.7508633309628294	-0.2439261690777812	1.2941137603724826	0.18273569283750746	8.852778976038223	3.684593102878125	-0.9961930845517202	-9.624750923096258	-0.8180085816249516	-0.028564700733859638	0.3804234418323631	-0.4949632030192923	-2.0164950233805286	1.2251645215012417	-0.1311427319331102	-0.09595350857766505	0.20579411359522481	6.30807948846666	0.7499046161726213	-2.1395515113758705	-8.175925357609444	-0.23720962239213605	-0.026043219332755996	2.506969428325121	-3.1252738037281915	-9.76421655407438	0.05393305611005417	-0.2048016947816791	-0.5067902175460333		-1.0871890961034723	0.1523594151368428	-4.599233156232565	-0.07515063689276502	-3.926073583554995	-2.3742454054807993	5.848631321787366	-3.5401326834428346	-0.9825365390467411	-2.777086382601496	1.6760656861067105	0.08459172820263205	1.5060566906579425	0.5315152194236674	-1.2460082314932777	-1.2827945140122239	-0.5879026513494097	0.053639067658679096	-0.6860304996518138	3.0026049714059653	-0.2857175747450995	2.0512651261557977	3.810061813387648	-0.010221592959624104	-0.5723444902957979	0.1853390578331755	-0.4774985325768881	-0.1476743641285907
2024-01-08	-1.7628288212040957	1.1361739234151855	-1.3085848792258616	-0.540550733221302	-0.921755334798668	0.2641842836582704	-9.098207693454768	0.4500783441589178	-1.6559453174151173	-0.09257884263176663	-0.4993030149456601	2.2400832366963073	0.8490282068536033	0.4834607349507323	0.09050723980468689	0.787509478801816	-1.7288246740206077	0.13984319848954385	0.6576944859071467	-2.6869920954774216	0.21382027133208226	-1.342571051957691	0.044560509152837824	-0.8781960128076349	1.1224935477138338	-0.1077771256264235	0.5967337392230192	-0.3035777430806732	3.688197255222377	-3.9569394623975143	5.171451418782482	2.4085555596946087	0.706023945348349	0.3302190368787592	2.4712274348265595	-0.5005049060669648	0.9181031840112226	-0.41678291422653047	-0.04873691507478384	-2.3185038525420936	-4.387464756243084	2.3435489525431166	0.26199159557202734	1.1426256757763014	0.12598904285182755	12.397749168063797	5.146289131881588	-0.7923422844062635	-10.121720904692452	-0.08516817871458215	0.11386073914698969	0.5571108017872177	-0.42573485200969685	-1.5643782267684188	1.3151857636508453	0.012780184926739935	-0.07068263944568542	0.8449864125000204	9.476485170037336	1.1232343399270377	-1.851604833386915	-7.516995983997674	0.020868269296883568	0.12105389911873488	2.0430027097932424	-1.459599620269472	-7.610973823669809	1.3415942423859235	0.09313227188347639	-0.18282871964488123		-0.9088363652490088	0.5395888178716888	-4.206362637895431	0.02741898000219578	-3.114110102487743	-2.0405554463534656	8.76687023093325	-2.238012097480393	-0.5259164723434395	-2.0224848963699458	3.37428780778788	0.1547999186017961	2.3300468853684606	0.9643769085216221	-1.0526001250315247	-0.9942746636614501	-0.2518386809070492	0.26171444739713223	0.0756918593191287	2.8494730832395447	0.047615663233969485	2.695445868216595	4.519494552003096	0.14336990745607636	-0.4638667465487778	0.9664045522861784	0.13041980970672284	0.5991320941833465
2024-02-08	-1.490506438266678	1.21802577657067	-1.1034025342803915	-0.40718538231998025	-0.8591210347970097	0.24239453565709823	-8.68756168038982	0.7298105186282484	-1.2581227389362795	-0.03327832176891121	-0.12540163687086903	3.151274408656292	0.9463763200807733	0.32240277145901786	0.3724834210325909	0.8785213474022484	-1.756560927426408	0.43094500662373036	0.9407388690604712	-2.43666557056666	0.535018891247141	-1.1302007954297153	0.02980981918175729	-0.3076474513061953	1.224025219790743	0.148567214750166	1.01271733269337	0.016588334776457714	4.247963339139915	-2.6493510263636324	7.420480843096556	2.3179366983494063	1.213832045854403	0.7859920250002403	3.3304581898585184	0.49819361837597853	1.0966255441528574	-0.5693907694347402	0.09287967400152297	-1.8765930702458178	-4.531175968053873	2.852638063251902	0.3783117702123491	1.181754935326964	0.0984595205140355	17.22300096116055	7.13361162977597	-0.6876340856482805	-11.206424894247604	0.8139868410380586	0.23016985187429384	0.8283811851830549	-0.3770696669549025	-1.2871358489839224	1.4039356966030425	0.13412216751629558	-0.08836858706260742	1.9658710244791493	13.683093470189363	1.620458478000458	-1.6470541448707365	-7.1204679567665465	0.22425086476515332	0.2559343586460585	2.0646465982428452	0.016520143871474602	-5.306553030501647	2.281584254289612	0.31440727780205435	0.06565332000642599		-0.7749199176532002	0.8031448050543233	-3.959318436747054	0.11514314693464911	-2.7008915778529854	-1.8542451847306438	12.645163629119224	-0.4533721470087926	-0.13693745061876683	-1.5642851054312672	5.509887452232078	0.2145528679730475	3.085766847830655	1.6366973210641333	-0.895813586662463	-0.7247593119984188	0.0017300629402328127	0.35576909506341536	1.1289348986833403	2.7303608711818868	0.38322572039013636	3.524042197170999	5.664793010812474	0.3546966542123471	-0.5561998887206308	1.8546974186273246	0.7248773115611158	2.034677222925069
2024-03-08	-1.1954579616587893	1.2950153091777281	-0.8844012360447238	-0.25594696400401773	-0.7583107655843371	0.253595907177413	-8.106952285435767	1.0567665776873554	-0.7837447686607248	0.03364231112134064	0.30915248144200547	4.374938960261275	1.240009490869923	0.2986723116923855	0.6328359762076232	1.157593044433952	-1.7459768790436776	0.9009706404808355	1.4006502064038422	-2.1534565323780157	1.0608490222053746	-0.8235450390768904	0.13798131805154412	0.393348288069447	1.2692302752936975	0.5663973852129871	1.4680639403254077	0.5382888363576583	5.008878032215662	-0.7676075412565808	9.262839266166594	2.326541065833922	1.947318120219748	1.3345940942015346	4.074769953600899	1.3379004226579951	1.306298415572229	-0.45942978132606527	0.23511819164134806	-1.4298205738060688	-4.4656494829159	3.4278751803295506	0.8332941063054591	1.2390511318785826	0.07429956963054352	21.297072581305883	8.811167746427856	-0.5584680584142525	-11.670297260775413	1.8501739792410206	0.35141830719651423	1.0643986873316535	-0.3155925717490291	-0.8435913266466457	1.4881141091632912	0.24214719617067715	0.024821830650687104	3.2262857582394417	17.8580089501487	2.1126623165882634	-1.3873564371117908	-6.587076219656041	0.5161675612483805	0.3779192235476252	2.2048562678002526	1.9974343192542676	-2.3674792302849426	3.6251021280167777	0.6689873526768366	0.4635811106994865		-0.6350974868314125	1.2355101500066041	-3.6362190131267553	0.19215155748412371	-2.0965567575848922	-1.632889830887713	16.489630625492055	0.9562208681124673	0.4870398563095435	-0.8790482809004203	7.663111390731302	0.28351867366695416	4.072314255406781	2.2164624896252008	-0.6661659044523276	-0.4170290625708404	0.404190875391798	0.6677307227495106	1.980656674468932	2.736333376374084	0.7680657426742954	4.558451069127088	6.5865979092845635	0.617743551862219	-0.4856135503122161	2.705591294759614	1.2478396869284865	4.066415769456654
2024-04-08	-1.0511780775282489	1.3681450624099938	-0.776844445746903	-0.14385793270022873	-0.7064659165519345	0.4027711088802022	-7.879793707599546	1.3540715564974448	-0.37282177450329357	0.0663833593068901	0.7098110122521888	5.494972507689212	1.7104056320419687	0.4932895589853459	0.8291451984040918	1.6063517998290493	-1.7615956813429392	1.278794600485604	1.790614428605096	-2.0537149024074495	1.4717110779748452	-0.5098354173097945	0.30955262235508485	0.9928747056716531	1.3626156941778795	0.9136326399191219	1.8160067837627167	0.8955978976516903	5.717220566103705	0.6582881930158635	10.823651787874411	2.614656198109408	2.655445293198909	1.5640919373540072	4.602850900309804	2.2239241952903654	1.484478602222282	-0.2884927111507025	0.2769348655540824	-1.1766703283640965	-4.274048444527047	3.8488132866619935	1.4489832281626178	1.5411631201229952	0.12651827645452585	24.416358602662	10.097391876869352	-0.468103624628899	-11.699782541972809	2.6856621088566897	0.473372546847898	1.2643363437116797	-0.27909015747964006	-0.45192863317286935	1.5678848342284795	0.30806363651291235	0.3660984109492169	4.277180951134596	21.590645528387142	2.552560759576437	-1.2360631032739775	-6.382867204353687	0.7766890936830606	0.4722575247368326	2.9947654744043177	3.7089517494095503	-0.1279442324320712	4.926983826025861	0.9591008363706663	0.8039777335035865		-0.5801836797387452	1.6064484264270291	-3.5079096795979865	0.24105941076123827	-1.7545882694857227	-1.390940689652048	19.91699636661275	2.4370731133224695	0.9310266257783866	-0.20568777131715876	9.567723024414533	0.3369968001862276	5.0625442505748595	2.695492193705313	-0.42925617254791604	-0.14755622574276117	0.7502147189880972	1.0495330403215775	2.8697543726543557	3.078991025355492	1.159327525048937	5.589066801559255	7.202386968649861	0.7876292858136935	-0.33708439307622484	3.1009697018095608	1.6676385972566692	5.826681338705228
2024-05-08	-0.928393262027015	1.4377509042140275	-0.6846770730960969	-0.053685581779063796	-0.6808748880752056	0.5384617001805339	-7.691353992471974	1.6045318205240804	-0.07048858127441804	0.08100818122147757	0.9684011282988649	6.266711740640304	2.0115946890754515	0.624606522875041	1.0014582207338663	1.8933697658584663	-1.7476088846847908	1.5639100388780136	2.005266959869857	-1.9619533012345443	1.7878168509040293	-0.19119483791355663	0.5671439486875229	1.4405493515003798	1.4118139576130773	1.1387018800286839	2.039404663914439	1.0820478326076781	6.44424671656698	1.6289656250530697	12.008467293766557	2.7132869989499753	3.173997985812605	1.7452752599933774	4.941378147531921	2.8806270229239033	1.600151632072695	0.14089760705637389	0.44268670089206097	-0.9732910999835553	-3.78741972096077	4.077284205468331	1.8267946435450568	1.6024817347664353	0.14174562044803984	26.53948174907788	10.971952070414261	-0.43880670493812346	-11.563574058797698	3.0990257067296625	0.5492094812455477	1.4097320511429388	-0.24767316193734246	-0.15167952337860413	1.6440003827098195	0.37312604454689335	0.5934109408117685	4.979669698807072	24.150478208863774	2.8526423750201673	-1.1071036646172843	-6.212691411896401	1.0416476576100209	0.5557702737284416	3.093700153770598	4.718566103114767	1.1674933704308899	5.733850397005938	1.1769549463004623	1.0793778857199143		-0.5279373135264009	1.9464946782364478	-3.397571219327297	0.2880367279725533	-1.7120968601737445	-1.184081548396108	22.27780957213588	3.546192470346398	1.1870586776815486	0.3501040243335467	10.859603380309494	0.3859128479021976	5.699047963151031	3.0406083480064794	-0.17728905457015287	0.053102555463901524	1.0343397544413193	1.2560207252567466	3.4352646346252413	3.1513610356728634	1.4227028140505027	6.24795907818438	7.548933727056863	1.0834407942996194	-0.04315005584027176	3.323379863698136	1.8724649491531835	7.100152775050773
2024-06-07	-0.7734724815660172	1.5051440001073217	-0.5647185055550494	0.005021741013415237	-0.6640474860079983	0.6436007389932854	-7.335649743150597	1.7644976909529717	0.18627701365566907	0.07332955782922923	1.1517185230255222	6.716695267642848	2.1919383249739326	0.6286186279059933	1.142259629281817	2.0639579877021035	-1.6644722385527722	1.845879760034805	2.206223563245068	-1.8162503602452063	2.113895922100035	0.04945706962204355	0.7706004050771611	1.6730018383171483	1.2261143740793372	1.3810512278442317	2.3472128366361673	1.242827343745617	7.127358075072252	2.170593922444027	13.650533806920834	2.6470883223006823	3.64811671116243	2.123113172014584	5.5709147823294245	3.551098733843901	1.680455268226389	0.46678750348402076	0.6382099640974133	-0.7394271508385657	-3.386475177445817	4.167888056018839	2.0048181616232483	1.5377564133437929	0.13075613060030733	29.70352897682693	12.275678754836605	-0.39255727832541254	-11.710938908301493	3.3374235109004076	0.5873224844567844	1.5975762998051337	-0.2028378101911983	0.11100993919436064	1.7166543906079283	0.4374802260258832	0.90195020782852	5.838610613320988	27.18411647197007	3.2084889788665265	-0.9248245540514972	-5.892017222974388	1.3078466462592502	0.6244811801365984	2.8894611940174855	5.231501119265687	1.939203596016597	6.083021814779528	1.3773471986158015	1.3290083824847727		-0.4570166569019136	2.3181008656570796	-3.2053525680920103	0.33505126988942635	-1.5499745697826768	-1.0519221306196016	25.063360455404222	4.653803172690715	1.3674195529212199	0.8244604941896796	12.26256064046538	0.43793448707156557	6.194005923677821	3.5170165709764944	0.02364017738167945	0.22324789139199197	1.288305999668232	1.3680898081841235	4.082399796238192	3.057302724954198	1.62205558064786	6.537119529248841	8.15720194821455	1.3879524846602607	0.17538287495835547	3.7925258449518253	2.0041819895075434	7.881941708756656
2024-07-08	-0.5490948382747831	1.5692314733398263	-0.398526171797954	0.07582758396539901	-0.6384150576648331	0.7900565848821337	-6.8765804741066745	2.0593972394545474	0.479480464550349	0.0885382612933121	1.5874947282447494	7.001998878107514	2.4207324625799913	0.6273142040272646	1.304161762849887	2.2825786125867538	-1.6372756836242246	2.0460721511401516	2.406342234842974	-1.569941169266997	2.3363441274282195	0.414678579607056	0.9223821607059719	1.811282388608305	1.1051301221600696	1.6036337745456457	2.7707097568044716	1.419563503994965	7.349871909372666	2.6979010536844896	16.168404152615864	2.5984695447911506	3.991799911949201	2.3299841224035447	6.592719772843566	4.318178932665475	1.727486246367043	0.6565723017856229	0.7333198024239778	-0.43642272448121844	-3.1189799068027	4.153326214955271	2.0853691786694526	1.708980360807871	0.15224538898091033	34.613193592003086	14.298313593226709	-0.32235151588700717	-12.087202166255508	3.8304905012901145	0.6109013879466723	1.8743836292733178	-0.1409832935624884	0.3218329322321267	1.785847519030554	0.5304552005648304	1.2498717803741783	6.964103676402345	31.0379997513881	3.663387897791509	-0.6705337369143081	-5.461557677574689	1.6026165637954861	0.6997418509062108	3.286830094349213	5.5780408869595135	2.798755084218982	6.152683242207047	1.5319503807251422	1.5635578409358644		-0.33873241007331245	2.5341440659773724	-2.952099300205724	0.40098276723607995	-1.2705240070435337	-0.9465186340726675	28.61126969157931	5.885836428635841	1.5936924839962785	1.3355071910637974	14.034942816047845	0.5052114831988419	6.600976906196962	4.201662297788381	0.3016321807011053	0.41577630173523517	1.5293086425252937	1.3942502545456037	4.759770574051629	2.959077332354404	1.7685184439109776	6.647270277885397	9.298416591360592	1.6243951189261594	0.3161373931097984	3.993345447872372	2.5586322568373987	8.492840377160846
2024-08-08	-0.22861820605659489	1.6315786881820884	-0.16036994993829978	0.19509590798203647	-0.5413711348949839	0.6833600780910558	-6.246687997436467	2.0360350767031363	0.7717009229480851	0.12934500448444197	1.6893005804077674	7.0555811286030945	2.67291312068334	0.5166760934838734	1.4845631146854146	2.5211837776435146	-1.5810640354232035	2.0458528684940163	2.3342656957221948	-1.1855829051867204	2.3223933313613685	0.520841741011715	1.1244270281322315	2.211865795109418	0.9443274467103748	1.5596744951446553	3.002822932832018	1.3620105129282933	7.9363773539122775	3.439202825245161	16.17490050076904	2.492924315821611	4.205681346278041	2.712292067655312	6.461841458204631	4.534654698279226	1.7622253769740368	1.0485542497874647	0.911241115586229	-0.09232239953990984	-2.922544662741757	4.320557201561755	1.932394281318082	1.621718455434312	0.10416800053220321	34.17981522739956	14.117806943734166	-0.1572278845373205	-12.602602388880783	3.299389456007816	0.699168996189929	1.8893173101634027	-0.07163610694423994	0.40432354297044526	1.852700622262006	0.6773764087441947	1.259327550276705	7.166364802273648	31.789126232932006	3.7528046677204117	-0.38130903213043155	-4.8540015301501995	1.6468394056421545	0.7800406973380305	3.157055722762891	6.012703028635087	3.2052520022122906	6.594708760546155	1.5208062388412955	1.5989382713838864		-0.1466109671991731	2.539235863522748	-2.589215004164217	0.5050606021559005	-0.5320822542663279	-0.776470682481289	29.31037605412115	6.27292884278306	1.4972901652203774	1.447304417000737	14.432760421075585	0.5748092448237117	7.0370339440397345	4.230239035564622	0.4241980349501162	0.6125266821932769	1.5642214016308813	1.4168300753916654	5.043628384078076	2.835741423554701	1.9240366222981606	6.881577845014576	8.915173222530782	1.9242512036677368	0.6001825644791801	4.488392369413333	2.352043833571514	8.861326613716471
2024-09-06	0.19400725455439272	1.691536681785152	0.1518463806089727	0.32497368730114573	-0.4130381724452832	0.6127217152042448	-5.3097341860108855	2.065992008613719	1.154468264874069	0.19905210579585741	1.7717369829344634	7.238650884481373	2.9549020006123	0.39792781406200817	1.7173199879301961	2.7894792625075127	-1.5205528399479409	2.2016930089896363	2.334008688799763	-0.6960267932001756	2.4749050452211065	0.6025953515952267	1.4332163001619378	2.515112841004907	0.8436758698029863	1.5763729127894663	3.2090650508082135	1.5019641301176634	8.340084484044738	4.059435591001716	16.145077726521322	2.2987200783460224	4.695987043345141	3.221506099199601	6.240842186411058	4.64648598584678	1.8833406761328106	1.5823989940176517	1.269099004325021	0.437958752531145	-2.8091240365004566	4.716060648829568	1.845139901893134	1.3082385139956472	0.027847159238673314	33.49964884829359	13.841507337312123	0.06643135828073099	-13.058390737548152	3.4183332979235104	0.8040069489571522	1.8964777500928918	0.012010692854165228	0.6499605635976309	1.917173962582055	0.8428217906694044	1.2898774286129289	7.331815259992808	32.77013809121826	3.8678588310984665	-0.03175420645729332	-3.9916011475039994	1.7035623096733659	0.8847631117675228	2.5064683050357957	6.45264325936688	3.538473719197981	7.0923668784823235	1.6178130376811453	1.7202419577809493		0.08761173519412324	2.672005411373725	-2.0819932012313416	0.622683119606009	0.36624686119489525	-0.4658416302795061	30.215809960521653	6.469660265236243	1.5877457108043131	1.7195228725902467	14.941037834078315	0.6512763362860667	7.6278221797216474	4.254165626145991	0.5199062410809461	0.8705372361538366	1.6854818877922213	1.4665578629390907	5.15262935143771	2.5876766082839495	2.183585892530253	7.112933967728694	8.482217452515513	2.4350837003374295	0.9113058147310049	5.186817858420255	2.5015901659422326	8.874675956426685
2024-10-08	0.44232614740352005	1.7464934821102105	0.33652945938818846	0.4278782385639275	-0.33766327742527835	0.5657467222032153	-4.867363140189383	2.28933653001112	1.4912117947258139	0.254914095545999	1.96205110363708	8.044904234932346	3.342387148706152	0.48759600626231503	1.929401520702541	3.158548562216133	-1.4504004149477723	2.4526212622469146	2.412585659553862	-0.44286925327419624	2.723330981740844	1.0411252770598125	1.8018925416291296	3.075864115063993	0.783357070363234	1.7137655214021166	3.3792240586206788	1.8276295170243912	9.477679822137503	5.310561451145418	17.372971470133365	2.29547925389069	5.250381564480506	3.421292444297734	6.5933940901998795	5.282409269297517	2.0814518340790613	2.134443381205827	1.4483367971466663	0.7937013250161158	-1.7366215348504355	5.15932726801195	2.2142426328342566	1.2661505667871822	0.04634018358804859	35.84180800005066	14.805890188145469	0.24335192058053678	-12.391806544571992	4.582073317218715	0.9484340576054962	2.0488200459113806	0.07923915916498814	0.9773831106176374	1.9759593680736032	0.947468921204802	1.5009364772000602	8.028293729262472	35.85241543961956	4.229864914470973	0.24847936973463902	-3.5806954802326345	1.9991248463424967	0.9789878253301794	2.5154215927701244	7.7763383025017845	5.293985724933094	8.089302958923696	1.7933654645529131	2.0237045573996255		0.21030119548780846	2.820844061574739	-1.830784485736153	0.6967918591616424	1.0882855098951154	-0.13035552009307594	33.053627149813565	7.513218924692524	1.9137082236164389	2.3495607635153846	16.4860815805537	0.7203549751843354	8.536163463330666	4.611820582069967	0.9412588458958027	1.094226575488463	1.9880046404204208	1.67930184418897	5.719418599887973	2.5801867067532385	2.4564797635059037	7.989703449244885	9.007130034808867	2.6948012886887938	1.2984206548050565	5.552502882949113	3.177277992508891	9.580443471783695
2024-11-08	0.5596892438482399	1.7998312813913202	0.42420607619332884	0.5049624792391256	-0.32064903596681305	0.49796054197948436	-4.625063569416284	2.2862777934592486	1.7343157075003006	0.25868599096974165	2.0162176435575105	8.83748716829436	3.706002118260578	0.46333921186894145	2.12684056483954	3.5042461659157027	-1.501136667574409	2.4763122669574713	2.4594212189567415	-0.3656083978372493	2.6947882961459726	1.239705982928065	2.0769489676653663	4.229138192086495	0.6600350856183574	1.7366703201486047	3.258608043081594	1.940576236848898	10.610996484785076	7.8348860858737055	19.070379857050995	2.2578765310186597	5.992521322853918	3.360898337136817	6.952522199100443	5.899523209247789	2.3096320014865626	2.430842673803909	1.4719025142731326	0.995588358949604	-1.1625724138362798	5.572066019380756	2.28817962287647	1.1320543029582097	0.03973111215307945	39.23006211376196	16.20099102193518	0.3843790134135858	-11.721459784273144	5.867992641265516	1.126987204676702	2.271010464211031	0.11624536306257838	1.0528119127280817	2.0330778496296062	1.0092581986529297	1.6866842641703954	8.855416802099256	39.809601959354154	4.696703815429245	0.4065147883689235	-3.3776928925071275	2.122230829680852	1.0662438278694957	2.281576479427656	10.122576011891624	8.456712101818567	9.832152567832793	1.7938347945483528	2.0907376066270302		0.2512818831908561	2.700756580620201	-1.7127773965127915	0.7406372958290461	1.7465427068976709	-0.029512105104650743	36.69927035588489	8.91378162720359	1.976574767653446	2.561249797072307	18.613198728694954	0.7684722461105906	9.550453424263992	5.140805698837433	1.1663195865755327	1.256769709512426	2.065305038440414	1.8276132407322407	6.544665874077921	2.6454992160822997	2.9394928217753034	9.099026694678841	9.680094252699789	2.8494279567779444	1.5756163949692414	5.651624779647051	4.381607694487215	10.784432645055674
2024-12-06	0.7298118520103003	1.8437015685701965	0.5505018986877701	0.6194513095876033	-0.2871469219009093	0.4485577986847922	-4.209752350604987	2.254818222924129	1.9828024138676454	0.24935205179153996	1.9706584507200375	9.339093054638653	3.8640937892400586	0.3666842494485465	2.2902548460934185	3.653789879694429	-1.545440923253011	2.5331541845284633	2.5702182281019432	-0.1999380262466417	2.701294875076343	1.3142192331323557	2.32196735222022	5.105351397255745	0.43750238940900843	1.805220049217013	3.230723991737591	2.0728213597022602	11.085507662669372	9.78662188045547	20.778259828509533	2.1143886127610685	6.679212131952767	3.03700771237213	7.301702608697127	6.592409590443594	2.481092322274449	2.6670875835865644	1.5458189736479966	1.2326813955509692	-0.8250840269737907	5.929780515268831	2.112324619901102	0.9213551726993643	0.009122748506754874	42.412133703314	17.51194187126447	0.4741873345825809	-11.375953858189916	7.610782205381867	1.2347371568568448	2.495157459978632	0.1526046266286052	1.150600827991859	2.0804418682652255	1.077779642540122	1.7946441421690942	9.544641109851185	43.20638916424804	5.098543750803209	0.5591605891898439	-3.0169626963009364	2.18773564587206	1.1384325571867322	1.8418223626269565	12.271523091439661	11.80866496240074	11.167542707197299	1.8098789732432863	2.1390178979422743		0.327402213395942	2.6298420431490825	-1.503522220059864	0.7902691970844486	2.222411250034682	0.023066716477245564	39.828078992625876	10.457668638037859	2.023608649788514	2.7787265868270623	20.514723882618597	0.8113804963186055	10.203409496404532	5.696675820168458	1.298416880228153	1.4228276217859133	2.1264307201421886	1.8246517952877142	7.486662894982672	2.5640597732876955	3.3780733324971024	9.745615751260473	10.242138823176518	3.0560524457462463	1.7940507042430767	5.210086501771087	5.968741181567864	11.8925608657066
2025-01-08	0.6665184773680721	1.8826055058273141	0.5046097673537702	0.6389291343490626	-0.33607727890804995	0.4042312235459633	-4.518542715966404	2.052706865922964	1.9727027066300593	0.2079513432224971	1.8108573137837567	9.046189631224394	3.9941757193201255	0.16376620076975712	2.35267811638559	3.7779761442534436	-1.5979413932826994	2.3632737649492555	2.4841256070971696	-0.288281447817198	2.4768053065402427	1.230403700929763	2.396490648705594	5.111706080032917	0.1933467277404155	1.7309221809863757	2.937519385329473	1.9708244763031786	10.88295384268497	9.910404610690165	21.63349347374512	1.9420471134755246	6.893445315323262	2.5178825919749954	7.445412904774187	6.880107793714046	2.4756832345586375	2.5998068986640845	1.3298804089414062	1.0879684099428033	-0.704996855791677	5.77928665857462	1.5187568371960651	0.9437119619836949	0.018408562981614196	43.60221563988222	18.00468208273179	0.4241238181472262	-11.122826934519871	8.373267535637865	1.2126572239696216	2.6005435368741168	0.14250216948752126	0.9975706864927503	2.121549391010987	1.12145531370507	1.7909700088352274	9.829474871862061	44.101555894575824	5.202884454534782	0.5182509100583559	-3.2899416259057688	2.1271077048023344	1.1632861202389897	2.039487529843413	12.594857861845043	12.861531170149647	11.077024567942203	1.6696081724511558	2.0045980090350213		0.30824876028675163	2.364952226704972	-1.6503329931231363	0.8217523674132607	2.047220069888766	-0.0906555710946293	40.66170084467933	11.278302754038805	1.8407285664599158	2.5109914916339164	21.004980304898936	0.8321625809753144	10.051603974562653	5.94815076204047	1.2544387926523797	1.4135306891447428	1.9875507618269808	1.520711155428721	7.8731840785122245	2.3865319745114633	3.5513724314007646	9.59183810624016	10.30643348401307	2.8494560659154615	1.8298293853604548	4.557012748039767	6.776765481787692	11.978022368359078
2025-02-07	0.7063231224876461	1.9152159542941405	0.5347992697499961	0.6972843825198396	-0.3330590740825592	0.36340591791601895	-4.420644612810179	1.8095129157990186	2.0765584964647417	0.2090568739191596	1.7034792854147156	9.042885603772262	4.362482909127166	0.09342594075289412	2.4302448748645986	4.1257804938877385	-1.6427357953356339	2.4125718297147216	2.5456868100590953	-0.2470672946276693	2.510968715813547	1.26751829281217	2.475526699006018	5.1955972310585565	0.15314426658673597	1.7770924612206755	2.5283416201640065	1.9780010002828803	11.426518554147606	10.230584292761193	22.09822194966739	1.8030903888255168	7.478244570313393	2.368384524231729	7.376217996719475	7.54126317362163	2.5280818619331953	2.6339606246782097	1.319730733762789	1.1028387431582019	-0.2307633108664504	5.530192108826654	1.3563087692737952	0.8998298395911561	0.04697543831797901	44.64284146919982	18.436918531155726	0.4418498041697845	-10.74761322395998	9.34980020366811	1.1995193762523861	2.6748590626924624	0.16703058107898272	1.0616813541776438	2.156667679855431	1.1625485643925941	1.8977100749465414	10.36466321016755	45.18279901778442	5.330885739076265	0.6174215201984055	-3.2037078620975876	2.0909397437337844	1.1973841396590004	2.0562393888342285	13.14946963942262	14.045907887979183	11.262644231224215	1.6903784167797937	2.035714316554028		0.332332574061887	2.4100841050540964	-1.5924392165661558	0.852552291229344	2.1806739614336976	-0.07363135933091058	41.63738996638091	12.481254077504502	1.7897195230361262	2.4921631747821777	21.64356644323493	0.8694304828339909	10.282632495667315	6.1450666068639705	1.3069344050598914	1.4823575817994055	2.02077542008017	1.4247154141122635	8.51428585745947	2.240304649741873	3.9055049594797353	9.714133212518888	10.197488703450432	2.8052024299413887	1.9179170229840352	4.458013812891551	7.433602912033024	12.220946754393793
2025-03-07	0.8184743034214534	1.9413335312769533	0.617908062751809	0.6805856901094529	-0.29890448174509743	0.2453445731875732	-4.24014299617393	1.6006596272511828	2.1871838145178657	0.24763708364668702	1.5084057244761624	9.25634707667453	4.6779091961277	0.05474472129044017	2.4975187907139826	4.426244983123439	-1.6380198535278012	2.6610913451712364	2.695131481478029	-0.09805956092887413	2.8253026937654653	1.3782084485105273	2.478026307839791	4.474201906512619	0.08909279610391962	1.887786243683216	2.065671532894413	2.0351218681312346	11.191612295105614	8.79386436089257	20.96235587426304	1.6357556392843833	7.803493577600634	2.4299396196405922	6.891958215728863	7.844206121290185	2.5217624857568666	2.7035109302418334	1.5217967042717433	1.190697830451981	0.6682534952518182	5.345205840278155	1.3958229352842437	0.7114255647967482	0.06267830051727508	42.48700784339297	17.54971630779997	0.45974375721291594	-10.299042303100478	9.750762417329668	1.2429835867814383	2.5244004851479964	0.20322109355604923	1.2830219444508444	2.18454432922195	1.231241888221419	2.004384328300425	10.076597532327384	43.5708805557972	5.141346914428006	0.7640976541480313	-3.0164200862630963	2.065688109793811	1.225337331662402	1.745190055609811	11.927533323046362	12.474081354502403	10.34166029278137	1.8683980612187057	2.2405825243858573		0.4096976835446213	2.841574127837255	-1.4723038061330698	0.9019068261567043	2.319338394841097	-0.03203924018892934	40.15464412127551	12.552190495179673	1.8517922935119628	2.607362811869976	20.75167777804819	0.9236486142212001	10.21187301338685	5.832090488353749	1.4166399214022363	1.5550431775484412	2.2175675413448914	1.3151216941160442	8.728196854163627	2.0574419409342823	3.928591132684666	9.45879783505275	9.431909484517433	3.005965764350506	1.9327877432299232	4.550329922235022	7.081051959896826	11.17009180091651
2025-04-08	0.8717006685338333	1.9637979675256503	0.6570808529224053	0.7031934350167077	-0.25185214760225705	0.10638413374889666	-4.234949296442991	0.9133439140870934	1.9501398140045154	0.22837614010133578	0.9207188432224029	7.653766376424215	4.988195710389448	-0.29864285203252194	2.279545808905368	4.722891129368264	-1.6906469750593764	2.139094256851415	2.3959737535534416	0.0830683820330762	2.2579996327778673	0.8997857319962108	2.2682812201179914	2.5351856662192347	-0.08233352001104066	1.5942183922384743	1.686021915593237	1.4802321844685622	9.922245693245486	5.159608402090697	17.174507792346304	1.1538547664453702	7.066852916454579	1.5911649612568795	5.304624863814212	6.921578763463941	2.0200706194710563	2.562415353434055	1.3521580459451528	1.0528220783274662	0.490527286196091	3.8753525921783023	0.40266380680542113	0.264124373110846	-0.010971047845931281	34.37260248049637	14.218079865620979	0.24558977889594757	-10.55254414260608	7.659013950353966	0.9691501928679145	2.070672258322052	0.23502572235612007	0.8556933032400806	2.2067345617582106	1.3117171714970084	1.8696773795733925	8.81382055896944	35.713299215507845	4.218892743010834	0.8882028344610262	-2.942476444913808	1.5777022198971622	1.1196720553318578	0.783596836100898	8.196712083555525	7.886888195294631	7.39003434369414	1.473418346217052	1.758838710131819		0.5141510137160665	2.362555187917039	-1.4159479236158248	0.9645774858110627	1.5201393308727802	-0.22069027009178654	32.97383600244535	10.638362357517963	1.1718098363214864	1.5816267306024514	16.789766754311643	0.9970736858630218	8.511055832082832	4.744837718678454	1.020448899542096	1.4114453934068436	1.7204017766736328	0.7047564325863931	7.710319513911543	1.4973545709609866	3.510130347776119	7.786924338912144	7.204209687619851	2.663860376142793	1.7825791959430717	3.3484823203209544	5.590559812880244	9.1504339221556
2025-05-08	0.9250807703838149	1.981792522765815	0.6978372911081578	0.7357276026183541	-0.1656088625024772	0.04055673586292485	-4.2751280580519335	0.9336397408846722	1.9932863986156946	0.2954806269059844	1.0174387874445543	8.170825731062962	5.682600512340208	-0.251260172108033	2.313120382221058	5.382509623727721	-1.6032536985278938	2.5028569173250403	2.7387285249289874	0.198311728040224	2.669024732047916	1.0856551283673852	2.586624937204043	2.01040721860457	0.07885548477159432	1.8575166211368028	1.5592193443312254	1.7440842600895792	10.877043603392423	4.323487145542487	16.454590671382732	0.9792776829316665	7.5233076475673215	1.1145339162176953	5.094457685658739	7.023653470275349	1.9577854648112663	2.954554245545502	1.5853596461695076	1.0644507994727093	0.9837138841017605	3.5461403661375215	0.4631327368648641	-0.006217771399569472	-0.03552837435891476	33.34537737880089	13.791695178601799	0.28024233471187543	-10.164764251228945	7.824133344325958	0.8539329300292167	1.987308585489206	0.2648384904554355	1.2743912769145638	2.2264868695263402	1.3649322183106705	1.9279020833820866	8.972567527154283	34.53158951050159	4.0787238339467535	1.0135753122760462	-2.933787697995612	1.6974753641846974	1.1257964947381822	0.20156672297717648	7.518947990910448	7.188595301161627	6.7615313140279625	1.7364469526385307	2.0418915628889067		0.5837084468565763	2.7873748903263333	-1.4013179397054998	1.0024660804841687	1.5386458242824403	0.041434437984605665	31.879712422693956	10.388741649713438	1.4806051347450477	2.1476462546924324	16.202073413271933	1.0544070480120098	8.214007734450405	4.611569452337662	1.1649318244487787	1.4415481739093465	2.0080930601336107	0.6091886126310655	7.729709019081014	1.2386693580727623	3.605646486974571	7.9215759624671165	6.885807572188341	2.7507034412414697	1.9127479710455688	2.458874104723151	5.348220186579738	8.896889296576276
2025-06-06	0.9519402026851225	1.9972125965015266	0.7172128654958669	0.7638969446386383	-0.07438426377671448	-0.0032283550319078813	-4.3703797464987275	1.316062487619817	2.1004623478783344	0.3865454030099258	1.3492951069156618	9.246157093386671	6.170665247251598	-0.08492411439711134	2.3994623384068348	5.848336054956107	-1.4391803337263323	3.0437449618240464	3.209816394913311	0.25143272204051925	3.25866459374879	1.4740318101897714	2.987742358727502	1.890600106904472	0.2297930233573986	2.2351890029966484	1.7109355426742283	2.129627797431418	12.967947649582669	4.460970141413327	17.152468102624596	0.9306844476948797	8.17144300554817	0.83747266139369	5.423429419463261	7.673773722606413	1.9509606264836563	3.35380490863097	1.8162846818167395	1.1110847920549105	1.472863209205137	3.531924659081838	0.7860270490547379	-0.08091531758452675	-0.028254764411974165	35.45841273709351	14.65670134453353	0.3564539162695475	-9.731792056732097	8.351390938877671	0.811383536251185	2.0650453132511437	0.2764585282864154	1.8669045904843173	2.242911143920736	1.393451637065482	2.2092131158506874	9.658374045777478	35.8864994676419	4.237740451183527	1.0520603369923407	-2.9872634104044806	1.972335302140074	1.16056654958809	0.2043456911235495	7.626526075680459	7.680149975191739	6.669588377784805	2.1490846732700817	2.4884811544849157		0.6196753783192577	3.3965889123384514	-1.4270884471697087	1.0218307853850206	1.6336272501134772	0.364366169967802	33.11456874241287	11.128224886461709	2.0049960975192533	3.1610278949683135	16.877519717532266	1.0768856920021221	8.252016792071487	4.903867977816368	1.4443450391361097	1.5159884218314943	2.4718178253079515	0.6608271971252648	8.129157275912945	1.0905353331746213	3.750163759506826	8.636084097847103	7.368584467244901	2.8111384207822425	2.034632844842143	1.7525202320121025	5.520248578116053	9.148466611608356
2025-07-08	1.0465769522228499	2.010524496148477	0.7864839119493752	0.7843315127327912	0.01962435733123158	0.005331189708360995	-4.333557993221149	1.752243355567785	2.2854531346244755	0.4948829254559506	1.8411502485593445	10.302101958436992	6.467574895044464	0.16393544603560173	2.5185418680815417	6.129899710771561	-1.2424194964559696	3.519494495014065	3.5804619416325494	0.37420173156966996	3.7862098846280077	1.9402170866505628	3.24598766427097	2.1473220093299545	0.44224496178413375	2.534563807754978	1.8725257939390119	2.4424810839598194	14.852632042763105	5.300139939306632	18.31642216604095	1.063164555338119	8.75143087852463	0.6104180027467834	6.124247285930807	8.301997087319506	2.008228270828127	3.706776838911395	1.943102487476736	1.2533358423545167	1.8978344193753145	3.895313980578223	1.1272198402143232	-0.007920817675945102	0.0038748754279911424	38.53505995131428	15.921255047455872	0.40268006352348706	-8.983965065880938	8.832545519095191	0.8480431673487736	2.1911054366977822	0.3082598020503937	2.4988787745917165	2.2580818208203084	1.434373335160032	2.4523007100170027	10.443471981788406	38.34655790033207	4.5271409420406385	1.1788890965348031	-2.9199318735158073	2.2997047043104075	1.2124640942946812	0.6493225707397698	8.381443980064262	8.65389971618987	7.261606224835958	2.5317263010777253	2.9154012862364596		0.6852248426713743	3.9445072216713584	-1.3837431276371106	1.049131091230322	1.6988918152164132	0.6985137158169366	35.376918407610276	12.021141282788534	2.4997216858266	4.298989204991841	18.106958301257066	1.1131978709416899	8.657089985140885	5.299402455307209	1.7646782030334904	1.641527420309771	2.9267313204018564	0.8456277973749451	8.610256742480956	1.1840350653544434	3.907158404233236	9.440695338215647	8.389080633806103	2.8431511126646853	2.126578097743014	1.275086342161245	5.826707160126887	9.420063639552737
2025-08-08	1.1992599379820632	2.024634200437447	0.8973250802574597	0.8124043441913571	0.0835192134729219	0.014997176108309418	-4.149705122341075	2.13510415299573	2.558769004622846	0.5856742234303063	2.257664614861433	11.238351803679393	6.7780589300515075	0.38793980997871813	2.6302284779482505	6.424231292377989	-1.0567357670679272	3.9593566086868606	3.9300178320105275	0.5703244453864897	4.255714044684524	2.386805945601111	3.563042391259671	2.2353274549117543	0.5675078368912523	2.817116099166732	1.6930022169218688	2.952775476422474	16.928165554082454	5.823974336551544	20.007551998956785	1.0939014636794369	9.205887972796944	0.21259253682292467	6.959648478016177	9.101089439064353	2.0018565483641027	4.176027553623797	2.0740647424601164	1.4828026793049816	2.448728316283038	4.112018542930599	1.3973675731843542	-0.04426036416293755	0.003662554190903222	42.267800391474054	17.457641354626674	0.437360224250142	-7.338338021892405	9.402294334819942	0.8335122185003989	2.360924796336704	0.3544133055872649	3.134535732763446	2.2733396276914277	1.4875387317462412	2.74164512548176	11.409483464864849	41.16230532812153	4.85884130547425	1.3775094034640745	-2.7137470945589968	2.664220982598195	1.262122067980762	0.6985859972226365	8.747902848509739	9.256324857047332	7.496265705373389	2.8877382645565532	3.3203227033727956		0.7800331368614479	4.30490260589216	-1.2533639634572467	1.0860179144568036	1.7260955756994605	1.0361169691643184	37.965952690023244	12.980075855914748	3.1843111870624625	5.386987280020165	19.44980909579209	1.1612533391630748	8.86646625965011	5.8242475898961175	2.0785623451855955	1.8234272917927399	3.3558043789067895	0.8684772073260376	8.955808056996247	1.1061372033005554	3.9574545096163405	10.118238607954027	9.474664484571676	2.9229686007195284	2.368525171264899	0.5108186018615015	6.242096210847961	9.613317686031365
2025-09-08	1.4446442649435909	2.0372326142684045	1.0756756097625129	0.8395272492280839	0.14607814433484023	0.0858283381533731	-3.7433868586165033	2.5940119598479043	2.87717480779294	0.671998436137045	2.6150739821079014	11.962106978437902	7.319799238518634	0.6980577936823877	2.764865083302354	6.939001531028694	-0.8297434828226269	4.4239468879700325	4.250672654213616	0.8713044016011935	4.742155626896292	2.8596230081853875	3.732913574348224	2.9111858101426833	0.7830076003120539	3.068805318151462	1.5944809071497374	3.5193724519056246	18.456512042291365	7.579937571843715	21.364192701751705	1.1811164047898899	9.64958231251967	0.2867154070681295	7.457469573088531	10.129181696144968	2.0553646694328975	4.324930012567471	2.142908334758367	1.8378351103914525	3.174206300323384	4.442722900615621	1.9058701085592986	-0.05854581870722342	0.02111640679303939	45.05322804111762	18.601961704994892	0.5244043937952974	-5.40682176602234	10.564398754426492	0.8553779632609562	2.514684599232517	0.42052420805565305	3.7365093170531907	2.286143184353989	1.558807305306857	3.1468959996885566	12.078166626986032	43.816166570112955	5.172700360811902	1.6512302037297673	-2.310033397494948	3.041621465234627	1.3246343331593522	0.7084806937452583	10.174465994784725	11.201953524167493	8.539407212034405	3.250538438888306	3.7459422829572944		0.9166829829772993	4.654012370050509	-1.0114680197323764	1.136866111969951	1.9462529253031704	1.3390734889346376	40.40787994504558	14.513266002055587	3.8941635200335867	6.541922594659738	20.87329428510799	1.2209658616266026	9.265476552792137	6.254115038986939	2.439682581839662	2.034423206429558	3.8108140917779068	1.0203668504105963	9.689056369897045	1.1182495231119987	4.050389210984349	10.568330468598162	10.17402043088238	2.8049086116751027	2.3939592805682963	0.5068293651615932	6.979785696256343	9.962925155889806
2025-10-08	1.622396536113996	2.046979430832579	1.2037220063888725	0.861499636493555	0.16399326975501438	0.2972571038209786	-3.387614642131979	2.9997793902978387	3.149992419888889	0.7458605883689486	3.2271582051589363	12.810821635857309	8.30538107760944	1.0434488172034406	2.8508369248780667	7.875884203535115	-0.5287648893324377	4.879474721929412	4.537816421715867	1.0661870446386814	5.202442916707412	3.5000606082961383	3.9813726328896877	3.47174632364397	0.9975298372756924	3.3071478154052656	1.4783805173523987	3.944602601347647	20.895360547829142	9.591402124194133	23.41912201532199	1.319301084298445	10.001053553766354	0.6692399155976005	8.563191158183031	10.80997051065512	2.1076849376453026	4.86920185545236	2.015076425027843	2.103148024197381	4.006277513708241	4.818047250473114	2.3993515051742236	-0.07709153964196247	0.06065930971698741	49.36136732531463	20.375820644631716	0.5776614747343309	-2.842447567007696	11.710854478760638	0.862790713312588	2.7303460721781327	0.4637500851990879	4.187938427722884	2.295211604445754	1.6035014182267844	3.9909315890256813	12.772554666458035	47.45384117579772	5.601442210424608	1.8284351578795963	-1.981032728676567	3.3447930258811596	1.3670030391185293	0.7472472434725859	11.402797663722794	13.166954347779779	9.27762043328633	3.6215900517359074	4.230040104110024	0.0	0.9975598791860918	5.032209516510562	-0.8174450948254446	1.1683598580750356	1.9966174186769052	1.543657833487714	43.751035351360656	15.498892852540934	4.550944538236635	7.539572674105685	22.707295815110342	1.2507463267778078	9.916655332140635	6.811099633683689	2.9116874077182047	2.2143862312503586	4.311577944148873	1.0609310524347464	10.244450486655424	1.2137877866593243	4.122141216128796	11.19033762131474	11.64568525931955	2.507237967565814	2.725248050493583	1.069716012590817	7.509678404809847	10.398272606459628
2025-11-07	1.77282693892424	2.0546074190742445	1.3128534255534703	0.8886219467535241	0.17560815151139408	0.4314349011501726	-3.024795500988901	3.2363298662872992	3.429113602292844	0.8079371841125393	3.7913346088015345	13.127879232480865	8.916702000096755	1.2640058897508055	2.8924514735543454	8.457135407211346	-0.15667154099650737	5.115960556436676	4.684278516596244	1.2538547786923573	5.453728065651205	3.966608678791168	4.115181240080524	3.7634742137134083	1.3172860914573263	3.4394482054731768	1.4599156764096577	4.25575878200825	22.08103288010392	10.654496400984726	24.611189033458317	1.461129907313392	10.110220717558533	0.9290901583682967	9.234788000988999	11.061103635333524	2.1162220276115207	5.298483880738516	1.9184434700998878	2.275742396639501	4.415239562341689	4.989511410161782	2.5234706479458993	-0.15275893196647417	0.09632428555202743	52.03918686954478	21.481792466327875	0.6351270709853303	-1.5326460625812075	12.275014139850299	0.8233142105340043	2.8554872046424187	0.49094990899248003	4.3835464123444865	2.3037194332664086	1.6428247915663405	4.555677945122341	12.941637631150172	49.59419417255003	5.853789396636557	1.9472459695724922	-1.6516294900338693	3.62410653824832	1.387730435660984	0.5880219049975466	11.875445292268324	14.016317180870317	9.514793722520778	3.8531554993714963	4.54400959674318	0.025847171446542916	1.0765198278323922	5.195312004835017	-0.6254753960513142	1.1965716794183905	2.049449944154162	1.6954911857824513	45.72345670224195	15.88991030260732	5.11693064627994	7.969219095042618	23.749756800436785	1.2605861507937277	10.242687084400018	7.135309613448641	3.2132135731116733	2.4005788249178153	4.6291179597528185	0.9207747956856807	10.289418951020124	1.2969121752387451	4.074051718703515	11.371893120691766	12.5655854715083	2.1615942776721937	2.910701864362835	1.6264250056700007	7.817893824432815	10.55508031819953
2025-12-08	1.8700192063841996	2.058873778583717	1.38320589577161	0.8755455215573917	0.17028496086888367	0.5703536713499631	-2.8447619316030455	3.358486899224225	3.6300464682115177	0.8645385037733604	4.255516327212398	13.339460299334945	9.590794535319858	1.5135126189339374	2.9370512725982536	9.09695149093779	0.06085358972881849	5.372543395390338	4.822969256472653	1.3762269832084542	5.684705849649106	4.291601118091471	4.176216403774568	4.199585991764351	1.5874053904174374	3.5693714837420387	1.3753645576194486	4.4533385172316	22.3851511863152	12.097245337020695	25.589796171618644	1.5949411555484971	10.235664856694356	1.4152275095900961	9.824706378816032	11.44606139391145	2.179468792878694	5.400168477746732	1.8590398213139352	2.4102499960849144	4.576512315128994	5.405421970898686	2.8428026794199184	-0.26456723818907335	0.13008039502238944	54.698619668238166	22.57742062568164	0.6359639443132821	0.15342363690695038	12.59286600880182	0.8492819653617367	2.9646797385626016	0.5022758226153421	4.61957427182098	2.3083139053863277	1.6679418408901512	5.647423135381192	13.122010523250083	51.70507528943358	6.103155316187454	1.9913013159916346	-1.4800204672836799	3.7837866819001817	1.4094862181821455	0.395146761608558	12.577258118571763	15.099496416607053	9.955950345787357	4.091692911324387	4.812068653225872	0.0778205363723572	1.1257209265319688	5.407096537838825	-0.5245399704897906	1.2146618929722806	1.9875473366575704	1.7608588629109434	47.67201905132208	16.858751431299936	5.549422171185995	8.455562552136612	24.80693824801216	1.257732981053337	10.637816326294114	7.4226572749156645	3.386316949289501	2.5302480606530295	4.904465620123091	0.8451356432816652	10.534397470934522	1.3976726209218029	4.0449206744778365	11.468145922124648	13.424854953126271	1.9515632711579087	2.858014995300529	2.4591162787287715	7.975026904891976	10.75022555096811
2026-01-08	1.9560074649517247	2.060871011909228	1.4447352991067959	0.8785209171444208	0.16894228081788398	0.733034614123433	-2.7245872618233307	3.635817856216015	3.7813705129578636	0.9322725745505771	4.9777150104618	14.029539214599453	10.456356433668773	1.9007982405140638	2.9972771065665	9.919748266808305	0.27425753658885554	5.791744957338992	5.115134400285207	1.4743342661626144	6.1113264845083535	4.780606802122755	4.253277768851419	4.881101618091137	1.9143415853307388	3.8181578219195202	1.3445012157743577	4.7588975961253865	24.204841888021093	13.742515014302427	25.813581213761097	1.7235659911323182	10.727540500300876	2.1399975756535383	10.135423802022231	11.630779616250763	2.3011900153724767	5.484395720314453	1.8377649197179764	2.4916419934748006	4.7150045544261445	5.938114102644775	3.727515178552366	-0.3416144201028004	0.18318368981862676	55.91983605877118	23.078908491798586	0.6814949681548832	2.2987795338673465	13.24510965314579	0.9470872208312322	3.0014948718530086	0.5082577918752307	5.059495629357471	2.309894680021614	1.696900264810921	7.7945463113916205	12.980142652885561	53.39451348534931	6.302182822754702	2.0140128012049985	-1.343296546815239	4.029314876186881	1.437091978532841	0.24351950796416588	13.837564658016504	16.662297204704203	10.985897239972303	4.473767116625503	5.237207321906631	0.4073051155772305	1.1687465772362273	5.833046706232949	-0.43609795894562353	1.235904767747357	1.9867055748053133	1.9700895016604392	49.22672134573418	17.579194323197072	6.193502940556897	9.276982785076314	25.710181218913817	1.2497188076417416	11.383800766244946	7.503741933344315	3.654723118625398	2.6269719806656227	5.3348673461632	1.110447455620701	10.732381771278838	1.5791086027261727	4.1813958482653035	11.912004396201155	13.693397517439209	1.862543260409936	2.7519464874276593	3.6612197059225196	8.416601383098367	10.903629952707746
2026-02-06	2.0410242718042753	2.0594792002597018	1.5032416187850686	0.8811667643073235	0.18695367186413847	1.000763322815839	-2.5640880076433135	4.095465253996423	3.9409670511119543	1.0189891576891696	5.976106422193297	15.419045354744469	11.771581438461851	2.535477900383235	3.0308657381463746	11.166101812855004	0.5568711473686552	6.349659714699328	5.412532472253268	1.5493741570037685	6.714993487117596	5.417091612296019	4.583776901601112	5.873707048991449	2.4928850812549683	4.120214321394222	1.2698986738089104	5.352079042864496	25.871907788537044	15.409768312980134	24.92848885547602	2.2989706556809466	11.042570556308178	2.731683096886343	10.288059301409533	11.669102764823435	2.476973282700996	5.794064524809031	2.3740455888564114	2.583191429822193	4.721436737394306	6.227167720893064	5.005220131711724	-0.20652331603675123	0.27854171252265836	55.37916302936128	22.855882271835895	0.7820823840250917	4.2868643260997175	13.314063983151527	1.2503858755779511	2.8705061747695275	0.5179461540270722	5.623440486780552	2.3072728775763807	1.719699420380465	9.42622945142422	12.786093110142545	54.1975222402848	6.398166688627143	2.0582207778630845	-1.180410916168242	4.35847437034495	1.4533451979079572	0.6364777466157676	15.30880310249546	17.664225449834476	12.568573265523042	4.9931834671004225	5.808011522961564	1.0537665497070634	1.2008826992201804	6.358934572961516	-0.340531520865035	1.2512846953759293	2.193001033172024	2.2615370730470445	49.97712689871423	17.667542697013033	7.276888076525353	10.39053246069102	26.189712895522064	1.243859566275546	12.68955955072127	7.222535545775685	3.9784383985346423	2.7209960403910074	5.909823847824228	1.621487970657114	10.629223609168918	2.2273501726111604	4.111424316506309	13.153626689907497	13.500545008644849	2.5150831235763604	2.7437548505878766	4.5290113856164	8.275801812251004	11.413154320150056
2026-03-06	2.1078998766397206	2.0538704910060943	1.5502621000296841	0.872309969114113	0.17694348067259114	1.250504109421712	-2.3009306257450532	4.187743003352601	3.9792414751983785	1.0276064198834973	6.500687024457719	15.911672326765824	12.979788427360162	3.159905951554528	2.9667273739565587	12.31368862687215	0.6780668447232294	6.485726628654049	5.431242708102445	1.6417259906703663	6.813961685850913	5.602374774524549	4.898248283154253	6.0163710343370695	2.7421001636769624	4.107206990266214	0.9345276978574049	5.543535542408662	27.541239443583606	15.420826611529122	23.483881376718074	3.015585236527592	10.482438323271467	2.853375582820277	10.05455979102318	11.440965515956776	2.5352625817287944	6.287852494037736	2.570864097629965	2.6238642505822725	4.28039909201577	6.16489191964979	5.769176460171096	0.4986614362543662	0.5191948734522605	53.53739445839744	22.099554780274616	0.8582296945179486	6.266282853974673	12.368381991282916	1.44729231130653	2.6890509738353536	0.5335121212692826	5.814733996302692	2.301693250798195	1.7251629631113445	11.055881718385102	12.361476306964192	52.765258992125496	6.231088191846354	2.1280233304772196	-0.945393498152697	4.341719966170444	1.422895840798816	3.472254300641538	15.327124467950853	17.416835045705	12.731379777329465	5.178070177677604	5.950955696330674	1.2462699532454167	1.2336237937622059	6.367179229022099	-0.2066334789341724	1.2560431523319053	2.4304732285295927	2.3564141948482273	48.66606292397137	17.511648362409915	7.815416289658771	10.83176212313461	25.511597163441934	1.2474717296892734	13.068206323860466	6.780623175330675	3.9648467084751147	2.7387152082463118	6.049828984200914	1.8734424100697424	10.561658088771509	2.9695450796641083	3.718947649411902	13.720092988724048	12.890372033740817	2.8286196987452286	2.97096739989707	4.762528050798238	7.789736869805324	11.476693223440932
2026-04-08	2.108910416912323	2.0474970892383197	1.5484947763583676	0.8517272307329691	0.16202778215530955	1.391543083553998	-2.1774064785384155	4.473126214064642	3.950192162242999	1.0414703942927694	7.263452472912704	16.425582730552975	13.113172065974439	3.798063580308508	2.9511712760622117	12.439077661025564	0.8520122659501403	6.744747573829329	5.602158650437239	1.6430322068738548	7.0924778539366855	5.972543099837004	5.218606108668311	6.474581768780723	3.140831527789018	4.263171159943873	0.6036867766101679	5.906582347685799	27.749141885546834	16.049532710928673	21.915811856771484	3.7473048179623234	10.284347442597777	2.8553172037241694	10.069369419682289	11.024885325056303	2.548321852802701	6.777013949781448	2.6208792474995874	2.608755422584295	3.9320403378160265	5.710802058697283	6.708675124181582	1.3896479772262609	0.7520805420250785	52.049098052801355	21.48660886402064	0.9120112973214418	7.831054806125081	11.283440692019383	1.5843724490590354	2.5048913535209287	0.530153800321564	6.0619862195336935	2.293999806687566	1.7048842077586386	11.531012237932153	12.162556963157556	51.47526560962069	6.078039151778697	2.1183515612144674	-0.8430854846877764	4.477851995620419	1.4152334029097347	6.915643703542358	15.872112475684133	17.95046421584931	13.219841057479755	5.4737568277086766	6.2442193513413855	1.7086734772390884	1.2207781116118355	6.527354983213769	-0.15542420913737232	1.241261021691912	2.5542941249322553	2.3416722743229172	47.46953859887299	16.999358924819006	8.63089624771925	11.324844980116183	24.95340087678545	1.2386347443669123	13.456911921465121	6.348181129742542	4.070451455128989	2.703981603715391	6.354618652905259	2.216476377339454	10.128533051696877	3.6626323642633736	3.439460830847267	14.085024021056142	12.62915725375069	2.843706854253753	3.143807840895704	4.700941951982173	7.050802682713112	12.188271212733511
2026-05-08	2.092028985992542	2.041135822975278	1.5351649404269665	0.8238097534214646	0.16302143815581616	1.5266637313346472	-2.1140472202821954	5.163397365723142	3.995333419852983	1.0527102259988546	8.826656356642971	16.97410354536254	13.05706901595984	4.148492603084321	2.9339992669203667	12.381999954523067	1.188619264060078	7.013847403275761	5.79729083597379	1.6107120969578403	7.377418884288645	6.896437619599325	5.270890831707547	7.434962491532701	3.389078462317965	4.444840429344637	0.3830713663698475	6.268922405166435	26.904664416022342	18.24041034182406	22.928378721582163	4.107880676412648	10.137787901157608	2.503270613012589	12.013913688532966	11.079528258474767	2.43673311652001	6.827224402614647	2.6451746856326324	2.577939149394041	3.6951317878684904	5.523685501854544	7.441741163112482	2.315756615486272	1.010528467198327	58.659207217909625	24.206430975442913	1.0340739269055383	9.987260029592818	10.937841189907346	1.733387776505893	2.6321858415363018	0.5412621274088067	6.413989666038759	2.287554571895953	1.6792212283184682	12.213795342087359	13.65333094656701	54.76795801622029	6.465660365028967	2.167856826669393	-0.794019751077883	4.6853203535877554	1.4056053910688888	10.25339115988129	17.313292878988534	20.26275519498398	14.101030237998856	5.881308762004814	6.726022800159285	2.66835796420672	1.19190827928648	6.686800311347454	-0.13442605184847167	1.2225158557929419	2.9749741071851616	2.3736361280707072	50.4894955854719	17.200169931369345	9.887002907706261	12.28134779430627	26.54613062128277	1.2484757786197704	14.007914143228703	6.787995809076577	4.428087803487813	2.7249708519717046	6.85393579701595	2.447318571562903	9.921986655741222	3.9788878600124846	3.1844622837386822	14.42946768735132	14.972914250621855	2.9333072488188776	3.0813011983757406	4.110162980177478	7.136647625250163	13.542855778309104
2026-06-08	2.0015720697219734	2.0340501458625226	1.4684640387223737	0.7865096771579587	0.11094269002423829	1.6294160310808685	-2.1171819367612557	5.224423269522077	3.9487940748322217	1.0135626755716238	9.804884571708286	16.85355798727113	12.237306531892315	4.218333062017052	2.8720968758122325	11.598682225420859	1.4260678908203026	7.0653791054111394	5.703979962695826	1.4787563296704889	7.427114940053059	7.301119870298187	5.151095591020145	8.120894128434088	3.258239387525233	4.493927909909814	-0.003941605678001281	6.359829447447936	26.236610847351045	19.744275331641177	23.36086845484172	4.479730326794993	9.96484578790782	2.4772534713490444	13.845900042087862	10.502482022146438	2.304314179950751	6.576244577574357	2.5237017452221764	2.4673140380038774	3.119516259708611	5.332484074090928	7.557739068118366	3.137423479515917	1.1656028193274093	63.5548579761504	26.219881636225466	1.0802241891968052	10.050301117826507	10.085513493903164	1.8829891018249256	2.676446869926714	0.5253181532902218	6.449104704583007	2.278381244172138	1.627602951126235	11.697755922513018	14.989370791349103	56.8505571906328	6.711537209079765	2.104310753480277	-0.834711168498643	4.571934514190012	1.3780254167455226	12.876031950463357	18.339486953224508	21.884071229655206	14.719280698122077	6.056808579792779	6.913576269175465	3.244089536969497	1.1151320836379526	6.688415434647993	-0.1702418131055765	1.1848332948413187	3.1805094437497416	2.0780677711574285	52.4102915354033	16.324279571809825	10.575781523748532	12.2628123512375	27.618427532523242	1.2350104242093138	14.716138960764454	7.0050735894042475	4.48207255911003	2.6851997472299516	7.033062727902575	2.47133714370667	9.183163695412958	4.388390610742384	3.0062124357041284	14.56901871004689	17.327757454048367	2.8827162883331567	2.902789784301646	4.325192378528726	6.740476535243388	14.437081786862024
2026-07-08	1.9235454547230688	2.025675507350897	1.4098915307022537	0.747523789005136	0.05651061211711195	1.6982181027155612	-2.1026066011479685	5.204895585777578	3.9385601064874294	1.0044356292921606	10.58935154708189	16.945520780032894	11.062309615108674	4.04054217232531	2.8291491396026913	10.482650637628979	1.4447802955007916	7.134421526772954	5.676899437418506	1.382009054879589	7.516930892824149	7.6121373171244	5.174178941552142	9.005122725025743	3.2113782531326045	4.503345363761433	-0.1922399889574038	6.477207006235673	26.412555781555255	21.496660966362555	23.158930748107792	4.511204631527335	10.31984266850452	2.904564231590143	15.056072569767352	9.756717064845958	2.295572624937776	6.579151752606947	2.5762919141646563	2.351615744575682	2.5751565356651724	5.354049772052917	7.340003829449387	3.2806237001151217	1.194044516074383	66.35989271298001	27.371130776222742	1.1815137132541054	9.365330145709976	9.322243498115995	2.0028882377653865	2.717663966143217	0.507653010540519	6.412809095453113	2.269369718333138	1.5826361436922696	10.462138076151213	16.097589726448803	58.477282298755085	6.902435946716423	2.028571898238809	-0.853029821953939	4.412045134183302	1.3606835889141848	12.954100995682396	19.4635356749138	23.54987662831178	15.450927112471703	6.192588409454288	7.0773621591728215	3.855646243384683	1.056213530385513	6.759559491809213	-0.1928952506988395	1.1534670443554091	3.4764479011009115	1.9057784731488283	53.918942419517066	15.51090445807759	11.03478720271329	12.015425392773835	28.52777027544556	1.2120364011904101	15.589513070269561	7.085397271234271	4.545684426239383	2.6619537097924564	7.178872064658563	2.492651503209828	8.392980470656525	4.475844604254043	3.0851920316182344	15.086427967232595	18.77122266241821	2.960204188028797	2.8974262097775068	5.264503896661239	6.364373845010519	14.5877619571053
2026-08-07	1.8325966047123927	2.020004029978807	1.3442618802943258	0.727442824966559	0.05568969801321444	1.743140402418991	-2.2057232703965397	5.223614256312118	3.875300185246587	1.0221120212209769	10.882260681080595	17.534432293528653	10.434465197513418	4.118316984524718	2.7897099190931556	9.88288077770332	1.3831472188772338	7.471769023133334	5.875765053616199	1.2888689948949974	7.8821496480083795	7.744334192751282	5.050336149516028	10.011771147553176	3.224220473894725	4.5886345240419075	-0.2003686729398666	6.842363581497992	27.135444389412953	23.26751404356196	23.228591125376596	4.6583574059438675	11.043560380053663	3.368188641733326	16.094286588722056	9.23753684504031	2.374519887117266	6.352493227189882	2.659132688274873	2.182292358354502	2.4160695952807956	5.916198846488015	7.816478709689406	3.4176101891088067	1.2529768951130862	68.7249279119062	28.346081269689563	1.287744993524889	8.51373939071074	9.565695027001226	2.1974611887479227	2.84250671332828	0.4854082627162448	6.640750998091889	2.261524919314283	1.5555792954629624	9.747370237622341	16.712318708388096	61.30231649833979	7.2350875138926085	1.9315213962378692	-0.9575099002522478	4.437761126911937	1.3452631090005056	13.327926360586716	20.992544527698385	25.28639569935916	16.724923166792422	6.431315359818093	7.327179610064491	4.36779158986576	1.0055864865839084	7.089983773627196	-0.2606783990957169	1.134912636050693	3.797601125390841	1.8408134163628702	56.5114685190988	14.702457201669347	11.400278529291825	12.183909794449391	29.991714793225924	1.1817894773444806	16.62575040055583	7.339334697033209	4.6472268687967855	2.608753720955562	7.431869393032969	2.6953426178931608	7.820567403918588	4.644027413968644	3.3209723308550707	15.698577546475263	20.211717731338723	3.0450324547837226	2.7216225549262774	6.2090376243627645	6.360139398816784	14.673365243096782
2026-09-08	1.7116534968344865	2.0131774142414827	1.2571391506865126	0.6685662031791253	0.059534127636112544	1.7768186303146756	-2.2653106126993805	5.339891455744194	3.7447456253669174	1.0259441279479447	11.55650823726586	17.14028101961847	9.84598970980575	4.468346506055667	2.722564242749641	9.32188838857364	1.3198945734689822	7.61742012477464	6.014585566051807	1.1474316408375103	8.03139878760851	8.055607065661889	4.839914420288743	10.31437383591944	3.3491058628936266	4.651825097430169	-0.30656206104166017	7.089567410719354	25.223692953097327	23.841580783726585	22.810419072284304	5.17127371952045	11.476745446313942	3.6635279435600836	16.921328591677437	8.75900537645569	2.3824751066410315	6.027532726455334	2.5668949989393184	1.975152312587639	2.0548925095839223	6.099350632778609	8.280195738826876	4.075251403499138	1.4484027506483734	69.42253604962241	28.632304184908435	1.287487898230129	7.72478683564448	8.683775765080725	2.365223761899884	2.8656888501903737	0.4614255498022466	6.746052949811585	2.253972153713704	1.5153888135931197	9.22545950698656	17.065610082599434	62.23616647003291	7.34643149860122	1.8310799732876575	-1.0478491604223166	4.46013913895775	1.3172505062996294	15.706530752987035	21.288701867104464	25.345753014458808	17.11469716242297	6.589622812182512	7.506256752209325	4.980245210706272	0.9279664047763987	7.155866698037258	-0.31912415777034653	1.1072858156773435	3.808224264776186	1.6668287721979098	57.3703152421557	13.971579778062107	11.918879743897804	12.313220442858437	30.464284689543092	1.1508848571627013	17.274354440820105	7.352643461016484	4.734334377810015	2.5113386287594324	7.614669559094139	2.750375525147369	7.304439947405228	5.299387141763717	3.4440073767838655	15.143234164798912	21.102008594164943	2.9896156614794336	2.5401986041993254	6.993528517044837	5.817108428359305	14.065921023455019
2026-10-08	1.443617575050041	2.0066233348523355	1.061690661941256	0.5873186442694163	0.001614582843643575	1.9225572005427516	-2.6422281917922064	5.284782260774861	3.3653501769727683	0.9623982776255957	11.663494339562689	15.950101830723298	8.912956154896094	4.429493969703927	2.508938495452199	8.43391040402473	1.1603674585715567	7.299312777716878	5.810324255102401	0.8326313070994757	7.6882593430454165	7.9524096218926275	4.383773088140906	9.921758128042427	3.487758280867048	4.478406818787285	-0.6678637684608617	7.042908673947252	21.971330281705434	22.71677993331096	23.082341017755766	5.5692419614102775	11.052753716659808	3.842798768373086	17.835948277955282	8.30269679988487	2.373119234206513	5.458546060138076	2.414322555995767	1.5863910980880433	1.541891732155328	6.05367923306008	7.939686955770867	4.872720597191233	1.6129284200237688	71.56854673316491	29.51957334329586	1.143590031355199	5.730310645586343	7.365762194226846	2.390916866550242	2.947391693030543	0.388528794136036	6.466092190991461	2.2455340764435903	1.449269262519664	8.239171080538554	17.196989350760674	63.045707052096304	7.441012293639034	1.5296956694477188	-1.425795494008284	4.230764186336138	1.223288333157683	17.51476485654075	20.53964680658845	24.544998378109653	16.45407261479201	6.366631136048255	7.267505988684732	5.210554797004448	0.7810392645994568	6.684519004279224	-0.5530731009893444	1.061381903255949	3.3140490064806727	1.261834122222453	58.10861297959366	13.607716560083503	11.891813422094131	11.757296388421452	30.719541288196865	1.0882724382838092	17.268538759198464	7.540786003866629	4.588008286415494	2.2499278754128866	7.366290980448255	2.568138356529751	6.889923136400014	5.82047716250365	3.2723744716863834	14.092629910717193	22.367062415752144	2.908057850248383	2.2045515936143047	7.661455060830036	5.163467923263951	12.794015510013537
