	A091170	A091180	A099140	A102970	A132030	A133690	A139220	A139230	A139260	A139280	A139290	A143860	A147970	A148070	A157490	A182480	A185680	A195970	A195980	A200030	A203780	A218420	A227550	A228790	A228800	A232080	A245710	A251350	A256440	A261220	A266410	A273130	A276000	A276970	A276990	A278530	A280930	A283580	A294400	A304660	A304940	A305080	A305540	A305720	A308620	A309230	A329200	A329750	A332620	A352560	A357870	A360750	A371160	A371470	A379800	A379810	A385510	A385560	A390390	A394660	A394670	A396500	A396510	A399580	A402970	A409810	A411060	A414270	A414780	A418670	A419420	A419430	A426020	A426030	A430500	A434060	A437080	A438330	A441800	A446720	A446770	A448290	A448300	A449450	A452360	A453630	A453640	A453650	A453660	A453850	A453870	A455030	A455660	A455890	A456610	A456880	A458730	A458760	A459580	A461490	A463640	A463680	A463690	A464470	A464930	A468370	A468380	A473330	A474220	A476760	A477080	A498400
2025-07-14	11993.545171626498	19376.967211304822	21474.322448231993	14804.61004163158	19724.699694099952	137970.72629553376	4476.549686970373	10336.181206102294	32707.105895365276	11630.405349735185	18130.708256768143	40496.57716230862	45641.58896530676	112237.45154052979	10024.306280694025	11819.036213270885	25648.596096014386	13656.0249877045	11024.989226860838	35582.66736579001	22222.78203381176	14216.89670289755	9423.414836231874	4239.677195226262	3842.854383807791	13301.34711795647	23542.454685997443	31358.57483481827	8344.843564951823	15038.670574757678	8597.40163450791	116836.05336272276	15232.994469324964	7247.793550402608	19166.083765019022	15374.548818768326	13159.304075859856	12157.450555817279	55816.88524559373	7455.981781378475	25816.79058284536	12246.85008444995	14471.4984198064	11479.439091251767	11456.931630871983	26499.29980014027	3849.3414217726404	12500.157377061229	86472.66166798031	11321.599439580703	56220.44123265144	21097.598861190672	7914.092116098149	7548.1588277668	19179.170085183257	20617.15429606979	23369.697855819446	76849.04322399227	26722.123744141478	10994.822984706952	6054.146012634601	11971.818450075607	5717.601131924227	6774.105047513995	11725.00105592153	7021.3816371279145	20829.836962890036	11083.42735781833	7700.919350709204	15061.593171395849	6264.75229985437	6946.6084123847795	22842.899126905017	29917.051350921458	115409.27998313669	14430.095774327856	95409.40633631841	116170.69085457045	15386.486528965595	10573.39375314385	30788.08487839216	14640.08929374028	18031.984824852065	47389.7511329564	10563.778159256855	11532.38704569267	11224.902186524498	17425.67892259459	16160.617653816193	7261.765120323653	13344.158296143207	11282.581298027202	9146.706950224361	53657.976337606364	57176.29066893867	11590.284131520137	11534.175076316136	8477.632094283392	1038122.7308864392	13260.233711424513	12836.316562901724	15303.096248174501	16531.889165640605	48096.55446527484	15755.841823676481	10331.743646125171	10236.228923027491	7653.422894044499	11912.761313918074	8893.441399893967	104222.02258492816	9158.719807997015
2025-07-15	12077.772585813249	19398.48360565241	21605.661224115996	14926.805020815791	19762.849847049976	138876.86314776688	4505.7748434851865	10500.090603051147	32827.052947682634	11661.202674867593	18128.85412838407	41000.78858115431	46032.29448265338	112193.7257702649	9959.653140347013	11879.518106635442	25959.298048007193	13673.01249385225	11044.99461343042	35823.833682895005	22407.39101690588	14128.448351448775	9521.707418115937	4286.83859761313	3846.4271919038956	13488.173558978235	23801.72734299872	31478.287417409134	8327.92178247591	14904.335287378839	8664.700817253955	116847.02668136137	15217.497234662482	7252.396775201304	19180.54188250951	15477.274409384163	13228.652037929929	12154.72527790864	56183.442622796865	7425.490890689238	25968.39529142268	12250.925042224975	14500.749209903199	11509.719545625883	11460.965815435991	26568.649900070137	3839.17071088632	12518.578688530615	86345.83083399016	11387.299719790351	56225.22061632572	21208.299430595336	8005.046058049074	7683.5794138834	19277.58504259163	20750.077148034896	23684.848927909723	76791.02161199614	26964.56187207074	11051.411492353476	6059.0730063173005	12055.909225037803	5743.300565962114	6759.552523756997	11735.500527960765	6985.690818563957	20907.41848144502	11172.713678909164	7720.959675354602	14919.296585697924	6293.376149927185	6958.30420619239	23074.94956345251	30315.02567546073	115404.63999156834	14481.047887163928	95343.7031681592	116176.34542728523	15528.243264482797	10584.696876571925	31113.04243919608	14700.044646870141	18131.492412426032	48244.8755664782	10558.889079628429	11569.693522846335	11240.951093262249	17567.339461297295	16310.808826908096	7236.382560161826	13369.579148071603	11296.790649013601	9150.85347511218	53662.48816880318	57274.14533446934	11602.642065760068	11549.587538158068	8491.816047141696	1038204.3654432197	13287.616855712256	12889.658281450862	15393.04812408725	16614.944582820302	47989.777232637425	15879.42091183824	10344.371823062585	10246.114461513745	7643.71144702225	11994.380656959038	8874.720699946984	104231.01129246407	9206.859903998507
2025-07-16	11849.886292906624	19298.741802826204	21839.830612058	14596.402510407896	19717.424923524988	139189.43157388346	4482.887421742593	10554.545301525573	32862.02647384132	11634.601337433796	17995.927064192038	41285.394290577155	45759.14724132669	112147.36288513245	9902.326570173507	11845.75905331772	25772.149024003596	13594.006246926125	11074.99730671521	35781.9168414475	22266.19550845294	14044.224175724386	9515.853709057968	4250.419298806565	3825.713595951948	13594.086779489116	23804.363671499363	31469.143708704567	8396.460891237955	14847.16764368942	8634.350408626979	116823.01334068069	15129.74861733124	7222.1983876006525	19202.770941254756	15451.13720469208	13101.326018964965	12168.36263895432	56111.72131139843	7395.245445344619	25959.69764571134	12257.962521112488	14307.8746049516	11364.859772812943	11470.482907717997	26434.82495003507	3827.08535544316	12557.789344265308	86317.41541699508	11325.149859895177	56227.61030816286	21209.149715297666	8126.523029024537	7788.7897069416995	19275.792521295814	20797.038574017446	23792.424463954863	76632.01080599807	27150.78093603537	11052.205746176738	6034.03650315865	12135.4546125189	5716.650282981057	6798.276261878498	11677.250263980382	6985.345409281978	20926.20924072251	11244.856839454582	7748.4798376773015	14870.648292848962	6345.188074963593	6961.652103096195	23190.974781726254	30509.012837730363	115347.81999578417	14471.523943581964	95193.3515840796	116181.67271364262	15418.621632241398	10531.348438285962	31408.521219598042	14659.02232343507	18129.246206213014	48767.437783239104	10486.444539814214	11539.846761423167	11165.475546631125	17475.169730648646	16284.404413454049	7209.691280080913	13399.789574035802	11328.3953245068	9150.42673755609	53667.244084401595	57440.572667234665	11636.321032880034	11493.793769079035	8457.908023570848	1038280.1827216098	13286.30842785613	12858.329140725431	15500.024062043625	16604.47229141015	47916.38861631871	15953.710455919121	10362.185911531293	10258.057230756873	7629.855723511125	12061.690328479519	8860.860349973493	104238.00564623204	9191.929951999253
2025-07-17	11781.943146453312	19282.870901413102	21951.915306028997	14450.701255203949	19662.212461762494	140132.21578694173	4481.443710871296	10631.772650762787	32425.01323692066	11734.800668716898	17984.46353209602	42257.69714528858	45597.573620663345	111938.18144256622	9856.163285086754	11860.87952665886	25958.574512001796	13534.503123463062	11082.498653357605	35973.45842072375	22461.59775422647	13992.112087862193	9585.426854528985	4257.209649403283	3825.3567979759737	13762.043389744558	24179.68183574968	31600.07185435228	8433.230445618978	14778.58382184471	8656.17520431349	116710.00667034034	15093.374308665621	7219.099193800326	19313.885470627378	15465.56860234604	13115.163009482483	12260.18131947716	56148.360655699216	7360.1227226723095	26027.34882285567	12291.481260556244	14248.937302475799	11332.429886406471	11509.741453858998	26504.412475017532	3825.54267772158	12604.394672132654	86354.20770849753	11363.074929947588	56236.305154081434	21328.574857648833	8204.261514512269	8012.89485347085	19384.396260647907	20936.519287008723	23753.71223197743	76311.50540299903	27388.890468017686	11122.10287308837	6064.018251579325	12027.72730625945	5718.325141490528	6803.638130939249	11694.125131990191	6970.172704640989	20953.104620361257	11402.92841972729	7799.739918838651	14861.324146424482	6371.0940374817965	6983.326051548098	23443.987390863127	31008.50641886518	115213.40999789209	14520.761971790982	95133.67579203981	116156.83635682131	15355.810816120698	10540.67421914298	31333.76060979902	14684.511161717535	18182.623103106507	49721.21889161955	10457.222269907106	11568.923380711583	11184.237773315563	17517.584865324323	16330.702206727025	7172.345640040457	13444.8947870179	11369.6976622534	9155.213368778044	53672.1220422008	57636.28633361733	11680.660516440017	11502.396884539517	8458.454011785423	1038425.0913608049	13305.154213928065	12881.164570362715	15606.012031021812	16685.736145705076	47868.194308159356	16089.85522795956	10398.092955765645	10299.528615378436	7627.427861755563	12164.84516423976	8848.930174986746	104256.50282311602	9194.964975999626
2025-07-18	11677.471573226656	19262.93545070655	22062.9576530145	14220.850627601974	19659.606230881247	141125.10789347085	4460.721855435648	10696.886325381394	32311.506618460327	11715.900334358448	17928.73176604801	42778.84857264429	45227.28681033167	112060.59072128311	9818.081642543377	11887.93976332943	26224.2872560009	13594.751561731531	11081.249326678802	36316.729210361875	22586.298877113237	14061.056043931098	9690.213427264493	4193.1048247016415	3805.178398987987	13913.52169487228	24339.84091787484	31805.03592717614	8476.615222809489	14904.291910922355	8588.087602156746	116798.50333517017	15122.68715433281	7203.049596900163	19526.94273531369	15460.28430117302	13236.581504741242	12316.09065973858	56124.18032784961	7367.561361336155	26163.174411427834	12325.740630278122	14509.4686512379	11521.214943203235	11541.8707269295	26704.206237508766	3827.27133886079	12635.197336066327	86763.10385424877	11377.037464973793	56243.15257704072	21469.287428824417	8280.630757256135	8201.447426735425	19509.19813032395	21087.25964350436	23856.856115988718	76380.25270149951	27542.945234008843	11290.551436544185	6238.509125789662	11956.363653129725	5726.162570745264	6820.319065469625	11753.562565995097	6937.586352320494	20981.55231018063	11526.964209863645	7837.869959419326	14946.662073212241	6486.547018740898	7051.663025774049	23692.493695431564	31462.75320943259	115342.20499894605	14592.880985895492	95240.8378960199	116184.41817841065	15245.40540806035	10600.33710957149	31443.38030489951	14749.755580858768	18274.311551553255	50050.60944580978	10488.611134953553	11654.46169035579	11161.618886657781	17681.79243266216	16393.35110336351	7182.672820020229	13397.44739350895	11392.8488311267	9159.606684389022	53682.061021100395	57786.643166808666	11710.330258220009	11568.198442269759	8505.727005892712	1038533.5456804024	13344.577106964032	12927.082285181357	15719.006015510906	16733.868072852536	48039.597154079675	16210.42761397978	10445.046477882823	10330.764307689218	7653.713930877781	12236.42258211988	8880.465087493372	104270.75141155801	9200.482487999812
2025-07-21	11662.235786613328	19181.467725353275	22240.97882650725	14032.925313800988	19757.803115440624	141410.55394673542	4437.860927717824	10910.443162690697	32356.753309230164	11678.950167179224	17871.365883024006	42751.924286322144	45137.143405165836	112167.79536064155	9791.540821271688	11870.469881664714	26062.14362800045	13622.375780865765	11148.1246633394	36335.864605180934	22450.14943855662	14030.528021965549	9792.606713632245	4163.55241235082	3807.5891994939934	13979.26084743614	24519.92045893742	31873.01796358807	8453.807611404744	14904.645955461177	8497.543801078373	116850.25166758508	15134.843577166404	7192.524798450082	19603.471367656843	15515.142150586511	13242.29075237062	12402.04532986929	56317.090163924804	7386.280680668077	26231.087205713917	12340.370315139062	14867.234325618949	11820.607471601617	11552.935363464749	26745.103118754385	3832.635669430395	12633.098668033163	86896.55192712438	11404.018732486897	56244.07628852036	21500.64371441221	8363.315378628067	8216.723713367712	19535.099065161976	21133.12982175218	24238.42805799436	76428.62635074975	27552.472617004423	11389.775718272092	6328.254562894831	11965.681826564862	5732.581285372632	6848.659532734812	11747.281282997548	6921.293176160247	21058.276155090316	11598.482104931823	7854.434979709663	15016.83103660612	6596.273509370449	7160.8315128870245	23826.74684771578	31654.876604716294	115452.60249947303	14603.940492947746	95353.41894800996	116259.20908920532	15247.702704030175	10600.668554785745	31197.690152449755	14779.877790429384	18322.655775776628	50787.80472290489	10494.805567476777	11657.730845177895	11091.80944332889	17635.39621633108	16481.675551681757	7196.836410010114	13354.723696754474	11391.42441556335	9172.803342194511	53687.0305105502	57781.82158340434	11702.665129110004	11565.099221134878	8505.863502946355	1038624.2728402012	13361.788553482016	13010.041142590679	15775.503007755453	16732.934036426268	48125.29857703984	16273.21380698989	10454.523238941412	10338.38215384461	7664.35696543889	12260.211291059939	8896.232543746686	104277.875705779	9233.741243999906
2025-07-22	11605.117893306664	18994.733862676636	22346.989413253625	13911.462656900494	19866.40155772031	141572.77697336773	4363.930463858912	10861.221581345348	32063.87665461508	11675.475083589612	17723.182941512	42703.46214316107	44825.07170258292	112337.39768032078	9698.270410635843	11859.234940832357	25828.571814000225	13621.187890432882	11121.5623316697	36207.93230259047	22312.07471927831	13855.264010982773	9741.303356816123	4146.27620617541	3796.294599746997	13909.63042371807	24474.96022946871	31858.508981794035	8417.403805702372	14849.82297773059	8454.771900539186	116908.12583379254	15138.421788583202	7174.262399225041	19609.23568382842	15442.571075293255	13188.14537618531	12464.022664934644	56033.5450819624	7405.640340334039	26277.54360285696	12352.685157569531	14923.617162809474	11855.303735800808	11555.967681732374	26649.551559377192	3826.3178347151975	12632.049334016581	87046.77596356219	11422.009366243448	56249.53814426018	21496.321857206105	8402.157689314034	8246.361856683856	19533.54953258099	21154.06491087609	24024.21402899718	76698.81317537487	27442.23630850221	11374.887859136046	6415.627281447416	11857.84091328243	5824.790642686316	6921.329766367406	11716.640641498774	6913.146588080123	21139.138077545158	11646.741052465912	7887.217489854831	15074.41551830306	6636.136754685224	7290.415756443512	23761.87342385789	31453.938302358147	115641.30124973651	14614.470246473873	95470.20947400498	116299.10454460265	15107.351352015088	10568.334277392873	30893.845076224876	14784.938895214691	18351.827887888314	50733.90236145245	10466.402783738387	11630.365422588948	11012.404721664445	17632.19810816554	16530.83777584088	7208.418205005057	13339.861848377237	11388.712207781675	9185.401671097256	53692.015255275095	57766.91079170217	11701.332564555003	11533.04961056744	8474.431751473177	1038705.6364201006	13370.394276741008	13129.02057129534	15738.751503877727	16811.467018213134	48224.64928851992	16304.606903494945	10461.261619470706	10344.691076922305	7675.678482719445	12252.60564552997	8909.116271873343	104283.9378528895	9195.370621999953
2025-07-23	11584.058946653331	19365.866931338318	22548.994706626814	13789.731328450247	20032.700778860155	141095.38848668386	4321.965231929456	10829.110790672674	31972.43832730754	11651.237541794806	17990.091470756	42906.731071580536	44601.53585129146	112422.19884016039	9584.135205317922	11961.617470416179	25701.785907000114	13738.093945216442	11190.781165834851	36216.46615129523	22521.537359639155	13827.632005491387	9758.151678408061	4137.6381030877055	3775.6472998734985	13922.315211859035	24547.480114734353	31831.254490897016	8379.201902851186	14784.911488865295	8403.385950269592	116957.06291689628	15317.710894291602	7195.1311996125205	19499.61784191421	15426.285537646629	13258.072688092656	12492.511332467322	56009.2725409812	7417.82017016702	26263.27180142848	12328.842578784766	15064.308581404737	11972.651867900404	11537.483840866187	26761.775779688596	3825.1589173575985	12602.02466700829	86867.8879817811	11545.004683121724	56252.26907213009	21472.16092860305	8512.578844657017	8239.180928341928	19510.774766290495	21083.032455438046	24094.60701449859	76770.40658768744	27074.618154251104	11488.943929568024	6526.813640723708	11748.920456641215	5836.395321343158	6974.664883183703	11738.320320749386	6916.573294040061	21237.069038772577	11670.870526232957	7913.6087449274155	15015.70775915153	6720.568377342612	7357.707878221756	23576.936711928945	31165.969151179073	115688.65062486826	14619.735123236936	95524.10473700249	116344.05227230133	15032.175676007544	10574.667138696437	30469.922538112438	14812.469447607346	18346.413943944157	50509.451180726224	10508.201391869194	11689.682711294474	11065.702360832223	17675.59905408277	16627.418887920438	7218.709102502528	13315.930924188619	11356.856103890837	9189.700835548629	53697.00762763755	57596.95539585108	11668.166282277502	11535.52480528372	8479.715875736589	1038783.3182100502	13377.197138370504	13296.01028564767	15697.875751938864	16804.23350910657	48178.82464425996	16277.803451747473	10430.630809735354	10319.345538461152	7668.839241359723	12222.302822764985	8903.558135936672	104294.46892644475	9187.685310999976
2025-07-24	11622.029473326666	19433.433465669157	22611.997353313407	13586.865664225123	19944.350389430077	140611.19424334192	4315.982615964728	10912.055395336338	31759.71916365377	11614.618770897403	17994.045735378	43015.86553579027	44744.267925645734	112411.5994200802	9419.56760265896	12024.80873520809	25873.392953500057	13881.546972608221	11285.390582917425	36380.733075647615	22701.26867981958	13848.816002745694	9856.57583920403	4100.819051543853	3740.3236499367495	13908.657605929518	24394.240057367177	31820.127245448508	8382.600951425593	14832.455744432647	8294.192975134796	116934.53145844814	15521.855447145801	7221.06559980626	19717.308920957104	15413.142768823314	13345.536344046328	12490.255666233661	55954.6362704906	7421.410085083509	26323.13590071424	12247.421289392383	15342.154290702369	12181.325933950202	11464.241920433094	26830.3878898443	3827.0794586787993	12537.512333504146	86509.94399089055	11606.502341560863	56261.134536065045	21430.080464301525	8538.289422328507	8280.090464170964	19474.887383145247	21010.516227719025	24607.303507249293	76704.70329384372	26957.809077125552	11538.471964784012	6634.9068203618535	11666.960228320608	5827.197660671579	6942.832441591851	11704.660160374693	6898.286647020031	21068.53451938629	11655.935263116478	7931.804372463708	14988.853879575765	6683.784188671306	7433.853939110878	23544.468355964473	31024.484575589537	115623.32531243413	14622.367561618468	95575.55236850124	116356.52613615067	14973.087838003772	10553.333569348219	30388.96126905622	14871.234723803673	18393.70697197208	50719.725590363116	10545.600695934598	11646.341355647237	11124.351180416112	17672.299527041385	16626.20944396022	7232.854551251265	13234.96546209431	11287.428051945419	9191.850417774314	53704.003813818774	57254.97769792554	11599.083141138752	11513.26240264186	8449.857937868295	1038925.6591050251	13360.598569185251	13209.505142823835	15624.937875969432	16808.116754553284	47942.41232212998	16333.901725873737	10358.815404867677	10262.172769230576	7626.9196206798615	12187.151411382492	8865.279067968335	104307.23446322238	9178.842655499988
2025-07-25	11670.514736663332	19432.71673283458	22536.9986766567	13556.432832112561	19845.67519471504	141014.59712167096	4292.991307982364	11045.527697668169	31623.359581826884	11581.309385448702	17958.522867689	42837.93276789514	44952.63396282287	112384.2997100401	9414.78380132948	12016.404367604046	25909.19647675003	13938.273486304111	11287.695291458713	36500.36653782381	22808.13433990979	13946.908001372847	9920.787919602015	4067.4095257719264	3712.6618249683747	13836.82880296476	24557.12002868359	31987.063622724254	8396.800475712796	14923.727872216325	8252.096487567398	116920.76572922408	15571.4277235729	7259.532799903131	19913.654460478552	15426.571384411658	13331.768172023163	12510.12783311683	55994.818135245296	7430.705042541755	26360.56795035712	12253.710644696192	15468.577145351184	12300.662966975102	11467.120960216547	27077.19394492215	3828.0397293394	12547.256166752073	86790.97199544527	11620.751170780431	56265.56726803252	21512.540232150764	8516.644711164254	8335.045232085482	19551.943691572626	21073.258113859512	24926.151753624647	76650.35164692186	26976.404538562776	11508.735982392005	6701.453410180927	11613.480114160304	5832.59883033579	6987.916220795925	11732.330080187347	6886.643323510016	20996.767259693144	11640.96763155824	8025.902186231854	14952.926939787882	6665.392094335653	7461.926969555439	23682.734177982238	31073.74228779477	115578.16265621706	14658.183780809235	95571.77618425063	116340.26306807534	14956.543919001886	10572.16678467411	30474.48063452811	14910.117361901837	18424.853485986037	51299.86279518156	10561.800347967299	11634.170677823618	11183.175590208055	17707.64976352069	16541.10472198011	7239.927275625632	13159.482731047156	11294.21402597271	9182.925208887158	53710.00190690938	57298.48884896277	11609.541570569376	11535.13120132093	8461.428968934148	1039032.3295525126	13369.799284592626	13198.252571411918	15608.468937984715	16856.55837727664	48069.20616106499	16453.95086293687	10369.407702433838	10273.086384615288	7641.959810339931	12232.075705691246	8879.139533984167	104321.11723161119	9185.921327749995
2025-07-28	11375.757368331666	19481.85836641729	22535.99933832835	13274.21641605628	19741.33759735752	141888.79856083548	4271.495653991182	11112.263848834085	31732.17979091344	11511.15469272435	17975.7614338445	42451.46638394757	44777.81698141144	112491.64985502005	9392.391900664741	12012.202183802023	26052.098238375016	13956.636743152056	11261.347645729356	36832.683268911904	22956.067169954895	14050.954000686423	9992.893959801007	4010.704762885963	3636.330912484187	13813.41440148238	24842.560014341794	32136.031811362125	8448.400237856398	14874.363936108162	8169.048243783699	117019.88286461204	15573.713861786451	7276.766399951565	20056.827230239276	15473.285692205829	13389.884086011582	12542.563916558414	56172.40906762265	7435.352521270877	26480.783975178558	12271.855322348096	15611.788572675592	12422.831483487551	11483.560480108274	27257.096972461077	3824.0198646697	12557.128083376036	87087.98599772263	11645.875585390215	56272.78363401626	21652.770116075382	8510.822355582128	8484.522616042741	19673.971845786313	21203.129056929756	25358.075876812323	76769.67582346093	27079.702269281388	11543.367991196003	6707.226705090463	11694.240057080151	5803.299415167895	7007.958110397963	11781.665040093674	6853.321661755008	20913.383629846572	11695.48381577912	8120.4510931159275	14964.96346989394	6715.196047167827	7475.96348477772	23856.86708899112	31312.871143897384	115637.08132810853	14714.591890404618	95637.88809212531	116382.13153403768	14810.771959500944	10611.083392337056	30534.740317264055	14985.558680950919	18509.92674299302	52242.43139759078	10587.40017398365	11672.08533891181	11274.087795104027	17845.824881760345	16617.552360990056	7250.963637812816	13114.741365523578	11309.607012986355	9184.462604443579	53715.50095345469	57390.24442448138	11629.770785284687	11580.065600660466	8485.714484467073	1039122.1647762563	13391.899642296314	13260.62628570596	15725.234468992358	16875.77918863832	48199.1030805325	16637.975431468432	10389.70385121692	10291.043192307643	7666.479905169966	12321.037852845624	8898.069766992085	104330.5586158056	9211.960663874997
2025-07-29	11310.378684165833	19435.929183208646	22526.499669164175	13196.608208028141	19629.66879867876	142735.89928041774	4333.247826995591	11251.631924417043	31818.08989545672	11520.077346362175	17951.88071692225	42465.733191973784	45011.90849070572	112550.32492751002	9378.69595033237	11921.601091901011	25966.049119187508	13885.818371576028	11260.67382286468	37008.84163445595	22918.53358497745	14075.477000343211	10113.946979900504	4047.352381442982	3598.1654562420936	13776.70720074119	24935.7800071709	32262.515905681063	8486.700118928198	14952.181968054081	8187.024121891849	117037.44143230602	15540.356930893226	7252.883199975782	20208.413615119636	15551.642846102914	13366.44204300579	12611.281958279207	56461.204533811324	7430.176260635439	26518.89198758928	12318.427661174048	15575.894286337796	12396.415741743775	11526.280240054137	27396.54848623054	3829.00993233485	12606.564041688018	87436.99299886131	11549.437792695107	56276.39181700813	21760.38505803769	8493.411177791064	8807.26130802137	19773.985922893156	21335.064528464878	25691.53793840616	76845.83791173046	27398.351134640696	11536.183995598001	6667.6133525452315	11767.120028540076	5808.149707583947	7027.979055198981	11799.332520046837	6841.660830877504	20891.691814923288	11760.24190788956	8245.225546557964	15005.98173494697	6775.098023583913	7527.98174238886	24031.433544495558	31417.935571948692	115666.54066405426	14738.29594520231	95676.94404606265	116428.06576701884	14823.885979750472	10638.041696168528	30738.870158632028	14996.77934047546	18545.46337149651	53396.21569879539	10575.700086991825	11666.542669455905	11290.543897552014	17892.912440880173	16732.776180495028	7246.981818906408	13082.87068276179	11355.803506493177	9187.73130222179	53720.75047672735	57653.62221224069	11679.885392642344	11607.032800330233	8507.857242233536	1039204.0823881282	13415.449821148157	13238.31314285298	15856.117234496178	16853.88959431916	48341.05154026625	16724.987715734216	10431.35192560846	10331.021596153822	7699.239952584983	12414.518926422812	8932.534883496042	104337.77930790279	9255.980331937499
2025-07-30	11319.189342082916	19662.464591604323	22416.249834582086	13130.80410401407	19581.33439933938	142659.94964020886	4356.623913497795	11289.815962208522	32244.044947728362	11554.538673181087	18109.440358461125	42232.866595986896	44919.454245352856	112712.66246375501	9359.347975166185	11972.300545950506	25763.024559593752	13820.409185788014	11225.33691143234	36799.420817227976	22854.766792488725	14132.738500171607	10159.473489950251	4058.176190721491	3569.082728121047	13750.853600370596	24515.89000358545	32185.757952840533	8456.3500594641	15261.09098402704	8198.512060945925	117132.22071615301	15418.678465446614	7242.941599987891	20184.206807559818	15633.321423051457	13317.221021502895	12638.640979139604	56833.10226690566	7482.588130317719	26515.445993794638	12334.213830587025	15687.947143168898	12478.207870871887	11542.640120027068	27268.27424311527	3838.0049661674248	12596.78202084401	87791.49649943065	11600.218896347553	56280.695908504065	21722.192529018845	8402.705588895533	8864.630654010685	19738.49296144658	21321.53226423244	25620.76896920308	77110.91895586523	27527.675567320348	11406.091997799002	6592.806676272616	11851.060014270039	5788.5748537919735	6971.98952759949	11782.16626002342	6843.3304154387515	20845.845907461644	11680.620953944781	8255.112773278983	15003.990867473485	6698.549011791956	7378.99087119443	23963.71677224778	31200.467785974346	115782.77033202714	14718.647972601155	95897.47202303133	116478.03288350941	14859.942989875235	10617.020848084263	30766.435079316012	14982.88967023773	18545.731685748255	53545.6078493977	10547.850043495913	11688.771334727953	11224.771948776008	17812.956220440086	16708.388090247514	7290.990909453204	13061.935341380895	11362.401753246588	9186.865651110895	53723.375238363675	57627.811106120345	11677.442696321172	11584.516400165117	8485.928621116767	1039281.0411940641	13417.224910574078	13258.65657142649	15894.058617248089	16743.94479715958	48661.52577013313	16490.493857867106	10447.675962804231	10326.51079807691	7726.119976292492	12409.759463211405	8988.267441748021	104346.3896539514	9310.99016596875
2025-07-31	11243.594671041457	19332.73229580216	22246.624917291043	13078.902052007035	19482.16719966969	143723.47482010443	4358.3119567488975	11479.407981104261	32445.02247386418	11556.769336590543	17842.220179230564	42053.93329799345	44958.22712267643	112846.8312318775	9392.173987583094	11961.650272975254	25926.512279796876	13725.204592894006	11192.66845571617	36677.21040861399	22919.88339624436	14073.869250085803	10179.736744975125	4093.5880953607457	3592.0413640605234	13762.926800185298	24303.445001792723	32299.878976420267	8408.67502973205	15498.04549201352	8248.256030472963	117202.1103580765	15285.339232723307	7192.470799993946	20217.10340377991	15671.660711525728	13215.610510751449	12549.820489569802	56971.55113345283	7511.29406515886	26687.22299689732	12354.606915293512	15521.473571584449	12381.603935435944	11570.320060013535	27370.137121557636	3840.5024830837124	12618.891010422005	88102.74824971533	11588.609448173776	56287.847954252036	21812.596264509422	8330.352794447766	8880.815327005343	19816.24648072329	21480.26613211622	25515.38448460154	77342.45947793261	27755.337783660172	11321.0459988995	6463.403338136308	11975.53000713502	5707.287426895987	6958.994763799745	11702.58313001171	6801.665207719376	20800.42295373082	11595.81047697239	8217.556386639491	14960.495433736742	6677.774505895978	7239.495435597215	24179.358386123888	31521.233892987173	115801.38516601357	14747.823986300577	95956.73601151566	116520.5164417547	14880.471494937618	10542.510424042131	31098.217539658006	15022.444835118866	18654.865842874126	54692.80392469885	10464.925021747957	11716.885667363977	11253.385974388004	17878.978110220043	16701.194045123757	7317.4954547266025	13009.467670690447	11371.700876623294	9180.432825555446	53729.68761918184	57699.905553060176	11691.221348160587	11506.258200082559	8423.464310558384	1039423.020597032	13455.112455287039	13354.328285713245	16009.029308624045	16926.97239857979	48861.762885066564	16432.746928933553	10457.837981402115	10331.255399038455	7748.559988146246	12530.879731605703	9030.633720874011	104360.6948269757	9335.995082984375
2025-08-01	10959.297335520729	18899.36614790108	22202.812458645523	12638.951026003517	19400.583599834845	143360.2374100522	4269.155978374449	11460.20399055213	31839.011236932092	11357.884668295272	17511.610089615282	41009.46664899672	43962.113561338214	112693.91561593875	9208.586993791547	11844.325136487627	25810.75613989844	13602.602296447003	11123.834227858086	36681.105204306994	22803.44169812218	14136.9346250429	9987.368372487563	4013.794047680373	3576.020682030262	13443.963400092649	24227.22250089636	32218.939488210133	8426.837514866025	15526.52274600676	8160.128015236482	117084.05517903826	15221.169616361654	7147.735399996973	20136.051701889955	15378.330355762864	13089.805255375724	12485.4102447849	55855.775566726414	7495.64703257943	26473.11149844866	12414.303457646756	15095.736785792225	12065.801967717973	11621.160030006768	27191.56856077882	3814.251241541856	12674.945505211002	88468.87412485766	11428.304724086887	56296.42397712602	21783.298132254713	8321.176397223884	8809.407663502672	19791.123240361645	21421.633066058108	24932.69224230077	77059.2297389663	27513.668891830086	11209.52299944975	6376.201669068154	11757.76500356751	5743.143713447993	6888.497381899872	11644.291565005855	6858.332603859688	20845.21147686541	11491.405238486195	8188.778193319746	14739.24771686837	6579.887252947989	7177.2477177986075	24232.679193061944	31576.61694649359	115672.19258300678	14713.911993150288	95827.86800575783	116479.75822087735	14538.235747468809	10497.755212021066	30814.108769829003	14921.222417559433	18505.432921437063	54526.401962349424	10354.962510873978	11676.942833681987	11119.692987194001	17793.98905511002	16596.09702256188	7300.247727363301	13027.733835345223	11433.350438311647	9177.216412777723	53737.84380959092	58023.45277653009	11758.110674080293	11449.629100041278	8392.232155279191	1039531.010298516	13454.55622764352	13429.664142856622	15978.014654312023	16963.986199289895	49049.88144253328	16163.373464466777	10492.418990701059	10386.127699519227	7784.779994073123	12577.439865802851	9053.816860437006	104372.84741348785	9166.497541492186
2025-08-04	10910.648667760364	18799.68307395054	22078.40622932276	12562.975513001758	19548.791799917424	141571.6187050261	4239.577989187224	11450.601995276065	31693.005618466046	11319.942334147636	17441.30504480764	40874.73332449836	43880.55678066911	112919.45780796937	9179.293496895774	11746.662568243813	25735.37806994922	13508.801148223502	11074.417113929043	36430.5526021535	22757.22084906109	13950.96731252145	9941.184186243781	3996.397023840186	3598.010341015131	13386.981700046324	24274.11125044818	31879.469744105067	8368.918757433014	15368.26137300338	8180.064007618241	117217.02758951913	15076.584808180827	7134.867699998486	19958.025850944978	15321.665177881432	12939.902627687861	12448.20512239245	55632.88778336321	7527.8235162897145	26217.05574922433	12434.151728823377	14930.368392896113	11960.400983858986	11634.580015003383	26906.78428038941	3819.125620770928	12662.972752605501	88407.93706242883	11369.652362043444	56300.71198856301	21540.649066127356	8289.588198611942	8694.203831751336	19577.561620180823	21151.816533029054	25076.346121150385	77316.61486948315	27201.334445915043	11071.761499724875	6307.600834534077	11671.382501783755	5694.5718567239965	6851.248690949937	11551.645782502928	6924.166301929844	20932.605738432707	11329.702619243097	8179.389096659873	14526.123858434185	6475.943626473994	7113.623858899304	23877.339596530972	31157.308473246794	115899.09629150339	14615.455996575143	96047.43400287892	116601.37911043868	14485.117873734405	10407.377606010534	30409.054384914503	14801.111208779716	18326.216460718533	54473.20098117471	10302.48125543699	11637.471416840994	11025.846493597	17526.494527555013	16327.04851128094	7329.623863681651	12962.36691767261	11411.675219155823	9177.10820638886	53741.92190479546	57852.726388265044	11729.055337040147	11360.81455002064	8347.616077639595	1039621.5051492581	13399.27811382176	13449.83207142831	15772.50732715601	16862.993099644948	49133.94072126664	15924.68673223339	10480.20949535053	10332.563849759614	7771.389997036562	12460.719932901426	9065.408430218504	104378.92370674392	9143.248770746093
2025-08-05	11036.824333880182	18783.84153697527	22116.20311466138	12627.98775650088	19672.395899958712	141998.30935251305	4269.788994593612	11584.800997638033	32028.002809233025	11387.971167073818	17398.65252240382	41207.36666224918	44273.778390334555	113092.72890398468	9139.646748447887	11741.331284121907	25857.68903497461	13554.40057411175	11079.70855696452	36580.27630107675	22963.110424530547	13922.983656260725	10048.09209312189	4040.198511920093	3624.0051705075657	13503.490850023161	24915.55562522409	31926.734872052533	8369.959378716507	15156.63068650169	8226.53200380912	117325.51379475956	15101.792404090414	7130.933849999243	20046.51292547249	15398.332588940717	13004.45131384393	12506.102561196225	55906.4438916816	7576.411758144857	26305.027874612166	12476.575864411689	15265.184196448055	12230.200491929492	11673.290007501691	26939.892140194705	3838.062810385464	12661.98637630275	88803.96853121441	11385.326181021723	56302.855994281505	21587.82453306368	8320.794099305971	8783.101915875668	19620.28081009041	21214.908266514525	25583.173060575195	77533.30743474158	27359.16722295752	11094.880749862437	6347.800417267039	11700.691250891878	5684.785928361998	6856.624345474968	11559.322891251464	6904.5831509649215	21036.302869216353	11348.351309621548	8204.694548329937	14537.061929217092	6426.471813236997	7129.311929449652	23966.669798265488	31374.6542366234	116092.0481457517	14649.727998287572	96343.71700143945	116668.68955521935	14549.558936867203	10417.688803005267	30636.02719245725	14838.055604389858	18386.108230359267	54861.600490587356	10310.740627718495	11646.735708420496	11060.4232467985	17444.247263777506	16311.52425564047	7382.811931840825	12907.183458836305	11409.337609577911	9186.05410319443	53746.46095239773	57862.36319413252	11727.027668520073	11364.907275010319	8347.808038819798	1039703.252574629	13436.13905691088	13567.916035714155	15839.753663578005	16971.496549822474	49438.97036063332	15914.343366116695	10508.104747675265	10359.281924879808	7799.694998518281	12515.859966450713	9134.704215109252	104384.46185337196	9178.124385373047
2025-08-06	11131.912166940092	18768.920768487635	22177.10155733069	12743.99387825044	19766.697949979356	141739.15467625653	4352.394497296806	11634.400498819017	32028.501404616512	11485.985583536909	17464.32626120191	41341.18333112459	44694.88919516728	113150.36445199234	9154.823374223943	11786.165642060954	25913.844517487305	13569.700287055875	11114.85427848226	36607.638150538376	22854.555212265273	13911.491828130362	10064.046046560945	4122.099255960046	3672.002585253783	13611.74542501158	25331.277812612047	31937.867436026267	8352.979689358253	14970.815343250844	8338.76600190456	117367.25689737979	15189.396202045207	7131.466924999621	20108.256462736244	15429.166294470358	13101.725656921964	12560.051280598112	56003.2219458408	7600.705879072429	26247.51393730608	12492.787932205843	15517.592098224028	12412.600245964746	11685.145003750846	26968.94607009735	3850.031405192732	12661.493188151375	89011.4842656072	11416.663090510861	56308.92799714075	21588.91226653184	8341.397049652986	8830.050957937834	19624.640405045204	21180.454133257263	25931.586530287597	77504.65371737079	27208.58361147876	11120.940374931219	6395.4002086335195	11672.845625445938	5682.392964180999	6893.812172737484	11593.161445625732	6914.791575482461	21120.651434608175	11357.675654810773	8237.347274164968	14387.530964608546	6374.235906618498	7114.655964724826	23943.834899132744	31338.8271183117	116163.52407287585	14666.863999143785	96409.85850071973	116697.84477760967	14641.2794684336	10447.844401502633	30394.513596228626	14831.527802194929	18351.054115179635	54630.80024529368	10337.370313859246	11639.367854210248	11065.71162339925	17425.623631888753	16361.262127820235	7405.405965920412	12877.091729418153	11417.168804788955	9194.527051597215	53751.23047619886	57892.18159706626	11731.013834260037	11403.95363750516	8375.9040194099	1039780.1262873146	13454.56952845544	13633.958017857078	15805.876831789003	16948.74827491124	49591.48518031666	15832.171683058346	10519.552373837632	10377.640962439904	7816.34749925914	12518.929983225356	9169.352107554627	104394.73092668598	9202.562192686524
2025-08-07	11224.956083470046	18863.960384243815	22205.050778665347	12776.99693912522	19860.848974989676	142089.57733812826	4376.197248648403	11644.200249409509	32148.750702308258	11504.992791768454	17556.663130600955	41003.09166556229	44952.94459758364	113201.18222599616	9377.411687111971	11746.582821030477	25754.422258743652	13614.850143527938	11184.92713924113	36421.31907526919	22658.777606132637	13795.74591406518	10074.523023280472	4230.549627980023	3713.5012926268914	13660.87271250579	25496.638906306023	31970.933718013133	8341.989844679127	14795.407671625422	8431.883000952279	117381.1284486899	15238.198101022605	7141.233462499811	20081.628231368122	15509.583147235178	13092.862828460982	12562.025640299056	56304.1109729204	7600.352939536215	26384.75696865304	12463.393966102922	15588.796049112014	12463.800122982373	11661.572501875424	26748.473035048675	3860.0157025963663	12629.246594075688	88809.7421328036	11388.83154525543	56316.963998570376	21591.95613326592	8346.698524826494	8675.025478968917	19624.320202522602	21231.72706662863	25958.2932651438	77527.8268586854	27190.79180573938	11091.97018746561	6384.20010431676	11726.422812722969	5676.1964820905	6870.406086368742	11558.080722812865	6882.39578774123	21145.325717304087	11391.837827405387	8243.673637082484	14402.765482304272	6323.117953309249	7107.3279823624125	23962.417449566372	31485.41355915585	116189.26203643793	14670.931999571892	96478.92925035986	116748.92238880484	14675.6397342168	10415.422200751316	30440.256798114315	14870.763901097464	18446.027057589818	54360.40012264684	10350.685156929623	11694.683927105125	10947.355811699625	17431.311815944377	16460.631063910118	7406.702982960206	12788.045864709076	11390.584402394477	9196.763525798608	53758.61523809943	57719.59079853313	11700.506917130018	11373.97681875258	8359.95200970495	1039923.0631436573	13441.78476422772	13559.479008928538	15831.438415894501	16907.87413745562	49397.242590158334	15806.085841529173	10491.776186918816	10354.320481219951	7806.67374962957	12585.464991612678	9139.676053777313	104407.36546334298	9234.781096343262
2025-08-08	11261.978041735023	18923.480192121908	22141.025389332674	12761.99846956261	20034.924487494838	142866.28866906412	4378.098624324201	11614.600124704753	32193.87535115413	11554.496395884227	17625.331565300476	40924.04583278115	44824.97229879182	113231.09111299808	9446.205843555985	11765.291410515238	25627.211129371826	13694.92507176397	11219.963569620566	36453.159537634594	22620.38880306632	13750.37295703259	9932.261511640236	4294.774813990011	3764.250646313446	13700.436356252896	25631.81945315301	32097.966859006567	8336.494922339563	14545.20383581271	8537.44150047614	117420.06422434494	15262.599050511302	7187.116731249906	20060.81411568406	15534.79157361759	13083.43141423049	12575.512820149528	56382.0554864602	7597.676469768107	26475.87848432652	12481.19698305146	15546.898024556007	12414.400061491186	11684.286250937712	26717.23651752434	3873.007851298183	12645.123297037844	88992.3710664018	11384.915772627715	56323.481999285184	21630.97806663296	8304.849262413247	8590.012739484459	19663.660101261303	21344.363533314317	25864.1466325719	77629.4134293427	27346.39590286969	11178.985093732805	6486.10005215838	11778.211406361484	5707.59824104525	6900.7030431843705	11583.540361406433	6856.197893870615	21322.662858652046	11461.418913702693	8206.836818541242	14235.882741152136	6347.5589766546245	7163.663991181206	24031.708724783188	31728.706779577926	116227.13101821896	14711.965999785945	96523.46462517993	116771.96119440242	14680.8198671084	10436.711100375658	30669.128399057157	14877.881950548732	18516.01352879491	52917.70006132342	10349.842578464812	11778.341963552562	10858.677905849812	17369.65590797219	16552.315531955057	7402.3514914801035	12783.022932354539	11401.292201197239	9195.881762899304	53766.807619049716	57810.795399266564	11717.75345856501	11398.48840937629	8369.476004852475	1040030.5315718286	13454.89238211386	13570.739504464269	15876.719207947252	16879.93706872781	49464.12129507917	15783.042920764587	10518.888093459409	10375.160240609976	7819.836874814785	12672.23249580634	9141.838026888658	104421.18273167149	9242.390548171632
2025-08-11	11249.489020867511	18934.240096060952	22099.012694666337	12621.999234781306	19927.962243747417	143766.64433453206	4359.0493121621	11592.300062352377	32431.937675577065	11487.748197942114	17617.665782650238	40849.522916390575	44745.98614939591	113227.04555649904	9450.602921777992	11712.145705257619	25566.105564685913	13807.462535881985	11264.981784810283	36331.5797688173	22631.19440153316	13737.686478516294	9898.630755820119	4196.887406995005	3767.125323156723	13787.718178126448	25886.409726576505	32226.483429503285	8356.247461169782	14405.101917906355	8521.22075023807	117446.53211217247	15277.29952525565	7208.058365624953	20080.40705784203	15544.895786808795	13096.215707115245	12589.756410074764	56421.0277432301	7591.338234884053	26625.43924216326	12477.59849152573	15770.949012278004	12627.200030745593	11683.143125468856	26716.61825876217	3871.503925649092	12653.061648518922	88994.6855332009	11331.457886313858	56326.74099964259	21726.98903331648	8283.924631206624	8564.50636974223	19746.33005063065	21481.68176665716	25957.07331628595	77718.20671467135	27504.197951434846	11356.492546866402	6694.5500260791905	11901.605703180743	5733.299120522624	6944.851521592185	11617.270180703217	6813.098946935308	21278.831429326023	11575.709456851346	8198.41840927062	14014.941370576067	6362.279488327313	7256.831995590603	24103.854362391594	31972.853389788965	116179.06550910948	14759.482999892973	96420.23231258997	116765.98059720121	14672.4099335542	10469.355550187829	30816.064199528577	14935.440975274367	18632.506764397454	51408.850030661706	10379.421289232407	11861.670981776282	10848.838952924907	17413.327953986096	16568.65776597753	7397.675745740052	12795.51146617727	11409.14610059862	9199.440881449653	53770.903809524854	57846.39769963328	11723.876729282505	11432.244204688144	8377.738002426238	1040120.7657859144	13486.44619105693	13542.869752232134	15960.859603973626	16887.968534363907	49451.56064753958	15838.521460382293	10529.944046729704	10375.580120304989	7828.418437407392	12785.61624790317	9140.919013444329	104428.09136583575	9253.195274085816
2025-08-12	11271.744510433757	18988.120048030476	22102.50634733317	12674.499617390653	19774.98112187371	144104.82216726604	4324.52465608105	11430.150031176188	32476.468837788532	11404.874098971057	17620.832891325117	40702.26145819529	44554.49307469795	113118.52277824952	9457.801460888997	11683.07285262881	25515.55278234296	13803.731267940992	11259.990892405141	36350.789884408645	22609.09720076658	13668.843239258147	9829.31537791006	4067.9437034975026	3773.5626615783613	13771.359089063224	26023.70486328825	32278.241714751643	8480.623730584892	14445.050958953178	8414.610375119035	117391.26605608623	15277.149762627825	7216.529182812476	20030.203528921014	15517.447893404398	13090.107853557623	12637.378205037381	56350.513871615054	7575.669117442027	26660.71962108163	12478.299245762864	15832.974506139002	12683.600015372796	11680.071562734429	26602.809129381087	3872.751962824546	12664.530824259462	89013.34276660046	11271.72894315693	56328.37049982129	21764.99451665824	8251.462315603312	8522.253184871115	19781.165025315328	21528.34088332858	25786.036658142977	77511.60335733567	27553.098975717425	11435.2462734332	6861.275013039595	11935.802851590372	5758.649560261312	6910.925760796093	11620.135090351609	6809.049473467654	21156.91571466301	11625.354728425673	8299.20920463531	13809.970685288034	6389.639744163656	7300.915997795301	24129.927181195795	32089.926694894482	116078.53275455473	14763.241499946485	96381.11615629499	116750.9902986006	14621.704966777099	10473.677775093915	30882.03209976429	14952.220487637183	18656.253382198727	50159.42501533085	10366.710644616203	11881.835490888141	10853.419476462454	17457.163976993048	16613.828882988764	7385.337872870026	12826.255733088634	11415.57305029931	9199.220440724826	53775.45190476243	57886.69884981664	11734.438364641253	11432.622102344072	8379.86900121312	1040201.3828929572	13484.723095528465	13545.434876116067	15943.929801986813	16886.984267181953	49415.780323769795	15878.760730191147	10537.972023364851	10392.290060152494	7832.709218703696	12852.308123951585	9135.459506722163	104434.04568291787	9245.597637042909
2025-08-13	11275.372255216878	19120.560024015238	22294.753173666584	12715.749808695327	19735.990560936854	144741.41108363302	4282.262328040525	11460.575015588094	32874.734418894266	11393.437049485528	17689.91644566256	41126.13072909764	44446.246537348976	113023.26138912476	9421.400730444499	11711.536426314404	25680.27639117148	13834.365633970496	11277.49544620257	36422.89494220432	22737.548600383292	13616.921619629073	9839.65768895503	3975.9718517487513	3784.2813307891806	13883.179544531613	25902.852431644125	32388.12085737582	8599.811865292446	14337.52547947659	8277.305187559517	117299.63302804311	15436.574881313913	7211.764591406238	20125.10176446051	15591.2239467022	13279.053926778812	12673.68910251869	56612.75693580753	7557.834558721013	26849.359810540816	12451.149622881432	15921.487253069501	12774.300007686397	11654.035781367214	26723.404564690543	3873.375981412273	12640.265412129731	88823.17138330023	11255.364471578465	56339.185249910646	21818.99725832912	8333.731157801656	8637.626592435558	19832.582512657664	21626.17044166429	25720.51832907149	77276.30167866783	27873.049487858712	11581.1231367166	6912.137506519797	12102.901425795186	5766.324780130656	6898.962880398047	11643.567545175803	6762.024736733827	21075.957857331505	11797.177364212836	8334.604602317655	13936.985342644017	6490.819872081828	7327.957998897651	24210.463590597898	32255.963347447243	115946.76637727737	14792.120749973243	96426.5580781475	116767.9951493003	14631.35248338855	10500.338887546957	31183.516049882142	15027.110243818592	18785.126691099365	49979.71250766543	10411.855322308102	11869.41774544407	10860.709738231228	17528.081988496524	16663.91444149438	7372.168936435013	12822.127866544317	11392.286525149655	9208.610220362414	53785.22595238121	57761.849424908316	11712.219182320627	11454.311051172037	8389.43450060656	1040380.1914464786	13483.861547764232	13500.217438058033	16051.464900993407	17024.992133590975	49214.8901618849	15911.380365095574	10507.986011682426	10381.645030076248	7826.854609351848	12880.654061975793	9101.729753361082	104452.02284145894	9279.298818521454
2025-08-14	11296.686127608438	19008.78001200762	22461.376586833292	12726.374904347664	19726.49528046843	144960.2055418165	4296.131164020262	11463.287507794048	33048.86720944713	11357.718524742764	17681.95822283128	41345.56536454882	44392.12326867449	113082.13069456238	9403.200365222248	11759.268213157202	26057.63819558574	13912.182816985249	11308.747723101285	36376.44747110216	22993.274300191646	13675.960809814536	9892.328844477515	3959.9859258743754	3764.6406653945905	13954.089772265806	26220.926215822063	32472.56042868791	8724.405932646223	14288.762739738295	8191.152593779759	117329.81651402156	15508.787440656957	7243.882295703119	20212.550882230255	15625.6119733511	13468.026963389406	12763.344551259346	56713.87846790376	7578.917279360507	26923.67990527041	12460.074811440716	16110.74362653475	12919.650003843199	11663.017890683608	26893.20228234527	3860.1879907061366	12623.632706064865	89051.0856916501	11290.682235789232	56349.59262495532	21873.498629164562	8382.365578900828	8789.813296217779	19879.791256328834	21660.085220832145	25732.759164535746	77222.15083933392	28040.524743929356	11634.0615683583	6922.568753259899	12223.450712897593	5777.6623900653285	6931.981440199023	11728.783772587902	6743.5123683669135	21070.478928665754	11870.588682106418	8441.802301158827	14094.992671322008	6610.4099360409145	7363.978999448826	24180.731795298947	32283.98167372362	116019.38318863869	14833.56037498662	96571.27903907375	116816.49757465016	14632.176241694275	10567.669443773479	31464.75802494107	15071.555121909296	18827.063345549683	50089.85625383271	10492.927661154052	11843.708872722036	10938.354869115614	17553.540994248262	16797.95722074719	7387.584468217507	12839.563933272158	11382.643262574828	9223.305110181207	53792.612976190605	57706.92471245416	11698.609591160313	11539.655525586018	8431.21725030328	1040506.0957232392	13483.430773882115	13482.608719029016	16035.732450496704	17128.996066795487	49278.445080942445	15922.690182547787	10515.493005841214	10393.322515038124	7827.4273046759245	12858.327030987897	9108.364876680542	104468.51142072947	9300.649409260728
2025-08-18	11154.84306380422	18824.89000600381	22500.688293416646	12580.187452173832	19686.747640234214	144923.60277090827	4283.065582010131	11410.643753897024	32708.433604723567	11349.859262371381	17573.47911141564	41157.78268227441	44033.561634337246	112915.5653472812	9399.100182611124	11743.1341065786	26438.819097792868	14036.091408492624	11346.873861550643	36213.22373555108	23292.637150095823	13680.480404907268	9871.164422238759	3946.9929629371877	3742.3203326972953	13812.044886132902	26419.963107911033	32533.780214343955	8746.702966323111	14261.881369869148	8124.07629688988	117206.90825701077	15562.393720328479	7240.941147851559	20253.775441115125	15522.80598667555	13463.013481694703	12852.172275629673	56336.93923395188	7536.958639680253	26896.339952635204	12444.537405720359	15972.871813267375	12799.8250019216	11653.008945341804	26938.101141172636	3856.0939953530683	12632.316353032433	88929.54284582505	11305.841117894615	56357.29631247766	21907.74931458228	8431.682789450413	8935.406648108888	19908.395628164417	21654.542610416072	25496.379582267873	76946.57541966696	27937.26237196468	11710.030784179151	6962.784376629949	12079.225356448796	5864.331195032664	7029.490720099511	11756.89188629395	6749.256184183457	21050.239464332877	11867.79434105321	8595.401150579413	14096.996335661004	6692.704968020457	7494.489499724413	24128.365897649473	32197.990836861813	115885.19159431935	14851.78018749331	96484.63951953687	116759.74878732508	14550.088120847136	10603.834721886738	31251.379012470534	15091.777560954648	18813.031672774843	50299.928126916355	10508.963830577026	11838.354436361018	11130.177434557807	17568.770497124133	16887.478610373597	7349.292234108753	12964.78196663608	11384.321631287414	9215.652555090604	53798.8064880953	57744.46235622708	11704.304795580156	11572.32776279301	8442.608625151639	1040605.0478616196	13490.715386941058	13476.304359514508	16052.366225248352	17253.498033397744	49007.72254047122	16054.845091273894	10501.746502920607	10403.661257519063	7819.213652337962	12891.163515493949	9064.18243834027	104474.25571036473	9244.824704630364
2025-08-19	11069.42153190211	18887.445003001907	22471.844146708325	12450.593726086916	19624.373820117107	145063.80138545414	4246.5327910050655	11145.821876948512	32550.716802361785	11289.42963118569	17591.73955570782	40648.891341137205	43572.28081716862	112762.2826736406	9429.550091305562	11696.0670532893	26649.409548896434	14080.545704246313	11353.436930775322	36291.611867775544	23477.31857504791	13665.240202453635	9738.08221111938	3945.4964814685936	3721.1601663486476	13651.022443066451	26701.481553955517	32604.390107171977	8717.851483161556	14248.440684934574	8085.53814844494	117115.95412850539	15474.69686016424	7232.97057392578	20281.887720557563	15413.902993337775	13460.506740847351	12908.586137814837	55955.96961697594	7498.479319840127	26858.1699763176	12451.76870286018	15893.935906633687	12744.9125009608	11660.004472670902	27000.550570586318	3849.5469976765344	12656.658176516215	88832.77142291253	11253.920558947308	56361.14815623883	21954.37465729114	8441.341394725207	8916.203324054444	19952.69781408221	21671.771305208036	25145.689791133937	76653.28770983347	27962.63118598234	11760.515392089575	7002.892188314974	11939.6126782244	5952.165597516332	7217.745360049756	11773.445943146975	6759.628092091729	21045.119732166437	11918.397170526605	8659.700575289706	14157.998167830501	6778.852484010229	7522.244749862206	24114.68294882474	32167.495418430906	115751.09579715968	14873.390093746655	96359.31975976843	116713.87439366254	14413.544060423568	10619.41736094337	31198.689506235267	15086.888780477324	18783.51583638742	49269.964063458174	10499.981915288514	11820.67721818051	11223.588717278904	17588.885248562066	16964.2393051868	7308.646117054377	13069.39098331804	11412.160815643707	9211.826277545302	53804.40324404765	57888.231178113536	11732.152397790078	11586.163881396504	8457.80431257582	1040690.0239308098	13477.357693470529	13422.152179757253	16065.683112624176	17288.249016698872	48857.36127023561	16165.422545636946	10507.373251460303	10418.330628759531	7815.106826168982	12911.581757746975	9037.091219170135	104482.12785518236	9181.412352315183
2025-08-20	11048.210765951055	18993.722501500954	22532.922073354162	12258.296863043459	19551.186910058554	144338.40069272707	4188.266395502533	10909.910938474255	32254.858401180893	11254.214815592844	17662.86977785391	40291.9456705686	43157.14040858431	112705.14133682029	9412.275045652781	11781.53352664465	26689.70477444822	14075.272852123157	11316.718465387661	36460.80593388777	23529.659287523955	13682.620101226817	9626.541105559689	3947.248240734297	3723.0800831743236	13530.511221533226	26877.240776977756	32649.695053585987	8673.925741580777	14236.720342467288	8095.2690742224695	117104.97706425269	15498.34843008212	7237.48528696289	20293.44386027878	15316.951496668888	13404.253370423676	13039.293068907418	55590.48480848797	7496.739659920064	26620.5849881588	12500.38435143009	15801.967953316844	12674.9562504804	11705.502236335451	27092.77528529316	3850.773498838267	12713.329088258108	89115.38571145627	11327.460279473653	56363.07407811942	21965.18732864557	8466.170697362602	8842.101662027222	19962.348907041105	21564.385652604018	24717.844895566966	76612.64385491674	27677.31559299117	11736.257696044788	6987.946094157487	11789.8063391122	5983.582798758166	7313.872680024878	11843.722971573487	6819.814046045864	21072.55986608322	11846.698585263302	8831.850287644853	14125.99908391525	6739.926242005115	7546.122374931103	23863.34147441237	31532.74770921545	115719.04789857984	14884.195046873327	96325.65987988422	116710.93719683128	14302.272030211785	10692.208680471686	30815.344753117635	15032.944390238663	18614.75791819371	48514.98203172909	10534.490957644257	11922.338609090255	11336.294358639452	17678.442624281033	17012.6196525934	7298.323058527189	13176.19549165902	11458.080407821853	9207.413138772652	53807.20162202383	58132.61558905677	11781.07619889504	11665.081940698252	8518.40215628791	1040770.011965405	13490.178846735264	13478.076089878627	15946.341556312087	17310.624508349436	49025.18063511781	16114.211272818473	10543.186625730152	10453.665314379767	7849.553413084491	12834.790878873488	9064.045609585068	104488.56392759118	9129.206176157591
2025-08-21	11040.105382975527	19054.361250750477	22475.46103667708	12157.14843152173	19547.093455029277	143975.70034636353	4244.133197751266	10972.455469237128	31843.429200590446	11261.107407796422	17685.934888926953	40033.4728352843	43084.070204292155	112794.57066841015	9386.13752282639	11836.266763322325	26719.85238722411	14077.636426061577	11285.85923269383	36517.90296694389	23680.32964376198	13761.310050613409	9603.270552779844	4000.6241203671484	3716.540041587162	13427.755610766613	27316.62038848888	32702.347526792993	8731.462870790388	14325.860171233644	8145.134537111235	117138.98853212634	15562.174215041061	7256.742643481445	20201.721930139392	15283.475748334444	13361.126685211839	13139.14653445371	55475.24240424398	7505.869829960032	26496.7924940794	12534.692175715045	15765.983976658423	12669.978125240199	11735.751118167726	27128.88764264658	3860.3867494191336	12741.664544129053	89341.69285572814	11394.230139736826	56369.03703905971	21975.593664322783	8441.085348681301	8921.55083101361	19972.17445352055	21510.69282630201	24541.422447783483	76734.82192745837	27597.157796495587	11689.628848022394	6947.973047078744	11622.403169556099	5989.791399379083	7320.936340012438	11912.861485786743	6849.907023022932	21098.77993304161	11755.84929263165	8942.425143822427	14157.499541957626	6725.463121002557	7538.0611874655515	23742.670737206186	31270.373854607726	115737.52394928993	14891.597523436663	96357.32993994211	116725.46859841564	14348.636015105893	10753.104340235843	30553.672376558818	15015.472195119331	18535.378959096855	48927.49101586454	10578.74547882213	12009.669304545128	11434.647179319727	17804.221312140515	17031.8098262967	7307.161529263594	13278.59774582951	11481.040203910927	9203.206569386326	53813.600811011915	58237.30779452839	11808.03809944752	11732.040970349126	8572.701078143955	1040916.5059827025	13484.089423367632	13530.038044939312	15886.670778156044	17324.312254174718	49195.590317558905	16115.605636409236	10561.093312865076	10468.832657189883	7873.276706542245	12768.895439436743	9089.522804792534	104504.2819637956	9115.603088078795
2025-08-22	11007.552691487763	19092.180625375237	22554.23051833854	12138.574215760866	19525.046727514637	142976.35017318177	4294.566598875634	11157.727734618564	31720.21460029522	11296.553703898211	17702.467444463477	40094.236417642154	43304.53510214608	112745.28533420508	9348.068761413195	11847.633381661162	26739.926193612053	14093.818213030789	11297.929616346915	36383.951483471945	23733.16482188099	13798.155025306703	9684.135276389923	4044.8120601835744	3713.270020793581	13423.877805383307	27242.31019424444	32568.173763396495	8755.231435395195	14432.930085616823	8189.567268555617	117096.99426606318	15522.08710752053	7256.871321740722	20075.860965069696	15326.737874167222	13364.56334260592	13260.573267226855	55647.62120212199	7495.434914980016	26330.896247039702	12506.846087857522	15645.491988329211	12579.9890626201	11711.375559083863	27040.94382132329	3865.193374709567	12731.332272064526	89102.84642786407	11402.615069868414	56377.018519529855	21884.29683216139	8505.54267434065	8988.775415506805	19884.087226760275	21359.846413151005	24768.21122389174	76631.91096372918	27340.078898247793	11636.314424011198	6927.986523539372	11571.20158477805	6049.395699689541	7265.468170006219	11937.430742893372	6894.953511511466	21066.889966520805	11678.424646315825	9362.212571911214	14153.249770978813	6683.731560501279	7591.530593732776	23602.335368603093	30961.68692730386	115697.26197464496	14854.298761718332	96282.16496997105	116711.73429920782	14426.818007552945	10769.05217011792	30286.33618827941	14965.236097559666	18420.689479548426	50166.24550793227	10600.872739411065	11982.334652272564	11436.823589659864	17783.610656070257	16966.904913148348	7297.580764631797	13204.298872914755	11473.020101955462	9192.603284693163	53821.80040550596	58192.153897264194	11799.01904972376	11745.520485174562	8590.850539071977	1041025.7529913513	13456.544711683815	13472.519022469656	15769.335389078022	17283.656127087357	49088.79515877945	16103.802818204618	10563.046656432538	10448.416328594942	7859.6383532711225	12673.447719718371	9071.761402396267	104517.1409818978	9138.301544039397
2025-08-25	11003.276345743881	19113.59031268762	22790.61525916927	12325.287107880433	19638.02336375732	143254.67508659087	4342.283299437817	11361.363867309283	32118.10730014761	11358.776851949106	17725.733722231736	40507.11820882108	43719.26755107304	112793.14266710254	9406.534380706598	11945.316690830581	26799.963096806026	14161.909106515395	11336.464808173458	36509.47574173597	23829.082410940493	13949.077512653352	9812.067638194962	4061.906030091787	3706.6350103967907	13561.938902691654	27030.65509712222	32698.086881698247	8734.615717697598	14503.965042808411	8206.783634277808	117144.99713303159	15654.043553760264	7289.435660870361	20262.930482534848	15443.368937083611	13638.28167130296	13460.286633613428	56076.31060106099	7510.217457490008	26470.94812351985	12487.92304392876	15760.245994164605	12689.99453131005	11696.687779541931	27246.471910661647	3869.596687354783	12696.166136032263	89022.92321393204	11506.807534934207	56381.00925976493	21945.148416080694	8682.271337170325	9138.887707753402	19940.543613380138	21403.423206575502	25119.10561194587	76561.9554818646	27537.5394491239	11793.157212005599	7005.493261769686	11675.600792389025	6111.197849844771	7350.23408500311	12003.715371446686	6859.976755755733	21100.9449832604	11831.212323157913	9659.606285955608	14218.124885489407	6796.86578025064	7723.265296866388	23716.667684301545	31219.84346365193	115726.63098732248	14896.649380859166	96439.58248498553	116758.3671496039	14517.909003776473	10830.52608505896	30562.668094139706	15058.118048779834	18518.344739774213	50953.122753966134	10700.436369705532	11932.167326136281	11450.411794829932	17899.30532803513	17101.452456574174	7306.790382315899	13149.649436457377	11437.510050977731	9220.301642346582	53825.90020275298	58002.07694863209	11759.50952486188	11816.260242587281	8634.425269535988	1041115.8764956756	13469.772355841907	13453.759511234828	15790.66769453901	17330.82806354368	49005.897579389726	16224.90140910231	10559.02332821627	10442.20816429747	7848.319176635561	12722.723859859187	9055.880701198133	104526.0704909489	9190.150772019699
2025-08-26	10954.13817287194	19095.29515634381	22911.307629584633	12330.143553940215	19714.51168187866	143675.33754329543	4306.141649718908	11362.181933654641	32205.553650073805	11367.888425974554	17727.36686111587	40818.55910441054	44021.133775536524	112768.57133355127	9428.2671903533	11957.65834541529	26737.48154840301	14155.954553257698	11395.732404086728	36507.23787086799	23695.541205470246	14054.538756326676	9808.53381909748	4067.9530150458936	3718.3175051983953	13670.969451345827	27039.32754856111	32755.543440849124	8726.807858848799	14604.482521404207	8235.391817138905	117107.4985665158	15772.521776880132	7293.71783043518	20401.465241267426	15429.184468541805	13680.14083565148	13640.643316806714	56028.155300530496	7492.608728745005	26481.474061759924	12515.96152196438	15792.622997082302	12714.997265655025	11726.343889770966	27330.235955330823	3869.7983436773916	12723.08306801613	89137.46160696601	11522.403767467104	56383.00462988246	22008.074208040347	8795.135668585162	9181.9438538767	20012.77180669007	21464.711603287753	25284.552805972933	76297.4777409323	27688.26972456195	11903.5786060028	7049.246630884843	11710.300396194512	6208.598924922386	7407.617042501555	12056.357685723342	6854.988377877867	21217.9724916302	11992.106161578957	9865.803142977804	14196.062442744704	6875.932890125319	7831.632648433194	23831.333842150772	31361.421731825965	115689.31549366124	14930.324690429583	96423.29124249276	116811.68357480195	14529.954501888236	10868.263042529481	30821.834047069853	15065.059024389917	18529.672369887106	50956.56137698307	10712.718184852765	11862.58366306814	11420.705897414966	17971.652664017565	17250.226228287087	7297.39519115795	13087.824718228689	11466.255025488867	9231.65082117329	53830.45010137649	58152.03847431605	11784.75476243094	11861.130121293641	8666.712634767995	1041197.9382478378	13493.886177920955	13429.879755617414	15816.333847269505	17400.91403177184	49009.94878969486	16299.950704551155	10588.011664108135	10477.604082148735	7853.659588317781	12791.861929929593	9054.940350599067	104533.03524547446	9183.075386009848
2025-08-27	10937.069086435971	19139.647578171905	22821.153814792317	12330.071776970108	19780.25584093933	144370.16877164773	4305.570824859455	11508.09096682732	32217.276825036904	11327.444212987277	17733.183430557932	40766.77955220527	44055.06688776826	112932.78566677563	9414.133595176649	11966.329172707645	26793.740774201506	14080.477276628848	11400.366202043364	36773.618935433995	23807.770602735123	14097.269378163339	9769.26690954874	4048.476507522947	3694.1587525991977	13715.484725672914	27387.663774280554	32841.271720424564	8678.4039294244	14499.741260702103	8234.695908569453	117194.2492832579	15734.260888440065	7289.35891521759	20480.732620633713	15439.592234270902	13768.57041782574	13635.821658403358	56061.577650265244	7483.804364372502	26561.237030879962	12539.980760982191	15706.311498541152	12652.498632827512	11753.671944885482	27374.11797766541	3876.399171838696	12739.041534008065	89197.230803483	11518.701883733553	56389.00231494123	22104.03710402017	8774.567834292582	9116.47192693835	20100.385903345035	21569.355801643876	25432.276402986467	76441.73887046616	27935.634862280975	11993.2893030014	7106.123315442422	11735.150198097257	6237.799462461193	7396.808521250778	12072.678842861671	6829.994188938934	21296.4862458151	12132.55308078948	10008.901571488903	14210.031221372352	6927.46644506266	7870.816324216597	23966.166921075386	31596.71086591298	115804.15774683062	14961.66234521479	96452.14562124638	116893.34178740098	14550.477250944117	10882.63152126474	31048.417023534927	15110.529512194958	18592.336184943553	50853.28068849153	10721.359092426383	11796.79183153407	11439.852948707483	18079.326332008783	17388.613114143543	7297.197595578975	13037.412359114343	11480.627512744433	9244.825410586645	53835.22505068824	58234.51923715802	11804.87738121547	11883.56506064682	8682.856317383998	1041275.4691239189	13553.443088960477	13484.439877808707	15904.166923634752	17428.45701588592	49040.974394847435	16401.97535227558	10617.505832054067	10504.302041074367	7863.32979415889	12870.430964964797	9063.970175299533	104541.51762273723	9181.537693004924
2025-08-28	10985.034543217986	19267.323789085953	22531.576907396156	12541.035888485054	19870.127920469666	144203.08438582387	4312.785412429727	11598.54548341366	32391.638412518452	11329.722106493638	17850.591715278966	40700.88977610263	44518.53344388413	113072.89283338781	9382.066797588324	12038.164586353822	26724.370387100753	14087.738638314424	11362.683101021681	36726.809467717	23811.88530136756	14153.63468908167	9749.63345477437	4041.2382537614735	3669.579376299599	13687.742362836456	27474.831887140277	32798.13586021228	8644.2019647122	14502.370630351052	8273.847954284727	117247.62464162895	15790.130444220033	7273.179457608795	20467.86631031686	15482.296117135451	13894.78520891287	13625.910829201679	56208.28882513262	7491.902182186252	26598.61851543998	12539.490380491095	15483.155749270576	12453.749316413756	11749.835972442741	27356.558988832705	3884.199585919348	12705.020767004033	89124.1154017415	11541.350941866776	56394.501157470615	22099.518552010086	8679.283917146291	8937.235963469175	20095.192951672518	21542.67790082194	25463.63820149323	76527.86943523308	27897.317431140487	11974.144651500701	7094.561657721211	11735.075099048629	6215.399731230596	7339.904260625389	12083.339421430836	6824.997094469467	21325.743122907552	12073.27654039474	10219.950785744451	14249.015610686176	6943.733222531329	7822.908162108299	23921.083460537695	31474.85543295649	115918.5788734153	14940.331172607395	96624.57281062318	116951.67089370049	14637.238625472059	10892.31576063237	31064.708511767465	15140.76475609748	18614.168092471777	51091.64034424577	10752.179546213192	11721.895915767036	11410.426474353742	18059.163166004393	17391.306557071774	7309.598797789487	12977.206179557172	11452.813756372216	9246.412705293322	53837.61252534412	58088.25961857901	11779.938690607734	11889.78253032341	8682.428158691999	1041421.7345619595	13570.721544480239	13457.219938904353	15913.083461817376	17405.72850794296	49022.48719742372	16323.98767613779	10619.752916027033	10492.151020537183	7854.664897079445	12853.2154824824	9053.985087649766	104553.2588113686	9209.768846502462
2025-08-29	10950.017271608993	19414.161894542976	22464.78845369808	12636.517944242527	19975.06396023483	144713.54219291193	4296.392706214863	11641.27274170683	32441.819206259228	11284.36105324682	17978.79585763948	40575.444888051316	44715.26672194207	113147.94641669391	9326.033398794163	12050.08229317691	26724.685193550376	14041.369319157213	11276.34155051084	36758.4047338585	23838.94265068378	14239.317344540836	9694.816727387184	4032.619126880737	3649.7896881497995	13636.371181418228	27749.915943570137	32882.06793010614	8515.1009823561	14593.685315175526	8283.423977142364	117279.31232081447	15833.065222110017	7272.089728804398	20513.93315515843	15468.648058567725	13935.392604456436	13755.95541460084	56181.64441256631	7508.451091093126	26706.80925771999	12554.245190245547	15134.077874635288	12186.874658206878	11762.917986221371	27335.279494416354	3888.0997929596742	12710.510383502016	89226.05770087075	11533.175470933387	56402.25057873531	22154.759276005043	8686.641958573146	9036.117981734587	20139.09647583626	21620.83895041097	25519.319100746616	76639.93471761653	28002.658715570244	12009.07232575035	7173.780828860606	11762.537549524313	6223.699865615298	7379.952130312695	12069.669710715418	6799.998547234733	21410.371561453776	12081.13827019737	10352.975392872226	14403.507805343088	6993.866611265665	8041.454081054149	24043.541730268847	31655.927716478247	115923.78943670765	14964.165586303698	96708.28640531159	116955.83544685025	14631.11931273603	10875.157880316185	31199.854255883733	15180.88237804874	18679.08404623589	51255.82017212288	10741.089773106596	11652.947957883518	11363.713237176871	18130.581583002197	17422.653278535887	7322.299398894744	12909.603089778586	11448.906878186108	9244.70635264666	53845.806262672064	58080.1298092895	11777.469345303867	11873.891265161705	8666.214079345998	1041529.8672809798	13569.36077224012	13365.609969452176	15991.041730908688	17453.36425397148	49135.74359871186	16475.993838068895	10630.876458013518	10498.07551026859	7865.8324485397225	12903.6077412412	9063.492543824883	104566.6294056843	9205.884423251231
2025-09-01	10851.008635804497	19533.58094727149	22717.39422684904	12540.258972121264	20266.031980117416	144143.27109645598	4260.696353107432	11640.136370853415	31951.909603129614	11256.68052662341	18025.89792881974	40557.722444025654	44546.633360971035	113047.47320834696	9240.516699397082	12108.541146588455	26754.84259677519	14050.684659578606	11283.170775255421	36624.202366929254	23814.97132534189	14284.658672270418	9674.908363693592	3983.3095634403685	3619.8948440749	13543.185590709114	27867.45797178507	32840.533965053066	8425.55049117805	14624.342657587764	8266.211988571182	117218.65616040723	15889.532611055009	7259.544864402199	20496.966577579216	15339.324029283864	13908.696302228218	13889.477707300419	55693.322206283156	7481.725545546563	26564.904628859993	12566.622595122773	14847.038937317644	11950.937329103439	11771.958993110686	27354.639747208177	3892.549896479837	12725.255191751008	88936.02885043537	11558.087735466694	56403.62528936766	22120.379638002523	8782.820979286573	9289.058990867294	20104.54823791813	21536.419475205483	25149.659550373308	76492.46735880827	27702.329357785122	11977.036162875174	7220.890414430303	11521.268774762157	6205.849932807649	7360.476065156347	12081.834855357709	6837.499273617366	21727.68578072689	12042.569135098685	10551.487696436114	14395.753902671544	6971.933305632832	8213.227040527076	23967.270865134422	31551.963858239124	115782.89471835383	14951.582793151849	96626.1432026558	116932.91772342513	14553.559656368016	10893.578940158091	30765.927127941868	15143.94118902437	18582.542023117945	51710.41008606144	10735.544886553298	11661.973978941758	11403.856618588436	18205.7907915011	17356.326639267943	7297.649699447372	12868.801544889293	11454.453439093053	9241.35317632333	53849.90313133603	58148.56490464475	11788.734672651934	11884.945632580853	8674.107039673	1041620.4336404898	13605.68038612006	13339.804984726088	15916.520865454344	17447.68212698574	48987.871799355926	16465.49691903445	10633.938229006759	10510.037755134295	7853.416224269861	12850.303870620599	9046.746271912441	104573.31470284215	9136.942211625616
2025-09-02	10859.004317902249	19590.790473635745	22760.697113424518	12467.129486060632	20424.01599005871	143813.135548228	4245.348176553716	11709.068185426708	31935.454801564807	11230.340263311704	18024.448964409872	40823.86122201283	44412.316680485514	112905.73660417348	9210.25834969854	12130.270573294227	26767.421298387595	14035.342329789302	11311.58538762771	36552.10118346463	23745.485662670944	14402.329336135208	9704.954181846795	3928.6547817201845	3572.44742203745	13561.592795354558	27901.228985892536	32812.26698252653	8408.275245589026	14729.671328793882	8230.60599428559	117124.32808020362	15982.766305527504	7255.7724322011	20483.48328878961	15354.662014641932	13897.848151114109	13855.23885365021	55746.66110314158	7463.362772773282	26518.452314429996	12555.311297561388	14688.519468658822	11825.46866455172	11761.479496555343	27341.819873604087	3899.7749482399186	12723.127595875503	88682.51442521768	11573.043867733348	56409.31264468383	22090.68981900126	8760.910489643287	9408.029495433646	20084.774118959067	21489.20973760274	25007.329775186656	76265.23367940413	27522.16467889256	11918.518081437587	7199.445207215152	11460.634387381078	6216.924966403824	7353.238032578174	12097.917427678854	6848.749636808683	21896.342890363445	12023.284567549343	10493.743848218057	14416.876951335773	6925.966652816416	8266.613520263538	23916.63543256721	31487.48192911956	115685.4473591769	14937.791396575925	96516.5716013279	116898.95886171257	14565.779828184008	10907.789470079046	30578.963563970934	15132.470594512186	18551.771011558973	52895.20504303072	10751.772443276648	11661.486989470879	11416.928309294217	18223.39539575055	17320.66331963397	7275.3248497236855	12920.400772444646	11457.226719546527	9239.676588161665	53854.451565668016	58145.282452322375	11786.867336325966	11902.972816290427	8691.5535198365	1041702.7168202449	13623.84019306003	13329.402492363044	15861.760432727173	17454.34106349287	48839.93589967796	16422.748459517225	10623.46911450338	10502.018877567149	7838.208112134931	12818.6519353103	9028.37313595622	104581.65735142108	9140.471105812809
2025-09-03	10892.002158951123	19661.395236817873	22745.84855671226	12453.064743030316	20627.507995029355	143516.567774114	4240.174088276858	11783.534092713355	32121.7274007824	11232.170131655852	18041.224482204936	41096.93061100641	44542.15834024276	112636.36830208675	9175.12917484927	12047.635286647113	27058.710649193796	13900.171164894651	11303.292693813855	36411.05059173232	24004.242831335472	14431.164668067604	9724.977090923398	3873.8273908600922	3578.723711018725	13580.796397677279	27863.614492946268	32694.633491263266	8404.637622794513	14829.835664396942	8215.302997142795	116973.66404010181	15986.883152763752	7248.88621610055	20351.741644394802	15394.831007320965	13819.924075557054	13825.619426825106	55908.33055157079	7431.681386386641	26440.726157215	12549.655648780694	14591.759734329411	11732.73433227586	11756.239748277672	27250.909936802043	3907.8874741199593	12729.563797937752	88370.25721260885	11492.021933866674	56414.656322341914	22043.34490950063	8727.455244821644	9559.514747716823	20038.387059479533	21441.10486880137	25103.664887593328	75868.11683970207	27273.08233944628	11852.259040718793	7196.222603607575	11477.817193690538	6288.962483201913	7308.619016289087	12074.458713839427	6861.874818404342	22125.671445181724	11993.642283774672	10432.37192410903	14344.938475667886	6867.983326408208	8378.306760131769	23819.317716283607	31407.74096455978	115493.22367958845	14903.895698287963	96381.78580066396	116829.47943085629	14578.389914092004	10889.894735039523	30393.481781985465	15087.735297256093	18506.385505779486	53252.602521515364	10733.386221638324	11683.74349473544	11452.964154647108	18212.697697875275	17250.831659816984	7240.662424861843	12903.700386222323	11461.113359773262	9228.838294080833	53859.22578283401	58171.141226161184	11790.933668162983	11882.986408145214	8690.77675991825	1041780.3584101225	13610.920096530015	13294.201246181521	15799.380216363586	17532.170531746437	48665.96794983898	16418.874229758614	10618.23455725169	10467.509438783574	7808.1040560674655	12819.32596765515	8992.686567978111	104588.32867571054	9162.235552906404
2025-09-04	10843.501079475562	19679.697618408936	22611.424278356128	12497.032371515157	20711.75399751468	143756.28388705698	4245.087044138429	11852.767046356677	32326.3637003912	11269.585065827927	18069.11224110247	41348.46530550321	44667.079170121375	112651.68415104337	9202.564587424635	12021.317643323557	27389.355324596898	13870.085582447326	11291.646346906928	36225.52529586616	24141.121415667738	14308.082334033803	9722.4885454617	3868.913695430046	3619.3618555093626	13647.89819883864	27824.807246473134	32687.316745631633	8417.818811397257	14659.917832198471	8224.651498571398	116962.3320200509	15958.941576381876	7243.4431080502745	20230.8708221974	15444.915503660482	13828.462037778527	13625.309713412553	56099.165275785395	7470.8406931933205	26481.3630786075	12576.827824390348	14643.379867164706	11758.86716613793	11778.619874138836	27180.95496840102	3916.94373705998	12734.781898968875	88880.12860630442	11454.010966933336	56422.32816117095	22074.172454750315	8624.227622410821	9411.75737385841	20064.193529739765	21478.552434400684	25204.332443796666	75915.05841985103	27193.04116972314	11779.629520359396	7207.111301803788	11513.90859684527	6351.981241600956	7315.8095081445435	12040.229356919714	6853.437409202171	22215.335722590862	11986.321141887336	10032.185962054515	14281.969237833942	6863.991663204104	8364.153380065884	23872.658858141804	31407.87048227989	115506.11183979423	14908.94784914398	96574.89290033198	116827.23971542815	14587.194957046002	10856.947367519762	30390.240890992733	15101.867648628046	18533.692752889743	53398.80126075768	10693.193110819162	11689.87174736772	11441.482077323555	18162.34884893764	17210.915829908492	7281.331212430921	12959.85019311116	11463.056679886631	9233.419147040417	53866.612891417004	58201.57061308059	11797.966834081491	11850.493204072607	8665.888379959124	1041923.6792050612	13613.960048265008	13276.60062309076	15800.690108181792	17640.58526587322	48962.483974919494	16471.437114879307	10639.617278625845	10487.754719391787	7838.052028033733	12878.162983827575	9032.843283989056	104604.16433785527	9182.117776453202
2025-09-05	10807.25053973778	19646.848809204468	22607.712139178064	12531.016185757579	20798.87699875734	144748.6419435285	4252.543522069214	11907.383523178338	32528.1818501956	11290.792532913963	18098.056120551235	41699.232652751605	44849.53958506069	112804.34207552168	9238.782293712316	12058.158821661778	27669.677662298447	13905.042791223663	11323.323173453464	36370.26264793308	24192.56070783387	14289.041167016901	9693.74427273085	3843.9568477150233	3632.1809277546813	13748.94909941932	28002.40362323657	32822.158372815815	8428.909405698629	14554.958916099236	8217.3257492857	117062.66601002545	15947.470788190938	7247.721554025137	20235.4354110987	15502.457751830241	13907.231018889262	13687.154856706276	56314.5826378927	7527.92034659666	26682.68153930375	12602.413912195174	14579.189933582353	11711.933583068965	11799.309937069418	27215.47748420051	3931.97186852999	12730.390949484437	89505.0643031522	11479.505483466668	56428.66408058548	22189.086227375155	8649.11381120541	9521.878686929205	20167.596764869882	21631.276217200342	25474.666221898333	76111.52920992552	27400.02058486157	11795.314760179699	7374.555650901893	11591.954298422635	6540.990620800478	7316.904754072271	12040.614678459857	6804.218704601086	22337.66786129543	12052.660570943668	10067.092981027257	14319.984618916971	6889.495831602052	8572.076690032942	24009.329429070902	31622.435241139945	115618.55591989712	14955.97392457199	96864.946450166	116861.11985771407	14619.597478523001	10857.473683759881	30679.120445496366	15183.933824314023	18671.34637644487	52929.40063037884	10699.096555409582	11690.43587368386	11455.241038661778	18233.67442446882	17376.457914954248	7332.665606215461	12918.42509655558	11466.528339943316	9245.70957352021	53872.8064457085	58174.285306540296	11793.983417040745	11846.746602036303	8660.444189979562	1042030.8396025306	13650.480024132503	13214.80031154538	15848.845054090896	17791.29263293661	49302.24198745975	16644.218557439654	10647.808639312923	10502.877359695893	7884.026014016867	12995.581491913788	9093.421641994528	104617.08216892763	9209.058888226602
2025-09-08	10777.125269868891	19561.924404602236	22705.856069589034	12688.00809287879	20924.43849937867	145188.32097176425	4273.771761034607	11932.191761589169	32776.0909250978	11345.89626645698	18048.028060275617	42007.116326375806	44972.769792530344	112936.17103776084	9274.391146856158	12142.07941083089	28072.338831149224	14002.521395611831	11396.661586726732	36297.63132396654	24424.280353916933	14184.52058350845	9711.872136365426	3863.9784238575116	3653.590463877341	13864.47454970966	27642.201811618284	32894.07918640791	8464.454702849314	14479.979458049618	8220.66287464285	117142.33300501273	15961.735394095469	7244.860777012569	20450.217705549352	15561.22887591512	13981.615509444631	13732.57742835314	56529.79131894635	7598.96017329833	26758.840769651877	12640.206956097587	14567.094966791177	11698.466791534483	11827.154968534709	27299.738742100257	3965.485934264995	12718.195474742219	90292.5321515761	11548.252741733333	56434.332040292735	22194.543113687578	8714.056905602705	9613.939343464603	20175.298382434943	21695.13810860017	25637.333110949166	76291.26460496275	27563.010292430787	11924.65738008985	7603.277825450947	11703.477149211318	6657.995310400239	7439.452377036136	12018.307339229928	6787.109352300543	22526.333930647714	12145.330285471835	10104.546490513629	14351.492309458485	6969.2479158010265	8781.03834501647	24027.66471453545	31777.217620569972	115704.27795994855	14976.986962285995	97217.473225083	116923.05992885704	14653.2987392615	10833.736841879941	30912.560222748183	15192.466912157011	18732.673188222434	53064.70031518942	10683.548277704791	11690.717936841931	11477.120519330889	18114.337212234408	17407.728957477124	7399.332803107731	12947.71254827779	11470.764169971659	9256.854786760105	53878.40322285425	58150.642653270144	11791.991708520372	11824.873301018151	8648.222094989782	1042121.4198012652	13666.240012066251	13196.40015577269	15895.422527045448	17886.146316468305	49770.12099372987	16740.60927871983	10667.904319656462	10514.938679847946	7936.013007008433	13045.290745956894	9181.210820997265	104626.04108446382	9232.029444113301
2025-09-09	10843.562634934446	19480.962202301118	22813.928034794517	13219.504046439395	21111.719249689333	145534.16048588214	4279.385880517304	11919.595880794584	33250.5454625489	11358.94813322849	17980.51403013781	42091.0581631879	45398.88489626517	113120.58551888043	9327.195573428078	12174.539705415445	28151.16941557461	14033.760697805916	11493.330793363366	36288.81566198327	24388.640176958466	14092.260291754224	9718.436068182713	3906.489211928756	3666.7952319386704	13959.73727485483	27305.100905809144	32945.039593203954	8285.727351424657	14404.989729024808	8222.331437321425	117285.66650250636	16011.367697047735	7241.4303885062845	20577.608852774676	15695.61443795756	14031.307754722315	13698.78871417657	57017.39565947317	7679.480086649165	26861.42038482594	12651.603478048793	14691.047483395589	11774.233395767242	11836.077484267355	27344.36937105013	3972.7429671324976	12704.59773737111	90906.26607578805	11548.626370866667	56437.16602014637	22204.77155684379	8769.028452801353	9637.969671732302	20184.14919121747	21747.069054300086	25741.166555474585	76578.13230248138	27780.505146215393	12018.828690044924	7715.138912725473	11911.738574605659	6681.997655200119	7456.726188518068	11966.153669614963	6758.554676150272	22960.666965323857	12231.665142735917	10005.773245256814	14469.746154729242	6959.623957900513	8883.019172508235	24116.832357267725	31984.608810284986	115880.63897997428	15012.493481142998	97469.7366125415	117004.02996442851	14801.14936963075	10779.86842093997	31236.280111374093	15219.233456078506	18795.836594111217	52782.35015759471	10648.774138852395	11663.858968420966	11475.560259665444	18037.168606117204	17443.364478738564	7477.666401553865	12959.856274138896	11455.38208498583	9262.427393380052	53881.201611427125	58098.82132663507	11778.495854260185	11765.936650509077	8609.111047494891	1042203.7099006326	13716.120006033125	13108.700077886344	15948.711263522724	17923.573158234154	50250.060496864935	16726.804639359914	10677.95215982823	10513.969339923973	7979.506503504217	13079.145372978448	9276.105410498632	104633.02054223191	9296.01472205665
2025-09-10	11110.781317467223	19520.98110115056	23108.96401739726	13767.252023219698	21220.359624844667	145916.58024294107	4317.192940258652	12029.297940397293	33953.272731274454	11367.974066614246	18036.257015068906	42235.52908159395	46379.942448132584	113176.29275944021	9403.59778671404	12165.769852707723	28205.584707787304	14121.880348902958	11599.165396681683	36171.90783099164	24430.32008847923	14066.130145877112	9821.718034091356	3902.744605964378	3678.397615969335	14069.868637427415	27136.550452904572	33029.51979660198	8238.863675712328	14429.994864512404	8228.165718660712	117327.83325125318	16073.683848523868	7233.215194253142	20613.804426387338	15930.30721897878	13979.153877361157	13718.894357088284	57846.197829736586	7702.240043324582	26944.710192412967	12632.801739024397	14680.523741697794	11757.11669788362	11830.538742133678	27326.684685525062	3988.3714835662486	12700.298868685555	90980.63303789403	11541.313185433333	56443.583010073184	22236.885778421893	8895.014226400675	9607.484835866151	20208.074595608734	21799.53452715004	26100.583277737293	76730.5661512407	27936.752573107697	11961.914345022462	7611.069456362737	12212.86928730283	6696.4988276000595	7428.8630942590335	11925.576834807482	6736.777338075136	23097.83348266193	12329.332571367959	10021.386622628408	14496.37307736462	6899.811978950256	8859.009586254117	24338.416178633863	32352.804405142495	115929.31948998713	15040.2467405715	97507.36830627074	117027.01498221426	15036.574684815376	10738.434210469986	31814.140055687047	15260.116728039253	18862.418297055607	53076.17507879736	10618.887069426197	11659.929484210483	11506.780129832721	18038.084303058604	17453.682239369282	7501.833200776933	12987.928137069448	11445.191042492916	9260.213696690025	53885.10080571356	58040.41066331754	11769.247927130093	11729.468325254538	8576.055523747445	1042280.8549503163	13741.060003016562	13108.350038943172	16011.355631761362	18009.786579117077	50313.530248432464	16801.902319679957	10662.476079914115	10506.484669961987	7992.253251752109	13140.572686489224	9299.552705249316	104641.51027111596	9383.507361028325
2025-09-11	11239.890658733611	19586.99055057528	23219.98200869863	13935.62601160985	21239.679812422335	146311.29012147052	4333.596470129326	12126.648970198647	34535.63636563723	11404.487033307123	18069.128507534453	42322.764540796976	46937.97122406629	113284.1463797201	9431.79889335702	12161.384926353861	28080.292353893652	14173.44017445148	11659.58269834084	36263.45391549582	24314.660044239616	14178.065072938556	9975.859017045677	3910.872302982189	3679.198807984668	14119.934318713707	27057.275226452286	33121.75989830099	8239.931837856164	14474.997432256201	8302.582859330356	117410.41662562659	16097.341924261935	7210.107597126571	20611.90221319367	16105.153609489389	13972.576938680579	13860.947178544142	58490.59891486829	7726.120021662291	26983.855096206484	12660.4008695122	14700.261870848897	11763.55834894181	11857.769371066839	27225.84234276253	3993.6857417831243	12720.149434342777	91473.31651894702	11530.656592716667	56451.79150503659	22311.942889210946	8960.507113200338	9445.742417933076	20278.537297804367	21857.76726357502	26662.791638868646	76926.78307562035	28174.37628655385	11953.457172511231	7584.034728181368	12438.434643651415	6748.249413800029	7475.931547129517	11931.78841740374	6730.8886690375675	23218.916741330962	12390.66628568398	10276.193311314204	14432.18653868231	6924.905989475128	8914.504793127058	24579.208089316933	32804.40220257125	116020.65974499357	15076.12337028575	97612.68415313537	117086.00749110713	15196.287342407688	10754.217105234993	32277.570027843525	15288.058364019627	18883.209148527803	53838.08753939868	10616.443534713098	11619.464742105241	11482.89006491636	18024.042151529302	17374.341119684643	7528.916600388467	13004.464068534724	11467.595521246458	9261.606848345013	53894.55040285678	58143.70533165877	11787.123963565045	11739.234162627268	8573.027761873724	1042422.9274751581	13773.530001508281	13247.675019471586	16170.177815880681	18025.39328955854	50588.76512421623	16886.451159839977	10687.238039957057	10520.242334980994	8019.126625876054	13209.286343244612	9349.776352624658	104655.75513555798	9450.753680514163
2025-09-12	11408.945329366805	19617.49527528764	23353.491004349315	14046.813005804925	21303.839906211168	146698.14506073526	4331.7982350646635	12199.824485099323	35604.81818281861	11412.743516653562	18123.064253767225	42708.88227039849	47391.485612033146	113369.57318986005	9620.89944667851	12240.19246317693	28285.146176946826	14219.22008722574	11759.79134917042	36441.72695774791	24453.330022119808	14211.532536469278	10050.429508522839	3894.9361514910943	3707.099403992334	14292.467159356853	27282.137613226143	33236.87994915049	8282.965918928083	14304.9987161281	8354.791429665178	117456.7083128133	16179.170962130967	7219.553798563285	20713.451106596833	16357.576804744695	14061.788469340288	13924.473589272071	59397.79945743414	7768.0600108311455	27067.927548103242	12669.2004347561	14830.130935424448	11869.279174470905	11866.38468553342	27307.421171381266	4000.842870891562	12718.074717171388	91924.15825947351	11606.828296358333	56455.89575251829	22404.47144460547	9062.753556600168	9456.871208966539	20358.268648902183	21919.38363178751	27073.89581943432	77046.89153781018	28422.688143276922	12018.228586255616	7613.017364090684	12786.217321825708	6778.624706900015	7499.465773564758	11966.89420870187	6710.444334518784	23324.45837066548	12513.33314284199	10446.096655657102	14425.093269341156	6971.952994737564	8987.25239656353	24746.604044658467	33157.701101285624	116078.32987249678	15133.561685142875	97759.84207656769	117098.00374555356	15360.643671203845	10786.608552617497	32806.78501392176	15353.529182009814	18945.104574263903	54266.54376969934	10649.22176735655	11628.232371052622	11554.945032458181	18142.52107576465	17510.67055984232	7573.958300194234	13032.732034267363	11463.797760623229	9274.303424172507	53901.77520142839	58122.852665829385	11783.561981782523	11771.117081313634	8578.013880936862	1042530.9637375791	13807.265000754142	13317.337509735793	16279.08890794034	18132.69664477927	50851.88256210812	16936.22557991999	10697.119019978529	10536.621167490497	8041.063312938028	13232.143171622305	9393.888176312328	104670.37756777898	9538.876840257082
2025-09-15	11551.972664683402	19378.74763764382	23432.245502174657	14383.906502902462	21308.919953105586	147284.07253036764	4373.399117532332	12191.91224254966	36261.90909140931	11414.37175832678	17976.032126883612	42874.441135199246	47912.74280601657	113380.78659493002	9675.449723339254	12277.096231588464	28155.073088473415	14279.610043612869	11747.39567458521	36428.36347887396	24338.665011059904	14218.266268234638	10032.714754261418	3871.968075745547	3708.5497019961667	14428.733579678426	27444.06880661307	33323.439974575245	8334.482959464041	14359.999358064051	8365.89571483259	117509.35415640665	16140.085481065484	7219.776899281643	20729.225553298416	16523.788402372345	14071.394234670144	13961.236794636035	60013.89972871707	7771.530005415572	27179.46377405162	12656.10021737805	14907.565467712224	11927.139587235451	11858.19234276671	27185.210585690635	4009.921435445781	12717.037358585694	91999.07912973675	11621.914148179167	56460.447876259146	22467.735722302736	9118.876778300084	9464.93560448327	20415.134324451094	22002.191815893755	27236.94790971716	77077.94576890509	28556.84407163846	12100.114293127808	7715.008682045342	13100.108660912854	6779.312353450007	7499.232886782379	11945.447104350935	6685.222167259391	23344.72918533274	12679.166571420996	10531.04832782855	14421.546634670578	7002.976497368782	9143.626198281765	24847.802022329233	33446.85055064281	116119.66493624839	15157.280842571437	97766.42103828385	117091.50187277677	15499.321835601922	10770.804276308749	33247.89250696088	15396.264591004907	19021.05228713195	54248.27188484967	10638.610883678275	11611.11618552631	11531.97251622909	18177.260537882325	17596.33527992116	7579.479150097117	13044.366017133681	11466.898880311615	9273.151712086254	53907.887600714195	58124.92633291469	11784.28099089126	11750.558540656817	8563.006940468431	1042621.9818687895	13819.13250037707	13376.168754867896	16351.044453970171	18285.348322389633	50847.94128105406	17122.112789959996	10692.559509989263	10544.81058374525	8046.031656469014	13296.071585811153	9401.444088156164	104675.18878388949	9591.438420128541
2025-09-16	11649.486332341701	19254.37381882191	23457.12275108733	14518.453251451232	21433.459976552793	147708.53626518382	4396.699558766166	12234.95612127483	37017.954545704655	11388.18587916339	17900.016063441806	42889.72056759962	48213.371403008285	113458.89329746501	9677.724861669627	12281.548115794232	27955.036544236707	14322.305021806435	11826.197837292606	36374.18173943698	24144.33250552995	14136.633134117319	10158.85737713071	3860.4840378727736	3704.2748509980834	14496.866789839212	27627.534403306534	33339.71998728762	8322.74147973202	14427.499679032026	8351.947857416295	117560.17707820333	16178.042740532743	7203.388449640821	20739.612776649206	16744.394201186173	14091.197117335072	13918.618397318018	60801.94986435854	7795.765002707786	27341.73188702581	12617.550108689025	14926.282733856111	11928.569793617726	11822.096171383355	27047.105292845317	4006.9607177228904	12671.518679292847	91977.53956486838	11611.957074089583	56465.22393812957	22467.367861151368	9176.438389150042	9433.967802241634	20421.567162225547	22071.095907946878	27293.47395485858	77383.47288445255	28715.422035819232	12181.057146563904	7751.004341022671	13506.554330456427	6767.156176725004	7477.116443391189	11860.723552175466	6642.611083629696	23574.86459266637	12822.083285710498	10576.024163914275	14424.77331733529	7063.488248684391	9176.813099140883	24960.901011164617	33758.42527532141	116202.3324681242	15166.64042128572	97890.21051914193	117153.25093638839	15619.16091780096	10693.402138154375	33902.94625348044	15454.632295502453	19146.526143565978	55334.13594242484	10596.305441839137	11502.058092763156	11431.986258114546	18110.63026894116	17709.16763996058	7604.239575048558	13042.68300856684	11428.449440155808	9284.575856043128	53910.9438003571	57923.463166457346	11744.64049544563	11667.779270328409	8502.003470234216	1042703.4909343948	13857.566250188534	13391.084377433948	16382.022226985086	18421.174161194816	50813.970640527026	17237.556394979998	10664.779754994632	10524.405291872625	8032.515828234507	13343.535792905575	9403.222044078082	104682.59439194475	9688.719210064271
2025-09-17	11608.74316617085	19136.186909410957	23682.061375543664	14433.726625725616	21470.7299882764	147801.7681325919	4355.849779383083	12236.978060637415	37134.477272852324	11370.092939581695	17877.008031720903	42532.36028379981	47934.685701504146	113604.4466487325	9678.862430834813	12229.274057897117	27810.018272118352	14298.652510903217	11973.098918646303	36244.59086971849	24024.666252764975	14200.81656705866	10249.428688565355	3867.2420189363866	3754.6374254990415	14448.433394919606	27679.267201653267	33330.85999364381	8316.87073986601	14563.749839516013	8351.973928708147	117637.58853910166	16229.521370266371	7188.19422482041	20767.306388324603	16759.697100593086	14093.598558667536	13958.309198659008	60830.97493217927	7810.3825013538935	27393.365943512905	12613.275054344513	14940.641366928056	11954.284896808862	11818.548085691677	27005.052646422657	4010.980358861445	12653.759339646424	92072.76978243419	11570.478537044792	56470.11196906479	22449.683930575684	9404.21919457502	9403.983901120817	20407.783581112773	22085.547953973437	27151.73697742929	77641.73644222628	28759.711017909616	12276.028573281952	7846.502170511336	13534.777165228214	6815.578088362502	7532.0582216955945	11825.361776087733	6631.305541814848	23827.432296333187	13010.541642855249	10670.512081957138	14338.886658667645	7126.244124342195	9298.406549570442	25004.95050558231	33949.212637660705	116320.1662340621	15166.32021064286	97960.10525957096	117197.6254681942	15556.58045890048	10664.201069077188	34033.973126740224	15459.316147751226	19179.26307178299	55922.06797121242	10577.652720919568	11459.529046381578	11369.493129057273	18057.81513447058	17748.08381998029	7628.61978752428	13096.34150428342	11411.224720077904	9285.787928021564	53914.47190017855	57860.23158322867	11729.820247722815	11636.389635164203	8469.001735117108	1042778.2454671974	13884.283125094267	13294.042188716974	16335.511113492543	18449.58708059741	50901.98532026351	17396.77819749	10660.389877497317	10516.202645936311	8035.257914117254	13360.267896452788	9420.61102203904	104691.29719597238	9691.859605032136
2025-09-18	11600.371583085425	19192.09345470548	23638.030687771832	14548.363312862808	21372.3649941382	148487.38406629596	4345.4248896915415	12197.989030318708	37824.73863642616	11395.546469790846	17984.504015860453	42418.68014189991	47997.34285075207	113810.22332436625	9761.931215417408	12198.137028948559	27962.509136059176	14264.326255451608	11946.549459323152	36297.29543485925	24111.833126382488	14295.40828352933	10234.714344282678	3898.1210094681933	3799.8187127495207	14514.216697459804	27627.633600826633	33432.429996821906	8378.435369933006	14556.874919758007	8408.986964354073	117747.79426955082	16255.260685133186	7182.597112410205	20833.653194162303	16904.84855029654	14129.799279333769	13919.654599329504	61370.48746608963	7817.691250676947	27458.682971756454	12630.637527172257	15095.320683464028	12062.142448404431	11836.774042845838	27134.52632321133	4009.4901794307225	12689.87966982321	92302.8848912171	11564.739268522397	56475.055984532395	22537.841965287844	9460.60959728751	9398.491950560408	20483.891790556387	22188.77397698672	27020.868488714645	78075.36822111314	28886.85550895481	12420.014286640977	7924.251085255668	13833.888582614107	6871.789044181251	7640.029110847798	11867.180888043866	6613.1527709074235	23793.716148166593	13224.270821427624	10832.75604097857	14373.443329333822	7239.622062171098	9279.20327478522	25176.975252791155	34264.60631883035	116502.58311703106	15214.660105321429	97926.55262978548	117242.3127340971	15636.29022945024	10695.100534538593	34313.48656337011	15481.158073875613	19228.131535891494	55821.033985606206	10583.326360459785	11545.764523190788	11397.246564528636	18176.407567235292	17837.041909990145	7628.80989376214	13157.67075214171	11430.612360038951	9281.393964010782	53921.23595008928	57993.615791614335	11749.910123861408	11669.194817582102	8491.500867558554	1042917.1227335987	13924.641562547135	13286.521094358486	16411.75555674627	18532.793540298706	51042.49266013176	17508.889098745	10688.694938748658	10534.601322968156	8062.128957058627	13392.133948226394	9445.30551101952	104708.14859798619	9765.429802516068
2025-09-19	11596.185791542714	19073.54672735274	23794.515343885916	14566.181656431403	21350.6824970691	149441.69203314796	4317.712444845771	12228.494515159353	38157.36931821308	11425.773234895423	17958.752007930227	42624.340070949955	48061.17142537604	113623.11166218313	9818.465607708704	12172.568514474278	28276.254568029588	14247.163127725804	11955.774729661576	36498.64771742962	24373.916563191244	14357.704141764665	10219.85717214134	3908.560504734097	3819.90935637476	14599.608348729902	27524.81680041332	33562.21499841096	8377.217684966503	14515.937459879004	8420.493482177037	117694.39713477541	16180.630342566594	7182.298556205103	21026.82659708115	16949.92427514827	14282.399639666884	13985.327299664752	61535.243733044816	7758.845625338474	27538.341485878227	12644.318763586129	15037.660341732015	12018.571224202216	11843.38702142292	27399.763161605664	4006.7450897153612	12732.439834911605	92142.94244560855	11549.369634261198	56485.0279922662	22640.920982643922	9553.804798643756	9403.245975280204	20573.445895278193	22332.38698849336	26832.934244357322	78028.18411055657	29432.927754477405	12645.507143320488	7993.125542627834	14035.944291307052	6887.394522090625	7691.514555423899	11890.590444021933	6591.576385453712	23706.8580740833	13318.635410713812	10926.378020489285	14685.221664666911	7393.811031085549	9327.10163739261	25357.487626395578	34654.303159415176	116383.79155851553	15263.830052660715	97740.77631489275	117208.65636704855	15633.145114725121	10720.550267269296	34803.243281685056	15502.079036937806	19290.065767945747	56283.0169928031	10571.163180229893	11520.382261595394	11428.123282264318	18245.703783617646	17849.020954995074	7572.90494688107	13175.835376070856	11467.806180019476	9286.696982005391	53927.11797504464	58185.30789580717	11784.955061930705	11697.09740879105	8502.750433779278	1043024.0613667993	13944.820781273567	13300.260547179243	16661.877778373135	18619.396770149353	50820.24633006588	17671.4445493725	10702.84746937433	10571.800661484078	8075.564478529313	13424.066974113197	9408.15275550976	104719.0742989931	9791.214901258034
2025-09-22	11601.592895771357	19077.77336367637	23699.257671942956	14602.090828215702	21506.34124853455	150284.34601657398	4291.356222422885	12201.247257579676	38632.18465910654	11435.886617447712	17930.876003965113	43169.67003547498	48070.585712688015	113469.05583109157	9784.232803854353	12129.28425723714	28470.627284014794	14238.581563862903	11917.887364830789	36571.82385871481	24417.958281595624	14256.352070882333	10167.42858607067	3943.7802523670484	3832.45467818738	14797.304174364952	27328.90840020666	33641.60749920548	8361.608842483252	14457.968729939501	8450.246741088518	117625.6985673877	16170.815171283297	7164.649278102552	21130.913298540574	17057.462137574134	14308.699819833442	14011.163649832375	61917.62186652241	7731.922812669237	27660.170742939114	12646.159381793064	15028.830170866007	12016.785612101108	11844.193510711459	27485.38158080283	3995.3725448576806	12741.219917455803	92062.97122280428	11510.1848171306	56487.5139961331	22714.46049132196	9560.402399321878	9410.622987640101	20637.722947639097	22451.19349424668	26646.467122178663	77889.59205527828	29673.463877238704	12815.253571660243	8017.5627713139165	14234.472145653526	6858.197261045312	7722.257277711949	11870.295222010966	6563.288192726855	23885.92903704165	13395.817705356905	11058.189010244641	14886.110832333456	7478.405515542774	9338.550818696305	25552.74381319779	35081.651579707584	116282.39577925776	15283.415026330356	97678.38815744637	117151.82818352428	15670.07255736256	10708.775133634648	35157.121640842524	15542.039518468904	19380.532883972875	55926.508496401555	10543.081590114947	11500.191130797697	11429.061641132159	18265.351891808823	17907.510477497537	7547.452473440535	13174.917688035428	11486.403090009739	9291.348491002696	53932.55898752232	58256.153947903586	11804.977530965352	11690.048704395525	8484.875216889639	1043113.5306833996	13974.910390636784	13350.63027358962	16774.438889186567	18686.698385074676	50693.12316503294	17752.72227468625	10704.923734687165	10590.400330742039	8078.782239264657	13480.533487056598	9379.57637775488	104727.03714949655	9840.107450629017
2025-09-23	11540.296447885677	19098.886681838187	23565.628835971478	14429.045414107852	21728.670624267274	151275.17300828698	4285.678111211442	12222.62362878984	39019.09232955327	11524.443308723856	17964.438001982555	43742.33501773749	47930.29285634401	113462.02791554578	9722.116401927176	12122.142128618569	28562.813642007397	14216.790781931451	11888.943682415395	36748.411929357404	24479.979140797812	14198.176035441167	10096.214293035335	3921.3901261835244	3866.22733909369	14856.152087182476	27205.95420010333	33763.30374960274	8346.304421241626	14353.98436496975	8416.12337054426	117635.84928369385	16193.40758564165	7166.824639051276	21292.956649270287	17178.731068787067	14376.84990991672	13967.081824916188	62346.31093326121	7718.461406334618	27820.585371469555	12644.579690896531	15071.915085433004	12043.392806050553	11842.09675535573	27518.190790401415	3978.6862724288403	12753.109958727902	91994.48561140214	11493.092408565299	56493.75699806655	22830.73024566098	9481.70119966094	9349.81149382005	20741.361473819547	22604.596747123338	26773.23356108933	77757.79602763914	30084.731938619352	12919.626785830122	8039.781385656958	14433.736072826763	6853.598630522656	7786.628638855975	11851.147611005483	6526.644096363428	24245.464518520825	13493.908852678453	11039.09450512232	15051.055416166728	7655.202757771387	9236.775409348153	25755.371906598895	35425.32578985379	116308.19788962888	15330.707513165178	97624.19407872319	117160.91409176214	15686.53627868128	10688.387566817324	35768.56082042126	15604.519759234452	19487.766441986438	55748.25424820078	10515.040795057474	11437.09556539885	11424.53082056608	18292.67594590441	17901.755238748767	7530.2262367202675	13095.458844017714	11495.70154500487	9298.674245501348	53937.77949376116	58301.57697395179	11814.988765482676	11664.524352197763	8457.93760844482	1043193.7653416998	14034.45519531839	13422.81513679481	16969.719444593284	18703.84919253734	50632.06158251647	17843.361137343127	10700.961867343583	10609.70016537102	8080.391119632328	13579.2667435283	9360.28818887744	104736.01857474828	9902.053725314508
2025-09-24	11483.648223942839	19055.943340919093	23645.81441798574	14134.522707053926	21886.835312133637	151604.0865041435	4267.839055605721	12327.31181439492	39180.046164776635	11512.221654361929	17871.719000991277	43411.16750886875	47618.146428172004	113308.5139577729	9611.058200963587	12179.071064309284	28796.4068210037	14248.395390965725	11946.971841207698	36876.7059646787	24525.989570398906	14316.588017720584	10083.107146517668	3902.695063091762	3828.113669546845	14758.076043591238	27046.977100051663	33850.65187480137	8343.652210620814	14446.992182484875	8357.061685272129	117490.42464184693	16249.703792820825	7163.912319525638	21423.978324635144	17216.86553439353	14400.92495495836	14068.040912458095	62483.155466630604	7726.730703167309	27828.792685734777	12671.289845448266	14913.457542716502	11921.696403025277	11865.548377677864	27566.595395200708	3967.84313621442	12774.054979363951	92180.24280570107	11530.54620428265	56494.37849903328	22881.365122830488	9576.35059983047	9354.405746910026	20790.680736909773	22651.29837356167	26691.616780544668	77449.89801381956	30334.865969309678	12954.81339291506	8185.89069282848	14538.368036413382	7018.799315261328	7784.814319427987	11894.573805502741	6525.822048181713	24625.23225926041	13483.454426339227	11336.54725256116	15024.027708083364	7666.1013788856935	9323.387704674076	25744.18595329945	35402.16289492689	116202.59894481444	15354.35375658259	97659.0970393616	117095.45704588108	15614.26813934064	10721.693783408662	36151.78041021063	15608.259879617226	19491.88322099322	56219.127124100385	10534.520397528737	11449.047782699425	11456.76541028304	18288.837972952206	17831.877619374383	7540.613118360134	13053.229422008857	11517.350772502436	9297.337122750674	53942.88974688058	58406.7884869759	11839.994382741337	11699.76217609888	8485.96880422241	1043269.8826708499	14074.227597659195	13521.907568397404	16977.859722296642	18736.42459626867	50830.030791258236	17895.680568671563	10728.980933671792	10626.850082685509	8118.195559816164	13583.13337176415	9392.14409443872	104743.00928737414	9933.026862657254
2025-09-25	11450.324111971418	18934.47167045955	23822.90720899287	13903.761353526963	21878.91765606682	151542.04325207174	4241.41952780286	12297.655907197459	39141.02308238832	11469.110827180964	17740.859500495637	42903.083754434374	47272.573214086005	113065.25697888645	9710.529100481794	12142.035532154641	28898.20341050185	14244.197695482862	12030.985920603849	36930.85298233935	24516.49478519945	14475.794008860292	10084.053573258834	3880.847531545881	3774.0568347734225	14621.538021795619	27306.98855002583	33870.32593740069	8312.326105310407	14640.996091242438	8300.530842636064	117326.71232092346	16277.851896410411	7164.456159762819	21369.48916231757	17238.432767196766	14348.462477479181	14211.020456229047	62566.5777333153	7715.865351583654	27768.39634286739	12684.644922724132	15021.728771358252	12013.34820151264	11875.274188838932	27588.297697600356	3975.92156810721	12802.027489681976	92137.12140285053	11489.273102141324	56502.18924951664	22884.682561415244	9732.675299915234	9445.702873455013	20795.340368454887	22645.149186780836	26325.808390272334	76972.44900690978	30447.93298465484	12994.40669645753	8383.445346414239	14563.184018206692	7175.399657630664	7822.407159713994	11926.28690275137	6540.411024090857	24787.616129630205	13545.227213169614	11585.273626280581	14938.013854041681	7721.550689442847	9609.193852337037	25643.592976649725	35208.581447463446	116026.29947240722	15343.676878291295	97533.5485196808	116957.72852294054	15512.13406967032	10750.846891704332	36238.390205105316	15577.629939808612	19443.941610496608	56237.06356205019	10542.260198764368	11457.023891349712	11472.882705141521	18269.918986476103	17913.43880968719	7524.306559180067	13054.61471100443	11543.175386251218	9294.668561375336	53950.44487344029	58536.89424348795	11864.997191370669	11729.38108804944	8509.984402111204	1043413.441335425	14086.613798829598	13634.953784198702	16947.42986114832	18691.212298134335	50827.01539562912	17971.840284335784	10740.490466835896	10646.425041342754	8124.597779908082	13589.566685882075	9400.57204721936	104759.00464368708	9946.513431328627
2025-09-26	11347.16205598571	18753.235835229774	23904.453604496433	13685.380676763481	21889.95882803341	151926.52162603586	4190.70976390143	12149.82795359873	38333.51154119416	11398.055413590482	17538.42975024782	42329.04187721718	46643.286607043	112675.12848944322	9647.764550240896	12102.01776607732	28949.101705250927	14144.598847741432	12020.492960301925	36970.426491169674	24389.747392599726	14712.897004430146	10012.026786629416	3867.4237657729404	3727.028417386711	14428.26901089781	27523.994275012916	33921.162968700344	8269.163052655204	14800.498045621218	8252.765421318032	117111.85616046173	16363.925948205206	7155.72807988141	21332.244581158786	17039.21638359838	14247.23123873959	14214.510228114523	61840.78886665765	7700.432675791827	27690.698171433694	12728.822461362066	14815.864385679126	11846.67410075632	11917.137094419466	27507.648848800178	3973.960784053605	12875.513744840988	92330.56070142527	11460.136551070662	56508.59462475832	22935.841280707624	9758.837649957617	9414.351436727506	20849.17018422744	22704.074593390418	25845.404195136165	76309.7245034549	30628.966492327418	13016.703348228766	8472.22267320712	14313.092009103346	7278.199828815332	7861.203579856997	11961.643451375685	6560.205512045428	25006.3080648151	13581.113606584808	11664.63681314029	15000.00692702084	7736.775344721424	9777.096926168519	25595.796488324864	35009.29072373173	115720.6497362036	15353.338439145647	97370.7742598404	116842.36426147027	15345.06703483516	10780.423445852166	36063.69510255266	15535.314969904306	19390.470805248304	55658.5317810251	10514.630099382184	11466.011945674856	11424.44135257076	18297.45949323805	17904.719404843596	7511.653279590033	13027.807355502215	11606.58769312561	9281.334280687668	53956.72243672014	58858.94712174397	11927.498595685334	11764.190544024721	8541.992201055602	1043519.7206677125	14107.806899414798	13684.476892099352	16986.714930574162	18691.106149067167	50988.00769781456	17962.42014216789	10787.745233417947	10683.212520671377	8154.298889954041	13624.783342941038	9428.78602360968	104772.00232184354	9837.256715664313
2025-09-29	11422.581027992856	18704.617917614887	23927.726802248217	13774.69033838174	22071.979414016707	151949.26081301793	4172.854881950715	12075.913976799366	38262.25577059708	11432.027706795241	17496.714875123907	42334.52093860859	46805.1433035215	112504.06424472161	9776.382275120448	12145.00888303866	29162.050852625463	14119.799423870716	11952.746480150963	36980.21324558483	24423.373696299863	14816.448502215073	10026.013393314708	3918.2118828864704	3706.0142086933556	14424.134505448905	27592.497137506456	33915.08148435017	8275.081526327602	14877.749022810609	8317.382710659016	117024.42808023086	16411.962974102604	7136.364039940705	21203.62229057939	17067.10819179919	14271.615619369795	14313.755114057261	61955.394433328824	7715.216337895914	27746.349085716847	12700.911230681033	14762.932192839562	11805.837050378159	11891.068547209732	27561.32442440009	3984.4803920268023	12847.756872420494	92295.78035071264	11507.56827553533	56516.79731237916	22941.420640353812	9749.41882497881	9379.175718363753	20856.08509211372	22708.53729669521	25627.702097568083	75882.36225172745	30706.98324616371	13025.351674114383	8559.11133660356	14335.546004551674	7384.099914407666	7883.101789928498	11984.321725687842	6547.602756022714	25578.15403240755	13557.056803292404	11664.318406570146	15046.00346351042	7804.387672360712	9953.548463084258	25529.398244162432	34924.64536186586	115651.8248681018	15345.669219572825	97406.3871299202	116765.18213073513	15418.03351741758	10800.211722926084	36095.847551276325	15568.657484952153	19433.235402624152	55719.26589051255	10547.315049691093	11458.505972837429	11405.22067628538	18358.229746619025	17957.359702421796	7529.3266397950165	12952.403677751106	11587.793846562805	9279.667140343834	53962.36121836007	58750.473560871986	11906.249297842667	11786.59527201236	8557.996100527802	1043607.8603338562	14145.903449707399	13794.738446049676	16976.35746528708	18742.553074533585	50996.503848907276	17967.710071083944	10769.872616708974	10661.106260335688	8155.149444977021	13627.89167147052	9435.893011804841	104776.00116092176	9865.128357832156
2025-09-30	11418.290513996428	18675.308958807444	24007.36340112411	13733.84516919087	22319.989707008353	152220.13040650898	4136.427440975358	12124.956988399683	38274.12788529854	11394.51385339762	17460.857437561954	42162.260469304296	46883.57165176075	112389.5321223608	9750.691137560225	12181.50444151933	29511.02542631273	14109.899711935359	11928.873240075482	37052.60662279242	24567.186848149933	14773.224251107536	10075.506696657354	3928.605941443235	3675.507104346678	14379.567252724453	27631.748568753228	33976.040742175086	8253.0407631638	14691.374511405305	8297.691355329509	116960.71404011543	16425.9814870513	7108.6820199703525	21116.811145289696	17056.054095899595	14261.307809684899	14420.37755702863	61935.19721666441	7742.608168947957	27784.174542858425	12711.955615340517	14658.966096419781	11730.41852518908	11902.534273604866	27593.162212200044	3989.740196013401	12858.378436210247	92546.39017535633	11521.284137767665	56518.39865618958	22974.210320176906	9816.709412489405	9485.587859181876	20877.04254605686	22750.768648347606	25553.85104878404	75526.68112586372	30745.991623081856	13042.175837057192	8675.05566830178	14361.773002275837	7451.549957203833	7931.050894964249	11971.16086284392	6541.301378011357	26489.077016203773	13569.528401646203	11813.659203285073	15079.00173175521	7780.693836180356	10211.77423154213	25601.199122081216	35124.322680932935	115552.9124340509	15359.334609786412	97476.6935649601	116731.59106536757	15430.516758708789	10782.605861463042	36230.42377563816	15577.828742476077	19459.617701312076	56282.13294525628	10531.657524845547	11464.252986418714	11429.610338142691	18383.61487330951	18030.679851210898	7550.663319897509	12909.701838875553	11600.396923281402	9286.333570171917	53965.18060918004	58773.236780436	11913.124648921334	11772.79763600618	8547.998050263901	1043688.4301669281	14229.4517248537	13834.869223024838	17127.17873264354	18760.776537266793	51134.75192445364	18029.855035541972	10773.436308354487	10675.553130167844	8182.074722488511	13638.94583573526	9472.44650590242	104785.50058046088	9868.564178916078
2025-10-01	11408.645256998214	18648.65447940372	24052.181700562054	13612.922584595435	22423.994853504177	152126.0652032545	4148.213720487679	12260.97849419984	38444.56394264927	11385.75692669881	17388.428718780975	42218.63023465215	47032.785825880375	112339.7660611804	9675.345568780112	12224.252220759665	29793.012713156364	14157.44985596768	11971.93662003774	37171.30331139621	24746.093424074967	14661.61212555377	10077.753348328677	3928.8029707216174	3652.753552173339	14389.783626362227	27741.374284376616	33971.52037108754	8207.5203815819	14528.187255702653	8329.845677664754	116938.85702005771	16408.49074352565	7097.341009985176	21138.40557264485	17143.0270479498	14213.65390484245	14517.688778514315	62250.098608332206	7721.304084473979	27736.087271429213	12709.977807670259	14639.483048209891	11685.20926259454	11898.267136802433	27596.58110610002	3994.8700980067006	12881.189218105123	92434.69508767816	11518.642068883833	56536.69932809479	22973.105160088453	9897.854706244703	9580.793929590938	20872.52127302843	22731.884324173803	25626.92552439202	75495.34056293186	30845.495811540928	13038.087918528596	8678.02783415089	14484.886501137918	7492.774978601917	7993.525447482125	11977.08043142196	6550.650689005679	26739.538508101887	13603.264200823101	11905.829601642537	15000.500865877606	7761.3469180901775	10398.387115771064	25597.09956104061	35174.16134046647	115513.45621702545	15361.167304893206	97490.34678248005	116709.79553268378	15478.758379354394	10793.802930731521	36486.21188781908	15572.41437123804	19435.308850656038	56661.06647262814	10541.328762422774	11453.126493209358	11552.805169071346	18336.807436654755	18010.339925605447	7541.331659948754	12928.350919437777	11609.1984616407	9289.66678508596	53978.59030459002	58804.618390218	11921.562324460667	11780.89881800309	8545.49902513195	1044007.215083464	14256.22586242685	13867.434611512419	17099.089366321772	18740.888268633396	51018.87596222682	18063.427517770986	10765.218154177244	10680.776565083921	8169.037361244255	13644.47291786763	9471.723252951211	104815.25029023044	9918.28208945804
2025-10-02	11457.822628499107	18806.32723970186	24308.590850281027	13716.461292297718	22507.99742675209	152879.53260162723	4176.606860243839	12363.98924709992	39747.781971324635	11351.378463349405	17518.714359390488	42311.81511732607	47618.39291294019	112283.3830305902	9652.672784390055	12257.126110379832	30349.006356578182	14253.72492798384	12103.46831001887	37198.15165569811	25181.04671203748	14633.306062776885	10166.376674164338	3918.9014853608087	3656.3767760866695	14434.891813181113	27885.687142188308	34112.26018554377	8177.26019079095	14391.593627851325	8323.922838832377	116972.42851002885	16446.745371762823	7096.170504992588	21264.202786322425	17439.0135239749	14264.826952421225	14626.844389257158	63370.0493041661	7735.6520422369895	27888.043635714606	12723.988903835128	14774.741524104946	11755.10463129727	11901.133568401216	27875.29055305001	4004.9350490033503	12873.094609052561	92548.84754383907	11551.321034441917	56558.3496640474	23061.552580044226	10101.427353122352	9693.39696479547	20953.760636514213	22851.442162086903	25763.46276219601	75501.67028146592	31364.747905770462	13199.543959264298	8752.013917075445	14905.943250568958	7523.387489300958	8100.7627237410625	12036.04021571098	6515.3253445028395	26549.769254050945	13769.63210041155	12026.914800821269	14996.250432938803	7854.173459045089	10506.693557885532	25787.549780520305	35601.580670233234	115422.22810851273	15413.083652446603	97595.67339124002	116750.39776634189	15714.879189677198	10848.401465365761	37432.10594390954	15642.20718561902	19547.65442532802	56935.53323631407	10597.664381211387	11464.063246604679	11776.902584535674	18244.403718327376	18086.669962802724	7549.165829974378	12910.175459718888	11601.09923082035	9295.83339254298	53995.29515229501	58760.809195109	11913.281162230334	11838.949409001545	8584.249512565975	1044269.107541732	14267.112931213425	13979.21730575621	17303.544683160886	18636.4441343167	51048.43798111341	18264.213758885493	10771.109077088622	10659.88828254196	8167.518680622128	13703.736458933814	9471.361626475606	104840.12514511522	10062.14104472902
2025-10-10	11350.911314249553	18743.66361985093	24217.795425140514	13794.730646148859	22798.998713376044	155313.26630081362	4228.3034301219195	12650.49462354996	41469.89098566232	11334.189231674703	17419.857179695246	42213.407558663035	47991.19645647009	112252.6915152951	9761.336392195028	12140.563055189916	30994.50317828909	14269.36246399192	12124.234155009435	37441.575827849054	25886.02335601874	14579.153031388443	10078.188337082169	3876.4507426804043	3608.1883880433347	14484.945906590558	28715.843571094156	34481.630092771884	8231.630095395474	14228.296813925663	8286.461419416188	117011.21425501443	16443.37268588141	7081.085252496294	21902.10139316121	17814.50676198745	14369.913476210611	14625.92219462858	64715.024652083055	7745.326021118495	28130.521817857305	12815.494451917564	14697.370762052473	11702.552315648634	11984.066784200608	28185.145276525007	4006.967524501675	12958.04730452628	93218.92377191954	11436.160517220958	56569.174832023695	23328.276290022113	9957.713676561176	9563.198482397735	21202.880318257106	23212.72108104345	26199.231381098005	75482.83514073296	32417.87395288523	13446.271979632149	8826.506958537722	15665.97162528448	7516.693744650479	8286.881361870532	12039.02010785549	6457.662672251419	27247.384627025473	13929.816050205776	11989.957400410634	15276.125216469401	8043.086729522544	10388.346778942767	26334.274890260152	36452.29033511662	115364.11405425637	15540.041826223302	97573.83669562	116783.19888317095	15933.439594838599	10868.20073268288	38974.55297195477	15714.10359280951	19712.827212664008	56245.26661815704	10539.832190605694	11519.03162330234	12021.951292267837	18312.201859163688	18011.334981401364	7555.582914987189	13106.587729859444	11682.549615410175	9264.41669627149	54006.1475761475	59165.9045975545	11996.640581115167	11843.974704500772	8575.124756282989	1044437.053770866	14396.556465606713	14309.108652878105	17599.772341580443	18579.22206715835	51485.71899055671	18409.10687944275	10846.054538544311	10702.44414127098	8233.759340311064	13869.868229466907	9538.680813237803	104855.06257255761	10258.570522364509
2025-10-13	11238.455657124778	18672.831809925465	23876.89771257026	13689.86532307443	23247.999356688022	155206.63315040682	4261.65171506096	12836.24731177498	42148.44549283116	11266.594615837352	17268.428589847623	41874.20377933152	47756.098228235045	112515.34575764755	9743.168196097515	12040.781527594958	31857.251589144544	14282.18123199596	12044.617077504718	37468.28791392453	26313.51167800937	14454.576515694222	9926.594168541083	3845.2253713402024	3566.594194021667	14502.472953295279	29432.421785547078	34535.31504638594	8286.315047697737	13974.148406962831	8230.730709708094	117193.10712750722	16319.686342940706	7050.542626248147	21998.550696580605	17914.753380993723	14307.956738105306	14573.96109731429	65087.51232604153	7775.163010559248	27973.760908928652	12908.747225958781	14838.685381026236	11806.276157824317	12062.533392100304	28053.072638262503	4005.9837622508376	13025.52365226314	93810.46188595977	11359.08025861048	56574.58741601185	23313.638145011057	9739.856838280588	9334.099241198866	21187.940159128553	23195.360540521724	26342.115690549002	76050.91757036648	32541.436976442616	13391.135989816074	8803.75347926886	16090.98581264224	7471.346872325239	8394.440680935266	11984.010053927745	6493.83133612571	28373.692313512736	13763.408025102888	11963.978700205316	15251.0626082347	8110.043364761272	10319.173389471383	26343.137445130076	36577.64516755831	115567.55702712818	15537.52091311165	97679.91834781	116917.09944158548	15957.2197974193	10809.600366341441	39447.27648597739	15625.551796404754	19601.913606332004	54972.63330907852	10433.916095302848	11630.01581165117	12119.975646133918	18301.100929581844	17814.16749070068	7592.791457493595	13218.793864929721	11738.274807705087	9225.208348135744	54014.07378807375	59480.95229877725	12063.320290557584	11789.487352250386	8561.562378141494	1044558.526885433	14503.778232803357	14590.554326439053	17613.88617079022	18541.111033579175	52158.35949527835	18432.053439721374	10922.027269272156	10721.22207063549	8321.879670155533	13939.434114733453	9648.840406618901	104870.0312862788	10292.785261182255
2025-10-14	11099.727828562389	18806.415904962734	23625.94885628513	13509.932661537216	23596.99967834401	155150.8165752034	4260.82585753048	12757.62365588749	42301.72274641558	11230.297307918676	17322.21429492381	41629.60188966576	47329.04911411752	112799.17287882377	9654.084098048757	11990.890763797479	31958.625794572272	14203.59061599798	11897.308538752359	37339.14395696226	26270.755839004683	14387.28825784711	9823.297084270542	3757.612685670101	3525.7970970108336	14408.736476647638	30359.21089277354	34486.157523192975	8296.15752384887	13784.574203481416	8177.865354854047	117358.05356375361	16352.843171470353	7037.7713131240735	21954.275348290303	17882.37669049686	14281.978369052653	14507.980548657146	64931.256163020764	7822.581505279624	27820.880454464328	13002.37361297939	15261.842690513118	12153.138078912158	12148.766696050152	28219.53631913125	4008.991881125419	13088.76182613157	94581.73094297989	11285.54012930524	56577.29370800592	23306.31907250553	9526.428419140295	9115.549620599433	21182.97007956428	23186.680270260862	26293.557845274503	76509.95878518323	32603.218488221308	13574.067994908037	8814.87673963443	16165.99290632112	7475.6734361626195	8499.720340467633	11956.505026963872	6529.415668062855	29599.346156756368	13740.204012551443	11728.989350102658	15241.03130411735	8403.021682380637	10149.586694735692	26435.06872256504	36722.822583779154	115777.77851356409	15550.760456555825	97899.959173905	117034.04972079274	15923.60989870965	10787.30018317072	39733.638242988694	15549.775898202377	19503.956803166002	53098.81665453926	10358.458047651424	11599.507905825585	12102.98782306696	18273.550464790922	17845.08374535034	7642.895728746797	13289.89693246486	11795.137403852543	9231.604174067872	54020.53689403688	59780.976149388625	12121.66014527879	11771.743676125192	8559.781189070747	1044656.2634427166	14631.889116401679	14655.277163219525	17588.443085395113	18449.555516789587	52670.17974763918	18361.52671986069	10988.513634636078	10785.611035317745	8412.439835077766	13907.217057366726	9766.920203309452	104882.5156431394	10260.892630591126
2025-10-15	11210.363914281195	18931.707952481367	23670.974428142566	13726.466330768608	23997.499839172007	155135.40828760172	4362.9129287652395	12991.311827943744	42977.361373207794	11335.648653959339	17413.607147461906	41699.80094483288	47874.02455705876	113035.08643941188	9612.042049024378	12031.445381898739	32139.312897286138	14244.29530799899	11996.15426937618	37562.07197848113	26401.37791950234	14328.644128923555	9851.64854213527	3740.8063428350506	3527.898548505417	14436.86823832382	30613.10544638677	34520.57876159649	8204.078761924435	13622.287101740709	8178.932677427023	117462.5267818768	16396.421585735177	7079.885656562037	21902.137674145153	18113.688345248433	14463.489184526326	14568.990274328573	65755.62808151038	7853.790752639812	27850.940227232164	13002.186806489695	15490.92134525656	12371.569039456079	12154.883348025076	28258.768159565625	4014.4959405627096	13068.380913065785	94796.36547148995	11340.770064652621	56578.64685400296	23324.659536252766	9507.214209570147	9038.274810299718	21199.98503978214	23177.34013513043	26944.27892263725	76866.47939259162	32704.109244110652	13675.533997454018	8860.438369817215	16523.49645316056	7507.336718081309	8596.360170233816	11982.252513481937	6522.207834031427	30807.173078378182	13696.102006275722	11668.99467505133	15124.015652058675	8576.510841190318	10109.793347367846	26488.03436128252	36770.41129188958	115909.88925678204	15567.380228277912	98031.4795869525	117110.02486039637	16097.804949354824	10798.650091585361	40075.31912149435	15580.887949101188	19527.478401583	52904.40832726963	10381.229023825712	11679.753952912793	12133.49391153348	18343.775232395463	17865.54187267517	7672.447864373398	13370.44846623243	11787.068701926271	9237.302087033935	54026.26844701844	59728.48807469431	12110.830072639395	11777.871838062596	8566.890594535373	1044741.1317213583	14745.44455820084	14798.138581609763	17533.221542697556	18517.777758394794	52770.58987381959	18435.263359930344	10993.256817318039	10781.305517658871	8439.219917538883	13877.608528683362	9780.460101654726	104891.2578215697	10366.446315295563
2025-10-16	11265.681957140598	19475.853976240684	23715.487214071283	13978.733165384303	24290.249919586004	155272.70414380086	4428.95646438262	13177.155913971872	44113.1806866039	11415.82432697967	17815.303573730955	41717.40047241644	48348.51227852938	112991.04321970594	9596.021024512189	12124.72269094937	32319.65644864307	14259.647653999495	12113.07713468809	37543.53598924057	26583.18895975117	14301.822064461778	10008.324271067635	3717.4031714175253	3546.449274252708	14500.93411916191	30513.052723193385	34564.78938079825	8208.039380962218	13553.643550870354	8149.4663387135115	117389.2633909384	16448.21079286759	7077.942828281019	22011.068837072577	18469.344172624216	14608.744592263163	14574.495137164286	67047.81404075518	7866.895376319906	27927.97011361608	12982.093403244848	16245.46067262828	12980.78451972804	12142.941674012538	28293.384079782812	4017.247970281355	13048.190456532891	94866.68273574498	11437.88503232631	56584.32342700148	23328.829768126383	9425.107104785075	9064.637405149859	21203.49251989107	23195.170067565217	27502.139461318628	76599.23969629582	32993.55462205532	13765.76699872701	8935.719184908608	16919.24822658028	7570.168359040655	8674.180085116908	11958.126256740969	6501.103917015714	30758.58653918909	13689.051003137862	11606.497337525665	15013.007826029338	8807.75542059516	10092.396673683923	26582.01718064126	36859.20564594479	115854.94462839102	15580.690114138957	98090.23979347624	117073.01243019819	16322.402474677412	10776.82504579268	40752.659560747175	15613.943974550595	19576.2392007915	52562.204163634815	10379.614511912856	11717.376976456397	12107.24695576674	18378.88761619773	17851.270936337583	7682.723932186699	13460.724233116216	11763.534350963135	9252.651043516968	54034.134223509216	59649.744037347155	12092.915036319697	11753.935919031297	8550.445297267686	1044889.5658606791	14757.72227910042	14933.06929080488	17550.61077134878	18559.388879197395	52719.79493690979	18430.131679965172	10969.12840865902	10779.152758829436	8434.10995876944	13843.304264341681	9772.230050827362	104903.12891078484	10523.723157647783
2025-10-17	11290.840978570299	19840.926988120344	23537.74360703564	13994.866582692151	24837.124959793	154410.35207190044	4389.47823219131	13166.577956985937	45109.59034330195	11440.912163489835	18075.651786865477	41601.20023620822	48211.75613926469	113010.02160985296	9503.010512256094	12117.861345474685	32384.828224321536	14292.323826999747	12134.038567344045	37356.767994620284	26560.094479875585	14170.911032230888	10061.662135533817	3681.2015857087627	3535.724637126354	14577.967059580955	30401.02636159669	34423.894690399124	8177.519690481109	13346.821775435177	8103.233169356756	117406.6316954692	16339.605396433795	7046.471414140509	21945.53441853629	18674.672086312108	14457.372296131582	14486.747568582143	67778.90702037759	7913.447688159953	27760.98505680804	13024.046701622425	17172.73033631414	13717.89225986402	12181.470837006269	28283.192039891408	4014.623985140677	13053.095228266446	95307.34136787249	11441.442516163155	56592.16171350074	23187.91488406319	9253.053552392537	8988.318702574928	21072.746259945536	23070.58503378261	27501.069730659314	76547.11984814791	32869.27731102766	13692.383499363505	8905.859592454304	17119.62411329014	7453.584179520327	8710.590042558455	11897.063128370484	6543.051958507856	31016.793269594546	13593.52550156893	11328.248668762833	14870.003913014669	8744.37771029758	9931.19833684196	26372.00859032063	36356.602822972396	115903.9723141955	15537.845057069479	98351.61989673812	117151.5062150991	16395.701237338704	10724.41252289634	40877.82978037359	15506.971987275298	19464.119600395752	51708.60208181741	10331.307255956428	11655.6884882282	12084.12347788337	18117.443808098866	17687.63546816879	7721.861966093349	13604.362116558108	11763.767175481567	9250.325521758485	54040.56711175461	59665.37201867357	12098.957518159848	11698.967959515649	8523.222648633844	1045003.7829303396	14743.86113955021	14829.03464540244	17830.30538567439	18379.694439598697	53046.397468454896	18263.565839982584	10991.06420432951	10780.576379414717	8477.05497938472	13795.15213217084	9824.115025413681	104919.06445539242	10623.861578823891
2025-10-20	11405.920489285149	20206.46349406017	23609.87180351782	14720.433291346075	24714.5624798965	155332.17603595022	4364.739116095655	13294.288978492968	46298.79517165097	11509.956081744916	18298.32589343274	41995.60011810411	49048.878069632345	113007.51080492648	9526.505256128046	12199.930672737342	32689.914112160768	14306.161913499873	12164.519283672023	37385.88399731014	26732.54723993779	14200.455516115444	10193.331067766909	3705.1007928543813	3557.862318563177	14796.483529790477	30080.513180798345	34535.94734519956	8269.259845240555	13225.91088771759	8111.616584678378	117378.3158477346	16307.802698216898	7053.735707070255	21912.767209268146	18954.836043156054	14441.18614806579	14410.87378429107	68796.95351018879	7904.2238440799765	27944.992528404022	13003.023350811212	17713.86516815707	14183.94612993201	12163.735418503134	28366.596019945704	4014.8119925703386	13055.547614133222	95119.67068393625	11522.221258081578	56596.08085675037	23277.957442031595	9243.526776196268	8942.659351287464	21156.873129972766	23208.792516891306	27700.534865329657	76502.05992407395	33160.13865551383	13702.691749681751	8880.929796227152	17399.81205664507	7395.292089760163	8652.795021279228	11928.031564185243	6501.525979253928	30293.396634797275	13543.262750784466	11206.624334381417	14816.001956507334	8648.18885514879	9890.59916842098	26434.504295160317	36477.3014114862	115851.98615709775	15580.422528534738	98318.80994836906	117200.25310754955	16680.850618669352	10747.20626144817	41307.914890186796	15574.485993637649	19592.059800197876	52276.8010409087	10358.653627978214	11741.8442441141	12156.061738941684	18076.22190404943	17804.317734084398	7711.930983046675	13683.681058279053	11758.883587740784	9254.162760879242	54046.28355587731	59648.18600933679	12094.478759079924	11726.483979757824	8548.611324316922	1045099.3914651698	14699.430569775104	14829.01732270122	17749.152692837197	18470.847219799347	52926.19873422745	18324.282919991292	10961.032102164754	10783.788189707358	8475.52748969236	13885.076066085421	9811.55751270684	104927.03222769621	10762.430789411945
2025-10-21	11475.460244642574	20535.731747030084	23946.43590175891	14902.216645673037	24942.28123994825	156847.5880179751	4394.869558047827	13527.144489246484	46624.397585825485	11586.478040872458	18531.66294671637	42250.30005905205	49394.93903481617	112929.25540246324	9578.252628064023	12297.96533636867	33057.457056080384	14393.080956749936	12204.759641836012	37597.94199865507	27052.273619968895	14335.227758057721	10281.665533883453	3695.0503964271907	3563.9311592815884	14880.74176489524	29486.75659039917	34762.47367259978	8389.629922620277	13212.955443858795	8074.3082923391885	117329.6579238673	16326.901349108448	7078.367853535127	22231.383604634073	19112.41802157803	14500.593074032895	14556.436892145535	69373.4767550944	7927.111922039989	28118.99626420201	13047.011675405607	18074.432584078535	14456.973064966005	12204.367709251568	28660.798009972852	4014.9059962851693	13091.273807066611	95659.83534196812	11603.110629040788	56600.540428375185	23468.978721015796	9392.763388098134	9033.829675643732	21331.436564986383	23435.896258445653	27700.267432664827	76321.02996203698	33425.569327756915	13814.345874840876	8965.964898113576	17454.906028322534	7435.146044880082	8601.897510639614	12007.015782092622	6458.262989626965	29859.198317398637	13610.131375392233	11327.812167190708	14919.000978253667	8714.094427574395	10020.29958421049	26617.75214758016	36447.6507057431	115727.49307854887	15665.71126426737	98381.90497418452	117168.12655377478	16770.425309334678	10825.103130724085	41813.4574450934	15658.242996818824	19722.52990009894	53258.40052045435	10400.826813989108	11789.92212205705	12269.030869470842	18168.610952024716	17887.1588670422	7736.465491523337	13745.340529139527	11795.941793870392	9268.58138043962	54051.641777938654	59832.09300466839	12127.239379539962	11804.741989878912	8602.305662158462	1045186.1957325849	14692.215284887552	14853.00866135061	17781.0763464186	18659.923609899673	53225.599367113726	18377.141459995648	10991.516051082377	10830.89409485368	8519.76374484618	13969.53803304271	9864.77875635342	104936.0161138481	10850.215394705972
2025-10-22	11510.230122321287	20908.865873515042	23946.217950879454	15020.108322836519	24533.640619974125	157826.29400898755	4434.9347790239135	13854.072244623243	47031.19879291274	11666.73902043623	18814.831473358186	42445.15002952603	49789.969517408084	113068.62770123163	9609.126314032012	12318.482668184335	33366.22852804019	14469.04047837497	12331.879820918006	37993.97099932753	27170.136809984448	14390.11387902886	10460.832766941727	3714.525198213595	3564.465579640794	15012.87088244762	29339.378295199585	34952.23683629989	8519.814961310138	13341.477721929397	8080.154146169594	117408.82896193364	16298.950674554224	7117.683926767564	22425.691802317036	19306.209010789014	14515.296537016447	14593.218446072768	70084.2383775472	7953.555961019994	28238.498132101005	13081.505837702804	18664.716292039266	14953.486532483003	12234.683854625784	28928.899004986426	4013.452998142585	13119.136903533305	96113.91767098405	11634.555314520394	56605.27021418759	23611.489360507898	9367.881694049067	9012.414837821867	21460.21828249319	23584.448129222827	27827.633716332413	76465.5149810185	33473.284663878454	13867.672937420437	8958.482449056788	17547.453014161267	7423.073022440041	8534.948755319807	12078.50789104631	6426.631494813482	28799.59915869932	13648.565687696117	11440.906083595353	15062.500489126833	8672.547213787198	10025.149792105245	26621.87607379008	36158.32535287155	115773.74653927443	15723.355632133684	98460.45248709226	117197.06327688739	16856.21265466734	10888.051565362042	41910.2287225467	15727.121498409411	19805.26495004947	55189.200260227175	10436.413406994554	11798.961061028525	12335.015434735422	18244.305476012356	18105.0794335211	7763.232745761668	13826.170264569762	11826.470896935196	9273.29069021981	54054.32088896933	59964.0465023342	12156.119689769981	11877.370994939456	8654.152831079231	1045266.0978662925	14649.107642443776	14826.504330675305	17915.5381732093	18834.46180494984	53550.79968355686	18458.070729997824	11030.758025541189	10858.44704742684	8561.88187242309	14013.769016521355	9928.389378176711	104943.00805692405	10951.607697352985
2025-10-23	11471.615061160643	20801.93293675752	23985.108975439725	14856.054161418258	24264.320309987063	158149.64700449377	4464.967389511957	14069.536122311622	47040.59939645637	11617.869510218115	18729.915736679093	42317.57501476302	50071.98475870404	112928.31385061581	9482.063157016006	12352.241334092167	33408.1142640201	14434.520239187485	12317.939910459003	38011.985499663766	27149.568404992224	14602.55693951443	10622.916383470863	3744.2625991067976	3554.732789820397	15003.93544122381	29672.18914759979	35102.11841814994	8584.907480655069	13678.238860964699	8085.077073084797	117293.41448096682	16329.975337277112	7129.841963383782	22542.84590115852	19298.104505394505	14440.148268508223	14650.109223036383	70039.61918877359	7954.277980509997	28171.749066050503	13138.752918851402	18812.358146019633	15071.743266241501	12293.841927312893	29038.44950249321	4016.7264990712924	13178.068451766652	96547.45883549203	11674.277657260198	56612.635107093796	23692.74468025395	9367.940847024533	8954.707418910933	21534.109141246598	23621.224064611415	28348.816858166207	76211.75749050925	33328.14233193923	13792.836468710218	8974.741224528394	17536.22650708063	7424.536511220021	8415.974377659903	12140.253945523156	6445.815747406741	28307.29957934966	13585.782843848057	11459.953041797677	15149.250244563416	8534.7736068936	10122.574896052622	26504.43803689504	35706.16267643578	115690.87326963722	15766.677816066842	98489.72624354613	117136.5316384437	16788.60632733367	10941.025782681021	41707.11436127335	15714.560749204706	19757.632475024737	56809.600130113584	10451.706703497277	11871.980530514262	12446.507717367711	18279.652738006178	18161.539716760548	7776.616372880834	13992.085132284881	11877.735448467598	9268.145345109904	54060.16044448466	60237.0232511671	12210.55984488499	11938.185497469727	8709.076415539615	1045418.5489331463	14620.053821221889	14813.252165337653	17905.76908660465	18864.23090247492	53866.89984177843	18493.535364998912	11090.879012770594	10900.22352371342	8610.940936211544	14082.884508260679	9979.694689088356	104956.50402846202	10955.803848676493
2025-10-24	11430.307530580321	20767.96646837876	24112.054487719863	14967.52708070913	24035.16015499353	159069.32350224687	4564.983694755978	14360.26806115581	48069.799698228184	11595.934755109058	18649.957868339545	42248.78750738151	50819.49237935202	112899.1569253079	9456.031578508002	12367.120667046083	33359.05713201005	14469.760119593742	12340.969955229502	38283.49274983189	27139.284202496114	14713.778469757215	10871.458191735432	3736.631299553399	3539.8663949101983	15116.967720611905	29743.594573799895	35275.05920907497	8681.953740327535	13946.61943048235	8056.038536542399	117257.7072404834	16345.487668638556	7138.420981691891	22711.42295057926	19539.052252697253	14490.074134254111	14769.554611518191	70939.8095943868	7942.138990254998	28289.37453302525	13144.8764594257	19733.679073009815	15820.87163312075	12298.920963656446	29206.724751246606	4028.363249535646	13195.034225883326	96622.72941774601	11696.638828630099	56621.3175535469	23802.872340126974	9447.470423512266	8955.353709455467	21635.0545706233	23760.612032305708	29196.9084290831	76008.37874525462	33698.57116596961	13945.91823435511	9190.370612264196	17778.113253540316	7508.76825561001	8470.987188829951	12195.626972761578	6415.407873703371	27816.14978967483	13715.891421924029	11748.97652089884	15230.125122281708	8550.3868034468	10293.78744802631	26712.71901844752	35962.08133821789	115649.43663481862	15817.83890803342	98394.86312177306	117131.26581922185	16939.303163666835	10991.51289134051	42124.55718063668	15769.780374602353	19845.31623751237	57509.80006505679	10483.85335174864	11903.49026525713	12532.253858683856	18329.826369003087	18277.269858380274	7766.308186440418	13998.542566142442	11898.367724233798	9275.572672554952	54068.08022224233	60313.511625583546	12227.779922442496	11992.092748734864	8753.538207769809	1045533.2744665731	14605.526910610944	14816.126082668827	17987.884543302323	18891.61545123746	53805.449920889216	18570.767682499456	11099.439506385297	10921.11176185671	8616.970468105772	14174.44225413034	9976.347344544178	104968.25201423101	11078.901924338246
2025-10-27	11480.65376529016	20765.983234189378	24289.52724385993	15322.263540354565	23888.580077496765	160581.16175112344	4639.991847377989	14825.134030577905	49372.899849114096	11688.467377554529	18644.978934169772	43286.893753690754	51681.74618967601	112664.57846265395	9560.515789254001	12411.06033352304	33484.52856600503	14567.380059796871	12439.984977614751	38494.24637491594	27268.142101248057	14711.889234878607	11088.229095867715	3722.8156497766995	3549.933197455099	15445.983860305952	29714.79728689995	35492.029604537485	8600.976870163768	14120.809715241176	8051.5192682711995	117089.8536202417	16360.743834319277	7130.210490845946	22955.71147528963	19934.526126348625	14652.037067127056	14916.777305759097	72369.90479719339	7906.069495127499	28598.687266512625	13102.93822971285	20224.339536504907	16225.435816560375	12264.460481828224	29275.862375623303	4036.681624767823	13183.517112941663	96264.864708873	11739.81941431505	56625.658776773445	23981.436170063487	9591.235211756133	9015.676854727733	21796.027285311648	23991.306016152856	29930.95421454155	75556.68937262731	34237.285582984805	14190.959117177554	9350.685306132098	18111.556626770158	7587.884127805005	8635.993594414977	12210.81348638079	6350.203936851685	27160.574894837417	13818.445710962014	12003.48826044942	15380.562561140854	8657.6934017234	10444.393724013156	27143.85950922376	36645.040669108945	115487.71831740931	15888.41945401671	98360.43156088653	117033.63290961093	17198.151581833416	11014.256445670255	42906.77859031834	15898.890187301176	20061.158118756182	58472.4000325284	10504.92667587432	11905.245132628566	12582.626929341928	18472.913184501544	18332.634929190135	7732.154093220209	13982.27128307122	11889.683862116899	9288.786336277477	54072.04011112117	60257.25581279177	12216.389961221248	12010.046374367432	8770.769103884904	1045628.6372332866	14583.263455305472	14915.563041334413	18223.44227165116	18955.30772561873	53461.72496044461	18787.883841249728	11062.719753192649	10927.055880928354	8580.485234052885	14334.22112706517	9921.173672272089	104974.1260071155	11275.950962169123
2025-10-28	11493.82688264508	20649.49161709469	24315.263621929967	15474.631770177282	23434.290038748382	162266.08087556172	4622.4959236889945	15139.567015288952	49765.44992455705	11762.233688777265	18639.989467084888	43893.44687684538	52045.873094838	112670.78923132698	9660.257894627	12435.53016676152	33734.764283002514	14576.190029898436	12456.992488807377	38597.12318745797	27414.57105062403	14738.444617439303	11164.114547933857	3745.9078248883498	3554.9665987275494	15612.991930152977	29333.898643449975	35705.01480226874	8577.988435081883	14130.404857620588	8075.7596341356	117077.42681012084	16300.871917159639	7108.105245422973	23132.855737644815	20037.263063174312	14646.018533563529	15012.888652879548	72754.9523985967	7938.03474756375	28832.843633256314	13129.469114856425	20687.169768252454	16662.71790828019	12286.730240914112	29379.93118781165	4040.8408123839117	13197.758556470832	96866.9323544365	11743.909707157525	56630.32938838672	24162.718085031745	9621.617605878066	9033.338427363866	21955.013642655824	24233.153008076428	30710.477107270774	75438.34468631365	34670.6427914924	14303.479558588777	9370.842653066049	18090.77831338508	7610.442063902503	8671.496797207488	12225.906743190395	6295.101968425843	26397.78744741871	14001.722855481006	12110.74413022471	15425.781280570427	8711.3467008617	10507.196862006578	27391.92975461188	37033.52033455447	115451.35915870465	15950.209727008354	98527.21578044326	116952.31645480546	17263.575790916708	11016.628222835127	43446.88929515917	15990.94509365059	20239.07905937809	58336.2000162642	10500.963337937159	11864.122566314283	12595.313464670964	18524.45659225077	18397.817464595068	7763.577046610104	13924.63564153561	11904.34193105845	9306.893168138738	54076.520055560584	60333.62790639589	12235.694980610624	12021.023187183717	8758.384551942452	1045716.3186166433	14552.131727652737	14972.281520667206	18420.72113582558	19026.153862809366	53751.862480222306	18926.441920624864	11087.859876596325	10963.027940464177	8625.242617026443	14466.110563532584	9969.086836136044	104984.56300355775	11319.475481084562
2025-10-29	11453.91344132254	20809.245808547344	24309.131810964984	15543.815885088641	23259.64501937419	163765.54043778084	4738.747961844498	15477.783507644475	50763.224962278524	11762.116844388633	18717.494733542444	43946.72343842269	52290.436547419	112426.89461566349	9865.1289473135	12361.26508338076	34092.38214150126	14578.095014949218	12487.996244403688	38483.561593728984	27574.785525312014	14664.22230871965	11224.55727396693	3717.953912444175	3514.9832993637747	15673.995965076489	29631.949321724987	35831.00740113437	8581.494217540941	14022.702428810295	8036.3798170678	116859.21340506042	16362.93595857982	7077.052622711486	23103.927868822408	20298.631531587154	14633.009266781764	15090.444326439774	73692.47619929834	7959.017373781875	29143.421816628157	13120.234557428212	21016.084884126227	16953.858954140094	12275.865120457056	29273.965593905825	4054.420406191956	13182.379278235416	96952.96617721824	11634.954853578762	56632.66469419336	24275.859042515873	9639.308802939033	9024.669213681933	22047.006821327912	24460.576504038214	31545.238553635387	74952.67234315682	35220.8213957462	14433.739779294388	9505.421326533025	18270.389156692538	7789.2210319512515	8846.248398603744	12189.953371595198	6227.550984212921	26203.893723709356	14133.361427740503	12194.372065112355	15478.390640285214	8713.67335043085	10748.598431003289	27612.964877305938	37315.260167277236	115270.17957935232	15986.104863504177	98554.10789022164	116844.65822740273	17477.787895458354	10972.314111417563	44319.944647579585	16074.472546825295	20447.039529689046	58068.100008132096	10474.48166896858	11802.561283157142	12552.156732335483	18491.728296125388	18437.908732297532	7783.788523305052	13940.817820767805	11888.170965529225	9306.94658406937	54081.26002778029	60277.31395319794	12222.847490305312	11978.511593591858	8725.192275971225	1045798.6593083217	14549.065863826369	14836.640760333603	18623.86056791279	19037.576931404685	53850.93124011115	19050.220960312432	11083.929938298163	10957.013970232088	8631.121308513222	14689.055281766292	9998.043418068022	104992.28150177887	11451.737740542281
2025-10-30	11399.95672066127	20967.122904273674	24134.065905482494	15580.40794254432	23162.322509687096	164017.77021889042	4709.373980922249	15676.391753822238	51416.612481139266	11710.058422194317	18821.247366771222	43873.361719211345	52820.2182737095	112031.94730783175	9790.06447365675	12162.63254169038	34083.69107075063	14606.54750747461	12565.998122201843	38379.28079686449	27446.392762656007	14624.611154359825	11197.278636983465	3731.476956222087	3469.9916496818873	15629.497982538243	29606.474660862492	35765.003700567184	8575.74710877047	13948.851214405147	8056.6899085339	116563.1067025302	16341.96797928991	7005.526311355743	23116.963934411204	20459.315765793577	14589.004633390883	15097.222163219887	74276.23809964917	7912.0086868909375	29249.21090831408	13051.117278714106	20748.042442063113	16726.929477070047	12213.432560228528	29049.982796952914	4068.7102030959777	13147.689639117707	96338.98308860912	11427.97742678938	56638.83234709668	24232.929521257938	9546.154401469517	8893.834606840966	22013.503410663958	24497.288252019105	31710.11927681769	74131.83617157841	35528.4106978731	14528.869889647194	9682.710663266513	18522.69457834627	7878.610515975626	8872.124199301872	12116.4766857976	6206.275492106461	25986.946861854678	14166.680713870252	12133.686032556177	15157.695320142608	8752.336675215425	10936.799215501644	27803.48243865297	37581.13008363862	114976.58978967616	15952.552431752089	98351.05394511082	116671.32911370136	17594.89394772918	10893.657055708782	45013.97232378979	16093.736273412647	20523.519764844525	58834.05000406605	10423.74083448429	11602.28064157857	12429.578366167741	18277.364148062694	18352.954366148766	7740.8942616525255	13876.408910383903	11865.585482764613	9297.473292034685	54088.63001389014	60146.65697659897	12193.923745152657	11893.75579679593	8667.596137985613	1045951.3296541609	14508.032931913185	14720.320380166802	18705.930283956397	18955.788465702342	53425.96562005558	19176.610480156218	11033.964969149081	10917.506985116044	8582.560654256611	14805.027640883145	9919.521709034012	105006.14075088943	11534.36887027114
2025-10-31	11389.478360330635	21414.561452136837	23933.532952741247	15687.20397127216	23235.661254843548	163907.3851094452	4684.686990461125	15661.695876911119	51740.80624056963	11733.529211097159	19173.12368338561	44354.18085960567	53022.60913685475	111805.47365391588	9920.032236828374	12134.31627084519	34294.345535375316	14530.773753737305	12597.499061100922	38369.640398432246	27653.196381328	14552.305577179912	11161.139318491732	3733.2384781110436	3437.495824840944	15689.748991269122	29379.237330431246	35633.50185028359	8582.873554385234	13921.925607202575	8066.84495426695	116373.0533512651	16261.483989644956	6979.7631556778715	23070.981967205604	20659.65788289679	14462.002316695442	14954.611081609943	74973.11904982459	7866.004343445469	29289.60545415704	13004.058639357052	20399.02122103156	16453.464738535025	12169.716280114264	28890.991398476457	4065.855101547989	13125.344819558853	95618.99154430456	11371.98871339469	56644.416173548336	24166.96476062897	9429.577200734759	8959.917303420483	21955.25170533198	24484.144126009553	31605.059638408846	73330.9180857892	35517.70534893655	14482.434944823597	9726.355331633256	18658.847289173136	7832.305257987813	8946.562099650935	12020.2383428988	6198.13774605323	26240.97343092734	14183.340356935125	11871.34301627809	14982.347660071304	8654.668337607713	10928.399607750822	27719.241219326483	37424.56504181931	114773.29489483808	15903.276215876045	98067.52697255541	116614.66455685068	17684.44697386459	10834.328527854392	45280.98616189489	16080.868136706324	20547.259882422262	58762.02500203303	10388.370417242146	11528.640320789285	12415.28918308387	18229.68207403135	18325.477183074385	7704.447130826263	13777.204455191952	11849.292741382305	9285.236646017343	54092.31500694507	60038.828488299485	12174.461872576328	11821.377898397965	8612.298068992806	1046067.1648270804	14505.016465956593	14679.660190083401	18788.9651419782	18892.39423285117	53051.48281002779	19224.80524007811	10982.48248457454	10878.753492558022	8542.280327128305	14858.513820441573	9854.260854517006	105018.07037544472	11642.18443513557
2025-11-03	11394.239180165318	21524.28072606842	23995.266476370623	15892.60198563608	23297.330627421776	163650.1925547226	4639.843495230562	15847.84793845556	53205.90312028481	11782.764605548578	19171.561841692805	44784.59042980283	53798.804568427375	111583.73682695793	10015.016118414187	12130.158135422595	34497.17276768766	14520.386876868652	12503.24953055046	38359.82019921612	27868.598190664	14573.652788589956	11280.569659245866	3754.1192390555216	3406.247912420472	15887.374495634562	29163.618665215625	35597.250925141794	8620.936777192617	14040.962803601287	8113.422477133475	116130.02667563254	16211.241994822478	6964.381577838936	23080.490983602802	21089.828941448395	14456.00115834772	14883.305540804971	76529.0595249123	7838.002171722735	29237.80272707852	12995.529319678526	20307.01061051578	16451.732369267513	12162.858140057131	28979.49569923823	4045.4275507739944	13133.672409779427	95076.99577215228	11338.994356697345	56649.70808677417	24128.982380314483	9378.78860036738	9012.958651710242	21921.125852665988	24447.572063004776	32410.02981920442	72766.9590428946	35459.852674468275	14508.717472411798	9718.177665816627	19064.423644586568	7885.652628993907	9045.281049825468	12006.6191714494	6209.068873026616	26345.48671546367	14109.170178467562	11632.671508139045	14947.173830035652	8660.334168803856	10851.69980387541	27729.12060966324	37381.282520909655	114619.64744741903	15869.138107938023	97935.2634862777	116491.33227842534	18000.223486932293	10814.664263927196	45911.993080947446	16051.934068353163	20509.129941211133	59696.012501016514	10368.185208621073	11457.820160394644	12386.144591541935	18220.841037015674	18354.238591537192	7667.223565413131	13720.102227595977	11846.146370691153	9276.618323008672	54096.65750347254	60054.91424414974	12177.230936288164	11812.688949198982	8591.149034496404	1046161.5824135402	14481.008232978296	14599.8300950417	18773.4825709891	18794.197116425585	52820.74140501389	19172.402620039054	10980.74124228727	10873.876746279011	8522.140163564152	14826.256910220785	9799.630427258504	105024.03518772236	11843.592217567784
2025-11-04	11541.119590082659	21258.14036303421	23987.133238185314	15581.30099281804	23206.165313710888	163213.0962773613	4602.421747615281	15861.42396922778	53195.45156014241	11834.38230277429	18990.780920846402	45749.795214901416	53784.40228421369	111513.86841347897	10052.508059207094	12115.579067711296	34181.08638384383	14445.193438434326	12408.62476527523	38134.91009960806	27719.799095332	14584.326394294978	11297.784829622933	3767.059619527761	3390.623956210236	16186.18724781728	28843.809332607812	35517.1254625709	8669.96838859631	14052.981401800644	8173.711238566737	116008.51333781627	16143.620997411239	6951.690788919468	22960.2454918014	20999.914470724198	14351.00057917386	14813.152770402485	76234.52976245615	7829.001085861368	29062.901363539262	13043.264659839264	20263.505305257888	16465.866184633756	12206.429070028566	29026.247849619114	4040.2137753869974	13182.836204889714	95042.99788607613	11281.997178348673	56652.35404338708	24089.99119015724	9284.394300183689	8924.979325855122	21892.062926332994	24384.286031502386	32607.51490960221	72278.9795214473	35286.92633723414	14481.858736205899	9624.588832908314	19132.211822293284	7857.826314496953	9109.140524912735	11965.309585724699	6254.534436513308	26525.243357731837	14082.08508923378	11480.835754069521	14954.586915017826	8720.667084401928	10633.349901937705	27624.56030483162	37064.641260454824	114601.82372370952	15839.569053969011	97792.13174313886	116472.16613921267	17955.611743466146	10784.832131963598	45792.49654047372	15968.467034176581	20383.064970605566	59418.00625050826	10296.092604310536	11358.410080197322	12349.072295770968	18107.42051850784	18428.619295768596	7655.6117827065655	13736.551113797988	11895.573185345576	9252.309161504336	54101.32875173627	60297.45712207487	12221.115468144082	11773.844474599491	8564.074517248202	1046248.2912067701	14454.004116489148	14547.41504752085	18693.24128549455	18590.59855821279	52966.870702506945	19093.701310019525	11025.370621143635	10866.438373139506	8545.570081782076	14814.628455110393	9820.315213629252	105034.51759386118	11790.296108783892
2025-11-05	11553.559795041328	20905.570181517105	24005.066619092657	15283.65049640902	23130.582656855444	162877.04813868064	4501.21087380764	15307.71198461389	52333.7257800712	11830.691151387146	18657.8904604232	45979.89760745071	53019.701142106846	111343.43420673948	10018.754029603548	12069.789533855648	33743.04319192191	14382.596719217163	12368.812382637614	38127.45504980403	27625.399547666	14589.663197147489	11066.392414811467	3723.5298097638806	3325.311978105118	16090.59362390864	29050.404666303904	35564.06273128545	8751.984194298155	14033.990700900322	8129.8556192833685	115822.25666890814	16019.81049870562	6940.345394459734	22930.1227459007	20679.957235362097	14266.00028958693	14894.076385201242	75047.26488122807	7832.000542930684	28844.45068176963	13127.132329919632	19969.252652628944	16232.933092316878	12277.214535014282	28988.12392480956	4037.6068876934987	13259.418102444857	95407.99894303807	11296.498589174336	56656.17702169354	24119.99559507862	9269.197150091844	9012.48966292756	21922.031463166495	24330.143015751193	31861.257454801103	71821.98976072365	34905.96316861707	14327.429368102949	9560.294416454157	18813.605911146642	7986.913157248477	9055.570262456367	12016.15479286235	6299.767218256654	26585.12167886592	13929.54254461689	11499.91787703476	14833.293457508913	8583.833542200964	10656.674950968852	27484.78015241581	36521.82063022741	114464.41186185475	15832.284526984506	97764.06587156943	116380.08306960633	17729.30587173307	10821.916065981799	45389.24827023686	15899.23351708829	20230.032485302785	57159.00312525413	10289.546302155268	11413.70504009866	12469.036147885483	18238.71025925392	18383.3096478843	7654.805891353282	13744.775556898994	11963.786592672788	9235.154580752169	54103.66437586813	60643.72856103744	12293.057734072041	11811.422237299746	8598.037258624101	1046330.145603385	14473.002058244574	14550.707523760426	18710.620642747275	18558.799279106395	53248.43535125347	19014.850655009763	11083.685310571818	10920.719186569753	8584.285040891038	14820.314227555196	9864.157606814626	105037.25879693059	11597.148054391946
2025-11-06	11783.779897520664	20849.285090758553	24191.03330954633	15188.82524820451	23147.791328427724	163120.02406934032	4480.60543690382	14859.855992306944	52304.3628900356	11845.845575693573	18671.4452302116	45972.448803725354	52624.85057105342	110941.71710336974	9859.377014801774	12108.894766927824	33821.521595960956	14336.298359608581	12351.406191318807	38193.72752490202	27916.699773833	14594.831598573744	10968.196207405734	3609.2649048819403	3310.155989052559	16045.29681195432	29098.702333151952	35617.031365642724	8817.492097149077	13936.995350450161	8088.427809641684	115579.12833445407	16032.90524935281	6947.1726972298675	22905.06137295035	20564.97861768105	14283.500144793465	15013.538192600621	74636.13244061403	7803.500271465342	28819.225340884816	13141.566164959815	19832.126326314472	16156.466546158439	12283.107267507141	29098.06196240478	4036.3034438467494	13290.209051222428	95282.49947151903	11301.249294587167	56663.08851084677	24166.997797539312	9336.098575045922	9019.24483146378	21958.515731583248	24370.571507875597	31278.12872740055	71113.99488036183	35121.48158430854	14354.214684051474	9595.147208227077	18696.802955573323	8110.456578624238	9322.285131228184	12048.577396431174	6302.3836091283265	26782.56083943296	13992.271272308444	11708.95893851738	14787.646728754456	8823.916771100481	10855.837475484426	27594.390076207907	36744.91031511371	114176.20593092738	15850.642263492253	97635.03293578472	116234.54153480317	17824.152935866536	10862.4580329909	45403.62413511843	15892.116758544145	20208.516242651393	55732.00156262706	10298.773151077634	11434.352520049331	12534.018073942741	18323.855129626958	18512.15482394215	7610.902945676641	13798.387778449498	11987.893296336395	9234.077290376084	54107.332187934066	60799.36428051872	12326.52886703602	11854.211118649873	8636.51862931205	1046478.5728016925	14489.501029122286	14569.853761880213	18577.31032137364	18589.899639553198	53048.717675626736	19106.925327504883	11088.84265528591	10950.359593284877	8566.142520445519	14842.157113777597	9833.078803407312	105056.1293984653	11543.574027195973
2025-11-07	11826.389948760332	20718.142545379276	24301.016654773164	14886.412624102255	23178.395664213862	162661.51203467016	4405.302718451911	14459.427996153472	51753.6814450178	11811.422787846786	18550.7226151058	45696.22440186268	51714.92528552671	110472.35855168487	9752.188507400886	12112.447383463912	33885.760797980474	14320.649179804292	12290.703095659403	38246.86376245101	28039.849886916498	14734.915799286871	10734.098103702867	3569.63245244097	3270.0779945262793	15795.148405977161	28960.851166575976	35683.015682821366	8872.74604857454	13893.49767522508	8047.713904820842	115317.06416722704	16021.952624676405	6943.086348614934	22967.530686475176	20319.989308840522	14212.250072396731	15095.769096300312	73775.56622030702	7794.250135732671	28608.11267044241	13210.783082479908	19436.063163157236	15848.233273079219	12345.55363375357	29029.03098120239	4035.6517219233747	13350.104525611214	95650.24973575951	11294.124647293584	56671.54425542339	24170.998898769656	9352.049287522961	8965.62241573189	21964.257865791624	24300.7857539378	30521.564363700276	70392.99744018092	35010.74079215427	14313.107342025738	9637.573604113539	18373.40147778666	8248.72828931212	9411.642565614093	12101.288698215587	6351.191804564163	27073.78041971648	14028.635636154222	11753.979469258691	14739.82336437723	8772.45838555024	11042.918737742213	27487.195038103953	36364.455157556855	114007.10296546368	15857.321131746126	97669.01646789236	116011.77076740158	17682.076467933268	10912.22901649545	45044.812067559214	15826.558379272072	20060.758121325696	53983.50078131353	10290.886575538818	11454.176260024666	12647.50903697137	18376.42756481348	18470.077411971077	7607.95147283832	13850.193889224749	12042.946648168197	9241.038645188042	54114.16609396703	61082.18214025936	12385.76443351801	11907.605559324937	8680.759314656025	1046589.2864008462	14502.750514561143	14615.926880940107	18455.65516068682	18612.9498197766	53279.35883781337	19175.46266375244	11137.921327642955	11003.679796642438	8599.07126022276	14800.078556888799	9868.539401703656	105070.56469923265	11409.787013597987
2025-11-10	12033.694974380167	21256.571272689638	24495.508327386582	15205.706312051127	23420.197832106933	162593.75601733508	4435.151359225955	14492.713998076735	52162.8407225089	11856.211393923393	18857.8613075529	45578.11220093134	52062.462642763356	110303.17927584244	9746.094253700443	12216.723691731957	34067.88039899024	14377.824589902146	12397.351547829701	38443.43188122551	28131.42494345825	14917.457899643436	10799.549051851434	3539.816226220485	3285.0389972631397	15737.57420298858	28749.925583287986	35728.00784141068	8885.37302428727	13911.74883761254	8057.3569524104205	115159.03208361352	16098.976312338204	6992.043174307467	22941.26534323759	20512.49465442026	14229.125036198366	15126.884548150156	74452.78311015351	7759.6250678663355	28587.056335221205	13205.891541239955	19475.531581578616	15891.61663653961	12339.776816876785	28982.015490601196	4044.8258609616873	13355.552262805606	95310.12486787976	11376.56232364679	56675.772127711694	24199.999449384828	9387.52464376148	8941.311207865945	21989.628932895812	24293.3928769689	30560.78218185014	70020.49872009046	35059.87039607714	14411.553671012869	9653.78680205677	18599.20073889333	8290.86414465606	9524.821282807046	12151.644349107793	6353.095902282082	27286.89020985824	13959.81781807711	11673.989734629346	14765.911682188615	8896.229192775121	11031.459368871107	27633.097519051975	36543.72757877843	113851.05148273184	15873.160565873062	97558.50823394618	115900.38538370079	17948.038233966632	10951.614508247725	45186.40603377961	15838.279189636036	20044.379060662846	54021.750390656765	10321.943287769409	11552.588130012333	12716.754518485686	18563.71378240674	18471.53870598554	7579.97573641916	13881.096944612375	12046.973324084098	9247.01932259402	54117.58304698352	61101.09107012968	12387.882216759004	11943.802779662468	8718.379657328012	1046681.1432004231	14516.875257280572	14739.963440470054	18422.327580343408	18619.4749098883	53120.179418906686	19221.73133187622	11128.460663821477	11021.33989832122	8579.535630111379	14803.5392784444	9835.269700851828	105077.78234961632	11522.393506798993
2025-11-11	12086.847487190083	21537.78563634482	24681.75416369329	15144.853156025563	23725.098916053466	163926.87800866755	4452.575679612977	14412.356999038368	53107.92036125445	11834.105696961697	18983.93065377645	45281.55610046567	52033.73132138168	110293.58963792122	9773.047126850222	12236.861845865978	34308.94019949512	14371.412294951073	12400.67577391485	38636.715940612754	28343.712471729123	15083.728949821718	10804.774525925717	3434.9081131102425	3255.01949863157	15663.78710149429	28666.962791643993	35978.50392070534	8844.686512143635	13875.87441880627	7960.67847620521	115168.51604180675	16251.988156169102	7001.021587153733	23050.632671618794	20708.74732721013	14255.062518099183	15163.942274075078	75166.39155507676	7762.312533933167	28690.528167610602	13257.945770619977	19637.765790789308	16013.308318269805	12385.888408438394	29144.007745300598	4051.912930480844	13415.276131402803	95801.56243393988	11391.281161823395	56680.38606385585	24405.499724692414	9437.76232188074	8929.155603932973	22176.814466447904	24490.69643848445	30610.39109092507	69971.24936004523	35340.93519803857	14569.776835506435	9766.893401028385	18887.100369446664	8329.432072328029	9615.910641403523	12228.322174553898	6331.547951141041	27640.94510492912	14072.408909038555	11646.494867314672	14883.955841094306	9007.61459638756	11030.729684435553	27988.048759525987	36895.863789389216	113909.02574136591	15977.580282936531	97616.25411697308	115912.19269185039	18076.019116983316	11012.307254123862	45703.203016889805	15905.639594818018	20118.189530331423	53438.37519532838	10339.971643884704	11579.794065006166	12808.877259242843	18652.35689120337	18566.26935299277	7578.4878682095805	13911.548472306187	12099.486662042049	9265.00966129701	54121.79152349176	61365.54553506484	12438.941108379502	12022.401389831233	8758.689828664006	1046763.0716002116	14590.937628640286	14817.481720235028	18597.663790171704	18746.737454944152	53383.08970945334	19359.36566593811	11189.230331910738	11090.169949160609	8626.76781505569	14924.269639222199	9896.634850425915	105086.39117480816	11629.696753399498
2025-11-12	12329.423743595042	21785.89281817241	24921.877081846644	15498.926578012783	23813.049458026733	164974.43900433378	4466.287839806489	14362.178499519185	53801.960180627226	11956.05284848085	19199.465326888225	46398.27805023284	52316.86566069084	109843.79481896061	9869.023563425111	12424.430922932988	34991.97009974756	14440.706147475536	12467.337886957426	38910.85797030637	28979.85623586456	15301.864474910859	10874.887262962859	3409.9540565551215	3267.509749315785	15911.893550747145	28841.981395821997	36289.251960352674	8854.343256071817	13965.437209403135	7988.839238102605	114784.25802090338	16460.99407808455	7033.5107935768665	23152.816335809395	20921.873663605067	14273.031259049592	15187.471137037539	75893.19577753838	7781.156266966584	28789.2640838053	13313.972885309988	19886.382895394654	16174.154159134901	12438.944204219197	29408.503872650297	4057.456465240422	13455.138065701402	96297.28121696995	11466.140580911699	56687.69303192792	24598.24986234621	9497.381160940371	9034.577801966487	22351.907233223952	24649.348219242223	30617.695545462535	69176.62468002262	35348.967599019285	14616.388417753216	9838.446700514192	19021.05018472333	8235.216036164014	9656.455320701762	12352.161087276949	6308.273975570521	27910.472552464562	14163.704454519277	11590.247433657336	15002.977920547153	9026.30729819378	10967.864842217776	28173.024379762996	36936.93189469461	113621.51287068296	16061.790141468266	97697.62705848654	115646.0963459252	18339.009558491656	11140.15362706193	45816.6015084449	15981.819797409009	20187.59476516571	53269.18759766419	10408.985821942351	11709.397032503082	13034.938629621422	18780.678445601683	18720.634676496386	7596.74393410479	14050.274236153095	12142.743331021025	9279.004830648504	54121.39576174588	61560.27276753242	12479.470554189751	12154.700694915617	8846.344914332003	1046840.5358001058	14630.468814320142	14877.740860117514	18652.831895085852	18895.368727472076	53657.04485472667	19584.182832969054	11234.115165955369	11144.084974580304	8665.383907527845	15030.6348196111	9944.317425212957	105095.69558740407	11741.348376699749
2025-11-13	12465.21187179752	22012.446409086206	25201.938540923322	15761.463289006391	24148.024729013367	165580.2195021669	4503.143919903245	14473.589249759592	54218.98009031361	12121.526424240425	19387.232663444112	47651.63902511642	52698.432830345424	109855.8974094803	9909.511781712556	12379.715461466494	35585.98504987378	14577.853073737768	12520.668943478713	39022.92898515319	29409.42811793228	15300.932237455429	10969.94363148143	3412.4770282775607	3283.7548746578923	16170.946775373573	28981.990697911	36499.12598017634	8866.171628035909	13735.218604701568	8049.419619051303	114727.6290104517	16630.497039042275	7057.255396788433	23266.408167904698	21070.936831802534	14282.015629524796	15306.235568518769	76456.59788876919	7793.078133483292	28811.632041902652	13349.486442654994	20258.191447697325	16469.57707956745	12479.972102109597	29630.25193632515	4065.228232620211	13475.0690328507	96639.14060848497	11474.07029045585	56693.84651596396	24721.624931173104	9574.690580470186	9251.288900983243	22468.953616611976	24728.67410962111	30828.847772731267	69129.31234001131	35465.483799509646	14729.194208876608	10089.223350257096	19125.525092361666	8207.608018082006	9627.22766035088	12453.080543638474	6299.13698778526	28355.23627623228	14116.852227259638	11664.623716828668	14952.488960273577	8968.65364909689	11251.432421108888	28310.512189881498	36772.4659473473	113672.75643534148	16137.895070734132	97750.31352924327	115570.54817296259	18498.004779245828	11230.576813530966	45943.30075422245	16029.909898704504	20207.297382582856	53434.593798832095	10482.492910971176	11774.198516251541	13256.46931481071	18991.33922280084	18743.31733824819	7608.371967052395	14137.137118076547	12168.871665510513	9278.502415324252	54125.69788087294	61680.13638376621	12512.235277094875	12247.850347457808	8922.172457166002	1046986.767900053	14690.234407160071	14949.370430058756	18705.415947542926	18977.184363736036	53938.022427363336	19801.091416484527	11302.057582977684	11169.042487290153	8691.191953763922	15044.81740980555	9978.158712606479	105110.34779370204	11816.674188349874
2025-11-14	12396.10593589876	21908.2232045431	25029.96927046166	15537.731644503196	24198.512364506685	163122.60975108345	4466.571959951622	14422.794624879796	52590.99004515681	12204.263212120211	19331.116331722056	48395.81951255821	52121.71641517271	109617.94870474015	9754.755890856279	12268.857730733247	35385.49252493689	14651.426536868883	12442.334471739356	38643.96449257659	29326.21405896614	15227.966118727714	10852.471815740715	3406.2385141387804	3259.377437328946	16110.473387686787	28922.495348955497	36161.06299008817	8810.085814017955	13750.109302350784	8055.7098095256515	114578.81450522585	16592.748519521137	7074.127698394217	22973.204083952347	20675.46841590127	14072.007814762397	15237.117784259384	75138.29894438459	7771.539066741646	28448.316020951326	13314.743221327497	20029.095723848663	16262.288539783725	12441.486051054799	29473.125968162574	4069.1141163101056	13445.03451642535	96113.07030424249	11395.035145227925	56701.92325798198	24450.812465586554	9481.345290235093	9347.144450491622	22226.97680830599	24363.837054810556	30269.423886365636	68569.15617000565	34716.74189975482	14483.597104438304	10089.611675128548	18607.762546180835	8196.304009041003	9346.11383017544	12452.540271819238	6382.06849389263	28165.11813811614	13824.92611362982	11601.811858414334	14660.24448013679	8605.326824548445	11258.216210554445	27725.25609494075	35511.23297367365	113550.37821767075	15995.947535367066	97630.15676462164	115530.2740864813	18189.502389622914	11244.288406765483	44824.650377111226	15895.454949352252	19953.148691291426	53414.79689941605	10504.746455485587	11732.59925812577	13253.734657405355	18853.669611400423	18393.658669124095	7592.685983526198	14076.568559038275	12142.935832755256	9260.751207662126	54130.34894043647	61550.0681918831	12483.617638547437	12254.925173728905	8940.086228583	1047095.8839500265	14618.117203580035	14818.185215029378	18345.707973771463	18747.092181868018	53650.51121368167	19579.545708242265	11251.028791488843	11117.021243645077	8669.095976881961	14805.408704902775	9936.079356303238	105122.67389685102	11618.337094174938
2025-11-17	12282.052967949381	21829.61160227155	24840.48463523083	15352.365822251599	23880.756182253343	162578.3048755417	4465.785979975812	14446.897312439898	52736.495022578405	12245.631606060106	19330.558165861028	48735.40975627911	52028.35820758635	109575.97435237007	9664.87794542814	12220.928865366623	35415.24626246844	14580.713268434441	12443.167235869678	38554.482246288295	29451.10702948307	15326.483059363858	10858.735907870358	3410.61925706939	3294.688718664473	16130.236693843393	29119.74767447775	36111.03149504408	8849.042907008978	13740.054651175393	8085.354904762826	114496.90725261293	16576.374259760567	7075.0638491971085	22759.102041976173	20695.234207950634	14002.003907381199	15088.558892129691	75166.6494721923	7738.269533370823	28393.158010475665	13287.371610663748	19847.04786192433	16143.644269891862	12417.2430255274	29290.562984081287	4073.557058155053	13440.017258212676	95823.03515212124	11368.017572613962	56705.96162899099	24374.906232793277	9347.672645117545	9258.57222524581	22153.488404152995	24284.91852740528	30094.711943182818	68231.07808500282	34548.87094987741	14345.798552219152	10142.305837564274	18743.881273090417	8089.652004520502	9267.05691508772	12469.270135909619	6396.034246946315	27675.059069058072	13573.96305681491	11497.905929207167	14584.122240068395	8471.163412274222	11186.608105277222	27597.628047470374	35145.61648683682	113550.68910883537	15959.973767683532	97531.57838231082	115532.63704324065	18180.251194811455	11253.64420338274	44947.82518855561	15855.727474676125	19913.074345645713	53867.398449708024	10523.373227742793	11734.299629062885	13301.867328702678	18740.33480570021	18253.829334562048	7564.842991763098	14117.784279519137	12132.467916377627	9249.375603831064	54132.67447021823	61495.03409594155	12469.30881927372	12275.962586864453	8960.0431142915	1047187.9419750132	14552.558601790017	14777.092607514689	18374.853986885733	18637.04609093401	53386.25560684083	19562.772854121133	11223.014395744422	11091.010621822537	8639.04798844098	14793.704352451387	9886.03967815162	105133.83694842551	11623.168547087469
2025-11-18	12061.02648397469	21442.805801135775	24578.742317615415	14860.1829111258	23584.878091126673	160929.15243777086	4387.892989987906	14262.948656219949	51523.7475112892	12179.315803030053	19097.779082930516	48600.20487813956	51081.679103793176	109709.98717618504	9457.43897271407	12160.964432683311	35597.62313123422	14432.85663421722	12276.583617934839	38144.74112314415	29593.053514741536	15253.241529681929	10676.86795393518	3377.809628534695	3312.3443593322363	15955.118346921696	29218.373837238876	35774.01574752204	8878.521453504489	13740.027325587696	8053.677452381413	114603.45362630647	16448.687129880283	7063.031924598554	22432.05102098809	20365.117103975317	13767.5019536906	14985.279446064846	73935.82473609614	7741.634766685412	28063.079005237832	13313.685805331874	19338.523930962165	15719.32213494593	12444.6215127637	29117.781492040645	4070.7785290775264	13455.008629106338	95945.01757606062	11296.508786306982	56707.980814495495	24167.95311639664	9204.336322558773	9124.786112622905	21966.244202076497	24047.45926370264	29387.35597159141	68290.03904250142	33998.935474938706	14098.399276109576	10066.152918782136	18364.44063654521	7954.826002260251	9100.02845754386	12431.135067954809	6473.017123473157	27227.529534529036	13289.481528407454	11423.452964603584	14381.561120034197	8301.58170613711	10928.30405263861	27286.814023735187	34488.30824341841	113681.84455441768	15855.486883841766	97570.7891911554	115608.81852162033	17860.125597405728	11204.32210169137	44244.912594277805	15698.363737338062	19686.537172822857	53278.69922485401	10478.186613871396	11673.149814531444	13232.433664351338	18443.667402850107	18054.914667281024	7565.921495881549	14145.89213975957	12156.733958188814	9238.687801915532	54131.33723510912	61642.517047970774	12492.15440963686	12224.981293432225	8940.52155714575	1047269.9709875067	14464.779300895008	14789.046303757345	18130.426993442867	18497.023045467005	53490.127803420415	19403.386427060566	11243.507197872212	11097.005310911269	8658.52399422049	14686.352176225693	9912.019839075809	105136.91847421275	11447.584273543735
2025-11-19	11977.513241987344	21372.40290056789	24369.371158807706	14660.591455562899	23660.939045563337	159621.57621888543	4351.446494993953	14034.474328109975	50808.3737556446	12156.157901515027	19078.889541465258	48272.60243906978	50648.339551896584	109737.99358809252	9356.219486357035	12161.982216341656	35938.811565617114	14241.42831710861	12180.79180896742	37934.870561572076	29815.526757370768	15306.620764840965	10553.43397696759	3398.9048142673473	3311.172179666118	15760.059173460848	29309.686918619438	35514.50787376102	8915.760726752243	13867.513662793848	8109.338726190706	114580.72681315323	16359.843564940142	7048.515962299277	22048.525510494044	20127.55855198766	13702.2509768453	15015.139723032422	73092.91236804807	7730.817383342706	27796.039502618914	13336.842902665936	18996.761965481084	15424.661067472965	12460.81075638185	29018.890746020323	4074.389264538763	13484.504314553169	95941.0087880303	11291.754393153491	56713.99040724775	24019.97655819832	9122.668161279387	9080.393056311452	21830.62210103825	23842.229631851318	28871.177985795704	68283.01952125071	33505.46773746936	13937.699638054788	10053.076459391068	18037.220318272604	7892.413001130126	8975.01422877193	12461.067533977404	6539.0085617365785	27293.764767264518	13129.740764203727	11398.726482301792	14267.780560017098	8239.290853068556	10924.152026319305	27006.407011867595	34044.6541217092	113683.42227720884	15780.743441920884	97540.3945955777	115604.40926081016	17666.562798702864	11231.161050845685	43661.9562971389	15585.681868669031	19506.26858641143	52434.349612427	10490.593306935698	11699.574907265722	13306.216832175669	18317.833701425054	17813.957333640512	7556.460747940775	14197.446069879785	12164.366979094408	9228.343900957767	54130.66861755456	61726.25852398539	12508.57720481843	12268.490646716113	8969.260778572876	1047350.4854937533	14443.389650447505	14811.523151878671	17903.713496721433	18497.011522733505	53458.56390171021	19286.193213530285	11248.753598936106	11104.002655455635	8652.761997110245	14563.676088112847	9905.509919537904	105145.95923710638	11308.792136771866
2025-11-20	11945.756620993672	21332.201450283945	24237.685579403853	14690.79572778145	23616.96952278167	161051.2881094427	4385.723247496977	14123.737164054986	51008.1868778223	12221.578950757514	19116.94477073263	48751.301219534886	50844.16977594829	109573.49679404625	9380.609743178517	12133.991108170827	36234.40578280856	14175.714158554305	12239.89590448371	38279.93528078604	30043.763378685384	15328.310382420483	10591.716988483795	3464.4524071336737	3400.5860898330593	15865.029586730423	29422.84345930972	35688.75393688051	8986.880363376122	13803.756831396924	8188.669363095353	114468.36340657662	16310.421782470072	7069.757981149638	22104.262755247022	20218.77927599383	13742.125488422651	15002.569861516211	73416.45618402403	7722.908691671353	28000.019751309457	13348.421451332968	18995.880982740542	15417.330533736484	12471.405378190924	29001.44537301016	4080.6946322693816	13494.752157276584	95989.50439401515	11298.877196576745	56719.495203623876	24171.98827909916	9014.834080639694	9080.696528155726	21967.311050519125	24059.11481592566	29053.08899289785	68071.50976062535	34195.23386873468	14023.349819027393	10106.538229695534	18101.110159136304	7831.706500565063	9047.007114385964	12466.533766988701	6489.504280868289	27234.38238363226	13206.870382101864	11356.363241150895	14275.390280008549	8353.145426534278	10849.576013159653	27290.703505933798	34579.3270608546	113587.71113860441	15837.371720960442	97482.19729778885	115567.20463040509	17696.281399351432	11227.080525422843	44341.478148569455	15658.340934334516	19647.134293205716	52337.1748062135	10471.796653467849	11769.28745363286	13437.108416087834	18442.41685071253	17869.978666820258	7541.7303739703875	14287.223034939892	12187.183489547204	9238.171950478883	54132.83430877728	61820.1292619927	12529.288602409215	12272.745323358056	8988.130389286438	1047499.7427468767	14472.694825223753	14918.761575939336	18083.85674836072	18698.005761366752	53452.281950855104	19751.096606765142	11251.376799468053	11114.501327727818	8656.880998555123	14703.338044056423	9902.254959768952	105160.47961855319	11362.396068385933
2025-11-21	11864.378310496835	21297.100725141972	24120.34278970193	14406.897863890725	23502.484761390835	158916.14405472134	4340.3616237484885	13826.368582027493	49613.59343891115	12241.789475378757	19080.972385366316	48673.15060976744	50054.584887974146	109749.74839702313	9385.304871589258	12073.995554085413	36024.702891404275	14165.357079277153	12124.947952241855	37967.46764039302	29926.881689342692	15171.65519121024	10380.858494241897	3482.226203566837	3430.2930449165297	15640.014793365212	29404.42172965486	35476.87696844025	8982.44018168806	13646.878415698462	8240.834681547676	114586.68170328831	16185.710891235036	7065.378990574819	21909.63137762351	19844.389637996916	13585.062744211325	14857.784930758105	72040.72809201202	7733.954345835677	27544.00987565473	13406.210725666484	18612.94049137027	15058.665266868242	12528.202689095462	28881.22268650508	4079.347316134691	13551.876078638292	96424.25219700758	11238.438598288372	56727.247601811934	23997.49413954958	8928.917040319848	9008.848264077864	21811.655525259564	23743.557407962828	28406.544496448925	68215.25488031268	33384.11693436734	13759.174909513697	9898.269114847768	17493.055079568152	7653.353250282531	8919.003557192982	12417.26688349435	6592.252140434144	27144.691191816128	12983.935191050932	11200.681620575448	14042.195140004274	8180.072713267139	10574.788006579827	26838.851752966897	33657.6635304273	113772.3555693022	15747.185860480222	97587.59864889443	115663.10231520254	17395.640699675714	11198.540262711422	43252.23907428473	15488.670467167258	19326.567146602858	51318.58740310675	10399.898326733924	11786.64372681643	13393.554208043917	18359.208425356264	17663.98933341013	7549.365186985194	14322.111517469946	12226.091744773603	9233.085975239443	54136.41715438864	62017.06463099635	12569.644301204607	12221.372661679028	8975.065194643219	1047608.8713734383	14437.347412611876	14849.880787969669	17722.92837418036	18527.502880683376	53718.14097542755	19542.048303382573	11288.688399734026	11144.25066386391	8689.440499277562	14578.66902202821	9940.127479884475	105172.7398092766	11165.698034192967
2025-11-24	11797.689155248418	21211.050362570986	24147.671394850964	14336.448931945362	23510.242380695418	159053.57202736067	4325.180811874245	13622.684291013746	49050.796719455575	12301.394737689378	19020.486192683158	48251.57530488372	49579.79244398707	109738.87419851156	9392.65243579463	12199.997777042707	36432.35144570214	14155.178539638577	12032.473976120928	38073.73382019651	30188.940844671346	15220.82759560512	10170.429247120948	3473.6131017834186	3430.146522458265	15402.507396682606	29674.71086482743	35585.438484220125	9015.22009084403	13555.939207849231	8225.417340773838	114574.84085164416	16103.355445617519	7080.18949528741	21894.815688811756	19659.694818998458	13706.031372105663	14795.392465379053	71360.36404600601	7754.477172917838	27512.004937827365	13462.605362833241	18138.970245685137	14681.832633434122	12579.101344547731	29173.111343252538	4083.1736580673455	13582.938039319146	96778.6260985038	11299.719299144186	56733.62380090597	24071.247069774792	8979.958520159924	9044.924132038932	21881.827762629782	23764.778703981414	27980.772248224464	68322.62744015634	33173.05846718367	13651.58745475685	9726.634557423884	17211.527539784074	7648.1766251412655	8857.501778596492	12485.633441747175	6603.626070217072	27119.845595908064	12919.467595525466	11150.340810287724	13965.597570002137	8166.036356633569	10449.894003289914	26767.42587648345	33474.33176521365	113755.67778465111	15776.592930240111	97759.79932444722	115646.55115760127	17236.820349837857	11255.270131355712	42695.61953714237	15505.335233583628	19298.78357330143	50234.293701553375	10428.949163366962	11886.321863408215	13569.27710402196	18465.604212678132	17767.494666705064	7565.682593492596	14317.055758734972	12252.045872386801	9243.042987619721	54138.208577194324	62125.532315498174	12599.822150602304	12285.686330839515	9030.53259732161	1047699.9356867191	14444.673706305937	14876.440393984834	17639.96418709018	18733.251440341686	53953.570487713776	19536.524151691287	11321.844199867013	11190.125331931955	8729.22024963878	14605.334511014105	9978.563739942238	105181.3699046383	11077.849017096483
2025-11-25	11800.344577624208	21246.52518128549	24200.335697425482	14249.724465972682	23767.62119034771	160302.28601368034	4337.590405937122	13493.842145506873	49269.898359727784	12177.697368844689	18982.74309634158	47508.28765244186	49437.396221993535	109851.93709925578	9348.826217897315	12201.498888521353	36923.67572285107	14117.589269819287	12058.736988060464	38031.86691009825	30394.970422335675	15160.413797802561	10087.714623560474	3431.8065508917093	3385.073261229132	15248.753698341303	29804.855432413715	35691.71924211006	9039.110045422014	13537.969603924616	8151.208670386919	114674.42042582209	16139.67772280876	7091.594747643705	22004.907844405876	19632.347409499227	13856.015686052831	14789.196232689526	71282.682023003	7779.73858645892	27731.502468913684	13475.80268141662	17949.48512284257	14523.41631671706	12592.050672273865	29380.55567162627	4089.586829033673	13568.469019659573	97127.3130492519	11330.359649572092	56739.31190045299	24190.123534887396	9005.479260079963	9052.962066019467	21987.91388131489	23951.389351990707	27887.886124112232	68752.81372007818	33468.529233591835	13729.293727378425	9718.317278711942	17273.263769892037	7616.088312570633	8856.250889298246	12476.316720873587	6549.3130351085365	27374.92279795403	13054.233797762732	11125.170405143861	13942.298785001069	8241.518178316785	10432.447001644956	27033.712938241726	34014.66588260682	113806.83889232556	15825.296465120056	97906.39966222362	115663.27557880063	17178.41017491893	11251.635065677856	42678.309768571184	15590.667616791814	19458.891786650714	49579.646850776684	10433.47458168348	11845.160931704107	13633.13855201098	18492.302106339066	17910.747333352534	7590.341296746298	14263.027879367486	12248.5229361934	9260.521493809862	54141.60428859716	62114.76615774909	12597.411075301152	12283.843165419757	9031.266298660805	1047782.4678433596	14502.836853152969	14907.220196992417	17775.48209354509	18876.125720170843	54144.78524385689	19685.262075845643	11326.422099933507	11208.562665965977	8760.11012481939	14774.667255507053	10009.781869971119	105190.68495231915	11062.924508548242
2025-11-26	11953.672288812104	21430.262590642746	24224.167848712743	14485.362232986341	23953.810595173854	161476.64300684017	4451.295202968561	13617.921072753437	49964.94917986389	12244.348684422344	19068.87154817079	47756.64382622093	49763.69811099677	109975.9685496279	9469.413108948658	12244.249444260677	37681.837861425534	14193.794634909644	12164.368494030232	38298.433455049126	30766.485211167837	15075.20689890128	10173.857311780237	3420.903275445855	3375.036630614566	15376.87684917065	29822.427716206857	35880.85962105503	9080.555022711007	13501.484801962308	8183.1043351934595	114766.21021291104	16217.83886140438	7114.2973738218525	22259.953922202938	19886.173704749614	14105.507843026415	14828.098116344763	72183.8410115015	7804.86929322946	27997.251234456842	13460.401340708311	18509.742561421284	14959.208158358531	12579.025336136932	29734.777835813133	4104.7934145168365	13539.234509829786	97267.65652462596	11394.679824786046	56744.65595022649	24351.561767443698	9048.239630039981	9074.481033009733	22132.456940657445	24121.194675995353	28313.943062056118	69046.90686003909	33745.76461679592	13879.646863689213	9836.65863935597	17544.13188494602	7676.044156285317	8897.125444649122	12527.658360436793	6479.656517554268	27502.461398977015	13101.616898881366	11122.58520257193	14000.649392500534	8356.759089158393	10486.223500822478	27219.356469120863	34307.33294130341	113903.91944616278	15877.148232560028	98100.69983111181	115691.63778940032	17350.705087459464	11284.317532838928	42799.15488428559	15735.333808395906	19653.445893325355	49469.82342538834	10492.73729084174	11886.080465852054	13807.56927600549	18629.15105316953	18144.373666676267	7615.170648373149	14243.513939683744	12217.2614680967	9283.76074690493	54145.80214429858	61969.88307887454	12568.705537650576	12326.921582709878	9063.633149330402	1047863.2339216798	14549.418426576485	14895.110098496209	17833.241046772546	19012.06286008542	54191.39262192845	19883.631037922823	11312.211049966754	11208.281332982988	8762.555062409694	14888.833627753527	10020.89093498556	105197.84247615957	11183.46225427412
2025-11-27	11998.336144406052	21741.63129532137	24258.58392435637	14561.681116493171	24026.905297586927	162432.32150342007	4485.647601484281	13654.960536376719	50638.474589931946	12312.674342211172	19246.935774085396	47760.82191311046	50159.34905549839	109624.48427481395	9437.20655447433	12313.624722130338	38180.91893071277	14319.397317454823	12231.684247015117	38436.71672752456	31138.742605583917	15082.60344945064	10241.928655890119	3425.4516377229274	3355.018315307283	15458.438424585325	29911.21385810343	36061.929810527516	9064.277511355504	13500.742400981155	8230.55216759673	114499.10510645552	16378.91943070219	7125.648686910927	22477.47696110147	20088.086852374807	14265.253921513207	14822.549058172383	72889.42050575075	7827.43464661473	28197.12561722842	13447.700670354156	18757.371280710642	15157.104079179266	12572.512668068466	29872.388917906566	4117.396707258418	13517.117254914894	97377.32826231298	11433.839912393023	56752.32797511325	24481.280883721847	9059.61981501999	9124.740516504866	22243.228470328722	24263.59733799768	28681.97153102806	68611.45343001955	34180.38230839796	13984.323431844607	9918.329319677985	17767.06594247301	7671.522078142658	9000.562722324561	12574.329180218396	6429.828258777134	27526.230699488508	13100.308449440683	11143.792601285964	13939.824696250267	8488.879544579197	10465.611750411239	27384.67823456043	34641.166470651704	113685.45972308138	15937.074116280015	98285.34991555591	115428.31889470016	17496.852543729732	11334.158766419463	43382.07744214279	15839.166904197953	19795.722946662678	49154.91171269417	10554.86864542087	11951.040232926027	13853.284638002744	18724.575526584766	18293.686833338135	7635.085324186574	14258.756969841872	12197.13073404835	9297.880373452466	54152.90107214929	61902.44153943727	12551.852768825287	12377.460791354939	9088.316574665201	1048015.1169608398	14547.709213288243	14933.555049248105	17926.62052338627	19050.031430042713	54264.196310964224	20054.81551896141	11303.105524983377	11205.640666491494	8773.777531204847	14945.916813876764	10028.94546749278	105213.92123807978	11274.23112713706
2025-11-28	12040.168072203025	22024.315647660685	24236.791962178184	14560.340558246586	24172.952648793464	163376.16075171003	4490.3238007421405	13509.98026818836	50606.73729496598	12344.337171105586	19335.967887042698	48395.410956555235	50054.674527749194	109456.24213740698	9388.603277237165	12333.81236106517	38500.45946535638	14332.198658727411	12203.342123507558	38553.35836376228	31379.37130279196	15113.80172472532	10185.96432794506	3455.2258188614637	3352.5091576536415	15844.219212292663	29973.106929051715	36237.464905263754	9033.638755677752	13570.371200490577	8254.276083798366	114412.55255322775	16451.959715351095	7128.824343455463	22668.738480550735	20051.543426187403	14342.626960756603	14857.274529086191	72777.21025287537	7846.2173233073645	28314.56280861421	13478.850335177078	18696.18564035532	15146.052039589633	12574.256334034233	30025.694458953283	4121.198353629209	13531.058627457447	97483.16413115649	11460.91995619651	56758.663987556625	24628.640441860924	9062.809907509996	9127.370258252433	22390.11423516436	24406.29866899884	28715.98576551403	68443.72671500978	34547.69115419898	14113.661715922302	9964.164659838993	17848.532971236506	7689.261039071329	9062.28136116228	12624.664590109198	6404.914129388567	27703.115349744254	13127.154224720342	11196.896300642982	13936.912348125134	8579.9397722896	10520.30587520562	27566.839117280215	34960.08323532585	113714.72986154069	16007.037058140008	98250.17495777796	115416.65944735007	17487.426271864868	11374.079383209732	43636.038721071396	15911.083452098977	19899.361473331337	48632.455856347086	10578.434322710435	11944.020116463013	13937.642319001372	18787.287763292385	18388.343416669068	7637.542662093287	14266.378484920937	12211.565367024175	9307.440186726233	54158.95053607464	61953.72076971864	12563.426384412644	12417.73039567747	9096.1582873326	1048128.0584804199	14584.354606644121	14982.277524624053	18023.310261693136	19086.515715021356	54308.09815548211	20194.907759480706	11296.052762491689	11216.820333245747	8789.388765602424	15021.458406938382	10052.47273374639	105229.46061903989	11260.61556356853
2025-12-01	12154.584036101513	21982.65782383034	24326.395981089092	14508.170279123293	24362.97632439673	163529.08037585503	4460.16190037107	13285.99013409418	50682.86864748299	12327.668585552794	19280.48394352135	48867.70547827762	49722.33726387459	109171.12106870349	9336.801638618583	12356.406180532584	38470.22973267819	14331.099329363706	12169.17106175378	38654.17918188114	31251.18565139598	15211.90086236266	10092.98216397253	3420.1129094307316	3361.2545788268208	16172.109606146332	30041.05346452586	36334.73245263188	8995.819377838876	13695.185600245288	8239.138041899183	114288.27627661388	16690.97985767555	7132.912171727732	22794.369240275366	20003.2717130937	14363.813480378301	14965.637264543097	72623.60512643769	7808.108661653682	28331.281404307105	13469.425167588539	18793.092820177662	15230.526019794816	12577.128167017116	30166.34722947664	4123.099176814605	13550.529313728723	97502.58206557824	11450.959978098255	56761.83199377831	24647.32022093046	9096.904953754998	9148.685129126217	22397.057117582182	24431.14933449942	28542.992882757015	68182.86335750489	34648.84557709949	14163.330857961151	10039.582329919496	17964.266485618253	7703.1305195356645	9112.64068058114	12662.332295054599	6404.957064694283	27926.55767487213	13130.57711236017	11267.948150321492	13965.456174062567	8620.4698861448	10622.65293760281	27593.419558640107	35009.54161766292	113502.36493077035	16012.018529070003	98230.08747888898	115300.82972367504	17450.713135932434	11420.539691604867	43601.5193605357	15908.041726049489	19893.68073666567	47716.22792817354	10602.217161355216	12002.010058231506	13861.321159500687	18801.143881646192	18460.171708334536	7621.271331046643	14270.189242460468	12228.782683512087	9314.720093363117	54164.47526803732	62006.86038485932	12571.713192206322	12463.865197838735	9121.0791436663	1048221.02924021	14597.67730332206	15046.138762312026	18056.655130846568	19079.757857510678	54183.04907774106	20106.45387974035	11309.026381245843	11236.410166622874	8777.194382801212	14989.72920346919	10044.736366873196	105237.23030951995	11240.807781784264
2025-12-02	12408.292018050757	22352.82891191517	24334.197990544548	14609.585139561646	24375.488162198366	163777.04018792752	4457.580950185535	13228.49506704709	51291.434323741494	12294.834292776397	19652.741971760675	48908.852739138805	50081.1686319373	109159.56053435174	9368.400819309292	12301.703090266292	38175.11486633909	14398.049664681854	12219.58553087689	38352.089590940566	30926.09282569799	15345.950431181329	10113.991081986265	3415.056454715366	3395.6272894134104	16336.054803073166	30055.02673226293	36368.866226315935	9029.409688919437	13722.592800122644	8224.569020949592	114277.63813830694	16847.989928837775	7132.456085863866	22894.684620137683	20176.63585654685	14361.906740189152	14985.318632271548	73254.30256321884	7771.554330826841	28371.640702153552	13437.21258379427	18906.54641008883	15312.763009897408	12554.064083508558	30125.17361473832	4131.5495884073025	13552.764656864361	97207.29103278913	11388.479989049127	56765.915996889154	24639.16011046523	9076.452476877499	9087.342564563109	22390.52855879109	24470.07466724971	28796.496441378506	67951.43167875244	34888.922788549746	14178.165428980576	10029.791164959748	18154.633242809126	7727.065259767833	9022.820340290571	12671.1661475273	6392.4785323471415	28008.278837436064	13157.288556180085	11211.474075160746	13982.228087031282	8583.734943072399	10641.326468801406	27586.709779320052	34989.77080883146	113531.68246538518	16014.509264535001	98107.54373944449	115325.41486183752	17654.356567966217	11422.269845802433	44096.759680267845	15911.520863024743	19925.840368332836	47220.61396408677	10609.608580677608	12023.505029115753	13751.660579750343	18768.571940823094	18538.085854167268	7591.635665523321	14222.094621230233	12232.391341756043	9308.360046681559	54167.23763401866	62010.93019242966	12570.85659610316	12465.432598919368	9126.53957183315	1048309.014620105	14611.83865166103	14940.069381156012	18142.827565423286	19130.878928755337	53926.02453887053	20077.226939870176	11291.513190622922	11202.705083311437	8747.097191400606	15017.364601734596	9991.368183436598	105243.61515475997	11332.903890892132
2025-12-03	12508.146009025379	22767.914455957587	24195.598995272274	14768.292569780824	24381.744081099183	164894.52009396377	4576.290475092767	13420.747533523545	51740.71716187075	12337.917146388198	19893.870985880338	48951.9263695694	50620.58431596865	108998.78026717587	9421.700409654646	12259.851545133146	37840.057433169546	14421.524832340927	12207.292765438444	38553.54479547028	30676.046412848995	15317.975215590664	10234.495540993132	3405.028227357683	3435.3136447067054	16400.527401536583	30276.513366131465	36456.93311315797	9038.704844459719	13658.796400061321	8234.284510474796	114141.81906915347	16738.99496441889	7124.728042931933	22947.34231006884	20380.817928273427	14350.953370094576	14958.159316135774	73964.65128160942	7753.27716541342	28563.320351076778	13433.606291897135	18953.273205044417	15376.381504948704	12547.532041754279	30218.58680736916	4148.274794203651	13551.38232843218	97091.64551639456	11389.739994524563	56772.95799844457	24702.580055232615	8999.22623843875	9009.671282281553	22449.264279395546	24639.037333624856	29228.248220689253	67713.71583937622	35459.46139427487	14279.582714490287	10002.395582479874	18274.816621404563	7682.532629883916	9051.410170145286	12661.08307376365	6348.73926617357	28014.139418718034	13203.144278090043	11135.737037580373	14083.114043515641	8592.3674715362	10613.163234400703	27672.854889660026	35164.385404415734	113356.34123269259	16045.7546322675	98046.27186972224	115230.20743091876	17790.178283983107	11413.134922901216	44583.87984013392	15954.760431512372	20066.420184166418	47660.30698204339	10608.304290338805	12039.252514557877	13684.330289875172	18781.785970411547	18607.042927083632	7574.317832761661	14131.547310615117	12231.695670878022	9310.18002334078	54168.61881700933	62012.96509621483	12570.42829805158	12456.716299459684	9122.269785916575	1048394.0073100525	14621.419325830515	14830.534690578006	18305.913782711643	19170.93946437767	53781.01226943526	20055.113469935088	11277.75659531146	11219.852541655719	8729.548595700304	15072.182300867298	9964.6840917183	105254.30757737998	11434.951945446066
2025-12-04	12474.07300451269	23270.957227978794	24158.299497636137	14772.146284890412	24317.87204054959	165771.7600469819	4598.145237546383	13484.373766761772	52156.358580935375	12364.458573194099	20354.435492940167	49028.463184784705	50487.792157984324	109077.89013358793	9463.350204827322	12248.425772566574	38120.02871658477	14538.262416170463	12138.646382719222	38861.77239773514	30914.5232064245	15448.987607795332	10279.747770496566	3380.0141136788416	3430.1568223533527	16375.263700768292	30564.25668306573	36617.966556578984	9025.852422229858	13681.89820003066	8224.642255237399	114194.40953457673	16764.497482209445	7135.864021465966	23253.67115503442	20447.908964136714	14462.976685047288	14979.079658067887	74232.32564080472	7739.13858270671	28659.16017553839	13454.303145948568	18856.63660252221	15305.690752474351	12563.76602087714	30480.79340368458	4168.637397101826	13560.69116421609	97195.32275819729	11395.369997262282	56781.47899922229	24798.790027616305	9017.613119219375	9017.835641140777	22537.632139697773	24765.01866681243	29354.124110344626	67683.8579196881	35884.230697137435	14414.791357245143	10011.197791239938	18199.90831070228	7677.266314941959	9019.205085072643	12749.541536881825	6326.869633086785	28002.069709359017	13313.072139045022	11187.868518790186	14243.05702175782	8694.1837357681	10639.08161720035	27783.427444830013	35304.19270220787	113478.6706163463	16102.87731613375	98025.63593486111	115282.60371545938	17771.089141991553	11501.067461450608	44890.93992006696	15988.880215756186	20134.21009208321	47675.153491021694	10658.152145169403	12042.126257278938	13702.665144937586	18929.392985205774	18736.021463541816	7560.65891638083	14127.77365530756	12252.84783543901	9311.090011670389	54171.80940850466	62136.482548107415	12597.714149025789	12537.358149729842	9182.634892958287	1048556.5036550262	14640.709662915258	14734.767345289003	18411.95689135582	19243.469732188834	53784.00613471763	20031.556734967544	11297.37829765573	11257.926270827858	8732.274297850152	15082.09115043365	9961.34204585915	105269.65378868999	11468.975972723034
2025-12-05	12519.036502256346	24096.9786139894	24247.64974881807	14840.073142445206	24412.936020274796	166190.88002349093	4724.072618773192	13727.186883380886	52539.179290467684	12375.229286597048	21027.217746470084	48431.73159239235	50861.39607899216	109112.94506679397	9529.175102413661	12213.212886283287	38525.014358292385	14564.131208085231	12176.82319135961	39078.38619886757	30971.26160321225	15521.993803897665	10399.873885248282	3370.007056839421	3427.578411176676	16227.631850384147	30798.128341532865	36720.483278289496	9026.92621111493	13723.44910001533	8212.3211276187	114260.20476728836	16814.748741104722	7146.432010732983	23664.33557751721	20676.45448206836	14578.988342523644	15056.039829033944	75051.16282040236	7724.569291353355	28754.080087769195	13434.651572974284	18955.818301261104	15412.845376237176	12544.88301043857	30592.39670184229	4183.318698550913	13557.845582108046	97107.16137909864	11393.18499863114	56788.23949961114	24846.895013808153	9071.806559609688	9044.417820570388	22576.816069848886	24828.009333406215	29972.06205517231	67963.42895984405	36119.11534856872	14538.895678622572	10025.598895619969	18257.45415535114	7719.133157470979	9083.602542536322	12788.770768440912	6305.934816543393	28078.534854679507	13433.03606952251	11216.434259395093	14348.02851087891	8832.09186788405	10719.540808600175	27908.713722415006	35606.59635110393	113571.83530817315	16138.438658066876	97983.31796743056	115348.80185772969	17871.04457099578	11530.033730725303	45064.46996003348	16028.440107878094	20193.105046041605	48275.07674551084	10695.576072584701	12036.06312863947	13652.332572468793	19050.69649260289	18768.010731770908	7541.829458190416	14168.38682765378	12246.923917719505	9316.545005835194	54175.90470425233	62100.74127405371	12588.857074512895	12575.179074864922	9196.317446479145	1048677.251827513	14662.85483145763	14676.8836726445	18484.97844567791	19329.73486609442	53671.00306735882	20002.27836748377	11295.689148827865	11263.96313541393	8718.137148925076	15111.545575216824	9930.171022929575	105282.326894345	11576.487986361517
2025-12-08	12414.018251128173	24497.9893069947	24289.824874409034	14822.036571222603	24432.968010137396	166574.44001174546	4769.536309386596	13866.093441690442	53435.08964523384	12350.614643298524	21343.60887323504	47870.86579619617	51318.198039496085	109013.97253339698	9562.08755120683	12188.106443141643	38742.507179146196	14602.065604042615	12247.911595679805	39054.19309943379	30930.130801606123	15550.996901948833	10617.436942624141	3382.50352841971	3446.289205588338	16253.815925192073	30947.564170766433	36732.24163914475	9012.463105557465	13821.724550007664	8208.66056380935	114278.60238364417	16804.87437055236	7149.216005366492	23862.167788758605	20930.72724103418	14619.494171261822	15136.019914516972	75968.08141020118	7694.784645676677	28853.540043884597	13399.825786487141	19482.909150630552	15851.422688118588	12505.941505219285	30702.698350921146	4190.659349275456	13538.922791054023	96811.58068954933	11384.592499315571	56791.61974980557	24870.94750690408	9113.903279804843	9035.208910285193	22603.908034924443	24886.504666703106	30136.031027586156	68191.71447992203	36343.057674284355	14729.947839311286	10112.799447809984	18516.22707767557	7779.56657873549	9157.301271268161	12771.385384220455	6285.4674082716965	28111.767427339753	13532.518034761255	11362.717129697547	14395.514255439455	8926.045933942025	10829.770404300089	27978.856861207503	35832.798175551965	113620.91765408657	16154.219329033438	97853.65898371529	115299.40092886484	17967.02228549789	11518.516865362652	45512.23498001674	16060.720053939047	20262.5525230208	49637.53837275542	10695.28803629235	12018.531564319735	13587.666286234396	19101.348246301444	18821.505365885452	7510.914729095208	14109.19341382689	12233.961958859752	9316.772502917596	54180.452352126165	62042.870637026856	12576.928537256448	12572.089537432461	9203.158723239572	1048775.6259137564	14671.427415728815	14573.94183632225	18596.489222838954	19464.36743304721	53391.00153367941	20082.139183741885	11270.344574413932	11257.481567706964	8679.568574462537	15113.272787608412	9883.085511464787	105291.1634471725	11708.243993180758
2025-12-09	12330.009125564087	24517.49465349735	24062.41243720452	14752.018285611302	24320.984005068698	166599.22000587272	4759.768154693298	14039.546720845221	53701.544822616925	12323.807321649263	21364.30443661752	47825.432898098086	51629.09901974804	108763.98626669848	9543.543775603415	12152.053221570823	38886.2535895731	14591.032802021307	12201.455797839903	39102.096549716895	30810.06540080306	15507.998450974417	10756.21847131207	3373.751764209855	3463.1446027941693	16286.907962596037	30877.282085383216	36743.120819572374	9000.231552778732	13703.362275003832	8186.830281904675	114184.30119182209	16704.93718527618	7135.608002683246	23973.583894379302	21010.36362051709	14617.247085630912	15147.009957258486	76246.54070510059	7669.892322838339	28818.7700219423	13387.41289324357	19731.454575315278	16063.211344059295	12493.970752609643	30673.34917546057	4194.329674637728	13554.46139552701	96762.79034477466	11328.796249657786	56795.809874902785	24867.97375345204	9054.951639902421	8983.604455142597	22599.954017462223	24888.752333351553	30228.015513793078	68154.85723996101	36595.02883714218	14743.973919655644	10141.399723904993	18563.113538837784	7814.783289367745	9130.65063563408	12760.192692110228	6292.733704135848	28028.38371366988	13614.759017380627	11430.858564848773	14404.257127719728	8921.022966971013	10789.885202150044	27968.92843060375	35865.89908777598	113437.95882704329	16152.60966451672	97693.32949185764	115199.70046443242	17980.511142748946	11505.258432681327	45793.61749000837	16039.360026969523	20237.2762615104	50468.769186377715	10680.644018146175	11955.765782159868	13481.333143117197	19069.174123150722	18701.752682942726	7487.957364547604	14077.096706913446	12249.980979429876	9309.386251458798	54185.22617606308	62113.935318513424	12590.964268628224	12558.04476871623	9199.579361619786	1048866.8129568782	14663.213707864408	14421.970918161125	18702.244611419475	19427.683716523607	53277.5007668397	20114.569591870943	11267.172287206966	11263.740783853482	8665.284287231269	15136.636393804205	9859.542755732393	105295.58172358625	11739.62199659038
2025-12-10	12223.504562782044	24500.247326748675	23937.20621860226	14646.009142805651	24351.99200253435	166676.61000293636	4737.384077346649	14037.27336042261	54078.77241130846	12297.903660824632	21332.152218308758	48035.21644904904	51529.54950987402	108617.49313334924	9466.771887801708	12117.026610785411	38518.12679478655	14583.016401010653	12228.227898919951	38973.54827485845	30501.53270040153	15508.999225487209	10740.609235656035	3359.3758821049278	3446.5723013970846	16350.953981298018	30767.641042691608	36711.06040978619	8936.615776389366	13619.181137501917	8134.415140952337	114107.65059591105	16819.96859263809	7128.804001341623	24029.291947189653	21037.681810258546	14636.123542815456	15165.004978629244	76353.27035255029	7659.94616141917	28831.38501097115	13368.706446621785	19835.72728765764	16146.605672029647	12475.485376304821	30606.674587730286	4203.664837318864	13559.730697763505	96670.89517238733	11272.898124828893	56800.40493745139	24846.98687672602	9030.47581995121	8950.302227571297	22577.97700873111	24902.37616667578	30286.50775689654	68057.9286199805	36696.01441857109	14780.486959827822	10220.699861952497	18649.056769418894	7790.391644683872	9095.32531781704	12725.096346055114	6291.366852067924	28056.69185683494	13645.879508690314	11452.429282424386	14431.128563859864	8896.011483485507	10769.942601075021	27961.464215301876	35969.94954388799	113388.47941352165	16139.80483225836	97627.66474592882	115134.85023221621	17936.755571374473	11467.129216340663	46068.308745004186	16021.180013484762	20247.1381307552	50436.88459318886	10655.822009073087	11948.882891079935	13356.166571558599	19050.58706157536	18636.87634147136	7483.978682273802	14049.048353456723	12257.990489714939	9301.193125729398	54190.11308803154	62139.46765925671	12597.982134314112	12520.022384358115	9176.789680809892	1048954.406478439	14657.106853932204	14355.485459080563	18777.122305709738	19451.841858261803	53223.25038341985	20103.28479593547	11256.086143603483	11252.870391926741	8662.642143615634	15164.818196902102	9860.271377866196	105305.29086179312	11755.31099829519
2025-12-11	12167.752281391022	24291.12366337434	23913.60310930113	14519.504571402826	24377.496001267173	166152.80500146816	4781.1920386733245	14018.636680211304	53809.38620565423	12254.951830412316	21288.57610915438	48050.10822452452	51329.77475493701	108556.24656667461	9420.885943900854	12087.013305392706	38311.56339739327	14589.008200505326	12191.613949459976	39086.77413742922	30426.766350200764	15534.499612743604	10725.304617828016	3354.687941052464	3448.2861506985423	16295.47699064901	30518.320521345806	36643.03020489309	8929.807888194682	13547.090568750958	8124.707570476168	114103.82529795553	16914.984296319046	7127.9020006708115	24012.145973594827	20968.840905129273	14700.061771407727	15134.502489314622	76099.13517627514	7679.973080709585	28708.692505485575	13399.353223310893	19662.86364382882	16058.302836014824	12505.742688152412	30689.837293865145	4203.332418659432	13569.865348881753	97100.94758619367	11232.449062414446	56810.20246872569	24826.49343836301	8998.237909975605	8951.151113785649	22557.488504365556	24825.18808333789	30443.253878448268	67932.46430999026	36729.00720928554	14769.243479913912	10300.349930976248	18607.028384709447	7778.195822341936	9041.16265890852	12784.048173027557	6320.683426033962	28058.345928417468	13681.439754345156	11398.214641212193	14462.064281929932	8868.505741742752	10764.97130053751	27927.73210765094	35884.47477194399	113415.73970676083	16142.90241612918	97777.33237296442	115079.9251161081	17897.377785687237	11520.56460817033	46006.65437250209	15989.59000674238	20162.0690653776	50048.442296594425	10699.411004536543	11918.441445539967	13333.0832857793	19071.29353078768	18671.43817073568	7500.989341136901	14000.524176728362	12270.99524485747	9309.096562864699	54195.056544015766	62207.233829628356	12611.491067157056	12576.511192179058	9207.394840404946	1049119.2032392195	14658.553426966102	14273.242729540281	18802.06115285487	19446.4209291309	53448.62519170993	20033.142397967735	11284.043071801741	11276.435195963371	8696.821071807817	15169.409098451051	9906.635688933098	105322.64543089656	11743.655499147595
2025-12-12	12195.376140695511	24494.56183168717	24076.301554650563	14706.252285701412	24596.748000633586	166637.90250073408	4880.596019336663	14125.818340105652	53667.193102827114	12285.475915206158	21554.28805457719	47935.05411226226	51757.387377468505	108610.1232833373	9427.942971950426	12070.006652696353	38580.781698696635	14712.004100252663	12218.306974729989	39568.38706871461	30657.88317510038	15552.249806371801	10830.152308914008	3349.8439705262317	3466.6430753492714	16202.738495324505	30311.160260672903	36906.015102446545	8913.903944097341	13496.04528437548	8117.353785238084	114174.41264897777	17047.492148159523	7148.451000335406	24218.572986797415	21076.920452564635	14886.530885703864	15146.251244657311	76484.56758813758	7664.986540354792	28771.346252742787	13402.176611655446	19688.93182191441	16071.651418007412	12515.871344076206	30998.918646932572	4189.166209329716	13582.432674440875	96989.47379309684	11264.724531207223	56817.601234362846	24959.746719181505	9077.118954987804	8993.575556892825	22682.744252182776	24895.094041668945	31031.626939224134	68104.23215499513	36865.50360464277	14835.121739956956	10360.174965488124	18616.014192354723	7799.097911170968	9151.08132945426	12860.024086513778	6302.841713016981	28286.672964208734	13626.719877172578	11438.607320606097	14505.032140964966	8939.252870871376	10782.485650268754	28087.86605382547	36056.237385971996	113513.36985338041	16212.95120806459	97755.66618648221	115112.46255805405	17936.688892843616	11594.782304085165	46105.827186251045	16068.79500337119	20207.0345326888	50794.22114829721	10749.705502268273	11998.720722769984	13458.04164288965	19348.646765393838	18843.21908536784	7480.494670568451	14047.762088364181	12282.497622428735	9315.54828143235	54202.52827200788	62248.61691481418	12623.245533578527	12659.25559608953	9255.197420202472	1049243.6016196096	14681.77671348305	14345.12136477014	18864.530576427434	19515.21046456545	53335.812595854964	20129.571198983867	11286.52153590087	11290.217597981686	8680.91053590391	15121.204549225526	9881.31784446655	105338.82271544827	11775.327749573797
2025-12-15	12170.688070347755	24385.780915843585	23929.15077732528	14632.626142850706	24897.87400031679	165381.45125036704	4842.798009668331	14005.909170052826	52953.59655141356	12382.73795760308	21527.144027288596	48195.02705613113	51403.69368873425	109002.06164166865	9378.971485975213	12063.503326348176	38732.89084934832	14756.002050126332	12199.153487364994	39661.693534357306	30750.94158755019	15506.1249031859	10785.076154457005	3347.421985263116	3463.3215376746357	16156.369247662253	29958.58013033645	36800.00755122327	8933.451972048671	13433.02264218774	8136.176892619042	114419.70632448889	17063.74607407976	7193.725500167703	24109.286493398708	20885.960226282317	14872.76544285193	15134.625622328655	75802.28379406879	7632.493270177396	28562.173126371395	13393.588305827723	19661.965910957206	16055.825709003706	12503.935672038104	31012.459323466286	4172.083104664858	13593.716337220438	96583.73689654842	11285.362265603611	56821.30061718142	24894.873359590754	9006.559477493902	8888.287778446413	22624.372126091388	24714.54702083447	31013.31346961207	68487.61607749757	36226.251802321385	14781.560869978479	10302.587482744062	18330.50709617736	7787.548955585484	9084.04066472713	12917.51204325689	6348.92085650849	28613.336482104365	13395.359938586289	11349.303660303049	14389.016070482483	8920.126435435688	10711.242825134377	27898.433026912735	35453.118692986	113861.18492669021	16191.475604032295	97644.3330932411	115358.73127902702	17831.84444642181	11621.891152042583	45470.91359312552	16038.397501685595	20060.0172663444	50719.61057414861	10772.352751134136	12095.860361384992	13532.520821444825	19475.32338269692	18941.10954268392	7451.747335284225	14036.88104418209	12271.748811214367	9308.774140716174	54208.76413600394	62226.80845740709	12616.622766789264	12707.627798044765	9290.098710101236	1049345.3008098048	14720.888356741525	14351.56068238507	18616.76528821372	19540.105232282724	53093.90629792748	19986.785599491934	11280.260767950436	11273.108798990843	8646.455267951955	14997.602274612764	9832.658922233275	105341.91135772414	11679.163874786898
2025-12-16	12078.344035173877	24091.890457921792	23680.57538866264	14610.813071425353	24876.937000158396	163809.72562518352	4756.399004834166	13769.954585026413	51833.79827570678	12483.36897880154	21236.072013644298	48085.01352806557	50736.84684436713	109377.03082083433	9241.985742987606	12097.251663174087	38593.94542467416	14740.501025063166	12092.076743682497	39690.84676717865	30620.970793775094	15403.06245159295	10610.038077228503	3381.210992631558	3456.660768837318	15925.684623831126	29809.790065168225	36710.003775611636	8943.225986024336	13246.511321093869	8217.08844630952	114607.35316224444	16956.87303703988	7233.862750083852	23907.143246699354	20577.98011314116	14748.882721425965	15047.312811164327	74658.6418970344	7621.246635088698	28239.086563185698	13419.294152913862	19195.982955478605	15627.912854501854	12529.967836019052	30991.729661733145	4141.541552332429	13619.358168610219	96596.36844827421	11276.681132801805	56825.65030859071	24795.436679795377	8862.27973874695	8733.643889223207	22534.186063045694	24475.273510417235	30429.156734806034	68967.30803874879	35607.62590116069	14586.28043498924	10206.293741372032	17917.75354808868	7707.774477792742	8988.520332363565	12941.756021628444	6424.460428254245	28636.668241052183	13182.679969293145	11217.151830151524	14256.50803524124	8805.563217717845	10603.121412567189	27609.21651345637	34661.559346493	113995.5924633451	16163.737802016149	97612.16654662054	115431.8656395135	17667.422223210902	11657.945576021291	44625.956796562765	15949.198750842797	19832.008633172198	49892.305287074305	10783.676375567069	12139.430180692496	13619.760410722412	19568.16169134846	19035.05477134196	7437.373667642112	13999.440522091045	12285.374405607185	9307.887070358087	54214.38206800197	62343.40422870354	12635.811383394632	12738.813899022382	9312.549355050618	1049435.1504049024	14715.444178370763	14438.280341192534	18338.38264410686	19433.05261614136	53102.453148963745	19768.89279974597	11294.130383975218	11291.05439949542	8643.727633975977	14839.801137306382	9831.829461116638	105350.95567886207	11510.08193739345
2025-12-17	12118.672017586938	24084.445228960896	23667.28769433132	14455.406535712676	25005.968500079198	164131.86281259177	4735.699502417083	13616.977292513206	51851.89913785339	12476.68448940077	21250.53600682215	47585.00676403278	50493.423422183565	109378.51541041717	9160.992871493803	12063.125831587044	38601.97271233708	14722.750512531584	12058.538371841249	39790.423383589325	30615.485396887547	15229.031225796476	10500.019038614251	3385.605496315779	3415.830384418659	15770.342311915563	29884.895032584114	36761.50188780582	8963.112993012168	13125.755660546934	8220.54422315476	114601.17658112221	16803.436518519942	7230.431375041926	23643.57162334968	20606.49005657058	14694.441360712983	15166.656405582164	74784.3209485172	7615.6233175443485	28224.04328159285	13442.147076456931	18995.491477739302	15476.456427250927	12550.483918009526	31013.864830866572	4133.270776166215	13647.17908430511	96621.6842241371	11244.340566400902	56830.32515429535	24812.71833989769	8865.139869373475	8710.821944611604	22550.093031522847	24516.636755208616	30212.078367403017	68861.6540193744	35534.812950580344	14629.64021749462	10230.646870686016	18068.87677404434	7744.387238896371	8945.760166181783	12923.878010814222	6427.230214127123	28835.83412052609	13126.339984646573	11278.075915075762	14185.25401762062	8753.281608858922	10656.560706283595	27594.608256728185	34613.2796732465	113835.29623167255	16157.368901008074	97545.58327331027	115400.93281975675	17685.21111160545	11648.472788010646	44556.97839828138	15929.5993754214	19835.0043165861	49413.65264353715	10760.838187783535	12161.215090346248	13635.880205361205	19585.08084567423	19181.52738567098	7430.186833821056	14000.220261045522	12309.187202803592	9307.443535179043	54219.691034000985	62471.70211435177	12665.405691697317	12725.90694951119	9318.774677525309	1049521.075202451	14722.722089185381	14464.640170596267	18291.19132205343	19503.52630807068	53150.72657448187	19739.446399872984	11298.565191987609	11312.52719974771	8656.863816987989	14883.900568653191	9833.91473055832	105357.97783943103	11526.540968696725
2025-12-18	12090.336008793469	23833.722614480448	23614.14384716566	14478.203267856337	25065.484250039597	162875.9314062959	4685.349751208541	13324.488646256603	51514.94956892669	12361.842244700385	21072.768003411074	47245.003382016395	49994.21171109178	109362.25770520858	9092.996435746902	12060.062915793522	38420.98635616854	14721.375256265792	11954.269185920624	39510.21169179466	30632.742698443773	15324.515612898238	10260.009519307125	3360.3027481578893	3402.9151922093297	15560.171155957782	29807.447516292057	36584.75094390291	8973.056496506084	13100.377830273468	8177.77211157738	114618.0882905611	16869.21825925997	7257.215687520963	23421.78581167484	20503.245028285288	14574.720680356491	15179.328202791083	74414.66047425859	7627.811658772174	27998.021640796425	13456.073538228466	18322.74573886965	14890.728213625463	12567.741959004763	30932.932415433286	4114.6353880831075	13656.089542152555	96744.84211206855	11256.170283200452	56840.162577147676	24682.359169948846	8801.569934686737	8721.910972305803	22423.546515761424	24332.318377604308	29601.03918370151	68557.3270096872	35022.406475290176	14490.32010874731	10197.823435343009	18014.43838702217	7720.693619448186	8831.380083090891	12924.939005407112	6478.6151070635615	28932.917060263047	12901.169992323286	11241.537957537881	14119.62700881031	8645.140804429462	10555.780353141798	27382.304128364092	34127.139836623246	113888.64811583627	16104.684450504037	97608.79163665514	115500.46640987837	17666.105555802726	11643.736394005322	43992.48919914069	15837.7996877107	19675.00215829305	48744.326321768574	10753.919093891767	12211.107545173123	13631.440102680603	19601.040422837115	19170.26369283549	7433.093416910528	14047.61013052276	12314.093601401797	9304.721767589523	54229.84551700049	62505.85105717588	12670.202845848658	12716.953474755595	9333.887338762655	1049686.0376012255	14713.86104459269	14376.820085298134	18083.595661026717	19477.26315403534	53251.363287240936	19501.223199936492	11312.782595993805	11315.763599873855	8671.931908493994	14777.950284326595	9847.457365279159	105376.48891971551	11475.770484348363
2025-12-19	12139.668004396735	24036.361307240222	23729.57192358283	14656.101633928169	25072.7421250198	163156.96570314793	4682.674875604271	13391.744323128301	51383.974784463346	12346.421122350192	21108.884001705537	47547.5016910082	50147.10585554589	109160.62885260429	9116.49821787345	12034.531457896761	38177.993178084274	14713.187628132895	11992.134592960312	39422.60584589733	30429.87134922189	15222.257806449119	10205.004759653562	3350.1513740789446	3406.457596104665	15565.08557797889	29998.22375814603	36619.875471951455	8988.028248253042	13035.188915136734	8151.38605578869	114569.04414528055	16904.609129629986	7270.607843760481	23313.39290583742	20504.122514142644	14544.860340178246	15212.664101395541	74442.3302371293	7631.405829386087	28056.510820398213	13468.036769114233	17993.872869434825	14605.364106812733	12573.870979502382	30917.466207716643	4129.817694041554	13658.044771076278	96823.42105603428	11262.085141600226	56850.08128857384	24681.679584974423	8859.284967343368	8771.955486152901	22423.77325788071	24374.159188802154	29613.019591850752	68378.6635048436	35070.70323764509	14510.160054373655	10213.911717671504	17957.219193511086	7703.846809724093	8855.190041545446	12890.969502703556	6469.30755353178	28966.458530131524	12955.584996161644	11223.268978768941	14149.313504405156	8725.570402214731	10612.890176570898	27423.652064182046	34268.56991831162	113754.82405791813	16115.842225252018	97671.39581832757	115447.73320493918	17706.552777901365	11621.368197002661	44048.244599570346	15838.89984385535	19712.001079146525	49372.16316088429	10730.959546945884	12155.053772586562	13621.7200513403	19579.52021141856	19288.631846417746	7437.046708455264	14090.80506526138	12318.546800700899	9310.860883794761	54237.422758500245	62487.92552858794	12670.10142292433	12702.476737377798	9324.943669381328	1049810.5188006128	14716.930522296345	14465.410042649066	18246.29783051336	19552.63157701767	53311.68164362047	19491.611599968244	11319.891297996903	11324.881799936928	8679.465954246996	14821.475142163297	9856.72868263958	105393.24445985776	11478.885242174181
2025-12-22	12260.834002198368	24173.68065362011	23817.285961791415	14782.050816964085	25302.871062509897	164746.48285157396	4696.337437802135	13427.872161564152	52095.48739223168	12321.710561175096	21154.442000852767	47478.750845504095	50648.552927772944	109083.81442630215	9163.249108936725	12006.76572894838	38703.99658904214	14711.593814066448	12058.567296480156	39661.302922948664	30843.435674610944	15076.128903224559	10280.002379826781	3355.0756870394725	3430.7287980523324	15655.042788989445	30480.111879073014	36852.93773597573	8988.014124126521	13140.094457568368	8168.1930278943455	114542.02207264028	17037.304564814993	7277.3039218802405	23424.19645291871	20739.56125707132	14602.430170089123	15313.83205069777	75301.16511856465	7613.202914693044	28301.255410199105	13469.018384557115	17991.936434717412	14582.682053406366	12576.935489751191	31013.73310385832	4129.908847020777	13671.52238553814	96742.71052801714	11215.042570800113	56855.04064428692	24839.83979248721	8912.642483671683	8744.977743076452	22573.886628940356	24613.079594401075	29829.009795925376	68181.3317524218	35617.35161882255	14648.580027186828	10329.455858835752	18388.609596755545	7749.9234048620465	8955.095020772722	12898.484751351778	6409.65377676589	29245.729265065762	13189.292498080822	11346.13448938447	14176.656752202578	8845.285201107366	10708.945088285449	27761.326032091023	34983.78495915581	113707.41202895906	16199.421112626009	97625.69790916378	115461.36660246958	17909.276388950682	11635.18409850133	44728.12229978517	15925.949921927675	19885.000539573262	50088.58158044214	10726.979773472942	12100.02688629328	13700.86002567015	19660.26010570928	19333.315923208873	7420.023354227632	14191.902532630691	12335.273400350448	9306.43044189738	54241.21137925012	62546.462764293974	12687.550711462165	12702.738368688899	9317.971834690663	1049914.7594003063	14762.965261148172	14365.205021324533	18399.64891525668	19570.815788508837	53237.840821810234	19722.305799984122	11318.445648998451	11310.440899968464	8672.232977123498	14944.737571081649	9848.86434131979	105404.12222992888	11585.942621087092
2025-12-23	12291.917001099184	24056.840326810056	23902.642980895707	14930.525408482043	25639.43553125495	165707.74142578698	4673.168718901068	13562.436080782076	52456.24369611584	12299.355280587548	21129.721000426383	47256.87542275205	50971.776463886476	109021.40721315108	9209.124554468362	12029.88286447419	39401.998294521065	14813.296907033224	12129.283648240078	39948.151461474336	31164.71783730547	15165.56445161228	10290.00118991339	3330.0378435197363	3422.864399026166	15647.521394494723	31095.055939536505	37090.46886798786	8963.007062063261	13280.047228784184	8139.096513947173	114563.51103632014	17184.152282407496	7306.65196094012	23689.598226459355	20894.78062853566	14695.715085044561	15405.916025348884	75830.58255928232	7619.101457346522	28421.127705099552	13487.009192278558	17918.468217358706	14523.841026703183	12595.967744875596	31195.86655192916	4127.454423510389	13698.26119276907	97043.35526400857	11222.521285400057	56862.520322143464	24996.419896243606	8926.821241835842	8776.488871538226	22710.943314470176	24759.539797200538	29717.004897962688	68051.6658762109	35925.675809411274	14764.790013593414	10501.727929417877	18651.804798377772	7844.461702431023	9064.047510386361	12941.742375675889	6387.326888382945	29742.86463253288	13341.146249040412	11440.067244692236	14209.82837610129	8997.142600553683	10804.472544142725	27922.66301604551	35381.3924795779	113673.70601447954	16268.710556313004	97670.34895458189	115493.18330123479	18019.63819447534	11676.592049250665	45155.56114989259	16001.974960963838	19966.50026978663	51341.79079022107	10748.989886736472	12053.01344314664	13775.430012835075	19819.13005285464	19420.157961604436	7426.511677113816	14249.451266315345	12357.636700175224	9301.71522094869	54253.10568962506	62665.73138214699	12708.775355731083	12750.86918434445	9344.985917345331	1050055.8797001531	14835.982630574086	14430.102510662266	18511.32445762834	19604.40789425442	53407.92041090512	19840.152899992063	11335.222824499226	11346.720449984232	8699.116488561749	15003.868785540824	9876.432170659895	105417.06111496444	11665.471310543546
2025-12-24	12341.958500549592	24040.420163405026	23721.821490447852	14960.76270424102	25812.717765627473	164853.8707128935	4664.084359450534	13518.218040391039	52761.12184805792	12263.177640293774	21262.36050021319	46953.43771137603	50980.88823194324	109200.70360657554	9249.562277234181	12009.441432237094	39228.49914726053	14881.648453516613	12194.641824120039	39616.57573073717	30939.858918652735	15100.282225806139	10287.500594956695	3300.018921759868	3433.932199513083	15598.760697247362	31180.527969768253	36872.73443399393	8883.50353103163	13415.023614392092	8108.048256973587	114616.75551816006	17324.076141203746	7313.82598047006	23552.299113229677	20969.890314267832	14695.35754252228	15303.458012674442	76097.79127964115	7634.550728673261	28540.563852549778	13356.004596139279	17944.234108679353	14561.920513351592	12471.983872437799	30880.43327596458	4133.727211755195	13574.130596384535	96206.17763200428	11219.760642700028	56871.26016107173	24858.709948121803	8862.41062091792	8670.244435769113	22579.971657235088	24629.26989860027	29511.002448981344	68159.33293810545	35905.33790470564	14661.895006796707	10515.863964708939	18768.402399188886	7768.230851215511	9015.52375519318	12830.371187837944	6358.663444191472	29961.43231626644	13270.073124520206	11397.033622346118	13977.414188050645	8986.071300276843	10787.236272071363	27785.831508022755	35257.69623978895	113864.85300723977	16192.855278156501	97709.67447729094	115634.0916506174	18111.81909723767	11574.296024625331	45239.28057494629	16074.98748048192	20164.250134893315	51423.395395110536	10750.494943368236	11911.50672157332	13644.215006417537	19693.06502642732	19215.078980802216	7436.255838556908	14174.225633157672	12249.818350087611	9314.357610474344	54266.552844812526	62022.86569107349	12581.887677865541	12706.934592172225	9258.992958672665	1050262.4398500766	14824.991315287043	14291.051255331133	18472.66222881417	19522.703947127207	52923.96020545256	19909.07644999603	11222.111412249613	11270.360224992117	8620.058244280874	14929.434392770412	9799.216085329947	105431.03055748221	11705.235655271772
2025-12-26	12327.979250274795	23924.210081702513	23557.910745223926	14914.38135212051	26003.858882813736	164090.93535644675	4624.5421797252675	13300.10902019552	53427.06092402896	12213.088820146888	21103.680250106598	46964.218855688014	50702.94411597162	109145.35180328778	9202.28113861709	12048.220716118547	39206.749573630266	14938.324226758306	12232.320912060019	39465.787865368584	30867.42945932637	15012.64111290307	10221.250297478347	3247.509460879934	3409.4660997565416	15634.380348623681	30615.263984884128	36684.367216996965	8769.251765515815	13475.011807196046	8052.524128486793	114563.37775908003	17289.538070601873	7314.9129902350305	23341.149556614837	21112.445157133916	14697.67877126114	15249.72900633722	76571.39563982058	7637.27536433663	28650.28192627489	13243.00229806964	17827.117054339677	14458.460256675797	12370.9919362189	30705.21663798229	4139.363605877597	13472.065298192269	95510.58881600214	11248.880321350014	56878.13008053586	24757.3549740609	8805.205310458961	8600.122217884556	22481.985828617544	24517.634949300133	29040.501224490672	67961.16646905273	35902.66895235282	14608.447503398354	10552.931982354468	19094.20119959444	7821.615425607755	9016.26187759659	12750.185593918972	6336.831722095736	30000.71615813322	13175.036562260102	11346.01681117306	13873.707094025322	8953.535650138421	10838.618136035682	27715.415754011377	35143.84811989448	113792.42650361988	16127.42763907825	97734.33723864547	115622.0458253087	18202.409548618834	11550.648012312666	45396.14028747314	16136.49374024096	20185.625067446657	50899.19769755527	10753.747471684117	11818.75336078666	13571.107503208768	19620.53251321366	19090.03949040111	7443.627919278454	14040.612816578836	12148.409175043806	9325.178805237172	54275.77642240626	61501.43284553675	12473.44383893277	12604.467296086113	9200.496479336332	1050406.7199250383	14812.495657643522	14182.025627665567	18453.331114407083	19444.351973563604	52521.98010272628	19847.038224998018	11129.055706124807	11193.180112496058	8562.029122140437	14887.717196385205	9765.608042664973	105448.0152787411	11764.617827635886
2025-12-29	12352.989625137398	23988.605040851256	23374.455372611963	15065.190676060254	25979.429441406868	163141.9676782234	4627.271089862634	13374.55451009776	54577.03046201448	12215.044410073444	21124.3401250533	47407.10942784401	51271.47205798581	109287.67590164389	9291.140569308545	12070.110358059273	38918.37478681513	14914.162113379152	12286.16045603001	39190.393932684296	30628.714729663185	14873.820556451534	10320.625148739175	3251.254730439967	3399.733049878271	15762.19017431184	30487.631992442064	36521.18360849848	8729.625882757908	13392.505903598023	8027.262064243397	114671.68887954002	17279.76903530094	7305.956495117515	23178.07477830742	21463.722578566958	14683.83938563057	15147.36450316861	77845.69781991029	7636.137682168315	28667.640963137444	13149.001149034819	17743.558527169836	14396.730128337898	12290.49596810945	30503.608318991144	4145.181802938799	13381.032649096134	94884.29440800106	11265.940160675007	56886.56504026793	24615.17748703045	8744.10265522948	8500.061108942278	22349.492914308772	24361.817474650066	29052.750612245334	68166.58323452636	35747.33447617641	14504.223751699177	10513.965991177234	19517.10059979722	7765.807712803878	8937.130938798295	12666.092796959485	6330.915861047868	29822.85807906661	13035.018281130051	11293.00840558653	13776.85354701266	8872.267825069212	10709.309068017841	27572.70787700569	34749.42405994724	113831.21325180994	16059.713819539125	97818.66861932274	115721.02291265436	18400.204774309415	11460.824006156334	45879.57014373657	16162.24687012048	20183.81253372333	51844.598848777634	10765.373735842059	11754.87668039333	13505.553751604384	19499.766256606832	18930.519745200552	7444.813959639227	13886.806408289418	12051.704587521903	9326.089402618585	54287.88821120313	61023.216422768375	12376.721919466385	12504.233648043057	9134.248239668166	1050606.3599625193	14761.24782882176	14105.512813832784	18326.16555720354	19313.175986781804	52129.490051363144	19718.51911249901	11041.527853062404	11101.09005624803	8499.514561070218	14784.858598192603	9674.804021332486	105466.50763937055	11897.808913817942
2025-12-30	12304.494812568699	24145.302520425626	23428.22768630598	14996.095338030127	25607.214720703436	162746.9838391117	4626.135544931317	13285.27725504888	55455.515231007244	12189.022205036723	21252.17006252665	47691.054713922	51403.236028992906	109233.83795082194	9323.070284654274	12101.055179029638	38666.68739340757	14939.581056689576	12325.580228015006	39090.19696634215	30506.857364831594	14916.910278225767	10270.312574369587	3250.6273652199834	3409.866524939135	15751.09508715592	30461.315996221034	36449.59180424924	8649.812941378954	13423.752951799011	7975.131032121699	114623.34443977001	17219.88451765047	7315.978247558758	23246.53738915371	21676.86128928348	14624.419692815285	15179.182251584305	78670.34890995515	7640.568841084158	28621.32048156872	13149.50057451741	17401.77926358492	14120.86506416895	12275.247984054724	30445.304159495572	4155.590901469399	13373.016324548067	94921.14720400053	11276.970080337504	56898.282520133966	24591.088743515225	8798.55132761474	8405.03055447114	22318.246457154386	24306.408737325033	28818.875306122667	68058.79161726318	35729.66723808821	14447.111875849589	10444.482995588616	19813.550299898612	7740.403856401939	8902.065469399147	12646.046398479742	6337.957930523934	29413.929039533305	12945.009140565026	11369.004202793265	13640.92677350633	8816.633912534606	10742.154534008921	27456.353938502845	34444.71202997362	113820.60662590497	16040.856909769562	97882.83430966137	115645.51145632718	18519.602387154708	11439.912003078167	46168.78507186829	16142.623435060239	20132.906266861664	51979.79942438882	10773.68686792103	11781.938340196666	13509.276875802192	19471.883128303416	18803.259872600276	7452.906979819613	13812.40320414471	12034.352293760952	9329.044701309293	54301.444105601564	60996.608211384184	12360.860959733192	12493.116824021528	9105.624119834083	1050827.1799812596	14725.62391441088	14111.256406916393	18277.58277860177	19312.087993390902	52152.24502568157	19631.759556249504	11048.763926531203	11090.045028124016	8501.757280535108	14764.4292990963	9663.902010666243	105480.75381968528	11988.404456908971
2026-01-02	12265.74740628435	24267.651260212813	23710.61384315299	15133.047669015064	25458.607360351718	162464.99191955585	4595.567772465658	13292.63862752444	57127.75761550362	12270.011102518361	21258.585031263327	48340.527356961	52026.61801449645	109199.41897541097	9486.535142327137	12072.527589514819	38498.343696703785	14979.790528344787	12472.790114007503	39007.598483171074	30400.928682415797	15028.455139112884	10255.156287184793	3342.8136826099917	3419.9332624695676	15948.047543577959	30898.157998110517	36403.79590212462	8627.406470689477	13416.876475899506	7996.065516060849	114634.172219885	17357.442258825235	7320.989123779379	23298.268694576855	22115.93064464174	14527.209846407643	15494.091125792153	80180.17445497758	7610.284420542079	28553.16024078436	13132.250287258705	17000.88963179246	13807.932532084475	12267.623992027362	30416.152079747786	4182.295450734699	13376.508162274033	94591.57360200027	11246.98504016875	56909.14126006699	24547.044371757613	8944.77566380737	8422.515277235569	22290.12322857719	24266.20436866252	28869.437653061334	68045.39580863158	35797.333619044104	14423.555937924793	10354.741497794308	20729.275149949306	7745.20192820097	8875.032734699573	12636.023199239871	6348.9789652619675	29351.964519766654	12957.504570282512	11389.502101396632	13585.463386753165	8681.816956267303	10763.57726700446	27428.17696925142	34349.85601498681	113695.30331295248	16036.42845488478	97760.41715483068	115667.75572816358	18781.801193577354	11421.956001539083	46766.892535934145	16102.81171753012	20080.453133430834	52489.89971219441	10762.843433960516	11768.969170098333	13523.638437901096	19410.441564151708	18712.129936300138	7417.953489909807	13874.701602072355	12040.676146880476	9328.022350654646	54313.22205280078	61043.30410569209	12375.430479866596	12465.558412010763	9095.812059917042	1050977.0899906298	14712.81195720544	14153.628203458196	18265.791389300884	19376.54399669545	51915.12251284078	19668.379778124752	11039.881963265601	11091.522514062008	8469.378640267554	14776.21464954815	9616.951005333121	105495.37690984264	12170.702228454486
2026-01-05	12324.373703142175	24343.325630106407	23866.806921576495	15289.523834507532	25491.803680175857	161972.9959597779	4667.783886232829	13599.31931376222	59177.37880775181	12419.50555125918	21329.292515631663	49240.2636784805	52805.80900724823	109059.70948770549	9570.767571163567	12089.76379475741	38301.67184835189	14954.895264172394	12663.895057003752	39273.79924158554	30257.9643412079	15491.727569556442	10442.578143592396	3371.406841304996	3399.9666312347836	16129.02377178898	31209.07899905526	36434.89795106231	8633.70323534474	13318.438237949753	8011.532758030425	114612.0861099425	17521.221129412617	7311.494561889689	23484.134347288425	22742.96532232087	14501.10492320382	15532.545562896077	82487.58722748878	7595.142210271039	28421.58012039218	13133.625143629353	17027.94481589623	13828.966266042236	12273.811996013681	30359.076039873893	4200.647725367349	13388.254081137016	94569.28680100013	11240.492520084375	56914.57063003349	24512.522185878806	9020.387831903685	8561.257638617784	22261.061614288596	24199.60218433126	29449.71882653067	67825.69790431579	36471.66680952205	14536.777968962397	10409.870748897154	21789.63757497465	7780.100964100485	8968.016367349786	12712.511599619935	6381.989482630984	29488.482259883327	13006.252285141256	11599.751050698316	13422.731693376583	8731.408478133651	10884.28863350223	27504.08848462571	34737.42800749341	113597.65165647624	16076.71422744239	97701.20857741534	115698.87786408179	19125.900596788677	11479.47800076954	48050.94626796707	16065.40585876506	19994.226566715417	53949.949856097206	10821.421716980258	11766.984585049166	13543.319218950548	19352.720782075856	18565.06496815007	7400.476744954904	13930.350801036177	12057.838073440238	9330.011175327323	54324.111026400395	61116.652052846046	12385.215239933299	12525.279206005382	9174.406029958522	1051094.544995315	14716.405978602721	14250.814101729098	18215.39569465044	19346.271998347725	51896.06125642039	19789.189889062378	11052.9409816328	11106.261257031005	8467.689320133777	14731.607324774075	9605.47550266656	105512.68845492133	12428.351114227244
2026-01-06	12397.686851571088	24339.662815053205	24101.90346078825	15821.261917253767	25625.90184008793	162371.99797988895	4741.391943116414	13861.659656881111	60834.689403875906	12499.25277562959	21267.14625781583	49757.631839240246	53640.404503624115	109022.35474385275	9690.383785581784	12088.381897378706	37928.335924175946	15089.947632086198	12774.447528501876	39531.89962079277	29978.98217060395	15690.863784778221	10623.789071796198	3350.7034206524977	3364.983315617392	16249.51188589449	31369.53949952763	36574.44897553115	8709.35161767237	13394.219118974877	7979.766379015213	114648.54305497125	17625.61056470631	7316.2472809448445	23719.567173644213	23273.982661160437	14610.55246160191	15653.272781448039	84356.29361374439	7585.071105135519	28460.79006019609	13149.312571814677	17158.972407948117	13929.483133021118	12284.405998006841	30543.538019936947	4217.323862683675	13394.127040568508	94483.14340050006	11249.246260042188	56919.78531501675	24584.261092939403	9157.193915951842	8673.128819308891	22335.0308071443	24260.30109216563	29774.859413265334	67943.34895215789	36985.333404761026	14755.888984481198	10609.935374448578	22714.818787487326	7867.550482050243	9032.008183674894	12755.255799809967	6370.994741315491	29546.741129941664	13165.626142570629	11817.375525349158	13403.865846688292	8873.204239066825	11054.644316751115	27619.544242312855	35058.7140037467	113593.82582823813	16145.357113721195	97652.10428870766	115711.9389320409	19556.45029839434	11517.23900038477	49346.973133983534	16099.202929382529	20031.113283357707	55789.9749280486	10848.210858490129	11746.492292524583	13533.159609475275	19571.360391037928	18645.532484075033	7382.238372477452	13926.175400518088	12070.919036720119	9340.005587663662	54332.0555132002	61193.32602642302	12400.10761996665	12565.139603002692	9202.20301497926	1051197.2724976575	14718.20298930136	14196.40705086455	18222.19784732522	19381.135999173865	51846.530628210196	19834.59494453119	11061.9704908164	11130.630628515502	8459.844660066889	14737.803662387038	9590.23775133328	105523.84422746066	12668.675557113622
2026-01-07	12343.343425785544	25022.331407526603	24040.451730394125	15905.630958626884	25665.450920043964	162984.99898994446	4763.195971558207	13948.329828440556	61795.34470193795	12509.626387814795	21908.573128907916	50141.31591962012	53877.70225181206	109236.17737192637	9617.691892790892	12126.190948689353	37979.16796208797	15167.473816043099	12839.723764250939	40038.449810396385	30211.991085301976	15560.431892389111	10699.3945358981	3335.351710326249	3317.491657808696	16237.255942947246	31637.269749763815	36745.224487765576	8769.675808836186	13239.609559487439	7897.383189507606	114804.27152748563	17630.305282353154	7336.123640472422	24062.28358682211	23619.49133058022	14775.276230800955	15681.63639072402	85633.14680687219	7597.53555256776	28567.895030098043	13167.156285907338	17079.48620397406	13862.241566510558	12299.70299900342	30782.269009968473	4228.161931341838	13399.563520284253	94684.57170025003	11285.623130021093	56924.892657508375	24680.1305464697	9116.596957975922	8829.064409654446	22426.51540357215	24355.650546082816	29604.92970663267	68261.17447607894	37530.66670238051	14952.9444922406	10759.967687224289	23182.409393743663	7986.275241025121	9114.004091837447	12823.127899904983	6350.497370657746	29430.87056497083	13270.313071285314	11998.687762674579	13451.932923344146	8988.602119533412	11142.322158375559	27769.772121156428	35549.35700187335	113824.41291411906	16214.178556860597	97705.55214435383	115888.46946602044	19738.22514919717	11571.119500192384	50234.48656699176	16153.601464691264	20094.056641678853	56567.4874640243	10903.605429245064	11748.746146262292	13646.579804737637	19735.680195518966	18720.266242037516	7387.619186238726	13914.087700259044	12082.45951836006	9347.00279383183	54341.0277566001	61244.16301321151	12407.553809983325	12632.069801501346	9232.601507489631	1051295.6362488288	14734.10149465068	14193.703525432275	18300.598923662612	19376.067999586932	51956.7653141051	19839.797472265593	11078.4852454082	11147.81531425775	8476.922330033445	14673.401831193518	9602.11887566664	105534.42211373034	12835.837778556812
2026-01-08	12190.671712892772	25170.1657037633	23832.225865197062	15803.315479313442	25607.725460021982	163196.49949497223	4774.0979857791035	14209.664914220277	62415.17235096898	12549.313193907397	21944.286564453956	50688.157959810065	54178.85112590603	109430.58868596319	9523.845946395446	12116.595474344676	38624.58398104399	15156.23690802155	12882.36188212547	39926.72490519819	30728.495542650988	15427.715946194556	10862.19726794905	3335.1758551631247	3303.745828904348	16231.127971473623	32063.634874881907	36734.61224388279	8782.337904418093	13132.30477974372	7846.191594753804	114904.63576374282	17617.652641176577	7328.561820236211	24148.641793411054	23839.74566529011	14782.638115400478	15651.31819536201	86231.5734034361	7618.767776283879	28543.94751504902	13206.07814295367	17004.743101987027	13771.12078325528	12334.85149950171	30752.634504984235	4231.080965670919	13414.781760142127	95070.78585012502	11229.311565010546	56932.44632875419	24675.56527323485	9046.298478987961	8974.532204827223	22425.257701786075	24383.32527304141	29354.964853316334	68446.08723803947	37567.33335119026	14956.4722461203	10799.983843612144	23426.20469687183	8083.137620512561	9127.502045918724	12818.063949952491	6357.748685328873	29235.435282485414	13265.156535642658	12184.343881337289	13615.966461672073	9009.301059766705	11101.16107918778	27782.386060578214	35674.67850093667	113987.20645705954	16211.5892784303	97843.27607217692	115994.23473301022	19806.612574598585	11570.559750096192	50683.24328349588	16118.300732345633	20073.528320839425	58488.74373201215	10886.802714622532	11682.873073131146	13772.789902368819	19666.340097759483	18750.133121018756	7410.309593119363	13883.043850129521	12105.22975918003	9350.501396915915	54350.51387830005	61367.081506605755	12428.776904991662	12643.034900750674	9228.800753744816	1051459.3181244144	14732.05074732534	14056.851762716138	18302.299461831306	19328.533999793464	52228.38265705255	19852.398736132796	11108.2426227041	11168.907657128875	8517.461165016723	14670.200915596759	9647.059437833319	105547.21105686517	12932.418889278406
2026-01-09	12165.835856446385	25814.08285188165	23900.61293259853	15796.15773965672	25706.36273001099	163765.74974748612	4809.548992889551	14506.832457110138	62413.58617548449	12651.156596953699	22489.643282226978	51216.57897990503	54674.425562953016	109290.2943429816	9501.922973197723	12162.79773717234	38754.79199052199	15118.118454010775	12903.680941062736	40033.362452599096	30794.247771325492	15643.857973097278	11163.598633974525	3380.0879275815623	3311.872914452174	16233.063985736811	32214.317437440954	36870.306121941394	8813.668952209046	13321.152389871859	7865.095797376902	114854.81788187141	17566.32632058829	7363.280910118106	24284.320896705525	23967.372832645055	14911.319057700239	15717.659097681004	86905.78670171805	7609.38388814194	28546.97375752451	13238.039071476835	16857.371550993514	13663.06039162764	12367.425749750855	31045.317252492117	4230.040482835459	13462.390880071063	95356.39292506251	11253.655782505273	56943.723164377094	24785.282636617427	9081.149239493981	9069.76610241361	22525.628850893037	24468.662636520705	29322.482426658167	68284.54361901974	37613.16667559513	15073.23612306015	10819.991921806071	23368.102348435918	8154.06881025628	9198.75102295936	12959.531974976246	6361.374342664436	29330.217641242707	13290.078267821329	12369.671940668644	13637.983230836036	9056.650529883353	11200.58053959389	27838.693030289105	35764.839250468336	113851.10322852977	16264.79463921515	97783.63803608847	115984.61736650512	19828.806287299292	11700.279875048096	50665.621641747945	16135.650366172817	20068.264160419712	61634.37186600608	10972.401357311266	11826.936536565572	13831.39495118441	19783.170048879743	18986.566560509378	7416.654796559682	13847.52192506476	12151.114879590015	9354.750698457958	54362.75693915003	61593.54075330288	12476.88845249583	12770.517450375337	9335.900376872407	1051582.6590622072	14766.02537366267	14099.42588135807	18258.149730915655	19402.266999896732	52376.69132852627	19901.199368066398	11143.12131135205	11214.953828564438	8542.73058250836	14713.60045779838	9674.52971891666	105563.60552843258	13024.709444639204
2026-01-12	12164.917928223193	26006.041425940824	24206.806466299266	15864.078869828361	26055.681365005497	164717.37487374304	4979.774496444776	14885.91622855507	62614.79308774225	12657.078298476848	22624.82164111349	51070.78948995251	55362.21278147651	109217.6471714908	9520.961486598862	12190.89886858617	38934.895995260995	15164.059227005388	12836.840470531368	40444.18122629955	30994.623885662746	15791.928986548639	11514.299316987263	3365.043963790781	3315.936457226087	16204.031992868406	32309.65871872048	37066.6530609707	8794.334476104523	13523.07619493593	7857.047898688451	114824.90894093571	17750.663160294145	7373.140455059052	24379.660448352763	24131.186416322525	15000.65952885012	15883.829548840502	87500.39335085903	7602.19194407097	28568.486878762254	13299.019535738418	17108.685775496757	13881.530195813819	12423.712874875428	31345.15862624606	4219.520241417729	13536.195440035532	95801.69646253125	11258.327891252637	56949.36158218855	24936.641318308713	9249.57461974699	9174.883051206805	22664.31442544652	24608.331318260352	29768.741213329085	68357.27180950987	38024.583337797565	15266.618061530075	10877.495960903036	23274.05117421796	8299.534405128139	9281.87551147968	13096.765987488123	6355.687171332218	29835.108820621354	13425.039133910665	12699.835970334323	13661.491615418017	9145.325264941675	11300.290269796944	28019.346515144553	36124.919625234164	113835.55161426488	16343.397319607575	97722.81901804423	115957.30868325256	19933.903143649644	11819.139937524047	51139.81082087397	16141.825183086408	20077.632080209856	64117.18593300304	11024.700678655634	11977.968268282786	13828.197475592206	19796.58502443987	19236.78328025469	7409.827398279841	13800.26096253238	12215.557439795008	9360.87534922898	54371.378469575015	61924.27037665144	12540.944226247915	12900.758725187668	9426.450188436203	1051686.8295311036	14838.012686831335	14263.212940679034	18338.574865457827	19490.633499948366	52597.845664263135	19970.5996840332	11194.560655676025	11282.976914282219	8578.36529125418	14774.80022889919	9722.26485945833	105574.30276421629	13117.854722319602
2026-01-13	12212.458964111596	26992.020712970414	24428.903233149635	15990.53943491418	26275.34068250275	166166.68743687152	5089.887248222388	15199.458114277535	63063.896543871124	12814.039149238424	23542.410820556746	50865.394744976256	56028.606390738256	108996.3235857454	9685.480743299431	12202.449434293085	39087.4479976305	15239.529613502695	12873.420235265683	40937.090613149776	30999.811942831373	15838.46449327432	11882.149658493632	3335.0219818953906	3315.4682286130437	16187.015996434202	32604.82935936024	37384.82653048535	8797.167238052261	13699.038097467965	7845.523949344226	114747.45447046786	17965.331580147074	7395.570227529526	24572.33022417638	24365.593208161263	15090.32976442506	15942.414774420251	88335.19667542951	7611.095972035485	28696.743439381127	13344.50976786921	17766.84288774838	14405.76509790691	12469.356437437713	31611.57931312303	4202.260120708865	13590.597720017766	96302.84823126563	11285.163945626318	56954.68079109427	25136.820659154357	9348.787309873496	9284.941525603403	22849.657212723258	24826.665659130176	30354.370606664543	68043.63590475493	38606.29166889878	15548.309030765038	11063.747980451517	23239.52558710898	8382.26720256407	9432.43775573984	13182.38299374406	6325.343585666109	30172.554410310677	13600.019566955332	12712.417985167162	13710.745807709009	9307.162632470838	11400.145134898472	28342.173257572278	36777.45981261708	113697.77580713245	16456.198659803787	97682.40950902211	115953.65434162627	19983.951571824822	11893.069968762024	51595.405410436986	16209.412591543205	20167.316040104928	66926.09296650151	11045.850339327817	12168.984134141392	13891.098737796103	19810.792512219938	19453.891640127345	7418.913699139921	13876.130481266191	12272.278719897504	9363.93767461449	54378.18923478751	62219.635188325716	12600.472113123957	12985.379362593834	9476.725094218102	1051778.4147655517	14899.006343415667	14342.606470339517	18533.287432728914	19566.816749974183	52882.42283213157	20210.2998420166	11246.780327838012	11338.98845714111	8623.18264562709	14890.900114449596	9777.132429729165	105582.15138210815	13231.9273611598
2026-01-14	12297.729482055798	27785.510356485207	24655.451616574817	16279.26971745709	26507.670341251374	166910.84371843576	5232.443624111194	15291.729057138768	63454.94827193556	12835.519574619211	24158.705410278373	50257.697372488125	56946.803195369124	108910.6617928727	9732.740371649716	12242.724717146542	39228.72399881525	15307.264806751347	12929.210117632842	41348.54530657489	31039.905971415687	16014.232246637159	12096.074829246816	3350.010990947695	3327.734114306522	16101.007998217101	32752.41467968012	37538.91326524268	8853.58361902613	13912.019048733982	7913.761974672113	114701.22723523394	18177.665790073537	7432.785113764763	24821.16511208819	24552.79660408063	15142.66488221253	15984.207387210125	89000.09833771476	7618.047986017742	28725.871719690564	13397.254883934605	17830.92144387419	14465.382548953454	12522.178218718856	31692.289656561516	4203.130060354432	13630.298860008883	96795.9241156328	11328.58197281316	56957.34039554714	25224.41032957718	9447.893654936748	9394.970762801702	22932.32860636163	24933.332829565086	30747.18530333227	67875.31795237746	38996.64583444939	15706.65451538252	11159.373990225758	23429.762793554488	8438.633601282036	9517.71887786992	13257.69149687203	6322.6717928330545	30563.77720515534	13667.509783477666	12891.20899258358	13707.872903854504	9465.081316235419	11470.072567449235	28566.08662878614	37326.22990630854	113706.38790356622	16495.599329901896	97759.70475451105	115981.82717081314	20137.97578591241	11974.53498438101	51958.20270521849	16213.706295771603	20192.158020052462	67468.04648325076	11070.925169663908	12340.492067070696	13902.549368898051	19666.89625610997	19564.945820063673	7425.9568495699605	13928.565240633096	12317.639359948753	9363.468837307246	54384.094617393755	62444.81759416286	12645.236056561978	13069.689681296917	9537.36254710905	1051866.2073827758	14927.003171707835	14423.803235169758	18625.64371636446	19595.40837498709	53145.71141606578	20365.1499210083	11294.890163919006	11383.494228570555	8662.591322813545	14951.450057224798	9822.066214864582	105591.07569105408	13309.4636805799
2026-01-15	12327.864741027899	28502.7551782426	24680.22580828741	16622.134858728547	26541.335170625687	166384.42185921787	5346.221812055597	15476.864528569384	64004.47413596778	12860.759787309606	24789.352705139187	50041.34868624406	57973.40159768456	108490.33089643635	9708.870185824857	12316.362358573271	39699.36199940763	15356.132403375674	12969.605058816422	41464.272653287444	31159.952985707845	16254.61612331858	12285.537414623408	3350.0054954738475	3338.867057153261	16120.50399910855	32456.20733984006	37539.95663262134	8894.291809513066	13956.009524366991	7952.880987336057	114470.61361761697	18446.33289503677	7510.8925568823815	24988.082556044094	24853.898302040318	15246.332441106264	15951.103693605062	90090.04916885738	7644.023993008871	28662.93585984528	13401.127441967303	17992.960721937096	14610.191274476727	12528.58910935943	31797.644828280758	4208.565030177217	13617.649430004441	97070.9620578164	11433.29098640658	56966.170197773565	25196.20516478859	9410.446827468375	9419.985381400851	22900.164303180813	24855.666414782543	31113.592651666135	67289.65897618873	39251.822917224694	15790.82725769126	11259.68699511288	23634.881396777244	8454.316800641018	9498.35943893496	13380.345748436015	6338.835896416527	30604.38860257767	13621.254891738834	12850.604496291791	13628.936451927253	9509.040658117709	11550.036283724618	28545.54331439307	37500.61495315427	113423.19395178312	16488.299664950948	97858.35237725553	115805.91358540657	20377.987892956204	12083.767492190505	52485.60135260924	16195.853147885802	20147.07901002623	68799.02324162537	11170.962584831954	12490.246033535348	13935.774684449025	19542.948128054984	19441.472910031836	7455.47842478498	13905.282620316548	12308.819679974376	9365.234418653623	54394.54730869688	62402.40879708143	12637.61802828099	13186.844840648459	9637.681273554525	1052031.103691388	14916.001585853917	14476.90161758488	18532.32185818223	19580.204187493546	53331.35570803289	20290.07496050415	11296.945081959504	11376.747114285277	8691.295661406773	14905.2250286124	9854.033107432291	105605.53784552704	13435.731840289951
2026-01-16	12347.93237051395	28750.8775891213	24651.112904143705	16918.567429364273	26548.167585312844	166691.21092960893	5465.610906027799	15626.432264284693	64854.73706798389	12885.879893654803	24879.676352569593	50263.17434312203	58396.700798842285	108420.16544821818	9664.435092912428	12378.181179286636	39619.680999703814	15408.066201687838	13049.80252940821	41792.136326643726	31092.476492853923	16337.308061659289	12307.768707311705	3350.002747736924	3354.4335285766306	16220.251999554275	32633.10366992003	37661.47831631067	8919.645904756533	13818.004762183496	7977.4404936680285	114410.30680880848	18430.666447518386	7559.946278441191	25336.541278022047	25141.94915102016	15360.666220553132	15937.051846802531	91132.5245844287	7657.011996504436	28678.96792992264	13405.563720983651	17863.980360968548	14495.095637238363	12529.294554679715	31966.322414140377	4223.782515088608	13633.824715002222	97366.4810289082	11529.64549320329	56973.08509888678	25256.602582394295	9399.223413734187	9394.992690700426	22962.582151590406	24902.83320739127	31241.796325833067	67073.32948809437	39735.41145861235	15845.41362884563	11309.84349755644	23867.440698388622	8572.15840032051	9590.67971946748	13466.672874218008	6334.417948208264	30649.694301288837	13615.627445869417	12982.802248145896	13581.968225963627	9518.520329058854	11585.018141862309	28715.271657196536	37747.80747657713	113349.09697589156	16531.149832475472	97924.67618862777	115775.45679270328	20605.993946478102	12157.883746095253	53104.30067630462	16221.426573942901	20164.539505013116	68554.51162081269	11248.481292415978	12604.123016767673	13927.387342224512	19515.97406402749	19429.23645501592	7470.23921239249	13881.141310158273	12316.409839987187	9366.11720932681	54402.273654348435	62458.704398540714	12651.309014140494	13284.92242032423	9698.340636777262	1052154.551845694	14923.00079292696	14593.95080879244	18592.660929091115	19574.602093746773	53494.677854016445	20270.037480252075	11307.472540979752	11385.873557142639	8715.147830703387	14895.6125143062	9886.516553716145	105617.76892276353	13582.365920144975
2026-01-19	12335.966185256975	30042.93879456065	24553.056452071854	17079.283714682137	26746.58379265642	165694.10546480445	5565.3054530139	15857.716132142346	65688.86853399195	12885.939946827402	25939.838176284797	50056.58717156101	58848.35039942114	108102.58272410909	9644.717546456213	12440.090589643318	39309.84049985191	15381.533100843919	13039.901264704105	41916.06816332186	30901.23824642696	16351.154030829644	12491.384353655852	3330.001373868462	3367.216764288315	16350.125999777138	32736.551834960017	37642.73915815534	8939.822952378267	13791.502381091748	8002.220246834015	114162.65340440423	18467.833223759193	7553.473139220596	25303.270639011025	25468.47457551008	15337.833110276566	15930.025923401266	92278.76229221435	7623.505998252218	28466.98396496132	13380.281860491825	18146.990180484274	14737.547818619181	12504.647277339856	31746.16120707019	4237.891257544305	13639.41235750111	97054.2405144541	11587.822746601645	56979.04254944339	25184.801291197145	9344.111706867094	9282.496345350213	22860.291075795205	24757.916603695638	31585.898162916536	66478.66474404719	39770.70572930617	15897.706814422814	11302.421748778219	24036.22034919431	8736.079200160255	9589.33985973374	13431.836437109003	6384.708974104132	30844.84715064442	13565.313722934708	13021.401124072949	13413.484112981812	9520.760164529427	11567.509070931155	28697.635828598268	37613.903738288565	113044.54848794578	16511.074916237736	97749.83809431389	115645.22839635164	20797.996973239053	12133.441873047626	53722.15033815231	16149.713286971451	20031.26975250656	69127.25581040635	11229.740646207989	12577.561508383837	13794.693671112256	19424.987032013745	19281.61822750796	7441.6196061962455	13804.570655079136	12322.704919993594	9366.558604663405	54406.13682717422	62489.35219927036	12655.654507070247	13267.961210162115	9689.170318388631	1052254.775922847	14899.00039646348	14530.47540439622	18470.830464545557	19321.301046873385	53227.838927008226	20257.518740126037	11293.736270489877	11387.936778571318	8684.073915351693	14809.3062571531	9849.758276858072	105626.38446138176	13727.682960072489
2026-01-20	12487.983092628489	30567.469397280325	24497.028226035927	17093.14185734107	26970.79189632821	165034.05273240223	5670.15272650695	15970.858066071174	65564.93426699597	13098.969973413701	26319.9190881424	50065.793585780506	59069.175199710575	107566.29136205454	9702.358773228107	12471.045294821659	39137.420249925955	15333.266550421959	13002.450632352053	41958.03408166093	30783.11912321348	16345.577015414823	12610.692176827926	3367.500686934231	3381.1083821441575	16440.06299988857	32883.27591748001	37494.86957907767	8932.411476189132	13810.751190545874	8086.110123417007	113746.32670220212	18551.4166118796	7532.736569610298	25064.135319505513	25524.23728775504	15296.416555138283	15929.012961700633	92529.38114610717	7589.252999126109	28303.49198248066	13377.640930245912	18570.995090242137	15031.273909309592	12502.323638669928	31651.080603535094	4254.445628772152	13662.206178750555	96868.62025722704	11652.911373300823	56984.521274721694	25091.400645598573	9291.555853433547	9183.748172675107	22789.645537897602	24653.45830184782	31967.949081458268	65289.33237202359	39698.85286465309	15908.853407211407	11286.21087438911	23858.110174597154	8788.039600080127	9601.16992986687	13416.918218554501	6419.854487052065	31199.92357532221	13582.656861467354	12928.200562036474	13346.742056490906	9516.880082264714	11491.254535465578	28541.317914299136	37399.45186914428	112619.77424397289	16446.537458118866	97584.91904715695	115475.11419817581	20811.498486619526	12123.720936523812	53399.57516907615	16071.356643485726	19914.63487625328	69301.12790520318	11194.870323103994	12547.280754191917	13730.846835556127	19381.99351600687	19210.30911375398	7405.309803098123	13771.285327539568	12342.852459996797	9369.279302331703	54413.06841358711	62604.67609963518	12680.327253535124	13244.980605081058	9675.085159194316	1052349.3879614235	14892.00019823174	14488.73770219811	18417.41523227278	19237.150523436692	53040.91946350411	20216.259370063017	11291.868135244938	11405.96838928566	8668.536957675846	14744.65312857655	9814.879138429036	105633.19223069088	13755.341480036244
2026-01-21	12605.491546314244	32024.73469864016	24363.51411301796	16948.070928670535	27565.395948164107	164002.0263662011	5697.5763632534745	15838.929033035587	65617.467133498	13108.984986706851	27537.4595440712	48520.39679289026	58969.58759985529	107528.14568102726	9628.679386614054	12392.02264741083	39368.71012496298	15294.13327521098	12966.225316176027	41719.01704083047	30816.55956160674	16367.788507707412	12592.846088413964	3403.7503434671153	3373.0541910720785	16097.531499944285	32691.637958740004	37255.434789538835	8866.205738094566	13880.375595272937	8138.055061708504	113675.66335110106	18580.7083059398	7546.3682848051485	24909.567659752756	25657.11864387752	15320.708277569142	15916.006480850316	93004.69057305358	7564.6264995630545	28184.24599124033	13338.820465122957	18592.99754512107	15065.636954654796	12468.661819334964	31539.04030176755	4258.222814386076	13651.103089375278	96528.81012861352	11602.955686650412	56989.76063736084	24923.700322799286	9240.777926716773	9111.874086337553	22646.3227689488	24504.729150923908	31783.974540729134	64834.1661860118	39602.926432326545	15866.926703605703	11355.605437194554	23919.055087298577	8799.019800040063	9634.584964933434	13391.95910927725	6447.427243526033	31789.961787661105	13438.828430733676	13109.100281018236	13175.871028245452	9505.440041132357	11515.627267732789	28435.658957149568	37374.72593457214	112702.38712198645	16377.268729059433	97514.45952357847	115485.0570990879	20872.249243309765	12092.360468261906	53024.28758453808	15995.178321742864	19826.81743812664	68950.56395260159	11179.935161551997	12647.640377095959	13762.923417778064	19221.996758003435	19050.15455687699	7384.654901549062	13598.142663769784	12331.426229998398	9361.639651165851	54419.034206793556	62532.33804981759	12660.163626767562	13204.49030254053	9654.042579597157	1052438.6939807117	14906.00009911587	14487.368851099054	18283.707616136388	19135.575261718346	52806.95973175205	20085.62968503151	11268.93406762247	11385.48419464283	8631.768478837923	14597.326564288276	9775.939569214519	105641.59611534544	13823.670740018122
2026-01-22	12715.745773157123	32212.86734932008	24266.75705650898	17054.53546433527	27695.197974082053	164305.01318310056	5691.288181626737	15732.964516517794	66543.233566749	13163.492493353426	27628.7297720356	48087.69839644513	59002.29379992765	107681.57284051363	9626.839693307027	12372.011323705414	39859.35506248149	15324.56663760549	13050.612658088014	42019.508520415235	31255.779780803372	16496.394253853705	12671.423044206982	3511.8751717335576	3381.5270955360393	16153.765749972143	32665.81897937	37246.71739476942	8813.102869047283	13990.187797636469	8282.527530854251	113750.33167555052	18642.8541529699	7562.684142402574	24887.283829876378	25868.55932193876	15452.85413878457	15889.503240425158	93754.84528652679	7572.313249781528	28277.122995620164	13321.910232561479	19346.498772560535	15707.818477327397	12454.330909667482	31636.520150883774	4260.111407193038	13640.551544687638	96603.90506430676	11577.977843325207	56997.38031868042	24936.85016139964	9242.388963358386	9065.937043168777	22663.6613844744	24548.864575461954	32206.987270364567	64932.5830930059	40000.963216163276	16108.463351802851	11520.302718597277	24097.02754364929	8754.509900020032	9658.792482466717	13462.479554638625	6428.713621763016	31982.48089383055	13446.914215366838	13187.050140509118	13140.435514122726	9631.72002056618	11507.813633866394	28622.829478574786	37612.36296728607	112816.19356099323	16399.634364529717	97568.72976178923	115540.02854954396	21032.124621654883	12159.680234130952	53376.14379226904	16026.589160871432	19887.40871906332	68077.78197630079	11260.467580776	12670.32018854798	13860.961708889032	19159.498379001718	19127.077278438497	7391.327450774531	13519.071331884892	12320.713114999198	9366.819825582927	54427.01710339678	62458.6690249088	12652.581813383782	13281.245151270265	9725.021289798578	1052592.8469903558	14928.000049557935	14474.684425549527	18281.353808068194	19146.787630859173	52812.97986587603	20035.314842515756	11266.967033811234	11385.242097321414	8632.384239418961	14545.663282144138	9770.46978460726	105660.79805767271	13941.335370009061
2026-01-23	12852.372886578562	31947.93367466004	24289.378528254492	17720.267732167635	28125.098987041027	164972.00659155028	5825.644090813368	15719.982258258897	67043.6167833745	13232.746246676714	27411.8648860178	48976.34919822257	59473.646899963824	107620.78642025682	9843.419846653513	12315.005661852707	40629.67753124074	15394.783318802745	13160.306329044008	42012.254260207614	31627.889890401686	16623.197126926854	12605.711522103491	3583.437585866779	3388.2635477680196	16519.38287498607	32635.409489685	37331.35869738471	8766.55143452364	13965.093898818235	8371.763765427126	113610.16583777526	18851.42707648495	7570.842071201287	24993.64191493819	26054.27966096938	15581.427069392284	15846.751620212579	94419.92264326339	7598.656624890764	28453.561497810082	13298.45511628074	19730.749386280266	16013.909238663698	12432.165454833741	31759.76007544189	4267.555703596519	13615.275772343819	96793.45253215337	11518.988921662603	57003.690159340214	24997.42508069982	9270.694481679193	9060.46852158439	22720.8306922372	24650.932287730975	32558.493635182283	64648.29154650295	40072.48160808164	16216.731675901425	11670.151359298638	24273.513771824644	8874.754950010016	9779.896241233359	13500.239777319312	6389.356810881508	32428.740446915275	13478.457107683418	13266.02507025456	13242.717757061364	9757.36001028309	11548.906816933197	28698.914739287393	37623.681483643035	112715.59678049662	16437.81718226486	97693.36488089462	115480.01427477198	21290.56231082744	12198.340117065476	53589.57189613452	16097.294580435715	20007.20435953166	67538.8909881504	11310.733790388	12660.16009427399	13902.480854444515	19170.749189500857	19252.53863921925	7418.663725387265	13472.035665942447	12291.3565574996	9371.909912791463	54433.50855169839	62346.8345124544	12631.290906691891	13322.122575635132	9755.510644899288	1052709.4234951779	14969.000024778969	14411.342212774764	18312.676904034095	19301.393815429587	52906.98993293801	20067.657421257878	11248.983516905617	11368.121048660707	8647.692119709482	14590.331641072069	9791.73489230363	105675.39902883636	14036.16768500453
2026-01-26	12908.68644328928	31563.96683733002	24082.189264127246	18031.133866083816	28700.049493520513	163914.00329577515	5850.322045406684	15598.991129129448	67069.30839168726	13247.373123338357	27053.4324430089	50670.674599111284	59544.32344998191	107870.39321012842	10061.709923326756	12309.002830926354	40039.83876562037	15474.891659401372	13285.153164522004	41336.12713010381	31296.44494520084	16669.098563463427	12620.355761051746	3654.2187929333895	3381.63177388401	17664.691437493035	32187.7047448425	37032.679348692356	8718.27571726182	14152.546949409118	8371.881882713562	113717.58291888764	19130.713538242475	7546.421035600643	24741.820957469095	26019.639830484688	15465.713534696142	15699.375810106289	94302.4613216317	7619.328312445382	28524.28074890504	13184.22755814037	20365.374693140133	16554.45461933185	12328.58272741687	31407.380037720945	4267.27785179826	13482.63788617191	96161.72626607669	11496.494460831302	57009.34507967011	24782.21254034991	9143.347240839597	8950.234260792195	22528.4153461186	24483.466143865488	32786.74681759114	64657.145773251475	39625.24080404082	16085.865837950712	11715.075679649319	24424.25688591232	8847.377475005007	9775.948120616678	13399.119888659656	6372.178405440754	32904.370223457634	13381.728553841709	13145.51253512728	13138.858878530682	9652.680005141545	11536.953408466597	28404.457369643696	37039.34074182152	112850.29839024831	16335.90859113243	97783.6824404473	115552.50713738598	21272.281155413722	12099.670058532738	53243.78594806726	16110.147290217858	20057.102179765832	67624.44549407519	11345.866895194	12544.080047136995	13762.240427222257	18881.37459475043	19136.269319609622	7447.3318626936325	13285.017832971223	12178.1782787498	9374.454956395732	54439.25427584919	61758.4172562272	12510.645453345945	13213.061287817567	9699.255322449644	1052806.711747589	14977.000012389484	14198.17110638738	18188.838452017048	19227.196907714795	52602.49496646901	19846.32871062894	11157.491758452808	11261.560524330354	8592.34605985474	14501.665820536035	9736.867446151815	105682.69951441817	14042.583842502265
2026-01-27	13173.84322164464	31273.98341866501	24160.59463206362	18561.566933041908	28987.524746760257	164363.00164788758	5867.661022703342	15635.495564564724	68407.65419584363	13306.68656166918	26769.216221504452	51742.83729955564	59972.161724990954	108020.19660506421	10248.354961663379	12286.001415463177	39834.919382810185	15539.945829700686	13420.076582261001	41185.5635650519	31365.72247260042	16694.549281731714	12555.177880525873	3682.1093964666948	3368.315886942005	18492.345718746517	31876.35237242125	37180.33967434618	8671.637858630911	14123.773474704558	8423.440941356781	113768.79145944382	19330.356769121237	7539.210517800322	24760.91047873455	26444.819915242344	15442.856767348072	15662.687905053144	95921.23066081584	7637.1641562226905	28737.14037445252	13122.113779070185	20695.187346570066	16857.227309665926	12274.291363708435	31385.19001886047	4282.138925899129	13433.818943085955	95887.36313303834	11473.24723041565	57014.67253983505	24808.606270174954	9114.673620419799	8875.117130396098	22552.2076730593	24560.733071932744	33183.37340879557	64769.57288662574	39660.62040202041	15980.432918975355	11725.03783982466	25224.62844295616	8823.688737502503	9816.47406030834	13373.559944329827	6323.589202720377	33554.68511172882	13223.364276920855	13215.25626756364	13264.429439265341	9582.840002570772	11478.476704233299	28397.22868482185	36894.67037091076	112890.14919512416	16373.954295566215	97808.34122022365	115591.25356869299	21690.64057770686	12077.835029266369	53904.39297403363	16186.073645108929	20199.551089882916	67179.7227470376	11340.933447596999	12547.540023568497	13768.620213611128	18863.187297375214	19092.63465980481	7461.665931346816	13186.50891648561	12126.5891393749	9375.727478197867	54444.627137924595	61564.2086281136	12457.822726672974	13186.030643908784	9668.627661224822	1052894.8558737945	15048.500006194743	14185.08555319369	18328.919226008526	19351.598453857398	52511.7474832345	19940.664355314468	11119.245879226404	11225.780262165177	8571.67302992737	14574.332910268018	9719.433723075908	105688.84975720909	14251.791921251133
2026-01-28	13204.921610822319	31038.491709332506	24310.29731603181	18905.283466520952	29613.76237338013	164359.0008239438	5946.330511351671	15656.247782282362	70309.8270979218	13380.84328083459	26557.108110752226	52991.41864977782	60691.08086249548	108167.5983025321	10351.67748083169	12213.50070773159	39597.45969140509	15704.972914850343	13612.5382911305	40855.281782525955	31237.86123630021	16632.274640865857	12750.088940262936	3731.054698233347	3374.1579434710025	19621.17285937326	31298.176186210625	37011.66983717309	8353.318929315456	14374.386737352279	8456.72047067839	113839.3957297219	19542.67838456062	7535.605258900161	24700.455239367275	26914.909957621174	15438.928383674036	15570.843952526571	97533.11533040792	7621.082078111345	28993.570187226258	13008.556889535092	21445.09367328503	17566.113654832963	12162.145681854217	31101.595009430235	4287.569462949565	13306.909471542978	94910.18156651917	11459.623615207825	57019.83626991753	24697.803135087477	9135.3368102099	8742.55856519805	22451.103836529648	24557.366535966372	33879.18670439778	64909.28644331287	40119.3102010102	15922.716459487678	11725.01891991233	26392.314221478082	8699.344368751252	9806.73703015417	13291.279972164913	6266.794601360189	34434.84255586441	13156.682138460426	13135.12813378182	13252.21471963267	9545.920001285387	11464.238352116648	28366.114342410925	37124.83518545538	112947.57459756208	16363.477147783107	97803.67061011182	115643.1267843465	22086.32028885343	12012.917514633184	55178.196487016816	16264.036822554464	20387.775544941458	67899.8613735188	11385.9667237985	12463.770011784249	13537.310106805564	18631.59364868761	18934.317329902406	7447.332965673408	13093.254458242805	12021.29456968745	9378.363739098933	54447.3135689623	60997.1043140568	12348.911363336487	13113.515321954392	9606.813830612411	1052978.4279368971	15101.750003097372	14181.042776596845	18406.459613004263	19205.2992269287	51963.37374161725	19915.332177657234	11032.122939613202	11132.39013108259	8484.836514963685	14587.666455134009	9615.716861537954	105694.42487860454	14483.395960625567
2026-01-29	13277.96080541116	31472.245854666253	24436.648658015903	19978.141733260476	30869.381186690065	164409.50041197188	6025.665255675835	15721.123891141182	71689.4135489609	13442.921640417295	26968.554055376113	53980.709324888914	61820.54043124774	108068.79915126605	10500.838740415846	12174.750353865795	38958.729845702546	15692.486457425171	13738.76914556525	40575.14089126298	30948.930618150105	16738.63732043293	12867.544470131468	3798.0273491166736	3417.078971735501	20488.086429686628	31039.08809310531	36885.334918586545	7966.659464657728	14649.69336867614	8535.360235339194	113737.19786486095	19788.83919228031	7500.3026294500805	24682.72761968364	27314.954978810587	15369.464191837018	15556.921976263286	98966.55766520396	7588.041039055673	29099.28509361313	12954.278444767546	21797.546836642516	17875.556827416483	12113.572840927109	30833.29750471512	4285.784731474782	13258.45473577149	94260.59078325958	11413.311807603914	57027.41813495876	24644.90156754374	9115.668405104949	8686.279282599025	22400.551918264824	24563.183267983186	34522.09335219889	64612.643221656435	40455.6551005051	15938.858229743839	11642.509459956165	27393.65711073904	8584.672184375626	9968.368515077085	13252.639986082457	6240.897300680094	36162.421277932204	13238.341069230213	12942.56406689091	13146.107359816335	9647.460000642694	11397.119176058324	28458.057171205463	37652.41759272769	112803.78729878104	16316.238573891555	97715.83530505591	115596.56339217325	22629.660144426714	11967.958757316592	55675.09824350841	16280.518411277233	20454.387772470727	68587.4306867594	11378.483361899249	12384.885005892123	13391.655053402781	18518.296824343804	18820.158664951203	7412.666482836704	13009.127229121403	11986.147284843726	9370.681869549466	54453.65678448115	60788.5521570284	12311.955681668243	13067.257660977197	9550.906915306205	1053125.2139684486	15215.875001548686	14154.021388298423	18450.22980650213	19177.14961346435	51555.186870808626	19807.666088828617	10991.061469806602	11080.695065541295	8417.418257481842	14554.333227567004	9537.358430768978	105709.71243930227	14694.697980312783
2026-01-30	13190.98040270558	31211.122927333126	24362.32432900795	20678.570866630238	30274.690593345033	163771.25020598594	5970.332627837917	15594.561945570591	73414.20677448045	13431.960820208647	26894.277027688055	53307.85466244446	62510.27021562387	107801.89957563303	10465.419370207923	12159.875176932897	38776.86492285127	15601.243228712585	13669.384572782625	40640.070445631485	30736.96530907505	16826.818660216464	12756.272235065735	3804.013674558337	3441.0394858677505	20694.043214843314	31309.544046552655	36819.66745929327	8045.829732328864	14807.34668433807	8616.680117669597	113563.59893243047	19876.919596140157	7506.151314725041	24438.86380984182	27554.977489405293	15249.732095918509	15544.960988131643	99948.27883260198	7566.520519527836	28887.142546806564	12982.139222383772	21488.77341832126	17622.77841370824	12141.786420463555	30557.14875235756	4273.892365737391	13291.727367885745	94261.7953916298	11434.655903801957	57033.70906747938	24600.95078377187	9048.334202552474	8678.139641299513	22360.775959132414	24462.091633991593	34448.546676099446	64193.82161082822	40364.82755025255	15786.92911487192	11546.254729978082	28576.82855536952	8482.336092187812	9882.684257538542	13265.319993041228	6300.448650340048	35801.210638966106	13194.170534615107	12896.282033445455	12805.553679908167	9540.730000321346	11321.059588029162	28489.028585602733	37786.20879636385	112641.89364939052	16275.119286945777	97636.41765252795	115470.78169608663	23111.830072213357	11982.979378658296	56340.0491217542	16201.759205638617	20300.693886235364	68546.2153433797	11357.241680949624	12320.442502946062	13282.32752670139	18573.148412171904	18676.0793324756	7388.3332414183515	13046.563614560702	12019.573642421863	9362.340934774733	54461.828392240575	60956.7760785142	12340.977840834123	13088.628830488598	9552.953457653102	1053233.1069842242	15187.937500774344	14170.510694149212	18315.114903251066	19312.074806732177	51546.09343540431	19568.833044414307	11019.030734903301	11106.347532770647	8410.20912874092	14486.166613783502	9539.679215384489	105724.85621965113	14812.348990156392
2026-02-02	13110.99020135279	30537.061463666563	24078.162164503978	20338.28543331512	28059.845296672516	163137.62510299298	5855.166313918959	15122.280972785295	71467.10338724023	13270.480410104323	26432.138513844027	51928.92733122223	61265.13510781193	107725.94978781651	10200.20968510396	12196.937588466448	38563.43246142563	15525.621614356292	13449.692286391313	40927.53522281574	30565.982654537525	16870.909330108232	12463.136117532868	3757.0068372791684	3420.519742933875	20199.52160742166	31214.772023276328	36833.833729646634	8015.414866164432	14581.173342169035	8595.840058834798	113521.79946621523	19600.95979807008	7535.57565736252	24279.431904920908	26877.48874470265	15039.866047959255	15534.480494065821	97524.13941630098	7578.260259763918	28483.571273403282	13128.569611191886	20866.88670916063	17071.38920685412	12293.393210231778	30558.57437617878	4248.946182868695	13418.363683942873	95244.8976958149	11428.327951900977	57039.35453373969	24666.475391885935	8913.167101276238	8591.569820649756	22417.887979566207	24366.545816995796	33484.27333804972	63981.91080541411	39697.913775126275	15548.46455743596	11343.12736498904	27905.91427768476	8516.168046093906	9867.34212876927	13461.659996520615	6395.224325170024	33350.60531948305	13092.085267307553	12740.641016722728	12722.776839954084	9409.865000160673	11120.529794014581	28394.514292801367	37135.604398181924	112590.94682469526	16274.559643472889	97780.20882626397	115410.39084804332	22695.91503610668	12149.489689329148	55556.5245608771	16087.379602819308	20014.34694311768	66838.10767168985	11408.620840474812	12488.72125147303	13351.663763350694	18680.074206085952	18703.5396662378	7395.666620709176	13048.281807280351	12134.286821210932	9362.670467387366	54465.914196120284	61553.3880392571	12465.488920417061	13256.314415244298	9690.47672882655	1053326.053492112	15018.968750387172	14210.755347074606	18113.057451625533	19578.53740336609	52159.04671770216	19514.416522207153	11140.015367451651	11217.173766385324	8483.10456437046	14495.08330689175	9643.339607692244	105732.42810982556	14447.674495078196
2026-02-03	13430.995100676395	30633.53073183328	23923.58108225199	21461.14271665756	27969.922648336258	164172.8125514965	5987.583156959479	15260.640486392647	73263.05169362012	13360.740205052161	26533.569256922012	52176.96366561111	62802.56755390597	107487.97489390825	10157.60484255198	12193.468794233224	38999.21623071282	15630.310807178146	13549.846143195657	41456.26761140787	30822.991327268763	16872.954665054116	12659.068058766434	3746.003418639584	3450.2598714669375	20374.76080371083	31197.386011638162	37039.41686482332	8055.207433082216	14503.086671084518	8656.920029417399	113298.39973310762	19425.47989903504	7576.78782868126	24202.215952460454	27553.744372351324	15147.433023979627	15479.74024703291	99827.06970815049	7561.630129881959	28686.785636701643	13111.784805595944	20895.943354580315	17135.69460342706	12261.696605115889	30665.78718808939	4247.973091434347	13419.181841971436	94904.44884790745	11402.663975950489	57042.17726686985	24813.237695942968	8785.583550638119	8533.284910324877	22547.943989783103	24522.7729084979	34052.13666902486	63355.955402707055	40110.45688756314	15569.23227871798	11281.563682494521	28752.95713884238	8605.584023046953	9916.671064384635	13594.329998260308	6340.112162585012	33280.30265974153	13056.042633653777	12670.320508361365	12693.888419977042	9424.432500080336	11017.764897007291	28704.757146400683	37772.80219909096	112347.97341234764	16331.279821736443	97680.10441313198	115282.69542402166	23334.45751805334	12267.244844664574	56434.76228043855	16202.189801409655	20170.67347155884	68169.05383584493	11521.810420237405	12632.360625736515	13455.331881675347	18872.537103042974	18854.769833118902	7369.833310354588	13394.640903640175	12126.643410605466	9367.335233693684	54470.45709806014	61489.19401962855	12457.74446020853	13386.65720762215	9789.238364413275	1053415.026746056	15026.984375193586	14166.377673537303	18201.028725812765	19696.768701683046	51884.523358851075	19687.208261103577	11115.507683725826	11177.086883192662	8460.55228218523	14616.041653445875	9595.169803846122	105741.21405491278	14748.837247539097
2026-02-04	13771.497550338197	30941.76536591664	23885.790541125993	22030.07135832878	28467.46132416813	163306.40627574825	6173.79157847974	15585.320243196324	74666.52584681005	13521.870102526082	26844.284628461006	52335.981832805555	64001.28377695299	107238.98744695412	10103.80242127599	12213.734397116612	39237.10811535641	15702.655403589073	13569.923071597828	41945.63380570394	30883.99566363438	17193.977332527058	12924.534029383216	3725.501709319792	3522.6299357334688	20407.380401855415	31106.19300581908	37114.70843241166	8132.603716541108	14666.54333554226	8770.9600147087	113064.19986655381	19572.73994951752	7673.39391434063	24338.607976230225	28056.872186175664	15211.216511989813	15543.370123516455	101658.53485407525	7555.81506494098	28498.39281835082	13118.392402797972	21212.97167729016	17380.34730171353	12270.848302557944	30500.893594044697	4263.986545717174	13429.590920985718	94926.22442395372	11382.331987975245	57046.08863343492	24800.118847971484	8674.79177531906	8569.142455162439	22537.97199489155	24389.38645424895	35561.06833451243	62828.97770135353	39663.22844378157	15642.11613935899	11393.28184124726	29176.47856942119	8762.792011523477	10085.335532192317	13782.164999130153	6382.556081292506	33717.651329870765	13035.52131682689	12547.660254180682	12414.44420998852	9551.716250040168	11083.882448503646	28877.37857320034	38158.90109954548	112121.48670617382	16347.139910868222	97661.05220656599	115173.84771201083	23772.22875902667	12451.122422332286	56505.38114021927	16175.094900704828	20041.83673577942	69674.52691792246	11681.905210118703	12857.180312868259	13433.165940837673	18867.268551521487	18837.88491655945	7359.416655177294	13510.320451820087	12142.821705302733	9363.167616846842	54472.72854903007	61567.09700981427	12476.372230104265	13581.328603811075	9921.119182206638	1053501.513373028	15030.992187596792	14240.688836768652	18016.014362906382	19589.384350841523	51896.26167942554	19518.604130551787	11125.253841862912	11196.543441596332	8472.776141092614	14535.020826722937	9595.08490192306	105750.6070274564	15004.418623769549
2026-02-05	13969.748775169099	30884.88268295832	23881.895270562996	22011.03567916439	28323.730662084065	162491.70313787414	6184.39578923987	15330.660121598161	73608.76292340503	13565.43505126304	26839.642314230503	51742.99091640278	63265.64188847649	107211.99372347706	9966.901210637996	12307.367198558306	39163.55405767821	15776.327701794537	13519.961535798913	42420.31690285197	31161.997831817192	17564.48866626353	12817.267014691608	3687.750854659896	3621.314967866734	19978.690200927707	31123.09650290954	37258.85421620583	8298.801858270554	14753.271667771129	8825.48000735435	112999.59993327691	19588.86997475876	7738.696957170315	24471.803988115113	27745.936093087832	15155.608255994906	15632.185061758228	100409.26742703762	7545.40753247049	28161.696409175413	13214.196201398987	21156.48583864508	17282.673650856763	12360.424151278972	30868.44679702235	4267.493272858586	13519.79546049286	95457.11221197687	11428.665993987623	57055.54431671746	24865.559423985742	8624.39588765953	8589.571227581218	22597.985997445776	24268.193227124473	35740.53416725621	62615.98885067676	39140.614221890784	15681.058069679495	11399.140920623631	28615.739284710595	8723.896005761739	10237.167766096158	14085.582499565076	6453.778040646253	33368.825664935386	12977.760658413445	12508.830127090341	12257.22210499426	9517.858125020084	11054.441224251823	28798.689286600173	37379.45054977274	112133.2433530869	16372.569955434112	97668.52610328299	115161.92385600542	23619.614379513336	12717.061211166143	55539.19057010964	16114.047450352413	19812.41836788971	67949.76345896123	11866.952605059352	13118.09015643413	13597.582970418836	19077.63427576074	18854.442458279726	7354.208327588647	13643.160225910044	12222.410852651366	9356.58380842342	54483.864274515036	61976.048504907136	12548.186115052133	13877.664301905537	10143.55959110332	1053656.256686514	15025.496093798396	14322.344418384326	17808.50718145319	19543.19217542076	52231.63083971277	19496.802065275893	11200.626920931456	11264.771720798166	8518.888070546307	14479.01041336147	9651.54245096153	105765.3035137282	14838.209311884773
2026-02-06	14240.87438758455	30417.94134147916	23904.447635281496	21675.517839582193	28041.865331042034	160737.85156893707	6107.197894619935	14992.83006079908	72289.88146170252	13517.71752563152	26444.82115711525	50653.99545820139	62220.32094423825	107113.49686173853	9780.950605318998	12342.183599279153	38479.277028839104	15710.663850897268	13424.980767899457	42572.65845142599	30965.998915908596	17674.744333131763	12523.633507345803	3638.8754273299483	3645.657483933367	19454.345100463855	30994.04825145477	37105.427108102915	8286.900929135278	14839.135833885564	8781.240003677176	112917.29996663846	19441.93498737938	7747.848478585158	24348.401994057556	27395.468046543916	15042.804127997453	15664.092530879114	99352.13371351881	7575.203766235245	27758.348204587706	13297.098100699493	20728.24291932254	16921.33682542838	12430.212075639487	30763.723398511174	4273.746636429293	13569.89773024643	96103.05610598843	11446.832996993811	57062.772158358726	24748.779711992873	8621.197943829764	8664.78561379061	22486.49299872289	24011.096613562237	35695.2670836281	62624.49442533838	38739.30711094539	15615.529034839747	11304.570460311816	28342.869642355297	8756.948002880868	10121.583883048079	14266.291249782538	6549.389020323127	32949.41283246769	12883.880329206722	12459.41506354517	12061.11105249713	9224.429062510042	11112.220612125911	28499.344643300086	36582.22527488637	112154.12167654345	16337.784977717056	97847.2630516415	115120.96192800271	23389.30718975667	12869.530605583072	54996.09528505482	15976.523725176206	19523.709183944855	65962.3817294806	11966.976302529676	13233.545078217065	13593.291485209418	19058.81713788037	18681.22122913986	7381.1041637943235	13717.080112955022	12269.705426325683	9351.29190421171	54491.93213725752	62213.02425245357	12601.593057526066	14047.832150952769	10283.27979555166	1053776.1283432571	14975.248046899198	14363.172209192162	17512.253590726596	19542.59608771038	52669.315419856386	19323.401032637947	11255.313460465728	11301.385860399083	8589.944035273154	14293.505206680735	9725.771225480765	105780.1517568641	14685.604655942387
2026-02-09	14612.437193792275	30571.47067073958	24009.723817640748	22252.758919791097	28390.932665521017	161224.92578446853	6253.598947309967	15084.415030399541	73452.44073085126	13726.85876281576	26547.410578557625	51194.497729100694	63272.660472119125	106866.74843086927	9740.475302659499	12547.591799639576	38889.63851441955	15767.831925448634	13564.990383949727	43116.329225712994	31297.999457954298	17927.37216656588	12559.316753672902	3719.437713664974	3690.3287419666835	19717.172550231928	30889.524125727385	37299.21355405146	8288.450464567639	14744.567916942782	8959.120001838588	112748.64998331922	19475.96749368969	7797.424239292579	24551.700997028776	27807.734023271958	15223.902063998727	15737.546265439556	100801.0668567594	7577.6018831176225	27864.17410229385	13283.549050349746	20784.12145966127	16985.668412714193	12412.606037819744	30944.861699255587	4276.873318214646	13569.948865123215	95888.02805299422	11558.416498496907	57066.38607917936	24869.389855996436	8652.098971914882	8707.392806895305	22598.746499361445	24086.04830678112	36645.13354181405	62238.24721266919	39324.153555472694	15730.264517419873	11334.785230155907	28733.93482117765	8838.474001440434	10190.29194152404	14414.64562489127	6519.694510161564	33154.70641623385	12959.440164603362	12502.207531772585	12103.055526248565	9414.21453125502	11216.110306062956	28692.172321650043	36876.112637443184	111877.06083827172	16389.892488858528	97798.13152582075	115015.48096400136	23877.653594878335	13017.765302791537	55900.54764252741	16072.261862588104	19605.854591972427	65738.6908647403	12110.488151264839	13311.272539108533	13720.145742604709	19170.908568940184	18609.11061456993	7382.052081897162	13806.040056477512	12259.352713162842	9357.145952105855	54498.46606862876	62151.512126226786	12588.296528763032	14217.416075476383	10416.139897775829	1053878.5641716286	14997.6240234496	14423.086104596081	17681.6267953633	19432.29804385519	52583.65770992819	19479.200516318975	11241.156730232864	11307.19293019954	8582.472017636577	14353.252603340366	9711.885612740381	105787.57587843205	14898.802327971192
2026-02-10	15032.218596896138	30966.73533536979	24195.861908820374	22825.37945989555	28592.96633276051	161896.96289223427	6356.799473654984	15070.70751519977	73859.22036542563	13937.929381407881	26923.705289278812	51409.74886455035	63481.33023605956	107055.87421543463	9787.73765132975	12664.795899819788	39032.319257209776	15916.415962724317	13634.995191974864	43370.6646128565	31373.99972897715	18096.18608328294	12559.65837683645	3764.7188568324873	3750.1643709833415	19591.086275115966	30839.762062863694	37515.10677702573	8336.72523228382	14852.283958471391	9186.060000919293	112826.82499165961	19642.983746844846	7803.2121196462895	24860.850498514388	28011.36701163598	15346.951031999364	15801.273132719778	101520.5334283797	7606.300941558811	28007.087051146926	13286.774525174873	20822.060729830635	16985.334206357096	12418.803018909872	31035.430849627795	4282.436659107323	13549.974432561608	95992.51402649711	11631.208249248453	57070.69303958968	24962.19492799822	8672.549485957441	8846.196403447651	22684.87324968072	24186.024153390557	36770.066770907026	62287.12360633459	39861.57677773635	15815.132258709937	11412.392615077953	28659.467410588826	8869.237000720217	10284.64597076202	14452.322812445635	6484.847255080782	33207.353208116925	13059.720082301681	12628.603765886292	12164.027763124283	9546.60726562751	11243.055153031477	28856.08616082502	37298.05631872159	112053.53041913586	16463.446244429266	97934.56576291038	115075.24048200068	24225.826797439167	13047.382651395768	56649.273821263705	16150.130931294052	19706.927295986214	64934.34543237015	12150.24407563242	13315.636269554267	13704.572871302355	19130.45428447009	18511.055307284965	7409.526040948581	13815.520028238756	12241.676356581422	9367.072976052928	54501.733034314384	62070.7560631134	12574.148264381516	14247.208037738192	10445.569948887915	1053970.2820858143	15018.8120117248	14448.04305229804	17855.81339768165	19427.149021927595	52705.3288549641	19619.600258159488	11246.578365116431	11305.09646509977	8601.736008818289	14428.626301670183	9736.44280637019	105793.78793921602	15005.401163985596
2026-02-11	15548.10929844807	31580.367667684895	24202.430954410185	23003.689729947775	28766.483166380254	161654.98144611713	6480.899736827492	15200.353757599885	74444.11018271282	14171.96469070394	27411.852644639406	51952.37443227517	63993.16511802978	107335.43710771731	9883.868825664875	12814.897949909893	39016.15962860489	16110.707981362159	13722.497595987432	43532.832306428245	31234.499864488575	18168.09304164147	12592.329188418225	3777.3594284162436	3767.5821854916708	19548.043137557983	31009.881031431847	37566.05338851287	8360.862616141909	14926.141979235696	9314.530000459647	112930.9124958298	19888.991873422423	7827.606059823145	25157.925249257194	28235.68350581799	15410.975515999682	15778.636566359888	102337.76671418984	7650.650470779406	28053.543525573463	13268.387262587436	20756.030364915317	16947.667103178548	12404.401509454936	31036.215424813898	4295.2183295536615	13509.987216280804	96051.75701324856	11759.604124624228	57075.34651979484	24929.09746399911	8690.27474297872	8913.098201723826	22653.93662484036	24149.01207669528	37095.03338545351	62484.06180316729	40002.788388868175	15885.066129354967	11481.196307538976	28404.733705294413	8839.61850036011	10341.32298538101	14461.661406222818	6469.923627540391	33211.17660405846	13109.860041150841	12596.801882943146	12287.013881562141	9560.303632813755	11361.527576515738	28805.54308041251	37064.028159360794	112234.26520956794	16505.223122214633	98128.28288145519	115120.12024100035	24479.913398719582	13049.691325697884	57018.63691063185	16181.565465647025	19739.963647993107	64384.67271618507	12190.12203781621	13255.818134777133	13634.286435651178	19033.227142235046	18502.027653642483	7460.263020474291	13795.760014119378	12202.83817829071	9369.536488026464	54505.86651715719	61877.8780315567	12537.074132190759	14259.604018869097	10436.284974443957	1054057.6410429073	15019.4060058624	14574.02152614902	17865.906698840823	19434.574510963797	52874.66442748205	19662.300129079744	11224.289182558216	11277.048232549885	8623.868004409145	14410.313150835093	9768.221403185096	105804.393969608	15126.200581992798
2026-02-12	16156.054649224036	31919.18383384245	24059.715477205093	23550.844864973886	28845.741583190127	161204.99072305858	6590.449868413746	15438.676878799943	76037.05509135641	14430.482345351971	27710.926322319705	52313.68721613759	64986.58255901489	107615.21855385866	9921.934412832437	12845.948974954947	38735.579814302444	16195.35399068108	13871.248797993716	43563.91615321412	31079.74993224429	18349.046520820735	12703.664594209113	3781.179714208122	3763.791092745835	19629.02156877899	31152.440515715924	37507.026694256434	8337.931308070954	15003.070989617849	9413.265000229823	113077.9562479149	20154.49593671121	7863.303029911573	25153.9626246286	28860.341752908993	15415.487757999841	15722.818283179944	104611.38335709492	7650.325235389702	28096.77176278673	13204.193631293718	21043.01518245766	17181.333551589276	12352.200754727468	30937.10771240695	4315.609164776831	13444.993608140401	95662.87850662429	11796.302062312114	57087.67325989742	24855.548731999555	8619.63737148936	8886.549100861914	22571.96831242018	24073.506038347638	37375.01669272676	62777.03090158365	40454.89419443409	15897.533064677484	11573.098153769488	28927.366852647207	8847.309250180055	10320.161492690506	14512.83070311141	6449.9618137701955	33130.58830202923	13099.93002057542	12605.900941471573	12286.00694078107	9597.151816406877	11420.76378825787	28847.771540206253	37122.0140796804	112464.63260478397	16511.11156110732	98159.1414407276	115242.56012050017	25061.45669935979	13080.845662848942	57724.31845531592	16202.282732823513	19776.481823996553	64484.836358092536	12283.561018908105	13309.909067388566	13586.643217825589	18800.613571117523	18382.51382682124	7468.631510237145	13698.380007059688	12143.919089145355	9370.768244013232	54522.933258578596	61576.43901577835	12471.03706609538	14298.302009434548	10464.64248722198	1054339.3205214536	15007.2030029312	14615.01076307451	17838.45334942041	19301.287255481897	52642.33221374103	19638.65006453987	11170.144591279108	11219.024116274943	8591.934002204573	14305.656575417546	9730.610701592548	105832.196984804	15407.600290996399
2026-02-13	16345.527324612018	31934.591916921225	23820.857738602546	24813.922432486943	28587.870791595065	159236.9953615293	6615.2249342068735	15379.338439399971	76333.0275456782	14475.241172675986	27777.963161159852	52184.3436080688	65478.291279507444	107952.60927692933	9858.467206416219	12856.474487477473	38255.28990715122	16105.17699534054	13868.124398996857	43204.45807660706	30829.874966122145	18159.523260410366	12714.332297104556	3770.5898571040607	3756.8955463729176	19479.510784389495	31233.72025785796	37202.01334712822	8311.465654035477	14796.535494808924	9440.632500114913	113296.47812395745	20104.747968355605	7869.651514955786	25259.4813123143	29162.670876454496	15200.243878999921	15625.409141589971	105693.19167854746	7690.162617694851	27763.385881393366	13217.096815646859	20881.50759122883	17075.666775794638	12363.600377363735	30661.553856203474	4330.804582388415	13432.4968040702	95942.93925331214	11782.151031156056	57098.83662994871	24587.27436599978	8522.31868574468	8785.774550430957	22334.984156210092	23782.25301917382	37182.50834636338	63273.51545079182	40289.447097217046	15748.766532338741	11486.549076884745	29123.6834263236	8791.154625090028	10225.080746345253	14420.915351555705	6547.480906885097	32775.29415101462	13017.46501028771	12650.450470735786	12173.003470390535	9443.075908203438	11312.881894128936	28666.385770103127	36823.5070398402	112674.81630239199	16424.55578055366	98269.5707203638	115356.28006025008	25673.228349679895	13021.922831424472	57845.15922765796	16045.641366411757	19543.240911998277	64597.41817904627	12254.280509454053	13386.454533694283	13545.321608912795	18471.30678555876	18188.25691341062	7508.815755118572	13560.190003529844	12126.459544572677	9364.884122006617	54533.966629289294	61505.719507889175	12458.018533047689	14241.151004717274	10431.82124361099	1054519.6602607267	14933.6015014656	14784.005381537256	17584.726674710204	19082.64362774095	52911.666106870514	19444.325032269935	11174.572295639555	11207.512058137472	8618.967001102286	14050.828287708773	9784.805350796274	105853.598492402	15562.8001454982
2026-02-19	16437.76366230601	32338.795958460614	23807.42886930127	27136.46121624347	28588.935395797533	159242.99768076465	6755.112467103437	15629.669219699987	77702.0137728391	14539.620586337993	28068.981580579926	53442.1718040344	66529.14563975373	108101.30463846467	9919.23360320811	12908.237243738737	38550.14495357561	16152.58849767027	13761.562199498429	43494.72903830353	31064.937483061072	18334.761630205183	12872.166148552278	3785.2949285520303	3738.447773186459	20112.255392194747	31324.36012892898	37198.50667356411	8295.732827017739	15010.767747404461	9485.816250057456	113375.73906197873	20202.3739841778	7846.325757477893	25507.240656157148	29761.33543822725	15235.12193949996	15591.704570794986	107904.09583927374	7732.581308847426	27774.19294069668	13228.54840782343	21410.753795614415	17482.83338789732	12379.300188681867	30821.77692810174	4343.4022911942075	13431.2484020351	96376.96962665606	11849.075515578028	57111.918314974355	24594.63718299989	8533.159342872339	8810.387275215478	22339.992078105046	23795.62650958691	38128.75417318169	63509.25772539591	40493.72354860853	15694.38326616937	11560.774538442372	29601.8417131618	8765.577312545014	10242.040373172626	14453.457675777852	6536.240453442549	32705.14707550731	13031.232505143855	12675.225235367892	12136.501735195267	9556.03795410172	11306.440947064468	28730.69288505156	36951.7535199201	112807.408151196	16450.77789027683	98432.28536018191	115378.14003012504	26634.614174839946	13046.961415712236	58165.07961382898	16049.320683205879	19555.62045599914	65648.70908952314	12273.640254727026	13363.227266847141	13607.160804456398	18537.15339277938	18198.128456705308	7541.407877559286	13528.595001764923	12127.729772286339	9368.442061003308	54541.98331464465	61507.85975394459	12459.009266523844	14261.575502358637	10481.410621805495	1054724.3301303633	14936.8007507328	14996.502690768628	17485.363337355102	19023.321813870476	53122.83305343526	19349.662516134966	11176.786147819777	11214.256029068736	8656.983500551143	13991.914143854387	9829.402675398138	105871.799246201	15852.9000727491
2026-02-20	16722.381831153005	32665.897979230307	23662.214434650636	28512.730608121736	28659.467697898766	159145.99884038232	6915.056233551719	16097.334609849993	79548.00688641955	14641.310293168997	28286.990790289965	53843.5859020172	67879.57281987686	108333.15231923234	9952.116801604054	12946.11862186937	38770.072476787805	16126.294248835135	13753.281099749214	43852.364519151764	31272.468741530538	18509.88081510259	13128.583074276139	3767.647464276015	3729.2238865932295	20371.127696097374	31344.68006446449	37186.75333678206	8255.36641350887	15327.88387370223	9493.908125028727	113562.86953098937	20311.1869920889	7820.662878738946	25703.620328078574	30408.167719113626	15297.56096974998	15569.852285397494	110222.04791963687	7761.290654423713	27764.59647034834	13241.774203911715	21692.876897807208	17671.41669394866	12394.650094340934	30919.38846405087	4357.201145597104	13435.62420101755	96637.48481332803	11866.037757789014	57120.959157487174	24588.318591499945	8414.07967143617	8827.69363760774	22342.496039052523	23782.313254793455	38539.377086590845	64037.62886269795	40495.86177430426	15629.691633084685	11512.887269221186	30085.920856580902	8722.788656272507	10216.020186586313	14482.228837888926	6535.620226721274	32785.073537753655	13035.616252571926	12652.612617683946	12048.250867597633	9560.018977050859	11265.720473532234	28802.84644252578	37088.376759960054	113008.704075598	16446.388945138417	98590.14268009095	115474.07001506252	27458.307087419973	13081.980707856117	58631.53980691449	16036.16034160294	19539.81022799957	68091.85454476156	12293.320127363513	13294.11363342357	13615.5804022282	18518.57669638969	18115.564228352654	7576.703938779643	13515.297500882461	12135.864886143168	9372.721030501654	54550.99165732232	61546.429876972295	12467.004633261922	14284.28775117932	10493.705310902747	1054866.1650651817	14948.4003753664	15204.251345384313	17458.18166867755	19036.160906935238	53373.91652671763	19304.831258067483	11191.893073909889	11220.128014534368	8702.49175027557	13957.957071927194	9877.701337699069	105885.8996231005	16184.95003637455
2026-02-23	16731.190915576502	32831.94898961515	23775.10721732532	28615.86530406087	29077.233848949385	158434.49942019116	7047.528116775859	16435.167304924995	81096.50344320977	14702.155146584499	28538.495395144982	54099.292951008596	69017.28640993843	108336.57615961618	10026.058400802027	13085.059310934685	38410.03623839391	16090.647124417566	13884.140549874606	43678.682259575886	31121.23437076527	18404.940407551294	13286.79153713807	3743.8237321380075	3754.6119432966148	20373.06384804869	31409.840032232245	37012.37666839103	8282.683206754435	15351.441936851115	9598.954062514364	113578.93476549469	20378.09349604445	7821.831439369473	25641.810164039285	30844.083859556813	15233.780484874991	15635.426142698747	111811.02395981844	7765.645327211856	27709.79823517417	13230.887101955857	21656.438448903602	17618.20834697433	12379.825047170467	30781.694232025435	4366.600572798552	13405.312100508774	96503.24240666401	11916.018878894507	57125.47957874359	24490.659295749974	8454.539835718086	8873.84681880387	22257.24801952626	23676.156627396726	38902.18854329542	64059.814431348976	40349.930887152135	15559.845816542344	11493.943634610594	30357.96042829045	8753.894328136254	10180.510093293156	14438.114418944464	6550.310113360637	33180.03676887683	13020.308126285963	12678.806308841973	11656.625433798818	9459.50948852543	11277.860236766117	28713.923221262892	37074.18837998003	113069.35203779899	16397.19447256921	98679.07134004548	115492.03500753126	27710.15354370999	13024.990353928059	58739.76990345724	16012.08017080147	19494.405113999783	69025.92727238078	12268.660063681757	13220.556816711785	13540.2902011141	18439.288348194845	18081.782114176327	7582.3519693898215	13503.64875044123	12112.932443071584	9376.860515250828	54557.995828661165	61435.71493848615	12446.002316630962	14224.14387558966	10451.352655451374	1054979.0825325907	14959.2001876832	15195.125672692157	17387.090834338775	19017.58045346762	53318.958263358814	19192.41562903374	11175.446536954943	11200.564007267185	8703.745875137785	13926.478535963597	9863.350668849534	105895.44981155025	16406.975018187273
2026-02-24	16546.09545778825	33069.474494807575	23574.55360866266	28343.432652030435	29331.116924474692	158155.74971009558	7188.764058387929	16599.083652462497	83725.25172160489	14762.577573292248	28829.247697572493	54497.1464755043	70226.14320496921	108213.28807980809	10045.529200401013	13130.529655467342	38850.01811919695	16117.823562208783	14019.570274937303	43661.84112978794	31240.617185382634	18482.470203775647	13490.895768569035	3731.9118660690037	3742.3059716483076	20471.531924024344	31387.42001611612	37007.18833419551	8313.841603377217	15465.720968425558	9634.477031257182	113506.96738274735	20514.046748022225	7839.415719684736	25780.905082019643	31444.541929778406	15169.390242437496	15663.713071349373	113983.01197990922	7782.822663605928	27667.399117587083	13250.443550977929	22088.2192244518	17966.604173487165	12402.412523585233	30697.847116012716	4373.800286399276	13407.656050254387	96406.621203332	11957.509439447254	57130.23978937179	24444.329647874987	8374.769917859043	8796.923409401934	22217.12400976313	23638.078313698363	39566.094271647715	63737.40721567449	40558.96544357607	15574.922908271172	11621.971817305297	30978.980214145224	8834.447164068126	10204.755046646578	14427.557209472232	6562.655056680318	33480.018384438416	13010.154063142982	12649.403154420987	11228.312716899409	9474.254744262715	11411.430118383058	28851.961610631446	37449.59418999001	112947.1760188995	16380.097236284604	98726.03567002274	115493.51750376563	27822.076771854994	13013.495176964028	59750.88495172862	15985.040085400735	19461.70255699989	69752.9636361904	12258.830031840878	13341.778408355893	13648.645100557049	18151.644174097422	17975.891057088164	7585.175984694911	13460.324375220614	12105.966221535793	9371.930257625414	54563.99791433058	61430.35746924307	12438.001158315481	14208.57193779483	10451.176327725687	1055078.0412662954	14972.1000938416	15284.062836346078	17359.045417169385	19013.29022673381	53371.47913167941	19156.20781451687	11174.723268477472	11195.782003633592	8713.372937568893	13934.239267981799	9868.675334424766	105907.72490577513	16712.987509093637
2026-02-25	16480.047728894126	34265.237247403784	23390.27680433133	28643.716326015216	29513.058462237346	157986.3748550478	7494.382029193965	16723.54182623125	86475.12586080245	14770.288786646124	29844.623848786247	54453.57323775215	71633.0716024846	108389.14403990404	10097.764600200506	13158.26482773367	39225.00905959848	16176.41178110439	14094.78513746865	43685.92056489397	31437.80859269132	18406.235101887825	13695.447884284516	3723.455933034502	3743.652985824154	20520.76596201217	31438.71000805806	36903.094167097755	8296.920801688608	15420.360484212779	9691.73851562859	113625.98369137367	20577.023374011114	7848.207859842369	25792.95254100982	32087.270964889205	15209.695121218749	15655.356535674688	116264.0059899546	7791.411331802964	27756.19955879354	13192.721775488964	22659.1096122259	18453.302086743584	12351.206261792617	30663.423558006358	4379.9001431996385	13353.828025127194	95918.310601666	12004.754719723627	57135.11989468589	24381.66482393749	8295.38495892952	8710.961704700967	22162.562004881565	23611.539156849183	40015.54713582386	63839.70360783725	40730.48272178804	15697.461454135586	11775.985908652649	31449.490107072612	8892.223582034063	10284.377523323288	14383.278604736115	6541.327528340159	33480.00919221921	13162.57703157149	12614.701577210493	10989.156358449705	9636.627372131357	11453.215059191529	28945.980805315725	37634.79709499501	113031.08800944974	16394.048618142304	98706.01783501137	115601.75875188282	28133.038385927495	12978.747588482014	60512.942475864314	16024.020042700367	19532.351278499948	69921.4818180952	12288.41501592044	13384.889204177947	13596.322550278524	17953.322087048713	17960.44552854408	7594.087992347455	13406.162187610307	12055.483110767897	9367.465128812706	54569.49895716529	61162.678734621535	12389.00057915774	14165.285968897415	10437.088163862843	1055167.5206331476	14966.0500469208	15363.03141817304	17322.522708584693	18983.645113366903	53200.7395658397	19095.603907258435	11123.361634238736	11142.891001816795	8692.186468784446	13902.6196339909	9834.337667212383	105913.86245288757	17024.49375454682
2026-02-26	16391.023864447063	35835.61862370189	23116.138402165663	28965.358163007608	29604.02923111867	158577.6874275239	7782.191014596982	16852.770913115623	90609.06293040123	14767.644393323062	31264.81192439312	54986.786618876074	73006.53580124231	108809.57201995203	10266.382300100253	13174.632413866835	39120.00452979924	16240.705890552195	14277.392568734325	43327.960282446984	31353.90429634566	18265.617550943913	13825.223942142258	3721.727966517251	3704.326492912077	20975.382981006085	31521.85500402903	36902.54708354888	8213.460400844304	15362.68024210639	9656.369257814295	113945.49184568683	20686.011687005557	7824.103929921184	25848.97627050491	33208.6354824446	15249.847560609374	15663.678267837344	120049.5029949773	7795.705665901482	27965.59977939677	13143.860887744482	23074.554806112952	18799.151043371792	12318.103130896308	30549.211779003177	4392.450071599819	13299.414012563597	95564.655300833	11965.377359861814	57142.55994734295	24394.832411968746	8151.19247946476	8562.980852350483	22174.78100244078	23697.76957842459	40550.27356791193	64475.851803918624	41025.74136089402	15778.730727067792	11917.992954326324	33369.7450535363	8916.111791017032	10281.688761661644	14307.139302368058	6493.16376417008	33385.004596109604	13286.288515785745	12642.350788605247	10897.078179224853	9647.813686065678	11434.107529595763	29047.990402657862	37984.898547497505	113308.04400472487	16381.024309071152	98712.50891750568	115783.37937594141	28702.019192963748	12912.373794241008	61718.47123793216	16086.010021350183	19675.175639249974	69643.2409090476	12254.20750796022	13295.444602088974	13537.661275139262	17973.161043524357	17877.72276427204	7603.5439961737275	13327.581093805155	12013.24155538395	9365.232564406353	54579.74947858264	60958.839367310764	12347.000289578871	14089.142984448707	10366.54408193142	1055373.7603165738	14980.5250234604	15382.51570908652	17426.761354292346	18898.82255668345	53087.86978291985	18990.30195362922	11095.180817119368	11100.445500908398	8671.593234392223	13943.30981699545	9812.668833606192	105929.43122644379	17528.24687727341
2026-02-27	16080.511932223531	37086.30931185094	23047.56920108283	28780.679081503804	29647.014615559336	158593.84371376195	7873.595507298491	16979.38545655781	92270.03146520062	14594.322196661531	32274.90596219656	55353.39330943803	73453.26790062115	109109.78600997601	10363.191150050126	13224.316206933418	39140.002264899624	16210.352945276098	14296.196284367163	43403.980141223496	31224.45214817283	18260.308775471956	13902.611971071128	3708.3639832586255	3679.6632464560385	21250.191490503043	31725.927502014514	36984.77354177444	8181.730200422152	15351.340121053196	9552.184628907147	114080.24592284342	20843.00584350278	7838.051964960592	25951.988135252454	33559.3177412223	15254.923780304687	15699.839133918671	121477.25149748864	7822.852832950741	27895.299889698385	13206.930443872241	23512.277403056476	19114.575521685896	12369.051565448153	30728.10588950159	4398.725035799909	13329.707006281798	95983.3276504165	11977.688679930907	57151.27997367147	24421.416205984373	8114.09623973238	8508.990426175242	22195.89050122039	23698.384789212294	41380.13678395597	65021.925901959316	40612.37068044701	15759.365363533896	11946.496477163162	34729.87252676815	8943.055895508516	10190.844380830822	14279.069651184029	6511.58188208504	33457.5022980548	13373.144257892873	12721.175394302623	10978.539089612426	9435.906843032839	11487.053764797882	29028.99520132893	37739.94927374875	113404.02200236244	16399.512154535576	98807.25445875284	115884.1896879707	28741.509596481876	12891.186897120504	61479.23561896608	16054.505010675091	19617.087819624987	70206.6204545238	12212.603753980111	13287.722301044487	13520.83063756963	18139.08052176218	17898.86138213602	7630.771998086864	13258.290546902577	12049.620777691975	9362.116282203177	54589.87473929132	61116.91968365538	12381.000144789436	14071.071492224353	10359.77204096571	1055516.880158287	14997.7625117302	15432.257854543259	17426.380677146175	18953.911278341726	53460.434891459925	18840.15097681461	11141.590408559685	11123.722750454199	8715.296617196112	13919.154908497725	9874.834416803096	105949.7156132219	17712.623438636707
2026-03-03	15726.255966111767	35862.65465592547	22976.784600541418	27546.839540751902	30006.00730777967	159417.42185688097	7609.297753649245	16663.192728278904	87781.51573260031	14158.661098330766	31204.95298109828	54294.19665471902	71416.63395031058	108717.393004988	10029.095575025063	13354.658103466709	39215.00113244981	16077.67647263805	13875.598142183582	44256.99007061175	31394.726074086415	18887.65438773598	14116.305985535564	3571.6819916293125	3557.3316232280195	20827.59574525152	31432.963751007257	37097.38677088722	8108.365100211076	16195.670060526598	9297.592314453574	113732.6229614217	21089.002921751387	7866.525982480296	26060.994067626227	32389.65887061115	15174.961890152343	15747.919566959335	117238.62574874432	7801.42641647537	27742.649944849192	13328.46522193612	22631.138701528238	18387.287760842948	12484.525782724077	30897.052944750794	4360.362517899955	13462.3535031409	96577.66382520825	12017.344339965453	57155.63998683574	24546.708102992186	7956.04811986619	8301.99521308762	22302.945250610195	23818.192394606147	40462.568391977984	64162.96295097966	40138.68534022351	15564.682681766948	11798.248238581582	33807.43626338408	8984.027947754257	10048.422190415411	14446.534825592014	6548.29094104252	34213.751149027405	13254.072128946436	12445.587697151312	11069.269544806213	9329.95342151642	11536.02688239894	29116.997600664465	37894.97463687438	113097.01100118122	16396.25607726779	98612.62722937642	115679.59484398535	27761.254798240938	13060.093448560252	60153.61780948304	15974.252505337547	19503.04390981249	75278.3102272619	12235.801876990055	13377.861150522243	13646.415318784815	18108.04026088109	17901.93069106801	7606.885999043432	13149.14527345129	12185.810388845988	9325.058141101588	54597.43736964566	61763.45984182769	12513.000072394718	14256.035746112177	10488.386020482856	1055624.4400791435	15053.8812558651	15600.12892727163	17441.190338573088	19212.95563917086	53856.21744572996	18760.075488407303	11255.295204279842	11202.8613752271	8763.148308598056	13887.577454248862	9950.417208401548	105962.35780661095	17130.811719318353
2026-03-04	14754.127983055883	32713.827327962736	22686.89230027071	25043.91977037595	29675.503653889835	159597.2109284405	6924.648876824623	15279.596364139452	80726.75786630015	13207.830549165383	28577.47649054914	50097.098327359505	65708.31697515529	108338.696502494	9257.047787512533	13250.329051733355	38945.0005662249	15726.338236319025	13240.299071091791	44370.995035305874	31237.363037043207	19113.82719386799	13365.652992767782	3340.8409958146563	3343.6658116140097	19123.79787262576	30796.48187550363	36999.69338544361	7894.182550105538	17057.835030263297	8756.296157226787	113491.31148071085	20799.501460875694	7842.762991240148	25597.997033813113	29844.829435305575	15007.480945076171	15674.959783479668	108069.31287437216	7783.213208237685	27506.324972424598	13439.23261096806	20513.06935076412	16711.143880421474	12587.26289136204	30882.526472375397	4260.181258949977	13601.176751570449	97231.83191260413	12017.672169982727	57160.31999341787	24621.85405149609	7822.5240599330955	8080.99760654381	22373.972625305098	23845.59619730307	36856.28419598899	63714.481475489825	39383.34267011176	15152.341340883475	11456.624119290791	31458.71813169204	9047.013973877129	9900.211095207706	14562.767412796007	6601.64547052126	34089.3755745137	12829.536064473217	12220.293848575657	11269.634772403107	9159.97671075821	11493.01344119947	28913.498800332232	37167.48731843719	112901.0055005906	16317.628038633895	98495.8136146882	115552.29742199267	25678.12739912047	13144.546724280126	57629.80890474152	15877.126252668773	19354.021954906246	70854.15511363096	12191.400938495028	13417.930575261122	13686.707659392407	18155.020130440545	17908.465345534005	7587.942999521716	12999.572636725645	12294.905194422994	9294.029070550794	54598.71868482283	62344.229920913844	12629.000036197358	14353.517873056087	10561.693010241428	1055717.2200395716	15046.94062793255	15672.064463635816	17421.095169286542	19453.97781958543	54220.108722864985	18657.53774420365	11355.647602139921	11283.930687613549	8832.074154299029	13898.78872712443	10019.708604200774	105968.67890330547	15785.905859659177
2026-03-05	14748.063991527943	32360.913663981366	22527.446150135354	25442.959885187975	29512.751826944917	160794.10546422025	6899.824438412312	15527.798182069726	81473.87893315007	13071.91527458269	28126.23824527457	50633.54916367975	66039.15848757765	108301.848251247	9163.523893756266	13245.164525866678	39212.50028311245	15540.669118159512	13217.649535545896	44342.99751765294	31388.681518521604	19164.413596933995	13672.826496383892	3317.9204979073284	3306.832905807005	19534.39893631288	30813.240937751812	37064.8466927218	7842.09127505277	17606.41751513165	8712.148078613394	113535.65574035543	20709.750730437845	7847.381495620074	25248.998516906555	29999.914717652788	15026.240472538086	15700.479891739833	108467.15643718609	7746.606604118842	27660.6624862123	13439.616305484029	20566.53467538206	16718.071940210735	12578.63144568102	30944.763236187697	4291.090629474988	13630.588375785224	97275.91595630207	12037.336084991362	57170.159996708935	24719.427025748046	7745.762029966548	8035.498803271905	22463.48631265255	24025.798098651536	37068.142097994496	63926.74073774491	39574.17133505588	15151.170670441737	11450.812059645395	32799.359065846016	9131.006986938564	9888.605547603853	14588.383706398003	6563.32273526063	34009.68778725685	12804.768032236609	12215.146924287828	11429.817386201554	9216.988355379104	11496.506720599735	29009.249400166118	37426.2436592186	112970.5027502953	16365.314019316947	98430.4068073441	115583.64871099633	25844.063699560233	13165.273362140062	58049.904452370756	15912.563126334386	19466.010977453123	73627.07755681548	12190.700469247513	13373.96528763056	13709.353829696203	18225.010065220275	18045.732672767	7560.971499760858	13009.786318362821	12318.452597211497	9303.014535275397	54609.359342411415	62459.61496045692	12662.000018098679	14368.258936528044	10586.846505120713	1055885.1100197858	15080.970313966274	15732.532231817908	17503.54758464327	19569.488909792715	54103.05436143249	18663.768872101828	11354.82380106996	11314.465343806774	8830.037077149515	14043.394363562216	9998.354302100386	105986.83945165273	15871.95292982959
2026-03-06	14642.531995763971	32289.956831990683	22753.223075067675	25748.479942593985	29368.87591347246	162180.55273211014	7002.412219206156	15612.399091034862	81610.93946657504	13083.457637291345	28040.619122637283	51151.774581839876	66992.07924378882	108180.9241256235	9224.261946878134	13136.582262933338	39206.25014155623	15420.334559079756	13273.824767772949	44096.49875882647	31276.840759260802	19287.206798467	14023.913248191946	3348.960248953664	3283.4164529035024	20227.19946815644	30666.620468875906	37167.4233463609	7771.045637526385	18253.208757565822	8722.074039306697	113522.82787017772	20614.875365218923	7806.190747810037	25254.499258453277	30022.457358826396	14983.120236269042	15777.739945869916	108681.07821859304	7735.803302059421	27800.33124310615	13459.808152742014	20930.76733769103	16966.535970105368	12596.81572284051	30901.38161809385	4292.045314737494	13670.294187892612	97282.95797815104	12027.668042495681	57180.07999835447	24820.213512874023	7863.881014983273	8170.249401635952	22558.243156326273	24233.399049325766	38829.07104899725	63935.370368872456	39821.585667527936	15205.585335220869	11382.906029822698	33509.67953292301	9250.503493469281	9904.802773801926	14603.691853199001	6531.661367630315	33919.84389362842	12867.384016118303	12270.073462143915	11734.908693100777	9152.994177689552	11498.253360299866	29004.62470008306	37338.1218296093	113040.25137514765	16398.657009658473	98295.20340367206	115534.32435549816	25804.031849780116	13175.636681070031	58100.45222618538	15925.281563167193	19562.00548872656	76891.03877840773	12171.350234623756	13247.982643815281	13656.676914848102	18300.005032610137	18241.8663363835	7552.485749880429	13064.39315918141	12361.226298605749	9298.007267637699	54617.17967120571	62662.30748022846	12708.50000904934	14375.629468264022	10594.923252560357	1056010.055009893	15082.985156983137	15839.266115908955	17727.273792321634	19737.244454896358	54148.02718071625	18741.884436050914	11387.91190053498	11337.232671903388	8843.518538574757	14183.697181781108	10019.677151050193	106000.91972582636	15905.476464914795
2026-03-09	14343.765997881987	31164.97841599534	22881.111537533838	25207.239971296993	29314.43795673623	161203.27636605507	6881.2061096030775	15436.199545517431	78698.46973328752	12880.728818645672	27042.80956131864	50665.88729091994	65286.03962189441	107555.46206281174	9107.130973439067	13023.791131466669	38960.625070778115	15052.667279539877	12966.912383886474	43635.74937941323	30935.9203796304	19528.6033992335	13881.956624095972	3289.4801244768323	3181.708226451751	20221.09973407822	29728.31023443795	36871.21167318045	7663.022818763193	21346.60437878291	8638.537019653348	113121.41393508886	20362.43768260946	7733.595373905018	24909.749629226637	29043.728679413198	14534.060118134521	15836.369972934957	105208.03910929651	7695.401651029711	27417.665621553075	13532.404076371007	20577.883668845516	16700.767985052684	12663.407861420255	30645.690809046922	4269.522657368747	13787.647093946307	97612.97898907552	11816.83402124784	57185.039999177236	24664.10675643701	7937.940507491637	8245.124700817976	22412.621578163136	24090.699524662883	38762.03552449863	63294.185184436225	38815.79283376397	14910.292667610434	11341.453014911349	32444.839766461504	9440.25174673464	9853.401386900963	14569.3459265995	6620.8306838151575	33892.42194681421	12666.192008059152	12307.536731071958	11792.454346550388	8914.497088844775	11621.626680149933	28477.31235004153	35994.06091480465	112697.62568757383	16244.828504829236	98086.60170183603	115189.66217774908	25004.01592489006	13129.318340535016	56458.72611309269	15695.640781583596	19296.00274436328	77323.01938920387	12026.17511731188	13164.99132190764	13536.338457424052	18154.002516305067	18127.93316819175	7514.742874940214	12930.196579590705	12464.113149302873	9248.50363381885	54621.089835602856	63191.15374011423	12811.75000452467	14339.314734132011	10596.46162628018	1056114.0275049466	15033.992578491569	15727.133057954477	17489.136896160817	19713.622227448177	54299.513590358125	18688.442218025455	11465.45595026749	11378.116335951694	8857.759269287379	14119.348590890553	10047.838575525097	106010.45986291318	15420.238232457397
2026-03-10	14389.382998940993	31126.48920799767	22912.55576876692	25206.619985648496	29444.718978368117	161562.13818302753	6915.603054801539	15588.599772758716	80130.73486664376	12895.864409322836	27031.404780659323	50682.94364545997	65935.51981094721	107700.23103140587	9183.565486719534	12967.395565733335	39495.31253538906	15101.333639769939	13090.956191943238	43460.374689706616	31202.9601898152	19249.30169961675	13948.478312047986	3314.740062238416	3190.8541132258756	20378.04986703911	29306.655117218976	36840.10583659023	7636.511409381596	21173.302189391456	8638.268509826674	113303.20696754442	20323.71884130473	7723.297686952509	24492.37481461332	29426.864339706597	14564.53005906726	15853.184986467479	106654.01955464826	7732.700825514856	27586.332810776537	13488.702038185504	20613.94183442276	16727.883992526342	12619.203930710128	30441.34540452346	4270.261328684373	13751.323546973153	97429.98949453776	11854.91701062392	57187.51999958862	24648.053378218505	8009.970253745818	8360.062350408989	22401.310789081566	24143.34976233144	39366.017762249314	63646.09259221811	39033.39641688198	14960.146333805216	11423.226507455674	33007.41988323075	9497.62587336732	9847.700693450483	14505.67296329975	6580.415341907579	33911.210973407105	12743.096004029576	12336.26836553598	11856.227173275194	8959.748544422388	11720.813340074967	28551.156175020766	36422.030457402325	113236.31284378692	16263.91425241462	98201.80085091802	115304.83108887455	25262.50796244503	13081.159170267507	57000.863056546346	15752.820390791798	19417.50137218164	76836.50969460193	12036.58755865594	13150.99566095382	13527.669228712026	18028.501258152533	18087.966584095877	7548.871437470107	12902.598289795353	12413.056574651437	9265.751816909426	54628.044917801424	62905.57687005711	12755.875002262335	14284.157367066005	10576.23081314009	1056205.5137524733	15051.996289245784	15723.066528977239	17562.56844808041	19679.31111372409	54261.25679517906	18871.721109012728	11435.727975133745	11346.558167975847	8859.87963464369	14230.674295445277	10044.419287762548	106020.22993145659	15623.1191162287
2026-03-11	14597.191499470497	31212.244603998835	22933.27788438346	26060.80999282425	29592.35948918406	161789.06909151375	6987.801527400769	15712.299886379358	81193.36743332188	12985.432204661418	27158.20239032966	50691.47182272999	66597.7599054736	107937.61551570293	9196.782743359767	12943.697782866668	39757.65626769453	15178.16681988497	13282.978095971619	43280.18734485331	31401.4800949076	19047.150849808375	13936.739156023992	3332.370031119208	3230.427056612938	20266.524933519555	29265.82755860949	36906.052918295114	7583.255704690799	20569.151094695728	8727.134254913337	113449.10348377221	20419.359420652363	7711.148843476254	24556.187407306657	29798.4321698533	14619.76502953363	15933.09249323374	108047.00977732413	7723.850412757428	27715.66640538827	13449.351019092752	20556.97091721138	16768.941996263173	12579.601965355065	30299.17270226173	4284.130664342187	13695.661773486576	96947.49474726888	11861.458505311959	57191.25999979431	24630.026689109254	8050.985126872909	8382.531175204495	22390.655394540783	24172.17488116572	39818.00888112465	63912.04629610905	39481.19820844099	15090.073166902608	11576.613253727837	33108.70994161538	9616.31293668366	10023.850346725241	14449.836481649876	6552.70767095379	33965.60548670356	12856.548002014788	12290.63418276799	11855.613586637597	9094.374272211193	11992.906670037482	28720.57808751038	37033.51522870116	113525.65642189345	16295.95712620731	98158.90042545901	115392.41554443727	25733.753981222515	13025.079585133753	57849.93152827317	15795.9101953959	19505.250686090818	76285.75484730097	12024.79377932797	13138.99783047691	13510.834614356012	17918.75062907627	18065.48329204794	7534.435718735053	12826.799144897675	12367.528287325718	9279.375908454713	54634.02245890071	62717.78843502856	12710.437501131168	14219.578683533004	10530.115406570045	1056293.7568762368	15060.998144622892	15686.533264488618	17614.284224040202	19654.655556862046	53965.628397589535	19003.360554506362	11402.363987566872	11321.779083987924	8821.939817321845	14272.83714772264	9990.709643881273	106027.6149657283	15831.05955811435
2026-03-12	14614.095749735248	31272.122301999418	23013.13894219173	26365.404996412122	29501.17974459203	161932.53454575688	7086.400763700385	15950.14994318968	81286.18371666095	12965.716102330709	27216.601195164832	50765.735911364995	67226.37995273681	107938.80775785146	9190.891371679883	12890.348891433334	39731.328133847266	15104.083409942485	13311.48904798581	43082.59367242665	31383.2400474538	19316.075424904186	13995.869578011996	3338.685015559604	3255.213528306469	20298.262466759777	29317.913779304745	36882.02645914756	7556.627852345399	21322.075547347864	8803.567127456668	113402.0517418861	20517.17971032618	7681.074421738127	24565.59370365333	29816.71608492665	14469.882514766814	15998.04624661687	108076.00488866206	7654.4252063787135	27637.833202694135	13452.175509546376	20535.98545860569	16764.470998131586	12592.300982677532	30054.086351130863	4315.065332171093	13727.830886743288	96315.74737363444	11748.72925265598	57203.12999989715	24603.513344554627	8071.4925634364545	8326.265587602247	22367.82769727039	24194.087440582858	40926.50444056233	63627.523148054526	39742.5991042205	15110.036583451303	11668.30662686392	33159.35497080769	9713.15646834183	10136.42517336262	14446.418240824938	6568.853835476895	33955.30274335178	13000.774001007394	12202.817091383995	11887.8067933188	9156.687136105596	12098.953335018741	28785.28904375519	37424.25761435058	113555.32821094673	16306.978563103654	97828.45021272951	115393.70777221864	25762.876990611257	13021.539792566877	57975.465764136585	15725.45509769795	19457.12534304541	76587.87742365048	11984.896889663985	13028.998915238455	13468.417307178006	17774.375314538134	18002.74164602397	7468.717859367527	12728.899572448838	12405.264143662858	9258.687954227356	54644.511229450356	62936.39421751428	12750.218750565584	14204.289341766502	10531.057703285023	1056457.3784381184	15047.999072311446	15611.26663224431	17687.6421120201	19605.827778431023	53672.81419879477	19231.68027725318	11421.681993783437	11335.889541993962	8780.469908660922	14315.41857386132	9930.354821940637	106043.80748286415	15857.529779057175
2026-03-13	14501.047874867625	30957.06115099971	23186.069471095863	26214.70249820606	29273.089872296016	161936.76727287844	7280.700381850193	16091.07497159484	80275.59185833047	12960.858051165354	26925.800597582416	50922.86795568249	66788.1899763684	107769.40387892573	9240.445685839943	12826.674445716668	39468.16406692364	15039.541704971241	13228.244523992904	42841.296836213325	31256.6200237269	19588.037712452093	13922.934789005998	3379.342507779802	3270.1067641532345	20314.13123337989	29598.95688965237	36852.51322957378	7505.813926172699	22028.537773673932	8861.783563728335	113213.52587094305	20628.58985516309	7623.0372108690635	24532.796851826664	29613.358042463326	14402.441257383407	16070.023123308434	107313.00244433104	7614.712603189357	27468.916601347068	13491.087754773187	20155.492729302845	16474.73549906579	12628.650491338765	29961.54317556543	4345.532666085546	13803.915443371643	96087.87368681721	11740.86462632799	57211.564999948576	24622.75667227731	8111.246281718228	8313.132793801124	22381.413848635195	24195.04372029143	41243.25222028117	63225.76157402726	39696.29955211025	15052.518291725652	11724.15331343196	32762.177485403845	9806.578234170915	10247.712586681311	14513.20912041247	6611.926917738448	33952.65137167589	12965.387000503697	12201.408545691997	11943.9033966594	9150.343568052798	12214.47666750937	28820.144521877595	37494.62880717529	113527.66410547336	16307.489281551827	97492.72510636476	115291.85388610931	25551.93849530563	13079.769896283438	57681.73288206829	15645.227548848976	19343.562671522704	76318.93871182523	11981.948444831993	13085.499457619228	13437.208653589003	17737.187657269067	17916.370823011985	7430.858929683764	12637.949786224419	12476.63207183143	9233.343977113678	54652.255614725174	63298.197108757144	12822.609375282791	14283.644670883252	10583.028851642512	1056581.1892190592	15041.499536155723	15694.633316122156	17696.82105601005	19622.91388921551	53681.40709939739	19343.34013862659	11479.840996891719	11365.44477099698	8784.23495433046	14362.70928693066	9933.677410970318	106056.90374143208	15737.264889528587
2026-03-16	14419.523937433813	30589.030575499855	23472.53473554793	26295.85124910303	28954.044936148006	162106.38363643922	7290.350190925096	15980.53748579742	80959.29592916524	12854.429025582678	26625.40029879121	50493.93397784125	66906.5949881842	107797.20193946286	9227.722842919971	12782.837222858334	39349.08203346182	15002.27085248562	13129.122261996452	42760.64841810666	31208.31001186345	19811.518856226045	13926.467394502999	3347.171253889901	3280.0533820766173	20192.065616689943	29589.478444826185	36860.25661478689	7475.40696308635	22794.268886836966	8806.891781864168	113181.76293547152	20596.794927581544	7611.018605434532	24441.398425913332	29741.679021231663	14376.220628691703	16088.511561654217	107799.00122216552	7597.356301594678	27381.958300673534	13548.043877386594	19810.246364651422	16204.867749532896	12674.325245669383	29925.271587782714	4348.266333042773	13869.457721685822	96132.4368434086	11727.432313163994	57215.78249997429	24644.878336138656	8230.623140859114	8376.566396900562	22400.706924317597	24220.521860145716	40824.12611014058	63037.38078701363	39785.14977605513	15098.759145862827	11672.07665671598	32936.08874270192	9728.289117085456	10265.856293340656	14596.604560206235	6630.963458869224	33726.32568583795	12957.693500251848	12223.204272845998	12019.4516983297	9142.1717840264	12302.238333754685	28855.072260938796	37784.81440358765	113703.83205273669	16300.244640775913	97286.86255318238	115278.42694305466	25655.469247652814	13154.38494814172	58008.366441034144	15592.613774424488	19284.281335761352	76064.46935591262	11992.474222415996	13148.249728809613	13446.104326794502	17800.593828634534	17870.68541150599	7411.929464841882	12544.974893112209	12531.816035915715	9216.171988556838	54658.62780736259	63566.59855437857	12878.804687641396	14362.322335441626	10637.514425821257	1056683.0946095297	15033.249768077862	15889.816658061078	17703.910528005024	19628.956944607755	53747.203549698694	19476.670069313295	11521.42049844586	11385.222385498491	8795.11747716523	14348.354643465329	9950.33870548516	106063.45187071603	15789.132444764295
2026-03-17	14485.761968716906	30897.015287749928	23596.267367773966	26424.425624551513	28752.022468074003	162006.1918182196	7312.675095462548	15935.26874289871	82186.14796458262	12993.714512791339	26837.700149395605	50464.46698892063	67500.7974940921	107716.10096973143	9251.361421459986	12817.418611429166	39354.54101673091	14986.13542624281	13199.561130998227	42642.82420905333	31141.655005931723	19928.259428113022	13908.2336972515	3383.5856269449505	3310.026691038309	20141.03280834497	29797.239222413093	36861.62830739345	7397.703481543174	23037.134443418483	8902.445890932084	113105.88146773576	20503.397463790774	7619.009302717266	24330.699212956664	30098.33951061583	14295.610314345851	16065.755780827109	109059.50061108277	7576.178150797339	27328.479150336767	13559.021938693297	19902.62318232571	16217.433874766448	12689.66262283469	29904.635793891357	4352.133166521387	13892.228860842912	96054.21842170431	11725.716156581997	57217.891249987144	24620.93916806933	8265.311570429556	8448.28319845028	22380.353462158797	24205.760930072858	40987.06305507029	63026.19039350681	39780.074888027564	15119.379572931413	11643.53832835799	33018.04437135096	9631.644558542728	10329.928146670329	14573.302280103118	6632.981729434612	33510.66284291897	12981.346750125924	12146.602136423	11874.72584916485	9180.5858920132	12221.119166877343	28872.536130469398	38057.40720179382	113796.91602636834	16291.622320387956	97228.93127659119	115251.71347152733	25870.734623826407	13141.19247407086	58114.18322051707	15558.806887212244	19254.640667880674	75732.23467795631	11966.237111207998	13159.624864404806	13443.552163397251	17799.796914317267	17882.842705752995	7402.464732420941	12567.987446556104	12546.908017957858	9212.08599427842	54664.31390368129	63620.79927718929	12896.902343820697	14347.661167720813	10629.257212910628	1056773.5473047649	15014.12488403893	15974.908329030539	17829.955264002514	19575.478472303876	53735.60177484935	19480.835034656648	11524.71024922293	11395.111192749246	8803.058738582615	14336.677321732664	9946.16935274258	106071.72593535802	15943.566222382147
2026-03-18	14759.880984358453	31636.507643874964	23596.133683886983	26947.212812275757	28658.511234037003	162804.0959091098	7593.837547731274	16083.634371449356	85521.0739822913	13182.35725639567	27431.350074697802	50962.23349446031	69500.39874704604	108088.05048486571	9325.680710729994	12888.709305714583	39507.27050836546	15110.567713121405	13369.780565499113	42726.412104526666	31218.32750296586	19889.12971405651	14029.11684862575	3424.2928134724752	3325.0133455191544	20395.516404172486	29843.619611206545	37018.31415369672	7331.351740771587	22598.567221709243	9039.222945466041	113392.94073386787	20651.698731895387	7589.504651358633	24467.849606478332	31124.169755307914	14445.305157172927	16026.877890413554	112849.75030554138	7603.08907539867	27569.239575168383	13544.510969346647	20218.811591162856	16466.216937383222	12677.331311417345	29971.31789694568	4369.066583260694	13853.614430421456	96332.60921085216	11791.858078291	57223.945624993576	24683.969584034665	8275.155785214778	8454.14159922514	22435.1767310794	24325.88046503643	41963.531527535146	63631.595196753406	40176.53744401378	15182.189786465708	11621.769164178995	34094.02218567548	9545.822279271364	10363.964073335164	14591.65114005156	6576.490864717306	33200.33142145949	13030.673375062961	12120.8010682115	11852.362924582425	9247.2929460066	12068.059583438671	29043.768065234697	38813.703600896915	114108.45801318416	16337.311160193978	97436.4656382956	115360.85673576366	26665.367311913204	13147.09623703543	59174.09161025853	15656.903443606123	19409.320333940337	75116.11733897816	12024.118555604	13128.312432202403	13404.776081698627	17871.398457158633	17992.921352876496	7434.73236621047	12649.493723278052	12509.95400897893	9240.04299713921	54669.65695184065	63442.899638594645	12860.951171910348	14350.330583860406	10644.128606455313	1056859.7736523824	15007.062442019465	15955.45416451527	17875.477632001257	19598.239236151938	53824.30088742467	19457.917517328322	11523.855124611466	11387.555596374623	8820.029369291307	14371.338660866331	9961.58467637129	106080.86296767902	16428.783111191075
2026-03-19	14909.440492179227	31565.253821937484	23534.56684194349	26747.60640613788	28039.2556170185	162255.5479545549	7724.4187738656365	16071.317185724678	86348.53699114565	13141.178628197835	27315.6750373489	50721.11674723016	69770.19937352302	107861.52524243286	9202.840355364997	12872.854652857292	39411.13525418273	14957.783856560702	13299.890282749557	42718.20605226333	30984.16375148293	20132.064857028257	14029.558424312876	3434.6464067362376	3312.506672759577	20305.258202086243	29676.809805603272	36878.657076848365	7313.175870385794	22931.78361085462	9058.61147273302	113278.97036693394	20543.349365947695	7543.7523256793165	24623.924803239166	31189.584877653957	14320.152578586463	15955.938945206777	113024.87515277069	7579.044537699335	27352.11978758419	13569.755484673324	20114.405795581428	16400.60846869161	12698.665655708672	29848.15894847284	4372.533291630347	13911.807215210727	96630.80460542608	11735.4290391455	57234.47281249679	24610.984792017334	8235.577892607389	8387.070799612571	22368.088365539697	24243.440232518216	42709.26576376757	63401.2975983767	40147.76872200689	15111.094893232854	11515.884582089497	34324.51109283774	9467.911139635682	10398.482036667581	14561.32557002578	6625.7454323586535	32705.165710729743	12995.33668753148	12035.40053410575	11856.181462291213	9260.6464730033	11924.029791719335	29086.88403261735	39096.85180044846	113891.72900659208	16295.655580096989	97338.2328191478	115232.92836788183	26682.6836559566	13122.548118517716	59148.045805129266	15541.451721803061	19257.16016697017	74408.05866948908	11945.059277802	13008.6562161012	13286.388040849313	17845.199228579317	17876.460676438248	7413.866183105235	12543.746861639025	12560.977004489465	9226.521498569604	54674.82847592032	63721.449819297326	12910.475585955173	14329.165291930203	10632.564303227657	1057023.886826191	14946.031221009733	16012.727082257636	17905.73881600063	19502.61961807597	53907.65044371234	19358.95875866416	11565.427562305733	11421.777798187311	8833.514684645654	14329.169330433166	9976.792338185645	106095.43148383951	16481.89155559554
2026-03-20	15048.220246089613	31427.126910968742	23355.783420971748	27042.30320306894	27374.62780850925	161826.77397727745	8017.209386932818	16040.158592862339	86443.76849557282	13206.589314098917	27250.337518674452	50993.05837361508	70530.0996867615	107590.76262121643	9171.4201776825	12820.427326428646	39365.56762709137	14908.89192828035	13214.945141374777	42596.60302613166	30954.581875741467	20393.53242851413	14007.279212156438	3517.323203368119	3341.2533363797884	20415.129101043123	29458.404902801638	36751.82853842418	7319.087935192897	22805.89180542731	9176.80573636651	113086.98518346697	20289.174682973848	7504.376162839659	24529.46240161958	31184.79243882698	14337.576289293233	15930.469472603389	113387.43757638535	7592.022268849667	27216.059893792095	13579.877742336663	20094.702897790714	16370.304234345806	12699.332827854336	29801.07947423642	4386.766645815173	13935.903607605364	96952.90230271305	11673.21451957275	57242.2364062484	24556.992396008667	8108.7889463036945	8333.535399806286	22322.54418276985	24182.72011625911	44054.63288188379	63147.14879918835	40220.884361003446	15128.047446616427	11492.942291044748	34264.75554641887	9501.455569817841	10487.74101833379	14553.66278501289	6660.372716179327	32187.58285536487	12947.668343765741	11932.700267052875	11835.590731145607	9314.82323650165	11964.514895859667	29183.442016308676	39813.42590022423	113783.36450329603	16267.327790048494	97314.11640957391	115116.46418394092	26829.3418279783	13125.274059258858	59000.52290256463	15471.72586090153	19168.580083485085	72906.52933474454	11915.529638901	12906.8281080506	13219.694020424657	17829.59961428966	17773.230338219124	7430.433091552617	12497.873430819513	12588.988502244732	9232.260749284802	54684.91423796016	63873.22490964866	12940.237792977587	14326.082645965102	10641.282151613828	1057147.4434130955	14895.515610504866	16048.863541128818	17885.869408000315	19417.309809037986	54074.82522185617	19346.97937933208	11581.713781152866	11450.888899093656	8854.757342322828	14281.584665216582	10023.896169092823	106110.21574191976	16512.94577779777
2026-03-23	14590.610123044808	30554.56345548437	22965.391710485874	25989.151601534468	25787.313904254625	160393.38698863873	7938.604693466409	15474.07929643117	83562.38424778641	12858.294657049459	26495.168759337226	49639.029186807544	68045.04984338075	106837.88131060821	8890.71008884125	12581.713663214323	39065.283813545684	14604.445964140175	12969.972570687389	42275.80151306583	30717.290937870734	20679.266214257063	13606.139606078219	3483.6616016840594	3253.126668189894	19932.56455052156	28894.20245140082	36445.414269212095	7272.043967596448	23467.945902713655	9023.402868183255	112608.49259173349	19957.087341486924	7430.188081419829	24247.23120080979	30197.396219413487	14106.288144646616	15694.734736301694	109623.71878819267	7526.0111344248335	26810.529946896047	13592.438871168331	19562.35144889536	15940.152117172904	12714.666413927167	29681.03973711821	4361.383322907586	14025.451803802682	96806.95115135652	11424.607259786375	57248.6182031242	24397.996198004334	7923.894473151848	8121.767699903143	22178.272091384926	23970.860058129554	43659.8164409419	62162.074399594174	39760.94218050172	14904.023723308213	11321.471145522373	33347.37777320943	9453.22778490892	10410.870509166896	14527.831392506445	6772.686358089663	30726.291427682438	12671.33417188287	11656.350133526437	11772.795365572803	9209.411618250826	11847.257447929835	28916.721008154338	39156.712950112116	113359.18225164802	16112.163895024247	96888.05820478695	114670.73209197045	25887.67091398915	13106.63702962943	57760.76145128232	15271.862930450765	18872.79004174254	69973.26466737228	11814.2648194505	12803.9140540253	13158.847010212328	17881.29980714483	17602.115169109562	7365.2165457763085	12291.436715409756	12667.994251122367	9185.630374642402	54689.95711898008	64294.11245482433	13017.618896488793	14299.54132298255	10619.641075806914	1057248.7217065478	14730.257805252433	15696.43177056441	17715.93470400016	19312.154904518993	53889.912610928084	19210.98968966604	11596.356890576433	11467.444449546827	8796.878671161414	14126.792332608291	10000.448084546411	106117.60787095988	15990.972888898885
2026-03-24	14410.305061522404	30426.781727742185	22864.195855242935	25391.575800767234	25393.656952127312	159883.19349431936	7769.302346733204	15292.539648215585	83691.69212389321	12914.64732852473	26300.084379668613	49669.51459340377	67612.52492169038	106618.9406553041	8865.355044420625	12493.856831607161	38932.64190677284	14559.722982070089	12824.986285343693	42122.900756532916	30531.145468935367	20809.63310712853	13643.06980303911	3496.83080084203	3251.563334094947	19878.782275260783	28604.60122570041	36287.20713460605	7273.521983798224	22758.972951356827	9070.201434091628	112419.24629586675	19861.043670743464	7472.594040709915	24011.115600404897	30116.198109706744	14153.144072323308	15549.867368150848	109306.85939409633	7520.505567212416	26812.764973448022	13526.219435584166	19823.67572444768	16162.576058586452	12649.833206963584	29469.019868559106	4363.691661453793	13985.22590190134	96462.97557567825	11355.803629893187	57251.8091015621	24320.998099002165	7865.947236575924	8105.883849951571	22111.136045692463	23892.430029064777	42989.90822047095	61679.53719979709	39715.47109025086	14914.511861654108	11355.735572761187	33348.688886604716	9389.113892454461	10267.935254583448	14492.915696253222	6763.843179044832	30123.14571384122	12593.167085941435	11538.175066763219	11758.897682786403	9171.705809125413	11813.628723964917	28850.86050407717	39083.35647505606	113209.59112582401	16084.081947512124	96828.52910239348	114647.86604598523	25730.335456994573	13067.318514814715	57943.38072564116	15281.931465225382	18876.39502087127	69441.63233368614	11808.13240972525	12737.95702701265	13070.923505106164	17894.649903572415	17578.55758455478	7357.108272888154	12175.718357704878	12629.997125561184	9192.315187321201	54697.47855949004	64062.05622741216	12981.309448244396	14281.270661491275	10582.820537903457	1057341.360853274	14662.628902626217	15515.215885282205	17673.46735200008	19250.077452259495	53592.456305464046	19150.494844833018	11523.678445288217	11440.722224773413	8787.939335580708	14108.896166304145	9953.724042273207	106128.80393547994	15934.986444449441
2026-03-25	14498.152530761203	30568.890863871093	22924.097927621468	25827.787900383617	25654.328476063656	159925.09674715967	7817.151173366602	15531.769824107792	84215.3460619466	13038.823664262365	26417.542189834305	50614.757296701886	68676.26246084519	106389.47032765206	8917.677522210313	12439.92841580358	38771.32095338642	14667.361491035044	12929.993142671847	42491.450378266454	30505.572734467685	20952.316553564266	13924.034901519555	3510.915400421015	3255.7816670474735	20201.89113763039	28584.800612850206	36456.10356730303	7374.260991899112	22164.486475678415	9125.600717045814	112239.62314793337	20033.021835371732	7525.297020354958	24165.55780020245	30258.099054853374	14339.072036161655	15610.933684075424	109783.42969704817	7517.752783606208	26826.38248672401	13518.109717792082	20271.837862223838	16473.788029293224	12644.916603481792	29395.50993427955	4377.345830726897	13977.61295095067	96554.48778783913	11316.401814946594	57255.90455078105	24369.499049501082	7914.473618287962	8170.441924975786	22154.06802284623	23897.71501453239	43322.45411023547	61306.26859989854	40161.735545125426	15132.255930827054	11552.867786380593	33399.344443302354	9432.05694622723	10323.467627291724	14558.95784812661	6756.921589522416	30469.07285692061	12564.083542970719	11596.58753338161	11604.448841393201	9282.852904562707	11946.814361982459	29017.930252038583	39431.67823752803	113162.29556291201	16112.040973756062	96917.76455119674	114536.43302299261	25932.167728497287	13114.659257407358	58644.69036282058	15316.96573261269	18893.197510435635	71370.81616684307	11862.066204862625	12749.478513506325	13101.961752553081	18008.324951786206	17639.27879227739	7367.554136444077	12286.859178852439	12628.49856278059	9195.6575936606	54703.739279745016	64048.52811370608	12980.654724122198	14314.635330745637	10620.910268951728	1057429.180426637	14688.814451313108	15518.607942641102	17699.73367600004	19169.538726129747	53585.22815273202	19155.24742241651	11509.339222644108	11446.361112386707	8803.469667790354	14076.948083152072	9962.862021136603	106139.40196773998	16005.49322222472
2026-03-26	14594.076265380601	30409.945431935546	22850.548963810732	25658.393950191807	25454.66423803183	160143.04837357983	7703.575586683301	15529.884912053896	82523.1730309733	13066.911832131183	26223.771094917152	51247.37864835095	68628.13123042259	106282.23516382603	8891.338761105157	12405.96420790179	39263.160476693214	14738.680745517522	12909.996571335923	42660.72518913323	30867.786367233843	21208.65827678213	13992.017450759777	3462.9577002105075	3227.8908335237365	20140.945568815194	28652.4003064251	36543.051783651514	7422.130495949556	22202.243237839208	9081.800358522907	112087.31157396668	20196.510917685868	7510.648510177479	24377.778900101224	29804.049527426687	14394.536018080827	15576.966842037713	108059.21484852408	7526.376391803104	26788.191243362005	13549.054858896041	20253.41893111192	16569.394014646612	12674.958301740895	29348.754967139776	4384.172915363448	14023.806475475336	96858.74389391957	11248.700907473296	57265.452275390526	24416.249524750543	7901.236809143981	8147.720962487892	22193.034011423115	23927.857507266195	43088.727055117735	60748.13429994927	40394.86777256271	15231.127965413527	11701.433893190297	32469.672221651177	9376.028473113616	10507.733813645862	14604.478924063305	6770.960794761208	30284.536428460306	12537.04177148536	11525.793766690804	11512.2244206966	9393.426452281354	12010.90718099123	29103.96512601929	39415.839118764015	113078.647781456	16145.520486878031	96884.38227559837	114493.21651149631	25648.08386424864	13145.82962870368	58572.34518141029	15306.982866306345	18876.59875521782	72015.40808342153	11876.533102431313	12789.739256753162	13142.48087627654	18047.662475893103	17757.139396138693	7365.777068222038	12337.42958942622	12659.249281390295	9195.328796830301	54709.36963987251	64204.26405685304	13005.3273620611	14338.817665372819	10656.455134475864	1057593.5902133184	14661.907225656554	15554.30397132055	17692.86683800002	19131.769363064872	53716.61407636601	19152.623711208253	11518.669611322053	11463.180556193354	8830.234833895178	14086.474041576035	9981.931010568302	106152.20098386999	15799.746611112361
2026-03-27	14695.0381326903	30383.97271596777	22966.774481905366	25931.696975095903	25422.332119015915	159232.02418678993	7639.28779334165	15278.442456026947	81208.08651548665	13127.455916065592	26264.385547458576	51783.68932417547	68056.5656152113	106063.61758191301	8935.66938055258	12393.982103950895	39741.58023834661	14729.340372758761	12902.498285667962	42525.36259456661	31136.39318361692	21481.829138391065	13953.508725379888	3521.4788501052535	3256.4454167618683	20202.972784407597	28773.70015321255	36529.52589182576	7381.065247974778	22433.621618919606	9175.900179261454	111856.15578698335	20528.255458842934	7515.324255088739	24338.889450050614	29519.524763713343	14407.268009040414	15604.483421018856	107024.60742426204	7510.688195901552	26596.595621681	13537.02742944802	20491.70946555596	16719.697007323306	12662.479150870447	29382.377483569886	4399.086457681724	14029.403237737668	96676.87194695979	11236.350453736648	57272.72613769527	24360.12476237527	7907.118404571991	8318.860481243946	22143.017005711557	23795.928753633096	42419.36352755887	60202.56714997464	40010.43388628136	15260.563982706764	11835.716946595148	31959.83611082559	9360.514236556808	10341.366906822932	14706.239462031652	6815.480397380604	30304.768214230153	12433.52088574268	11555.396883345402	11533.6122103483	9266.213226140677	12167.953590495614	28931.982563009646	38597.919559382004	112761.823890728	16098.260243439016	96709.69113779918	114389.10825574816	25610.54193212432	13239.91481435184	57863.172590705144	15246.991433153173	18741.79937760891	71757.70404171076	11935.266551215656	12802.369628376582	13209.24043813827	18079.83123794655	17738.569698069346	7350.388534111019	12250.714794713109	12677.124640695147	9179.16439841515	54717.18481993626	64302.132028426524	13027.66368103055	14438.90883268641	10717.227567237933	1057718.2951066592	14640.953612828278	15649.151985660275	17529.433419000008	18941.384681532436	53681.307038183004	19133.811855604126	11528.334805661027	11471.590278096677	8827.117416947589	14003.737020788018	9986.965505284152	106168.600491935	15662.37330555618
2026-03-30	14533.51906634515	29839.486357983886	22904.38724095268	25357.84848754795	25591.16605950796	157266.01209339497	7579.643896670825	14793.221228013474	79227.54325774332	13041.727958032796	25924.692773729286	51284.34466208774	66473.28280760565	106084.30879095651	8850.33469027629	12316.491051975448	39308.2901191733	14562.17018637938	12693.749142833982	42135.18129728331	30775.69659180846	21940.914569195535	13846.754362689944	3503.2394250526268	3205.722708380934	19923.9863922038	28811.850076606275	36271.76294591288	7300.532623987388	23386.810809459803	9148.950089630727	111833.07789349167	20569.127729421467	7517.6621275443695	24006.944725025307	28924.76238185667	14243.634004520207	15645.741710509428	104847.30371213102	7510.344097950776	26185.7978108405	13586.01371472401	20690.85473277798	16889.848503661655	12708.739575435224	29143.688741784943	4390.043228840862	14069.701618868834	96862.43597347989	11191.175226868323	57278.86306884763	24128.062381187636	7830.5592022859955	8419.430240621972	21932.50850285578	23501.464376816548	42269.68176377943	59988.28357498732	39346.71694314068	15122.781991353382	11942.858473297574	30929.918055412796	9280.257118278405	10292.683453411466	14727.119731015826	6927.740198690302	30634.884107115075	12201.76044287134	11557.698441672701	11271.80610517415	9103.606613070338	12243.976795247807	28638.491281504823	37723.959779691	112800.911945364	15985.130121719507	96695.34556889959	114449.55412787409	25083.270966062162	13249.45740717592	56663.58629535257	15055.495716576586	18456.899688804457	70038.85202085538	11913.133275607828	12865.684814188291	13096.120219069135	17879.915618973275	17447.784849034673	7357.694267055509	12110.357397356554	12710.062320347573	9161.582199207576	54723.59240996813	64516.06601421326	13068.831840515275	14466.954416343204	10750.113783618966	1057819.6475533296	14612.976806414139	15721.075992830138	17288.716709500004	18761.192340766218	53889.1535190915	18951.905927802065	11567.667402830513	11473.29513904834	8835.058708473794	13791.368510394008	10016.982752642076	106179.30024596749	15364.686652778091
2026-03-31	14275.759533172575	29126.243178991943	22991.19362047634	24779.424243773974	25760.58302975398	156893.5060466975	7447.321948335412	14394.110614006737	76006.77162887166	12936.863979016398	25279.846386864643	49694.67233104387	64154.14140380282	106077.15439547825	8742.667345138145	12285.245525987724	39259.14505958665	14478.58509318969	12479.37457141699	41935.09064864165	30902.84829590423	22090.457284597767	13465.877181344971	3496.6197125263134	3145.361354190467	19254.4931961019	29178.42503830314	36371.38147295644	7292.766311993694	24083.4054047299	9174.975044815365	111916.53894674583	20637.063864710733	7511.331063772184	23753.472362512653	28007.381190928336	14116.817002260104	15705.870855254714	101556.15185606551	7537.672048975388	25917.89890542025	13720.506857362005	20420.42736638899	16697.424251830827	12826.869787717613	29297.34437089247	4375.521614420431	14189.850809434418	97776.21798673994	11198.087613434162	57281.93153442381	24178.531190593818	7794.779601142998	8584.715120310986	21960.75425142789	23443.732188408274	41679.840881889715	60062.14178749366	38700.35847157034	14888.890995676691	11958.929236648786	29689.959027706398	9172.628559139202	10260.841726705734	14861.059865507912	6996.370099345151	31087.442053557537	11975.88022143567	11498.84922083635	11288.403052587075	8937.30330653517	12184.488397623903	28419.24564075241	36484.479889845505	112775.455972682	16023.065060859753	96837.1727844498	114464.77706393704	24401.63548303108	13368.22870358796	55256.79314767629	14969.747858288294	18281.94984440223	67549.42601042769	11931.566637803913	13047.842407094146	13186.060109534566	18033.457809486637	17469.392424517337	7380.8471335277545	12107.678698678277	12800.531160173787	9159.791099603788	54726.796204984064	64980.53300710663	13169.415920257637	14584.977208171602	10833.056891809483	1057912.8237766647	14651.48840320707	15974.537996415069	17118.358354750002	18915.09617038311	54462.07675954575	18933.452963901032	11679.833701415257	11540.64756952417	8925.529354236896	13755.684255197004	10116.991376321039	106187.15012298374	14908.343326389046
2026-04-01	14477.879766586288	29695.12158949597	23000.09681023817	25489.712121886987	26257.79151487699	157911.75302334875	7791.160974167706	14735.055307003367	77962.38581443584	13104.431989508199	25789.92319343232	49829.836165521934	66277.07070190141	106951.07719773913	8891.333672569071	12351.122762993862	40352.072529793324	14684.292546594845	12657.187285708496	42110.045324320825	31433.924147952115	21580.228642298884	13775.438590672486	3555.8098562631567	3182.6806770952335	19434.74659805095	29494.21251915157	36612.190736478224	7256.383155996848	23949.20270236495	9308.987522407682	112475.76947337291	20833.531932355367	7578.665531886092	23639.236181256325	28783.69059546417	14253.408501130052	15715.935427627357	104398.07592803275	7573.836024487694	26253.949452710127	13677.753428681002	20710.213683194495	16978.712125915416	12785.934893858806	29394.172185446238	4388.260807210216	14124.925404717209	97730.60899336997	11275.04380671708	57285.96576721191	24303.265595296907	7808.889800571499	8822.357560155493	22061.377125713945	23603.86609420414	42404.92044094486	61235.57089374683	39245.17923578517	15134.445497838346	12079.464618324393	30609.9795138532	9103.8142795696	10341.920863352867	14822.029932753956	6893.185049672576	31461.221026778767	12160.440110717835	11539.424610418175	11374.201526293538	9098.151653267585	12079.744198811952	28687.122820376208	37034.73994492275	113365.227986341	16121.032530429877	97120.5863922249	114859.88853196852	24946.31774151554	13328.61435179398	56205.396573838145	15135.873929144147	18515.974922201116	70402.21300521385	11974.783318901957	13005.921203547074	13246.030054767283	18115.22890474332	17594.69621225867	7407.423566763877	12148.339349339138	12733.265580086892	9191.895549801895	54733.398102492036	64545.266503553314	13094.707960128819	14557.4886040858	10805.528445904742	1057997.9118883323	14748.244201603535	15970.268998207535	17229.679177375	19063.548085191556	54333.53837977287	19086.726481950514	11626.416850707628	11524.823784762084	8916.264677118448	13935.342127598502	10089.49568816052	106193.57506149187	15303.171663194524
2026-04-02	14404.939883293144	29323.560794747988	22987.048405119087	24946.356060943494	26176.395757438495	158298.37651167437	7670.580487083853	14638.027653501684	76981.19290721792	12923.7159947541	25387.46159671616	48432.41808276097	65568.5353509507	106938.03859886956	8733.166836284536	12433.061381496931	40683.53626489666	14764.646273297421	12548.593642854248	42297.52266216041	31554.462073976058	21507.614321149442	13932.719295336243	3530.4049281315783	3136.3403385476167	18967.373299025476	29474.606259575783	36710.59536823911	7213.191577998424	24807.101351182475	9259.993761203841	112392.88473668645	20854.265966177685	7602.832765943046	23864.618090628162	28476.845297732085	14181.704250565026	15710.96771381368	103434.03796401637	7534.4180122438465	26226.974726355063	13683.876714340502	20832.606841597248	16951.856062957708	12790.467446929404	29296.08609272312	4396.630403605108	14169.962702358604	97962.30449668498	11252.02190335854	57295.48288360595	24331.132797648454	7761.444900285749	9006.178780077746	22099.688562856973	23653.93304710207	42519.96022047243	61137.785446873415	39265.58961789258	15204.722748919172	12142.232309162197	30107.4897569266	8946.9071397848	10399.960431676434	14746.014966376977	6899.092524836287	31288.110513389383	12255.220055358917	11464.712305209086	11459.60076314677	9168.575826633793	12039.872099405977	28723.561410188104	37132.369972461376	113282.6139931705	16162.516265214937	97040.29319611244	114757.44426598426	24613.65887075777	13281.307175896989	55830.19828691907	15116.436964572073	18506.487461100558	72078.60650260693	11900.39165945098	12883.460601773537	13273.51502738364	18175.614452371658	17652.348106129335	7373.711783381938	12089.169674669569	12762.632790043446	9197.947774900947	54741.69905124602	64745.13325177666	13127.35398006441	14492.2443020429	10760.76422295237	1058161.955944166	14744.122100801767	15919.134499103768	17295.3395886875	19026.274042595778	54229.769189886436	19098.363240975257	11638.708425353814	11561.411892381042	8909.132338559224	13961.171063799251	10065.747844080259	106211.78753074593	15148.085831597262
2026-04-03	14350.969941646572	29142.780397373994	22899.524202559543	24853.178030471747	26380.69787871925	159007.6882558372	7752.790243541926	14872.013826750841	77724.59645360896	12828.35799737705	25311.23079835808	47633.70904138048	65864.26767547535	107164.01929943479	8634.083418142269	12538.030690748466	41086.76813244833	14752.32313664871	12479.296821427124	42391.261331080204	31642.23103698803	21141.30716057472	14121.359647668121	3500.202464065789	3088.1701692738084	18726.18664951274	29489.80312978789	36694.797684119556	7184.095788999211	25506.050675591236	9161.49688060192	112613.94236834323	20967.132983088843	7624.4163829715235	23847.309045314083	28718.422648866042	14313.352125282512	15589.98385690684	104282.01898200819	7544.709006121923	26443.487363177534	13649.438357170251	20888.803420798624	16980.928031478856	12752.733723464702	29296.54304636156	4409.815201802554	14119.981351179302	98066.15224834249	11366.010951679269	57302.74144180298	24392.066398824227	7712.722450142875	9000.589390038873	22163.344281428486	23758.466523551033	44237.48011023621	61702.39272343671	39657.29480894629	15252.361374459586	12126.116154581097	30461.2448784633	8763.453569892401	10354.480215838217	14715.507483188489	6852.046262418144	31501.555256694694	12252.610027679459	11422.356152604543	11547.300381573385	9216.287913316897	11879.936049702988	28891.780705094054	37891.184986230684	113636.30699658525	16232.758132607469	97207.64659805622	114873.72213299213	24646.829435378884	13257.653587948495	56138.599143459534	15211.718482286036	18650.74373055028	74386.80325130347	11917.69582972549	12851.730300886768	13257.25751369182	18156.30722618583	17536.674053064668	7393.85589169097	12184.084837334784	12728.816395021724	9230.973887450473	54750.84952562301	64542.56662588833	13083.676990032205	14454.62215102145	10752.382111476185	1058282.977972083	14787.061050400884	15947.567249551885	17430.66979434375	19144.137021297887	54207.384594943214	19114.18162048763	11624.854212676906	11560.205946190521	8919.566169279613	14035.585531899625	10061.37392204013	106225.89376537297	15283.542915798631
2026-04-06	14451.484970823287	29025.390198686997	22858.26210127977	24904.589015235873	26432.848939359625	159586.8441279186	7928.895121770964	14887.50691337542	78694.79822680447	12768.178998688525	25243.11539917904	46854.35452069024	66352.13383773767	107397.0096497174	8544.541709071134	12612.515345374233	41343.384066224164	14853.661568324354	12609.648410713562	42495.6306655401	31723.615518494014	20953.153580287362	14263.17982383406	3462.6012320328946	3059.085084636904	18470.59332475637	29422.401564893946	36714.398842059774	7167.047894499606	26213.025337795618	9127.24844030096	112799.47118417162	21018.56649154442	7623.708191485762	23898.65452265704	29064.21132443302	14359.176062641256	15516.991928453419	105418.5094910041	7539.854503060962	26576.743681588767	13619.719178585125	21099.40171039931	17215.464015739428	12726.366861732351	29321.77152318078	4413.907600901277	14104.990675589652	97924.57612417125	11442.505475839635	57308.87072090149	24440.033199412115	7683.861225071438	8967.794695019436	22212.672140714243	23845.733261775516	44618.740055118105	62133.69636171835	39978.147404473144	15308.680687229793	12125.558077290549	30670.62243923165	8616.7267849462	10378.740107919108	14697.753741594244	6821.023131209072	31535.777628347347	12231.30501383973	11316.178076302273	11606.150190786691	9172.643956658449	11769.968024851494	29060.890352547027	38435.59249311534	113853.15349829262	16272.879066303734	97198.32329902811	114964.36106649606	24775.91471768944	13238.826793974247	56561.79957172977	15261.859241143018	18740.37186527514	75063.40162565174	11911.847914862745	12850.865150443384	13244.12875684591	18146.653613092916	17511.337026532332	7386.427945845485	12181.542418667392	12704.908197510862	9242.486943725236	54757.924762811504	64463.783312944164	13064.338495016102	14445.811075510725	10734.191055738092	1058382.9889860414	14806.030525200442	16003.783624775942	17558.334897171873	19149.068510648944	54065.69229747161	19142.090810243815	11598.927106338453	11554.602973095261	8898.283084639806	14085.292765949813	10031.686961020065	106232.94688268649	15466.271457899315
2026-04-07	14399.242485411643	28964.1950993435	22830.131050639888	24743.79450761794	26411.424469679812	159829.4220639593	8091.947560885482	14850.753456687711	79595.89911340224	12678.589499344263	25246.55769958952	46337.177260345125	66276.06691886883	107386.0048248587	8502.270854535567	12625.257672687116	41249.19203311208	14889.330784162177	12712.324205356781	42547.81533277005	31634.307759247007	20966.57679014368	14406.58991191703	3426.3006160164473	3047.042542318452	18297.796662378183	29411.200782446973	36689.19942102989	7088.523947249803	27004.01266889781	9031.12422015048	112809.73559208581	21071.78324577221	7615.854095742881	23851.827261328523	29427.105662216512	14412.088031320629	15487.99596422671	106719.25474550205	7539.927251530481	26653.37184079438	13599.859589292562	21342.200855199655	17375.232007869716	12705.683430866175	29321.88576159039	4420.4538004506385	14082.495337794826	97919.28806208563	11475.752737919818	57311.93536045075	24466.516599706058	7678.930612535719	8958.89734750972	22237.336070357123	23884.36663088776	43784.37002755905	62144.348180859175	40151.07370223657	15431.840343614896	12130.279038645274	31075.311219615825	8570.8633924731	10281.870053959554	14711.376870797121	6795.511565604536	31437.888814173675	12215.652506919865	11345.589038151136	11643.075095393346	9160.821978329224	11727.484012425746	29025.44517627351	38365.29624655767	113804.0767491463	16280.439533151868	97225.66164951405	114939.68053324803	24847.95735884472	13241.413396987124	56857.89978586488	15301.929620571509	18795.18593263757	76016.70081282587	11928.423957431372	12909.432575221692	13237.564378422954	18191.326806546458	17533.168513266166	7390.213972922742	12267.271209333696	12685.454098755432	9253.243471862617	54763.962381405756	64384.391656472086	13044.66924750805	14433.905537755363	10727.595527869045	1058471.9944930207	14795.51526260022	15960.39181238797	17584.667448585937	19151.53425532447	54026.3461487358	19141.045405121906	11598.463553169226	11564.30148654763	8890.141542319903	14095.146382974906	10026.843480510033	106243.97344134325	15630.635728949657
2026-04-08	14764.621242705822	29906.09754967175	22919.565525319944	25991.39725380897	26953.212234839906	161236.71103197965	8895.97378044274	15303.376728343856	84146.44955670112	12884.294749672132	25953.278849794762	46721.08863017256	69003.03345943442	107933.00241242934	8636.135427267784	12695.128836343558	41694.59601655604	15234.66539208109	13071.16210267839	42696.40766638503	31704.653879623504	20223.28839507184	14553.294955958514	3463.150308008224	3108.5212711592258	18678.89833118909	29650.60039122349	36922.09971051494	7119.261973624902	24942.006334448903	9057.06211007524	113254.8677960429	21115.891622886105	7596.927047871441	24010.91363066426	30738.552831108256	14758.544015660314	15619.497982113355	111392.12737275103	7549.96362576524	27214.18592039719	13494.929794646281	21756.100427599828	17665.116003934858	12610.341715433087	29361.442880795195	4433.72690022532	13916.247668897413	97258.64403104282	11645.376368959909	57318.467680225374	24586.758299853027	7785.965306267859	8939.44867375486	22348.66803517856	24095.18331544388	43967.185013779526	63049.17409042959	41018.03685111829	15638.420171807447	12207.639519322638	32775.155609807916	8640.43169623655	10228.435026979776	14640.68843539856	6655.255782802268	31696.444407086838	12377.826253459933	11602.794519075567	11786.537547696673	9174.910989164611	11823.742006212873	29297.722588136756	39275.148123278836	114284.53837457315	16430.719766575934	97523.33082475702	115247.34026662401	25750.478679422362	13172.206698493563	58617.94989293244	15558.464810285754	19184.092966318785	76508.35040641294	11990.711978715686	12867.216287610845	13256.782189211477	18245.66340327323	17499.584256633083	7429.106986461371	12481.635604666848	12547.227049377716	9304.621735931309	54766.98119070288	63642.19582823604	12902.334623754025	14365.952768877682	10680.797763934523	1058558.9972465103	14862.75763130011	16025.195906193985	17844.83372429297	19289.267127662235	53695.6730743679	19315.522702560953	11504.731776584613	11498.650743273814	8839.070771159952	14216.573191487452	9966.921740255017	106251.98672067162	16274.81786447483
2026-04-09	14868.81062135291	30036.548774835876	22973.782762659972	26409.198626904486	26884.106117419953	162085.35551598982	9197.986890221371	15564.688364171929	85945.22477835056	13031.147374836066	25996.63942489738	46820.544315086285	70004.0167297172	108089.00120621467	8663.067713633893	12787.06441817178	41522.29800827802	15304.832696040545	13298.081051339195	43150.703833192514	31627.32693981175	20136.64419753592	14654.147477979257	3549.075154004112	3134.260635579613	18746.949165594546	29852.800195611744	37269.54985525747	7124.630986812451	24346.00316722445	9183.53105503762	113317.43389802145	21155.445811443053	7592.46352393572	24490.45681533213	31106.77641555413	14869.272007830157	15687.748991056676	112646.0636863755	7572.48181288262	27412.092960198595	13472.464897323141	22060.550213799914	17922.55800196743	12590.170857716545	29398.721440397596	4454.36345011266	13885.623834448706	97212.32201552141	11690.188184479954	57324.23384011269	24699.379149926513	7821.9826531339295	8904.724336877429	22453.33401758928	24225.59165772194	44106.09250688976	63144.587045214794	41731.018425559145	15751.710085903724	12328.819759661319	33132.57780490396	8665.215848118274	10226.717513489888	14622.84421769928	6602.627891401135	31573.222203543417	12363.913126729967	11751.397259537784	11710.768773848336	9271.955494582306	11886.871003106437	29511.361294068378	39875.07406163942	114319.76918728658	16513.359883287965	97512.66541237851	115311.170133312	26074.73933971118	13167.103349246781	59520.474946466216	15656.732405142877	19316.546483159393	77254.17520320647	11999.855989357842	12838.608143805423	13251.391094605739	18310.331701636613	17524.79212831654	7419.0534932306855	12556.317802333424	12525.113524688859	9313.810867965654	54773.49059535144	63526.09791411802	12873.667311877012	14354.47638443884	10662.398881967261	1058720.4986232552	14883.878815650056	15961.097953096993	17949.916862146485	19273.133563831117	53545.336537183946	19407.761351280475	11475.365888292306	11494.325371636907	8815.535385579977	14213.286595743726	9932.460870127508	106263.49336033581	16493.408932237413
2026-04-10	15136.405310676455	30234.274387417936	23050.391381329988	26743.099313452243	26954.55305870998	163190.1777579949	9371.493445110686	15729.844182085964	87371.11238917528	13193.573687418033	26070.81971244869	47025.27215754314	71444.5083648586	108079.50060310733	8724.033856816946	12889.53220908589	41661.149004139006	15322.416348020273	13436.540525669598	43607.85191659626	31656.163469905878	19898.32209876796	14852.073738989628	3614.537577002056	3177.130317789806	18843.474582797273	30093.900097805872	37336.274927628736	7199.815493406226	24135.501583612226	9359.76552751881	113336.21694901073	21142.722905721526	7585.23176196786	24660.228407666065	31513.388207777065	14952.136003915079	15877.874495528338	114173.03184318775	7566.24090644131	27626.0464800993	13451.23244866157	22217.775106899957	18021.279000983715	12577.585428858272	29487.360720198798	4484.68172505633	13875.311917224353	97166.6610077607	11750.094092239977	57332.116920056345	24842.189574963257	7849.991326566965	8894.862168438714	22582.16700879464	24384.79582886097	44500.54625344488	63106.7935226074	42599.00921277957	15903.355042951862	12444.409879830659	33588.78890245198	8762.607924059137	10250.358756744943	14618.92210884964	6558.813945700567	31639.11110177171	12464.456563364984	11940.698629768893	11457.884386924168	9377.977747291152	12065.935501553218	29830.68064703419	40720.03703081971	114309.88459364329	16594.679941643983	97514.83270618925	115305.585066656	26457.36966985559	13162.551674623392	60576.73747323311	15757.866202571438	19454.773241579696	78227.08760160324	12026.427994678921	12866.304071902712	13273.695547302868	18390.165850818306	17727.39606415827	7409.026746615343	12643.658901166713	12519.05676234443	9323.405433982827	54781.74529767572	63460.548957059014	12866.833655938506	14358.73819221942	10648.19944098363	1058842.7493116276	14919.439407825028	16008.048976548496	18099.458431073243	19380.066781915557	53405.16826859197	19623.880675640237	11468.182944146152	11492.162685818454	8803.767692789988	14314.143297871862	9906.230435063753	106279.24668016791	16699.204466118706
2026-04-13	15235.202655338227	29945.637193708968	23046.695690664994	26925.04965672612	26912.27652935499	163707.58887899746	9345.746722555343	15819.922091042983	88305.55619458764	13235.286843709016	25820.409856224345	47027.63607877157	72067.2541824293	107934.75030155366	8709.516928408473	12962.766104542945	41243.0745020695	15393.708174010137	13500.770262834798	43691.42595829813	31523.08173495294	20091.66104938398	14966.036869494814	3689.768788501028	3163.565158894903	18884.237291398636	30111.950048902938	37504.13746381437	7264.907746703113	24655.250791806113	9462.882763759404	113253.10847450537	21133.861452860765	7591.61588098393	24865.114203833033	31574.194103888534	14913.56800195754	15977.43724776417	114414.01592159388	7540.620453220655	27640.52324004965	13458.116224330784	22106.38755344998	17855.63950049186	12581.292714429135	29322.6803600994	4511.8408625281645	13900.155958612177	97163.83050388035	11745.047046119987	57338.55846002817	24894.094787481627	7833.995663283482	8882.431084219357	22627.58350439732	24461.897914430483	44977.773126722444	62933.896761303695	43252.00460638979	16024.177521475931	12569.70493991533	33669.39445122599	8843.803962029568	10336.679378372472	14572.96105442482	6551.906972850284	31622.055550885852	12554.728281682492	12090.349314884446	11023.942193462084	9463.488873645576	12382.96775077661	30015.340323517095	41177.51851540986	114229.94229682165	16617.83997082199	97425.91635309462	115242.792533328	26646.184834927793	13137.775837311696	61498.868736616554	15758.933101285718	19479.386620789846	78608.54380080162	11980.71399733946	12850.652035951356	13195.847773651434	18387.58292540915	17831.198032079134	7387.013373307671	12615.329450583356	12536.028381172215	9308.702716991414	54790.87264883786	63580.27447852951	12885.916827969253	14318.369096109709	10613.099720491815	1058943.874655814	14924.719703912513	16056.524488274248	18156.729215536623	19393.53339095778	53325.58413429599	19819.440337820117	11484.091472073076	11483.581342909227	8783.883846394994	14417.571648935931	9893.115217531877	106287.12334008396	16759.102233059355
2026-04-14	15341.601327669114	30078.318596854486	23121.347845332497	27783.02482836306	26993.638264677495	165060.79443949874	9417.87336127767	15951.961045521492	90559.77809729382	13340.643421854507	26070.204928112173	47186.318039385784	73243.62709121464	108094.87515077683	8779.758464204237	13014.383052271472	41579.03725103475	15559.354087005067	13672.885131417399	43925.712979149066	31686.54086747647	19845.83052469199	15038.018434747406	3714.884394250514	3186.7825794474516	18999.618645699316	30328.47502445147	37778.56873190719	7372.4538733515565	24330.12539590306	9499.441381879702	113399.05423725268	21139.430726430382	7633.8079404919645	25135.057101916515	32064.597051944267	15096.784000978769	16074.718623882085	116179.50796079694	7557.810226610327	27915.261620024823	13449.058112165392	22015.69377672499	17775.31975024593	12578.146357214568	29503.8401800497	4541.420431264082	13882.577979306088	97296.91525194017	11805.023523059994	57344.279230014086	25052.047393740813	7830.997831641741	8853.71554210968	22773.29175219866	24664.94895721524	45271.38656336122	63194.44838065185	44102.502303194895	16257.088760737966	12714.852469957665	34134.697225612996	8896.901981014784	10447.339689186236	14561.98052721241	6473.453486425142	31643.527775442926	12677.364140841246	12235.174657442223	11009.471096731042	9601.244436822788	12511.483875388305	30270.17016175855	42248.75925770493	114412.47114841083	16742.919985410997	97566.45817654731	115301.396266664	27126.592417463897	13122.887918655848	62692.43436830828	15878.46655064286	19673.693310394923	78969.27190040081	11992.35699866973	12761.326017975678	13156.923886825716	18510.291462704576	17997.099016039567	7403.0066866538355	12648.164725291677	12519.514190586107	9322.851358495707	54795.43632441893	63477.63723926475	12862.958413984627	14305.684548054855	10598.049860245908	1059034.437327907	14957.359851956257	15954.762244137124	18385.36460776831	19494.766695478887	53350.292067147995	20002.22016891006	11482.545736036538	11486.790671454613	8799.441923197497	14543.285824467966	9900.05760876594	106296.06167004198	16986.551116529678
2026-04-15	15467.300663834558	30536.159298427243	23131.673922666247	28072.012414181532	27179.319132338747	166672.39721974937	9673.936680638835	16126.980522760747	93306.8890486469	13526.821710927254	26450.102464056086	48140.65901969289	75276.81354560732	108257.43757538841	8992.379232102117	13119.191526135735	42202.018625517376	15739.677043502534	13861.4425657087	44050.35648957454	31995.770433738235	19482.915262345996	15074.009217373703	3762.442197125257	3225.891289723726	19402.30932284966	30479.237512225736	38131.784365953594	7428.726936675778	23630.06269795153	9641.220690939852	113509.52711862634	21074.71536321519	7634.903970245982	25420.028550958257	32717.29852597213	15278.392000489384	16113.359311941043	118529.75398039847	7586.4051133051635	28272.63081001241	13427.029056082696	22077.846888362496	17860.159875122965	12564.073178607283	29671.42009002485	4533.210215632042	13833.788989653043	97380.45762597008	11889.011761529997	57349.63961500704	25222.523696870405	7871.99891582087	8954.35777105484	22926.14587609933	24907.97447860762	46118.19328168061	63569.22419032593	44682.25115159745	16403.544380368985	12764.926234978833	34812.3486128065	8920.950990507392	10564.669844593118	14512.490263606205	6396.726743212571	31781.763887721463	12821.182070420622	12337.58732872111	11002.235548365521	9760.122218411394	12540.741937694153	30470.085080879275	42806.87962885246	114528.7355742054	16879.9599927055	97748.72908827366	115353.198133332	27677.296208731947	13075.443959327924	63859.71718415414	16038.233275321429	19927.846655197463	78732.1359502004	11983.178499334865	12679.163008987838	13188.961943412858	18564.145731352288	18187.549508019783	7425.503343326918	12664.582362645839	12478.757095293055	9341.925679247854	54800.218162209465	63268.81861963238	12823.979206992313	14254.842274027427	10549.024930122954	1059120.7186639535	14996.17992597813	15873.881122068562	18639.182303884154	19667.383347739444	53345.146033574	20221.11008445503	11464.27286801827	11476.395335727306	8798.220961598749	14721.642912233983	9896.52880438297	106303.030835021	17267.77555826484
2026-04-16	15613.650331917279	31186.57964921362	23363.836961333123	28287.506207090766	27267.159566169372	169095.6986098747	9786.968340319418	16392.99026138037	95901.94452432345	13684.410855463626	27105.051232028043	48747.829509846444	77368.40677280366	108216.2187876942	9256.189616051059	13171.595763067868	42681.00931275869	15819.838521751266	14060.721282854349	43860.17824478727	32260.385216869116	19258.957631172998	15159.504608686851	3801.2210985626284	3287.945644861863	19673.65466142483	30674.618756112868	38271.39218297679	7419.36346833789	23267.531348975765	9776.110345469926	113502.26355931317	20962.357681607595	7592.451985122991	25685.01427547913	33411.149262986066	15396.696000244692	16209.679655970522	121072.37699019923	7575.702556652582	28718.815405006208	13406.014528041349	22371.423444181248	18050.07993756148	12552.036589303641	29857.210045012427	4541.105107816021	13814.394494826522	97280.22881298503	11947.505880764998	57357.31980750352	25440.261848435202	8023.999457910435	9044.67888552742	23123.572938049663	25268.48723930381	47274.096640840304	63636.612095162964	45321.125575798724	16634.272190184493	12917.463117489417	35373.67430640325	8940.475495253697	10665.334922296559	14480.245131803102	6300.863371606285	31858.38194386073	12995.591035210311	12443.793664360555	11256.11777418276	9899.561109205697	12717.870968847077	30670.042540439637	43415.93981442623	114444.3677871027	17020.479996352748	97774.86454413683	115376.599066666	28123.148104365973	13039.221979663962	64794.85859207707	16197.116637660714	20241.92332759873	78941.0679751002	11971.089249667431	12598.581504493919	13155.980971706429	18648.572865676142	18484.274754009894	7417.251671663459	12685.291181322918	12458.378547646527	9351.462839623928	54810.10908110473	63174.40930981619	12806.989603496157	14219.921137013713	10490.012465061478	1059284.8593319766	15043.089962989065	15744.44056103428	18903.591151942077	19850.691673869722	53228.573016787	20563.055042227516	11455.136434009135	11471.197667863653	8776.110480799374	14980.821456116992	9870.764402191486	106321.5154175105	17543.38777913242
2026-04-17	15696.325165958639	31624.28982460681	23428.41848066656	28370.753103545383	27218.579783084686	170766.34930493735	9798.484170159709	16639.995130690186	97495.97226216173	13793.205427731813	27475.02561601402	48951.41475492322	78499.20338640183	108058.1093938471	9348.09480802553	13253.797881533934	42768.004656379344	15817.419260875633	14120.360641427174	43782.589122393634	32365.192608434558	19321.9788155865	15144.752304343427	3863.110549281314	3321.4728224309315	19811.827330712415	30994.809378056434	38576.6960914884	7424.681734168945	23328.765674487884	9888.555172734963	113403.63177965659	20968.678840803797	7580.225992561495	25987.507137739565	33625.57463149303	15473.348000122347	16277.33982798526	121858.68849509962	7547.85127832629	28939.407702503104	13418.007264020674	22878.211722090622	18415.03996878074	12561.018294651822	30066.605022506214	4553.55255390801	13832.19724741326	97078.61440649252	12023.7529403825	57363.65990375176	25628.1309242176	8067.9997289552175	9077.33944276371	23293.78646902483	25515.743619651905	47817.04832042015	63408.806047581485	45630.56278789936	16924.636095092246	13198.731558744708	35554.337153201624	8970.237747626848	10681.16746114828	14538.12256590155	6260.4316858031425	31854.190971930366	13170.295517605155	12546.896832180279	11530.55888709138	10071.780554602848	12808.935484423539	30825.02127021982	43682.96990721312	114232.18389355135	17113.239998176374	97635.93227206841	115318.299533333	28293.574052182987	13091.110989831981	64676.929296038536	16284.058318830357	20393.961663799368	78418.0339875501	12004.544624833716	12625.29075224696	13116.990485853214	18698.28643283807	18587.637377004947	7388.62583583173	12743.14559066146	12480.689273823264	9353.731419811964	54817.554540552366	63314.7046549081	12833.494801748078	14271.460568506856	10507.506232530739	1059406.9296659883	15069.044981494531	15719.72028051714	19140.29557597104	20079.34583693486	53131.2865083935	20656.527521113756	11463.068217004567	11487.598833931826	8757.555240399688	15098.910728058496	9845.382201095743	106335.75770875525	17660.19388956621
2026-04-20	15709.16258297932	31591.144912303404	23524.70924033328	28225.876551772693	27196.789891542343	171933.17465246868	9741.742085079855	16753.497565345093	99391.98613108086	13797.602713865906	27500.01280800701	48965.707377461615	79184.60169320091	108101.55469692356	9344.047404012765	13391.398940766967	43116.50232818967	15808.709630437817	14167.680320713587	43848.79456119682	32455.09630421728	19225.989407793248	15217.376152171713	3874.055274640657	3325.7364112154655	19968.41366535621	31122.40468902822	38687.3480457442	7422.340867084473	23084.382837243942	9944.777586367481	113446.81588982829	20776.8394204019	7581.612996280748	26298.753568869783	33817.787315746515	15579.174000061174	16335.669913992631	122566.8442475498	7556.425639163145	29157.20385125155	13419.003632010337	23374.10586104531	18802.51998439037	12560.50914732591	30196.302511253107	4571.276276954005	13826.09862370663	97173.30720324625	12118.87647019125	57366.82995187588	25749.5654621088	8129.499864477609	9051.169721381855	23406.393234512416	25691.371809825952	48308.52416021007	63319.40302379074	45980.281393949685	17109.818047546123	13304.365779372354	35919.668576600816	9050.118873813424	10741.08373057414	14562.061282950775	6215.215842901571	31784.595485965183	13295.147758802577	12715.94841609014	11557.779443545689	10160.390277301423	12764.46774221177	30952.51063510991	43848.98495360656	114268.59194677568	17164.619999088187	97746.9661360342	115364.1497666665	28440.787026091493	13114.55549491599	64939.46464801927	16370.029159415179	20547.480831899684	78464.01699377505	12023.772312416859	12631.14537612348	13127.495242926607	18733.143216419034	18781.818688502473	7388.812917915865	12804.072795330729	12476.844636911632	9357.365709905982	54823.77727027619	63279.85232745405	12824.24740087404	14299.730284253428	10518.753116265369	1059509.4648329942	15089.522490747266	15674.86014025857	19316.14778798552	20143.67291846743	53146.64325419675	20705.763760556878	11459.534108502285	11483.799416965914	8753.277620199844	15176.955364029247	9847.691100547872	106342.87885437763	17776.596944783105
2026-04-21	15693.58129148966	32179.5724561517	23590.35462016664	28217.438275886347	27168.39494577117	172656.58732623432	9913.371042539928	17073.24878267255	102699.99306554043	13782.801356932952	27877.506404003507	48600.35368873081	80919.80084660045	108270.77734846178	9354.523702006383	13487.199470383483	43260.751164094836	15869.354815218909	14278.840160356795	44039.39728059841	32485.04815210864	19030.494703896624	15356.188076085857	3879.5276373203287	3330.3682056077328	20134.206832678105	31363.70234451411	38735.1740228721	7353.670433542236	22792.191418621973	9908.888793183742	113565.90794491414	20728.41971020095	7565.806498140374	26586.87678443489	34366.393657873254	15782.087000030588	16357.334956996316	124525.9221237749	7575.712819581573	29381.101925625775	13389.50181600517	24669.552930522656	19981.259992195184	12535.254573662954	30266.15125562655	4607.638138477003	13788.049311853316	97140.15360162313	12230.438235095626	57373.414975937936	25817.7827310544	8125.749932238805	8950.584860690928	23470.19661725621	25799.185904912978	49479.262080105036	63548.70151189537	46344.14069697484	17342.409023773063	13469.682889686177	36662.33428830041	9057.559436906711	10768.54186528707	14561.530641475387	6165.107921450785	31667.29774298259	13350.073879401289	12652.97420804507	11753.889721772844	10392.195138650712	12772.233871105884	31058.755317554955	44311.99247680328	114361.79597338784	17262.309999544093	97817.4830680171	115412.07488333325	28717.893513045747	13113.777747457996	65611.23232400963	16465.51457970759	20698.74041594984	78232.00849688752	12065.88615620843	12631.57268806174	13097.747621463302	18782.571608209517	18878.90934425124	7398.906458957932	12802.536397665364	12437.922318455816	9363.682854952991	54831.88863513809	63084.926163727025	12787.12370043702	14303.865142126713	10500.376558132684	1059599.732416497	15094.761245373633	15603.430070129285	19488.57389399276	20163.336459233717	53107.821627098376	20752.881880278437	11428.267054251142	11460.899708482957	8751.138810099921	15210.977682014623	9846.345550273936	106348.93942718882	18044.79847239155
2026-04-22	15558.79064574483	32515.28622807585	23546.67731008332	28115.219137943175	27129.197472885586	173347.29366311716	9919.185521269963	17610.124391336274	105139.49653277022	13765.400678466476	28066.253202001753	48012.6768443654	82649.90042330022	108190.3886742309	9389.761851003192	13444.099735191741	43337.87558204742	15807.177407609455	14319.420080178397	44007.198640299204	32517.52407605432	19005.24735194831	15660.594038042927	3914.7638186601644	3322.684102803866	20197.10341633905	31324.351172257055	38863.08701143605	7316.835216771118	22948.595709310986	9974.44439659187	113507.95397245706	20671.709855100475	7542.903249070187	26818.438392217446	34705.69682893663	15858.543500015294	16442.66747849816	125735.46106188744	7572.8564097907865	29483.050962812886	13392.250908002585	25464.776465261326	20693.129996097592	12542.627286831477	30338.075627813276	4654.3190692385015	13801.524655926658	97162.57680081157	12194.719117547813	57379.20748796897	25869.3913655272	8066.374966119402	8905.292430345464	23514.098308628105	25905.59295245649	50822.13104005252	63435.850755947686	46796.070348487425	17498.70451188653	13579.841444843089	37053.667144150204	9083.779718453356	10759.770932643536	14596.265320737693	6145.053960725392	31603.648871491296	13392.536939700643	12738.987104022535	12071.944860886422	10520.597569325357	12783.616935552942	31154.377658777477	44533.49623840164	114243.39798669392	17323.654999772047	97766.74153400856	115386.03744166662	28819.446756522873	13152.388873728998	66143.61616200482	16488.257289853795	20761.87020797492	79823.50424844376	12094.443078104214	12666.28634403087	13072.873810731651	18864.28580410476	18914.95467212562	7396.453229478966	12789.268198832682	12450.461159227907	9362.341427476495	54838.44431756905	63147.46308186351	12796.06185021851	14350.932571063357	10517.688279066342	1059684.3662082485	15107.380622686816	15512.715035064643	19654.78694699638	20111.16822961686	53103.410813549184	20758.94094013922	11439.63352712557	11467.949854241479	8755.06940504996	15230.48884100731	9850.672775136969	106359.46971359442	18218.399236195775
2026-04-23	15508.395322872415	32485.143114037925	23455.33865504166	28005.609568971588	26922.098736442793	174560.14683155858	10017.092760634981	18129.562195668135	106196.74826638511	13791.200339233237	27955.626601000877	47833.8384221827	83609.95021165011	107752.69433711545	9397.380925501595	13324.04986759587	43296.43779102371	15693.588703804728	14312.210040089198	43781.0993201496	32421.262038027162	19232.623675974155	15760.297019021464	3949.881909330082	3316.342051401933	20156.051708169525	31529.675586128527	38840.54350571803	7223.417608385559	23719.297854655495	10029.222198295935	113193.97698622853	20660.854927550237	7509.951624535093	26861.719196108723	35085.34841446832	15849.271750007647	16477.83373924908	127052.73053094372	7556.428204895394	29631.525481406443	13401.125454001292	25514.888232630663	20629.064998048794	12541.313643415739	30257.537813906638	4688.659534619251	13830.76232796333	97232.78840040579	12076.359558773907	57387.10374398448	25947.695682763602	7969.687483059701	8785.146215172732	23585.549154314052	26087.796476228243	51596.065520026255	62790.42537797384	47615.03517424371	17464.352255943268	13517.420722421544	37446.833572075106	9116.889859226678	10852.385466321768	14641.132660368847	6112.526980362696	31429.32443574565	13463.768469850322	12691.993552011267	12180.972430443211	10749.298784662678	12661.808467776471	31307.18882938874	44806.74811920082	113914.19899334696	17374.32749988602	97704.87076700428	115230.51872083331	28922.223378261435	13186.194436864498	66793.80808100241	16504.628644926896	20865.93510398746	79984.25212422188	12106.221539052107	12656.643172015436	13025.436905365827	18813.64290205238	18847.97733606281	7385.226614739483	12720.13409941634	12476.730579613954	9349.670713738247	54846.72215878453	63286.23154093175	12825.530925109255	14388.966285531678	10547.844139533172	1059850.1831041244	15096.19031134341	15390.85751753232	19910.39347349819	20109.58411480843	53101.20540677459	20879.47047006961	11452.816763562785	11490.97492712074	8762.03470252498	15307.244420503655	9852.836387568484	106377.23485679721	18414.69961809789
2026-04-24	15568.197661436207	32053.571557018964	23461.66932752083	27925.804784485794	26723.549368221396	175632.57341577928	10086.04638031749	18838.281097834068	106576.37413319256	13858.600169616619	27717.81330050044	48176.91921109135	85252.47510582505	107408.84716855772	9373.690462750797	13352.524933797935	43070.718895511854	15609.294351902365	14293.605020044599	44155.5496600748	32305.63101901358	19406.31183798708	15937.648509510731	4062.4409546650413	3360.6710257009663	20425.525854084764	31584.837793064264	38950.771752859015	7036.70880419278	24352.148927327748	10133.611099147967	112994.48849311427	20715.42746377512	7519.975812267547	26910.85959805436	35190.17420723416	15829.635875003823	16510.41686962454	127416.36526547186	7545.714102447697	29758.26274070322	13408.062727000646	25762.44411631533	20819.532499024397	12548.15682170787	30147.76890695332	4715.829767309626	13860.381163981665	97343.39420020289	12110.179779386954	57393.55187199224	26026.8478413818	7961.34374152985	8677.573107586366	23656.274577157026	26246.39823811412	53305.53276001313	62282.212688986925	48690.51758712185	17557.176127971634	13558.710361210771	37830.91678603755	9153.444929613339	11082.692733160884	14722.566330184423	6083.763490181348	31249.662217872825	13531.88423492516	12833.496776005633	12090.486215221605	11043.14939233134	12668.404233888235	31613.59441469437	45303.374059600406	113724.59949667347	17441.66374994301	97635.93538350213	115142.75936041665	29032.111689130717	13272.597218432249	67447.9040405012	16520.314322463448	20947.96755199373	80092.12606211094	12156.110769526054	12790.321586007718	13049.218452682913	18778.32145102619	18779.488668031405	7384.613307369742	12601.06704970817	12499.865289806978	9348.335356869124	54855.86107939226	63415.615770465876	12855.265462554627	14478.98314276584	10617.422069766586	1059974.5915520622	15090.595155671705	15505.42875876616	19993.196736749094	20131.292057404215	53188.102703387296	20944.735235034805	11490.408381781392	11512.48746356037	8775.01735126249	15322.122210251828	9872.918193784242	106391.1174283986	18482.349809048945
2026-04-27	15483.598830718103	32050.785778509482	23378.334663760415	28150.902392242897	26739.2746841107	176704.78670788964	10128.023190158745	19465.140548917036	108827.18706659628	13825.80008480831	27686.406650250217	48660.95960554568	86491.23755291253	107261.92358427886	9386.845231375399	13349.262466898967	42522.85944775592	15584.647175951182	14324.302510022299	43975.2748300374	31892.815509506792	19450.65591899354	16068.824254755365	4108.720477332521	3415.335512850483	20762.762927042382	31467.41889653213	38839.38587642951	6888.35440209639	24701.074463663874	10257.305549573983	112862.24424655714	20645.21373188756	7464.487906133773	26955.42979902718	35642.58710361708	15862.317937501912	16449.70843481227	129115.68263273593	7542.857051223848	29999.13137035161	13369.031363500322	25743.722058157666	20837.2662495122	12511.578410853934	30057.88445347666	4729.414883654813	13822.690581990832	97005.19710010145	12137.089889693478	57396.77593599612	26081.4239206909	7949.671870764925	8551.286553793183	23676.637288578513	26407.199119057062	54627.766380006564	61940.10634449346	50208.758793560926	17701.088063985815	13594.355180605386	39110.45839301878	9049.22246480667	11063.846366580441	14699.283165092213	6026.881745090674	31074.831108936414	13560.94211746258	13064.248388002816	11975.243107610802	11132.57469616567	12614.202116944118	31796.797207347183	45994.1870298002	113689.79974833674	17490.331874971504	97605.96769175107	115111.37968020832	29338.05584456536	13243.798609216125	68958.45202025061	16575.657161231724	21135.983775996865	79681.06303105547	12164.055384763027	12800.160793003859	12914.609226341458	18594.160725513095	18762.744334015704	7384.306653684871	12526.533524854085	12466.932644903489	9352.167678434562	54860.43053969613	63237.807885232934	12817.632731277314	14464.99157138292	10607.211034883294	1060076.295776031	15072.797577835852	15525.71437938308	20176.598368374547	19890.646028702107	52992.05135169365	21024.867617517404	11468.204190890696	11482.243731780185	8749.508675631245	15374.561105125915	9836.459096892122	106400.5587141993	18720.674904524472
2026-04-28	15511.299415359052	32553.89288925474	23152.167331880206	28189.95119612145	26517.13734205535	177076.89335394482	10266.511595079373	19704.070274458518	111378.09353329815	13811.900042404155	28140.70332512511	48567.97980277284	87855.61877645626	107003.46179213942	9468.4226156877	13315.631233449483	42133.92972387796	15517.323587975592	14327.15125501115	43895.137415018704	31618.907754753396	19470.327959496768	16064.412127377684	4119.360238666261	3442.6677564252414	20798.88146352119	31563.709448266065	38831.19293821475	6786.677201048195	25103.037231831935	10264.652774786991	112736.12212327856	20612.60686594378	7426.743953066887	27165.21489951359	35953.79355180854	15888.658968750955	16397.354217406137	130205.34131636797	7521.428525611924	30104.565685175803	13344.515681750161	26264.361029078835	21206.1331247561	12495.789205426967	29983.44222673833	4722.707441827406	13806.345290995416	96618.09855005072	12113.544944846739	57403.38796799806	26108.71196034545	7854.335935382463	8533.143276896591	23709.318644289255	26460.59955952853	55526.38319000328	61539.05317224673	50356.87939678047	17705.544031992908	13699.677590302694	39735.22919650939	8964.611232403335	11173.42318329022	14685.141582546106	6008.440872545337	30782.415554468207	13607.971058731291	13097.124194001408	12042.621553805402	11160.287348082835	12477.101058472059	31833.39860367359	45999.5935149001	113569.89987416836	17527.16593748575	97512.48384587554	115073.18984010417	29537.52792228268	13234.399304608061	69521.7260101253	16615.82858061586	21202.991887998433	79030.53151552773	12161.027692381514	12741.08039650193	12810.304613170729	18562.080362756547	18674.872167007852	7377.1533268424355	12482.266762427043	12450.466322451744	9356.583839217281	54867.715269848064	63186.40394261647	12803.816365638657	14450.995785691459	10583.605517441647	1060169.6478880155	15046.398788917926	15545.85718969154	20318.29918418727	19758.323014351052	52795.525675846824	21009.933808758702	11459.602095445349	11474.121865890093	8720.254337815622	15436.780552562957	9796.729548446061	106407.77935709964	18876.837452262236
2026-04-29	15552.649707679526	32792.94644462737	23246.583665940103	27887.475598060722	26253.568671027675	177262.9466769724	10298.255797539687	19831.035137229257	112978.54676664907	13742.450021202078	28207.851662562556	48348.98990138642	89052.80938822814	106966.73089606971	9456.711307843849	13361.315616724742	41909.46486193898	15513.661793987796	14313.575627505576	43720.06870750935	31466.953877376698	19662.663979748384	16104.706063688842	4109.68011933313	3443.8338782126207	20849.440731760595	31599.35472413303	38804.596469107375	6710.838600524097	25579.018615915968	10268.326387393496	112703.06106163928	20531.30343297189	7410.371976533444	27080.107449756797	36251.89677590427	15836.829484375477	16488.17710870307	131245.17065818398	7523.214262805962	30102.2828425879	13354.757840875081	26792.180514539417	21600.56656237805	12505.394602713484	29916.221113369167	4600.853720913703	13825.672645497707	96687.04927502536	12163.77247242337	57416.69398399903	26129.855980172724	7874.167967691232	8559.071638448295	23733.159322144627	26489.799779764267	57295.69159500164	61470.526586123364	50146.43969839023	17697.772015996452	13812.338795151347	40045.114598254695	8947.305616201667	11128.711591645111	14742.070791273054	6009.220436272668	30493.707777234104	13578.985529365646	13176.062097000704	12066.310776902701	11039.143674041417	12683.550529236029	31756.699301836794	45904.79675745005	113609.94993708418	17548.082968742878	97460.74192293777	115076.59492005208	29618.26396114134	13287.19965230403	69506.36300506265	16615.91429030793	21191.495943999216	79355.26575776387	12194.013846190757	12806.040198250965	12808.152306585365	18635.540181378274	18613.436083503926	7373.576663421218	12507.633381213522	12464.733161225871	9351.79191960864	54876.35763492403	63285.70197130823	12821.908182819328	14497.99789284573	10609.302758720823	1060376.3239440077	15018.199394458963	15608.42859484577	20399.149592093636	19787.161507175526	52870.76283792341	21127.46690437935	11484.301047722674	11482.560932945045	8730.127168907811	15506.89027628148	9808.864774223031	106431.38967854982	19027.418726131116
2026-04-30	15548.324853839764	32385.973222313685	23229.29183297005	27220.23779903036	26094.28433551384	177497.97333848622	10106.627898769842	19842.51756861463	113701.27338332453	13620.22501060104	27873.925831281278	47456.99495069321	89116.40469411407	106560.86544803486	9323.355653921924	13336.657808362372	41292.23243096949	15359.330896993899	14246.787813752788	43540.03435375467	31148.47693868835	20028.83198987419	16047.353031844421	4024.840059666565	3404.4169391063106	20557.220365880297	31614.677362066515	38806.29823455369	6600.419300262049	27102.009307957982	10198.163193696748	112459.03053081964	20450.651716485947	7387.685988266721	26867.5537248784	36208.448387952136	15695.914742187739	16563.088554351532	131155.085329092	7484.107131402981	30073.64142129395	13344.87892043754	26746.09025726971	21525.283281189026	12497.697301356742	29885.110556684584	4547.4268604568515	13862.836322748853	96402.52463751269	12109.386236211685	57428.34699199951	26112.927990086362	7886.583983845616	8567.035819224147	23737.579661072312	26526.899889882134	58287.84579750082	60747.26329306168	50165.71984919511	17781.386007998226	13881.169397575673	40080.05729912735	8963.652808100833	11240.855795822556	14790.535395636527	6027.110218136334	30416.85388861705	13599.492764682822	13590.531048500352	12098.15538845135	11106.071837020709	12701.775264618014	31853.349650918397	46202.398378725025	113402.47496854208	17566.04148437144	97199.87096146889	114950.79746002605	29549.63198057067	13331.099826152014	69339.18150253133	16563.457145153967	21173.247971999608	79380.13287888194	12200.506923095378	12821.020099125482	12739.576153292683	18664.770090689137	18565.718041751963	7336.788331710609	12418.31669060676	12496.866580612936	9337.39595980432	54888.178817462016	63450.35098565412	12853.454091409665	14551.498946422864	10647.151379360412	1060561.161972004	14981.599697229482	15582.214297422885	20330.074796046818	19726.58075358776	52695.381418961704	21111.233452189677	11487.150523861337	11488.780466472523	8710.563584453907	15512.44513814074	9780.432387111516	106453.19483927492	19056.209363065558
2026-05-04	15478.662426919882	32457.98661115684	23228.145916485024	28337.118899515182	26079.64216775692	178646.9866692431	9953.313949384921	20064.258784307312	118936.13669166226	13579.11250530052	27839.462915640637	47003.49747534661	90753.20234705703	106440.43272401743	9286.677826960962	13334.328904181186	41128.61621548474	15467.16544849695	14363.393906876394	43555.017176877336	31031.738469344175	19954.415994937095	16326.17651592221	4009.9200298332826	3397.2084695531553	20568.61018294015	31532.33868103326	38842.149117276844	6517.709650131024	26771.00465397899	10183.081596848373	112282.01526540982	20497.825858242973	7361.842994133361	27133.776862439197	37139.22419397607	15867.95737109387	16630.544277175766	134577.542664546	7479.553565701491	30439.320710646974	13269.939460218771	27263.045128634854	21892.641640594513	12423.84865067837	29780.05527834229	4455.713430228426	13773.918161374426	95928.76231875634	12193.693118105843	57434.173495999756	26193.96399504318	7939.791991922808	8563.517909612074	23789.289830536156	26694.949944941065	59698.92289875041	60248.63164653084	50739.85992459756	18120.693003999113	14043.084698787836	41127.528649563676	8971.826404050416	11440.927897911279	14837.267697818264	5948.555109068167	30335.926944308525	13557.246382341411	13787.765524250175	12111.577694225674	11227.035918510355	12738.387632309008	32409.1748254592	47673.69918936251	113408.73748427104	17674.02074218572	97226.43548073445	114890.39873001302	30366.815990285337	13372.549913076007	70595.59075126567	16674.228572576983	21426.123985999802	80470.06643944097	12295.253461547689	12861.010049562741	12780.288076646342	18604.88504534457	18608.85902087598	7325.894165855305	12415.65834530338	12436.933290306468	9344.697979902161	54896.58940873101	63097.67549282706	12789.227045704833	14610.249473211432	10668.075689680205	1060693.580986002	14978.29984861474	15626.607148711442	20417.537398023407	19753.79037679388	52404.690709480856	21205.61672609484	11449.07526193067	11439.390233236261	8672.781792226953	15474.72256907037	9729.216193555758	106461.59741963746	19503.10468153278
2026-05-06	15423.83121345994	32541.49330557842	23123.572958242512	30804.05944975759	26257.321083878458	180109.99333462154	10016.656974692462	20189.629392153656	126527.06834583113	13433.55625265026	27887.23145782032	46479.248737673304	93601.60117352851	106332.71636200871	9233.338913480482	13348.164452090594	41484.30810774237	15558.582724248474	14634.196953438197	43422.508588438664	31188.369234672085	19909.707997468548	16650.588257961106	3967.4600149166413	3363.604234776578	20614.305091470073	31456.16934051663	38782.57455863842	6528.854825065512	26480.502326989495	10026.540798424187	112193.50763270492	20628.912929121485	7307.42149706668	27334.3884312196	39062.112096988036	16053.978685546936	16611.772138587883	141436.271332273	7487.276782850746	30814.66035532349	13192.469730109386	27786.522564317427	22341.320820297256	12354.424325339185	29620.027639171145	4317.856715114212	13701.959080687213	95588.38115937817	12213.346559052921	57437.08674799988	26206.98199752159	7914.395995961404	8486.758954806037	23803.14491526808	26911.474972470533	60581.9614493752	59767.315823265424	51768.929962298775	18320.346501999556	14151.542349393918	43298.764324781834	8998.413202025207	11488.96394895564	14805.633848909132	5864.277554534084	30222.96347215426	13693.623191170705	14191.382762125088	12238.288847112837	11372.517959255178	12794.193816154504	32704.587412729597	49299.349594681255	113359.36874213553	17775.51037109286	97276.71774036722	114885.19936500651	31877.40799514267	13331.274956538004	72571.79537563284	16792.11428628849	21717.5619929999	80640.03321972048	12330.126730773845	12831.00502478137	12778.144038323171	18442.442522672285	18553.429510437993	7330.447082927652	12314.82917265169	12367.466645153234	9336.34898995108	54900.7947043655	62756.33774641353	12714.613522852416	14560.624736605716	10618.537844840102	1060801.290493001	14974.14992430737	15534.303574355721	20893.768699011704	19607.895188396942	52174.84535474043	21215.30836304742	11387.037630965335	11369.695116618132	8613.390896113477	15371.861284535185	9686.10809677788	106470.79870981873	20371.05234076639
2026-05-07	15478.91560672997	32993.24665278921	23217.286479121256	31333.529724878797	26493.66054193923	181964.99666731077	10393.32848734623	20500.814696076828	131336.03417291556	13360.77812632513	28246.11572891016	46064.62436883665	94748.30058676426	106453.85818100435	9166.669456740241	13451.582226045297	42154.654053871185	15766.791362124237	14927.098476719098	43858.75429421933	31469.184617336043	19527.353998734274	16540.294128980553	3926.230007458321	3386.802117388289	20529.652545735036	31725.584670258315	39106.28727931921	6559.427412532756	25670.251163494748	9957.770399212093	112251.75381635246	20721.956464560742	7266.21074853334	27622.1942156098	40453.55604849402	16269.489342773468	16652.38606929394	146443.1356661365	7506.138391425373	31252.330177661745	13173.734865054692	28143.261282158714	22520.66041014863	12327.212162669592	29612.513819585572	4311.928357557106	13660.979540343607	95577.69057968908	12270.173279526462	57446.04337399994	26345.990998760797	8013.697997980702	8498.379477403018	23936.57245763404	27193.737486235266	60503.4807246876	59712.15791163271	53004.96498114939	18635.17325099978	14273.271174696958	44731.88216239092	9041.706601012604	11609.98197447782	14758.316924454566	5787.138777267042	30533.98173607713	13846.811595585354	14455.691381062545	12369.14442355642	11460.25897962759	12757.096908077252	32989.7937063648	50242.17479734063	113539.68437106776	17925.25518554643	97417.35887018361	114997.59968250326	32655.203997571334	13295.637478269002	75161.89768781641	16953.557143144244	22012.78099649995	78120.01660986023	12327.563365386923	12806.002512390685	12742.072019161586	18383.72126133614	18615.214755218996	7352.723541463826	12331.414586325845	12330.233322576616	9336.674494975541	54910.39735218275	62550.66887320676	12674.806761426207	14503.812368302857	10564.268922420051	1060978.6452465006	15007.074962153685	15356.65178717786	21116.884349505854	19626.94759419847	52146.92267737021	21372.65418152371	11348.518815482668	11339.847558309066	8597.195448056738	15409.430642267593	9677.05404838894	106490.39935490937	21012.026170383193
2026-05-08	15474.957803364985	34176.123326394605	23362.643239560628	31300.7648624394	26656.830270969615	184317.99833365539	10496.664243673116	20293.907348038414	133573.51708645778	13414.389063162565	29303.05786445508	45832.312184418326	95779.15029338213	106466.92909050218	9275.83472837012	13453.79111302265	42269.82702693559	15775.895681062118	15041.049238359548	43854.37714710967	31564.59230866802	19248.676999367137	16537.647064490277	3953.1150037291604	3383.4010586941445	20519.826272867518	31952.792335129157	39499.643639659604	6654.713706266378	25192.625581747372	10087.885199606048	112188.37690817623	20548.478232280373	7235.60537426667	28198.5971078049	41149.27802424701	16269.744671386734	16729.69303464697	149004.06783306826	7503.069195712686	31541.165088830872	13214.367432527346	28081.630641079355	22465.330205074315	12373.606081334796	29910.256909792784	4337.964178778553	13710.489770171804	95852.34528984454	12278.58663976323	57453.02168699997	26549.9954993804	8068.348998990351	8491.689738701509	24130.28622881702	27541.868743117633	60041.7403623438	59606.57895581635	53882.482490574694	18850.08662549989	14351.635587348479	45553.44108119546	9100.853300506302	11580.99098723891	14781.158462227282	5746.069388633521	30841.990868038563	14048.405797792677	14525.345690531272	12914.57221177821	11354.129489813795	12756.048454038626	33094.8968531824	50388.587398670315	113579.84218553388	18017.627592773213	97398.6794350918	115026.29984125163	33193.10199878567	13312.818739134502	77010.9488439082	17019.278571572122	22197.890498249973	75750.00830493012	12291.781682693461	12868.501256195343	12784.036009580792	18454.36063066807	18763.6073776095	7346.361770731914	12394.707293162923	12374.616661288308	9334.83724748777	54920.19867609137	62797.834436603385	12727.403380713104	14512.406184151429	10585.634461210026	1061109.8226232503	15073.537481076843	15267.82589358893	21397.942174752927	19758.973797099236	52315.961338685105	21576.327090761857	11394.759407741334	11376.923779154533	8582.097724028368	15564.715321133797	9707.52702419447	106507.69967745469	21372.513085191596
2026-05-11	15386.978901682493	35605.0616631973	23492.321619780312	31143.3824312197	26560.915135484807	187338.9991668277	10508.332121836558	20217.953674019205	138564.2585432289	13341.194531581283	30621.528932227542	45271.15609220916	96894.57514669106	106318.46454525109	9310.417364185061	13442.395556511325	42327.41351346779	15792.947840531058	15188.024619179774	43904.688573554835	31579.79615433401	19169.338499683567	16403.823532245136	3981.5575018645804	3316.700529347072	20489.91313643376	32071.396167564577	39631.8218198298	6582.356853133189	25658.812790873686	10082.942599803024	112106.68845408811	20579.239116140187	7169.302687133335	28584.298553902452	42597.1390121235	16267.372335693366	16929.346517323487	154264.53391653413	7494.034597856344	31975.582544415436	13247.183716263673	27760.815320539677	22212.665102537158	12396.803040667397	30016.628454896392	4305.982089389277	13755.244885085902	96130.17264492228	12258.293319881615	57461.510843499986	26731.9977496902	8140.674499495175	8523.344869350754	24299.14311440851	27995.43437155882	59270.8701811719	59375.289477908176	55480.24124528735	19192.543312749945	14400.81779367424	47476.72054059773	9190.42665025315	11643.495493619455	14805.079231113641	5673.034694316761	30728.49543401928	14289.20289889634	14922.672845265635	13367.286105889105	11418.564744906897	12815.524227019312	33432.4484265912	51351.79369933516	113479.92109276695	18078.813796386607	97320.8397175459	114998.14992062582	33993.050999392835	13331.40936956725	79831.9744219541	17089.639285786063	22490.445249124987	75000.00415246506	12286.39084134673	12909.75062809767	12750.018004790396	18394.680315334037	18850.30368880475	7335.680885365957	12329.353646581461	12414.308330644155	9326.418623743884	54927.599338045686	62991.41721830169	12763.701690356553	14541.203092075713	10601.317230605013	1061214.911311625	15096.76874053842	15178.412946794466	21855.971087376463	19819.986898549618	52440.48066934255	21658.16354538093	11432.879703870667	11409.461889577266	8621.048862014184	15644.857660566899	9722.763512097235	106516.34983872734	22075.2565425958
2026-05-12	15202.989450841247	35937.03083159865	23643.660809890156	30122.691215609848	26597.957567742404	189633.49958341385	10254.16606091828	19906.976837009603	140827.62927161445	13302.097265790642	30968.26446611377	45213.07804610458	96272.28757334553	105849.23227262555	9217.70868209253	13466.197778255662	42441.206756733896	15741.47392026553	15171.512309589887	44327.344286777414	31699.898077167003	19422.169249841783	16114.411766122568	3983.27875093229	3243.350264673536	20222.45656821688	31995.69808378229	39904.4109099149	6471.178426566595	25836.906395436843	10018.471299901512	111770.84422704406	20762.119558070095	7129.1513435666675	28987.149276951226	42891.06950606175	16286.186167846683	17108.673258661744	155014.76695826708	7472.017298928172	32122.791272207716	13316.091858131836	26717.90766026984	21363.832551268577	12463.401520333698	29975.314227448194	4235.991044694638	13837.62244254295	96630.08632246114	12253.146659940809	57465.75542174999	26972.4988748451	8176.8372497475875	8601.672434675376	24513.071557204254	28336.71718577941	58105.43509058595	58528.644738954084	56581.12062264368	19531.27165637497	14482.90889683712	47540.860270298865	9312.713325126575	11895.747746809728	14903.53961555682	5644.01734715838	30881.74771700964	14557.10144944817	15178.836422632818	13538.643052944553	11650.782372453448	12817.762113509656	33771.2242132956	52723.39684966758	113292.46054638347	18123.9068981933	97259.91985877295	114909.07496031291	33908.02549969642	13422.204684783625	81027.98721097705	17127.31964289303	22614.22262456249	73737.50207623253	12293.195420673364	12910.375314048835	12745.509002395198	18419.84015766702	18896.151844402375	7315.340442682978	12226.67682329073	12506.154165322077	9317.209311871942	54933.79966902285	63445.708609150846	12849.350845178276	14635.101546037857	10669.158615302505	1061308.9556558125	15135.88437026921	15250.706473397233	22309.48554368823	19800.493449274807	52633.740334671274	21724.081772690464	11510.439851935334	11477.230944788633	8663.024431007092	15691.42883028345	9764.381756048617	106523.17491936366	22296.6282712979
2026-05-13	14985.994725420624	37594.015415799324	23721.830404945078	29418.845607804924	26648.9787838712	191112.7497917069	10027.08303045914	19617.4884185048	144718.31463580724	13195.548632895321	32494.132233056887	44689.03902305229	96886.14378667276	105644.61613631278	9218.854341046266	13485.598889127832	42793.10337836695	15775.736960132765	15125.756154794944	44623.67214338871	32149.9490385835	19571.08462492089	15927.205883061284	3934.139375466145	3204.175132336768	20076.228284108438	32080.349041891146	40165.20545495745	6388.089213283298	26045.953197718423	9844.735649950755	111692.92211352203	20998.559779035048	7099.075671783334	29348.574638475613	43598.03475303088	16263.09308392334	17297.33662933087	157712.38347913354	7436.0086494640855	32258.895636103858	13350.545929065918	26008.95383013492	20781.91627563429	12506.700760166848	30036.657113724097	4164.995522347319	13901.311221271475	96806.04316123057	12285.073329970404	57467.87771087499	27157.74943742255	8207.418624873793	8600.836217337688	24689.535778602127	28561.858592889705	57135.21754529297	58044.32236947704	57264.06031132184	19733.135828187485	14511.45444841856	48725.430135149436	9506.356662563288	12001.873873404864	14987.26980777841	5612.00867357919	31050.87385850482	14593.550724724086	15566.91821131641	13616.821526472277	11741.891186226723	12851.381056754828	34090.6121066478	53566.69842483379	113103.73027319173	18186.45344909665	97141.45992938647	114907.03748015646	34189.01274984821	13489.602342391812	82681.49360548853	17175.659821446516	22708.611312281246	72813.75103811626	12306.597710336682	13034.687657024417	12915.2545011976	18576.920078833507	18899.075922201187	7300.670221341489	12158.338411645365	12554.577082661039	9310.104655935971	54939.39983451142	63705.35430457542	12907.175422589138	14721.550773018927	10693.579307651253	1061395.9778279061	15172.942185134605	15363.853236698616	22486.242771844118	19902.746724637404	52680.37016733564	21862.040886345232	11551.719925967667	11518.615472394316	8677.012215503546	15816.714415141725	9778.190878024308	106536.58745968183	22619.81413564895
2026-05-14	15054.997362710312	38559.50770789966	23790.41520247254	29150.92280390246	26619.4893919356	192875.87489585346	10103.54151522957	19229.7442092524	147252.65731790362	13356.77431644766	33444.56611652844	45189.519511526145	97678.07189333638	105424.80806815639	9434.427170523133	13485.799444563916	43176.55168918347	15787.868480066383	15165.378077397472	44646.83607169436	32449.97451929175	19700.542312460446	15833.602941530642	3997.0696877330724	3289.587566168384	20185.61414205422	32265.174520945573	40342.60272747873	6341.544606641649	26172.97659885921	10083.367824975378	111568.961056761	21141.779889517522	7042.537835891667	29646.787319237807	44369.01737651544	16236.54654196167	17339.668314665436	160581.19173956677	7420.504324732043	32496.94781805193	13375.27296453296	25861.976915067462	20693.458137817142	12528.350380083424	30005.32855686205	4172.4977611736595	13935.655610635738	96923.52158061528	12239.536664985202	57478.9388554375	27342.374718711275	8262.209312436897	8510.418108668844	24857.267889301063	28826.929296444854	57370.10877264649	57667.66118473852	57912.53015566092	19866.567914093743	14525.72722420928	49395.21506757472	9590.678331281644	12308.436936702432	15049.134903889204	5573.504336789595	31045.43692925241	14729.275362362043	15735.959105658205	13718.410763236137	12117.445593113362	12805.690528377414	34400.306053323904	54288.3492124169	112989.36513659586	18235.226724548324	97106.72996469324	114888.51874007823	34510.00637492411	13550.301171195906	84329.24680274427	17254.82991072326	22870.305656140623	72756.87551905813	12325.798855168341	13124.343828512208	13042.6272505988	18572.960039416754	18955.537961100592	7280.835110670745	12163.669205822684	12586.28854133052	9306.552327967986	54949.69991725571	63845.17715228771	12933.587711294569	14778.775386509464	10719.789653825626	1061560.488913953	15196.471092567303	15377.92661834931	22729.62138592206	20021.3733623187	52639.68508366782	22091.020443172616	11574.859962983834	11549.30773619716	8684.006107751773	15980.357207570862	9772.595439012155	106553.29372984092	22877.907067824475
2026-05-15	14882.998681355155	38582.253853949835	23664.20760123627	28454.46140195123	26269.744695967798	193447.93744792673	9749.270757614784	18586.8721046262	145728.8286589518	13287.38715822383	33472.28305826422	44642.25975576307	95664.03594666818	104792.4040340782	9392.213585261567	13468.399722281958	42935.775844591735	15693.934240033192	14965.189038698736	44748.41803584718	32347.487259645874	20017.77115623022	15361.80147076532	3918.534843866536	3279.793783084192	19735.30707102711	32417.587260472785	40521.30136373936	6330.772303320824	26546.488299429606	10051.18391248769	111101.9805283805	21038.38994475876	7002.768917945834	29760.8936596189	43339.508688257716	16178.273270980835	17204.83415733272	157050.59586978337	7382.752162366021	32430.973909025965	13402.63648226648	25105.98845753373	20109.22906890857	12551.675190041711	30061.664278431024	4153.24888058683	14012.82780531787	97117.76079030764	12116.2683324926	57486.96942771875	27519.687359355637	8157.604656218448	8395.209054334422	25000.63394465053	28906.964648222427	54890.054386323245	56550.83059236926	57774.76507783046	19838.28395704687	14350.36361210464	47847.60753378736	9462.839165640822	12469.218468351217	15129.567451944602	5581.752168394798	30770.218464626203	14794.637681181022	15487.979552829103	13809.205381618069	12092.722796556682	12600.345264188707	34500.15302666195	53866.67460620845	112554.68256829793	18202.11336227416	96951.86498234663	114676.75937003912	33826.503187462054	13630.150585597952	83760.62340137214	17274.41495536163	22829.152828070313	70815.93775952907	12330.39942758417	13161.671914256105	13096.3136252994	18595.980019708375	18956.268980550296	7241.9175553353725	12221.334602911342	12634.14427066526	9300.276163983992	54957.349958627856	64135.088576143855	12986.793855647284	14862.387693254732	10742.394826912812	1061684.2444569767	15180.735546283651	15342.963309174655	22883.81069296103	20068.18668115935	52611.84254183391	22165.510221586308	11602.929981491918	11590.15386809858	8687.503053875887	16082.17860378543	9767.297719506078	106561.64686492046	22393.953533912238
2026-05-18	14708.499340677577	37621.62692697492	23462.603800618133	27880.730700975615	25987.3723479839	192597.96872396336	9479.635378807392	18146.4360523131	143932.9143294759	13060.693579111914	32733.64152913211	43451.12987788154	94677.01797333409	104378.70201703909	9223.606792630784	13365.69986114098	42197.887922295864	15531.967120016596	14797.594519349368	44321.70901792359	31898.743629822937	20443.88557811511	15098.40073538266	3819.267421933268	3214.896891542096	19297.653535513557	32301.293630236392	40324.15068186968	6202.886151660412	27278.244149714803	9883.091956243845	110750.99026419024	20759.19497237938	6975.384458972917	29515.44682980945	42952.25434412886	15984.136635490417	17067.91707866636	155620.29793489169	7336.376081183011	32235.486954512984	13381.31824113324	24627.994228766867	19689.614534454286	12528.337595020856	29917.832139215512	4121.124440293415	14033.913902658935	96716.38039515383	11978.1341662463	57490.984713859376	27406.34367967782	8028.302328109225	8255.104527167212	24905.816972325265	28779.982324111214	53855.02719316162	55603.91529618463	57039.38253891523	19644.141978523436	14092.68180605232	46731.30376689368	9491.41958282041	12408.109234175608	15115.283725972302	5623.376084197399	30532.6092323131	14539.818840590511	15448.989776414552	14069.602690809035	11990.36139827834	12377.672632094353	34272.576513330976	53015.83730310423	112427.34128414896	18069.05668113708	96727.43249117331	114638.37968501955	33458.25159373102	13598.575292798976	82957.31170068607	17184.707477680815	22686.076414035157	69902.96887976454	12300.699713792084	13170.335957128053	13040.6568126497	18565.490009854188	18806.634490275148	7190.958777667686	12170.16730145567	12650.57213533263	9282.138081991996	54963.67497931393	64245.04428807193	13013.396927823642	14856.693846627366	10746.197413456406	1061788.6222284883	15115.367773141825	15203.481654587327	22793.405346480515	20012.093340579675	52320.92127091695	22055.255110793154	11592.964990745959	11577.57693404929	8651.251526937944	16108.589301892716	9715.148859753039	106570.82343246022	22179.97676695612
2026-05-19	14638.749670338788	35901.31346348746	23470.801900309067	27003.86535048781	25868.686173991948	192529.98436198168	9144.817689403695	17591.21802615655	139811.95716473795	12857.346789555957	31314.320764566055	42615.56493894077	92251.00898666705	104251.85100851954	9064.303396315392	13376.34993057049	41483.94396114793	15598.483560008299	14678.797259674684	44295.8545089618	31504.37181491147	20801.942789057553	14864.20036769133	3749.6337109666338	3174.948445771048	18913.82676775678	32330.646815118198	40429.57534093484	6148.943075830206	27694.1220748574	9801.545978121922	110530.49513209512	20734.59748618969	7000.692229486458	29282.723414904725	42126.12717206443	15877.068317745208	17088.45853933318	152557.64896744583	7308.188040591505	32117.743477256492	13400.65912056662	23818.997114383434	19069.807267227145	12549.168797510429	30110.416069607756	4107.562220146708	14084.456951329466	96719.19019757691	11997.067083123151	57497.99235692969	27471.67183983891	8010.651164054612	8205.052263583606	24972.908486162632	28776.49116205561	52035.013596580815	55010.45764809231	56326.69126945762	19329.570989261716	13888.840903026161	45145.651883446844	9588.209791410205	12273.054617087804	15251.641862986151	5641.6880420987	30416.30461615655	14392.409420295255	15726.994888207275	14569.801345404518	11681.680699139171	12276.336316047176	34101.28825666549	52007.918651552114	112353.67064207449	18007.52834056854	96622.21624558666	114654.18984250978	32678.12579686551	13733.787646399487	81472.65585034303	17172.353738840407	22609.538207017576	69351.48443988228	12377.349856896042	13361.167978564026	13097.82840632485	18761.745004927092	18759.317245137572	7165.479388833843	12222.083650727836	12704.786067666315	9275.569040995997	54969.337489656966	64450.02214403596	13064.19846391182	14995.346923313682	10835.098706728204	1061882.3111142442	15117.683886570912	15119.240827293663	23063.20267324026	20123.546670289837	52311.460635458476	22075.127555396575	11619.48249537298	11606.788467024646	8650.625763468972	16157.294650946358	9714.07442987652	106582.91171623011	21747.48838347806
2026-05-20	14498.374835169394	34737.65673174373	23445.400950154533	26086.932675243905	25594.343086995974	192588.49218099084	8864.908844701848	17157.609013078276	137708.978582369	12648.17339477798	30359.66038228303	41707.78246947039	90420.50449333352	104280.92550425977	8824.651698157697	13371.674965285245	41029.471980573966	15544.24178000415	14551.898629837342	44092.9272544809	31427.185907455736	21053.471394528777	14567.100183845665	3662.316855483317	3104.974222885524	18434.41338387839	32097.8234075591	40474.78767046742	6101.971537915103	27834.5610374287	9621.77298906096	110512.74756604756	20572.298743094845	7005.846114743229	28996.361707452364	41500.563586032215	15763.534158872604	17098.72926966659	150361.3244837229	7286.594020295753	32086.371738628244	13402.82956028331	23026.998557191717	18422.403633613572	12542.084398755214	30184.20803480388	4066.781110073354	14109.728475664733	96549.09509878846	12048.533541561575	57501.49617846485	27461.835919919453	8004.325582027306	8160.026131791803	24958.954243081316	28781.745581027804	50210.00679829041	54921.72882404616	56297.84563472881	19117.285494630858	13739.42045151308	44422.82594172342	9711.604895705103	12096.527308543902	15357.320931493075	5643.34402104935	30150.652308078275	14233.704710147627	16153.497444103637	14782.400672702259	11482.340349569586	12253.168158023589	34005.644128332744	51883.95932577606	112446.83532103724	17914.76417028427	96437.10812279333	114644.59492125489	32015.562898432756	13830.893823199744	80795.32792517151	17146.176869420204	22588.76910350879	68370.74221994114	12435.674928448021	13446.583989282013	13220.914203162425	18735.372502463546	18655.658622568786	7137.739694416921	12200.541825363918	12719.393033833157	9262.284520497999	54974.66874482848	64565.01107201798	13084.59923195591	15099.173461656841	10913.049353364102	1061971.655557122	15096.341943285457	15270.620413646831	22830.60133662013	20159.27333514492	52200.230317729234	22062.563777698288	11613.24124768649	11614.894233512323	8640.312881734486	16146.147325473179	9693.53721493826	106591.45585811505	21438.74419173903
2026-05-21	14587.687417584697	36358.328365871865	23316.20047507727	26652.466337621954	25627.171543497985	193778.74609049544	9082.454422350924	17431.804506539138	144754.4892911845	12743.58669738899	32004.830191141515	41846.391234735194	93210.25224666676	104470.46275212988	8899.825849078848	13455.837482642622	41707.23599028698	15662.120890002076	14668.449314918671	44146.463627240446	31736.092953727868	20929.23569726439	14721.050091922833	3631.1584277416587	3097.487111442762	18679.706691939195	32146.41170377955	40706.89383523371	6025.985768957551	27414.78051871435	9601.386494530481	110598.87378302378	20478.64937154742	7034.923057371614	28950.680853726182	42977.78179301611	15876.767079436302	17054.364634833295	155788.16224186146	7293.297010147877	32263.185869314122	13411.414780141655	23313.49927859586	18668.701816806788	12553.542199377607	30383.10401740194	4046.390555036677	14112.364237832368	96775.54754939422	12133.766770780789	57513.248089232424	27569.417959959726	7956.662791013653	8217.513065895902	25058.977121540658	28961.372790513902	50855.00339914521	55040.864412023075	57187.42281736441	19263.64274731543	13809.71022575654	46408.91297086171	9693.302447852551	12211.763654271952	15385.160465746538	5619.172010524675	30160.32615403914	14259.352355073814	16219.24872205182	15036.200336351128	11737.670174784793	12199.084079011795	34197.82206416637	52599.47966288803	112595.91766051862	18046.882085142133	96509.55406139666	114662.29746062745	32889.781449216374	13856.946911599873	82602.66396258576	17202.588434710102	22715.884551754396	68700.37110997057	12457.33746422401	13419.791994641007	13252.457101581213	18814.186251231775	18878.329311284393	7150.869847208461	12237.270912681959	12736.696516916578	9280.142260248998	54982.33437241424	64607.50553600899	13097.299615977954	15124.086730828421	10935.524676682051	1062178.827778561	15113.170971642729	15269.310206823415	22951.800668310065	20169.63666757246	52301.11515886462	22143.781888849146	11608.120623843246	11640.44711675616	8657.156440867242	16191.07366273659	9710.76860746913	106603.22792905752	22188.372095869516
2026-05-22	14833.343708792348	37101.16418293593	23409.600237538634	27180.733168810977	25613.585771748993	195741.87304524772	9296.227211175461	17811.902253269567	149600.24464559223	12970.793348694495	32467.41509557076	43095.6956173676	95527.62612333338	104630.23137606494	9054.912924539425	13532.418741321311	42421.11799514349	15818.560445001038	14806.724657459336	44410.73181362022	32105.546476863936	20792.117848632195	15023.025045961416	3665.5792138708293	3126.243555721381	19429.853345969597	32118.205851889776	41073.94691761686	5940.4928844787755	27004.890259357177	9658.19324726524	110681.9368915119	20454.32468577371	7059.461528685807	29247.84042686309	43773.890896508055	16050.88353971815	17143.68231741665	158674.08112093073	7314.148505073938	32434.092934657063	13480.707390070827	23889.24963929793	19171.850908403394	12616.771099688804	30679.55200870097	4082.6952775183386	14158.682118916184	97488.27377469711	12207.883385390394	57521.62404461621	27800.208979979863	8019.831395506826	8223.756532947951	25268.48856077033	29258.18639525695	52580.001699572604	55149.43220601154	58096.711408682204	19654.321373657716	13989.855112878271	47204.456485430856	9679.151223926276	12507.881827135976	15513.080232873268	5587.0860052623375	30242.66307701957	14399.676177536907	16309.62436102591	15215.600168175564	12175.335087392396	12242.042039505897	34628.91103208318	53949.739831444014	112737.9588302593	18219.941042571067	96653.27703069833	114676.14873031373	33488.89072460819	13971.473455799936	83975.33198129288	17280.79421735505	22858.942275877198	70342.68555498528	12510.168732112004	13421.395997320504	13377.728550790605	18968.593125615887	19102.1646556422	7176.934923604231	12347.63545634098	12792.848258458289	9304.0711301245	54986.16718620712	64871.252768004495	13148.649807988977	15255.04336541421	11011.762338341025	1062324.9138892805	15156.585485821364	15430.155103411707	23209.900334155034	20242.31833378623	52685.55757943231	22296.890944424573	11663.060311921623	11707.22355837808	8721.078220433621	16283.536831368296	9778.384303734565	106624.11396452876	22546.68604793476
2026-05-26	14868.171854396174	37984.582091467964	23387.300118769315	27251.36658440549	25626.792885874496	196827.93652262387	9440.61360558773	18249.951126634784	156457.12232279612	13004.896674347248	33081.20754778538	43705.3478086838	98606.31306166669	105012.61568803247	9104.956462269713	13563.209370660656	42553.058997571745	15789.280222500518	15005.862328729669	44630.36590681011	32280.273238431968	20556.058924316098	15114.012522980709	3667.7896069354147	3123.1217778606906	19907.4266729848	32104.102925944888	41384.473458808425	5867.746442239388	25984.94512967859	9617.09662363262	110855.96844575595	20474.662342886855	7079.230764342903	30276.420213431546	44786.94544825403	16267.941769859075	17297.841158708325	162344.54056046536	7362.07425253697	32684.54646732853	13485.353695035414	24149.624819648965	19483.425454201697	12618.385549844403	30899.776004350486	4119.347638759169	14134.341059458093	97953.13688734855	12274.941692695196	57528.312022308106	27908.10448998993	8083.915697753413	8164.378266473976	25365.744280385166	29419.093197628477	53580.0008497863	55484.71610300577	59205.3557043411	20114.660686828858	14027.427556439136	48697.22824271543	9609.575611963137	12698.440913567989	15678.540116436634	5538.543002631169	30201.331538509785	14499.838088768454	16582.312180512956	15477.800084087783	12453.667543696198	12301.021019752949	34886.95551604159	54874.86991572201	112991.47941512965	18301.470521285533	96913.63851534916	114810.57436515686	34251.94536230409	14112.236727899968	85620.16599064643	17382.397108677527	23035.4711379386	72006.34277749264	12667.584366056002	13412.197998660253	13502.864275395303	19013.296562807944	19244.0823278211	7223.967461802115	12462.81772817049	12763.424129229144	9318.53556506225	54993.08359310356	64715.626384002244	13116.82490399449	15421.521682707105	11147.881169170512	1062437.4569446403	15188.292742910682	15610.077551705854	23393.450167077517	20238.659166893114	52917.278789716154	22333.445472212286	11664.030155960812	11711.11177918904	8750.53911021681	16264.768415684148	9827.192151867283	106634.55698226439	23011.34302396738
2026-05-27	14765.585927198088	38371.79104573398	23146.650059384658	26837.683292202746	25508.39644293725	198012.96826131194	9295.306802793864	18240.97556331739	162994.06116139807	12941.948337173624	33400.60377389269	44345.1739043419	99823.15653083334	105141.30784401624	9327.478231134857	13586.104685330327	42566.52949878587	15894.640111250259	15202.931164364834	44822.682953405056	32215.136619215984	20225.529462158047	14904.506261490355	3606.3948034677073	3079.0608889303453	19903.7133364924	32054.551462972442	41358.23672940421	5811.373221119694	25444.972564839292	9517.04831181631	110910.48422287797	20442.331171443428	7076.6153821714515	30665.71010671577	45955.972724127016	16463.97088492954	17337.420579354162	166637.27028023268	7393.537126268485	32937.273233664266	13487.676847517707	23719.81240982448	19266.71272710085	12621.692774922201	30835.38800217524	4133.6738193795845	14094.670529729046	98181.06844367427	12308.470846347598	57531.65601115405	27929.552244994964	8058.4578488767065	8107.189133236988	25381.872140192583	29597.04659881424	53182.50042489315	55791.85805150289	60491.67785217055	20337.33034341443	14046.213778219568	49803.614121357714	9664.787805981568	12999.720456783994	15681.770058218317	5494.271501315585	29938.16576925489	14599.919044384227	16636.156090256478	15418.900042043892	12867.833771848098	12285.510509876474	35028.477758020796	55402.434957861005	113033.23970756482	18334.735260642767	97110.81925767458	114805.28718257844	34873.972681152045	14119.118363949983	87785.08299532322	17435.698554338764	23226.2355689693	71935.67138874633	12704.292183028001	13253.598999330126	13440.932137697651	18938.64828140397	19242.54116391055	7257.483730901058	12432.908864085246	12729.712064614572	9325.767782531126	54999.041796551785	64582.81319200112	13085.912451997245	15418.760841353553	11151.440584585256	1062536.2284723201	15176.646371455341	15643.038775852927	23695.22508353876	20136.829583446557	53065.63939485808	22264.222736106145	11657.515077980406	11701.05588959452	8770.269555108405	16143.884207842075	9858.596075933641	106644.7784911322	23609.671511983688
2026-05-28	14519.292963599044	38423.895522866995	22900.32502969233	26251.841646101373	25149.198221468625	198238.48413065597	9125.153401396932	17903.987781658696	168250.03058069904	12830.474168586812	33365.30188694634	44307.586952170954	100591.57826541667	105000.65392200812	9413.739115567429	13592.552342665163	42725.76474939294	15872.320055625129	15198.965582182416	44951.341476702524	32190.068309607992	20122.764731079023	14774.753130745177	3578.1974017338534	3062.030444465173	19711.8566682462	31969.77573148622	41248.11836470211	5748.186610559847	25129.986282419646	9469.524155908155	110777.74211143899	20461.165585721712	7085.307691085725	30630.355053357885	46440.48636206351	16509.48544246477	17354.71028967708	168408.63514011633	7396.768563134243	32991.13661683213	13473.838423758854	24107.40620491224	19648.356363550425	12608.3463874611	30803.19400108762	4101.336909689792	14087.335264864523	98213.53422183714	12307.735423173799	57538.32800557703	27930.276122497482	8030.728924438354	7968.594566618494	25379.936070096293	29633.52329940712	52416.250212446575	55649.429025751444	60407.83892608527	20463.665171707216	14158.106889109784	49959.30706067885	9709.893902990785	13043.860228391997	15673.885029109158	5492.135750657792	29619.082884627445	14732.459522192114	16690.57804512824	15121.950021021945	12897.416885924049	12215.255254938238	34989.2388790104	55198.7174789305	112876.61985378241	18331.367630321383	97139.90962883728	114740.14359128922	34967.986340576026	14110.059181974992	88723.04149766162	17439.849277169382	23256.61778448465	71030.33569437316	12695.146091514001	13261.299499665063	13427.466068848826	18858.824140701985	19426.270581955276	7259.241865450529	12315.954432042623	12719.856032307285	9321.883891265563	55007.02089827589	64576.40659600056	13077.956225998623	15402.380420676776	11131.220292292628	1062709.1142361602	15138.32318572767	15567.519387926463	24098.61254176938	20103.414791723277	53085.31969742904	22309.611368053073	11646.757538990203	11698.52794479726	8762.634777554202	16126.942103921037	9862.29803796682	106659.8892455661	23910.835755991844
2026-05-29	14408.146481799522	39652.9477614335	22957.662514846164	25857.420823050685	25342.099110734314	199946.242065328	9202.576700698466	17797.493890829348	177971.01529034952	12839.737084293407	34367.65094347317	43976.29347608548	102823.28913270833	105220.32696100406	10031.869557783713	13558.776171332582	43132.88237469647	15933.660027812564	15339.482791091208	45050.67073835126	32457.534154803994	19873.88236553951	14704.87656537259	3534.0987008669267	3036.0152222325864	19383.4283341231	31987.387865743112	41494.059182351055	5814.093305279924	24417.493141209823	9428.262077954078	110998.8710557195	20395.582792860856	7098.653845542863	30640.17752667894	47477.74318103175	16594.742721232386	17355.85514483854	172421.81757005816	7428.384281567121	33238.06830841607	13506.919211879427	24561.203102456122	19966.678181775213	12641.67319373055	30976.59700054381	4042.168454844896	14106.167632432262	98794.26711091856	12265.8677115869	57546.664002788515	28080.13806124874	8054.364462219177	8031.797283309247	25520.968035048147	29895.76164970356	51643.12510622329	56335.714512875726	61205.419463042635	20714.332585853608	14284.053444554891	50204.65353033943	9657.446951495393	13249.930114195999	15674.44251455458	5446.067875328896	29812.041442313723	14878.729761096056	16315.28902256412	15230.975010510972	13027.208442962024	12200.127627469119	35374.6194395052	56349.35873946525	113063.3099268912	18377.183815160693	97326.95481441864	114777.57179564462	35326.99317028801	14110.529590987495	90554.52074883081	17516.924638584693	23426.808892242327	69580.16784718659	12688.073045757	13257.649749832532	13527.733034424413	18806.41207035099	19555.63529097764	7297.6209327252645	12364.47721602131	12737.428016153643	9332.441945632781	55013.510449137946	64653.203298000284	13098.978112999312	15396.690210338387	11138.110146146315	1062837.55711808	15184.161592863835	15447.759693963231	24215.306270884692	20174.20739586164	53417.659848714524	22552.305684026534	11692.378769495102	11717.26397239863	8746.3173887771	16239.471051960518	9923.149018983411	106669.94462278305	24481.417877995922
2026-06-01	14355.073240899761	40463.473880716745	23035.33125742308	25860.710411525342	25436.049555367157	201411.621032664	9111.288350349234	17853.246945414674	185793.00764517474	12941.868542146703	35088.825471736585	43598.146738042735	104761.64456635417	104995.16348050203	10790.934778891857	13447.88808566629	43638.94118734823	15961.830013906281	15522.241395545603	44990.335369175635	32686.267077401997	19711.941182769755	14577.438282686295	3532.0493504334636	2988.0076111162934	19094.21416706155	31826.193932871556	41664.529591175524	5762.046652639961	24428.74657060491	9410.131038977039	110796.93552785975	20330.291396430428	7093.826922771432	30725.08876333947	49263.871590515875	16617.37136061619	17282.42757241927	178970.90878502908	7434.192140783561	33474.034154208035	13503.459605939714	24433.10155122806	19858.339090887606	12643.336596865276	31175.798500271907	3957.084227422448	14113.08381621613	98872.63355545928	12202.43385579345	57553.33200139426	28187.56903062437	8101.182231109588	7990.898641654623	25618.484017524075	30119.38082485178	50819.062553111646	55933.85725643786	61606.70973152132	20757.166292926806	14289.526722277446	51354.82676516971	9608.723475747696	13369.965057098	15627.72125727729	5403.033937664448	29818.520721156863	14924.364880548028	15767.64451128206	15982.987505255485	13024.604221481011	12130.06381373456	35789.8097197526	57232.17936973262	113039.1549634456	18410.091907580347	97348.97740720931	114656.28589782231	36104.99658514401	14073.264795493747	91530.2603744154	17589.962319292346	23601.404446121163	68787.5839235933	12635.036522878501	13156.324874916267	13530.366517212206	18822.706035175495	19585.31764548882	7304.310466362633	12361.238608010655	12743.714008076822	9330.22097281639	55019.25522456897	64649.10164900014	13106.989056499657	15348.845105169194	11108.055073073157	1062985.27855904	15182.080796431917	15409.879846981616	24605.653135442346	20144.60369793082	53454.32992435726	22663.652842013267	11693.689384747551	11726.631986199314	8773.15869438855	16330.235525980259	9933.574509491706	106672.47231139152	25359.20893899796
2026-06-02	14457.03662044988	40503.73694035837	23420.16562871154	25371.855205762673	25543.02477768358	202731.31051633199	9005.644175174617	17402.62347270734	187117.00382258737	12925.43427107335	35241.91273586829	42864.07336902137	103900.82228317708	105087.58174025101	11065.467389445928	13172.944042833145	43309.470593674116	15955.91500695314	15623.620697772802	45000.16768458782	32468.133538700997	19815.970591384877	14156.219141343146	3478.524675216732	2934.0038055581467	18687.107083530776	31770.596966435776	41739.76479558776	5803.523326319981	24596.873285302456	9326.565519488518	110745.96776392988	20350.145698215216	7057.413461385716	30890.044381669737	50184.43579525794	16558.685680308095	17401.713786209635	182157.95439251454	7464.596070391781	33572.017077104014	13569.229802969858	23816.55077561403	19354.1695454438	12706.668298432638	31474.399250135953	3894.542113711224	14171.541908108065	99538.31677772963	12040.216927896725	57561.66600069713	28318.784515312185	8319.091115554795	7945.449320827312	25739.742008762038	30315.69041242589	49044.53127655582	55793.92862821893	62281.85486576066	20796.083146463403	14267.263361138723	51719.913382584855	9544.361737873849	13315.982528549	15582.860628638646	5386.516968832224	29996.76036057843	15004.682440274013	15651.32225564103	16921.493752627743	12950.802110740506	12247.53190686728	36167.404859876304	57868.58968486631	113257.07748172281	18431.545953790173	97428.98870360466	114688.14294891115	36302.998292572	14027.632397746875	92602.1301872077	17604.481159646173	23666.20222306058	66148.79196179664	12559.51826143925	13048.662437458133	13462.183258606103	18857.853017587746	19395.658822744408	7327.655233181316	12300.119304005328	12784.357004038411	9334.110486408195	55029.62761228449	64914.55082450007	13155.994528249828	15302.922552584598	11073.527536536578	1063101.6392795201	15213.540398215959	15199.939923490809	25425.326567721175	20139.80184896541	53820.164962178635	22789.326421006634	11753.344692373776	11779.315993099657	8846.579347194274	16396.61776299013	10006.287254745854	106691.23615569576	25809.60446949898
2026-06-04	14791.51831022494	40160.868470179186	23444.58281435577	25588.427602881336	25394.012388841787	204337.155258166	9100.322087587308	17015.81173635367	185677.0019112937	12809.717135536675	35160.956367934145	42412.036684510684	103070.41114158854	104686.29087012551	10875.233694722963	13181.472021416572	42754.735296837054	15902.95750347657	15509.3103488864	45282.58384229391	32236.5667693505	20257.985295692437	13868.109570671573	3479.2623376083657	2937.001902779073	18826.05354176539	31810.298483217888	41938.88239779388	5619.26166315999	25210.936642651228	9274.78275974426	110580.48388196493	20395.072849107608	7053.206730692858	31172.52219083487	50172.21789762897	16494.342840154048	17515.856893104818	181916.47719625727	7459.79803519589	33586.00853855201	13649.614901484929	23570.775387807014	19092.0847727219	12773.33414921632	31486.699625067977	3815.271056855612	14270.770954054033	100070.15838886482	11968.608463948363	57568.33300034856	28424.392257656094	8305.545557777397	7745.224660413656	25832.37100438102	30548.345206212944	48274.76563827791	55249.964314109464	63995.42743288033	21073.0415732317	14171.13168056936	52342.45669129243	9467.180868936925	13462.9912642745	15695.930314319323	5380.758484416112	30055.880180289216	14904.841220137007	15825.661127820515	16785.74687631387	13341.401055370254	12078.76595343364	36486.20242993815	58426.794842433155	112996.0387408614	18474.27297689509	97385.99435180234	114531.57147445557	36162.499146286005	14119.316198873437	93422.56509360386	17556.740579823087	23693.60111153029	64379.39598089832	12568.259130719625	13064.331218729067	13492.591629303051	18838.426508793873	19201.329411372204	7321.827616590658	12331.559652002663	12868.678502019206	9321.055243204097	55037.31380614224	65332.275412250034	13232.997264124915	15401.961276292299	11160.263768268289	1063285.81963976	15214.27019910798	15189.469961745404	25635.163283860587	19930.400924482703	54137.58248108932	22667.163210503317	11811.672346186888	11833.157996549828	8899.789673597137	16301.308881495064	10066.643627372927	106700.61807784787	25792.30223474949
2026-06-05	15254.25915511247	39385.43423508959	23451.791407177887	25339.713801440666	25237.006194420894	204770.577629083	8872.661043793654	16641.405868176837	178965.00095564686	12679.358567768337	34610.478183967076	41526.01834225534	100467.70557079426	104428.14543506276	10600.116847361482	13269.236010708286	43007.36764841853	15931.478751738285	15327.1551744432	45923.791921146956	32570.783384675247	20611.49264784622	13534.054785335786	3429.631168804183	2973.5009513895366	18395.526770882694	31997.649241608946	42207.94119889694	5454.630831579995	25225.468321325614	9176.89137987213	110315.24194098247	20392.536424553804	7090.103365346429	31141.261095417434	48761.108948814486	16534.671420077022	17510.92844655241	176700.73859812864	7464.899017597945	33443.004269276	13754.807450742464	22895.387693903507	18508.54238636095	12864.16707460816	31739.84981253399	3780.635528427806	14370.385477027015	100810.07919443242	12031.304231974182	57576.66650017428	28599.196128828047	8261.772778888699	7720.112330206828	25985.68550219051	30602.67260310647	46762.382819138955	54544.982157054736	64257.713716440165	21169.020786615853	14035.56584028468	50948.72834564622	9291.090434468462	13546.49563213725	15866.465157159662	5405.379242208056	30110.440090144606	14852.420610068504	15722.830563910258	16842.873438156937	13449.200527685127	11924.38297671682	36635.60121496908	58293.39742121658	112885.5193704307	18513.136488447544	97474.99717590117	114418.2857372278	35257.749573143	14271.158099436718	92679.78254680193	17542.870289911545	23580.300555765145	62944.69799044916	12619.629565359814	13097.165609364532	13759.295814651527	19155.213254396935	19228.664705686104	7333.913808295329	12444.779826001331	12959.839251009602	9324.527621602048	55041.156903071125	65786.13770612501	13318.998632062458	15564.98063814615	11254.131884134145	1063419.90981988	15244.63509955399	15298.234980872701	25533.081641930294	19935.70046224135	54553.291240544655	22821.08160525166	11889.836173093445	11915.578998274914	8980.394836798569	16303.154440747532	10145.821813686463	106722.80903892394	25069.151117374746
2026-06-08	14828.129577556236	37439.217117544795	23255.395703588943	23864.356900720333	24793.503097210447	201162.7888145415	8351.330521896827	15851.702934088418	167946.50047782343	12297.179283884168	32905.23909198354	39230.50917112767	95566.35278539713	103944.07271753138	10325.05842368074	13355.118005354143	42476.18382420926	15788.239375869143	15121.0775872216	45989.39596057348	32565.391692337624	20718.246323923107	12914.527392667893	3304.815584402091	2894.2504756947683	17272.763385441347	31773.824620804473	41836.97059944847	5224.815415789997	25420.234160662807	8948.945689936065	109922.62097049123	20103.768212276904	7094.551682673215	30560.630547708715	45980.55447440724	16322.335710038511	17309.964223276205	166632.86929906433	7434.949508798973	32806.502134638	13724.903725371232	21512.693846951755	17394.271193180473	12837.083537304079	31614.424906266995	3713.817764213903	14407.692738513508	100543.03959721621	12152.15211598709	57583.33325008714	28350.09806441402	8097.886389444349	7582.556165103414	25771.342751095253	30048.836301553238	43951.19140956948	53671.99107852737	62191.35685822008	20457.010393307926	13565.282920142341	47519.36417282311	9048.04521723423	13133.247816068626	15830.232578579831	5515.1896211040275	29565.220045072303	14466.210305034252	15316.41528195513	16521.43671907847	12901.100263842563	11547.19148835841	36042.80060748454	56409.19871060829	112510.25968521535	18224.568244223774	97206.49858795058	114256.6428686139	33317.3747865715	14243.579049718359	89113.89127340096	17361.435144955773	23119.150277882574	60194.84899522458	12588.814782679907	13232.582804682266	13952.647907325763	19358.606627198467	19032.832352843052	7309.956904147664	12389.389913000665	12983.419625504801	9299.263810801025	55045.57845153556	65913.0688530625	13344.49931603123	15541.990319073075	11272.065942067073	1063526.95490994	15142.317549776995	15412.61749043635	24485.540820965147	19893.350231120676	54414.64562027233	22643.04080262583	11867.918086546722	11908.789499137456	8966.697418399284	16098.077220373765	10124.410906843232	106721.40451946197	23668.57555868737
2026-06-09	14900.564788778118	36908.608558772394	23075.697851794474	23786.178450360167	24659.25154860522	199605.89440727077	8278.165260948414	15741.85146704421	171505.2502389117	12375.589641942084	32552.61954599177	39082.75458556383	95978.17639269857	103934.53635876569	10125.02921184037	13316.559002677071	42108.09191210463	15759.119687934572	15148.0387936108	45617.19798028674	32135.195846168812	20484.123161961554	12782.263696333946	3347.4077922010456	2912.125237847384	17166.38169272067	31424.412310402236	41464.985299724234	5147.407707894999	24960.1170803314	9038.972844968033	110036.31048524562	19959.384106138452	7108.275841336607	29887.815273854358	46490.27723720362	16316.167855019256	17206.982111638103	168316.43464953217	7427.474754399486	32783.251067319	13629.951862685615	21163.846923475878	17084.635596590237	12738.54176865204	31280.2124531335	3722.4088821069518	14308.846369256753	99670.5197986081	12133.076057993545	57589.16662504357	28076.04903220701	8030.943194722175	7461.2780825517075	25522.671375547627	29826.91815077662	43345.59570478474	53758.495539263684	62404.17842911004	20176.00519665396	13370.14146007117	48464.68208641156	8929.022608617115	12635.623908034313	15740.616289289916	5512.594810552014	29392.61002253615	14290.605152517126	15215.707640977565	16203.218359539234	12589.550131921282	11463.595744179205	35766.400303742266	56272.09935530415	112592.62984260768	18142.284122111887	97187.7492939753	114353.32143430694	33425.68739328575	14147.28952485918	90170.94563670049	17307.717572477886	23108.075138941287	59269.924497612286	12587.907391339953	13198.291402341132	13899.823953662883	19263.303313599234	18887.416176421524	7300.478452073832	12256.694956500332	12909.2098127524	9303.631905400513	55050.28922576778	65469.03442653125	13264.749658015615	15451.495159536538	11225.532971033535	1063622.4774549701	15091.158774888498	15260.808745218175	24321.270410482575	19667.675115560338	53982.82281013616	22431.520401312915	11778.95904327336	11832.394749568728	8908.848709199643	15889.038610186883	10051.705453421615	106738.20225973098	23876.787779343686
2026-06-10	14842.782394389058	35902.8042793862	22980.848925897237	23437.089225180083	24227.12577430261	197374.44720363538	8239.082630474208	15865.425733522105	166973.12511945586	12382.294820971041	31826.309772995883	38951.377292781915	94726.58819634929	103984.76817938284	9680.014605920185	13430.779501338537	42266.545956052316	15692.059843967287	14859.0193968054	45736.09899014337	32097.597923084406	20359.56158098078	12848.631848166973	3368.703896100523	2936.062618923692	17028.190846360336	31334.70615520112	41308.99264986212	5303.7038539475	24450.0585401657	9110.986422484017	109943.1552426228	19732.192053069226	7180.637920668303	29526.40763692718	45645.138618601806	16273.083927509628	17150.491055819053	164913.2173247661	7438.737377199743	32376.6255336595	13639.975931342808	20766.92346173794	16709.817798295117	12751.770884326019	31357.10622656675	3764.704441053476	14314.423184628376	99682.25989930404	12215.038028996772	57594.58331252178	27941.524516103505	7937.471597361087	7410.639041275854	25395.83568777381	29503.95907538831	43425.29785239237	53427.74776963184	61586.58921455502	19748.00259832698	13185.070730035586	47647.34104320578	8762.011304308558	12225.311954017157	15732.808144644958	5578.797405276007	28851.305011268076	14080.302576258564	15160.353820488783	15836.609179769617	12246.27506596064	11329.297872089603	35328.20015187113	54856.049677652074	112621.31492130384	18049.142061055943	97114.87464698765	114446.66071715347	32801.34369664287	14159.14476242959	89129.97281835024	17208.858786238943	22848.037569470645	60332.46224880614	12575.453695669978	13280.645701170566	14010.411976831441	19337.651656799615	18852.208088210762	7300.739226036916	12347.347478250165	12923.6049063762	9308.315952700257	55057.64461288389	65519.51721326563	13279.874829007807	15443.74757976827	11231.266485516768	1063712.738727485	15035.57938744425	15239.404372609088	23999.135205241288	19572.33755778017	54037.41140506808	22200.760200656456	11788.47952163668	11839.697374784364	8921.924354599822	15685.519305093441	10062.852726710807	106751.60112986549	23426.393889671843
2026-06-11	14690.891197194529	35392.4021396931	22849.42446294862	23349.04461259004	23661.062887151304	195812.22360181768	8127.041315237104	15751.212866761052	166020.06255972793	12518.14741048552	31535.65488649794	39318.18864639096	94618.29409817464	103962.38408969142	9525.007302960094	13509.889750669268	42180.77297802616	15643.529921983643	14827.0096984027	45345.54949507168	32011.298961542205	20487.28079049039	12821.815924083487	3426.8519480502614	2948.031309461846	17474.095423180166	31374.853077600557	41131.49632493106	5356.85192697375	24547.52927008285	9194.493211242008	109901.5776213114	19566.096026534615	7207.318960334152	28895.70381846359	45165.0693093009	16241.541963754815	17053.245527909527	163149.10866238305	7434.368688599871	32068.31276682975	13659.987965671404	20505.96173086897	16542.40889914756	12773.38544216301	31266.053113283375	3895.352220526738	14342.211592314188	99790.12994965202	12301.019014498386	57602.29165626089	27784.262258051753	7823.235798680544	7382.819520637927	25252.917843886906	29272.979537694155	43395.14892619618	53203.87388481592	60960.29460727751	19409.00129916349	13087.535365017793	48103.67052160289	8761.00565215428	11821.655977008579	15728.904072322479	5626.898702638004	28250.65250563404	13842.651288129282	15140.17691024439	15715.804589884809	11807.13753298032	11339.648936044801	34996.60007593557	54275.52483882604	112768.15746065191	17990.07103052797	97095.93732349382	114478.33035857673	32474.171848321435	14165.072381214795	88539.48640917512	17084.42939311947	22625.518784735323	60198.73112440307	12556.726847834989	13496.322850585282	14028.20598841572	19394.825828399808	18769.60404410538	7300.869613018458	12338.173739125083	12940.8024531881	9310.657976350129	55066.32230644194	65664.75860663282	13302.437414503904	15454.873789884135	11246.133242758384	1063883.8693637424	14965.289693722125	15330.702186304545	23945.567602620642	19619.168778890085	54092.20570253404	21997.880100328228	11807.73976081834	11853.348687392183	8937.46217729991	15530.75965254672	10073.426363355404	106770.80056493275	23298.196944835923
2026-06-12	14900.945598597264	36011.701069846546	22927.21223147431	23773.52230629502	23640.53144357565	196708.61180090884	8296.020657618552	16096.106433380526	167858.03127986396	12528.573705242761	32040.32744324897	39374.09432319548	95724.14704908732	104333.69204484571	9605.003651480047	13569.444875334633	42485.38648901308	15759.264960991823	14966.00484920135	45620.27474753584	32208.149480771102	20278.640395245195	12903.407962041743	3433.425974025131	2984.015654730923	17897.047711590083	31372.42653880028	41179.248162465534	5540.925963486875	23983.764635041425	9241.246605621003	110148.28881065571	19570.548013267307	7242.659480167076	28550.351909231795	45940.03465465045	16410.77098187741	17131.122763954765	166182.05433119152	7469.684344299936	32281.656383414876	13667.493982835702	21055.480865434485	16871.20444957378	12786.692721081505	31205.526556641686	3924.176110263369	14323.605796157095	100043.064974826	12321.509507249193	57608.645828130444	27798.131129025875	7828.617899340272	7451.409760318964	25268.458921943453	29413.989768847077	44197.57446309809	53605.43694240796	61931.147303638754	19522.000649581743	13291.267682508897	50551.83526080145	8810.50282607714	11778.82798850429	15756.95203616124	5593.449351319002	28230.32625281702	13908.82564406464	15225.088455122195	15672.902294942403	12010.06876649016	11589.824468022402	35215.80003796778	55037.76241941302	113261.57873032596	18099.535515263986	97332.46866174691	114629.16517928836	32885.08592416072	14193.036190607398	89579.24320458756	17132.214696559735	22784.25939236766	61854.365562201536	12589.363423917493	13509.661425292641	14057.10299420786	19420.912914199904	18863.30202205269	7338.434806509229	12333.586869562541	12932.401226594051	9321.828988175064	55073.16115322097	65532.37930331641	13288.718707251952	15486.936894942068	11270.566621379192	1064011.4346818712	14982.644846861062	15274.351093152272	23953.78380131032	19647.584389445045	54253.60285126702	21988.940050164114	11797.86988040917	11857.674343696091	8959.731088649954	15470.37982627336	10100.213181677702	106787.90028246638	23641.09847241796
2026-06-15	15402.472799298632	37126.85053492327	22921.606115737155	24231.261153147512	23977.765721787826	199356.3059004544	8815.510328809276	16950.553216690263	175268.51563993198	12668.78685262138	32972.663721624485	39644.547161597744	99887.07352454367	104881.84602242286	9685.001825740022	13713.222437667317	43107.69324450654	16004.632480495911	15245.502424600676	46062.637373767924	32554.07474038555	20001.820197622597	13376.703981020872	3466.7129870125655	3082.0078273654617	18291.023855795043	31353.71326940014	41524.12408123277	5760.462981743438	23011.882317520714	9331.623302810502	110436.64440532785	19735.274006633656	7303.829740083538	28767.675954615897	47655.01732732523	16705.385490938705	17266.561381977383	172441.02716559576	7499.842172149968	32845.828191707435	13641.246991417851	21772.74043271724	17558.10222478689	12765.846360540752	31509.263278320843	3963.5880551316845	14266.802898078548	100029.032487413	12467.254753624597	57611.822914065226	27974.565564512937	7833.808949670136	7440.704880159482	25432.72946097173	29803.49488442354	45816.287231549046	54302.21847120398	64037.07365181937	19926.00032479087	13570.633841254448	52175.91763040073	8847.75141303857	11965.913994252145	15843.476018080619	5504.224675659501	28630.163126408508	14014.41282203232	15502.544227561099	15736.451147471202	12174.03438324508	11779.9122340112	35790.40001898389	56951.38120970651	113715.78936516299	18248.76775763199	97585.73433087346	114767.08258964418	33874.04296208036	14266.018095303698	92105.62160229377	17313.107348279867	23175.62969618383	64327.18278110077	12712.681711958747	13613.33071264632	14074.05149710393	19568.45645709995	18959.651011026344	7369.7174032546145	12505.29343478127	12871.200613297025	9346.914494087532	55076.58057661049	65281.189651658206	13239.359353625976	15555.468447471034	11304.783310689596	1064117.2173409355	15061.32242343053	15440.175546576136	24299.89190065516	19641.792194722522	54272.30142563351	22016.970025082057	11777.934940204585	11847.337171848045	8963.365544324977	15481.68991313668	10108.606590838852	106796.45014123319	24420.54923620898
2026-06-16	15828.236399649315	37776.42526746164	22745.80305786858	24623.630576573756	24176.382860893915	201723.6529502272	9320.255164404638	17395.27660834513	180913.757819966	12633.89342631069	33526.33186081224	39937.27358079887	103663.53676227183	105120.92301121143	9682.500912870011	13691.11121883366	43383.84662225327	16054.816240247956	15422.751212300338	46318.81868688396	32669.537370192775	19660.9100988113	13868.351990510437	3455.8564935062827	3131.003913682731	18215.51192789752	31324.35663470007	41647.06204061638	5857.731490871719	22518.441158760357	9324.81165140525	110583.32220266393	19855.137003316828	7307.414870041769	29138.83797730795	49032.508663662615	16797.69274546935	17386.280690988693	177498.0135827979	7497.4210860749845	33280.41409585372	13618.123495708925	22028.87021635862	17781.551112393445	12747.923180270376	31574.13163916042	4011.794027565842	14240.901449039273	99857.5162437065	12402.1273768123	57615.91145703261	28129.78278225647	7783.904474835068	7370.352440079741	25566.864730485864	30157.74744221177	47608.14361577452	54572.109235601994	65275.03682590969	20133.000162395438	13762.816920627225	52312.95881520036	8948.875706519284	12081.956997126072	15809.23800904031	5427.112337829751	28807.581563204254	14132.20641101616	15761.27211378055	15738.2255737356	12420.51719162254	11947.4561170056	36190.20000949195	58475.690604853255	113937.8946825815	18385.383878815996	97608.86716543674	114866.04129482209	34771.02148104018	14231.009047651849	93748.31080114689	17436.053674139934	23485.814848091915	68226.09139055038	12709.340855979373	13550.66535632316	13960.525748551965	19637.228228549975	19105.325505513174	7367.858701627307	12581.146717390635	12862.600306648514	9349.957247043767	55080.790288305245	65180.5948258291	13214.679676812988	15523.234223735517	11287.891655344798	1064212.1086704677	15113.161211715265	15431.087773288069	24667.94595032758	19566.896097361263	54149.65071281676	22063.48501254103	11760.467470102292	11832.168585924022	8958.182772162489	15543.34495656834	10083.803295419426	106805.7250706166	25054.27461810449
2026-06-17	15720.618199824657	37509.712633730815	22566.40152893429	24490.315288286878	24293.191430446957	201801.3264751136	9335.12758220232	17597.638304172564	186145.378909983	12636.446713155345	33323.16593040612	40851.13679039944	105076.76838113592	105350.46150560572	9656.250456435006	13697.55560941683	43516.92331112664	16127.408120123979	15601.37560615017	46579.40934344198	32622.268685096387	19460.45504940565	14141.675995255218	3475.428246753141	3130.5019568413654	18380.25596394876	31207.178317350037	41686.03102030819	5883.86574543586	21731.720579380177	9316.405825702626	110734.16110133196	19815.068501658414	7326.707435020884	29284.418988653975	50168.75433183131	16771.346372734675	17478.640345494347	181629.00679139895	7516.210543037492	33300.20704792686	13621.561747854463	22139.43510817931	17815.77555619672	12758.961590135188	31526.56581958021	4062.897013782921	14225.450724519636	99872.75812185326	12397.06368840615	57620.4557285163	28162.891391128236	7726.452237417534	7315.176220039871	25599.43236524293	30170.373721105883	47881.57180788726	54829.554617801	65040.01841295484	20069.00008119772	13863.908460313613	52716.479407600185	8961.937853259642	11993.478498563036	15769.619004520155	5423.556168914875	28976.290781602125	14063.60320550808	16153.136056890275	15661.612786867801	12379.25859581127	11968.7280585028	36260.100004745975	58857.84530242663	114148.94734129074	18419.191939407996	97674.43358271837	114908.02064741105	35245.51074052009	14186.004523825924	95240.65540057345	17465.026837069967	23501.40742404596	70030.54569527518	12685.670427989688	13529.33267816158	13946.262874275983	19778.614114274988	19185.662752756587	7391.929350813653	12654.073358695317	12848.800153324257	9353.478623521883	55085.39514415262	65165.29741291455	13207.339838406493	15472.11711186776	11259.9458276724	1064302.0543352338	15139.080605857633	15491.043886644035	24547.47297516379	19566.94804868063	54252.32535640838	22026.742506270515	11756.733735051146	11824.584292962012	8955.591386081243	15564.67247828417	10105.401647709714	106812.86253530829	25644.137309052247
2026-06-18	15595.309099912329	36677.85631686541	22252.200764467147	24143.657644143437	24291.595715223477	202334.16323755682	9195.06379110116	17438.319152086282	193100.6894549915	12475.223356577673	32701.58296520306	40813.06839519972	105650.88419056796	105330.23075280286	9488.125228217503	13586.777804708414	44565.96165556332	16163.70406006199	15703.187803075085	47064.70467172099	33058.63434254819	19315.227524702823	13993.337997627608	3432.7141233765706	3102.7509784206827	18165.12798197438	31353.58915867502	41867.515510154095	5834.43287271793	21098.36028969009	9180.202912851313	110729.58055066598	19662.53425082921	7289.853717510442	29494.709494326988	51569.377165915655	16755.673186367338	17698.320172747175	186519.5033956995	7543.105271518746	33227.60352396343	13663.280873927231	21702.217554089657	17435.38777809836	12799.480795067593	31385.782909790105	4078.4485068914605	14280.225362259818	100626.87906092663	12283.031844203075	57630.22786425815	28211.445695564118	7685.726118708767	7370.088110019935	25645.216182621465	30251.68686055294	46935.78590394363	54845.7773089005	65719.00920647742	19969.50004059886	13876.954230156807	53598.23970380009	8993.468926629821	11966.239249281518	15717.809502260077	5424.278084457437	28990.645390801063	14056.80160275404	16891.568028445137	15645.8063934339	12296.129297905634	11989.3640292514	36455.050002372984	59696.42265121332	114091.97367064537	18408.595969703998	97657.71679135918	114866.51032370553	35720.75537026004	14133.502261912963	97576.82770028673	17414.51341853498	23456.70371202298	69445.27284763759	12577.335213994844	13463.66633908079	13911.631437137992	20009.307057137492	19078.831376378293	7430.964675406827	12780.036679347659	12898.400076662128	9348.239311760943	55090.197572076315	65425.14870645727	13261.169919203247	15414.05855593388	11236.9729138362	1064472.5271676169	15139.540302928817	15563.521943322017	24634.236487581897	19441.974024340314	54755.162678204186	21998.371253135258	11791.866867525572	11875.792146481006	9031.795693040622	15582.336239142085	10210.200823854857	106828.93126765414	26356.068654526123
2026-06-19	15340.654549956165	36197.428158432704	22139.600382233573	23769.32882207172	23845.79785761174	203185.0816187784	8987.531895550579	17272.15957604314	199030.34472749574	12322.111678288837	32203.29148260153	40131.53419759986	105087.94209528397	105160.11537640143	9331.562614108752	13491.888902354207	45025.48082778166	16109.352030030994	15894.093901537542	47167.352335860494	33109.317171274095	19197.61376235141	13739.168998813804	3393.8570616882853	3038.8754892103416	17750.06399098719	31519.29457933751	41885.75775507705	5782.216436358965	21159.180144845042	9065.101456425657	110554.79027533298	19458.767125414604	7220.9268587552215	29567.354747163496	52312.188582957824	16762.836593183667	17758.660086373588	189379.75169784974	7541.5526357593735	33286.30176198171	13686.640436963615	21368.60877704483	17185.19388904918	12817.240397533797	31245.391454895052	4025.72425344573	14307.61268112991	100764.9395304633	12132.515922101538	57640.113932129076	28248.22284778206	7670.363059354384	7430.044055009967	25663.608091310733	30379.343430276473	45630.392951971815	54474.888654450246	66832.50460323872	20087.25002029943	13750.977115078404	53674.119851900046	9021.734463314911	12126.61962464076	15620.404751130038	5409.639042228719	28550.32269540053	14165.90080137702	17190.78401422257	15535.40319671695	12739.064648952817	12014.6820146257	36777.52500118649	60828.21132560666	113860.98683532269	18420.797984851997	97590.85839567959	114783.25516185277	35938.87768513002	14048.251130956482	99802.91385014336	17376.75670926749	23499.35185601149	68072.6364238188	12458.667606997422	13346.333169540394	13787.315718568996	19917.653528568746	19057.415688189147	7432.982337703414	12815.518339673828	12942.700038331064	9355.119655880471	55097.59878603816	65595.07435322864	13295.584959601623	15335.52927796694	11140.4864569181	1064600.2635838084	15102.270151464409	15589.76097166101	24817.61824379095	19324.487012170157	54912.08133910209	22001.68562656763	11806.933433762786	11901.396073240503	9072.39784652031	15593.668119571043	10240.10041192743	106844.46563382707	26802.534327263063
2026-06-22	15014.327274978083	35074.714079216355	22120.30019111679	23094.16441103586	23765.39892880587	204986.0408093892	8948.76594777529	16859.07978802157	205046.17236374787	12106.055839144417	31281.645741300767	39538.26709879993	104788.97104764199	104975.05768820072	9108.281307054376	13372.944451177103	45377.74041389083	16089.676015015497	16012.04695076877	47426.17616793024	33194.65858563705	19131.306881175704	13452.084499406901	3349.4285308441426	2959.437744605171	17745.031995493595	31789.647289668756	41962.378877538526	5731.108218179483	21032.09007242252	8865.550728212827	110387.39513766649	19336.883562707302	7229.963429377611	29486.177373581748	52913.59429147891	16806.418296591833	18051.830043186794	191544.87584892486	7543.276317879687	33438.150880990856	13738.320218481807	20936.804388522414	16880.09694452459	12868.620198766897	31307.695727447528	3972.362126722865	14381.306340564955	101157.46976523165	12073.75796105077	57645.05696606454	28374.11142389103	7672.181529677192	7465.022027504983	25786.804045655364	30647.671715138236	44255.19647598591	53996.44432722512	68118.75230161936	20223.625010149713	13792.988557539202	54672.05992595002	9190.867231657456	12189.80981232038	15630.702375565019	5392.319521114359	28532.661347700265	14255.45040068851	17535.392007111284	15542.701598358475	12775.532324476408	12222.34100731285	37023.76250059325	61716.605662803326	113605.49341766135	18441.398992426	97579.9291978398	114684.12758092638	36107.93884256501	14059.62556547824	102325.95692507169	17380.378354633744	23600.175928005745	66798.8182119094	12424.33380349871	13335.166584770197	13757.157859284498	19923.82676428437	19134.207844094573	7441.491168851707	12913.259169836914	12999.350019165533	9344.059827940237	55103.79939301908	65892.53717661432	13357.792479800812	15345.76463898347	11152.74322845905	1064706.631791904	15108.635075732203	15607.880485830505	25136.809121895472	19318.243506085077	55167.04066955105	22118.342813283816	11843.466716881394	11944.698036620252	9109.698923260155	15686.83405978552	10292.550205963715	106854.73281691354	27085.26716363153
2026-06-23	14680.66363748904	32872.85703960818	21843.650095558394	22010.08220551793	23497.699464402933	203742.0204046946	8414.382973887645	16089.539894010784	197398.08618187392	11850.527919572209	29585.822870650383	38299.133549399965	99756.985523821	105002.52884410036	8654.140653527189	13471.472225588552	45981.370206945416	15974.838007507748	15701.023475384385	47543.08808396512	33229.829292818526	19173.153440587852	12986.04224970345	3287.2142654220715	2852.2188723025856	17007.5159977468	32244.823644834378	41803.68943876926	5663.054109089741	20651.04503621126	8688.775364106414	110318.69756883325	19233.44178135365	7234.481714688805	29750.588686790874	50519.29714573946	16800.709148295915	17927.9150215934	182937.43792446243	7539.138158939843	33129.07544049543	13776.660109240904	19763.40219426121	15990.048472262295	12904.310099383449	31089.347863723764	3919.6810633614323	14423.153170282478	101376.23488261583	12066.378980525384	57647.52848303227	28275.055711945515	7536.090764838596	7497.511013752492	25696.902022827682	30465.335857569116	41760.098237992956	53615.22216361256	67780.37615080968	20051.812505074857	13613.994278769602	51966.02996297501	9127.933615828728	12377.90490616019	15628.35118778251	5448.65976055718	28123.830673850134	14132.725200344255	17505.19600355564	15316.350799179238	12798.766162238204	12001.170503656425	36751.881250296625	60765.80283140166	113610.24670883067	18387.199496212997	97541.9645989199	114694.56379046319	34881.469421282505	14060.31278273912	100834.97846253584	17262.68917731687	23391.087964002872	64051.9091059547	12384.666901749355	13254.583292385098	13747.078929642248	19869.913382142186	18950.60392204729	7436.245584425853	12919.629584918457	13042.675009582767	9333.529913970118	55106.89969650954	66093.76858830717	13411.396239900405	15340.882319491735	11173.371614229525	1064799.315895952	15071.817537866102	15589.440242915252	25003.904560947736	18991.12175304254	55279.52033477552	21856.671406641908	11869.233358440697	11981.349018310126	9113.849461630078	15489.41702989276	10316.275102981857	106857.36640845677	25843.133581815768
2026-06-24	14511.33181874452	31771.92851980409	21774.825047779195	21438.541102758965	23266.349732201466	202570.5102023473	8262.191486943822	15692.269947005392	194832.04309093696	11877.763959786105	28880.411435325193	38952.06677469998	97808.4927619105	105031.26442205018	8397.070326763594	13639.236112794275	47128.18510347271	15977.419003753874	15655.511737692192	47581.54404198256	33882.41464640926	19306.576720293924	12835.521124851726	3303.607132711036	2801.109436151293	16801.2579988734	32407.41182241719	41809.34471938463	5601.527054544871	20415.52251810563	8645.387682053206	110241.84878441662	19016.720890676825	7268.740857344403	29640.294343395435	50282.14857286973	16847.854574147957	17930.4575107967	181886.2189622312	7532.069079469922	32857.03772024771	13808.330054620452	19494.201097130604	15730.024236131147	12932.155049691724	31192.173931861882	3907.340531680716	14461.57658514124	101505.11744130791	12219.189490262692	57653.76424151614	28225.52785597276	7545.545382419298	7671.255506876246	25654.45101141384	30287.167928784558	40312.54911899648	53368.61108180628	67119.18807540485	19863.40625253743	13546.9971393848	51383.014981487504	9126.466807914363	12257.952453080095	15671.675593891254	5484.32988027859	27941.915336925067	13993.862600172128	17940.09800177782	15588.175399589618	12575.883081119102	11933.085251828212	36620.940625148316	60305.401415700835	113530.12335441534	18315.5997481065	97552.98229945995	114707.2818952316	34447.73471064125	14095.65639136956	99492.98923126791	17203.844588658438	23206.543982001436	63098.454552977346	12396.833450874678	13395.791646192549	13961.539464821124	20049.956691071093	18873.801961023644	7431.1227922129265	12942.814792459229	13066.837504791383	9343.264956985058	55110.94984825477	66261.88429415358	13443.198119950202	15373.441159745867	11224.685807114762	1064887.6579479761	15045.908768933052	15766.720121457627	24792.952280473866	19091.560876521267	55335.760167387765	21790.835703320954	11877.116679220348	12002.174509155062	9130.424730815039	15425.20851494638	10325.637551490929	106866.18320422838	25679.066790907884
2026-06-25	14360.66590937226	31092.464259902044	21549.912523889598	21564.270551379483	22863.174866100733	203003.25510117365	8258.595743471911	15456.134973502696	198557.52154546848	11943.381979893053	28540.205717662597	39091.03338734999	98031.74638095524	105200.63221102509	8221.035163381797	13715.618056397137	48564.09255173635	15938.709501876936	15690.255868846096	47953.27202099128	34696.20732320463	19195.788360146962	12605.260562425863	3334.303566355518	2795.5547180756466	16490.6289994367	32568.705911208595	41961.17235969231	5618.263527272436	19875.261259052815	8613.693841026603	110298.42439220831	18848.36044533841	7325.370428672201	29597.647171697718	51496.074286434865	16936.42728707398	18055.728755398348	186290.6094811156	7573.534539734961	32878.518860123855	13864.165027310226	19004.6005485653	15275.012118065573	12981.077524845863	31547.58696593094	3918.1702658403583	14485.78829257062	102114.55872065396	12308.094745131346	57664.38212075807	28275.26392798638	7467.77269120965	7755.627753438122	25700.22550570692	30352.58396439228	39726.27455949824	53360.30554090314	67557.59403770242	19741.703126268716	13428.498569692401	52726.50749074375	9145.733403957182	12120.976226540048	15723.337796945627	5482.164940139295	27525.957668462535	13906.931300086064	18490.04900088891	15799.087699794809	12526.94154055955	11849.042625914106	36662.97031257416	60727.70070785042	113595.06167720768	18299.79987405325	97739.99114972998	114781.1409476158	35083.867355320624	14143.32819568478	101549.49461563396	17208.92229432922	23216.771991000718	61699.22727648867	12415.416725437339	13580.895823096274	14140.769732410561	20194.478345535546	19039.900980511822	7465.061396106463	13036.407396229613	13078.918752395692	9343.13247849253	55120.47492412738	66348.4421470768	13461.599059975102	15427.220579872934	11259.84290355738	1065055.828973988	15022.954384466526	16046.860060728814	24931.976140236933	19089.780438260634	55708.38008369388	21730.417851660477	11903.058339610174	12017.587254577531	9179.712365407519	15400.604257473191	10398.818775745465	106883.09160211419	26346.033395453942
2026-06-26	14060.83295468613	30260.232129951022	21173.456261944797	20811.63527568974	22764.087433050365	200221.62755058683	8051.797871735956	14777.567486751348	194128.76077273424	11801.690989946526	27882.6028588313	38165.516693674996	95415.87319047762	105360.31610551255	8028.017581690899	13806.309028198568	48587.046275868175	15889.354750938468	15415.127934423048	48291.63601049564	34708.10366160232	19272.894180073483	12132.630281212932	3327.151783177759	2745.2773590378233	16035.31449971835	32484.3529556043	41664.086179846156	5501.631763636218	19772.630629526408	8488.3469205133	110304.21219610416	18731.680222669205	7380.685214336101	29311.32358584886	50600.53714321743	16975.71364353699	17825.364377699174	183290.3047405578	7599.2672698674805	32519.259430061928	13874.582513655114	18207.30027428265	14632.506059032787	12985.538762422932	31525.79348296547	3902.085132920179	14455.39414628531	102320.27936032698	12293.047372565674	57669.69106037903	28048.13196399319	7294.386345604825	7727.813876719061	25487.11275285346	29938.79198219614	37945.63727974912	53221.65277045157	66373.29701885121	19505.851563134358	13101.7492848462	52178.253745371876	9152.86670197859	11828.988113270025	15754.168898472813	5546.082470069648	27322.978834231268	13615.965650043032	18580.024500444455	15739.543849897404	12282.470770279775	11507.021312957053	36388.985156287075	59198.85035392521	113632.53083860384	18110.399937026625	97922.495574865	114869.0704738079	34493.433677660316	14184.16409784239	99687.74730781699	17101.96114716461	22949.885995500357	59104.61363824434	12474.70836271867	13481.947911548137	14207.88486620528	20067.239172767775	18825.950490255913	7489.530698053231	12988.703698114807	13055.459376197847	9348.066239246265	55127.73746206369	66246.7210735384	13435.799529987551	15466.610289936467	11297.42145177869	1065181.914486994	14978.977192233262	16059.930030364407	24659.488070118467	18884.390219130317	55808.690041846945	21302.708925830237	11911.529169805086	11998.793627288765	9206.85618270376	15088.302128736595	10416.409387872733	106894.0458010571	25907.01669772697
2026-06-29	14240.416477343064	30537.61606497551	21271.7281309724	21188.81763784487	22817.043716525182	200490.8137752934	8143.398935867977	14954.283743375674	190668.38038636712	12085.345494973262	28093.80142941565	39720.258346837494	95255.4365952388	105352.65805275628	8199.00879084545	13937.654514099284	50211.023137934084	15889.677375469233	15355.063967211525	48515.81800524782	35744.05183080116	19326.44709003674	12371.315140606466	3466.0758915888796	2792.638679518912	16510.157249859174	32587.17647780215	41896.04308992308	5468.315881818109	19616.315314763204	8714.17346025665	110217.10609805209	18685.840111334604	7455.342607168051	29105.66179292443	50015.268571608714	17025.356821768495	17824.682188849587	180852.6523702789	7607.13363493374	32479.629715030962	13917.291256827557	19066.150137141325	15341.253029516392	13037.769381211467	31818.896741482735	3896.54256646009	14485.197073142655	102515.1396801635	12456.523686282837	57677.345530189516	28151.565981996595	7372.193172802412	7961.406938359531	25584.556376426728	29976.39599109807	39077.81863987456	52897.82638522578	65806.1485094256	19327.92578156718	13073.3746424231	51126.62687268594	9198.933350989295	11662.994056635012	15867.084449236407	5543.041235034823	27448.989417115634	13545.482825021516	19057.51225022223	16247.271924948702	11925.235385139888	11476.010656478527	36406.99257814354	58649.425176962606	113468.76541930193	18127.699968513312	97956.7477874325	114872.03523690395	34222.21683883016	14259.582048921195	98654.8736539085	17133.480573582303	22916.44299775018	59509.80681912217	12526.354181359335	13623.973955774069	14624.94243310264	20143.619586383888	18933.475245127956	7486.765349026616	13014.851849057402	13098.729688098923	9350.533119623133	55133.86873103185	66400.8605367692	13477.899764993776	15555.305144968233	11362.210725889345	1065286.457243497	14999.488596116631	16277.965015182202	24545.744035059233	18906.19510956516	56007.84502092347	21493.85446291512	11928.264584902543	12021.396813644384	9220.42809135188	15139.151064368298	10444.704693936366	106902.02290052855	25630.008348863485
2026-06-30	14384.208238671532	30455.308032487756	21258.8640654862	21401.908818922435	22703.52185826259	202622.9068876467	8151.699467933989	14951.141871687836	191769.69019318355	12052.172747486631	28106.900714707823	39700.12917341875	96517.7182976194	105546.32902637814	8224.504395422726	13994.327257049641	51400.51156896704	15902.338687734617	15417.531983605762	48665.409002623914	36392.025915400576	19293.223545018373	12293.157570303232	3505.53794579444	2773.819339759456	16680.078624929585	32626.088238901073	42156.521544961535	5369.157940909055	19525.657657381602	8764.586730128325	110256.05304902604	18712.920055667302	7485.171303584026	29272.830896462216	49832.63428580436	17052.678410884248	18002.841094424795	181138.82618513945	7621.06681746687	32727.31485751548	13961.145628413778	18895.575068570663	15198.126514758196	13083.884690605733	32010.448370741367	3886.771283230045	14522.598536571328	102902.06984008175	12483.76184314142	57681.17276509476	28360.782990998297	7468.596586401206	8070.703469179765	25779.778188213364	30286.697995549035	39578.90931993728	52838.91319261289	66486.5742547128	19383.96289078359	13101.68732121155	51088.31343634297	9344.466675494648	11614.997028317506	15881.042224618202	5509.020617517412	27426.994708557817	13615.241412510757	19798.756125111115	16868.63596247435	11824.117692569944	11495.505328239264	36670.99628907177	59489.7125884813	113441.88270965096	18272.849984256656	98030.87389371626	114926.01761845197	34246.608419415075	14289.791024460597	99320.93682695425	17211.24028679115	23099.22149887509	58459.903409561084	12517.677090679666	13667.986977887034	14843.47121655132	20198.809793191944	19164.73762256398	7502.882674513308	13030.425924528701	13129.864844049462	9351.766559811567	55136.934365515925	66562.9302683846	13506.449882496887	15592.652572484116	11380.105362944672	1065381.2286217485	15034.744298058315	16339.482507591101	24773.37201752962	19131.59755478258	56243.922510461736	21769.427231457557	11990.632292451271	12069.698406822192	9254.71404567594	15262.57553218415	10488.352346968182	106911.01145026428	25601.504174431742
2026-07-01	14453.604119335767	30406.654016243876	21361.432032743098	21736.954409461217	22516.760929131295	205051.95344382335	8205.849733966994	15324.070935843918	191308.84509659177	12090.586373743316	28228.45035735391	39850.06458670937	97383.8591488097	105185.66451318907	8252.252197711363	13910.66362852482	51825.255784483525	15993.669343867308	15413.76599180288	49062.70450131196	36663.51295770029	19246.611772509186	12556.578785151616	3627.76897289722	2781.909669879728	16812.539312464793	32835.54411945054	42346.76077248077	5339.578970454528	19460.3288286908	8872.293365064163	110040.52652451303	18643.96002783365	7483.085651792013	29688.915448231106	49213.817142902175	17068.839205442124	18064.420547212398	178679.41309256974	7568.033408733435	32988.65742875774	13973.07281420689	18617.78753428533	14906.563257379097	13091.942345302867	32098.724185370684	3886.3856416150225	14571.299268285664	102491.53492004087	12333.88092157071	57683.08638254738	28577.39149549915	7514.298293200603	8172.851734589883	25974.389094106682	30646.34899777452	41496.954659968644	52396.456596306445	67728.2871273564	19669.481445391793	13235.843660605775	49939.156718171485	9392.233337747324	11908.998514158753	15873.021112309101	5457.010308758706	27378.49735427891	13800.120706255379	19939.37806255556	17399.317981237175	12156.058846284972	11530.252664119631	36987.998144535886	60509.85629424065	112973.44135482548	18427.424992128326	97823.43694685813	114783.00880922598	34055.30420970754	14272.395512230298	100025.96841347712	17285.120143395576	23298.110749437546	59774.95170478054	12468.338545339833	13609.993488943517	14850.73560827566	20194.404896595974	19337.868811281987	7454.441337256654	13060.212962264352	13172.93242202473	9354.883279905784	55140.96718275796	66781.4651341923	13548.224941248443	15578.826286242058	11369.552681472336	1065468.6143108741	15042.372149029157	16228.74125379555	25087.18600876481	19164.29877739129	55979.46125523087	21987.21361572878	12004.316146225636	12098.849203411097	9232.35702283797	15409.287766092075	10441.676173484091	106920.50572513214	25283.25208721587
2026-07-02	14876.302059667883	30451.827008121938	21464.21601637155	21393.47720473061	22730.88046456565	204675.9767219117	8037.924866983497	15269.53546792196	180634.92254829587	12224.793186871659	28406.725178676956	39610.032293354685	95284.42957440484	105112.83225659453	8331.126098855682	13856.33181426241	51852.62789224176	15994.334671933655	15234.38299590144	49121.35225065598	36749.25647885015	19145.805886254595	12568.289392575807	3703.88448644861	2813.4548349398638	16286.269656232396	32957.77205972527	42439.38038624039	5377.289485227264	19157.6644143454	9060.146682532082	110105.26326225651	18604.480013916826	7519.042825896006	29966.957724115553	46901.90857145109	17061.919602721064	17901.7102736062	170392.20654628487	7531.516704366717	32876.82871437887	13966.536407103446	18243.893767142665	14553.281628689549	13090.971172651432	32387.36209268534	3879.1928208075115	14603.149634142832	102328.76746002043	12298.440460785354	57691.54319127369	28690.695747749574	7544.649146600302	8338.925867294942	26076.69454705334	30586.67449888726	40405.97732998432	52517.22829815322	66463.6435636782	19582.240722695897	13210.421830302887	46892.078359085746	9261.116668873663	11876.999257079377	15881.51055615455	5473.5051543793525	27684.248677139454	13810.06035312769	19387.18903127778	17914.658990618587	12104.529423142485	11475.126332059815	36758.99907226794	59172.42814712033	112884.22067741274	18390.212496064163	97665.21847342906	114841.50440461299	33033.65210485377	14263.697756115149	96490.48420673856	17322.060071697786	23220.055374718773	60732.47585239027	12461.169272669917	13610.996744471759	14919.36780413783	20493.702448297987	19473.934405640994	7417.720668628327	13067.606481132176	13189.466211012365	9361.441639952893	55147.98359137898	66928.23256709616	13566.612470624223	15599.41314312103	11371.776340736167	1065638.307155437	15088.686074514579	16138.370626897775	24906.593004382405	19415.149388695645	55799.730627615434	22098.606807864388	12016.158073112818	12125.424601705548	9209.678511418984	15575.143883046037	10405.838086742046	106937.75286256606	24185.626043607936
2026-07-03	15300.651029833942	30690.91350406097	21508.608008185773	22049.738602365305	23102.940232282825	202745.48836095585	7993.962433491748	15200.26773396098	180158.96127414794	12291.89659343583	28673.362589338478	39530.01614667734	94782.21478720242	105038.91612829726	8295.563049427841	13938.665907131206	52286.31394612088	16124.667335966828	15377.19149795072	48925.67612532799	37484.628239425074	19042.902943127297	12649.144696287904	3726.942243224305	2809.227417469932	15915.634828116199	32748.886029862635	42385.690193120194	5421.144742613632	19263.8322071727	9079.573341266041	110117.63163112826	18694.74000695841	7605.521412948003	29905.978862057775	47103.454285725544	17053.459801360532	17733.8551368031	170958.60327314242	7525.7583521833585	32773.41435718944	13860.768203551723	18121.946883571334	14474.140814344773	12980.485586325716	32638.68104634267	3897.0964104037557	14489.074817071416	101435.38373001022	12399.720230392677	57700.77159563685	28612.847873874787	7559.824573300151	8476.962933647472	25953.84727352667	30280.33724944363	39607.98866499216	52677.61414907661	64769.8217818391	19283.62036134795	13105.210915151443	46296.03917954287	9138.058334436832	11701.999628539688	15893.255278077275	5491.752577189676	28059.624338569727	13667.530176563845	18951.09451563889	18132.32949530929	11778.764711571243	11440.063166029908	36191.99953613397	57186.214073560164	112742.11033870638	18279.606248032083	97670.10923671453	114853.2522023065	33208.326052426884	14291.848878057575	95496.24210336928	17390.530035848893	23161.027687359387	62146.237926195136	12566.58463633496	13668.49837223588	15058.183902068915	20683.351224148995	19412.467202820495	7399.360334314164	13021.803240566089	13086.233105506182	9364.720819976446	55156.49179568949	66376.61628354808	13460.806235312111	15614.706571560515	11391.888170368084	1065763.1535777184	15099.34303725729	16210.185313448888	24591.796502191202	19438.574694347823	55227.86531380772	22271.803403932194	11924.07903655641	12050.712300852774	9129.839255709492	15595.07194152302	10300.419043371023	106951.37643128303	24213.813021803966
2026-07-06	15500.82551491697	31401.956752030484	21641.804004092886	22729.869301182654	23261.470116141412	201515.74418047792	8029.481216745874	15078.63386698049	175935.98063707398	12245.448296717914	29214.181294669237	38777.50807333867	93471.10739360121	104989.45806414864	8237.78152471392	13992.332953565603	52645.65697306044	16182.333667983414	15353.59574897536	48847.838062664	37719.81411971254	18988.951471563647	12674.572348143953	3725.9711216121523	2812.113708734966	15460.3174140581	32614.44301493132	42423.84509656009	5413.072371306816	19216.91610358635	9071.78667063302	110081.31581556413	18777.370003479205	7651.260706474001	29912.989431028887	47024.22714286277	17024.229900680264	17639.927568401552	170721.8016365712	7520.379176091679	32674.20717859472	13825.38410177586	17908.473441785667	14289.570407172387	12942.742793162859	32764.340523171333	3933.048205201878	14457.037408535707	101060.69186500511	12448.360115196338	57705.385797818424	28548.923936937394	7562.412286650076	8630.981466823736	25924.423636763335	30104.668624721817	38278.99433249608	52564.8070745383	63708.41089091955	19146.810180673972	12932.605457575723	45398.01958977144	8991.529167218416	11644.499814269844	15924.127639038637	5505.876288594838	28224.812169284865	13636.265088281922	18718.047257819446	18276.164747654646	11648.382355785621	11327.531583014954	35978.499768066984	56293.107036780086	112813.55516935319	18214.80312401604	97675.05461835727	114841.62610115325	33259.16302621344	14325.424439028788	94323.12105168463	17404.765017924445	23089.01384367969	63383.11896309757	12619.29231816748	13709.74918611794	15140.091951034457	20725.675612074498	19366.733601410248	7380.180167157082	13018.901620283044	13049.11655275309	9366.360409988223	55163.24589784475	66203.30814177403	13420.403117656057	15624.853285780257	11401.94408518404	1065865.5767888592	15097.171518628646	16154.092656724444	24444.3982510956	19470.28734717391	54976.43265690386	22323.401701966097	11882.539518278205	12017.856150426387	9102.419627854746	15573.03597076151	10247.709521685512	106963.18821564151	24168.406510901983
2026-07-07	15711.912757458485	31220.478376015242	21636.902002046445	22566.934650591327	23243.235058070706	200221.87209023896	7864.740608372937	14576.316933490245	167714.990318537	12397.224148358957	29022.09064733462	38868.754036669336	91238.0536968006	104899.72903207432	8246.390762356961	13976.6664767828	52155.32848653022	16181.166833991707	15219.29787448768	48863.919031332	37412.40705985627	19006.975735781823	12409.786174071976	3812.985560806076	2853.556854367483	15130.15870702905	32309.72150746566	42338.42254828005	5436.536185653408	19233.458051793175	9303.89333531651	109983.15790778206	18768.685001739603	7639.630353237	29833.994715514444	45847.113571431386	17034.614950340132	17443.963784200776	166348.4008182856	7495.18958804584	32564.60358929736	13785.19205088793	17581.736720892834	13942.285203586194	12903.87139658143	32672.670261585667	3980.524102600939	14423.518704267854	100531.34593250256	12370.680057598169	57710.19289890921	28501.9619684687	7541.206143325038	8580.490733411869	25897.711818381667	29924.83431236091	36976.99716624804	52320.40353726915	62655.705445459775	18930.905090336986	12753.802728787861	43386.509794885715	8818.264583609209	11590.749907134923	15904.563819519319	5527.938144297419	28092.406084642433	13658.13254414096	18559.023628909723	18530.582373827325	11628.191177892812	11156.265791507478	35746.74988403349	55274.05351839004	112849.2775846766	18159.90156200802	97598.52730917864	114833.31305057663	32601.08151310672	14317.712219514393	92543.56052584232	17429.382508962222	23008.506921839846	61509.059481548786	12631.146159083739	13606.37459305897	15031.545975517229	20804.33780603725	19328.866800705124	7355.590083578541	13037.450810141523	13018.058276376545	9359.68020499411	55171.62294892238	66064.15407088702	13382.701558828028	15614.926642890128	11355.97204259202	1065956.7883944297	15088.585759314323	16004.546328362223	24235.6991255478	19386.143673586957	54664.716328451934	22229.20085098305	11844.769759139102	11994.428075213193	9046.209813927373	15586.517985380755	10187.354760842756	106969.09410782075	23573.703255450993
2026-07-08	15619.456378729243	30943.23918800762	21923.451001023222	22021.967325295664	23241.617529035353	196671.43604511948	7504.870304186468	13804.158466745122	158036.9951592685	12353.112074179478	28733.54532366731	38036.877018334664	86821.5268484003	104769.86451603717	8175.695381178481	14013.8332383914	52425.16424326511	16145.583416995854	15144.648937243841	48031.959515666	37403.703529928134	19133.48786789091	11889.893087035987	3798.992780403038	2819.2784271837418	14485.079353514524	32177.360753732828	41810.21127414002	5468.268092826704	19731.729025896588	9290.946667658256	109874.07895389103	18766.842500869803	7656.3151766185	29051.997357757224	44058.55678571569	16937.307475170066	17179.98189210039	159696.7004091428	7450.09479402292	32324.80179464868	13632.596025443965	16948.368360446417	13406.142601793097	12746.935698290716	32345.33513079283	3974.7620513004695	14274.259352133926	99089.67296625128	12426.340028799084	57717.596449454606	28176.48098423435	7675.103071662519	8422.745366705934	25598.355909190832	29405.917156180454	35123.49858312402	52012.20176863458	60755.85272272989	18470.452545168493	12354.40136439393	40993.25489744286	8584.132291804604	11310.374953567461	15794.781909759658	5568.9690721487095	27776.203042321216	13431.56627207048	18514.51181445486	18352.791186913662	11198.595588946406	10800.632895753739	35185.874942016744	53204.526759195025	112722.1387923383	17908.95078100401	97397.26365458932	114861.65652528832	31571.04075655336	14216.856109757196	89507.28026292115	17411.691254481113	22835.75346091992	57792.02974077439	12696.57307954187	13502.187296529486	14962.272987758613	20664.168903018624	19095.433400352562	7318.295041789271	12859.725405070762	12889.029138188273	9361.340102497055	55180.81147446119	65397.07703544351	13241.350779414013	15520.463321445064	11298.98602129601	1066044.3941972149	15001.792879657161	15919.773164181111	23819.3495627739	19379.07183679348	53822.35816422597	22014.600425491524	11709.884879569552	11872.214037606596	8918.604906963687	15466.758992690378	10023.677380421377	106977.04705391038	22658.851627725497
2026-07-09	15449.228189364621	30193.11959400381	21933.22550051161	21416.98366264783	23165.80876451768	196334.21802255974	7272.435152093234	13291.579233372562	155434.99757963425	12156.05603708974	28029.272661833653	37285.93850916733	84758.26342420015	104707.43225801858	8017.84769058924	13942.916619195701	52807.58212163256	16105.291708497927	15067.32446862192	47565.979757833	37389.35176496407	19286.743933945458	11537.446543517994	3714.496390201519	2757.139213591871	14270.039676757262	31968.680376866414	41643.10563707001	5421.634046413352	20033.364512948294	9100.473333829128	109857.03947694552	18745.9212504349	7620.15758830925	28530.998678878612	43289.27839285784	16878.65373758503	17238.990946050195	157048.35020457138	7435.04739701146	32354.90089732434	13558.798012721982	16576.68418022321	13128.071300896549	12688.467849145358	32014.667565396416	3947.3810256502347	14229.629676066963	98301.83648312563	12354.670014399542	57728.7982247273	28091.240492117176	7732.05153583126	8401.372683352967	25523.177954595416	29353.458578090227	34446.74929156201	51877.60088431729	61186.926361364945	18260.226272584245	12152.200682196966	40581.627448721425	8467.066145902303	11103.18747678373	15722.89095487983	5556.984536074355	27588.101521160606	13288.28313603524	19109.75590722743	18243.89559345683	11040.797794473203	10580.31644787687	35092.93747100837	53389.76337959751	112711.06939616916	17830.475390502004	97237.63182729465	114900.82826264415	30997.52037827668	14158.928054878597	89993.14013146058	17412.845627240556	22879.37673045996	54996.0148703872	12677.286539770936	13442.593648264743	14863.136493879307	20447.084451509312	18853.71670017628	7299.647520894636	12718.862702535382	12849.514569094135	9359.670051248528	55192.9057372306	65198.538517721754	13208.175389707007	15448.231660722533	11265.493010648006	1066214.6970986074	14978.39643982858	15802.886582090556	23885.67478138695	19268.535918396738	53461.17908211298	21997.300212745762	11671.942439784776	11830.607018803297	8854.802453481843	15513.87949634519	9963.838690210689	106993.52352695519	22286.92581386275
2026-07-10	15814.61409468231	30392.559797001904	22044.112750255805	21781.491831323918	23170.40438225884	196485.10901127988	7356.217576046617	13424.789616686281	156892.99878981712	12165.02801854487	28169.636330916826	36980.469254583666	85589.13171210008	104766.21612900929	8076.42384529462	13899.95830959785	52898.79106081628	16117.645854248964	15143.66223431096	47197.9898789165	37274.675882482035	19215.87196697273	11603.723271758998	3702.2481951007594	2758.569606795935	14490.01983837863	31714.340188433205	41609.552818535005	5408.317023206676	19971.682256474145	9074.736666914563	109926.01973847277	18822.96062521745	7577.578794154625	28402.999339439306	43524.63919642892	16904.326868792516	17186.495473025097	157589.1751022857	7435.02369850573	32452.45044866217	13521.89900636099	16830.842090111604	13371.535650448273	12659.23392457268	32058.33378269821	3950.6905128251174	14187.314838033482	98033.91824156282	12313.83500719977	57736.89911236365	28053.62024605859	7798.025767915629	8533.186341676483	25493.08897729771	29379.729289045114	35018.374645781005	51944.800442158645	61542.46318068248	18340.113136292122	12031.100341098483	41255.81372436071	8438.533072951152	11031.593738391864	15656.945477439915	5530.992268037177	27641.550760580303	13279.14156801762	19219.877953613715	18396.947796728415	11104.398897236602	10365.158223938435	35156.46873550418	53794.881689798756	112823.03469808458	17841.237695251002	97248.81591364733	114957.91413132208	31311.26018913834	14097.464027439299	90169.07006573028	17448.42281362028	22970.68836522998	55153.0074351936	12662.643269885468	13298.796824132372	14776.068246939652	20403.042225754656	18880.35835008814	7300.323760447318	12672.93135126769	12794.757284547068	9366.335025624263	55201.4528686153	65014.26925886088	13174.087694853504	15384.615830361266	11219.246505324003	1066339.8485493036	14981.698219914291	15704.443291045278	23883.837390693476	19242.76795919837	53317.58954105649	21853.65010637288	11647.971219892388	11797.303509401649	8834.901226740922	15517.939748172594	9931.419345105343	107011.7617634776	22314.462906931374
2026-07-13	16039.307047341155	30076.77989850095	22010.556375127904	21512.74591566196	23000.20219112942	196148.55450563994	7128.108788023308	13168.89480834314	146256.99939490855	12102.014009272436	27837.31816545841	36307.73462729184	83419.56585605003	104668.10806450465	8000.71192264731	13890.979154798926	51869.39553040814	16038.822927124482	14971.83111715548	47128.99493945825	36587.337941241014	19440.435983486364	11471.861635879499	3741.1240975503797	2734.2848033979676	14295.009919189315	31354.670094216603	41552.776409267506	5376.658511603338	20290.841128237073	9119.368333457282	109875.50986923638	18823.980312608724	7561.289397077313	28351.499669719655	41409.81959821446	16839.663434396258	16922.24773651255	149949.58755114285	7420.011849252865	32406.225224331087	13490.949503180495	16882.921045055802	13403.267825224137	12627.11696228634	32187.666891349105	3930.3452564125587	14193.657419016741	97692.45912078141	12290.917503599885	57743.449556181826	28109.810123029296	7731.012883957815	8526.593170838241	25517.544488648855	29330.364644522557	34886.6873228905	52029.900221079326	61138.23159034124	18125.05656814606	11848.050170549242	38915.40686218036	8214.266536475576	10963.796869195932	15663.972738719956	5537.996134018589	27248.27538029015	13174.57078400881	18609.938976806858	18060.97389836421	10988.699448618301	10125.079111969219	35155.73436775209	53237.44084489938	112724.01734904229	17796.6188476255	97059.90795682366	114886.45706566103	30277.63009456917	14104.23201371965	87529.03503286514	17473.71140681014	22946.84418261499	54294.0037175968	12662.321634942735	13278.898412066186	14665.034123469826	20396.02111287733	18878.679175044068	7278.161880223659	12617.965675633845	12792.378642273534	9354.667512812131	55208.22643430765	64957.13462943044	13159.543847426752	15387.807915180634	11208.623252662	1066441.9242746518	14955.849109957146	15707.221645522639	23817.918695346736	19229.883979599184	53158.79477052824	21726.82505318644	11628.485609946194	11780.651754700824	8802.95061337046	15556.969874086297	9900.709672552672	107018.38088173879	21301.231453465687
2026-07-14	16107.153523670579	29334.889949250475	22058.278187563952	20902.37295783098	22827.60109556471	195199.27725281997	6946.554394011654	12907.44740417157	142162.49969745427	11926.007004636218	27193.659082729206	35263.86731364592	81179.78292802502	104301.55403225232	7860.355961323655	13928.489577399463	50699.697765204066	16006.91146356224	14918.41555857774	46849.497469729125	36023.66897062051	19600.217991743182	11260.930817939749	3688.06204877519	2687.142401698984	13977.504959594658	30984.835047108303	41379.88820463375	5393.329255801669	21217.920564118536	9007.18416672864	109655.25493461819	18999.49015630436	7570.1446985386565	27993.249834859827	40544.909799107234	16799.83171719813	16901.623868256276	146897.29377557142	7395.005924626433	32413.112612165543	13405.474751590247	16648.9605225279	13206.63391261207	12556.058481143169	32040.33344567455	3920.172628206279	14126.82870950837	96834.2295603907	12336.958751799943	57746.72477809091	27975.405061514648	7702.506441978907	8543.29658541912	25410.772244324427	29196.18232226128	34203.34366144525	51717.95011053966	60766.11579517062	17812.52828407303	11714.025085274621	38280.20343109018	8047.133268237788	10775.398434597966	15639.986369359978	5536.498067009295	27006.637690145075	13042.285392004405	18244.96948840343	17995.486949182105	10768.849724309151	10067.53955598461	34930.36718387605	52711.22042244969	112384.50867452114	17702.309423812752	96838.95397841182	114738.22853283052	29630.315047284585	14080.116006859826	86835.51751643256	17468.85570340507	22924.922091307497	52549.5018587984	12697.160817471367	13286.449206033092	14592.017061734914	20437.510556438665	18740.339587522034	7257.5809401118295	12512.982837816922	12748.689321136768	9346.333756406066	55216.61321715383	64711.06731471522	13112.271923713375	15361.903957590317	11193.311626331	1066531.962137326	14900.424554978574	15718.610822761319	23457.959347673368	19250.94198979959	52791.39738526412	21690.91252659322	11569.742804973097	11722.825877350413	8742.97530668523	15514.984937043148	9835.854836276336	107029.1904408694	20857.615726732845
2026-07-15	16213.07676183529	29505.944974625236	22143.639093781974	21348.18647891549	22748.800547782354	195708.13862641	6975.7771970058275	12967.723702085785	147480.24984872714	11932.503502318108	27309.329541364605	35459.43365682296	82647.3914640125	104175.77701612616	7890.177980661827	13930.244788699732	50252.34888260203	16085.95573178112	15066.70777928887	46637.248734864566	35701.83448531025	19617.60899587159	11372.965408969874	3679.0310243875947	2628.571200849492	14291.25247979733	30774.91752355415	41350.94410231688	5416.664627900835	21551.46028205927	8988.592083364321	109667.6274673091	19154.74507815218	7542.572349269329	27794.124917429916	41364.95489955362	16809.915858599066	16913.811934128138	149848.6468877857	7377.502962313216	32654.05630608277	13340.237375795125	17019.48026126395	13515.816956306035	12500.529240571585	31931.666722837275	3915.0863141031396	14065.914354754186	96216.61478019535	12357.479375899971	57758.362389045455	27915.702530757324	7713.253220989453	8684.14829270956	25362.386122162214	29266.09116113064	34941.671830722626	51649.97505526983	61449.05789758531	17768.764142036514	11707.01254263731	39982.60171554509	7928.5666341188935	10785.699217298983	15511.493184679988	5503.249033504648	26780.818845072536	13031.142696002204	17804.984744201713	18525.24347459105	10811.424862154576	10051.269777992304	34930.183591938025	53195.61021122485	112322.25433726057	17737.154711906376	96797.47698920591	114754.11426641526	30145.157523642294	13964.058003429913	88235.75875821628	17513.927851702534	23078.46104565375	53162.250929399204	12642.580408735685	13165.724603016546	14379.008530867457	20413.25527821933	18661.169793761015	7244.790470055915	12442.991418908461	12697.344660568384	9342.166878203032	55225.80660857691	64413.033657357606	13056.135961856688	15234.951978795158	11095.6558131655	1066748.4810686628	14880.212277489287	15692.30541138066	23602.479673836686	19223.970994899795	52470.69869263206	21722.95626329661	11508.371402486548	11674.412938675207	8690.987653342614	15567.492468521574	9773.427418138168	107052.0952204347	21248.307863366423
2026-07-16	16273.038380917646	29551.472487312618	22341.819546890987	21234.093239457747	22714.400273891177	194519.569313205	6845.388598502914	12933.361851042893	142661.62492436357	11990.751751159054	27339.664770682302	35399.71682841148	82311.19573200625	104255.38850806307	7900.0889903309135	13926.122394349866	49968.67444130102	16150.47786589056	15030.853889644435	46243.62436743228	35543.41724265512	19448.804497935795	11366.482704484937	3709.5155121937973	2591.785600424746	14068.126239898666	30317.458761777074	41216.97205115844	5418.332313950417	21793.230141029635	9031.29604168216	109766.31373365455	19202.37253907609	7533.786174634664	27629.562458714958	40394.97744977681	16854.957929299533	16703.90596706407	146294.32344389285	7381.251481156608	32579.528153041385	13305.118687897562	16932.240130631973	13482.908478153018	12472.764620285792	31829.833361418638	3927.04315705157	14010.457177377093	95925.30739009767	12360.239687949987	57769.181194522724	27853.85126537866	7783.626610494726	8744.57414635478	25313.193061081107	29086.54558056532	34478.33591536131	51708.98752763492	60494.52894879266	17621.882071018255	11606.006271318656	38633.80085777254	7789.283317059447	10774.349608649492	15454.746592339994	5519.124516752324	26615.409422536268	13040.571348001102	17152.492372100856	18477.621737295525	10737.712431077289	10023.134888996152	34650.09179596901	51825.305105612424	112473.62716863028	17690.077355953188	96873.23849460296	114812.05713320762	29870.578761821147	13918.529001714956	86352.87937910814	17543.96392585127	23022.730522826874	53701.1254646996	12645.290204367842	13105.362301508274	14242.504265433729	20451.127639109665	18679.084896880508	7245.395235027958	12378.49570945423	12652.172330284193	9357.583439101516	55237.903304288455	64171.5168286788	13005.567980928343	15176.475989397579	11041.82790658275	1066896.2405343314	14857.606138744643	15567.152705690329	23522.739836918343	19257.985497449896	52275.34934631603	21826.478131648306	11470.185701243274	11640.706469337603	8664.993826671307	15633.246234260787	9729.713709069085	107068.54761021736	20785.653931683213
2026-07-20	15972.019190458823	28873.73624365631	22381.90977344549	20624.046619728873	22629.70013694559	190804.78465660248	6577.694299251457	12509.180925521447	137243.81246218178	11880.375875579528	26732.33238534115	34794.85841420574	79685.59786600313	104130.19425403154	7757.544495165457	14115.061197174933	49496.83722065051	16040.23893294528	14762.926944822219	46019.312183716145	35374.20862132756	19779.402248967897	11088.241352242469	3644.7577560968984	2530.892800212373	13484.063119949333	29951.229380888537	40880.986025579215	5559.166156975209	22571.615070514817	8933.14802084108	109635.65686682728	19178.686269538044	7553.893087317332	27012.28122935748	39019.988724888404	16799.978964649767	16308.952983532035	141199.66172194644	7383.1257405783035	32039.764076520692	13272.559343948782	16421.120065315987	13098.95423907651	12441.382310142897	31759.41668070932	3923.521578525785	13982.728588688547	95757.15369504884	12495.119843974993	57777.09059726136	27575.92563268933	7706.813305247363	8574.787073177391	25059.596530540555	28528.27279028266	33656.66795768066	51349.99376381746	58241.76447439633	17073.441035509128	11273.003135659328	36959.40042888627	7594.641658529723	10482.174804324746	15542.873296169997	5609.5622583761615	26452.704711268132	12820.285674000552	16026.246186050428	18351.310868647764	10490.856215538644	9791.567444498076	34062.545897984506	49532.65255280621	112346.81358431514	17483.038677976594	96869.61924730148	114766.02856660381	28998.789380910574	14009.764500857478	83397.43968955407	17416.481962925634	22650.365261413437	52350.562732349805	12748.14510218392	13192.181150754137	14311.252132716865	20395.06381955483	18531.042448440254	7245.697617513979	12343.747854727115	12605.086165142096	9355.291719550758	55246.45165214423	63985.758414339405	12965.283990464171	15256.23799469879	11122.413953291376	1067010.1202671658	14796.303069372321	15487.076352845164	23105.36991845917	19057.992748724948	52138.17467315801	21688.239065824153	11443.592850621637	11596.8532346688	8636.996913335654	15437.623117130393	9705.356854534542	107081.77380510868	20104.326965841607
2026-07-21	15853.50959522941	28735.868121828156	22485.954886722746	20396.02330986444	22764.850068472795	189721.39232830124	6603.847149625728	12436.090462760723	138564.4062310909	11865.187937789764	26523.666192670575	34232.42920710287	78930.29893300156	104062.59712701576	7783.772247582729	14187.030598587466	48790.91861032526	16007.619466472639	14816.46347241111	45779.65609185807	35127.10431066378	19819.70112448395	10974.120676121234	3647.378878048449	2497.9464001061865	13192.031559974666	29608.11469044427	40717.99301278961	5624.583078487604	22685.80753525741	8926.57401042054	109537.82843341364	19169.34313476902	7598.446543658666	26651.14061467874	39012.4943624442	16789.989482324883	16433.976491766018	141507.33086097322	7371.562870289152	31957.382038260344	13226.279671974391	16230.560032657993	12944.477119538255	12398.191155071449	31644.20834035466	3921.7607892628926	13926.364294344274	95373.57684752441	12575.059921987497	57781.04529863068	27439.462816344665	7732.906652623682	8557.393536588695	24937.798265270278	28368.63639514133	33478.333978840325	50986.99688190873	57861.882237198166	16899.220517754562	11161.501567829664	37009.70021444313	7589.8208292648615	10321.087402162373	15537.936648084999	5617.281129188081	26543.852355634066	12730.142837000276	16315.623093025213	18288.155434323882	10259.928107769323	9808.283722249038	33806.27294899225	48963.82627640311	112305.90679215756	17384.5193389883	96820.30962365074	114810.5142833019	28880.894690455287	13993.382250428738	83274.71984477704	17382.74098146282	22594.182630706717	51692.7813661749	12770.07255109196	13163.590575377068	14241.126066358433	20295.031909777415	18369.521224220127	7241.3488087569895	12286.373927363558	12574.043082571048	9351.645859775379	55253.225826072114	63807.8792071697	12927.641995232087	15256.618997349395	11140.706976645688	1067107.060133583	14770.65153468616	15392.538176422582	22879.184959229584	19050.496374362476	51935.587336579	21641.619532912075	11412.796425310818	11557.4266173344	8600.998456667827	15373.811558565198	9665.67842726727	107090.88690255434	20106.663482920805
2026-07-22	15794.254797614705	29198.934060914078	22384.97744336137	20187.51165493222	22964.925034236396	189536.6961641506	6714.423574812864	12550.545231380362	138690.70311554545	11857.593968894882	26796.833096335286	33636.21460355143	78965.14946650078	103763.79856350788	7856.886123791364	14240.515299293733	48730.45930516263	16061.30973323632	14795.731736205555	45667.32804592904	35078.55215533189	20069.850562241976	11017.060338060617	3606.1894390242246	2481.473200053093	12973.515779987334	29171.557345222136	40765.996506394804	5674.791539243803	23292.903767628704	8858.78700521027	109313.91421670682	19302.17156738451	7601.223271829333	26698.07030733937	39098.747181222105	16807.49474116244	16498.98824588301	141696.1654304866	7353.281435144576	31903.691019130172	13208.139835987196	16252.780016328998	12874.738559769128	12384.095577535725	31447.10417017733	3923.3803946314465	13928.182147172138	95127.7884237622	12577.529960993748	57783.02264931534	27448.23140817233	7631.453326311841	8646.196768294347	24958.89913263514	28341.318197570665	33889.16698942016	50433.99844095437	57726.94111859908	17027.11025887728	11160.750783914831	36844.850107221566	7634.910414632431	10290.043701081187	15571.9683240425	5631.14056459404	26829.426177817033	12775.071418500138	16442.811546512607	17919.07771716194	10281.964053884662	9916.641861124519	33825.636474496125	49041.913138201555	112012.95339607878	17426.75966949415	96652.15481182537	114772.75714165095	28919.947345227643	14022.19112521437	83238.35992238851	17375.87049073141	22558.59131535336	51706.39068308745	12796.03627554598	13091.795287688534	14265.563033179216	20277.01595488871	18326.26061211006	7219.174404378495	12255.18696368178	12578.021541285525	9349.82292988769	55256.61291303606	63861.43960358485	12938.820997616043	15296.309498674698	11166.853488322844	1067198.0300667915	14787.82576734308	15357.769088211291	22941.092479614792	18874.748187181238	51806.7936682895	21620.809766456037	11409.89821265541	11565.2133086672	8580.499228333912	15356.905779282599	9643.839213633635	107100.44345127717	20155.831741460403
2026-07-23	15759.627398807352	29999.46703045704	22338.988721680686	20423.25582746611	23067.462517118198	188655.3480820753	7004.7117874064315	13111.27261569018	141847.35155777272	11975.796984447441	27225.916548167643	34130.607301775715	81892.5747332504	103656.89928175394	8178.443061895682	14247.257649646866	48155.229652581314	16100.654866618159	14910.365868102777	45423.66402296452	34779.27607766594	20199.925281120988	11501.03016903031	3670.5947195121125	2515.7366000265465	13304.257889993667	28870.778672611068	40608.4982531974	5692.395769621901	23918.951883814352	8938.893502605135	109249.45710835341	19646.085783692255	7597.611635914666	26714.035153669683	39996.87359061105	16776.247370581223	16483.994122941505	144953.0827152433	7341.640717572288	31899.345509565086	13131.569917993598	16951.390008164497	13449.869279884564	12309.547788767863	31149.052085088664	3931.1901973157233	13876.591073586069	94547.3942118811	12566.764980496875	57791.511324657666	27330.615704086165	7593.2266631559205	8668.098384147173	24847.94956631757	28208.159098785334	37022.08349471008	50054.999220477184	58181.470559299545	17106.05512943864	11235.375391957416	37272.42505361079	7797.455207316216	10337.021850540594	15534.98416202125	5635.57028229702	26862.213088908517	12782.535709250069	16188.905773256303	17387.03885858097	10257.98202694233	10073.320930562259	33755.318237248066	49363.456569100774	112056.47669803939	17425.879834747073	96534.07740591269	114798.87857082547	29292.47367261382	13987.595562607185	84510.67996119426	17369.935245365705	22543.29565767668	53908.195341543724	12816.01813777299	13060.897643844266	14183.281516589608	20171.007977444355	18092.63030605503	7208.087202189247	12172.59348184089	12538.010770642763	9336.411464943845	55265.806456518025	63598.219801792424	12884.410498808022	15262.15474933735	11140.926744161421	1067369.5150333957	14771.412883671539	15404.884544105646	22959.546239807394	18666.874093590617	51496.39683414475	21510.404883228017	11356.949106327706	11511.6066543336	8531.249614166956	15232.9528896413	9590.919606816817	107117.72172563858	20601.4158707302
2026-07-24	15730.313699403676	29097.73351522852	22197.49436084034	20077.127913733057	22886.2312585591	186372.17404103765	7059.855893703216	13183.63630784509	137096.17577888636	12212.398492223721	26607.958274083823	34625.30365088786	81381.2873666252	103350.94964087696	8176.7215309478415	14240.628824823434	47887.61482629066	15950.32743330908	14690.182934051389	45704.332011482256	34669.63803883297	20317.462640560494	11583.015084515155	3665.2973597560563	2520.3683000132733	13027.128944996834	28632.889336305532	40270.749126598705	5578.69788481095	24649.475941907178	8968.946751302567	109124.7285541767	19693.042891846126	7590.805817957333	26549.51757683484	39230.936795305526	16700.62368529061	16389.997061470753	142119.04135762167	7323.320358786144	31574.672754782543	13070.7849589968	16865.69500408225	13362.434639942283	12254.773894383932	30933.026042544334	3937.595098657862	13848.295536793034	94007.19710594055	12551.382490248438	57800.75566232883	27114.807852043083	7504.113331577961	8591.549192073588	24650.474783158785	27862.079549392667	37603.54174735504	49830.99961023859	57797.23527964977	16863.02756471932	11140.187695978708	35861.21252680539	7678.727603658108	10271.010925270297	15493.992081010625	5692.78514114851	26593.60654445426	12633.767854625035	16051.95288662815	16913.519429290485	10103.491013471164	10064.16046528113	33505.15911862403	48999.22828455039	111838.2383490197	17278.939917373536	96316.53870295634	114731.93928541274	28931.73683630691	13955.297781303592	83127.83998059713	17267.467622682852	22313.64782883834	54541.597670771866	12831.009068886495	12935.948821922133	14194.640758294805	20018.50398872218	17641.315153027514	7190.543601094623	12038.796740920445	12518.005385321381	9322.205732471923	55275.40322825901	63474.10990089621	12857.20524940401	15230.077374668675	11159.46337208071	1067495.257516698	14708.20644183577	15505.442272052824	22738.773119903697	18261.43704679531	51251.19841707237	21255.20244161401	11317.974553163853	11463.3033271668	8484.624807083477	14978.97644482065	9546.959803408408	107131.36086281929	20230.7079353651
2026-07-27	15846.656849701838	28601.86675761426	22292.24718042017	19956.56395686653	22973.11562927955	185947.08702051884	7084.927946851608	13033.818153922544	135412.08788944318	12368.19924611186	26203.97913704191	35112.65182544393	80440.6436833126	103657.97482043848	8378.36076547392	14411.314412411717	47831.30741314533	16097.66371665454	14645.091467025693	46127.16600574113	34829.819019416485	20111.231320280247	11496.507542257577	3762.648679878028	2535.1841500066366	13113.564472498416	28591.444668152766	40397.87456329935	5536.848942405475	23972.23797095359	9083.473375651283	109342.36427708835	19754.021445923063	7626.902908978666	26489.75878841742	39147.96839765276	16755.311842645307	16357.998530735376	141609.52067881083	7344.160179393072	31512.33637739127	13087.8924794984	16762.847502041124	13338.717319971141	12272.386947191966	31111.513021272167	3987.797549328931	13846.647768396517	94103.09855297027	12697.691245124219	57807.87783116441	27246.403926021543	7532.05666578898	8550.774596036794	24698.737391579394	27801.539774696335	36341.770873677524	50197.999805119296	57615.117639824886	16759.01378235966	11115.093847989354	35480.6062634027	7744.363801829054	10106.005462635148	15579.996040505313	5701.392570574255	26711.80327222713	12586.883927312518	15923.476443314075	16986.759714645243	9878.745506735582	10067.080232640565	33512.57955931201	48572.1141422752	112174.11917450985	17254.96995868677	96329.26935147817	114880.96964270636	29016.868418153455	14043.148890651795	83047.91999029857	17303.233811341426	22266.32391441917	52985.79883538593	12913.504534443247	12977.974410961066	14371.820379147402	20178.75199436109	17555.657576513757	7208.771800547312	12061.898370460221	12503.002692660692	9322.60286623596	55282.7016141295	63462.0549504481	12856.102624702005	15318.038687334338	11229.731686040355	1067598.128758349	14734.103220917885	15593.221136026412	22683.386559951847	18290.718523397656	51377.09920853619	21347.601220807002	11318.487276581927	11458.6516635834	8508.312403541739	14962.488222410324	9576.979901704204	107138.18043140965	20152.35396768255
2026-07-28	15552.828424850919	27446.93337880713	22364.623590210085	19033.281978433264	22859.057814639775	182774.04351025942	6769.9639734258035	12363.409076961272	124758.04394472159	12211.09962305593	25334.489568520956	34903.825912721964	76525.3218416563	103998.98741021924	8241.68038273696	14401.657206205859	47268.153706572666	16023.83185832727	14367.545733512847	46021.08300287057	34507.409509708246	20030.615660140124	11075.753771128788	3766.324339939014	2497.5920750033183	12606.782236249208	28353.22233407638	40100.937281649676	5445.924471202738	23341.118985476794	9019.236687825642	109501.18213854417	19627.01072296153	7644.951454489334	26357.37939420871	36906.48419882638	16697.655921322654	16130.999265367689	133339.76033940542	7357.080089696536	31043.668188695636	13068.946239749199	16146.423751020562	12774.35865998557	12256.193473595984	31120.756510636085	3978.3987746644652	13815.823884198258	93886.54927648514	12765.845622562108	57813.93891558221	27005.20196301077	7513.52833289449	8435.387298018397	24518.868695789697	27324.769887348168	33728.38543683876	50535.49990255965	55338.55881991245	16342.00689117983	10967.546923994676	32737.80313170135	7679.681900914527	9862.002731317574	15657.998020252657	5788.1962852871275	26498.401636113565	12475.94196365626	15461.738221657037	16835.879857322623	9683.872753367792	9991.040116320282	32978.78977965601	46511.0570711376	112459.55958725492	17083.984979343382	96338.13467573909	115025.48482135318	27684.934209076728	14112.074445325898	78707.95999514929	17216.616905670715	21930.161957209584	51042.89941769297	12996.752267221624	13051.487205480533	14335.9101895737	20228.875997180545	17477.828788256877	7217.885900273655	12085.44918523011	12468.001346330346	9310.30143311798	55288.85080706475	63356.02747522405	12820.551312351003	15387.019343667169	11277.365843020178	1067688.5643791745	14697.051610458942	15410.610568013206	22263.693279975923	18185.359261698828	51346.54960426809	21171.3006104035	11281.743638290964	11424.825831791699	8505.15620177087	14758.244111205162	9567.489950852101	107146.59021570483	19034.176983841273
2026-07-29	15260.91421242546	26618.466689403565	22489.811795105044	18029.140989216634	22792.028907319887	179899.5217551297	6322.481986712902	11611.704538480637	115539.02197236079	12070.549811527966	24722.244784260478	34241.91295636098	72545.16092082814	104296.99370510962	8093.34019136848	14389.82860310293	46674.07685328633	16029.415929163635	14138.772866756422	45740.541501435284	34471.20475485412	19832.80783007006	10540.376885564394	3768.162169969507	2453.796037501659	11988.391118124604	28159.11116703819	39850.46864082484	5365.462235601369	23133.059492738397	9002.118343912822	109661.59106927208	19568.505361480766	7712.975727244667	25978.689697104353	34630.74209941319	16701.32796066133	15975.499632683845	125669.88016970271	7373.540044848268	30764.334094347818	12989.4731198746	15420.711875510282	12194.679329992785	12175.596736797992	31250.378255318043	3954.1993873322326	13730.41194209913	93360.27463824257	12765.422811281054	57819.4694577911	26797.600981505384	7586.764166447245	8380.193649009198	24359.43434789485	26897.384943674086	31049.19271841938	50829.249951279824	53151.77940995622	15956.003445589915	10783.773461997338	30228.901565850676	7639.840950457264	9618.501365658787	15734.499010126328	5841.598142643564	26181.700818056783	12455.47098182813	15043.369110828518	16580.43992866131	9364.436376683896	9993.020058160142	32519.394889828003	44555.528535568796	112672.27979362746	16899.49248967169	96347.56733786955	115155.24241067658	26379.467104538366	14166.537222662948	74656.47999757464	17213.308452835357	21720.08097860479	47621.449708846485	13137.876133610811	13103.243602740265	14422.95509478685	20234.43799859027	17501.41439412844	7227.442950136828	12095.224592615055	12394.000673165174	9302.15071655899	55294.425403532376	62985.513737612026	12745.275656175501	15451.509671833584	11330.682921510088	1067773.7821895871	14653.52580522947	15222.805284006603	21831.84663998796	18265.179630849416	51120.274802134045	21073.15030520175	11209.371819145483	11353.41291589585	8467.078100885436	14636.12205560258	9525.74497542605	107153.2951078524	17904.088491920636
2026-07-30	15323.457106212729	26326.73334470178	22599.905897552522	17574.570494608317	22743.514453659944	176882.26087756484	6141.24099335645	11328.352269240318	107919.5109861804	12107.774905763983	24373.622392130237	34000.956478180495	69922.58046041407	104230.99685255482	8026.67009568424	14326.914301551464	46037.038426643165	16007.207964581818	14051.886433378211	44830.27075071764	34313.10237742706	19756.40391503503	10325.188442782197	3731.5810849847535	2444.3980187508296	11409.195559062302	28284.555583519097	39380.23432041242	5320.231117800684	23516.529746369197	9068.55917195641	109630.79553463604	19629.252680740385	7756.987863622333	25544.344848552177	33202.87104970659	16563.163980330664	15845.249816341922	120424.94008485135	7306.770022424134	30407.16704717391	12872.2365599373	15312.855937755141	12124.839664996392	12062.798368398995	31242.68912765902	3954.5996936661163	13642.705971049565	92113.63731912128	12752.711405640526	57827.23472889555	26453.800490752692	7580.882083223622	8272.596824504599	24044.717173947425	26443.692471837043	29469.59635920969	50868.62497563991	51323.38970497811	15643.001722794957	10719.386730998669	28334.450782925338	7577.420475228631	9359.250682829394	15670.249505063164	5903.299071321782	25955.85040902839	12372.735490914065	14536.68455541426	16367.719964330656	9092.218188341947	9966.510029080071	31959.697444914003	42757.7642677844	112583.63989681372	16642.246244835846	96089.28366893478	115135.12120533829	25721.733552269183	14106.268611331474	71595.73999878732	17096.65422641768	21492.540489302395	46785.72485442324	13163.438066805405	13186.621801370133	14428.977547393424	20097.218999295135	17385.70719706422	7165.721475068414	12095.112296307529	12305.000336582587	9300.575358279495	55304.712701766184	62582.75686880601	12667.63782808775	15388.754835916792	11276.341460755044	1067942.8910947936	14586.762902614735	15073.9026420033	21410.92331999398	18150.089815424708	50334.137401067026	20996.575152600875	11130.685909572741	11261.206457947925	8332.539050442718	14472.06102780129	9370.872487713026	107166.6475539262	17186.04424596032
2026-07-31	15436.228553106364	27138.36667235089	22552.452948776263	18332.285247304157	22851.75722682997	178366.13043878242	6393.120496678225	11769.17613462016	119154.7554930902	12068.88745288199	24901.81119606512	34400.47823909025	72256.29023020703	104472.99842627741	8145.83504784212	14277.957150775732	46306.01921332158	16243.603982290908	14515.943216689106	44487.63537535882	34519.05118871353	19663.201957517515	10585.094221391098	3705.7905424923765	2454.699009375415	11847.097779531152	28497.27779175955	39450.11716020621	5327.615558900342	23183.2648731846	9034.279585978205	109880.39776731802	19754.626340370192	7724.4939318111665	25662.17242427609	36006.435524853296	16664.08199016533	15755.124908170961	131557.47004242567	7285.885011212067	30881.083523586953	12798.61827996865	15723.927968877571	12454.919832498195	12003.899184199498	31141.34456382951	3954.799846833058	13551.352985524783	91540.31865956064	12696.355702820263	57836.117364447775	26499.400245376346	7542.941041611812	8243.7984122523	24037.358586973714	26659.34623591852	30497.298179604844	51110.31248781996	52684.194852489054	15791.500861397479	10832.193365499334	31352.22539146267	7536.210237614316	9454.625341414696	15509.124752531581	5809.149535660891	26017.925204514195	12366.367745457032	14450.84227770713	16298.859982165328	9283.609094170974	9933.255014540035	32139.848722457	44246.3821338922	112789.31994840686	16753.62312241792	96195.64183446739	115305.06060266914	26870.366776134593	13964.634305665737	75505.36999939366	17213.32711320884	21828.770244651198	48327.86242721162	13131.719033402704	13053.310900685066	14291.988773696712	20043.609499647566	17425.35359853211	7162.360737534207	12082.556148153764	12233.000168291293	9317.287679139747	55314.85635088309	62121.37843440301	12586.318914043875	15243.377417958396	11155.670730377522	1068067.4455473968	14593.381451307367	14974.45132100165	21752.96165999699	17950.044907712356	49951.06870053351	21038.287576300438	11071.84295478637	11200.103228973963	8274.76952522136	14557.030513900645	9308.436243856513	107188.32377696311	18460.02212298016
2026-08-03	15537.614276553182	27681.683336175447	22506.22647438813	18358.64262365208	22868.378613414985	179350.5652193912	6511.560248339112	11952.08806731008	120167.3777465451	11994.443726440995	25373.405598032557	34822.73911954512	73098.14511510351	104596.49921313871	8177.91752392106	14168.978575387866	45745.509606660795	16359.301991145454	14635.471608344553	44521.31768767941	34129.52559435676	19556.600978758757	10697.547110695548	3712.8952712461883	2469.8495046877074	12276.048889765576	28898.638895879776	39617.558580103105	5388.807779450171	22604.1324365923	8987.139792989103	109882.698883659	19677.313170185094	7683.746965905583	26011.086212138045	35968.21776242665	16674.540995082665	15627.56245408548	131036.23502121284	7262.942505606034	31138.041761793476	12754.309139984325	15709.463984438786	12379.959916249098	11971.949592099749	31140.672281914754	3944.899923416529	13518.176492762392	91092.15932978032	12596.677851410132	57843.058682223884	26599.700122688173	7571.470520805906	8124.39920612615	24151.179293486857	26812.17311795926	31268.64908980242	51006.65624390998	52952.09742624452	15900.75043069874	10886.096682749667	31556.112695731335	7573.105118807158	9522.312670707348	15441.06237626579	5762.074767830445	25896.462602257096	12340.683872728516	14000.421138853566	16371.929991082663	9321.804547085487	9891.627507270017	32269.9243612285	44598.1910669461	112819.65997420343	16869.31156120896	96196.8209172337	115375.03030133457	26873.683388067297	13908.817152832868	75372.68499969682	17331.66355660442	21999.3851223256	48846.431213605814	13110.859516701352	12946.655450342532	14198.494386848357	20034.304749823783	17715.176799266053	7135.680368767104	12136.278074076883	12219.500084145646	9325.643839569873	55322.42817544154	61968.18921720151	12553.159457021939	15173.188708979198	11107.335365188761	1068169.7227736984	14606.690725653683	14844.725660500826	21841.480829998494	17960.022453856178	49645.53435026675	21226.64378815022	11044.921477393185	11179.551614486982	8211.38476261068	14744.015256950323	9237.218121928257	107199.16188848155	18516.01106149008
2026-08-04	15573.307138276592	27983.341668087724	22448.113237194066	18671.82131182604	22849.189306707493	181460.2826096956	6730.780124169556	12366.04403365504	122003.68887327255	12199.721863220497	25539.20279901628	36061.36955977256	74734.07255755176	104703.24960656936	8401.45876196053	14121.489287693934	45422.7548033304	16424.650995572727	14647.735804172276	44763.1588438397	33897.26279717838	19613.300489379377	11151.273555347774	3816.4476356230944	2502.4247523438535	12928.024444882787	29011.819447939888	39936.27929005155	5379.403889725086	22514.56621829615	9116.069896494551	109883.8494418295	19548.656585092547	7665.873482952791	26340.543106069024	36166.608881213324	16784.770497541333	15691.28122704274	131435.61751060642	7248.971252803017	31506.520880896736	12749.654569992163	16024.731992219393	12694.97995812455	11963.474796049875	31367.836140957377	3942.4499617082647	13519.088246381196	91012.07966489016	12563.838925705066	57849.02934111194	26862.350061344085	7600.735260402953	8222.199603063074	24373.08964674343	27128.58655897963	32926.82454490121	50878.82812195499	53391.04871312226	16080.37521534937	10988.048341374833	31975.55634786567	7661.552559403579	9683.656335353673	15454.531188132896	5693.537383915223	25950.731301128548	12370.341936364257	14035.210569426783	16750.964995541333	9478.402273542742	9905.813753635008	32537.46218061425	45589.09553347305	112784.82998710172	17019.65578060448	96221.91045861685	115452.51515066728	26914.841694033646	13920.908576416434	75761.34249984841	17490.83177830221	22262.1925611628	51323.21560680291	13122.429758350676	12848.327725171266	14099.247193424178	20057.152374911893	17975.088399633027	7112.340184383552	12168.139037038442	12207.750042072823	9334.821919784936	55328.71408772077	61959.09460860075	12546.57972851097	15178.0943544896	11095.66768259438	1068263.361386849	14655.845362826842	14779.862830250413	22153.240414999247	18220.011226928087	49502.26717513338	21433.32189407511	11026.460738696593	11191.775807243492	8192.19238130534	15005.507628475161	9201.609060964129	107209.58094424078	18636.50553074504
2026-08-05	15628.653569138296	28576.670834043864	22399.05661859703	18980.91065591302	23152.094653353746	184745.14130484778	7070.390062084778	12963.02201682752	127209.34443663628	12344.860931610248	25889.601399508138	36945.68477988628	77342.03627877588	105216.62480328468	8578.229380980265	14033.744643846967	45718.8774016652	16547.32549778636	14851.367902086138	45256.57942191985	33966.13139858919	19496.65024468969	11503.136777673888	3873.223817811547	2543.7123761719267	13361.512222441394	29080.909723969944	40273.139645025774	5439.701944862543	21694.783109148077	9195.534948247276	110044.42472091474	19569.328292546274	7659.436741476396	26892.771553034512	36970.80444060666	17012.385248770668	15765.64061352137	134217.8087553032	7286.985626401509	32168.260440448368	12747.327284996081	16274.865996109696	12907.489979062275	11961.737398024938	31693.91807047869	3953.7249808541324	13482.044123190597	91349.53983244508	12554.919462852533	57854.514670555975	27133.675030672042	7627.8676302014765	8313.599801531538	24649.044823371714	27609.293279489815	34775.9122724506	51098.41406097749	54840.52435656113	16367.687607674685	11181.524170687417	32935.278173932835	7710.7762797017895	9866.828167676837	15488.765594066448	5576.768691957612	26275.365650564272	12452.670968182128	14317.60528471339	17337.982497770667	9689.201136771371	10032.906876817504	32911.23109030713	47002.04776673653	113199.91499355086	17194.82789030224	96474.95522930843	115618.75757533364	27351.420847016823	13948.954288208217	77485.6712499242	17740.415889151103	22723.596280581398	53559.10780340145	13195.714879175339	12859.163862585632	14012.123596712088	20143.576187455947	18100.04419981651	7145.170092191776	12174.06951851922	12181.875021036412	9351.910959892468	55334.357043860386	61817.04730430037	12515.789864255485	15215.0471772448	11079.83384129719	1068350.1806934245	14750.42268141342	14729.931415125207	22714.120207499625	18390.005613464044	49607.633587566685	21656.660947037555	11004.730369348297	11190.387903621746	8212.09619065267	15207.253814237582	9211.304530482064	107219.7904721204	19056.75276537252
2026-08-06	15842.326784569148	28900.83541702193	22289.528309298516	18990.455327956508	23553.547326676875	184995.0706524239	7237.695031042389	13086.51100841376	123709.67221831814	12574.930465805124	26264.80069975407	37910.34238994314	78228.51813938795	105313.31240164234	8634.114690490132	14014.372321923483	45991.9387008326	16526.16274889318	14845.68395104307	45428.28971095993	33943.065699294595	19293.325122344846	11669.068388836944	4006.611908905774	2574.3561880859634	13608.256111220697	28980.454861984974	40374.06982251289	5479.850972431272	21324.89155457404	9432.767474123637	110074.71236045737	19597.164146273135	7671.218370738197	27211.385776517258	36407.90222030333	17058.692624385334	15767.820306760685	132126.4043776516	7305.992813200754	32279.130220224186	12731.16364249804	16472.43299805485	13073.744989531137	11948.36869901247	31741.959035239342	3959.3624904270664	13458.522061595299	91426.26991622255	12537.959731426266	57862.25733527799	27204.33751533602	7556.433815100738	8339.299900765769	24719.52241168586	27652.146639744908	35307.9561362253	51191.207030488746	54905.262178280565	16428.843803837342	11260.762085343707	32015.139086966417	7675.388139850895	9850.91408383842	15478.382797033224	5555.884345978806	26722.682825282136	12396.335484091065	14441.302642356695	17508.991248885333	9617.100568385686	9966.453438408753	32935.61554515356	46636.02388336827	113132.45749677543	17209.913945151122	96596.97761465421	115606.87878766682	27116.71042350841	13925.977144104108	76922.8356249621	17822.70794457555	22796.7981402907	54179.553901700725	13202.35743958767	12849.581931292816	14073.561798356044	20184.288093727973	18120.022099908256	7156.585046095888	12169.53475925961	12143.937510518206	9360.455479946235	55342.1785219302	61726.02365215019	12492.894932127743	15181.5235886224	11025.416920648595	1068520.0903467122	14800.21134070671	14589.965707562604	22724.560103749813	18297.502806732024	49592.81679378334	21733.330473518778	10976.365184674149	11174.693951810874	8200.048095326336	15253.62690711879	9206.152265241031	107234.8952360602	18785.37638268626
2026-08-07	16162.663392284574	29050.417708510966	22139.76415464926	18645.227663978254	23816.773663338437	184827.53532621195	7266.3475155211945	13190.75550420688	121879.83610915908	12789.965232902563	26202.400349877033	38705.17119497157	78164.25906969397	105331.65620082116	8614.557345245066	13994.68616096174	46343.4693504163	16520.581374446592	14805.341975521535	45129.144855479964	34046.532849647294	19199.162561172423	11904.534194418473	4085.805954452887	2592.1780940429817	13749.128055610348	28857.727430992487	40334.53491125644	5482.425486215636	21467.44577728702	9688.883737061818	110099.85618022869	19816.082073136567	7672.109185369099	27145.69288825863	35966.45111015167	17019.34631219267	15786.410153380342	130493.2021888258	7282.996406600378	32354.565110112093	12678.08182124902	17081.216499027425	13536.872494765568	11894.184349506235	31658.47951761967	3977.181245213533	13414.26103079765	90950.63495811127	12472.479865713132	57868.628667638994	27139.668757668012	7530.716907550369	8529.649950382885	24672.26120584293	27628.573319872456	36041.47806811265	51218.10351524437	55177.63108914028	16374.421901918671	11337.881042671854	31142.56954348321	7685.194069925447	9837.95704191921	15413.191398516612	5540.442172989403	27026.341412641068	12328.167742045533	14670.651321178348	17584.495624442665	9658.550284192843	10040.726719204376	32905.30777257678	46638.01194168413	113173.72874838772	17169.95697257556	96441.98880732711	115595.93939383341	26930.355211754206	13871.988572052054	76601.41781248106	17843.853972287776	22848.39907014535	55222.27695085036	13183.178719793836	12794.790965646407	14071.780899178022	20099.644046863985	18077.511049954126	7135.292523047944	12137.267379629804	12120.468755259102	9364.727739973117	55351.0892609651	61538.01182607509	12456.447466063872	15132.2617943112	10981.208460324298	1068645.045173356	14815.105670353354	14417.482853781301	22809.780051874906	18246.25140336601	49313.90839689167	21826.66523675939	10932.182592337074	11144.346975905437	8154.524047663168	15264.813453559396	9156.076132620516	107247.4476180301	18576.688191343128
2026-08-10	16092.331696142286	29300.208854255485	22192.38207732463	18842.613831989125	24138.386831669217	185918.76766310597	7335.673757760597	13462.877752103439	121082.41805457954	12879.982616451282	26451.200174938516	40132.585597485784	79217.12953484699	105208.32810041058	8647.278672622533	14009.84308048087	47034.23467520815	16592.790687223296	14857.670987760768	45054.572427739986	34470.76642482365	19112.08128058621	12227.267097209236	4112.902977226444	2608.589047021491	14404.564027805174	28901.36371549624	40482.26745562822	5483.712743107818	21571.22288864351	9771.94186853091	109969.92809011435	20040.541036568284	7682.05459268455	27252.846444129314	35763.225555075835	17087.173156096334	15858.20507669017	129666.60109441291	7281.498203300189	32589.782555056045	12664.04091062451	17743.108249513713	14063.436247382784	11887.092174753117	31829.239758809836	4003.0906226067664	13399.630515398825	90799.81747905564	12434.739932856566	57874.31433381949	27207.334378834006	7552.858453775185	8732.324975191443	24736.130602921465	27794.286659936228	37213.23903405633	50855.05175762219	55936.31554457014	16627.210950959336	11498.940521335928	31111.284771741604	7697.597034962724	9838.978520959605	15428.095699258305	5497.721086494701	27413.170706320532	12429.083871022765	14727.825660589173	17742.247812221332	9769.275142096421	10167.863359602188	33007.65388628839	47006.50597084207	112984.36437419386	17219.97848628778	96480.99440366356	115567.9696969167	26812.677605877103	13884.994286026027	76963.20890624053	17911.926986143888	23011.699535072676	57221.13847542518	13206.089359896918	12769.895482823204	14118.390449589011	20032.322023431992	18188.755524977063	7139.6462615239725	12098.633689814902	12103.734377629551	9369.363869986559	55358.044630482545	61476.505913037545	12440.723733031937	15132.630897155599	10966.10423016215	1068747.5225866782	14827.552835176677	14401.24142689065	23054.890025937453	18295.625701683006	49261.954198445834	21928.332618379696	10927.591296168537	11131.673487952718	8146.762023831584	15322.406726779698	9146.038066310259	107258.72380901505	18487.344095671564
2026-08-11	15964.665848071143	29247.604427127742	22158.691038662313	18961.306915994563	24344.19341583461	185871.883831553	7392.836878880298	13361.43887605172	121141.20902728976	13004.99130822564	26393.100087469258	41031.29279874289	79643.5647674235	104891.66405020529	8788.639336311266	13865.921540240435	47412.117337604075	16646.39534361165	14901.335493880384	45019.78621386999	34905.38321241182	19446.040640293104	12191.13354860462	4196.451488613222	2621.7945235107454	14734.782013902586	28998.18185774812	40446.133727814115	5424.356371553909	22323.111444321756	9758.470934265455	109729.96404505718	20347.770518284142	7687.027296342275	27211.42322206466	35831.612777537914	17091.08657804817	15846.602538345085	129925.80054720645	7250.749101650094	32632.391277528022	12622.020455312255	17816.554124756854	14121.718123691393	11846.046087376559	31969.61987940492	4040.545311303383	13387.315257699413	90279.90873952782	12343.369966428283	57879.65716690975	27211.167189417003	7523.929226887592	8903.66248759572	24738.06530146073	27792.143329968116	37564.119517028164	50209.025878811095	55588.15777228507	16641.105475479668	11554.470260667964	31455.6423858708	7746.298517481362	9799.489260479802	15475.547849629153	5491.3605432473505	27674.085353160266	12417.041935511383	14753.912830294586	18118.623906110668	9752.13757104821	10101.431679801095	32953.826943144195	46670.75298542103	112637.18218709693	17222.48924314389	96304.99720183178	115523.98484845835	26839.838802938553	13928.497143013014	76686.60445312026	17935.963493071944	23038.34976753634	56160.56923771259	13262.54467994846	12727.4477414116	14261.695224794505	20018.661011715994	18216.877762488533	7106.823130761986	12064.316844907451	12090.367188814776	9366.68193499328	55364.02231524127	61405.75295651877	12425.361866515968	15187.3154485778	10995.552115081075	1068837.761293339	14843.776417588339	14300.620713445325	23069.945012968725	18337.812850841503	48946.97709922292	21994.166309189848	10907.79564808427	11117.836743976359	8090.8810119157915	15323.70336338985	9094.01903315513	107266.86190450753	18529.672047835782
2026-08-12	15806.83292403557	29456.30221356387	22014.345519331157	19138.15345799728	24512.096707917306	185655.9419157765	7491.418439440149	13420.719438025859	124970.60451364488	12974.99565411282	26389.050043734627	40840.64639937144	80091.78238371175	104738.33202510265	8769.319668155633	13768.960770120219	47583.55866880204	16673.197671805825	14970.667746940191	45149.89310693499	35100.19160620591	19753.020320146552	12275.56677430231	4375.725744306611	2628.3972617553727	14847.391006951293	29101.59092887406	40473.06686390706	5349.678185776955	22826.555722160876	9796.735467132727	109602.4820225286	20501.385259142073	7707.013648171138	27250.71161103233	36613.30638876896	17115.543289024085	15863.301269172542	132732.9002736032	7255.374550825047	32611.19563876401	12613.510227656127	17938.277062378427	14210.859061845696	11850.52304368828	32054.80993970246	4049.272655651692	13376.157628849705	90121.9543697639	12275.684983214142	57884.82858345487	27173.0835947085	7454.464613443796	8924.33124379786	24711.532650730365	27758.571664984058	37929.55975851408	49803.01293940555	55591.57888614254	16650.552737739832	11622.235130333982	32547.8211929354	7776.649258740681	9784.7446302399	15514.273924814577	5495.680271623675	27849.54267658013	12426.020967755692	14791.956415147293	18276.811953055334	9803.568785524105	10100.715839900548	32921.9134715721	46765.376492710515	112568.59109354846	17226.244621571946	96298.49860091589	115514.49242422917	27045.419401469277	13972.248571506507	77315.80222656013	17922.981746535974	23026.67488376817	56670.2846188563	13303.27233997423	12698.7238707058	14328.347612397252	20034.330505857997	18205.938881244267	7107.911565380993	11994.658422453726	12086.183594407388	9367.840967496639	55369.51115762064	61380.376478259386	12425.180933257983	15232.1577242889	11039.776057540537	1068922.8806466695	14829.38820879417	14312.810356722663	23062.472506484362	18268.90642542075	48945.98854961146	21942.083154594926	10905.397824042135	11113.41837198818	8077.940505957896	15238.851681694925	9097.509516577564	107275.93095225377	18932.83602391789
2026-08-13	15846.916462017785	29828.151106781937	21904.672759665576	19264.07672899864	24556.048353958653	186402.97095788823	7543.2092197200745	13460.35971901293	131067.80225682244	12914.99782705641	26544.525021867314	40745.32319968572	81195.89119185587	104724.16601255132	8832.159834077816	13712.98038506011	47829.27933440102	16691.598835902914	15052.833873470096	45199.9465534675	35277.59580310296	19966.510160073274	12462.783387151154	4422.862872153306	2599.1986308776864	14978.695503475647	29225.79546443703	40524.03343195353	5332.339092888477	22963.277861080438	9748.367733566363	109633.7410112643	20508.192629571036	7712.006824085569	27305.355805516163	37724.153194384475	17182.771644512042	15911.65063458627	136771.4501368016	7250.187275412523	32708.097819382005	12626.755113828063	18059.138531189215	14320.429530922847	11865.261521844139	32099.90496985123	4032.136327825846	13388.078814424853	90089.97718488195	12303.84249160707	57894.91429172744	27226.54179735425	7449.732306721899	8992.16562189893	24755.766325365184	27861.78583249203	38612.27987925704	49615.00646970277	56175.78944307127	16722.776368869916	11678.617565166991	33898.9105964677	7830.8246293703405	9814.87231511995	15573.136962407289	5477.840135811837	27942.271338290066	12388.010483877846	14900.978207573648	18313.40597652767	9901.784392762052	10057.857919950275	33035.95673578605	47617.68824635526	112674.29554677423	17290.622310785973	96359.74930045794	115574.74621211458	27377.20970073464	13996.624285753252	78705.40111328007	17943.990873267987	23090.837441884083	57612.64230942815	13343.636169987116	12666.8619353529	14364.173806198625	20072.165252929	18077.96944062213	7105.955782690497	11974.829211226863	12086.591797203695	9370.92048374832	55377.25557881032	61452.6882391297	12435.090466628992	15264.07886214445	11071.388028770269	1069134.4403233347	14834.694104397084	14346.405178361332	23226.236253242183	18174.453212710374	48990.49427480573	21921.041577297463	10921.698912021067	11141.20918599409	8090.970252978948	15176.425840847463	9096.754758288782	107290.46547612688	19420.418011958944
2026-08-14	15951.458231008892	30764.07555339097	21774.83637983279	19427.03836449932	24445.52417697933	187488.98547894412	7621.604609860037	13640.179859506465	136366.40112841123	12979.998913528205	27257.26251093366	40642.66159984286	82097.94559592794	104719.58300627566	8923.579917038907	13821.990192530055	47592.13966720051	16738.299417951457	15118.916936735048	45252.47327673375	35136.29790155148	20085.755080036637	12521.391693575577	4423.931436076653	2597.0993154388434	15054.347751737823	28910.397732218516	40592.016715976766	5343.669546444238	22921.63893054022	9799.183866783182	109629.37050563215	20359.09631478552	7749.0034120427845	27370.17790275808	38794.57659719224	17218.885822256023	15878.325317293136	140670.7250684008	7257.593637706262	32901.548909691	12640.87755691403	18427.069265594608	14585.214765461424	11877.63076092207	32277.452484925616	4052.568163912923	13384.039407212425	90121.48859244098	12419.921245803536	57904.95714586372	27318.270898677125	7374.866153360949	8886.082810949465	24832.883162682592	28023.392916246015	39056.13993962852	49582.003234851385	56412.89472153563	16751.38818443496	11671.808782583495	35069.45529823385	7767.912314685171	9834.936157559976	15632.568481203645	5443.920067905919	27783.635669145035	12351.505241938923	14822.989103786824	18696.702988263834	9910.892196381026	10001.428959975137	33170.478367893025	48118.84412317763	112654.64777338711	17362.811155392985	96492.37465022897	115574.87310605729	28016.10485036732	14048.812142876626	79725.20055664003	18006.995436633995	23230.41872094204	58066.321154714075	13393.318084993558	12728.43096767645	14382.086903099313	20108.5826264645	18073.984720311066	7109.977891345248	11954.91460561343	12084.295898601848	9376.96024187416	55388.62778940516	61443.84411956485	12437.545233314497	15325.039431072226	11112.194014385135	1069282.7201616673	14849.847052198542	14405.702589180666	23360.61812662109	18309.726606355187	49007.74713740287	21893.020788648733	10924.849456010534	11152.604592997046	8102.485126489474	15189.712920423732	9098.877379144391	107310.23273806344	19935.209005979472
2026-08-18	15941.729115504446	30562.037776695484	21762.418189916396	19031.01918224966	24572.762088489664	186694.49273947207	7550.802304930019	13505.089929753232	137088.20056420562	12912.499456764102	27183.63125546683	39858.83079992143	81696.47279796397	104367.29150313782	8761.789958519454	13861.495096265027	47658.56983360025	16669.14970897573	15144.458468367524	45166.23663836687	35193.148950775736	20362.87754001832	12435.695846787788	4391.9657180383265	2586.0496577194217	14784.673875868912	28517.69886610926	40406.00835798838	5344.334773222119	23393.31946527011	9767.091933391592	109457.18525281607	20527.04815739276	7760.001706021392	27335.08895137904	39057.28829859612	17234.44291112801	15916.662658646568	141512.8625342004	7208.79681885313	32848.2744548455	12592.938778457015	18163.534632797302	14402.607382730712	11838.815380461034	31961.226242462806	4052.7840819564617	13362.019703606213	89409.74429622048	12403.460622901768	57909.97857293186	27156.635449338562	7342.433076680474	8875.541405474733	24688.941581341296	27906.696458123006	38668.069969814256	49145.00161742569	56306.447360767816	16735.69409221748	11635.904391291748	35504.727649116925	7798.956157342585	9752.468078779988	15595.284240601823	5459.460033952959	27841.817834572517	12335.752620969462	15036.494551893411	18325.851494131915	9880.446098190514	9983.214479987568	33002.73918394651	48589.42206158882	112229.82388669356	17326.405577696492	96300.68732511449	115479.93655302864	28217.05242518366	14027.406071438312	79907.60027832002	17930.997718316998	23172.70936047102	57528.16057735703	13386.15904249678	12644.215483838225	14281.043451549656	19954.29131323225	17894.492360155535	7059.488945672624	11887.457302806715	12060.647949300925	9375.48012093708	55396.81389470258	61314.422059782424	12411.272616657248	15301.019715536113	11103.097007192568	1069396.8600808335	14829.923526099272	14417.851294590333	23140.309063310546	18134.863303177593	48593.373568701434	21721.510394324367	10889.424728005266	11123.302296498523	8034.2425632447375	15042.856460211866	9015.938689572195	107322.61636903172	20052.104502989736
2026-08-19	15832.864557752222	30076.018888347742	21733.709094958198	18410.509591124828	24486.38104424483	184219.74636973604	7492.90115246501	13227.544964876615	132739.10028210282	12838.749728382052	26636.815627733413	39451.915399960715	80543.23639898199	104373.64575156891	8530.894979259727	13804.247548132513	47499.28491680013	16567.074854487866	14982.229234183762	44673.118319183435	35226.57447538787	20581.43877000916	12422.847923393894	4375.982859019163	2563.024828859711	14644.836937934455	28178.84943305463	40013.00417899419	5299.66738661106	23589.159732635053	9721.045966695796	109493.59262640803	20431.02407869638	7775.500853010696	26832.54447568952	37976.14414929806	17144.721455564006	15638.331329323284	137536.4312671002	7209.398409426565	32606.63722742275	12531.469389228507	18041.76731639865	14298.803691365356	11776.907690230517	31698.113121231403	4038.392040978231	13286.009851803106	88929.87214811024	12410.230311450883	57917.489286465934	26895.81772466928	7246.216538340237	8777.770702737365	24451.970790670646	27538.348229061503	38389.03498490713	49110.000808712844	54975.723680383904	16410.34704610874	11485.452195645874	34322.36382455846	7676.978078671293	9538.734039389994	15546.642120300912	5502.230016976479	27570.90891728626	12147.876310484731	14648.247275946705	18025.425747065958	9605.223049095257	9836.607239993784	32506.369591973256	47282.21103079441	112257.41194334679	17163.202788848248	96333.84366255725	115514.96827651432	27672.52621259183	13999.703035719156	77933.80013916001	17860.4988591585	23001.354680235512	56656.58028867852	13437.07952124839	12622.107741919113	14293.021725774828	19854.645656616125	17699.746180077767	7059.244472836312	11766.228651403359	11991.823974650462	9367.240060468539	55400.906947351294	60964.711029891216	12335.636308328623	15269.009857768056	11083.548503596285	1069496.4300404168	14764.961763049636	14356.425647295167	22810.154531655273	17949.9316515888	48348.68678435072	21510.755197162183	10836.712364002633	11054.65114824926	7992.621281622369	14879.928230105932	8964.469344786097	107333.80818451586	19509.052251494868
2026-08-20	15514.932278876111	29705.50944417387	21791.8545474791	18527.754795562414	24873.190522122415	183202.37318486802	7523.950576232504	13053.772482438308	135119.5501410514	12839.374864191026	26265.907813866706	39833.457699980354	80016.618199491	104456.82287578445	8587.947489629863	13792.623774066256	49064.64245840006	16593.537427243933	15141.11461709188	44206.55915959172	36275.787237693934	20568.21938500458	12361.423961696946	4467.991429509581	2564.012414429855	14772.418468967227	28179.424716527315	39866.502089497095	5292.33369330553	23707.079866317526	9770.522983347899	109586.79631320402	20820.512039348192	7793.2504265053485	26418.772237844758	38575.572074649026	17172.360727782005	15476.665664661643	139738.2156335501	7254.699204713283	32585.818613711373	12480.734694614253	18065.883658199324	14304.401845682678	11735.953845115258	31864.056560615703	4028.6960204891157	13223.004925901554	89054.43607405512	12470.615155725442	57926.24464323297	26782.90886233464	7235.608269170119	8913.885351368683	24350.985395335323	27386.674114530753	38622.01749245357	49349.000404356426	54392.86184019195	16270.17352305437	11460.226097822937	35261.18191227923	7548.489039335646	9471.867019694997	15611.821060150456	5503.615008488239	27860.45445864313	12128.938155242366	14281.623637973353	17732.71287353298	9482.611524547629	9743.303619996892	32355.684795986628	46766.105515397205	112396.2059716734	17106.601394424124	96516.42183127863	115559.98413825716	27956.763106295915	14057.851517859577	77874.40006958	17865.24942957925	22988.177340117756	56303.29014433926	13552.039760624195	12638.553870959557	14529.010862887415	19734.82282830806	17742.373090038884	7106.622236418156	11705.61432570168	11947.411987325231	9375.12003023427	55410.45347367565	60687.35551494561	12282.818154164312	15332.504928884027	11135.274251798142	1069670.2150202084	14772.480881524818	14313.212823647584	22585.077265827636	17989.9658257944	48422.84339217536	21605.377598581093	10807.856182001316	11010.32557412463	8006.310640811184	14845.464115052966	8985.73467239305	107351.90409225793	19848.526125747434
2026-08-21	15497.466139438056	29295.254722086935	21820.92727373955	18373.87739778121	25234.095261061208	181458.686592434	7441.975288116252	12694.386241219154	135909.7750705257	12839.687432095514	26075.453906933355	39184.22884999018	79110.8090997455	104290.91143789222	8533.973744814932	13816.811887033127	48764.82122920003	16594.26871362197	15243.05730854594	43595.77957979586	36257.89361884697	20546.60969250229	12038.211980848473	4506.49571475479	2564.5062072149276	14426.209234483613	28189.712358263656	39573.25104474855	5323.666846652764	23996.03993315876	9775.26149167395	109490.89815660201	20902.756019674096	7792.125213252674	26059.38611892238	39200.28603732451	17076.180363891002	15440.832832330821	142016.60781677504	7252.349602356641	32415.409306855687	12417.867347307127	17712.941829099662	14004.700922841339	11675.47692255763	31749.52828030785	4036.348010244558	13164.002462950777	88528.21803702756	12515.30757786272	57935.62232161648	26538.95443116732	7222.80413458506	8879.442675684342	24130.49269766766	27130.837057265377	37378.508746226784	49312.00020217821	53861.430920095976	16100.086761527185	11467.61304891147	35865.59095613961	7461.744519667824	9373.433509847498	15562.410530075227	5534.30750424412	28155.227229321565	12054.469077621183	14105.811818986676	17218.856436766488	9328.805762273814	9759.151809998446	32037.842397993314	46293.052757698606	112260.6029858367	16978.300697212064	96434.21091563931	115512.49206912858	28290.881553147956	14010.425758929789	77772.20003479	17787.624714789625	22879.088670058878	54311.64507216963	13562.519880312098	12521.776935479778	14487.005431443707	19482.41141415403	17616.186545019442	7102.811118209078	11640.30716285084	11882.705993662616	9372.060015117135	55420.22673683782	60421.177757472804	12226.409077082157	15277.752464442014	11104.637125899071	1069799.6075101043	14736.240440762409	14174.106411823792	22372.53863291382	17867.482912897198	48148.92169608768	21455.188799290547	10765.928091000658	10953.662787062316	7961.655320405593	14744.232057526482	8936.867336196525	107365.95204612896	20161.263062873717
2026-08-24	15493.733069719028	29130.127361043465	21632.963636869776	18134.438698890604	25647.047630530604	179671.843296217	7305.9876440581265	12567.193120609576	134589.88753526285	12997.343716047757	26040.226953466678	39529.61442499509	78550.40454987275	104377.95571894612	8546.986872407466	13803.905943516564	48609.91061460001	16542.134356810984	15229.02865427297	43145.389789897934	36498.94680942348	20458.304846251143	12069.105990424236	4628.247857377395	2577.253103607464	14398.104617241806	28397.356179131828	39354.12552237428	5326.833423326382	24015.51996657938	9940.130745836974	109565.449078301	21341.378009837048	7804.062606626338	25829.69305946119	38790.14301866226	17063.090181945503	15280.416416165412	140590.80390838752	7253.67480117832	32232.70465342784	12353.933673653562	18106.47091454983	14282.350461420669	11615.238461278816	31734.764140153926	4044.6740051222787	13107.001231475388	88257.60901851379	12473.65378893136	57942.81116080824	26386.97721558366	7078.90206729253	8694.721337842171	23987.746348833833	26862.91852863269	37299.25437311339	49442.50010108911	52820.715460047984	15985.043380763593	11601.306524455735	35282.795478069806	7375.872259833912	9281.71675492375	15560.205265037614	5569.65375212206	28610.113614660782	12044.734538810591	13742.905909493338	17021.928218383244	9229.402881136906	9767.075904999223	31728.921198996657	45331.5263788493	112327.80149291834	16894.150348606032	96380.60545781965	115546.24603456429	28066.440776573978	14010.712879464894	76726.100017395	17753.81235739481	22739.544335029437	53683.322536084816	13612.25994015605	12508.38846773989	14501.002715721854	19393.705707077017	17558.093272509723	7110.905559104539	11605.15358142542	11835.852996831309	9375.030007558567	55427.61336841891	60170.5888787364	12175.704538541078	15281.876232221006	11099.318562949535	1069906.8037550522	14760.620220381204	13929.553205911896	22023.76931645691	17768.7414564486	47996.96084804384	21280.094399645273	10720.464045500328	10905.831393531158	7931.827660202796	14634.116028763241	8907.433668098263	107375.47602306449	19982.63153143686
2026-08-25	15608.866534859513	29232.563680521733	21548.981818434888	18304.719349445302	25871.023815265304	179350.92164810852	7462.993822029063	12711.096560304788	134439.94376763143	13058.671858023878	26115.11347673334	39317.307212497544	79407.70227493637	104491.47785947306	8525.993436203733	13829.952971758281	48617.455307300006	16536.067178405494	15157.014327136485	43010.19489494897	36466.97340471174	20369.15242312557	12039.552995212118	4744.123928688698	2593.6265518037317	14496.552308620903	28628.678089565914	39372.06276118714	5353.416711663191	23852.75998328969	10120.065372918487	109682.7245391505	21275.689004918524	7834.531303313169	25687.346529730596	38722.57150933113	17031.54509097275	15222.708208082706	140352.90195419377	7264.33740058916	32196.35232671392	12339.466836826781	18193.235457274917	14373.675230710334	11605.119230639408	31867.382070076965	4051.3370025611393	13098.500615737694	88222.3045092569	12497.326894465681	57948.90558040412	26370.98860779183	7024.4510336462645	8684.860668921086	23971.373174416916	26813.959264316345	37819.627186556696	49740.25005054455	52565.35773002399	15870.021690381796	11600.653262227868	35193.8977390349	7360.436129916956	9225.858377461875	15606.102632518807	5574.82687606103	28867.55680733039	11967.367269405295	13673.95295474667	16910.96410919162	9119.701440568453	9688.537952499611	31739.46059949833	45163.26318942465	112436.40074645917	16832.075174303016	96413.30272890982	115588.12301728214	28070.220388286987	14048.356439732448	76328.0500086975	17751.906178697405	22709.77216751472	53661.66126804241	13679.629970078026	12654.194233869945	14573.001357860927	19564.35285353851	17631.54663625486	7119.95277955227	11567.57679071271	11844.426498415654	9376.515003779285	55431.306684209456	60140.2944393682	12172.85226927054	15321.438116110503	11136.159281474767	1070001.9018775262	14782.810110190603	13934.776602955948	21824.384658228453	17906.870728224298	48012.980424021924	21307.547199822635	10707.732022750164	10903.41569676558	7941.413830101398	14621.05801438162	8912.716834049132	107387.73801153224	19959.815765718427
2026-08-26	15777.933267429757	28918.78184026087	21599.490909217442	18412.35967472265	25925.511907632652	178990.46082405426	7768.996911014532	12940.548280152394	134109.9718838157	13211.835929011939	25970.05673836667	39421.15360624877	80426.35113746818	104668.23892973653	8522.996718101866	13895.47648587914	49213.72765365	16588.033589202747	15148.507163568243	42767.59744747449	36933.48670235587	20172.076211562788	12047.276497606059	4792.061964344349	2646.813275901866	14488.276154310452	28679.33904478296	39371.03138059357	5354.208355831595	23306.379991644844	10230.032686459243	109851.36226957524	21517.844502459262	7849.765651656584	25661.173264865298	38853.785754665565	17025.772545486376	15256.354104041353	140876.4509770969	7289.66870029458	32148.176163356962	12352.23341841339	18106.61772863746	14336.837615355167	11617.559615319704	31908.691035038482	4045.1685012805697	13091.750307868846	88482.65225462845	12497.16344723284	57954.45279020206	26352.994303895917	7034.725516823132	8747.430334460543	23945.68658720846	26759.479632158174	38322.31359327835	50128.625025272275	52447.678865012	15857.510845190898	11627.826631113934	35194.44886951745	7392.718064958478	9282.929188730937	15604.051316259403	5579.913438030515	28958.778403665194	11948.683634702647	13731.976477373335	16665.48205459581	9112.350720284227	9714.268976249805	31737.230299749164	45046.63159471232	112648.20037322959	16851.037587151506	96543.65136445491	115636.56150864107	28276.110194143494	14047.178219866224	76279.02500434875	17750.953089348703	22682.38608375736	53658.3306340212	13673.314985039013	12642.097116934972	14604.000678930464	19647.176426769256	17620.77331812743	7146.476389776135	11631.288395356354	11846.213249207827	9379.757501889642	55435.65334210473	60110.1472196841	12168.926134635269	15328.719058055252	11144.579640737384	1070089.450938763	14803.905055095302	13934.888301477975	21822.192329114227	17985.93536411215	48170.49021201096	21293.773599911317	10710.866011375081	10912.20784838279	7973.7069150506995	14619.52900719081	8947.858417024567	107396.36900576612	20022.407882859214
2026-08-27	15904.966633714877	28376.890920130434	21542.24545460872	18463.679837361327	25895.255953816326	179290.23041202713	7951.998455507266	13255.274140076197	135419.98594190786	13173.41796450597	25542.528369183336	39355.576803124386	81053.17556873409	104926.61946486827	8493.998359050933	13928.23824293957	49439.363826825	16586.516794601375	15181.753581784122	42898.79872373724	36924.24335117794	20101.038105781394	12378.638248803029	4768.530982172175	2663.406637950933	14636.638077155225	28877.16952239148	39378.01569029679	5327.104177915798	23088.189995822424	10195.016343229621	110110.68113478762	21316.422251229633	7864.882825828292	25740.58663243265	39189.39287733278	17000.386272743188	15305.677052020677	142123.22548854846	7312.33435014729	32251.58808167848	12336.116709206695	18558.30886431873	14735.918807677583	11603.779807659852	31809.345517519243	4030.084250640285	13073.375153934423	88649.82612731423	12497.08172361642	57962.22639510103	26358.99715194796	7014.862758411566	8773.715167230272	23955.34329360423	26807.239816079087	39408.656796639174	50711.31251263614	52836.339432506	15821.255422595448	11628.913315556967	35499.724434758726	7321.3590324792385	9291.464594365469	15571.025658129702	5554.9567190152575	28844.389201832597	11886.841817351324	13948.488238686667	16980.241027297903	9136.175360142113	9662.134488124902	31818.615149874582	45500.81579735616	112926.60018661479	16868.018793575753	96631.32568222746	115738.28075432053	28419.055097071745	14014.589109933113	76914.51250217437	17785.47654467435	22761.19304187868	54694.1653170106	13665.657492519505	12606.048558467486	14537.000339465232	19681.088213384628	17532.886659063715	7169.7381948880675	11588.144197678177	11825.106624603914	9383.878750944821	55445.32667105236	60020.073609842046	12149.463067317634	15302.859529027626	11121.789820368693	1070265.2254693815	14811.952527547652	13977.444150738987	22033.596164557115	17980.467682056074	48224.74510600548	21254.38679995566	10702.93300568754	10904.603924191395	7992.35345752535	14638.764503595405	8965.429208512283	107413.18450288306	20196.70394142961
2026-08-28	16102.983316857439	28218.445460065217	21481.122727304362	18494.339918680664	25802.627976908163	179390.11520601355	7990.999227753633	13440.137070038098	135182.49297095393	13239.208982252985	25468.764184591666	39360.2884015622	81321.58778436705	104950.80973243414	8554.499179525466	13889.619121469785	49302.181913412496	16633.258397300688	15233.37679089206	42571.89936186862	36712.12167558897	20008.019052890697	12544.319124401514	4926.765491086087	2686.7033189754666	14698.319038577612	28978.58476119574	39276.50784514839	5341.052088957898	23231.594997911212	10417.50817161481	110170.34056739381	21255.711125614816	7857.441412914146	25770.293316216324	39007.19643866639	17030.193136371592	15272.838526010339	141451.61274427423	7308.667175073645	32395.79404083924	12273.058354603349	18851.654432159365	14922.959403838791	11549.389903829926	31767.17275875962	4035.0421253201425	13024.187576967211	88357.41306365712	12384.540861808211	57971.11319755051	26319.49857597398	6979.931379205783	8749.357583615136	23922.671646802115	26821.119908039545	39799.32839831959	50978.15625631807	52880.669716253	15810.627711297724	11649.456657778483	35199.86221737936	7268.179516239619	9303.232297182734	15469.51282906485	5529.978359507629	28617.1946009163	11893.420908675662	13936.744119343333	17622.62051364895	9115.587680071058	9631.067244062451	31716.80757493729	45237.90789867808	112848.30009330739	16856.50939678788	96630.66284111372	115739.14037716026	28443.527548535872	13928.794554966556	76719.75625108718	17825.238272337177	22863.09652093934	54939.5826585053	13629.328746259753	12465.524279233743	14373.500169732615	19553.044106692316	17351.44332953186	7164.369097444034	11546.57209883909	11767.053312301956	9388.439375472411	55452.66333552618	59795.03680492102	12102.231533658818	15202.929764513814	11048.394910184346	1070398.1127346908	14793.476263773826	13858.722075369493	22201.798082278558	17815.233841028035	48007.372553002744	21204.69339997783	10658.96650284377	10866.301962095698	7957.176728762675	14682.882251797702	8926.714604256142	107429.09225144153	20125.851970714804
2026-08-31	16204.49165842872	28276.72273003261	21400.56136365218	18434.669959340332	25346.31398845408	178965.05760300678	7920.4996138768165	13337.568535019049	135881.24648547696	13192.104491126493	25576.882092295833	39070.1442007811	81373.29389218352	104837.90486621707	8582.249589762734	13760.809560734891	48366.09095670625	16546.629198650342	15246.68839544603	42100.94968093431	36153.56083779449	20086.50952644535	12519.659562200757	4975.882745543044	2698.3516594877333	14674.159519288805	29046.79238059787	39040.75392257419	5343.026044478949	23638.297498955606	10523.754085807406	110142.6702836969	21327.85556280741	7875.720706457073	25650.146658108162	38973.598219333195	16922.596568185796	15231.41926300517	141388.3063721371	7301.833587536823	32415.39702041962	12224.029177301674	19253.327216079684	15213.979701919396	11497.194951914964	31678.586379379813	4049.521062660071	12984.593788483606	88014.20653182856	12283.770430904106	57975.556598775256	26224.74928798699	6939.965689602892	8617.178791807568	23838.83582340106	26758.059954019773	40019.66419915979	51062.57812815903	52387.8348581265	15805.313855648863	11602.228328889241	35102.43110868968	7136.58975811981	9241.616148591367	15398.756414532425	5532.489179753815	28021.09730045815	11781.71045433783	13923.372059671667	17671.310256824476	8967.793840035529	9465.533622031226	31565.903787468647	44843.95394933904	112824.1500466537	16780.75469839394	96567.83142055686	115717.07018858014	28381.263774267936	13868.397277483278	76139.87812554359	17817.61913616859	22874.04826046967	54189.79132925265	13613.664373129875	12397.762139616872	14251.750084866308	19481.522053346158	17335.72166476593	7161.684548722017	11480.786049419545	11735.526656150978	9381.219687736206	55458.831667763094	59600.01840246051	12066.115766829409	15130.464882256907	10992.197455092173	1070509.5563673454	14726.738131886912	13711.861037684746	22148.39904113928	17850.116920514018	47816.18627650137	21132.346699988913	10606.983251421885	10822.15098104785	7924.588364381338	14727.441125898851	8889.857302128072	107439.54612572076	20110.425985357404
2026-09-01	16344.74582921436	28260.861365016302	21312.78068182609	18422.334979670166	25108.15699422704	178875.0288015034	7815.249806938408	13193.784267509523	136343.12324273848	13118.552245563245	25608.441046147916	38652.57210039055	81186.64694609176	104553.95243310853	8578.624794881367	13619.404780367446	47968.045478353124	16520.81459932517	15253.344197723014	41680.474840467155	35784.280418897244	20270.754763222674	12384.82978110038	4885.441372771522	2721.6758297438664	14447.079759644403	29073.396190298936	38930.3769612871	5304.013022239475	23994.148749477805	10421.877042903703	109946.33514184845	21568.927781403705	7855.360353228536	25565.07332905408	39024.299109666594	16808.798284092896	15220.709631502585	141534.15318606855	7263.4167937684115	32425.19851020981	12177.014588650836	19296.663608039842	15249.489850959697	11451.097475957482	31601.793189689906	4042.2605313300355	12964.796894241803	87519.10326591428	12205.885215452054	57982.77829938763	26172.374643993495	6894.982844801446	8516.089395903784	23789.41791170053	26741.529977009886	39457.3320995799	50618.289064079516	52191.41742906325	15802.656927824431	11531.114164444622	35133.71555434484	7055.794879059905	9118.308074295684	15373.378207266212	5536.244589876907	27728.048650229073	11755.855227168915	13786.686029835833	17910.65512841224	8886.396920017763	9337.766811015612	31497.951893734324	44809.476974669524	112547.07502332685	16765.37734919697	96349.91571027844	115626.03509429007	28481.131887133968	13840.69863874164	76039.9390627718	17801.309568084296	22887.024130234837	53259.895664626325	13603.332186564938	12328.881069808436	14178.375042433154	19405.761026673077	17287.860832382965	7127.842274361008	11480.393024709772	11727.263328075489	9387.109843868104	55464.41583388155	59557.509201230256	12055.557883414705	15096.732441128454	10968.598727546087	1070610.2781836726	14693.369065943456	13585.930518842373	22189.19952056964	17710.05846025701	47511.09313825068	21001.173349994457	10565.991625710943	10807.575490523925	7866.294182190669	14734.720562949426	8833.928651064036	107447.27306286039	20154.212992678702
2026-09-02	16374.87291460718	27555.43068250815	21231.390340913043	18081.167489835083	24671.57849711352	177175.01440075168	7595.124903469205	12731.892133754762	133406.56162136924	12986.776122781623	25081.720523073956	38126.286050195275	79408.32347304588	104211.97621655426	8446.812397440684	13568.202390183724	47731.522739176566	16392.907299662584	15154.172098861507	41102.73742023358	35787.140209448626	20475.37738161134	12064.91489055019	4782.720686385761	2713.337914871933	14176.039879822201	28971.69809514947	38642.68848064355	5264.506511119737	24774.574374738902	10283.438521451852	109765.66757092423	21341.963890701853	7835.680176614268	25287.53666452704	38262.1495548333	16641.899142046448	15102.854815751292	138727.07659303426	7229.208396884205	32140.099255104906	12138.507294325418	18860.831804019923	14869.744925479848	11403.048737978741	31288.396594844955	4033.6302656650178	12944.8984471209	87020.05163295714	12149.442607726027	57986.389149693816	26016.187321996746	6817.4914224007225	8430.544697951893	23644.708955850263	26488.264988504943	38251.16604978995	50232.64453203976	51308.208714531625	15561.328463912216	11325.55708222231	34449.35777717242	6992.897439529952	9009.154037147842	15328.189103633107	5585.622294938454	27181.524325114537	11592.927613584458	13615.843014917917	17492.82756420612	8743.198460008882	9113.883405507806	31253.975946867162	44037.23848733476	112241.03751166342	16672.688674598485	96173.45785513922	115538.01754714503	28157.565943566984	13789.34931937082	74932.4695313859	17718.154784042148	22701.01206511742	51454.94783231316	13588.166093282469	12299.440534904217	14169.187521216576	19320.38051333654	17056.430416191484	7103.421137180504	11402.696512354887	11703.631664037744	9373.054921934052	55469.70791694077	59483.754600615124	12042.778941707353	15057.366220564227	10949.799363773043	1070705.1390918363	14611.684532971729	13562.965259421188	21917.099760284822	17545.029230128504	47268.54656912534	20840.586674997227	10535.495812855472	10770.287745261961	7817.147091095334	14686.360281474714	8786.464325532019	107456.1365314302	19774.60649633935
2026-09-03	16614.43645730359	27382.715341254076	21075.69517045652	17948.08374491754	24735.78924855676	176222.50720037584	7602.562451734602	12668.44606687738	131355.7808106846	12860.888061390811	24930.86026153698	37413.14302509764	78784.16173652295	104275.98810827713	8345.906198720342	13488.101195091862	47883.26136958828	16403.953649831292	15184.586049430753	40786.36871011679	35816.07010472431	20472.68869080567	11994.957445275095	4693.8603431928805	2701.6689574359666	13878.0199399111	28683.349047574735	38496.34424032178	5247.253255559868	25042.287187369453	10196.719260725926	109790.3337854621	21505.981945350926	7788.840088307134	24901.26833226352	37901.07477741665	16680.949571023222	15003.927407875646	137406.03829651713	7244.604198442103	32105.049627552453	12089.25364716271	18900.41590200996	14819.872462739924	11356.52436898937	31031.698297422477	4029.315132832509	12894.94922356045	86728.02581647856	12108.721303863014	57995.69457484691	25928.093660998373	6746.245711200361	8460.272348975946	23564.85447792513	26346.632494252473	37675.58302489498	50159.32226601988	51066.60435726581	15400.664231956107	11217.778541111154	33922.17888858621	6916.448719764976	8994.57701857392	15293.094551816554	5597.811147469227	27168.26216255727	11541.463806792228	13502.92150745896	17208.91378210306	8726.599230004442	9019.441702753902	31199.48797343358	43821.11924366738	112333.01875583171	16598.84433729924	96162.72892756961	115586.50877357251	28035.28297178349	13773.67465968541	74556.23476569295	17731.577392021074	22670.50603255871	51274.97391615658	13613.083046641234	12274.720267452109	14184.593760608288	19290.19025666827	16930.715208095742	7113.710568590252	11383.848256177444	11661.815832018872	9368.527460967027	55477.35395847038	59269.37730030756	11996.389470853675	15030.183110282112	10920.399681886522	1070892.5695459181	14588.342266485864	13511.482629710594	21706.04988014241	17600.014615064254	47152.273284562674	20747.793337498613	10502.747906427736	10719.64387263098	7797.573545547667	14682.180140737357	8767.73216276601	107475.56826571509	19602.303248169675
2026-09-04	16470.218228651793	27276.35767062704	21140.34758522826	18014.041872458773	24897.89462427838	176606.25360018792	7616.281225867301	12669.223033438691	132510.3904053423	12785.444030695406	24975.430130768487	37329.07151254882	79152.08086826147	104375.49405413857	8382.953099360171	13512.550597545931	47691.630684794145	16471.976824915648	15284.793024715376	40673.184355058394	35920.53505236216	20363.844345402835	11947.478722637548	4606.93017159644	2720.834478717983	13994.00996995555	28554.17452378737	38590.67212016089	5243.626627779934	25368.643593684727	10075.859630362964	109832.66689273105	21510.490972675463	7750.420044153567	24768.13416613176	38083.037388708326	16737.97478551161	14914.463703937823	138070.51914825855	7259.802099221051	32342.524813776225	12037.126823581355	18912.70795100498	14839.936231369962	11305.762184494684	30923.34914871124	4027.1575664162547	12832.474611780224	86387.51290823928	12148.360651931507	58005.34728742346	25954.04683049919	6745.622855600181	8447.636174487972	23592.427238962566	26408.316247126237	37712.79151244749	50132.66113300994	51165.802178632905	15387.832115978053	11148.889270555577	34431.0894442931	6880.724359882488	9032.28850928696	15245.547275908277	5553.905573734613	27224.131081278632	11525.731903396114	13286.46075372948	17129.45689105153	8718.29961500222	8909.720851376951	31359.743986716792	44295.55962183369	112569.00937791585	16609.42216864962	96206.8644637848	115633.25438678626	28127.641485891745	13725.837329842705	74698.11738284648	17838.28869601054	22832.753016279356	51237.48695807829	13630.541523320617	12229.860133726055	14172.296880304144	19332.595128334135	16917.857604047873	7123.855284295126	11341.924128088722	11590.907916009437	9371.263730483513	55486.17697923519	58982.18865015378	11938.194735426838	14979.091555141056	10873.19984094326	1071031.284772959	14599.171133242933	13523.241314855297	21800.524940071205	17687.507307532127	46989.63664228134	20778.89666874931	10463.873953213868	10669.32193631549	7775.286772773834	14734.590070368678	8738.366081383005	107490.28413285755	19693.151624084836
2026-09-07	16569.609114325896	27455.67883531352	20940.17379261413	18137.020936229386	24771.44731213919	176263.12680009397	7818.14061293365	12997.111516719346	136705.19520267117	12732.722015347703	25135.215065384244	37249.53575627441	79908.54043413073	104320.24702706929	8453.976549680086	13482.775298772965	47315.81534239707	16480.988412457824	15424.896512357689	40556.59217752919	35515.26752618108	20171.922172701416	12048.739361318774	4523.46508579822	2725.4172393589915	14154.504984977775	28472.087261893685	38437.836060080444	5216.813313889967	25706.821796842363	9905.429815181482	109836.33344636552	23255.24548633773	7768.210022076783	24759.06708306588	39124.01869435416	16753.987392755807	14844.73185196891	141800.25957412928	7247.401049610526	32451.262406888112	11948.563411790677	18888.85397550249	14837.46811568498	11225.381092247342	30519.17457435562	4018.5787832081273	12756.237305890112	85803.75645411963	12120.680325965754	58012.67364371173	25807.023415249594	6695.31142780009	8363.818087243986	23456.213619481285	26354.158123563117	38078.89575622375	50151.33056650497	51582.90108931645	15383.916057989027	11039.444635277789	35750.54472214655	6790.362179941244	9048.644254643481	15079.773637954138	5529.452786867307	26944.565540639316	11430.365951698057	13218.23037686474	16989.728445525765	8726.649807501111	8804.860425688476	31309.871993358396	44760.27981091684	112599.50468895792	16617.21108432481	96126.9322318924	115616.62719339313	28594.32074294587	13577.418664921352	75929.05869142324	17841.64434800527	22921.376508139678	51368.74347903914	13556.770761660307	12104.930066863028	14028.648440152072	19158.797564167067	16738.928802023936	7121.427642147562	11225.96206404436	11532.953958004719	9370.131865241758	55493.0884896176	58618.59432507689	11861.597367713419	14811.545777570529	10755.59992047163	1071145.1423864795	14559.585566621467	13441.620657427648	21797.762470035603	17526.253653766064	46671.31832114067	20654.448334374654	10391.936976606934	10599.660968157745	7727.143386386917	14661.29503518434	8681.183040691503	107497.64206642877	20123.075812042418
2026-09-08	16579.80455716295	27227.83941765676	20805.086896307064	18208.51046811469	24723.223656069596	176141.563400047	8044.070306466825	13111.055758359673	137650.09760133558	12661.361007673851	25067.60753269212	36839.76787813721	80254.27021706536	104292.62351353464	8386.988274840043	13462.887649386483	47042.90767119854	16472.994206228912	15457.448256178845	40533.2960887646	35447.63376309054	20165.961086350708	12011.869680659387	4439.23254289911	2727.7086196794958	14062.252492488888	28286.043630946842	38376.41803004022	5203.406656944983	26023.41089842118	9795.21490759074	109823.16672318276	22442.622743168868	7789.605011038391	24859.53354153294	39559.50934717708	16726.993696377904	14804.865925984455	143370.12978706462	7241.200524805263	32473.131203444056	11919.281705895339	18661.926987751245	14656.23405784249	11200.190546123671	30317.087287177812	4019.289391604064	12735.618652945057	85608.87822705982	12099.340162982877	58018.83682185586	25733.5117076248	6620.155713900045	8336.909043621992	23393.106809740642	26334.57906178156	37871.947878111874	50158.165283252485	51956.450544658226	15379.458028994513	10927.222317638894	36490.27236107328	6727.6810899706215	9154.32212732174	14989.38681897707	5527.226393433653	26822.28277031966	11385.182975849028	13096.61518843237	16877.36422276288	8753.324903750556	8734.930212844238	31279.935996679196	45080.13990545842	112634.75234447897	16618.605542162404	96141.9661159462	115623.31359669656	28795.660371472935	13488.209332460676	76727.02934571162	17818.322174002635	22935.68825406984	51259.37173951957	13489.885380830154	12017.465033431514	13954.324220076036	19141.898782083532	16676.964401011966	7120.213821073781	11122.98103202218	11501.47697900236	9364.565932620879	55499.0442448088	58529.297162538445	11845.798683856709	14715.272888785265	10684.299960235814	1071247.0711932397	14532.292783310733	13415.810328713824	21758.8812350178	17458.12682688303	46576.659160570336	20517.224167187327	10370.968488303468	10581.830484078873	7703.0716931934585	14605.14751759217	8665.091520345752	107508.8210332144	20348.037906021207
2026-09-09	16465.402278581474	27158.91970882838	20627.543448153534	18256.755234057346	24681.6118280348	175563.2817000235	8177.0351532334125	13345.527879179837	139852.5488006678	12590.680503836926	24923.80376634606	36674.883939068604	81154.63510853268	104243.81175676732	8285.99413742002	13460.44382469324	46561.45383559927	16458.997103114456	15513.724128089423	40366.648044382295	34883.81688154527	20150.480543175356	12148.434840329694	4374.616271449555	2711.3543098397477	14221.126246244443	28253.02181547342	38188.20901502011	5194.203328472491	26274.20544921059	9692.60745379537	109819.08336159139	22108.811371584434	7745.802505519196	24712.26677076647	40079.75467358854	16733.496848188952	14764.932962992229	145287.5648935323	7250.600262402631	32504.065601722028	11859.640852947668	19198.46349387562	15065.617028921246	11145.095273061836	29871.043643588906	4014.644695802032	12687.809326472528	85257.43911352991	12083.670081491438	58021.91841092793	25596.7558538124	6527.577856950023	8255.954521810996	23266.55340487032	26249.78953089078	38890.97393905594	50116.58264162624	52093.22527232912	15389.729014497258	10921.111158819447	37310.13618053664	6701.340544985311	9244.661063660871	14857.193409488535	5521.113196716827	26706.14138515983	11367.591487924514	12958.307594216185	16703.68211138144	8811.662451875278	8677.465106422118	31244.967998339598	45522.56995272921	112674.87617223948	16576.802771081202	96131.98305797309	115579.15679834828	28903.830185736468	13376.104666230338	77478.51467285582	17791.661087001317	22952.84412703492	51557.185869759785	13434.442690415077	11913.732516715758	13707.162110038018	18950.949391041766	16573.482200505983	7119.606910536891	10996.49051601109	11460.73848950118	9361.782966310438	55504.5221224044	58312.148581269226	11795.399341928354	14584.636444392632	10601.649980117907	1071343.0355966198	14506.146391655366	13437.905164356911	21814.440617508903	17321.563413441516	46404.829580285164	20263.612083593664	10335.484244151734	10540.915242039437	7683.535846596729	14525.073758796085	8639.545760172876	107516.9105166072	20610.518953010604
2026-09-10	16452.701139290737	27216.95985441419	20446.271724076767	18303.377617028673	24720.8059140174	175051.64085001175	8263.517576616707	13385.263939589919	140941.2744003339	12512.840251918464	24826.90188317303	36389.9419695343	81037.31755426634	104041.90587838367	8237.99706871001	13329.72191234662	45965.726917799635	16384.498551557226	15574.362064044712	40003.32402219115	34534.40844077263	20260.240271587678	12234.217420164847	4312.3081357247775	2693.177154919874	14410.563123122221	28251.51090773671	38046.604507510056	5169.601664236246	26554.602724605294	9626.303726897684	109779.5416807957	21949.40568579222	7684.901252759598	24603.633385383233	40309.87733679427	16644.248424094476	14722.466481496114	146101.28244676616	7240.300131201316	32449.532800861016	11834.820426473834	19406.73174693781	15215.308514460623	11120.047636530919	29640.521821794453	4009.8223479010157	12676.404663236264	85056.71955676496	12023.335040745718	58033.459205463965	25510.8779269062	6421.288928475011	8125.477260905498	23190.77670243516	26172.394765445388	39162.98696952797	49953.29132081312	52099.11263616456	15279.864507248629	10888.055579409724	37765.06809026832	6690.670272492655	9247.330531830436	14773.596704744268	5535.556598358413	26753.070692579917	11281.295743962257	12839.153797108092	16686.84105569072	8718.33122593764	8613.732553211059	31184.9839991698	45553.78497636461	112517.43808611974	16513.4013855406	96096.99152898655	115572.07839917415	29014.915092868236	13293.052333115169	77596.75733642791	17745.83054350066	22906.42206351746	51708.592934879896	13374.221345207538	11831.866258357879	13601.081055019009	18875.474695520883	16431.74110025299	7109.303455268446	10903.245258005545	11455.36924475059	9355.39148315522	55514.761061202196	58263.57429063461	11785.199670964177	14496.818222196316	10538.324990058954	1071530.51779831	14488.073195827683	13373.952582178455	21834.72030875445	17243.281706720758	46261.41479014258	20056.80604179683	10312.742122075866	10520.45762101972	7646.267923298365	14450.036879398041	8611.772880086439	107538.4552583036	20737.2594765053
2026-09-11	16593.35056964537	27145.979927207096	20390.635862038383	18231.688808514336	24550.4029570087	174528.32042500586	8321.758788308354	13462.631969794958	139688.13720016694	12413.920125959232	24725.950941586514	35894.97098476715	81201.15877713317	103608.45293919183	8181.498534355005	13256.86095617331	45420.36345889982	16367.249275778613	15492.181032022356	39784.16201109557	34139.70422038632	20275.12013579384	12277.108710082422	4301.154067862389	2676.588577459937	14265.28156156111	28225.755453868354	37898.30225375503	5104.800832118122	27434.80136230265	9640.651863448842	109564.77084039785	21702.20284289611	7656.450626379799	24446.816692691616	39974.93866839714	16519.624212047238	14681.233240748057	144940.64122338308	7190.150065600657	32279.766400430508	11809.910213236917	19270.865873468905	15055.154257230311	11095.02381826546	29475.260910897225	4009.911173950508	12703.202331618133	84764.85977838248	11968.16752037286	58041.72960273198	25475.4389634531	6400.644464237505	8007.738630452749	23160.38835121758	26093.697382722694	38938.99348476398	49594.14566040656	51764.55631808228	15177.432253624314	10754.027789704862	37180.03404513416	6670.335136246327	9238.665265915217	14749.298352372134	5565.278299179206	26621.53534628996	11230.647871981128	12722.076898554045	16690.92052784536	8634.16561296882	8519.36627660553	31074.991999584898	45201.892488182304	112268.71904305987	16456.7006927703	95780.99576449327	115441.03919958707	28934.457546434118	13273.526166557585	77028.37866821396	17690.41527175033	22793.21103175873	51856.79646743995	13319.110672603769	11810.933129178939	13550.540527509504	18822.73734776044	16375.870550126496	7069.151727634223	10856.622629002773	11492.684622375295	9332.195741577609	55517.3805306011	58381.78714531731	11810.099835482088	14480.409111098157	10528.662495029477	1071669.258899155	14454.03659791384	13314.476291089228	21792.360154377224	17294.14085336038	46040.207395071295	19930.903020898415	10313.871061037933	10507.72881050986	7593.133961649182	14450.01843969902	8580.38644004322	107551.7276291518	20598.62973825265
2026-09-14	16860.675284822682	26777.989963603548	20417.81793101919	18183.34440425717	24407.70147850435	173789.16021250293	8208.379394154177	13376.31598489748	135186.56860008347	12394.460062979615	24512.97547079326	35524.985492383574	80658.07938856658	103501.72646959592	8118.249267177503	13232.430478086655	44745.181729449905	16263.624637889307	15296.090516011178	39809.581005547785	33794.852110193155	20430.06006789692	12338.554355041211	4343.077033931195	2683.2942887299687	14060.140780780555	28072.877726934177	37804.151126877514	5064.900416059061	27962.400681151325	9690.325931724421	109409.88542019893	21576.101421448053	7590.2253131899	24320.90834634581	39117.46933419857	16444.81210602362	14618.116620374029	141760.32061169154	7160.075032800329	32082.383200215256	11794.955106618458	18835.432936734454	14795.077128615156	11095.011909132729	29370.130455448612	4014.455586975254	12719.101165809067	84613.42988919123	11937.58376018643	58045.86480136599	25460.219481726548	6387.822232118753	8078.869315226375	23147.69417560879	25981.848691361345	38441.99674238199	49364.57283020328	51232.27815904114	15106.216126812156	10622.01389485243	35970.01702256708	6667.667568123164	9236.832632957608	14759.649176186067	5597.639149589603	26445.76767314498	11242.823935990564	12606.038449277023	16742.96026392268	8644.58280648441	8492.183138302764	30994.99599979245	44698.44624409115	112391.85952152993	16423.350346385152	95592.99788224664	115388.01959979354	28599.22877321706	13288.263083278793	75526.68933410698	17652.707635875166	22656.605515879364	52628.39823371997	13326.555336301884	11805.46656458947	13450.270263754752	18761.36867388022	16357.935275063248	7048.575863817112	10848.311314501387	11511.342311187647	9308.097870788804	55523.69026530055	58485.89357265865	11830.049917741044	14492.204555549079	10543.33124751474	1071783.6294495775	14429.51829895692	13252.238145544614	21688.680077188612	17259.57042668019	45941.60369753565	19887.95151044921	10291.935530518967	10501.36440525493	7581.066980824591	14417.509219849511	8564.19322002161	107560.8638145759	20149.314869126327
2026-09-15	16811.83764241134	26448.994981801774	20471.408965509596	17984.172202128582	24228.850739252175	174359.58010625147	8179.189697077089	13140.65799244874	133043.28430004173	12327.230031489808	24261.48773539663	35397.49274619178	79429.03969428329	103090.86323479796	8094.124633588752	13185.215239043328	44965.09086472495	16254.312318944652	15145.54525800559	39754.79050277389	34009.92605509658	20425.03003394846	12236.777177520606	4324.038516965597	2676.6471443649843	14005.070390390278	28228.93886346709	37929.57556343876	5119.950208029531	28418.700340575662	9632.662965862211	109257.44271009947	21328.050710724026	7574.61265659495	24195.454173172904	38468.734667099285	16367.40605301181	14606.558310187014	139407.66030584578	7137.537516400164	32026.191600107628	11819.977553309229	18897.716468367227	14840.038564307579	11120.005954566364	29675.065227724306	4016.727793487627	12789.550582904532	84749.71494459562	11890.791880093215	58047.932400683	25542.609740863274	6386.411116059377	8154.4346576131875	23221.347087804395	26065.924345680673	38168.498371190995	49127.28641510164	50673.639079520566	15003.108063406078	10561.006947426216	35300.00851128354	6683.833784061582	9245.916316478804	14842.324588093034	5606.319574794801	26350.383836572488	11248.911967995282	12730.519224638512	17538.98013196134	8577.291403242205	8423.591569151382	31064.997999896223	44409.22312204557	112298.42976076496	16411.675173192576	95399.49894112331	115264.00979989677	28194.11438660853	13363.631541639395	74485.84466705349	17618.853817937583	22608.30275793968	51804.199116859985	13325.277668150942	11935.233282294736	13582.635131877376	18818.18433694011	16408.967637531623	7031.287931908556	10854.155657250692	11577.671155593824	9296.048935394403	55529.345132650276	58805.446786329325	11892.524958870523	14580.602277774538	10612.66562375737	1071885.3147247888	14427.259149478461	13166.119072772308	21619.340038594306	17642.285213340096	45994.30184876782	19961.475755224605	10313.467765259484	10542.182202627464	7605.033490412296	14516.254609924756	8586.596610010805	107567.93190728794	19817.157434563163
2026-09-16	16764.91882120567	26109.49749090089	20530.704482754798	17762.08610106429	24236.925369626086	175164.79005312573	8114.594848538544	12975.328996224369	133704.14215002087	12253.615015744905	24033.243867698315	35113.74637309589	78822.01984714164	103080.43161739898	7974.562316794376	13159.107619521663	44842.54543236247	16262.156159472326	15085.272629002795	39762.395251386944	34057.46302754829	20642.51501697423	12155.888588760303	4337.019258482798	2663.323572182492	14007.535195195138	28409.469431733545	38102.28778171938	5144.975104014766	28779.35017028783	9563.831482931106	109318.72135504973	21289.025355362013	7596.8063282974745	24197.727086586452	38489.36733354964	16308.703026505904	14690.779155093507	139503.8301529229	7128.768758200082	31980.595800053816	11882.488776654614	18781.358234183615	14770.01928215379	11180.002977283182	29875.032613862153	4020.8638967438137	12869.775291452266	85298.85747229781	11859.895940046608	58056.4662003415	25671.30487043164	6420.705558029688	8214.717328806593	23338.173543902198	26182.962172840336	38074.2491855955	49231.14320755082	50769.31953976028	15031.554031703039	10560.503473713108	35600.00425564177	6711.916892030791	9257.958158239402	14951.162294046517	5615.659787397401	26485.191918286244	11259.455983997641	13040.259612319256	18119.49006598067	8523.645701621102	8409.29578457569	31199.99899994811	44449.611561022786	112306.71488038248	16445.837586596288	95367.24947056166	115302.00489994838	28117.557193304267	13458.315770819698	74580.42233352675	17604.42690896879	22569.15137896984	50967.099558429996	13336.638834075471	12005.116641147368	13723.817565938687	18939.092168470055	16364.483818765812	7032.1439659542775	10867.077828625346	11642.835577796912	9285.024467697202	55537.17256632514	59172.72339316466	11968.762479435261	14682.30113888727	10697.332811878685	1071983.6573623945	14458.62957473923	13125.559536386154	21659.670019297155	17858.642606670048	46287.65092438391	19990.7378776123	10376.733882629742	10602.591101313732	7661.516745206148	14610.627304962378	8645.298305005403	107576.46595364397	19818.578717281584
2026-09-17	16773.959410602834	25979.748745450444	20577.852241377397	17613.543050532146	24195.962684813043	176712.39502656285	8099.797424269273	13117.664498112184	132899.57107501043	12236.807507872452	23941.621933849157	35121.87318654795	78978.50992357082	103167.71580869949	7919.781158397188	13081.553809760831	45048.772716181236	16266.078079736162	15082.636314501397	40008.69762569347	34318.731513774146	20641.257508487113	12212.944294380151	4316.009629241399	2654.161786091246	14028.767597597569	28727.234715866773	38381.14389085969	5169.987552007383	28434.675085143914	9556.915741465553	109479.36067752486	21189.512677681007	7535.903164148737	24428.863543293228	38502.18366677482	16284.351513252952	14787.889577546754	139544.41507646145	7146.884379100041	31997.797900026908	11978.744388327308	18703.179117091808	14697.509641076895	11265.001488641592	30052.516306931077	4029.931948371907	12967.387645726132	86190.9287361489	11841.447970023304	58068.23310017075	25863.15243521582	6452.852779014844	8312.358664403297	23514.0867719511	26418.981086420168	38042.12459279775	49723.07160377541	51197.15976988014	15083.27701585152	10562.751736856553	35582.50212782089	6790.958446015396	9298.979079119701	15000.581147023258	5612.8298936987	26655.095959143124	11299.727991998821	13327.629806159628	18514.745032990337	8526.822850810551	8394.647892287845	31487.499499974056	45027.30578051139	112303.35744019123	16530.418793298144	95425.62473528083	115306.00244997418	28087.278596652133	13508.157885409848	75117.71116676337	17594.713454484394	22597.07568948492	51698.549779215	13269.819417037736	12095.058320573684	13884.408782969344	18949.54608423503	16382.241909382905	7048.071982977139	10973.538914312674	11742.917788898456	9289.5122338486	55546.08628316257	59646.36169658233	12066.88123971763	14740.650569443635	10752.166405939342	1072174.8286811973	14521.814787369614	13205.279768193077	21929.835009648577	17979.321303335026	46739.325462191955	20120.36893880615	10440.866941314871	10690.295550656865	7746.258372603073	14772.813652481189	8734.149152502701	107598.23297682198	19834.28935864079
2026-09-18	16669.47970530142	26064.874372725222	20721.4261206887	17506.77152526607	24407.98134240652	178968.69751328143	8109.898712134636	13166.332249056093	135139.78553750523	12200.903753936225	23925.81096692458	35065.936593273975	79026.75496178541	103451.35790434974	7909.890579198594	13112.776904880415	45871.88635809062	16303.039039868081	15228.818157250698	40194.348812846736	35059.36575688707	20670.628754243557	12348.972147190076	4320.504814620699	2639.5808930456233	14056.883798798784	29011.117357933384	38658.071945429845	5142.493776003692	28174.837542571957	9548.457870732776	109627.18033876244	21214.756338840503	7522.951582074369	24744.431771646614	39028.591833387414	16262.175756626475	14923.944788773377	141594.70753823072	7185.94218955002	32258.898950013456	12049.372194163654	18701.589558545904	14683.754820538448	11330.000744320796	30113.75815346554	4037.465974185953	13023.693822863066	87013.46436807445	11830.223985011653	58076.616550085375	26071.576217607908	6556.426389507422	8413.67933220165	23699.54338597555	26754.490543210086	38426.06229639887	50154.0358018877	52148.579884940074	15274.13850792576	10658.875868428277	36291.251063910444	6887.979223007698	9384.48953955985	15027.79057351163	5568.914946849351	26980.047979571562	11474.86399599941	13633.814903079814	18797.37251649517	8615.911425405277	8447.323946143923	31818.74974998703	46033.6528902557	112604.17872009562	16670.209396649072	95586.3123676404	115315.50122498709	28289.139298326067	13523.578942704924	76738.8555833817	17659.856727242197	22793.53784474246	52371.7748896075	13241.909708518868	12120.029160286842	14009.704391484673	18912.273042117515	16511.120954691454	7086.035991488569	11016.769457156337	11790.958894449228	9303.7561169243	55553.043141581285	59908.180848291166	12120.940619858815	14759.825284721817	10772.083202969672	1072317.4143405985	14583.407393684807	13292.639884096538	22284.91750482429	17964.660651667513	47171.662731095974	20325.184469403073	10482.933470657435	10746.647775328433	7816.129186301537	14998.906826240594	8815.57457625135	107616.61648841099	20099.644679320394
2026-09-21	16671.23985265071	25839.93718636261	20880.71306034435	17588.385762633035	24373.99067120326	180754.3487566407	8114.949356067318	13115.666124528047	138169.89276875262	12230.451876968113	23690.405483462288	35085.46829663699	79075.8774808927	103673.17895217487	7874.945289599297	13108.388452440207	46098.44317904531	16226.519519934041	15369.40907862535	40437.174406423364	35092.182878443535	20642.81437712178	12311.986073595039	4317.75240731035	2617.2904465228116	14185.941899399393	28918.058678966692	38836.53597271492	5113.746888001846	27799.91877128598	9569.228935366387	109643.59016938122	21144.87816942025	7540.9757910371845	24847.21588582331	39729.29591669371	16241.087878313238	15034.472394386688	144139.85376911535	7200.47109477501	32516.949475006728	12062.186097081827	18510.794779272954	14529.377410269224	11340.000372160397	30016.87907673277	4042.7329870929766	13044.346911431534	87356.73218403722	11779.111992505826	58083.308275042684	26205.788108803954	6593.213194753711	8646.839666100825	23819.771692987775	27022.245271605043	38118.031148199436	50267.01790094385	53261.78994247004	15332.06925396288	10651.937934214138	37268.12553195522	6943.989611503849	9424.744769779925	15006.395286755815	5526.957473424675	27015.023989785783	11524.931997999705	13806.907451539908	18708.686258247584	8687.955712702638	8463.661973071961	32041.874874993515	46991.82644512785	112662.0893600478	16742.604698324536	95629.6561838202	115265.25061249355	28635.069649163033	13505.789471352462	78244.42779169085	17722.428363621097	22976.76892237123	52115.88744480375	13195.454854259435	12130.014580143421	14044.852195742336	18941.136521058757	16548.060477345727	7097.517995744285	11068.384728578169	11816.979447224614	9306.378058462149	55561.52157079065	59994.09042414559	12142.970309929407	14736.412642360909	10744.041601484836	1072436.2071702993	14616.703696842404	13273.819942048269	22537.458752412145	17854.830325833755	47318.33136554799	20475.092234701537	10486.466735328719	10771.823887664217	7846.064593150768	15134.453413120296	8846.287288125675	107628.30824420549	20414.822339660197
2026-09-22	16660.119926325355	25637.468593181307	20850.356530172176	17711.692881316518	24286.99533560163	182047.17437832034	8167.474678033659	13125.333062264024	140394.94638437632	12200.225938484056	23575.202741731144	34782.734148318494	79572.93874044635	103746.58947608744	7939.972644799649	13175.194226220105	45836.721589522655	16220.75975996702	15504.704539312675	40163.58720321168	34831.09143922177	20293.90718856089	12350.99303679752	4283.876203655174	2631.1452232614056	14180.470949699697	28776.529339483346	38748.26798635746	5041.873444000923	27572.45938564299	9572.114467683194	109621.79508469062	20894.939084710124	7562.987895518592	24813.607942911654	40132.14795834685	16230.543939156618	14979.736197193344	145517.42688455767	7205.235547387505	32995.97473750336	11961.093048540914	18397.897389636477	14417.188705134613	11247.500186080199	29860.939538366387	4050.8664935464885	12949.673455715767	86766.36609201861	11794.055996252913	58099.15413752134	26215.39405440198	6589.1065973768555	8673.419833050411	23809.88584649389	27221.122635802523	37981.515574099714	50141.00895047192	53960.894971235015	15323.53462698144	10588.46896710707	37826.56276597761	6911.994805751925	9382.372384889963	14873.197643377907	5438.478736712337	26730.01199489289	11564.965998999853	13813.453725769954	18819.343129123794	8738.97785635132	8444.33098653598	32088.43743749676	47410.913222563926	112698.5446800239	16788.802349162266	95599.32809191011	115297.62530624677	28801.03482458152	13386.894735676231	78934.71389584543	17848.71418181055	23325.884461185615	51675.44372240188	13179.727427129717	11967.50729007171	13962.426097871168	18768.068260529377	16526.530238672865	7098.258997872143	10984.192364289083	11720.989723612307	9305.189029231075	55575.76078539532	59542.04521207279	12051.485154964703	14610.206321180454	10638.520800742419	1072683.1035851496	14598.351848421202	13049.409971024135	22673.729376206073	17957.415162916877	46947.66568277399	20517.54611735077	10400.73336766436	10684.911943832109	7792.032296575384	15157.226706560148	8780.143644062839	107656.65412210274	20607.4111698301
2026-09-23	16493.059963162676	25351.234296590654	20715.178265086088	17783.346440658257	24270.997667800817	183516.08718916017	8043.7373390168295	12955.166531132012	142762.47319218816	12162.612969242029	23327.601370865574	34611.36707415925	79616.46937022317	104070.79473804371	7899.9863223998245	13184.597113110052	46210.86079476133	16212.87987998351	15532.352269656338	40034.29360160584	35048.045719610884	19919.453594280443	12247.996518398759	4264.438101827587	2633.072611630703	14285.235474849847	28735.76466974167	38731.63399317873	4978.4367220004615	26833.729692821493	9561.057233841597	109773.39754234531	20897.469542355062	7556.493947759296	24946.803971455825	40541.07397917342	16270.271969578309	14894.868098596671	147048.71344227885	7222.6177736937525	33382.98736875168	11923.046524270456	18328.94869481824	14371.094352567306	11208.7500930401	29812.969769183193	4049.4332467732443	12894.836727857884	86611.1830460093	11824.027998126458	58112.07706876067	26207.69702720099	6534.553298688428	8726.709916525206	23809.942923246945	27443.06131790126	38165.75778704986	50485.50447523596	54980.44748561751	15331.76731349072	10551.734483553535	38610.781382988804	6855.9974028759625	9341.18619244498	14791.598821688953	5376.739368356169	26640.005997446446	11592.482999499927	13836.726862884978	19012.171564561897	8826.988928175659	8389.66549326799	32184.21871874838	48122.95661128196	112841.77234001196	16826.901174581133	95661.16404595505	115383.81265312339	28946.01741229076	13325.447367838115	79989.85694792272	17911.857090905272	23597.94223059281	50840.22186120094	13156.863713564859	11941.253645035855	13981.213048935584	18514.03413026469	16465.765119336433	7115.629498936071	10962.096182144542	11682.494861806153	9314.594514615537	55587.88039269766	59331.02260603639	12008.242577482351	14539.603160590228	10573.26040037121	1072851.0517925748	14604.175924210602	12979.704985512068	22886.864688103036	17913.70758145844	46872.332841387	20568.773058675382	10365.36668383218	10658.955971916053	7767.016148287692	15163.613353280074	8764.57182203142	107683.32706105137	20803.70558491505
2026-09-28	16566.529981581338	25460.61714829533	20662.589132543042	17646.67322032913	23812.99883390041	183328.0435945801	7969.368669508414	12832.583265566005	141706.2365960941	12186.306484621015	23341.300685432787	34770.683537079625	79710.73468511159	103607.89736902186	7912.493161199913	13049.798556555026	45372.93039738067	16163.939939991755	15426.176134828169	40014.64680080292	34934.02285980544	19909.72679714022	12256.49825919938	4267.219050913794	2649.0363058153516	14340.117737424924	28435.382334870836	38578.31699658936	4879.21836100023	27151.864846410746	9570.528616920798	109561.69877117265	20636.23477117753	7490.746973879648	25050.901985727913	40098.03698958671	16100.135984789154	14597.434049298336	145449.35672113943	7093.808886846877	33341.49368437584	11844.023262135228	18616.97434740912	14585.547176283653	11136.87504652005	29593.9848845916	4047.216623386622	12902.418363928942	85310.59152300465	11694.013999063229	58118.538534380335	26156.348513600497	6474.776649344214	8598.354958262604	23767.47146162347	27419.03065895063	38767.87889352493	50195.252237617984	55077.723742808754	15193.38365674536	10430.867241776767	38050.3906914944	6747.998701437981	9208.09309622249	14728.299410844476	5385.869684178084	26207.502998723223	11546.241499749964	13368.363431442489	18706.08578228095	8773.49446408783	8162.332746633995	32074.60935937419	47883.97830564098	112170.88617000598	16813.450587290565	94980.08202297753	115211.9063265617	28855.50870614538	13270.223683919057	79649.92847396136	17870.928545452636	23556.471115296405	50670.110930600466	13095.43185678243	11865.626822517926	14005.606524467792	18392.017065132342	16315.382559668216	7000.314749468036	10818.54809107227	11683.247430903077	9254.297257307768	55596.440196348834	59385.5113030182	12011.621288741175	14471.801580295114	10523.630200185606	1072982.5258962875	14557.0879621053	12752.352492756034	22955.932344051518	17804.35379072922	46128.166420693495	20559.38652933769	10300.18334191609	10594.477985958027	7668.008074143846	15109.306676640037	8626.78591101571	107694.1635305257	20591.852792457525
2026-09-29	16553.264990790667	25347.808574147664	20546.29456627152	17505.836610164566	23513.999416950202	182514.02179729004	7782.184334754207	12608.791632783003	141905.61829804705	12175.653242310507	23233.15034271639	34752.841768539816	79245.3673425558	103728.94868451092	7876.246580599956	12994.899278277513	45186.46519869033	16156.969969995876	15293.088067414084	39757.32340040146	34964.51142990272	19837.36339857011	12130.74912959969	4276.109525456897	2632.018152907676	14452.558868712462	28155.19116743542	38326.65849829468	4822.109180500115	27298.432423205373	9557.764308460399	109613.34938558633	20448.117385588765	7477.873486939824	24992.950992863956	39981.51849479336	16005.067992394577	14433.717024649168	144982.1783605697	7019.404443423438	33280.74684218792	11762.011631067613	18355.98717370456	14430.273588141827	11058.437523260025	29409.4924422958	4043.608311693311	12868.70918196447	84120.29576150232	11624.506999531615	58124.26926719017	26005.67425680025	6392.388324672107	8581.677479131302	23638.735730811735	27294.515329475315	38688.939446762466	50277.62611880899	55166.36187140438	14994.19182837268	10302.933620888383	38180.1953457472	6668.99935071899	9056.546548111244	14604.149705422238	5397.934842089042	25773.751499361613	11380.620749874983	13201.681715721244	18688.042891140474	8636.747232043916	8043.666373316997	31884.804679687095	47509.48915282049	112080.44308500299	16729.225293645282	94495.04101148876	115273.45316328085	28792.75435307269	13155.11184195953	79802.46423698068	17820.46427272632	23513.2355576482	50132.55546530023	13020.215928391215	11817.813411258963	14037.803262233896	18186.00853256617	16127.691279834107	6930.157374734018	10689.274045536135	11661.623715451538	9207.148628653884	55603.22009817442	59240.2556515091	11980.810644370587	14348.400790147556	10454.315100092803	1073093.7629481438	14503.543981052651	12586.176246378018	22857.966172025757	17579.67689536461	45516.58321034675	20502.193264668844	10227.591670958045	10519.738992979013	7586.504037071923	15039.653338320019	8510.892955507854	107704.58176526285	20520.926396228762
2026-09-30	16289.132495395334	25166.404287073834	20460.64728313576	17372.918305082283	23466.9997084751	182162.01089864504	7696.092167377104	12531.895816391501	141767.80914902352	12155.326621155255	23016.575171358196	34721.42088426991	79202.68367127789	104031.97434225546	7835.623290299978	12942.449639138757	45215.73259934517	16150.984984997938	15231.544033707043	39666.161700200726	34957.25571495136	19683.681699285054	12115.374564799844	4228.054762728449	2633.509076453838	14598.779434356231	27957.59558371771	38183.32924914734	4796.054590250058	26761.71621160269	9513.8821542302	109854.17469279317	20349.05869279438	7476.4367434699125	24916.47549643198	39840.75924739668	15952.53399619729	14354.358512324583	144491.08918028485	6982.202221711719	33302.87342109396	11713.505815533807	18377.99358685228	14400.136794070913	11016.718761630013	29229.7462211479	4039.3041558466557	12836.854590982235	83470.14788075116	11619.753499765808	58127.13463359508	25915.337128400126	6331.1941623360535	8708.33873956565	23554.367865405868	27237.257664737655	39019.46972338123	50761.31305940449	55425.680935702185	14952.09591418634	10246.466810444192	38425.0976728736	6664.499675359495	9015.773274055622	14514.57485271112	5393.967421044521	25671.875749680807	11270.310374937491	12948.340857860621	18696.521445570237	8680.873616021958	7996.833186658499	31792.402339843546	47499.744576410245	112330.2215425015	16699.612646822643	94337.52050574438	115389.22658164043	28571.377176536345	13067.555920979765	80231.23211849034	17797.73213636316	23526.6177788241	49848.77773265012	12977.607964195608	11801.40670562948	14053.901631116947	18075.504266283086	16066.345639917054	6887.5786873670095	10617.137022768067	11623.31185772577	9183.574314326943	55609.110049087205	59090.12782575455	11957.905322185294	14251.700395073778	10389.657550046402	1073196.8814740719	14494.271990526326	12565.588123189009	22861.48308601288	17527.338447682305	45148.29160517338	20481.096632334422	10188.795835479023	10459.869496489508	7535.752018535962	14964.82666916001	8432.946477753927	107714.79088263142	20467.963198114383
2026-10-01	15994.566247697667	25310.702143536917	20430.32364156788	17496.45915254114	23465.99985423755	183908.50544932252	7653.046083688552	12548.44790819575	143341.40457451175	12187.663310577627	23035.7875856791	35545.71044213495	79356.34183563894	104075.98717112772	7855.311645149989	12853.72481956938	45507.86629967258	16107.992492498968	15250.772016853522	39508.08085010036	35198.62785747568	19584.340849642525	12167.687282399922	4211.527381364224	2631.754538226919	15091.889717178115	27803.797791858855	38276.66462457367	4740.527295125029	26435.858105801344	9471.9410771151	109939.58734639658	20254.52934639719	7465.718371734956	25085.73774821599	40105.37962369834	15908.766998098645	14329.679256162291	145430.54459014244	6923.60111085586	33591.43671054698	11699.252907766902	18498.99679342614	14532.568397035457	11000.859380815007	29157.37311057395	4037.152077923328	12848.427295491118	83055.07394037559	11564.876749882904	58138.56731679754	25940.168564200063	6310.597081168027	8756.669369782825	23582.183932702934	27496.128832368828	39507.23486169062	50935.656529702246	56527.84046785109	14998.547957093171	10238.233405222096	39187.5488364368	6669.7498376797475	9092.886637027812	14417.28742635556	5344.4837105222605	25663.437874840405	11265.155187468747	12806.67042893031	18948.26072278512	8765.436808010978	7993.41659332925	31881.201169921773	48077.37228820512	112235.11077125075	16727.30632341132	94181.26025287219	115464.61329082021	28548.188588268174	12973.777960489882	81488.11605924516	17811.36606818158	23735.808889412052	50174.388866325055	12868.803982097805	11745.70335281474	13994.450815558474	17982.75213314154	16088.172819958527	6833.789343683505	10566.068511384034	11626.655928862885	9166.787157163471	55622.0550245436	59137.563912877275	11966.452661092648	14135.850197536889	10319.828775023201	1073435.940737036	14504.635995263163	12557.794061594504	23115.74154300644	17608.669223841152	44859.14580258669	20608.04831616721	10184.397917739512	10437.434748244754	7490.37600926798	15047.413334580004	8366.473238876963	107737.39544131572	20606.48159905719
2026-10-02	15874.783123848832	25455.35107176846	20160.161820783942	17548.22957627057	23452.999927118777	183481.75272466126	7626.523041844276	12519.223954097875	144610.70228725587	12143.831655288814	23077.89379283955	35582.855221067475	79820.67091781947	104465.49358556386	7882.655822574994	12804.36240978469	45053.93314983629	16011.496246249484	15275.386008426762	39436.54042505018	34754.31392873784	19704.670424821263	12331.343641199961	4143.263690682112	2615.8772691134595	15285.944858589057	27494.39889592943	38110.83231228683	4682.763647562515	26672.929052900672	9435.97053855755	110189.79367319829	20152.264673198595	7477.859185867478	25132.868874107997	40345.189811849166	15916.883499049323	14174.839628081147	146310.27229507122	6901.80055542793	33595.71835527349	11687.126453883451	18836.99839671307	14806.28419851773	10982.929690407504	28966.186555286975	4041.076038961664	12811.713647745559	82632.5369701878	11487.438374941452	58151.78365839877	25860.084282100033	6222.798540584014	8718.334684891412	23506.091966351465	27440.564416184414	40211.117430845305	51305.32826485112	56713.92023392554	14914.273978546586	10224.116702611049	39543.774418218396	6629.874918839874	9006.443318513906	14373.64371317778	5342.241855261131	25589.218937420203	11192.577593734373	12695.835214465154	19061.63036139256	8735.218404005489	7944.208296664625	31755.600584960885	48081.18614410256	112592.55538562537	16706.15316170566	94188.1301264361	115657.3066454101	28599.094294134087	12924.388980244941	81609.05802962258	17798.18303409079	23747.904444706026	51212.19443316253	12859.401991048902	11637.85167640737	13787.225407779237	17876.37606657077	16014.086409979263	6806.894671841752	10488.034255692017	11603.327964431443	9155.893578581736	55631.0275122718	58976.28195643864	11935.726330546324	14095.425098768445	10289.9143875116	1073600.470368518	14499.81799763158	12543.897030797252	23057.87077150322	17449.334611920574	44607.072901293344	20449.024158083605	10167.198958869756	10401.217374122378	7445.18800463399	14986.206667290002	8318.236619438481	107758.69772065786	20730.740799528598
2026-10-06	15797.391561924416	25560.175535884227	20030.08091039197	17489.114788135284	23288.99996355939	184365.87636233063	7603.2615209221385	12517.111977048939	146702.85114362795	12131.915827644407	23073.946896419773	35933.927610533734	80517.83545890974	104637.74679278192	7896.327911287497	12722.181204892346	44876.966574918144	16013.248123124742	15480.19300421338	39478.270212525094	34532.15696436892	19849.83521241063	12440.67182059998	4139.131845341056	2615.43863455673	15710.472429294528	27219.699447964715	38095.416156143416	4696.3818237812575	26321.464526450334	9432.985269278775	110294.89683659915	20261.132336599298	7488.929592933739	25366.434437054	40255.09490592458	16018.441749524662	14107.419814040573	145952.6361475356	6863.400277713965	33892.85917763675	11626.063226941726	19613.499198356534	15395.642099258865	10921.46484520375	29058.093277643486	4038.038019480832	12765.856823872778	82053.7684850939	11368.719187470726	58155.89182919938	25917.542141050017	6198.899270292007	8754.167342445706	23555.545983175733	27572.782208092205	41330.55871542265	51452.66413242556	57359.46011696277	14957.136989273293	10354.558351305524	39826.8872091092	6594.937459419937	9038.221659256953	14306.82185658889	5296.120927630565	25279.6094687101	11181.288796867186	12572.917607232577	19338.315180696278	8817.609202002744	7912.104148332312	31842.800292480442	48358.093072051284	112808.77769281268	16750.57658085283	94066.56506321805	115741.15332270505	28504.547147067045	12869.69449012247	82297.0290148113	17896.591517045395	23953.952222353015	50883.59721658126	12849.70099552445	11591.425838203686	13703.61270388962	17815.688033285383	16009.543204989632	6770.947335920876	10441.517127846007	11566.663982215721	9147.946789290869	55638.0137561359	58768.14097821932	11892.863165273162	14035.212549384221	10222.4571937558	1073730.235184259	14479.90899881579	12556.948515398626	23191.43538575161	17437.167305960287	44216.03645064667	20649.5120790418	10116.099479434877	10353.108687061189	7380.094002316995	15035.603333645002	8241.61830971924	107771.84886032893	20700.3703997643
